0.000000000000000000e+00,0.000000000000000000e+00,1.598119733302663381e-01,6.637130160529015610e-01,0.000000000000000000e+00,7.479873209633709497e-01,0.000000000000000000e+00,-2.941297420986618283e-01,4.737286330882503095e-03,-1.326690936689396347e-03,2.641296120774659917e-01,4.300042254408407982e-02,-4.824476482933573625e-03,-2.651934179746755493e-01,6.154305126327436030e-03,-3.144276505901493542e-03,1.809080933502985045e-01,7.750472236411277971e-02,-6.836346140805756900e-03,1.849534514881427108e-03,3.894717071273974367e-03,-3.242895019816425806e-01,3.870620555221654935e-01,1.693457734285187255e-01,-1.565786096964217888e-01,-5.902451051907594559e-01,1.299651891550602789e+00,1.513832238262359797e-01,1.248698695255016533e+00,3.491489997152485980e-01,-1.073087094500915217e-01,6.960361737615258781e-02,-5.908880536715338527e-01,-1.656898832415713452e+00,1.004484344845384541e-01,-1.229791480961182515e+00
1.259394310870234439e-05,0.000000000000000000e+00,1.597533537358329092e-01,6.637130160529026712e-01,5.160312887948598507e-18,7.479873209633700615e-01,5.160312887948598507e-18,-2.941297420986618283e-01,4.737286330882503095e-03,-1.326690936689396347e-03,2.641296120774659917e-01,4.300042254408407982e-02,-4.824476482933573625e-03,-2.651934179746755493e-01,6.154305126327436030e-03,-3.144276505901493542e-03,1.809080933502985045e-01,7.750472236411277971e-02,-6.836346140805756900e-03,1.849534514881427108e-03,3.894717071273974367e-03,-3.242895019816425806e-01,3.870620555221654935e-01,1.693457734285187255e-01,-1.565786096964217888e-01,-5.902451051907594559e-01,1.299651891550602789e+00,1.513832238262359797e-01,1.248698695255016533e+00,3.509178468173876908e-01,-1.073765788490262246e-01,6.981237167668247201e-02,-5.924600591814852546e-01,-1.656874803428748155e+00,1.003559823923292071e-01,-1.229979818020825233e+00
4.863867683360906073e-05,0.000000000000000000e+00,1.595855804138338052e-01,6.637130160529026712e-01,5.160312887948598507e-18,7.479873209633700615e-01,5.160312887948598507e-18,-2.941297420986618283e-01,4.737286330882503095e-03,-1.326690936689396347e-03,2.641296120774659917e-01,4.300042254408407982e-02,-4.824476482933573625e-03,-2.651934179746755493e-01,6.154305126327436030e-03,-3.144276505901493542e-03,1.809080933502985045e-01,7.750472236411277971e-02,-6.836346140805756900e-03,1.849534514881427108e-03,3.894717071273974367e-03,-3.242895019816425806e-01,3.870620555221654935e-01,1.693457734285187255e-01,-1.565786096964217888e-01,-5.902451051907594559e-01,1.299651891550602789e+00,1.513832238262359797e-01,1.248698695255016533e+00,3.526866939195267836e-01,-1.074444482479609136e-01,7.002112597721235621e-02,-5.940320646914366565e-01,-1.656850774441782859e+00,1.002635303001199601e-01,-1.230168155080467729e+00
1.055285577729196586e-04,0.000000000000000000e+00,1.593207815562207863e-01,6.637130160529026712e-01,5.160312887948598507e-18,7.479873209633700615e-01,5.160312887948598507e-18,-2.941297420986618283e-01,4.737286330882503095e-03,-1.326690936689396347e-03,2.641296120774659917e-01,4.300042254408407982e-02,-4.824476482933573625e-03,-2.651934179746755493e-01,6.154305126327436030e-03,-3.144276505901493542e-03,1.809080933502985045e-01,7.750472236411277971e-02,-6.836346140805756900e-03,1.849534514881427108e-03,3.894717071273974367e-03,-3.242895019816425806e-01,3.870620555221654935e-01,1.693457734285187255e-01,-1.565786096964217888e-01,-5.902451051907594559e-01,1.299651891550602789e+00,1.513832238262359797e-01,1.248698695255016533e+00,3.544555410216658209e-01,-1.075123176468956165e-01,7.022988027774224040e-02,-5.956040702013880583e-01,-1.656826745454817784e+00,1.001710782079107132e-01,-1.230356492140110447e+00
1.806579425248336270e-04,0.000000000000000000e+00,1.589710853549455294e-01,6.637130160529026712e-01,5.160312887948598507e-18,7.479873209633700615e-01,5.160312887948598507e-18,-2.941297420986618283e-01,4.737286330882503095e-03,-1.326690936689396347e-03,2.641296120774659917e-01,4.300042254408407982e-02,-4.824476482933573625e-03,-2.651934179746755493e-01,6.154305126327436030e-03,-3.144276505901493542e-03,1.809080933502985045e-01,7.750472236411277971e-02,-6.836346140805756900e-03,1.849534514881427108e-03,3.894717071273974367e-03,-3.242895019816425806e-01,3.870620555221654935e-01,1.693457734285187255e-01,-1.565786096964217888e-01,-5.902451051907594559e-01,1.299651891550602789e+00,1.513832238262359797e-01,1.248698695255016533e+00,3.562243881238049137e-01,-1.075801870458303194e-01,7.043863457827212460e-02,-5.971760757113394602e-01,-1.656802716467852488e+00,1.000786261157014662e-01,-1.230544829199753165e+00
2.714211876875506028e-04,0.000000000000000000e+00,1.585486200019598502e-01,6.637130160529026712e-01,5.160312887948598507e-18,7.479873209633700615e-01,5.160312887948598507e-18,-2.941297420986618283e-01,4.737286330882503095e-03,-1.326690936689396347e-03,2.641296120774659917e-01,4.300042254408407982e-02,-4.824476482933573625e-03,-2.651934179746755493e-01,6.154305126327436030e-03,-3.144276505901493542e-03,1.809080933502985045e-01,7.750472236411277971e-02,-6.836346140805756900e-03,1.849534514881427108e-03,3.894717071273974367e-03,-3.242895019816425806e-01,3.870620555221654935e-01,1.693457734285187255e-01,-1.565786096964217888e-01,-5.902451051907594559e-01,1.299651891550602789e+00,1.513832238262359797e-01,1.248698695255016533e+00,3.579932352259440065e-01,-1.076480564447650085e-01,7.064738887880199492e-02,-5.987480812212908621e-01,-1.656778687480887191e+00,9.998617402349221917e-02,-1.230733166259395883e+00
3.752126498592699513e-04,0.000000000000000000e+00,1.580655136892154533e-01,6.637130160529026712e-01,5.160312887948598507e-18,7.479873209633700615e-01,5.160312887948598507e-18,-2.941297420986618283e-01,4.737286330882503095e-03,-1.326690936689396347e-03,2.641296120774659917e-01,4.300042254408407982e-02,-4.824476482933573625e-03,-2.651934179746755493e-01,6.154305126327436030e-03,-3.144276505901493542e-03,1.809080933502985045e-01,7.750472236411277971e-02,-6.836346140805756900e-03,1.849534514881427108e-03,3.894717071273974367e-03,-3.242895019816425806e-01,3.870620555221654935e-01,1.693457734285187255e-01,-1.565786096964217888e-01,-5.902451051907594559e-01,1.299651891550602789e+00,1.513832238262359797e-01,1.248698695255016533e+00,3.597620823280830993e-01,-1.077159258436997114e-01,7.085614317933187911e-02,-6.003200867312422639e-01,-1.656754658493921895e+00,9.989372193128297217e-02,-1.230921503319038379e+00
4.894266856381912414e-04,0.000000000000000000e+00,1.575338946086640712e-01,6.637130160529026712e-01,5.160312887948598507e-18,7.479873209633700615e-01,5.160312887948598507e-18,-2.941297420986618283e-01,4.737286330882503095e-03,-1.326690936689396347e-03,2.641296120774659917e-01,4.300042254408407982e-02,-4.824476482933573625e-03,-2.651934179746755493e-01,6.154305126327436030e-03,-3.144276505901493542e-03,1.809080933502985045e-01,7.750472236411277971e-02,-6.836346140805756900e-03,1.849534514881427108e-03,3.894717071273974367e-03,-3.242895019816425806e-01,3.870620555221654935e-01,1.693457734285187255e-01,-1.565786096964217888e-01,-5.902451051907594559e-01,1.299651891550602789e+00,1.513832238262359797e-01,1.248698695255016533e+00,3.615309294302221366e-01,-1.077837952426344004e-01,7.106489747986176331e-02,-6.018920922411935548e-01,-1.656730629506956820e+00,9.980126983907372518e-02,-1.231109840378681097e+00
6.114576516225137979e-04,0.000000000000000000e+00,1.569658909522574364e-01,6.637130160529026712e-01,5.160312887948598507e-18,7.479873209633700615e-01,5.160312887948598507e-18,-2.941297420986618283e-01,4.737286330882503095e-03,-1.326690936689396347e-03,2.641296120774659917e-01,4.300042254408407982e-02,-4.824476482933573625e-03,-2.651934179746755493e-01,6.154305126327436030e-03,-3.144276505901493542e-03,1.809080933502985045e-01,7.750472236411277971e-02,-6.836346140805756900e-03,1.849534514881427108e-03,3.894717071273974367e-03,-3.242895019816425806e-01,3.870620555221654935e-01,1.693457734285187255e-01,-1.565786096964217888e-01,-5.902451051907594559e-01,1.299651891550602789e+00,1.513832238262359797e-01,1.248698695255016533e+00,3.632997765323612294e-01,-1.078516646415691033e-01,7.127365178039164750e-02,-6.034640977511449567e-01,-1.656706600519991524e+00,9.970881774686447818e-02,-1.231298177438323815e+00
7.386999044104374879e-04,0.000000000000000000e+00,1.563736309119473922e-01,6.637130160529026712e-01,5.160312887948598507e-18,7.479873209633700615e-01,5.160312887948598507e-18,-2.941297420986618283e-01,4.737286330882503095e-03,-1.326690936689396347e-03,2.641296120774659917e-01,4.300042254408407982e-02,-4.824476482933573625e-03,-2.651934179746755493e-01,6.154305126327436030e-03,-3.144276505901493542e-03,1.809080933502985045e-01,7.750472236411277971e-02,-6.836346140805756900e-03,1.849534514881427108e-03,3.894717071273974367e-03,-3.242895019816425806e-01,3.870620555221654935e-01,1.693457734285187255e-01,-1.565786096964217888e-01,-5.902451051907594559e-01,1.299651891550602789e+00,1.513832238262359797e-01,1.248698695255016533e+00,3.650686236345003222e-01,-1.079195340405037923e-01,7.148240608092153170e-02,-6.050361032610963585e-01,-1.656682571533026449e+00,9.961636565465523119e-02,-1.231486514497966311e+00
8.685478006001616904e-04,0.000000000000000000e+00,1.557692426796855600e-01,6.637130160529026712e-01,5.160312887948598507e-18,7.479873209633700615e-01,5.160312887948598507e-18,-2.941297420986618283e-01,4.737286330882503095e-03,-1.326690936689396347e-03,2.641296120774659917e-01,4.300042254408407982e-02,-4.824476482933573625e-03,-2.651934179746755493e-01,6.154305126327436030e-03,-3.144276505901493542e-03,1.809080933502985045e-01,7.750472236411277971e-02,-6.836346140805756900e-03,1.849534514881427108e-03,3.894717071273974367e-03,-3.242895019816425806e-01,3.870620555221654935e-01,1.693457734285187255e-01,-1.565786096964217888e-01,-5.902451051907594559e-01,1.299651891550602789e+00,1.513832238262359797e-01,1.248698695255016533e+00,3.668374707366393594e-01,-1.079874034394384952e-01,7.169116038145141589e-02,-6.066081087710477604e-01,-1.656658542546061152e+00,9.952391356244598419e-02,-1.231674851557609029e+00
9.983956967898860013e-04,0.000000000000000000e+00,1.551648544474237557e-01,6.637130160529026712e-01,5.160312887948598507e-18,7.479873209633700615e-01,5.160312887948598507e-18,-2.878610595861816890e-01,4.744876947226265608e-03,-1.296580904927050045e-03,2.613964074915097746e-01,3.951067144643866796e-02,-4.823473221735666283e-03,-2.590703810458369616e-01,6.167032274991775254e-03,-3.104116155588241589e-03,1.784696823016397316e-01,7.387221142926057860e-02,-6.829336007396248631e-03,1.812139773557965884e-03,3.890636117812501776e-03,-3.247561611239572765e-01,4.029060123000552385e-01,1.702502463608963346e-01,-1.583433366529997943e-01,-6.015057361228982602e-01,1.300386297102514632e+00,1.495004242451136722e-01,1.252393081894465299e+00,3.870675994881643822e-01,-1.085306301483223851e-01,7.423468279427071492e-02,-6.223987752112046801e-01,-1.656444729156875129e+00,9.854568290820599208e-02,-1.235547643773517779e+00
1.125637949577809691e-03,0.000000000000000000e+00,1.545725944071136559e-01,6.637130160529026712e-01,5.160312887948598507e-18,7.479873209633700615e-01,5.160312887948598507e-18,-2.870621365865491104e-01,4.745844346351406687e-03,-1.292743480261380855e-03,2.610480695429740483e-01,3.906591412951389980e-02,-4.823345359390731300e-03,-2.582900200975344340e-01,6.168654308292617974e-03,-3.098997850828877441e-03,1.781589148213205132e-01,7.340925983991195003e-02,-6.828442588914708337e-03,1.807439341983138516e-03,3.891142621482432569e-03,-3.248157540338753035e-01,4.049256070461702550e-01,1.703655517040533751e-01,-1.585676960983708472e-01,-6.029401993405107962e-01,1.300478516953981201e+00,1.492601729104553743e-01,1.252864828871211422e+00,3.912140724973501293e-01,-1.086649239709690795e-01,7.473851837153974720e-02,-6.257479065870186208e-01,-1.656388534917017985e+00,9.833929112361754210e-02,-1.236265421849240154e+00
1.247668915562132139e-03,0.000000000000000000e+00,1.540045907507070488e-01,6.637130160529026712e-01,5.160312887948598507e-18,7.479873209633700615e-01,5.160312887948598507e-18,-2.862959339828051730e-01,4.746772125034574505e-03,-1.289063219745843715e-03,2.607139979950592878e-01,3.863937212932411214e-02,-4.823222733728877408e-03,-2.575416193245883001e-01,6.170209910195474830e-03,-3.094089169472622521e-03,1.778608750193745314e-01,7.296526872521323648e-02,-6.827585760951182872e-03,1.802934890039436643e-03,3.891827608996335612e-03,-3.248729434763329427e-01,4.068625546208490817e-01,1.704761403750441606e-01,-1.587827575661495683e-01,-6.043157772251926962e-01,1.300566695409016482e+00,1.490297095072837807e-01,1.253317425591545797e+00,3.952679773339869418e-01,-1.087977469424875054e-01,7.522982465889267722e-02,-6.290173891604119438e-01,-1.656332052548181943e+00,9.813742261512570231e-02,-1.236973194180515767e+00
1.361882951341053917e-03,0.000000000000000000e+00,1.534729716701556668e-01,6.637130160529026712e-01,5.160312887948598507e-18,7.479873209633700615e-01,5.160312887948598507e-18,-2.855788119728957519e-01,4.747640473054764651e-03,-1.285618705455503349e-03,2.604013260480794179e-01,3.824015310423498765e-02,-4.823107963091628238e-03,-2.568411588146781166e-01,6.171665865001350719e-03,-3.089494923221040336e-03,1.775819267349915409e-01,7.254971832248779950e-02,-6.826783818764679650e-03,1.798721365369255337e-03,3.892678227229068571e-03,-3.249265108219523968e-01,4.086754974516303984e-01,1.705796509971058972e-01,-1.589839276758815145e-01,-6.056030956990943181e-01,1.300648947686798174e+00,1.488139552787455244e-01,1.253741208653089689e+00,3.991805632834285467e-01,-1.089277284043638216e-01,7.570256830963507932e-02,-6.321709311866263725e-01,-1.656275960256020863e+00,9.794241600148261007e-02,-1.237659955183977534e+00
1.465674413512772778e-03,0.000000000000000000e+00,1.529898653574112699e-01,6.637130160529026712e-01,5.160312887948598507e-18,7.479873209633700615e-01,5.160312887948598507e-18,-2.849271307547653342e-01,4.748429580190983122e-03,-1.282488519465423832e-03,2.601171869023453098e-01,3.787736471261384658e-02,-4.823003665820516095e-03,-2.562046186554819416e-01,6.172988957011254010e-03,-3.085319923775684849e-03,1.773284338073577993e-01,7.217208886906079091e-02,-6.826055057614207819e-03,1.794893820363508124e-03,3.893675680038517772e-03,-3.249752360170412024e-01,4.103230759389988602e-01,1.706737220386504439e-01,-1.591666163636256404e-01,-6.067727848831901971e-01,1.300723396830280265e+00,1.486178328874404597e-01,1.254126509704078352e+00,4.029029362056222863e-01,-1.090534575740383511e-01,7.615072834660668866e-02,-6.351724479006117807e-01,-1.656220985583191307e+00,9.775661269368900175e-02,-1.238314349033742268e+00
1.556437658675489943e-03,0.000000000000000000e+00,1.525674000044255629e-01,6.637130160529026712e-01,5.160312887948598507e-18,7.479873209633700615e-01,5.160312887948598507e-18,-2.843572505263580741e-01,4.749119636222235916e-03,-1.279751243850665767e-03,2.598687137581670581e-01,3.756011461282836306e-02,-4.822912460257074152e-03,-2.556479789346786657e-01,6.174145970526190470e-03,-3.081668982838115228e-03,1.771067600756616733e-01,7.184186060225622450e-02,-6.825417772758773927e-03,1.791547478140303930e-03,3.894795179356758986e-03,-3.250178974516223507e-01,4.117639284354540630e-01,1.707559918175402258e-01,-1.593262369268801104e-01,-6.077954791962594250e-01,1.300788173751020071e+00,1.484462663861072784e-01,1.254463655454486792e+00,4.063860575392454488e-01,-1.091734833587895276e-01,7.656829612036868127e-02,-6.379860615452213057e-01,-1.656167905558874054e+00,9.758235691142773394e-02,-1.238924668730642997e+00
1.631567043427404034e-03,0.000000000000000000e+00,1.522177038031503338e-01,6.637130160529026712e-01,5.160312887948598507e-18,7.479873209633700615e-01,5.160312887948598507e-18,-2.838855314856195688e-01,4.749690830927531630e-03,-1.277485460686299517e-03,2.596630398158578656e-01,3.729751046324463609e-02,-4.822836964742838184e-03,-2.551872197399471243e-01,6.175103689847165865e-03,-3.078646912109889774e-03,1.769232693790908084e-01,7.156851375939857207e-02,-6.824890259457386255e-03,1.788777798991612747e-03,3.896005896107582796e-03,-3.250532718265846110e-01,4.129566912244811983e-01,1.708240985053976202e-01,-1.594582060697333215e-01,-6.086418174544322435e-01,1.300841417274093637e+00,1.483041811880614347e-01,1.254742967687370703e+00,4.095807433029705624e-01,-1.092863141676749528e-01,7.694927526923744932e-02,-6.405761013998554354e-01,-1.656117546849902977e+00,9.742199570012508025e-02,-1.239478855168509419e+00
1.688456924366714537e-03,0.000000000000000000e+00,1.519529049455372871e-01,6.637130160529026712e-01,5.160312887948598507e-18,7.479873209633700615e-01,5.160312887948598507e-18,-2.835283338304930845e-01,4.750123354085877998e-03,-1.275769752047382433e-03,2.595072982757262725e-01,3.709865992223113085e-02,-4.822779797619340496e-03,-2.548383211589648756e-01,6.175828899275188563e-03,-3.076358523292559415e-03,1.767843255568308236e-01,7.136152857781330461e-02,-6.824490812969052217e-03,1.786680547302312320e-03,3.897270910948021430e-03,-3.250801340199409029e-01,4.138599984994252301e-01,1.708756801319505358e-01,-1.595579439482392170e-01,-6.092824429713082912e-01,1.300881274183099734e+00,1.481965040373806886e-01,1.254954763270427653e+00,4.124376630938610955e-01,-1.093904177215277024e-01,7.728768168118249626e-02,-6.429071038095566237e-01,-1.656070785913501542e+00,9.727787894864016460e-02,-1.239964496197518695e+00
1.724501658091621157e-03,0.000000000000000000e+00,1.517851316235381831e-01,6.637130160529026712e-01,5.160312887948598507e-18,7.479873209633700615e-01,5.160312887948598507e-18,-2.833020177589247179e-01,4.750397395476280149e-03,-1.274682700008986178e-03,2.594086223380862033e-01,3.697267064815360632e-02,-4.822743577228116862e-03,-2.546172632794115875e-01,6.176288383111263464e-03,-3.074908628087688091e-03,1.766962924480714181e-01,7.123038529482378367e-02,-6.824237728552779228e-03,1.785351858947447148e-03,3.898547164831363439e-03,-3.250972569521843880e-01,4.144324823422665394e-01,1.709083745894122985e-01,-1.596208742160230287e-01,-6.096880036586548313e-01,1.300905899265257126e+00,1.481281629788364917e-01,1.255089354167780780e+00,4.149073390829304264e-01,-1.094842208610070367e-01,7.757754345761058712e-02,-6.449438122145589869e-01,-1.656028549151660201e+00,9.715235940758649991e-02,-1.240368825684640131e+00
1.737095601200323164e-03,0.000000000000000000e+00,1.517265120291047820e-01,6.637130160529026712e-01,5.160312887948598507e-18,7.479873209633700615e-01,5.160312887948598507e-18,-2.832229434688589009e-01,4.750493144877745814e-03,-1.274302886646174176e-03,2.593741452032485850e-01,3.692865029937931337e-02,-4.822730921910702191e-03,-2.545400261889653182e-01,6.176448925656398067e-03,-3.074402038196829764e-03,1.766655338919988771e-01,7.118456414775517493e-02,-6.824149301467575569e-03,1.784888309172907427e-03,3.899785409389820018e-03,-3.251034114507315720e-01,4.146327727022963150e-01,1.709198196368980072e-01,-1.596424240701175834e-01,-6.098291521276932858e-01,1.300913455356594195e+00,1.481040873275684400e-01,1.255137047451985177e+00,4.169401450078722426e-01,-1.095661093527058039e-01,7.781290087904800534e-02,-6.466511771802910813e-01,-1.655991813067138496e+00,9.704779270828109428e-02,-1.240678722571195047e+00
1.723633110291021130e-03,0.000000000000000000e+00,1.517891743541887606e-01,6.637130160529026712e-01,5.160312887948598507e-18,7.479873209633700615e-01,5.160312887948598507e-18,-2.833074711582396765e-01,4.750390792069281859e-03,-1.274708894034007681e-03,2.594110000715234565e-01,3.697570653427589144e-02,-4.822744450008627920e-03,-2.546225899753049027e-01,6.176277311211598141e-03,-3.074943565321543604e-03,1.766984137278015399e-01,7.123354537393145058e-02,-6.824243826972449523e-03,1.785386980964404242e-03,3.900930157133901312e-03,-3.250973661134416437e-01,4.144194973746934685e-01,1.709076529048772219e-01,-1.596180242970341168e-01,-6.096765457909796293e-01,1.300902113387230941e+00,1.481292076384982115e-01,1.255088145316263892e+00,4.184863051629996722e-01,-1.096344276933109430e-01,7.798780637274811689e-02,-6.479943564278418666e-01,-1.655961604421131828e+00,9.696653738232863251e-02,-1.240880709927557835e+00
1.681508541961913242e-03,0.000000000000000000e+00,1.519852467907419069e-01,6.637130160529026712e-01,5.160312887948598507e-18,7.479873209633700615e-01,5.160312887948598507e-18,-2.835719610250126976e-01,4.750070526829896882e-03,-1.275979304247557271e-03,2.595263201432239653e-01,3.712294701120948809e-02,-4.822786779863432426e-03,-2.548809347261078440e-01,6.175740324077872920e-03,-3.076638021163378804e-03,1.768012957946643593e-01,7.138680921067851182e-02,-6.824539600326405900e-03,1.786945533910689384e-03,3.901919631466581936e-03,-3.250778871711992313e-01,4.137512819789983531e-01,1.708695118996629292e-01,-1.595431093190695093e-01,-6.092008469648878544e-01,1.300870052426760681e+00,1.482084556754807991e-01,1.254932945086970397e+00,4.194958933863929817e-01,-1.096874789118168908e-01,7.809632448223520484e-02,-6.489387148648870784e-01,-1.655939000392593785e+00,9.691095488183931739e-02,-1.240960954005020822e+00
1.608116252811198988e-03,0.000000000000000000e+00,1.523268575307160089e-01,6.637130160529026712e-01,5.160312887948598507e-18,7.479873209633700615e-01,5.160312887948598507e-18,-2.840327732671217298e-01,4.749512538938596012e-03,-1.278192699361882035e-03,2.597272386186595394e-01,3.737947938854826319e-02,-4.822860529816645411e-03,-2.553310405290537544e-01,6.174804748556226436e-03,-3.079590217423900170e-03,1.769805439317770068e-01,7.165383589531980346e-02,-6.825054916788454717e-03,1.789662273566207471e-03,3.902685716509817979e-03,-3.250437383495514698e-01,4.125867499374866743e-01,1.708030340079373377e-01,-1.594131172408546071e-01,-6.083727229727031727e-01,1.300815459729725898e+00,1.483467643801897884e-01,1.254661739236287321e+00,4.199188320442993616e-01,-1.097235243697929075e-01,7.813253183880783381e-02,-6.494498246170758993e-01,-1.655925128739235808e+00,9.688340960028143933e-02,-1.240905263284857396e+00
1.500850599437079371e-03,0.000000000000000000e+00,1.528261347660627434e-01,6.637130160529026712e-01,5.160312887948598507e-18,7.479873209633700615e-01,5.160312887948598507e-18,-2.847062680825115377e-01,4.748697018174373972e-03,-1.281427661452039972e-03,2.600208886981416612e-01,3.775441132465898186e-02,-4.822968318209787907e-03,-2.559888874718216356e-01,6.173437368947664455e-03,-3.083904965804666869e-03,1.772425219783278216e-01,7.204410566517928383e-02,-6.825808071617604257e-03,1.793636221318582746e-03,3.903153906740946134e-03,-3.249936807293871133e-01,4.108845224534393159e-01,1.707058565013161722e-01,-1.592234898961430722e-01,-6.071628462483350530e-01,1.300736530781193778e+00,1.485490678407339893e-01,1.254264815395156552e+00,4.197048910127934018e-01,-1.097407835597061926e-01,7.809051713501985459e-02,-6.494934650598898074e-01,-1.655921167960210383e+00,9.688626889396743935e-02,-1.240699087524595345e+00
1.357105938437752147e-03,0.000000000000000000e+00,1.534952066887338706e-01,6.637130160529026712e-01,5.160312887948598507e-18,7.479873209633700615e-01,5.160312887948598507e-18,-2.856088056691281629e-01,4.747604154316277525e-03,-1.285762772593124865e-03,2.604144035819844771e-01,3.825685047790741006e-02,-4.823112763384441656e-03,-2.568704556420887686e-01,6.171604969553196214e-03,-3.089687078007228097e-03,1.775935937735017844e-01,7.256709875758282635e-02,-6.826817360072860198e-03,1.798967184766785696e-03,3.903243256436701985e-03,-3.249264726066453113e-01,4.086032184893086949e-01,1.705756165409496872e-01,-1.589696728948467308e-01,-6.055418944406533166e-01,1.300631469342434343e+00,1.488203012600018971e-01,1.253732456366449366e+00,4.188036866567312888e-01,-1.097374339012925637e-01,7.796438110015903311e-02,-6.490356228509640557e-01,-1.655928347460499772e+00,9.692190310418230537e-02,-1.240327516801542629e+00
1.174276626411418101e-03,0.000000000000000000e+00,1.543462014906811230e-01,6.637130160529026712e-01,5.160312887948598507e-18,7.479873209633700615e-01,5.160312887948598507e-18,-2.867567462249145382e-01,4.746214137143274503e-03,-1.291276614860170429e-03,2.609149164704955837e-01,3.889590450666243621e-02,-4.823296483682092128e-03,-2.579917251275344880e-01,6.169274334673827478e-03,-3.097041365733145622e-03,1.780401231564878728e-01,7.323229540985412567e-02,-6.828101077413231690e-03,1.805755828615017563e-03,3.902866328922359896e-03,-3.248408693510442813e-01,4.057014547447810315e-01,1.704099511821627055e-01,-1.586471156703189167e-01,-6.034805505184591690e-01,1.300498487496696942e+00,1.491654009237317335e-01,1.253054940138376372e+00,4.171646808060112122e-01,-1.097116105359844246e-01,7.774823647773936031e-02,-6.480424919628828828e-01,-1.655947947717005597e+00,9.699268557994708551e-02,-1.239775280553588876e+00
9.497570199562763984e-04,0.000000000000000000e+00,1.553912473638562608e-01,6.637130160529026712e-01,5.160312887948598507e-18,7.479873209633700615e-01,5.160312887948598507e-18,-2.881664499478162611e-01,4.744507156434383914e-03,-1.298047770328253315e-03,2.615295605639882393e-01,3.968068106929011074e-02,-4.823522097444289843e-03,-2.593686760158371851e-01,6.166412248610564882e-03,-3.106072640683975577e-03,1.785884739664730658e-01,7.404917585931800050e-02,-6.829677518897725279e-03,1.814103746088798668e-03,3.901929145623785761e-03,-3.247356232638166640e-01,4.021378456347319830e-01,1.702064973791330982e-01,-1.582512715268878933e-01,-6.009495028760987179e-01,1.300335805695093772e+00,1.495893041683034885e-01,1.252222539898140585e+00,4.147371797291822815e-01,-1.096614061193893208e-01,7.743620800503141222e-02,-6.464804737164451254e-01,-1.655981300446366378e+00,9.710099270142266703e-02,-1.239026746617309493e+00
6.809414756705266334e-04,0.000000000000000000e+00,1.566424725002110163e-01,6.637130160529026712e-01,5.160312887948598507e-18,7.479873209633700615e-01,5.160312887948598507e-18,-2.941297420986618283e-01,4.737286330882503095e-03,-1.326690936689396347e-03,2.641296120774659917e-01,4.300042254408407982e-02,-4.824476482933573625e-03,-2.651934179746755493e-01,6.154305126327436030e-03,-3.144276505901493542e-03,1.809080933502985045e-01,7.750472236411277971e-02,-6.836346140805756900e-03,1.849534514881427108e-03,3.894717071273974367e-03,-3.242895019816425806e-01,3.870620555221654935e-01,1.693457734285187255e-01,-1.565786096964217888e-01,-5.902451051907594559e-01,1.299651891550602789e+00,1.513832238262359797e-01,1.248698695255016533e+00,3.986767185751426967e-01,-1.092090526202630224e-01,7.544873779098931754e-02,-6.349042079501728830e-01,-1.656226020780687147e+00,9.785977590267951054e-02,-1.235064918631176845e+00
3.652243501523679686e-04,0.000000000000000000e+00,1.581120050916971220e-01,6.637130160529026712e-01,5.160312887948598507e-18,7.479873209633700615e-01,5.160312887948598507e-18,-2.941297420986618283e-01,4.737286330882503095e-03,-1.326690936689396347e-03,2.641296120774659917e-01,4.300042254408407982e-02,-4.824476482933573625e-03,-2.651934179746755493e-01,6.154305126327436030e-03,-3.144276505901493542e-03,1.809080933502985045e-01,7.750472236411277971e-02,-6.836346140805756900e-03,1.849534514881427108e-03,3.894717071273974367e-03,-3.242895019816425806e-01,3.870620555221654935e-01,1.693457734285187255e-01,-1.565786096964217888e-01,-5.902451051907594559e-01,1.299651891550602789e+00,1.513832238262359797e-01,1.248698695255016533e+00,4.004455656772817340e-01,-1.092769220191977114e-01,7.565749209151920174e-02,-6.364762134601242849e-01,-1.656201991793722073e+00,9.776732381047026355e-02,-1.235253255690819341e+00
0.000000000000000000e+00,0.000000000000000000e+00,1.598119733302663381e-01,6.637130160529015610e-01,0.000000000000000000e+00,7.479873209633709497e-01,0.000000000000000000e+00,-2.941297420986618283e-01,4.737286330882503095e-03,-1.326690936689396347e-03,2.641296120774659917e-01,4.300042254408407982e-02,-4.824476482933573625e-03,-2.651934179746755493e-01,6.154305126327436030e-03,-3.144276505901493542e-03,1.809080933502985045e-01,7.750472236411277971e-02,-6.836346140805756900e-03,1.849534514881427108e-03,3.894717071273974367e-03,-3.242895019816425806e-01,3.870620555221654935e-01,1.693457734285187255e-01,-1.565786096964217888e-01,-5.902451051907594559e-01,1.299651891550602789e+00,1.513832238262359797e-01,1.248698695255016533e+00,4.022144127794208268e-01,-1.093447914181324143e-01,7.586624639204908593e-02,-6.380482189700756868e-01,-1.656177962806756776e+00,9.767487171826101655e-02,-1.235441592750462059e+00
-4.218334155214178223e-04,0.000000000000000000e+00,1.617861199353735624e-01,6.653907000050633957e-01,4.966223759189230533e-18,7.464952888979083934e-01,4.966223759189230533e-18,-2.943535345934308323e-01,4.737159688836954825e-03,-1.327839708481379829e-03,2.643671310748937908e-01,4.298508073192276735e-02,-4.824682895376610804e-03,-2.654043129879802843e-01,6.153878766304558649e-03,-3.145668134486508637e-03,1.811185132048280244e-01,7.750299519548754790e-02,-6.836607599839837277e-03,1.852678652717649425e-03,3.893501249776822656e-03,-3.250302704968033307e-01,3.648751155858261375e-01,1.687894326373479692e-01,-1.541429722161073990e-01,-5.599827484959368773e-01,1.296415620766487198e+00,1.495349528140592354e-01,1.253464666243121917e+00,3.780353660322898768e-01,-1.086178259490915704e-01,7.240179980291039374e-02,-6.053570549025742986e-01,-1.655276167242107466e+00,9.924160974134364765e-02,-1.240960485459238649e+00
-9.031635810983052294e-04,0.000000000000000000e+00,1.640570984613675398e-01,6.670650298670101064e-01,4.772109596772957842e-18,7.449994939115899273e-01,4.772109596772957842e-18,-2.917806529707159813e-01,4.742858568528798661e-03,-1.316800715647681221e-03,2.659593398149595611e-01,3.884136129839011603e-02,-4.827311675772100533e-03,-2.627653976064184271e-01,6.159473261226421949e-03,-3.128486116337196154e-03,1.825599516699737968e-01,7.344017801132206313e-02,-6.833832019490958080e-03,1.837726169483914129e-03,3.877736521294353721e-03,-3.261331472916029206e-01,3.511924904570684625e-01,1.676172828935830195e-01,-1.522633362921774758e-01,-5.478466379012727483e-01,1.295431850291775877e+00,1.507726967924441774e-01,1.248604142854958798e+00,3.640326451077535719e-01,-1.079231889882945050e-01,7.124762498334015481e-02,-5.937485947706315770e-01,-1.655676548099737744e+00,1.002661364643176733e-01,-1.235079491151581443e+00
-1.440274906059832915e-03,0.000000000000000000e+00,1.666054033525403988e-01,6.687359971988097174e-01,4.577971379187066970e-18,7.434999435443916393e-01,4.577971379187066970e-18,-2.911348582998221080e-01,4.744919091619336469e-03,-1.314351409179229623e-03,2.670221535092797693e-01,3.713878364925865538e-02,-4.828710218840033715e-03,-2.620729096825729076e-01,6.160967081414528597e-03,-3.124005882019858637e-03,1.835197864205924123e-01,7.179135454406979089e-02,-6.833157127080982315e-03,1.832895028554114552e-03,3.868472450512259846e-03,-3.270339200742473640e-01,3.319922779216111230e-01,1.667507790713710913e-01,-1.499711882895116977e-01,-5.252219994814637527e-01,1.293143530696682975e+00,1.505009873467798298e-01,1.248775009560638249e+00,3.434795789168643698e-01,-1.071638615077047940e-01,6.872657025519349205e-02,-5.699856444583036863e-01,-1.655389548360115315e+00,1.016531888754605012e-01,-1.235079646878515458e+00
-2.029451799735171140e-03,0.000000000000000000e+00,1.694115290531845452e-01,6.704035935774773636e-01,4.383810085040353686e-18,7.419966453552231389e-01,4.383810085040353686e-18,-2.907931982967282836e-01,4.746530048732309527e-03,-1.313321694562725149e-03,2.681397197771377416e-01,3.568337459124007460e-02,-4.830061070472680719e-03,-2.616821413675439745e-01,6.161826606556001194e-03,-3.121499549691565938e-03,1.845300540284170454e-01,7.039149859953355848e-02,-6.832815264212396648e-03,1.828467228611351924e-03,3.859088356971076932e-03,-3.279219365787444662e-01,3.120608131330225854e-01,1.658954175713030776e-01,-1.476031480077527880e-01,-5.016527496616194348e-01,1.290728377765522294e+00,1.502080477337474906e-01,1.249188401118426661e+00,3.220881513331801949e-01,-1.063814112472753065e-01,6.607607153482379647e-02,-5.451535441152367545e-01,-1.655065534584994058e+00,1.030943681564230052e-01,-1.235329180468444754e+00
-2.666978671453487399e-03,0.000000000000000000e+00,1.724559700075922464e-01,6.720678105970209204e-01,4.189626693057810504e-18,7.404896069218843691e-01,4.189626693057810504e-18,-2.907207678450121624e-01,4.747718146592054198e-03,-1.313536235479227394e-03,2.692821824494298077e-01,3.447033781879337011e-02,-4.831341207120902308e-03,-2.615597974048789465e-01,6.162119201290400770e-03,-3.120747934733197632e-03,1.855642695646688989e-01,6.923412561168137969e-02,-6.832766765464464917e-03,1.824293824144444798e-03,3.849822629276959673e-03,-3.287974163103268843e-01,2.914750093540811604e-01,1.650586106693282540e-01,-1.451694438902274842e-01,-4.771477731719167559e-01,1.288183902778017531e+00,1.498644819544967532e-01,1.249905873125802813e+00,2.999504198232229024e-01,-1.055816177350738794e-01,6.330402858594104398e-02,-5.192622727304369024e-01,-1.654696719492265267e+00,1.045845945550400446e-01,-1.235909711261543587e+00
-3.349139930543959705e-03,0.000000000000000000e+00,1.757192206600559081e-01,6.737286398684867450e-01,3.995422182075424361e-18,7.389788358410266378e-01,3.995422182075424361e-18,-2.908837650537875463e-01,4.748510937189276762e-03,-1.314826032775066791e-03,2.704221348792008595e-01,3.349352216391272841e-02,-4.832530177620149303e-03,-2.616735340302031032e-01,6.161910567260991262e-03,-3.121538215328153402e-03,1.865980738269596706e-01,6.831156181645761660e-02,-6.832973291953364260e-03,1.820276732090641810e-03,3.840874949468345723e-03,-3.296601352885178970e-01,2.703066278712640824e-01,1.642463249949724924e-01,-1.426800948167873118e-01,-4.517196647886629335e-01,1.285509966691750439e+00,1.494434653896835052e-01,1.250980635110294115e+00,2.771513099522726620e-01,-1.047695073016620682e-01,6.041764446889783674e-02,-4.923259826199806177e-01,-1.654276573974125197e+00,1.061187837158873576e-01,-1.236892003645691851e+00
-4.072219986335752842e-03,0.000000000000000000e+00,1.791817754548677422e-01,6.753860730199900964e-01,3.801197531036551250e-18,7.374643397281233081e-01,3.801197531036551250e-18,-2.908945533004889672e-01,4.750625552430763100e-03,-1.315996844099606884e-03,2.754441492518925338e-01,2.846335542311448710e-02,-4.835019213748134939e-03,-2.618073476739068428e-01,6.160446268823312546e-03,-3.121643228332038507e-03,1.918700598584132666e-01,6.314922021149549369e-02,-6.831806489290093848e-03,1.836310786586926305e-03,3.858620543564955305e-03,-3.300587100242823868e-01,2.548687482813295491e-01,1.624801992605266476e-01,-1.408251487563910997e-01,-4.437844778969985970e-01,1.285642570465254542e+00,1.528321871044598379e-01,1.240902277610865578e+00,2.613635202175840777e-01,-1.038354246458424862e-01,5.972325650346119869e-02,-4.856607904613493010e-01,-1.655714299601278805e+00,1.073369728918973781e-01,-1.224591035005100803e+00
-4.832503248158041137e-03,0.000000000000000000e+00,1.828241288363200434e-01,6.770401016967725338e-01,3.606953718985217832e-18,7.359461262174182838e-01,3.606953718985217832e-18,-2.916770435629661429e-01,4.750484779177549001e-03,-1.320171634398881275e-03,2.770797741855272611e-01,2.760787050942557774e-02,-4.836075141111315784e-03,-2.625730266401149482e-01,6.158670471551001141e-03,-3.126626979081855925e-03,1.934691727181012122e-01,6.231066786425208670e-02,-6.832515802247210446e-03,1.819159798891350306e-03,3.844132673112887148e-03,-3.308700651047526975e-01,2.327495744712824721e-01,1.616367878299454774e-01,-1.382366214899516388e-01,-4.178171953925417514e-01,1.282950310749210843e+00,1.526639632750339537e-01,1.241657551860442465e+00,2.375065421037746149e-01,-1.029817853879143180e-01,5.676027787946408970e-02,-4.571689587672615462e-01,-1.655327366891576446e+00,1.089557151505169685e-01,-1.225233354874326386e+00
-5.626274125339991543e-03,0.000000000000000000e+00,1.866267752487051901e-01,6.786907175612318932e-01,3.412691725062624333e-18,7.344242029618988088e-01,3.412691725062624333e-18,-2.926341000211288845e-01,4.749965315140127625e-03,-1.325101925643377455e-03,2.786038380218755495e-01,2.703797025726773981e-02,-4.836965340831742531e-03,-2.635164372307099434e-01,6.156516480401668864e-03,-3.132779625191384372e-03,1.949642258323828481e-01,6.175360113255520117e-02,-6.833419160537411788e-03,1.802116772760008418e-03,3.830577833097219189e-03,-3.316720199527916635e-01,2.101047996189526756e-01,1.608492563517215923e-01,-1.356013831330593056e-01,-3.906667296090571284e-01,1.280078859412867587e+00,1.523040639365420001e-01,1.243070177641112162e+00,2.130699291727759792e-01,-1.021281036192664277e-01,5.366340054323089775e-02,-4.273879641203915392e-01,-1.654843662590395059e+00,1.106137793412305254e-01,-1.226645428413287053e+00
-6.449817027210777085e-03,0.000000000000000000e+00,1.905702091363154493e-01,6.803379122929753553e-01,3.218412528500911852e-18,7.328985776332465063e-01,3.218412528500911852e-18,-2.937236423598835744e-01,4.749112591742746595e-03,-1.330582883786535133e-03,2.799852381822720004e-01,2.674282396635081424e-02,-4.837678935574610609e-03,-2.645958168575130998e-01,6.154073553167581541e-03,-3.139827247933087671e-03,1.963247286334254549e-01,6.146694804011056112e-02,-6.834473593612418532e-03,1.789895700647208552e-03,3.820667942298231010e-03,-3.324572171297033307e-01,1.870145809968970230e-01,1.601199160192370019e-01,-1.329315755936191779e-01,-3.623726889127495410e-01,1.277029933922641192e+00,1.517242025227047431e-01,1.245180919853868140e+00,1.881520638234915332e-01,-1.012797428641694225e-01,5.044090552651201570e-02,-3.966521024336607804e-01,-1.654267424731303171e+00,1.123039509482408188e-01,-1.228841165892812226e+00
-7.299416363099562113e-03,0.000000000000000000e+00,1.946349249434431161e-01,6.819816775888482008e-01,3.024117108619778884e-18,7.313692579218109557e-01,3.024117108619778884e-18,-2.949053020653248924e-01,4.747972763208683361e-03,-1.336418976738054177e-03,2.811966471342889351e-01,2.670952909612207826e-02,-4.838207929207753895e-03,-2.657710075916530079e-01,6.151428230481432134e-03,-3.147506662325649188e-03,1.975237333400694240e-01,6.143768182640250292e-02,-6.835638070815419284e-03,1.782569483599647430e-03,3.814231220494762598e-03,-3.332246416382283472e-01,1.635544852796930737e-01,1.594497552531598805e-01,-1.302388787812552573e-01,-3.329777607127301642e-01,1.273811921522286950e+00,1.509022963195930933e-01,1.248016592248317513e+00,1.628341619918440286e-01,-1.004404574715070386e-01,4.709927399974230683e-02,-3.649966145609773172e-01,-1.653595851283952145e+00,1.140195415645349764e-01,-1.231856828364013001e+00
-8.171356542335530063e-03,0.000000000000000000e+00,1.988014171143805686e-01,6.836220051629867678e-01,2.829806444820200481e-18,7.298362515365602876e-01,2.829806444820200481e-18,-2.961405410564866281e-01,4.746592674137028317e-03,-1.342424642025424192e-03,2.822147529035355928e-01,2.692298942203348935e-02,-4.838547238475829695e-03,-2.670035959172576967e-01,6.148664029797382309e-03,-3.155566273280235087e-03,1.985381199613602266e-01,6.165067554971817576e-02,-6.836873423871289018e-03,1.780173296606870270e-03,3.811084399544771139e-03,-3.339732546847547501e-01,1.397956057229958748e-01,1.588384992552969444e-01,-1.275343775705951033e-01,-3.025295431461543227e-01,1.270435315106271057e+00,1.498192358721135153e-01,1.251594838222157779e+00,1.371945491052094790e-01,-9.961362551160826695e-02,4.364492330438746875e-02,-3.324616323752707658e-01,-1.652827338336707808e+00,1.157536764003466029e-01,-1.235719561393747945e+00
-9.061921974247839212e-03,0.000000000000000000e+00,2.030501800934199907e-01,6.852588867468577538e-01,2.635481516579838369e-18,7.282995662050454344e-01,2.635481516579838369e-18,-2.973927545807717454e-01,4.745019769997609570e-03,-1.348424859858947476e-03,2.830204618869106015e-01,2.736581531584318314e-02,-4.838694713909845457e-03,-2.682570365978441673e-01,6.145861105365223349e-03,-3.163766824148793195e-03,1.993488435046074092e-01,6.208857889010151176e-02,-6.838142285657389415e-03,1.782696863775822850e-03,3.811026688913081439e-03,-3.347020412788465071e-01,1.158050109470831340e-01,1.582847925701626746e-01,-1.248285259690909144e-01,-2.710806372844623002e-01,1.266912570072376898e+00,1.484589680304647941e-01,1.255924515012115439e+00,1.113089180993963589e-01,-9.880228388194936540e-02,4.008424497190067604e-02,-2.990924051333804234e-01,-1.651961476590746214e+00,1.174993112653399813e-01,-1.240447324947345331e+00
-9.967397068165668658e-03,0.000000000000000000e+00,2.073617083248537885e-01,6.868923140892930768e-01,2.441143303448847823e-18,7.267592096733662688e-01,2.441143303448847823e-18,-2.986273584854906016e-01,4.743301962595345561e-03,-1.354255632301550050e-03,2.835990647580228230e-01,2.801824541415118969e-02,-4.838651152523898262e-03,-2.694967591129918127e-01,6.143095889003861304e-03,-3.171882029071814400e-03,1.999411406512437706e-01,6.273171825772684562e-02,-6.839409043378536293e-03,1.790076774705978875e-03,3.813834738927550979e-03,-3.354100574159639692e-01,9.164624651934544231e-02,1.577863804525931890e-01,-1.221311312690598894e-01,-2.386887707726937646e-01,1.263257939717223222e+00,1.468085718720912869e-01,1.261006102271237106e+00,8.525059516031065210e-02,-9.800916016132690811e-02,3.642365763589971994e-02,-2.649394794592823676e-01,-1.650999047789013519e+00,1.192492632753947845e-01,-1.246048877076241235e+00
-1.088406623341818535e-02,0.000000000000000000e+00,2.117164962529742289e-01,6.885222789565419443e-01,2.246792785043780165e-18,7.252151897061243080e-01,2.246792785043780165e-18,-2.998118609525111666e-01,4.741487462566876254e-03,-1.359764369377601924e-03,2.839403662830416453e-01,2.885808889281085005e-02,-4.838420304492122882e-03,-2.706902554220216861e-01,6.140440726567486344e-03,-3.179699082875424212e-03,2.003046938752931216e-01,6.355802090893622469e-02,-6.840639804549175466e-03,1.802189057415664935e-03,3.819258896325674561e-03,-3.360964771271156559e-01,6.737988245053531944e-02,1.573402838581416108e-01,-1.194513572848243943e-01,-2.054169634236630293e-01,1.259487292634019928e+00,1.448583289417373909e-01,1.266832116775875150e+00,5.909081008433355459e-02,-9.723669893426697963e-02,3.266967340909530948e-02,-2.300588370028695817e-01,-1.649942020414823185e+00,1.209962544285039243e-01,-1.252523802443535672e+00
-1.180821387933455799e-02,0.000000000000000000e+00,2.160950383220736348e-01,6.901487731323042718e-01,2.052430941043517899e-18,7.236675140863899625e-01,2.052430941043517899e-18,-3.009159187151986270e-01,4.739624590764527148e-03,-1.364810182863594214e-03,2.840387797892497401e-01,2.986068758065537482e-02,-4.838008875592147810e-03,-2.718071480714791543e-01,6.137963524921235571e-03,-3.187019044292591433e-03,2.004337515946013060e-01,6.454296342766525918e-02,-6.841802374500281607e-03,1.818842248852205320e-03,3.827021006063942646e-03,-3.367606398911841548e-01,4.306410008444316179e-02,1.569429637694156887e-01,-1.167977452610797218e-01,-1.713337437495396076e-01,1.255617915821382491e+00,1.426017894588808566e-01,1.273387516768723637e+00,3.289897008377997562e-02,-9.648708069145213451e-02,2.882897636147838463e-02,-1.945119940240546408e-01,-1.648793543821557739e+00,1.227329669807217527e-01,-1.259862578329931537e+00
-1.273612441524395178e-02,0.000000000000000000e+00,2.204778289764442456e-01,6.917717884177740917e-01,1.858058751184140952e-18,7.221161906156615684e-01,1.858058751184140952e-18,-3.019113776727020970e-01,4.737761579972317623e-03,-1.369264088214083202e-03,2.838933868621726364e-01,3.099889721638872733e-02,-4.837426526764230031e-03,-2.728192378830352482e-01,6.135727424010981382e-03,-3.193657089980506472e-03,2.003272034616482844e-01,6.565954464539268398e-02,-6.842866244506765061e-03,1.821381989262870361e-03,3.827758956496804185e-03,-3.374289840425991338e-01,1.875870614019047727e-02,1.565935760640331520e-01,-1.141768584610055454e-01,-1.364997127114317144e-01,1.251678962774656068e+00,1.400467327498026160e-01,1.280640118408424843e+00,6.675014816838687783e-03,-9.575413700856695576e-02,2.490035364314362176e-02,-1.572847278168957030e-01,-1.647528568200208321e+00,1.244513295955991528e-01,-1.268173391912680970e+00
-1.366408225047555797e-02,0.000000000000000000e+00,2.248453626603784949e-01,6.933913166316857390e-01,1.663677195253432767e-18,7.205612271138223113e-01,1.663677195253432767e-18,-3.004330460513198742e-01,4.738294259584251329e-03,-1.361442793398092918e-03,2.772915965300963292e-01,3.611847148087338200e-02,-4.835742298282167707e-03,-2.710151235522048618e-01,6.141839787108913269e-03,-3.182742510546253834e-03,1.930435510915281261e-01,7.113946359112489903e-02,-6.843231203012190358e-03,1.783203760796926458e-03,3.794607902831463424e-03,-3.386784963298102857e-01,-7.825090891057508852e-03,1.572201463886127859e-01,-1.115995099986189509e-01,-8.446270454263798966e-02,1.245351567371351775e+00,1.318384114417946451e-01,1.301570464338864808e+00,-2.365303581528326385e-02,-9.528661707663625691e-02,1.879469106513930940e-02,-9.861529720079717509e-02,-1.644168087820943924e+00,1.260691752159129597e-01,-1.293632959103379720e+00
-1.458837179435852442e-02,0.000000000000000000e+00,2.291781338181686223e-01,6.950073496103476023e-01,1.469287253086790398e-18,7.190026314191069190e-01,1.469287253086790398e-18,-3.010941006907593143e-01,4.736806931177136790e-03,-1.364270733347053765e-03,2.770267455776752596e-01,3.704060132149255419e-02,-4.835050375989176016e-03,-2.717027606117400906e-01,6.140288952004174100e-03,-3.187202777956547363e-03,1.928376784767464602e-01,7.203019735189852835e-02,-6.843881105676823638e-03,1.782130916870742566e-03,3.796657471152042884e-03,-3.392906192016757472e-01,-3.147723385818653602e-02,1.568540558530438500e-01,-1.091205964956678820e-01,-4.998211589241707137e-02,1.241608920757349965e+00,1.290385826963441895e-01,1.309063005033618721e+00,-4.928377663705822698e-02,-9.459177520750008950e-02,1.487948130604290278e-02,-6.138234835993541111e-02,-1.642908489396752048e+00,1.277022421208411918e-01,-1.302386932779628914e+00
-1.550527745622202851e-02,0.000000000000000000e+00,2.334566368941068670e-01,6.966198792076849777e-01,1.274889904562105000e-18,7.174404113880611389e-01,1.274889904562105000e-18,-3.016366694089688272e-01,4.735388604902503185e-03,-1.366490003310383153e-03,2.766349978172181756e-01,3.797197071416816977e-02,-4.834249379460343887e-03,-2.722781907833072279e-01,6.138967306039340953e-03,-3.190922994828846154e-03,1.925180989091119788e-01,7.292356630063025202e-02,-6.844392612518184101e-03,1.781541154617920664e-03,3.799482678851066799e-03,-3.398798434970952687e-01,-5.498326645574684590e-02,1.565134379257981656e-01,-1.066843265821312559e-01,-1.518608107156693698e-02,1.237857612316171529e+00,1.260280982208480949e-01,1.316987353135903982e+00,-7.476150029382276629e-02,-9.391996454068476941e-02,1.091844490887711183e-02,-2.378228650582387554e-02,-1.641599218787478609e+00,1.293075595259616517e-01,-1.311687212390992174e+00
-1.641108364539525105e-02,0.000000000000000000e+00,2.376613663324856907e-01,6.982288972952916950e-01,1.080486129593561687e-18,7.158745748954918886e-01,1.080486129593561687e-18,-3.020442198880689544e-01,4.734077321041237595e-03,-1.368030101503610969e-03,2.761260907818449128e-01,3.888643145155555592e-02,-4.833357038219633119e-03,-2.727243106674241968e-01,6.137912474975022563e-03,-3.193791952260952027e-03,1.920932635369382302e-01,7.379411055794410368e-02,-6.844748126516624759e-03,1.781438576984116506e-03,3.803014049291447186e-03,-3.404471308038211075e-01,-7.829615407974255259e-02,1.561956024389108411e-01,-1.042950108708976115e-01,1.984611455225180482e-02,1.234109960773326131e+00,1.228141450633778720e-01,1.325309704782873466e+00,-1.000345974648424868e-01,-9.327221929515465415e-02,6.918329490837298729e-03,1.409590389679038491e-02,-1.640246424201817099e+00,1.308807423881173104e-01,-1.321495187089084755e+00
-1.730207477120736248e-02,0.000000000000000000e+00,2.417728165775972771e-01,6.998343957624545419e-01,8.860769081286558806e-19,7.143051298344429423e-01,8.860769081286558806e-19,-3.023014129530252059e-01,4.732911670265609744e-03,-1.368827287145158757e-03,2.755122516728366056e-01,3.975653106783040569e-02,-4.832393588887498592e-03,-2.730250915726460947e-01,6.137160014617401918e-03,-3.195705588413606975e-03,1.915738599816094734e-01,7.461519468436600411e-02,-6.844931483983604341e-03,1.781806975687716095e-03,3.807175447654505794e-03,-3.409939949753044708e-01,-1.013679846279334912e-01,1.558977054210522739e-01,-1.019567871037846546e-01,5.502960932964567897e-02,1.230378402997871268e+00,1.194062707865649886e-01,1.333991652758977686e+00,-1.250502401174929945e-01,-9.264922649184602343e-02,2.886766278893960255e-03,5.215671702549277283e-02,-1.638857117851774792e+00,1.324176852261985116e-01,-1.331766346688397773e+00
-1.817453524298750719e-02,0.000000000000000000e+00,2.457714820737339767e-01,7.014363665162033357e-01,6.916632201421792052e-19,7.127320841161470799e-01,6.916632201421792052e-19,-3.023941070115470087e-01,4.731930774744229351e-03,-1.368824600375767152e-03,2.748081973596786520e-01,4.055351733501117578e-02,-4.831381769000028630e-03,-2.731655861017095455e-01,6.136743387428349010e-03,-3.196567030189460291e-03,1.909728168919793689e-01,7.535900979567651536e-02,-6.844927960146456915e-03,1.782604406529487073e-03,3.811886036891605229e-03,-3.415225899423726674e-01,-1.241497424061509536e-01,1.556167559812939027e-01,-9.967367248435091143e-02,9.027384829791154641e-02,1.226675448481834518e+00,1.158164420803779182e-01,1.342990250779526828e+00,-1.497540739328158677e-01,-9.205124518982679693e-02,-1.167609078004249769e-03,9.029792468957198448e-02,-1.637439193242646862e+00,1.339146061559990941e-01,-1.342450301546967539e+00
-1.902474947006489031e-02,0.000000000000000000e+00,2.496378572651880845e-01,7.030348014813492252e-01,4.972460456315787707e-19,7.111554456699884508e-01,4.972460456315787707e-19,-2.995007619731173687e-01,4.734246921789347223e-03,-1.354261459697000351e-03,2.698300680157332265e-01,4.263221905221265678e-02,-4.829430381566465931e-03,-2.702548982939897426e-01,6.144072485778388423e-03,-3.177675591941859709e-03,1.859581698590072607e-01,7.746327031710723010e-02,-6.842621157623687660e-03,1.924993822950761199e-03,3.865537355342338506e-03,-3.420679463455001956e-01,-1.454245029499787178e-01,1.559935944404206576e-01,-9.812331016887651525e-02,1.360514554849827640e-01,1.221981392731826599e+00,1.070247195339940061e-01,1.363081998969546405e+00,-1.780827091517221961e-01,-9.189762016115202159e-02,-7.280471747279332329e-03,1.465397186499575177e-01,-1.634534869255171330e+00,1.352765842722440937e-01,-1.367895017761098897e+00
-1.984900186176866144e-02,0.000000000000000000e+00,2.533524365962518954e-01,7.046296926005296557e-01,1.400954584729527185e-18,7.095752224434581645e-01,1.400954584729527185e-18,-2.987951257349156786e-01,4.734646234629176671e-03,-1.350639287261395493e-03,2.690811509798003986e-01,4.268059305435190770e-02,-4.828779546068281796e-03,-2.695899288811527406e-01,6.145416834180121579e-03,-3.173287671959477106e-03,1.852946986610725655e-01,7.746871622257742174e-02,-6.841796755672930296e-03,1.926331112854262921e-03,3.863993515416635615e-03,-3.426397082554630269e-01,-1.665837687823297220e-01,1.557252679656418448e-01,-9.612964676311853973e-02,1.699701611404715595e-01,1.218600609540526181e+00,1.031806396400856696e-01,1.372229385767581578e+00,-1.997004202081648638e-01,-9.142059270447071284e-02,-1.099181304109027486e-02,1.814721340128476190e-01,-1.633184771011237268e+00,1.365662263232403362e-01,-1.378411781182796503e+00
-2.064357682742799446e-02,0.000000000000000000e+00,2.568957145112177876e-01,7.062210318342350135e-01,5.015108313213262260e-19,7.079914224021279789e-01,5.015108313213262260e-19,-2.978620490076649419e-01,4.735174253879841609e-03,-1.345849617146995707e-03,2.680908431993335173e-01,4.274455895229834629e-02,-4.827918933441340335e-03,-2.687106266998572912e-01,6.147194492609584122e-03,-3.167485438747880307e-03,1.844173775989177699e-01,7.747591745088448778e-02,-6.840706632699495443e-03,1.927226249031634923e-03,3.862369406106997902e-03,-3.431701125620129633e-01,-1.874915525026019103e-01,1.555274214692083379e-01,-9.424413882544344090e-02,2.047836118864095334e-01,1.215184462720581449e+00,9.884816538950769171e-02,1.382448948752114548e+00,-2.206913468523729605e-01,-9.100472757443851812e-02,-1.476357193377920290e-02,2.169530059411763356e-01,-1.631724968626467653e+00,1.377880602237360197e-01,-1.390151573459559975e+00
-2.140475877637205288e-02,0.000000000000000000e+00,2.602481854543778894e-01,7.078088111608518140e-01,5.164177710685426893e-19,7.064040535296082224e-01,5.164177710685426893e-19,-2.969289722804141496e-01,4.735702273130507414e-03,-1.341059947032595921e-03,2.671005354188666359e-01,4.280852485024477794e-02,-4.827058320814398874e-03,-2.678313245185618419e-01,6.148972151039047533e-03,-3.161683205536283507e-03,1.835400565367629466e-01,7.748311867919156770e-02,-6.839616509726061458e-03,1.928121385209006708e-03,3.860745296797359755e-03,-3.437005168685629553e-01,-2.083993362228738766e-01,1.553295749727748587e-01,-9.235863088776835594e-02,2.395970626323471464e-01,1.211768315900636939e+00,9.451569113892974161e-02,1.392668511736647297e+00,-2.416822734965808350e-01,-9.058886244440632340e-02,-1.853533082646809105e-02,2.524338778695046637e-01,-1.630265166241697816e+00,1.390098941242316477e-01,-1.401891365736323447e+00
-2.212883211793002444e-02,0.000000000000000000e+00,2.633903438700246347e-01,7.093930225768227960e-01,3.442799602652760277e-19,7.048131238273869226e-01,3.442799602652760277e-19,-2.959958955531633573e-01,4.736230292381172352e-03,-1.336270276918195919e-03,2.661102276383997545e-01,4.287249074819120959e-02,-4.826197708187456546e-03,-2.669520223372664480e-01,6.150749809468510076e-03,-3.155880972324687141e-03,1.826627354746081511e-01,7.749031990749863374e-02,-6.838526386752626605e-03,1.929016521386378710e-03,3.859121187487722041e-03,-3.442309211751128917e-01,-2.293071199431460927e-01,1.551317284763413795e-01,-9.047312295009325711e-02,2.744105133782851480e-01,1.208352169080692429e+00,9.018321688835176375e-02,1.402888074721180267e+00,-2.626732001407889316e-01,-9.017299731437411481e-02,-2.230708971915701735e-02,2.879147497978333803e-01,-1.628805363856927979e+00,1.402317280247273312e-01,-1.413631158013087141e+00
-2.281208126143107265e-02,0.000000000000000000e+00,2.663026842024504570e-01,7.109736580963847974e-01,1.721404139942228772e-19,7.032186413150928184e-01,1.721404139942228772e-19,-2.950628188259126206e-01,4.736758311631838157e-03,-1.331480606803796133e-03,2.651199198579328731e-01,4.293645664613764817e-02,-4.825337095560515085e-03,-2.660727201559709987e-01,6.152527467897973487e-03,-3.150078739113090342e-03,1.817854144124533278e-01,7.749752113580571367e-02,-6.837436263779191753e-03,1.929911657563750495e-03,3.857497078178084328e-03,-3.447613254816628836e-01,-2.502149036634183088e-01,1.549338819799078726e-01,-8.858761501241815828e-02,3.092239641242231496e-01,1.204936022260747919e+00,8.585074263777377201e-02,1.413107637705713016e+00,-2.836641267849970283e-01,-8.975713218434192009e-02,-2.607884861184595060e-02,3.233956217261620969e-01,-1.627345561472158364e+00,1.414535619252229870e-01,-1.425370950289850613e+00
-2.345079061620436445e-02,0.000000000000000000e+00,2.689657008959474571e-01,7.125507097519383493e-01,0.000000000000000000e+00,7.016206140301246563e-01,0.000000000000000000e+00,-2.941297420986618283e-01,4.737286330882503095e-03,-1.326690936689396347e-03,2.641296120774659917e-01,4.300042254408407982e-02,-4.824476482933573625e-03,-2.651934179746755493e-01,6.154305126327436030e-03,-3.144276505901493542e-03,1.809080933502985045e-01,7.750472236411277971e-02,-6.836346140805756900e-03,1.930806793741122497e-03,3.855872968868446615e-03,-3.452917297882128200e-01,-2.711226873836904971e-01,1.547360354834743934e-01,-8.670210707474305944e-02,3.440374148701610957e-01,1.201519875440803409e+00,8.151826838719578028e-02,1.423327200690245986e+00,-3.046550534292051249e-01,-8.934126705430971149e-02,-2.985060750453487691e-02,3.588764936544908135e-01,-1.625885759087388527e+00,1.426753958257186428e-01,-1.437110742566614308e+00
-2.407444995553304282e-02,0.000000000000000000e+00,2.714860163524432934e-01,7.131710087564430145e-01,0.000000000000000000e+00,7.009900942733195972e-01,0.000000000000000000e+00,-2.941297420986618283e-01,4.737286330882503095e-03,-1.326690936689396347e-03,2.641296120774659917e-01,4.300042254408407982e-02,-4.824476482933573625e-03,-2.651934179746755493e-01,6.154305126327436030e-03,-3.144276505901493542e-03,1.809080933502985045e-01,7.750472236411277971e-02,-6.836346140805756900e-03,1.930806793741122497e-03,3.855872968868446615e-03,-3.452917297882128200e-01,-2.820189423249426786e-01,1.548102633721944732e-01,-8.583865872518546547e-02,3.644823580418360409e-01,1.200228099250306935e+00,7.777489128169694232e-02,1.429697294000571217e+00,-3.140853284271675205e-01,-8.949073187830539067e-02,-3.176272932072193855e-02,3.773314813436320914e-01,-1.624902713973205959e+00,1.431438882809774882e-01,-1.440012691191933314e+00
-2.471309395514912147e-02,0.000000000000000000e+00,2.739797602289607559e-01,7.137907634006394053e-01,0.000000000000000000e+00,7.003590122815100960e-01,0.000000000000000000e+00,-2.941297420986618283e-01,4.737286330882503095e-03,-1.326690936689396347e-03,2.641296120774659917e-01,4.300042254408407982e-02,-4.824476482933573625e-03,-2.651934179746755493e-01,6.154305126327436030e-03,-3.144276505901493542e-03,1.809080933502985045e-01,7.750472236411277971e-02,-6.836346140805756900e-03,1.930806793741122497e-03,3.855872968868446615e-03,-3.452917297882128200e-01,-2.929151972661948045e-01,1.548844912609145530e-01,-8.497521037562785762e-02,3.849273012135109862e-01,1.198936323059810238e+00,7.403151417619809049e-02,1.436067387310896226e+00,-3.235156034251299162e-01,-8.964019670230106984e-02,-3.367485113690899673e-02,3.957864690327733692e-01,-1.623919668859023391e+00,1.436123807362363058e-01,-1.442914639817252098e+00
-2.536382437805508039e-02,0.000000000000000000e+00,2.764416878524353915e-01,7.144099721949418447e-01,0.000000000000000000e+00,6.997273695007381056e-01,0.000000000000000000e+00,-2.941297420986618283e-01,4.737286330882503095e-03,-1.326690936689396347e-03,2.641296120774659917e-01,4.300042254408407982e-02,-4.824476482933573625e-03,-2.651934179746755493e-01,6.154305126327436030e-03,-3.144276505901493542e-03,1.809080933502985045e-01,7.750472236411277971e-02,-6.836346140805756900e-03,1.930806793741122497e-03,3.855872968868446615e-03,-3.452917297882128200e-01,-3.038114522074469859e-01,1.549587191496346328e-01,-8.411176202607026364e-02,4.053722443851859314e-01,1.197644546869313764e+00,7.028813707069925254e-02,1.442437480621221457e+00,-3.329458784230923118e-01,-8.978966152629674902e-02,-3.558697295309606184e-02,4.142414567219145916e-01,-1.622936623744840601e+00,1.440808731914951513e-01,-1.445816588442571105e+00
-2.602374298725339263e-02,0.000000000000000000e+00,2.788665545498027476e-01,7.150286336535327525e-01,0.000000000000000000e+00,6.990951673810670286e-01,0.000000000000000000e+00,-2.941297420986618283e-01,4.737286330882503095e-03,-1.326690936689396347e-03,2.641296120774659917e-01,4.300042254408407982e-02,-4.824476482933573625e-03,-2.651934179746755493e-01,6.154305126327436030e-03,-3.144276505901493542e-03,1.809080933502985045e-01,7.750472236411277971e-02,-6.836346140805756900e-03,1.930806793741122497e-03,3.855872968868446615e-03,-3.452917297882128200e-01,-3.147077071486991673e-01,1.550329470383547126e-01,-8.324831367651265579e-02,4.258171875568608766e-01,1.196352770678817068e+00,6.654475996520040071e-02,1.448807573931546466e+00,-3.423761534210547075e-01,-8.993912635029242819e-02,-3.749909476928312002e-02,4.326964444110558694e-01,-1.621953578630658033e+00,1.445493656467539967e-01,-1.448718537067890111e+00
-2.668995154574653819e-02,0.000000000000000000e+00,2.812491156479979271e-01,7.156467462943563174e-01,0.000000000000000000e+00,6.984624073765897112e-01,0.000000000000000000e+00,-2.988262069002009524e-01,4.727606949200499967e-03,-1.347206779576840896e-03,2.623064942351012729e-01,4.948527273201847737e-02,-4.820509453070172257e-03,-2.699936896701353173e-01,6.143995527185433514e-03,-3.175528897577278940e-03,1.793225803834848642e-01,8.386091747152193965e-02,-6.841288397656492860e-03,2.041668930427970735e-03,3.878369098286527355e-03,-3.444159860236754023e-01,-3.369198628075648627e-01,1.548620337764392008e-01,-8.020388295102828802e-02,4.580930381735804913e-01,1.192907053533107442e+00,6.263954941886919203e-02,1.456699953451933593e+00,-3.655385680279563676e-01,-9.016126525483221521e-02,-4.131584374411054195e-02,4.679023887032940365e-01,-1.620074389984288876e+00,1.458821162158425444e-01,-1.455511475914858410e+00
-2.735955181653700399e-02,0.000000000000000000e+00,2.835841264739565881e-01,7.162643086391488056e-01,0.000000000000000000e+00,6.978290909453991331e-01,0.000000000000000000e+00,-2.997423265840153950e-01,4.725925306562983076e-03,-1.351314343678473428e-03,2.621510457822156526e-01,5.055009027493827939e-02,-4.819979647117336556e-03,-2.709190471737904504e-01,6.142024529408996077e-03,-3.181564950285159163e-03,1.791897711188326359e-01,8.491282337995717522e-02,-6.842268479056440658e-03,2.064526054154932830e-03,3.884406218946783416e-03,-3.442282150495192261e-01,-3.499364217108805186e-01,1.549337289401262752e-01,-7.896739309123948503e-02,4.807492935567491688e-01,1.191251959406322447e+00,5.881537324418031204e-02,1.463347733979196930e+00,-3.775270309632218213e-01,-9.038682972787911996e-02,-4.360296485352530005e-02,4.895158458749537256e-01,-1.618903918976233758e+00,1.464809464827073748e-01,-1.459197703510200395e+00
-2.802964556262725962e-02,0.000000000000000000e+00,2.858663423546140558e-01,7.168813192134534384e-01,0.000000000000000000e+00,6.971952195495739746e-01,0.000000000000000000e+00,-3.006294206887389908e-01,4.724347783790032278e-03,-1.355317775116856313e-03,2.620498126859945875e-01,5.153188680007533828e-02,-4.819526713673152885e-03,-2.718123750856051846e-01,6.140125841229567526e-03,-3.187394933646385542e-03,1.791046219574528309e-01,8.588511756300173938e-02,-6.843221452014344383e-03,2.087208920314612831e-03,3.890725687675772489e-03,-3.440384972490042048e-01,-3.628679866271461996e-01,1.550182329517820756e-01,-7.775650332565843537e-02,5.033176729441635189e-01,1.189623882483374917e+00,5.497767572727545182e-02,1.469986125855240466e+00,-3.894089703008203895e-01,-9.062852786256835047e-02,-4.588025185787063254e-02,5.110101788155644309e-01,-1.617735389950910374e+00,1.470649840927716889e-01,-1.462871905322138621e+00
-2.869733454701978853e-02,0.000000000000000000e+00,2.880905186169057108e-01,7.174977765466256097e-01,0.000000000000000000e+00,6.965607946551747309e-01,0.000000000000000000e+00,-3.014786016672050817e-01,4.722882847576562182e-03,-1.359173210739261090e-03,2.619966948059382350e-01,5.242793945829505448e-02,-4.819146517884353303e-03,-2.726651147465137814e-01,6.138317061609491719e-03,-3.192962578914202744e-03,1.790617142488954427e-01,8.677473933389945326e-02,-6.844137199750298037e-03,2.109523072856550954e-03,3.897224939299463210e-03,-3.438480920783777983e-01,-3.756980948696380107e-01,1.551142976943270524e-01,-7.657308583715916050e-02,5.257812089875915085e-01,1.188024735390360132e+00,5.112819439207489519e-02,1.476613870349417157e+00,-4.011650488164557049e-01,-9.088423022314748301e-02,-4.814422388979720108e-02,5.323601870813108317e-01,-1.616570909143451695e+00,1.476340448996348864e-01,-1.466526867378589838e+00
-2.935972053271706725e-02,0.000000000000000000e+00,2.902514105877671002e-01,7.181136791718781831e-01,0.000000000000000000e+00,6.959258177321981931e-01,0.000000000000000000e+00,-3.022811032704942336e-01,4.721539045656917774e-03,-1.362837486612167434e-03,2.619858658572953858e-01,5.323537198524354308e-02,-4.818835213680864281e-03,-2.734688138225766507e-01,6.136615587454181432e-03,-3.198212327965804010e-03,1.790558713225927079e-01,8.757849080303650724e-02,-6.845005758809018584e-03,2.131262220035126925e-03,3.903799269891826233e-03,-3.436584315822182045e-01,-3.884100473352447014e-01,1.552206271415087491e-01,-7.541897633626022668e-02,5.481222702164164629e-01,1.186456391665223764e+00,4.726896041306741236e-02,1.483229219118831210e+00,-4.127756410580951663e-01,-9.115167128441425959e-02,-5.039133970958509234e-02,5.535399649229459929e-01,-1.615412630367376812e+00,1.481879907584126854e-01,-1.470154821591243444e+00
-3.001390528272158270e-02,0.000000000000000000e+00,2.923437735941334936e-01,7.187290256262742760e-01,0.000000000000000000e+00,6.952902902545861075e-01,0.000000000000000000e+00,-3.030282808427268715e-01,4.720325006545358047e-03,-1.366268139489142152e-03,2.620117736352566284e-01,5.395115476979191194e-02,-4.818589243936642445e-03,-2.742151265876312527e-01,6.135038613033269757e-03,-3.203089335161821583e-03,1.790821586868042992e-01,8.829303695887937009e-02,-6.845817319397495132e-03,2.152207752997186904e-03,3.910341801883801018e-03,-3.434711374173791132e-01,-4.009869107184337866e-01,1.553358768144532109e-01,-7.429597494108403088e-02,5.703226094708152560e-01,1.184920671355359945e+00,4.340228762911464006e-02,1.489829964701530729e+00,-4.242208426960631940e-01,-9.142844305523174786e-02,-5.261799767298626362e-02,5.745229565929321769e-01,-1.614262751578479538e+00,1.487267324737115426e-01,-1.473747478440520675e+00
-3.065699056003580447e-02,0.000000000000000000e+00,2.943623629629403826e-01,7.193438144507557919e-01,0.000000000000000000e+00,6.946542137001953110e-01,0.000000000000000000e+00,-3.037116116128977250e-01,4.719249439277817260e-03,-1.369423408256737482e-03,2.620691402326610908e-01,5.457210492599787882e-02,-4.818405340628590001e-03,-2.748958142034020891e-01,6.133603129405366255e-03,-3.207539469188760029e-03,1.791358842219368808e-01,8.891490575217705916e-02,-6.846562225717738384e-03,2.172128257683517919e-03,3.916743497316020270e-03,-3.432880390428502682e-01,-4.134115267343511646e-01,1.554586529920038429e-01,-7.320584683137792981e-02,5.923634276189070347e-01,1.183419326376786263e+00,3.953075855253432996e-02,1.496413477520424751e+00,-4.354804870152358953e-01,-9.171198893856111201e-02,-5.482053733552368080e-02,5.952820269182159674e-01,-1.613123510460799714e+00,1.492502328531851441e-01,-1.477296066990348766e+00
-3.128607812766222296e-02,0.000000000000000000e+00,2.963019340211232588e-01,7.199580441901541894e-01,0.000000000000000000e+00,6.940175895507894044e-01,0.000000000000000000e+00,-3.043226949839717421e-01,4.718321133147801091e-03,-1.372262235373509489e-03,2.621529622513758540e-01,5.509488636881432894e-02,-4.818280524986107843e-03,-2.755027449971721443e-01,6.132325923849099754e-03,-3.211509314885614957e-03,1.792125983682049950e-01,8.944048818333849571e-02,-6.847230976297901187e-03,2.190779015711935562e-03,3.922893219388339306e-03,-3.431111930788202646e-01,-4.256665294732330240e-01,1.555875116878208397e-01,-7.215032263604324869e-02,6.142254549848331635e-01,1.181954025637699690e+00,3.565720678249643949e-02,1.502976750560303776e+00,-4.465341696041656427e-01,-9.199959797366760728e-02,-5.699524294731446450e-02,6.157895493413771959e-01,-1.611997178878488812e+00,1.497585098454266295e-01,-1.480791383396571348e+00
-3.189826974860331121e-02,0.000000000000000000e+00,2.981572420956173364e-01,7.205717133932092455e-01,0.000000000000000000e+00,6.933804192920181020e-01,0.000000000000000000e+00,-3.048532528190450730e-01,4.717548957444095588e-03,-1.374744268281768772e-03,2.622585110071561365e-01,5.551600989322000995e-02,-4.818212107634480858e-03,-2.760278947368806635e-01,6.131223579297438026e-03,-3.214946175052733369e-03,1.793080943075269496e-01,8.986603839304320440e-02,-6.847814224317845359e-03,2.207901487545022544e-03,3.928677841510273133e-03,-3.429429038159425569e-01,-4.377343721417537026e-01,1.557209574124924500e-01,-7.113109850877888385e-02,6.358890531670761126e-01,1.180526339949749204e+00,3.178469516060248440e-02,1.509516452998764136e+00,-4.573612824129624221e-01,-9.228839963037038796e-02,-5.913834912053189674e-02,6.360175138456456434e-01,-1.610886056021849644e+00,1.502516397353187427e-01,-1.484223849188623490e+00
-3.249066718586154229e-02,0.000000000000000000e+00,2.999230425133582734e-01,7.211848206125980321e-01,0.000000000000000000e+00,6.927427044133881440e-01,0.000000000000000000e+00,-3.052951297246535023e-01,4.716941861184106334e-03,-1.376829860811197917e-03,2.623813327281045438e-01,5.583183325709648037e-02,-4.818197688731744137e-03,-2.764633469037434121e-01,6.130312473777846556e-03,-3.217798072244739717e-03,1.794184081398174924e-01,9.018767375607500414e-02,-6.848302777932488081e-03,2.223222768217673027e-03,3.933982401751925928e-03,-3.427857448280482999e-01,-4.495973645834627774e-01,1.558574417454256789e-01,-7.014983584147532758e-02,6.573343401787817841e-01,1.179137726775365103e+00,2.791648893268465492e-02,1.516028994191022550e+00,-4.679410584726562128e-01,-9.257535935193214605e-02,-6.124604898078295223e-02,6.559376573937920618e-01,-1.609792460059792596e+00,1.507297603633567240e-01,-1.487583580722534160e+00
-3.306037220243940311e-02,0.000000000000000000e+00,3.015940906012813394e-01,7.217973644049339166e-01,0.000000000000000000e+00,6.921044464082650727e-01,0.000000000000000000e+00,-3.056402933312660219e-01,4.716508872846626906e-03,-1.378480074560894638e-03,2.625172487466782556e-01,5.603856126760244083e-02,-4.818235158098384784e-03,-2.768012929623902552e-01,6.129608779856664420e-03,-3.220013750546192773e-03,1.795398190535368033e-01,9.040137497837079372e-02,-6.848687600590822738e-03,2.236455002095236785e-03,3.938690298878753243e-03,-3.426425816073235264e-01,-4.612377231066367433e-01,1.559953617492776945e-01,-6.920816055995430982e-02,6.785413420859099931e-01,1.177789514889603595e+00,2.405602310607514102e-02,1.522510599524470543e+00,-4.782526286917828107e-01,-9.285727507252709845e-02,-6.331450514357783721e-02,6.755216197221651786e-01,-1.608718718094644728e+00,1.511930743277016542e-01,-1.490860471321903358e+00
-3.360448656133936673e-02,0.000000000000000000e+00,3.031651416863219706e-01,7.224093433307939849e-01,0.000000000000000000e+00,6.914656467738444778e-01,0.000000000000000000e+00,-3.058808345708262655e-01,4.716259100102098908e-03,-1.379656680267330035e-03,2.626623556852258345e-01,5.613224587119491210e-02,-4.818322695340899325e-03,-2.770340326284010946e-01,6.129128464088612338e-03,-3.221542677330365822e-03,1.796688494905213929e-01,9.050298619725928584e-02,-6.848959811351564876e-03,2.247294738460903045e-03,3.942683523963899823e-03,-3.425165950988646735e-01,-4.726376342784102680e-01,1.561330582692549984e-01,-6.830766194173036598e-02,6.994901745425429196e-01,1.176482889070836979e+00,2.020686311835094562e-02,1.528957399765984659e+00,-4.882750922678610328e-01,-9.313077496701425984e-02,-6.533986388696760850e-02,6.947411275315574786e-01,-1.607667154199187598e+00,1.516418521187869184e-01,-1.494044287738684362e+00
-3.412011202556392009e-02,0.000000000000000000e+00,3.046309510954155475e-01,7.230207559547321416e-01,0.000000000000000000e+00,6.908263070111385629e-01,0.000000000000000000e+00,-3.060089679514479410e-01,4.716201729540938671e-03,-1.380322159155972488e-03,2.628130256350900140e-01,5.610878624724632835e-02,-4.818458769967516250e-03,-2.771539741333629570e-01,6.128887286470787593e-03,-3.222335045001210874e-03,1.798022653051569164e-01,9.048821508494446497e-02,-6.849110685194914963e-03,2.255422204065915190e-03,3.945842918843806349e-03,-3.424113059614486976e-01,-4.837793344623781966e-01,1.562688141709888123e-01,-6.744989089090150380e-02,7.201612578106132423e-01,1.175218874976902805e+00,1.637265786502110562e-02,1.535365535616336485e+00,-4.979876023682706654e-01,-9.339231672480170776e-02,-6.731827292044208211e-02,7.135682102969260754e-01,-1.606640075300522552e+00,1.520764351260092406e-01,-1.497124782672744958e+00
-3.460435035811554316e-02,0.000000000000000000e+00,3.059862741554976728e-01,7.236316008453025361e-01,0.000000000000000000e+00,6.901864286249512759e-01,0.000000000000000000e+00,-3.060170318291641212e-01,4.716346026400727691e-03,-1.380439704273832844e-03,2.629659063292079657e-01,5.596392890519445024e-02,-4.818642141497863490e-03,-2.771536344873233304e-01,6.128900799901942920e-03,-3.222341772718126558e-03,1.799370759177749135e-01,9.035263295515290338e-02,-6.849131653330987890e-03,2.260500462059292226e-03,3.948048449381708069e-03,-3.423305993214011411e-01,-4.946452069741823498e-01,1.564008525839601371e-01,-6.663635760134560548e-02,7.405355689838846178e-01,1.173998324412559136e+00,1.255708407419119793e-02,1.541731279252557929e+00,-5.073694688418605159e-01,-9.363818867559015047e-02,-6.924590317718919141e-02,7.319754510666999225e-01,-1.605639754661655649e+00,1.524972384443978868e-01,-1.500091825182582550e+00
-3.505430332199669513e-02,0.000000000000000000e+00,3.072258661935035051e-01,7.242418765750685550e-01,0.000000000000000000e+00,6.895460131238692059e-01,0.000000000000000000e+00,-3.058974886768146551e-01,4.716701334290959724e-03,-1.379973221806777206e-03,2.631179213082646684e-01,5.569326778530556132e-02,-4.818871859565636295e-03,-2.770256397387518277e-01,6.129184349646139493e-03,-3.221514508103790787e-03,1.800705344623927395e-01,9.009167487300928645e-02,-6.849014303504202296e-03,2.262174418898503601e-03,3.949179477574430233e-03,-3.422787497164671011e-01,-5.052178987949628164e-01,1.565273352327181400e-01,-6.586852853650404516e-02,7.605949351892720145e-01,1.172821901250716836e+00,8.763780971294536648e-03,1.548051174669653252e+00,-5.164002798127188543e-01,-9.386451313211405245e-02,-7.111897508029048354e-02,7.499362757250422895e-01,-1.604668412700507085e+00,1.529047533961145899e-01,-1.502935550891991490e+00
-3.546707268020988374e-02,0.000000000000000000e+00,3.083444825363686470e-01,7.248515817206194756e-01,0.000000000000000000e+00,6.889050620202439301e-01,0.000000000000000000e+00,-3.056429253499959309e-01,4.717277074915902230e-03,-1.378887332381045078e-03,2.632662700803589106e-01,5.529224436305145429e-02,-4.819147264014606372e-03,-2.767627252318832221e-01,6.129753072801879914e-03,-3.219805628934742023e-03,1.802001379286571892e-01,8.970063976808895223e-02,-6.848750380294406880e-03,2.260069631945063520e-03,3.949115011993914112e-03,-3.422604458453626375e-01,-5.154804588026051793e-01,1.566463609554133996e-01,-6.514782265261223615e-02,7.803223714832636659e-01,1.171690068334121593e+00,4.996274153322964769e-03,1.554322198613985018e+00,-5.250600440732653418e-01,-9.406725235301231780e-02,-7.293378975162477518e-02,7.674252842301462207e-01,-1.603728194878543567e+00,1.532995496672583668e-01,-1.505646533940201870e+00
-3.583976019575756816e-02,0.000000000000000000e+00,3.093368785110284791e-01,7.254607148625924484e-01,0.000000000000000000e+00,6.882635768301678114e-01,0.000000000000000000e+00,-3.052460533500658824e-01,4.718082747796037077e-03,-1.377147372346216800e-03,2.634084282741928629e-01,5.475614775700664294e-02,-4.819467984987278394e-03,-2.763577358615215140e-01,6.130621897775555447e-03,-3.217168244814976735e-03,1.803236272981476040e-01,8.917469055068538708e-02,-6.848331785413960468e-03,2.253790860586907165e-03,3.947733910909869380e-03,-3.422808146461046586e-01,-5.254164994388973442e-01,1.567559645283481129e-01,-6.447560679290863239e-02,7.997024669620332871e-01,1.170603075755854761e+00,1.257887597903942136e-03,1.560541943815744181e+00,-5.333293562251827380e-01,-9.424221756650952297e-02,-7.468676564287314579e-02,7.844186272975708363e-01,-1.602821146388871743e+00,1.536822769448614456e-01,-1.508215982625435547e+00
-3.616946763164223533e-02,0.000000000000000000e+00,3.101978094444182710e-01,7.260692745856887065e-01,0.000000000000000000e+00,6.876215590734571226e-01,0.000000000000000000e+00,-3.046997090842238354e-01,4.719127929987467288e-03,-1.374719395041574480e-03,2.635421477857569639e-01,5.408011484033199007e-02,-4.819833943007507948e-03,-2.758036263252229836e-01,6.131805543760153812e-03,-3.213556198831927710e-03,1.804389876748515587e-01,8.850885423124114915e-02,-6.847750578001218606e-03,2.242920293144696261e-03,3.944915006794369981e-03,-3.423454441220962763e-01,-5.350103836080032371e-01,1.568541159360787030e-01,-6.385319018377248745e-02,8.187218222205027152e-01,1.169560950995591764e+00,-2.448357222126965223e-03,1.566708826058262449e+00,-5.411895865024980434e-01,-9.438508153144845036e-02,-7.637448106849951956e-02,8.008944318466976187e-01,-1.601949183378106101e+00,1.540536659224575611e-01,-1.510635960641762532e+00
-3.645329675086635829e-02,0.000000000000000000e+00,3.109220306634736808e-01,7.266772594786858885e-01,0.000000000000000000e+00,6.869790102736376136e-01,0.000000000000000000e+00,-3.039968541226635845e-01,4.720422275799517932e-03,-1.371570172047033428e-03,2.636654569185412078e-01,5.325913035586555405e-02,-4.820245349055826689e-03,-2.750934613729423828e-01,6.133318520218740931e-03,-3.208924069195510150e-03,1.805444484099774649e-01,8.769802204298388082e-02,-6.846998974910307838e-03,2.227015370911902478e-03,3.940537114919467204e-03,-3.424604042196775500e-01,-5.442474383759636769e-01,1.569387202486531019e-01,-6.328181797068163639e-02,8.373695406819513520e-01,1.168563491472889071e+00,-6.119856051930391318e-03,1.572822316346096594e+00,-5.486230971378119881e-01,-9.449139514465043632e-02,-7.799372310777298589e-02,8.168332782433382899e-01,-1.601114060449600807e+00,1.544145285255461297e-01,-1.512899635692241729e+00
-3.668834931643243091e-02,0.000000000000000000e+00,3.115042974951299781e-01,7.272846681344551367e-01,0.000000000000000000e+00,6.863359319579264151e-01,0.000000000000000000e+00,-3.031305754527555130e-01,4.721975516510255357e-03,-1.367667194415538500e-03,2.637766605172386369e-01,5.228802703474032948e-02,-4.820702704637482537e-03,-2.742204160540440694e-01,6.135175126373123428e-03,-3.203227170859690009e-03,1.806384832209845803e-01,8.673694956773801701e-02,-6.846069350997354211e-03,2.205606120105575805e-03,3.934478882691784182e-03,-3.426322649359423989e-01,-5.531141966874020266e-01,1.570076182900831119e-01,-6.276266374328125230e-02,8.556377754250384937e-01,1.167610260166840108e+00,-9.754551169202521979e-03,1.578883199028111584e+00,-5.556134869848959879e-01,-9.455660863053785836e-02,-7.954154331327981109e-02,8.322187319226028723e-01,-1.600317334220070498e+00,1.547657571913993724e-01,-1.515001557061602444e+00
-3.687172709134291931e-02,0.000000000000000000e+00,3.119393652663226546e-01,7.278914991499766396e-01,0.000000000000000000e+00,6.856923256572144965e-01,0.000000000000000000e+00,-3.020940857302717442e-01,4.723797460080973384e-03,-1.362978673889332941e-03,2.638743400949482010e-01,5.116148571857282584e-02,-4.821206801845064928e-03,-2.731777759617217138e-01,6.137389450697189677e-03,-3.196421557126583220e-03,1.807198103048829607e-01,8.562025686490797038e-02,-6.844954239402672481e-03,2.178191893156013453e-03,3.926618430607635261e-03,-3.428681107031178454e-01,-5.615986678078945804e-01,1.570585883041585029e-01,-6.229682101560630320e-02,8.735223319058886826e-01,1.166700585040372662e+00,-1.335107583622180752e-02,1.584893856171248450e+00,-5.621458658716381729e-01,-9.457609786801618457e-02,-8.101532061295065035e-02,8.470379313309017721e-01,-1.599560322739659535e+00,1.551083230217022990e-01,-1.516937963431486791e+00
-3.700053183860030348e-02,0.000000000000000000e+00,3.122219893039870353e-01,7.284977511263662775e-01,0.000000000000000000e+00,6.850481929060370234e-01,0.000000000000000000e+00,-3.008807235276216852e-01,4.725897990868141614e-03,-1.357473544098366722e-03,2.639573539538904723e-01,4.987403548518279384e-02,-4.821758723412667216e-03,-2.719589374747836685e-01,6.139975370415536558e-03,-3.188464021233258002e-03,1.807873924458043569e-01,8.434242860361912397e-02,-6.843646331829602095e-03,2.144237413933741676e-03,3.916832730798049979e-03,-3.431755499593033831e-01,-5.696906365108569403e-01,1.570893488437276608e-01,-6.188529365066278154e-02,8.910233253549900700e-01,1.165833563093103153e+00,-1.690891409588524824e-02,1.590858577739860280e+00,-5.682071598077054198e-01,-9.454519641780320671e-02,-8.241283171701503651e-02,8.612822332501359757e-01,-1.598844060640023823e+00,1.554432726128099906e-01,-1.518707121801481819e+00
-3.707186532120707034e-02,0.000000000000000000e+00,3.123469249350586119e-01,7.291034226688730691e-01,0.000000000000000000e+00,6.844035352425750229e-01,0.000000000000000000e+00,-2.941297420986618283e-01,4.737286330882503095e-03,-1.326690936689396347e-03,2.641296120774659917e-01,4.300042254408407982e-02,-4.824476482933573625e-03,-2.651934179746755493e-01,6.154305126327436030e-03,-3.144276505901493542e-03,1.809080933502985045e-01,7.750472236411277971e-02,-6.836346140805756900e-03,1.930806793741122497e-03,3.855872968868446615e-03,-3.452917297882128200e-01,-5.653215707974986737e-01,1.567401884789165201e-01,-6.338900163668786947e-02,8.960508805053841730e-01,1.166641918297395719e+00,-1.955291346127291385e-02,1.595319720069024561e+00,-5.592724783741893635e-01,-9.337681730219304921e-02,-8.147789654158547890e-02,8.571611612613044828e-01,-1.599343541004458302e+00,1.553246921177072193e-01,-1.515463355450225702e+00
-3.708282930216568601e-02,0.000000000000000000e+00,3.123089274864727649e-01,7.297085123869109236e-01,0.000000000000000000e+00,6.837583542086207444e-01,0.000000000000000000e+00,-2.941297420986618283e-01,4.737286330882503095e-03,-1.326690936689396347e-03,2.641296120774659917e-01,4.300042254408407982e-02,-4.824476482933573625e-03,-2.651934179746755493e-01,6.154305126327436030e-03,-3.144276505901493542e-03,1.809080933502985045e-01,7.750472236411277971e-02,-6.836346140805756900e-03,1.930806793741122497e-03,3.855872968868446615e-03,-3.452917297882128200e-01,-5.762178257387507996e-01,1.568144163676365999e-01,-6.252555328713027549e-02,9.164958236770590627e-01,1.165350142106899245e+00,-2.329629056677175181e-02,1.601689813379349792e+00,-5.687027533721518147e-01,-9.352628212618872838e-02,-8.339001835777254401e-02,8.756161489504457052e-01,-1.598360495890275512e+00,1.557931845729660647e-01,-1.518365304075544708e+00
-3.703052554447863742e-02,0.000000000000000000e+00,3.121027522851649305e-01,7.303130188940678558e-01,0.000000000000000000e+00,6.831126513495654473e-01,0.000000000000000000e+00,-2.941297420986618283e-01,4.737286330882503095e-03,-1.326690936689396347e-03,2.641296120774659917e-01,4.300042254408407982e-02,-4.824476482933573625e-03,-2.651934179746755493e-01,6.154305126327436030e-03,-3.144276505901493542e-03,1.809080933502985045e-01,7.750472236411277971e-02,-6.836346140805756900e-03,1.930806793741122497e-03,3.855872968868446615e-03,-3.452917297882128200e-01,-5.871140806800030365e-01,1.568886442563566797e-01,-6.166210493757266764e-02,9.369407668487339524e-01,1.164058365916402549e+00,-2.703966767227060364e-02,1.608059906689674801e+00,-5.781330283701142658e-01,-9.367574695018440756e-02,-8.530214017395960913e-02,8.940711366395870385e-01,-1.597377450776092944e+00,1.562616770282248824e-01,-1.521267252700863493e+00
-3.691205581114840456e-02,0.000000000000000000e+00,3.117231546580704893e-01,7.309169408081260810e-01,0.000000000000000000e+00,6.824664282143776406e-01,0.000000000000000000e+00,-2.941297420986618283e-01,4.737286330882503095e-03,-1.326690936689396347e-03,2.641296120774659917e-01,4.300042254408407982e-02,-4.824476482933573625e-03,-2.651934179746755493e-01,6.154305126327436030e-03,-3.144276505901493542e-03,1.809080933502985045e-01,7.750472236411277971e-02,-6.836346140805756900e-03,1.930806793741122497e-03,3.855872968868446615e-03,-3.452917297882128200e-01,-5.980103356212551624e-01,1.569628721450767594e-01,-6.079865658801506673e-02,9.573857100204089532e-01,1.162766589725906075e+00,-3.078304477776944853e-02,1.614430000000000032e+00,-5.875633033680766060e-01,-9.382521177418008673e-02,-8.721426199014666036e-02,9.125261243287282609e-01,-1.596394405661910376e+00,1.567301694834837278e-01,-1.524169201326182499e+00
-3.672088047877138800e-02,0.000000000000000000e+00,3.111361821694512697e-01,7.298814098688720664e-01,3.238794256577722303e-20,6.835737908432618637e-01,3.238794256577722303e-20,-2.942065377797625780e-01,4.737167586152842870e-03,-1.327046630258874082e-03,2.641381263795618550e-01,4.306814067934026241e-02,-4.824458335064487659e-03,-2.652698028955791099e-01,6.154144214050172833e-03,-3.144776009422985998e-03,1.809159536140338143e-01,7.757266956627857646e-02,-6.836430022007988425e-03,1.929514818876313558e-03,3.853653479188528554e-03,-3.453217322306346149e-01,-5.790584459025109876e-01,1.567527952838340122e-01,-6.244501874657965718e-02,9.245323594958155811e-01,1.165244746291416167e+00,-2.538653849378495406e-02,1.601557378027955503e+00,-5.671498347311352273e-01,-9.317975141385025084e-02,-8.320712800642449114e-02,8.783672274285176940e-01,-1.598432124346204519e+00,1.559452460618129810e-01,-1.510109319022350904e+00
-3.645495975241038605e-02,0.000000000000000000e+00,3.103190761067854964e-01,7.288442012414959592e-01,6.477581068539554346e-20,6.846795822256172004e-01,6.477581068539554346e-20,-2.942833334608633278e-01,4.737048841423183512e-03,-1.327402323828352033e-03,2.641466406816576629e-01,4.313585881459644500e-02,-4.824440187195401693e-03,-2.653461878164826704e-01,6.153983301772909635e-03,-3.145275512944478453e-03,1.809238138777691518e-01,7.764061676844435933e-02,-6.836513903210219949e-03,1.928222844011504618e-03,3.851433989508610059e-03,-3.453517346730564652e-01,-5.601065561837667017e-01,1.565427184225912649e-01,-6.409138090514425457e-02,8.916790089712220979e-01,1.167722902856926481e+00,-1.999003220980045958e-02,1.588684756055911196e+00,-5.467363660941939596e-01,-9.253429105352041495e-02,-7.919999402270230804e-02,8.442083305283071271e-01,-1.600469843030498662e+00,1.551603226401422619e-01,-1.496049436718519310e+00
-3.611814513776745450e-02,0.000000000000000000e+00,3.092833823818332828e-01,7.278053173101004525e-01,9.716352991287314792e-20,6.857837998196982809e-01,9.716352991287314792e-20,-2.943601291419640775e-01,4.736930096693523287e-03,-1.327758017397829768e-03,2.641551549837535262e-01,4.320357694985263453e-02,-4.824422039326314859e-03,-2.654225727373862309e-01,6.153822389495646437e-03,-3.145775016465971342e-03,1.809316741415044616e-01,7.770856397061015608e-02,-6.836597784412451473e-03,1.926930869146695896e-03,3.849214499828691998e-03,-3.453817371154782601e-01,-5.411546664650225269e-01,1.563326415613485176e-01,-6.573774306370884501e-02,8.588256584466287258e-01,1.170201059422436574e+00,-1.459352592581596858e-02,1.575812134083866667e+00,-5.263228974572525809e-01,-9.188883069319057906e-02,-7.519286003898012494e-02,8.100494336280965602e-01,-1.602507561714792805e+00,1.543753992184715151e-01,-1.481989554414687493e+00
-3.571428814054463524e-02,0.000000000000000000e+00,3.080406469063547981e-01,7.267647604626368274e-01,1.295510258025537052e-19,6.868864410873795068e-01,1.295510258025537052e-19,-3.015125646956862693e-01,4.726927179701259640e-03,-1.361426002413789653e-03,2.659851804385775509e-01,4.847523030764411961e-02,-4.823990174960141215e-03,-2.724810064029923873e-01,6.139027251303700965e-03,-3.192011992476507468e-03,1.825807561834207060e-01,8.306319973000689250e-02,-6.844506163475799071e-03,2.012423276700629152e-03,3.858530417166680746e-03,-3.454829758810670781e-01,-5.297740368701289171e-01,1.560253775655677799e-01,-6.438515312436901561e-02,8.240601278213268710e-01,1.170214953065892294e+00,-5.064012690128839173e-03,1.554650394244719624e+00,-5.147473719316615348e-01,-9.037244887748298316e-02,-7.150301188655606988e-02,7.756694468530509479e-01,-1.604190314309988041e+00,1.548809735942058008e-01,-1.458896873162630836e+00
-3.524724026644399100e-02,0.000000000000000000e+00,3.066024155921101002e-01,7.257225330909077288e-01,1.619382239093239002e-19,6.879875034941523859e-01,1.619382239093239002e-19,-3.027596640118773164e-01,4.725249520105974724e-03,-1.367330720747083261e-03,2.663702260704889357e-01,4.932856308964987668e-02,-4.823996567258044023e-03,-2.737081978415713546e-01,6.136458657773388725e-03,-3.200056734124317060e-03,1.829266800371093238e-01,8.393488936206611184e-02,-6.845893798422521270e-03,2.015413813187802005e-03,3.853764328582731744e-03,-3.456179219357480847e-01,-5.116834849255549322e-01,1.557344711066814824e-01,-6.549431227128325872e-02,7.898977135203376632e-01,1.172299026278023515e+00,1.309293722806069774e-03,1.539797887076658434e+00,-4.952611403384395983e-01,-8.948479164586724266e-02,-6.740926341606112704e-02,7.401559584081095489e-01,-1.606258099222092728e+00,1.543397233655352252e-01,-1.442470584696606384e+00
-3.472085302116757755e-02,0.000000000000000000e+00,3.049802343508594693e-01,7.246786375905510669e-01,1.943250497887348633e-19,6.890869845091421864e-01,1.943250497887348633e-19,-3.037860514392594080e-01,4.723893423293071443e-03,-1.372203173417947761e-03,2.667118237989517526e-01,5.000624886756456500e-02,-4.824032261955685241e-03,-2.747169051710875443e-01,6.134348535498350061e-03,-3.206671713897398142e-03,1.832332908375556291e-01,8.462911460800419394e-02,-6.847039243457630868e-03,2.014288724544088718e-03,3.847681127392107211e-03,-3.457646201303418709e-01,-4.932524678657471684e-01,1.554289045156508897e-01,-6.668461227226102350e-02,7.555030298975169423e-01,1.174468644423530606e+00,7.637269089245072619e-03,1.525024530790721755e+00,-4.753547622496829828e-01,-8.860327999997118231e-02,-6.326844951769056147e-02,7.042699378913088726e-01,-1.608362899214454966e+00,1.537649397350685787e-01,-1.426075593390356389e+00
-3.413897791041743679e-02,0.000000000000000000e+00,3.031856490943629079e-01,7.236330763610375749e-01,2.267114289971654899e-19,6.901848816051108226e-01,2.267114289971654899e-19,-3.046018488713898020e-01,4.722837652082503140e-03,-1.376087347571617551e-03,2.670056283591052404e-01,5.052267974053804844e-02,-4.824088027087441478e-03,-2.755174958563668119e-01,6.132674665527779005e-03,-3.211924348343816581e-03,1.834968022601568827e-01,8.515996629929588335e-02,-6.847952867558330763e-03,2.010062419120673891e-03,3.840653488125453548e-03,-3.459148744404604292e-01,-4.745192634234151052e-01,1.551123899193293798e-01,-6.795380027811906420e-02,7.209345167176526292e-01,1.176720699170283435e+00,1.390772403477043978e-02,1.510354577243790741e+00,-4.550777317468567285e-01,-8.773419853153054115e-02,-5.909044617716084635e-02,6.680941698994899980e-01,-1.610498783643867782e+00,1.531562958207742797e-01,-1.409752726702984349e+00
-3.350546643989563839e-02,0.000000000000000000e+00,3.012302057343805850e-01,7.225858518056723634e-01,2.590972870920747368e-19,6.912811922584549684e-01,2.590972870920747368e-19,-3.052176086662019006e-01,4.722061203066802576e-03,-1.379029684754685178e-03,2.672482137943018032e-01,5.089175589693876317e-02,-4.824155608369777408e-03,-2.761207175036645145e-01,6.131414099776028546e-03,-3.215884597225069329e-03,1.837142402498295746e-01,8.554109775283039174e-02,-6.848645603218807797e-03,2.003570291653437602e-03,3.833021543522926577e-03,-3.460620790437846650e-01,-4.555218985113336227e-01,1.547884922670720032e-01,-6.929949053740974696e-02,6.862516962351354888e-01,1.179051345039138443e+00,2.010878618153319475e-02,1.495812382225080617e+00,-4.344792025440474825e-01,-8.688284164738800663e-02,-5.488479856809060781e-02,6.317119020656325468e-01,-1.612659751902165262e+00,1.525138129884914262e-01,-1.393542369168228490e+00
-3.282417011530423118e-02,0.000000000000000000e+00,2.991254501826726697e-01,7.215369663315804871e-01,2.914825496320925742e-19,6.923759139492215997e-01,2.914825496320925742e-19,-3.056443124542909673e-01,4.721543307320849245e-03,-1.381079075347012384e-03,2.674370731794251110e-01,5.112688471374846055e-02,-4.824227729224980256e-03,-2.765376967152132215e-01,6.130543162338191951e-03,-3.218624955898999069e-03,1.838834428391873388e-01,8.578572382384033745e-02,-6.849128945112884989e-03,1.995498147882356597e-03,3.825093623197158271e-03,-3.462010110798620643e-01,-4.362975450391179955e-01,1.544606380692823133e-01,-7.071918080027496389e-02,6.515135859640733829e-01,1.181456080461678493e+00,2.622920813396364265e-02,1.481421680227130500e+00,-4.136071867196766116e-01,-8.605356186194315637e-02,-5.066056065836174738e-02,5.952049204217498835e-01,-1.614839859563654390e+00,1.518378351942315796e-01,-1.377483477645316201e+00
-3.209894044234527788e-02,0.000000000000000000e+00,2.968829283509992756e-01,7.204864223497058351e-01,3.238671421772308274e-19,6.934690441611084388e-01,3.238671421772308274e-19,-3.058933699285134589e-01,4.721263431104062019e-03,-1.382286852880881736e-03,2.675706183038928931e-01,5.124097987756825318e-02,-4.824298090760242505e-03,-2.767799379273624405e-01,6.130037450837595193e-03,-3.220220447592571714e-03,1.840030599311932025e-01,8.590661997824111662e-02,-6.849414948729833259e-03,1.986407625033056925e-03,3.817147483828805046e-03,-3.463276345161362957e-01,-4.168820999690587836e-01,1.541321257880676476e-01,-7.221026188583541672e-02,6.167775152012749951e-01,1.183929828523770489e+00,3.225858167889940342e-02,1.467205044558357541e+00,-3.925080171683975605e-01,-8.524984240662691892e-02,-4.642619732160105372e-02,5.586521727513785729e-01,-1.617033307400840725e+00,1.511289997535109897e-01,-1.361612878475880084e+00
-3.133362892672082040e-02,0.000000000000000000e+00,2.945141861511206272e-01,7.194342222748046911e-01,3.562509902890662839e-19,6.945605803814719481e-01,3.562509902890662839e-19,-3.059766176151275108e-01,4.721201276550178114e-03,-1.382706788260754452e-03,2.676481793145651378e-01,5.124646052755460479e-02,-4.824361371702968852e-03,-2.768593222323370018e-01,6.129871837806041834e-03,-3.220748615564528444e-03,1.840725530461917725e-01,8.591612138437951240e-02,-6.849516228984398221e-03,1.976757797376192845e-03,3.809431832017975191e-03,-3.464389197368974438e-01,-3.973099170305765537e-01,1.538061366021158116e-01,-7.377002184014153086e-02,5.820982810955468434e-01,1.186467014136370679e+00,3.818747670627653523e-02,1.453183502208512667e+00,-3.712260197878834989e-01,-8.447438404154702929e-02,-4.218953589117233755e-02,5.221288336859466472e-01,-1.619234500350245298e+00,1.503882066192326616e-01,-1.345964789772623904e+00
-3.053208707413292838e-02,0.000000000000000000e+00,2.920307694947966715e-01,7.183803685254388505e-01,3.886340195308539867e-19,6.956505201013327699e-01,3.886340195308539867e-19,-3.059063176263609463e-01,4.721336782349308189e-03,-1.382395083871474240e-03,2.676700043183634636e-01,5.115525042005470563e-02,-4.824413228292379410e-03,-2.767881061836723888e-01,6.130020472095920429e-03,-3.220289515158300010e-03,1.840921950333905543e-01,8.582612202429956705e-02,-6.849445958800093152e-03,1.966923319681258223e-03,3.802168006351256627e-03,-3.465326812010907087e-01,-3.776136599138929517e-01,1.534857446042685869e-01,-7.539564595425818361e-02,5.475275823885693560e-01,1.189061635700945363e+00,4.400752161095013854e-02,1.439376274233924224e+00,-3.498033486749236309e-01,-8.372919840080446374e-02,-3.795775591044162761e-02,4.857057176919061248e-01,-1.621438082751863297e+00,1.496165877753471984e-01,-1.330570518996393448e+00
-2.969816639028363681e-02,0.000000000000000000e+00,2.894442242937877441e-01,7.173248635239657389e-01,4.210161554675263673e-19,6.967388608153874952e-01,4.210161554675263673e-19,-3.056951563945426442e-01,4.721650124418665453e-03,-1.381410367583143627e-03,2.676372589447367223e-01,5.097877711514929577e-02,-4.824450294124413285e-03,-2.765789205853433352e-01,6.130456780324860556e-03,-3.218925705745217559e-03,1.840630697467501853e-01,8.564807382443798134e-02,-6.849217867666559587e-03,1.957209530838916779e-03,3.795551729365887871e-03,-3.466074338911342978e-01,-3.578242502763483990e-01,1.531739257735690307e-01,-7.708421373069024307e-02,5.131136744432656105e-01,1.191707330352389960e+00,4.971143972786312010e-02,1.425800615163515195e+00,-3.282799451841351135e-01,-8.301570223748991340e-02,-3.373740768547378588e-02,4.494489598376252837e-01,-1.623638955326939248e+00,1.488154779432719343e-01,-1.315458293480414431e+00
-2.883571838087501532e-02,0.000000000000000000e+00,2.867660964598537920e-01,7.162677096965500700e-01,4.533973236664409885e-19,6.978256000219960065e-01,4.533973236664409885e-19,-3.053562433877551330e-01,4.722121716563884748e-03,-1.379813686651075108e-03,2.675520258679824348e-01,5.072797118503621222e-02,-4.824470179955656253e-03,-2.762447692646037845e-01,6.131153468352531534e-03,-3.216742242558639706e-03,1.839870716853676536e-01,8.539298580589764487e-02,-6.848846240170483775e-03,1.947864950815205538e-03,3.789754869499588428e-03,-3.466622681726897470e-01,-3.379708878421254781e-01,1.528735652897650898e-01,-7.883269370424361711e-02,4.789011962241885301e-01,1.194397432606699283e+00,5.529305402017564708e-02,1.412471728315232822e+00,-3.066935889222954792e-01,-8.233480856853135632e-02,-2.953445198432522525e-02,4.134198977937671993e-01,-1.625832278503295925e+00,1.479863874583980388e-01,-1.300653188858011733e+00
-2.794859455160911624e-02,0.000000000000000000e+00,2.840079319047551509e-01,7.152089094731426400e-01,4.857774496971615175e-19,6.989107352232029058e-01,4.857774496971615175e-19,-3.049031098071559032e-01,4.722732211130875254e-03,-1.377668501507202164e-03,2.674173042893807084e-01,5.041326544428197803e-02,-4.824471473461681634e-03,-2.757990278286511221e-01,6.132082522789757302e-03,-3.213826668418813277e-03,1.838669055982616318e-01,8.507142325421240825e-02,-6.848345914500650160e-03,1.939091581376806281e-03,3.784927172649793330e-03,-3.466967419856562538e-01,-3.180811238124450768e-01,1.525874629305075114e-01,-8.063793685466170980e-02,4.449311274038770803e-01,1.197125026761871602e+00,6.074726999773912700e-02,1.399402737463104396e+00,-2.850800152457214631e-01,-8.168701199394957924e-02,-2.535431477243117737e-02,3.776751010272809683e-01,-1.628013465906298363e+00,1.471309779020790187e-01,-1.286177127005646792e+00
-2.704064640818799534e-02,0.000000000000000000e+00,2.811812765402518233e-01,7.141484652874707795e-01,5.181564591311762032e-19,6.999942639247482834e-01,5.181564591311762032e-19,-3.043497072659292479e-01,4.723462499646845052e-03,-1.375040679450644735e-03,2.672370093792006407e-01,5.004459420203651032e-02,-4.824453738950262340e-03,-2.752554424050904225e-01,6.133215212539714148e-03,-3.210269005348990751e-03,1.837060860536516571e-01,8.469350690874344334e-02,-6.847732280926480466e-03,1.931053381330972074e-03,3.781197936000094736e-03,-3.467107888847127950e-01,-2.981809724627051406e-01,1.523183364167565446e-01,-8.249666920029403994e-02,4.112408410441866780e-01,1.199882993746707482e+00,6.607004481273053009e-02,1.386604698698437499e+00,-2.634730794427079248e-01,-8.107246643267523867e-02,-2.120195219610073248e-02,3.422665041653549789e-01,-1.630178171137382837e+00,1.462510408626391256e-01,-1.272048920921357462e+00
-2.611572545631370840e-02,0.000000000000000000e+00,2.782976762781040336e-01,7.130863795770517877e-01,5.505342775432180534e-19,7.010761836360530630e-01,5.505342775432180534e-19,-3.037104064498807876e-01,4.724293713451193158e-03,-1.371998488233952106e-03,2.670159716786166815e-01,4.963139253612897789e-02,-4.824417517034899384e-03,-2.746281283661820560e-01,6.134522090371558219e-03,-3.206161746083021225e-03,1.835089369727010145e-01,8.426891217159925007e-02,-6.847021280250995164e-03,1.923883240918741484e-03,3.778677605573082382e-03,-3.467046402583521258e-01,-2.782950490474457861e-01,1.520688226583096214e-01,-8.440548403754773166e-02,3.778642239435428540e-01,1.202664053326887084e+00,7.125834871665071013e-02,1.374086639410340371e+00,-2.419049524955436681e-01,-8.049105423275527971e-02,-1.708192212533409318e-02,3.072416108918568645e-01,-1.632322270371831641e+00,1.453484800375850483e-01,-1.258284348864157298e+00
-2.517768320168829732e-02,0.000000000000000000e+00,2.753686770300717845e-01,7.120226547831620678e-01,5.829108305096008790e-19,7.021564918702510871e-01,5.829108305096008790e-19,-3.029999957598378257e-01,4.725207224312665162e-03,-1.368612589555552117e-03,2.667599364614741675e-01,4.918259558909435919e-02,-4.824364324254834177e-03,-2.739315690371134093e-01,6.135972994526186185e-03,-3.201599845464647362e-03,1.832805911277975985e-01,8.380686833626024845e-02,-6.846229402237484322e-03,1.917688733786555681e-03,3.777459285008446469e-03,-3.466787600107712475e-01,-2.584467249131003341e-01,1.518414769071495807e-01,-8.636083418977065496e-02,3.448318425596080816e-01,1.205460802697831735e+00,7.631012358126557094e-02,1.361855613990300862e+00,-2.204063371824996065e-01,-7.994244612880221923e-02,-1.299845945948622031e-02,2.726437425330657249e-01,-1.634441842821945601e+00,1.444252967685150657e-01,-1.244896244116314721e+00
-2.423037115001383524e-02,0.000000000000000000e+00,2.724058247079153006e-01,7.109572933508686576e-01,6.152860436119201612e-19,7.032351861441568097e-01,6.152860436119201612e-19,-3.022336799356938331e-01,4.726184645080451323e-03,-1.364956032309714217e-03,2.664755630560020072e-01,4.870663788617456136e-02,-4.824296652673964840e-03,-2.731806143880105564e-01,6.137537050354203647e-03,-3.196680711738737746e-03,1.830269896052725553e-01,8.331615783574940204e-02,-6.845373684010263443e-03,1.912556882092452835e-03,3.777620147281167493e-03,-3.466337900394353411e-01,-2.386582930364410382e-01,1.516387698586394439e-01,-8.835902454982448584e-02,3.121711373586947280e-01,1.208265752549176231e+00,8.122424197273470092e-02,1.349916768124101552e+00,-1.990066963939002009e-01,-7.942615187859516923e-02,-8.955553109299714890e-03,2.385123118288240696e-01,-1.636533150722992547e+00,1.434835790113303255e-01,-1.231894589979843468e+00
-2.327764080699236751e-02,0.000000000000000000e+00,2.694206652233948063e-01,7.098902977289630600e-01,6.476598424293709022e-19,7.043122639783324646e-01,6.476598424293709022e-19,-3.014270786626164211e-01,4.727207830211421075e-03,-1.361104246089884931e-03,2.661704241266568127e-01,4.821145267571111392e-02,-4.824217969363098039e-03,-2.723904797101479591e-01,6.139182671985883577e-03,-3.191504197734904794e-03,1.827548812326432737e-01,8.280511551055810826e-02,-6.844471708429459601e-03,1.908558132434723864e-03,3.779222744040052276e-03,-3.465705049464193332e-01,-2.189511390988216344e-01,1.514630827556199266e-01,-9.039620514038264332e-02,2.799066325378180009e-01,1.211071361699456617e+00,8.600046929625636272e-02,1.338273405389533321e+00,-1.777344880066495103e-01,-7.894156165120234936e-02,-4.957023123516791918e-03,2.048831074499234406e-01,-1.638592620196262395e+00,1.425254936793225735e-01,-1.219286612182909568e+00
-2.232334367832594993e-02,0.000000000000000000e+00,2.664247444882702487e-01,7.088216703700515042e-01,6.800321525559885499e-19,7.053877228969965829e-01,6.800321525559885499e-19,-3.005962251584179401e-01,4.728258876413653396e-03,-1.357135034204806504e-03,2.658530049154343433e-01,4.770447129050676971e-02,-4.824132715992386113e-03,-2.715767442758855732e-01,6.140877564033791342e-03,-3.186172591942767942e-03,1.824718219705472877e-01,8.228162789623946760e-02,-6.843541602440266804e-03,1.905749707950741851e-03,3.782316209318660905e-03,-3.464897745547947383e-01,-1.993459147243391294e-01,1.513167005530211551e-01,-9.246836487208050237e-02,2.480601513894307997e-01,1.213870071389251626e+00,9.063943076517923247e-02,1.326927051368499200e+00,-1.566174025979161222e-01,-7.848797839107228558e-02,-1.006596854277256366e-03,1.717885788065080799e-01,-1.640616824114361494e+00,1.415532822493368315e-01,-1.207076862857693555e+00
-2.137133126971663480e-02,0.000000000000000000e+00,2.634296084143019634e-01,7.077514137304128372e-01,7.124028995613785160e-19,7.064615604281679895e-01,7.124028995613785160e-19,-2.997575647437623059e-01,4.729320123234328523e-03,-1.353128566705786998e-03,2.655327024437508787e-01,4.719262253254653122e-02,-4.824046308190135975e-03,-2.707553499829977728e-01,6.142588723326735355e-03,-3.180790609482934787e-03,1.821861742688768437e-01,8.175313253062846397e-02,-6.842602035395857832e-03,1.904178475057586879e-03,3.786937355750969684e-03,-3.463925329474638604e-01,-1.798627107093773714e-01,1.512018031944135921e-01,-9.457132614943725146e-02,2.166510302284918865e-01,1.216654340299470505e+00,9.514258435984740414e-02,1.315877511653506193e+00,-1.356826017809694696e-01,-7.806464147001873632e-02,2.892016623385950790e-03,1.392581137791648882e-01,-1.642602467927160470e+00,1.405692594860945555e-01,-1.195267291758161488e+00
-2.042545508686649525e-02,0.000000000000000000e+00,2.604468029132499529e-01,7.066795302701465165e-01,8.110282867720210123e-19,7.075337741035159222e-01,8.110282867720210123e-19,-2.958960427639789059e-01,4.734555202100326592e-03,-1.334871888787385547e-03,2.643254410256702935e-01,4.455793965497631404e-02,-4.824059081944592070e-03,-2.669502711554575525e-01,6.150604143950385086e-03,-3.155765086895821747e-03,1.810888794162109072e-01,7.906750801392596617e-02,-6.838275408457084557e-03,1.901091371850517761e-03,3.804824706230328611e-03,-3.459817859639145454e-01,-1.621168720901389193e-01,1.521311043364936277e-01,-9.866498623500066789e-02,2.017586479547619494e-01,1.219764190732639753e+00,9.333659975387370578e-02,1.318359694642978308e+00,-1.180535247184262282e-01,-7.897962348659387510e-02,4.949819635463259537e-03,1.268714956238861102e-01,-1.643261935400675888e+00,1.386769307850568012e-01,-1.200791908338055380e+00
-1.948956663547755930e-02,0.000000000000000000e+00,2.574878738968743863e-01,7.056060224530644742e-01,8.493603131729435178e-19,7.086043614584697226e-01,8.493603131729435178e-19,-2.959728384450796557e-01,4.734436457370666367e-03,-1.335227582356863282e-03,2.643339553277661014e-01,4.462565779023250356e-02,-4.824040934075506104e-03,-2.670266560763611685e-01,6.150443231673121888e-03,-3.156264590417314636e-03,1.810967396799462170e-01,7.913545521609176292e-02,-6.838359289659316081e-03,1.899799396985708821e-03,3.802605216550410550e-03,-3.460117884063363403e-01,-1.431649823713946890e-01,1.519210274752508805e-01,-1.003113483935652583e-01,1.689052974301685772e-01,1.222242347298149845e+00,9.873310603785820372e-02,1.305487072670934001e+00,-9.764005608148484949e-02,-7.833416312626403921e-02,8.956953619185428761e-03,9.271259872367554333e-02,-1.645299654084970031e+00,1.378920073633860544e-01,-1.186732026034223786e+00
-1.856751742125189314e-02,0.000000000000000000e+00,2.545643672769354326e-01,7.045308927466678028e-01,3.148828557562522842e-19,7.096733200322408175e-01,3.148828557562522842e-19,-2.960496341261803499e-01,4.734317712641007009e-03,-1.335583275926341233e-03,2.643424696298619647e-01,4.469337592548868615e-02,-4.824022786206420138e-03,-2.671030409972647290e-01,6.150282319395858691e-03,-3.156764093938807091e-03,1.811045999436815546e-01,7.920340241825754579e-02,-6.838443170861547606e-03,1.898507422120900099e-03,3.800385726870492056e-03,-3.460417908487581906e-01,-1.242130926526504586e-01,1.517109506140081332e-01,-1.019577105521298488e-01,1.360519469055750941e-01,1.224720503863659937e+00,1.041296123218427017e-01,1.292614450698889472e+00,-7.722658744454347080e-02,-7.768870276593420332e-02,1.296408760290761186e-02,5.855370182346497643e-02,-1.647337372769264174e+00,1.371070839417153353e-01,-1.172672143730392191e+00
-1.766315894989154561e-02,0.000000000000000000e+00,2.516878289651931500e-01,7.034541436222573330e-01,4.461696744424099588e-19,7.107406473677135850e-01,4.461696744424099588e-19,-2.960609566859151442e-01,4.734300205220335830e-03,-1.335635718480791736e-03,2.643437249568894587e-01,4.470336011497144657e-02,-4.824020110530798100e-03,-2.671143029955616588e-01,6.150258594899308227e-03,-3.156837739466508436e-03,1.811057588409580588e-01,7.921342038078237058e-02,-6.838455538092481391e-03,1.898316936635609936e-03,3.800058490961891189e-03,-3.460462143324963269e-01,-1.053562501116590833e-01,1.515397058573444422e-01,-1.036677478373967676e-01,1.037644537255587585e-01,1.227207370634118666e+00,1.093218343566400297e-01,1.280183363431131705e+00,-5.698148405432281599e-02,-7.709030991713521075e-02,1.690351667359845517e-02,2.511129342915026028e-02,-1.649331352444735055e+00,1.362966582753684375e-01,-1.159186684238676879e+00
-1.678034272709856556e-02,0.000000000000000000e+00,2.488698048734076795e-01,7.023757775548028492e-01,5.774554675745823587e-19,7.118063410115746947e-01,5.774554675745823587e-19,-2.955781530391018430e-01,4.735046736635876996e-03,-1.333399523032942997e-03,2.642901967370335781e-01,4.427762572224960141e-02,-4.824134203631491764e-03,-2.666340817403401453e-01,6.151270227756340178e-03,-3.153697431075254496e-03,1.810563424682931633e-01,7.878624587661496592e-02,-6.837928188770800268e-03,1.906439400911988076e-03,3.814012110438529720e-03,-3.458575931964254502e-01,-8.721672943353717122e-02,1.516615273258373475e-01,-1.058583418481180149e-01,7.574749076145348425e-02,1.229759973395769368e+00,1.129723214168023987e-01,1.271084542350425117e+00,-3.800703462012242073e-02,-7.684713598014583646e-02,2.033197618696728354e-02,-2.923770087334489481e-03,-1.650995233446779897e+00,1.352937669504827856e-01,-1.150036398619601163e+00
-1.592292025857503998e-02,0.000000000000000000e+00,2.461218409133392460e-01,7.012957970230215832e-01,7.087399333810621469e-19,7.128703985142355037e-01,7.087399333810621469e-19,-2.950953493922884863e-01,4.735793268051419029e-03,-1.331163327585094041e-03,2.642366685171776974e-01,4.385189132952776320e-02,-4.824248296732186296e-03,-2.661538604851185763e-01,6.152281860613372129e-03,-3.150557122684000989e-03,1.810069260956282677e-01,7.835907137244757514e-02,-6.837400839449119146e-03,1.914561865188366217e-03,3.827965729915168685e-03,-3.456689720603545735e-01,-6.907720875541523142e-02,1.517833487943302528e-01,-1.080489358588392623e-01,4.773052779734820311e-02,1.232312576157420070e+00,1.166228084769647538e-01,1.261985721269718752e+00,-1.903258518592202547e-02,-7.660396204315646218e-02,2.376043570033610844e-02,-3.095883360381924618e-02,-1.652659114448824740e+00,1.342908756255971336e-01,-1.140886113000525448e+00
-1.509474305002299344e-02,0.000000000000000000e+00,2.434554829967479628e-01,7.002142045093345812e-01,8.400227700940862912e-19,7.139328174298753549e-01,8.400227700940862912e-19,-2.946125457454751850e-01,4.736539799466961062e-03,-1.328927132137245302e-03,2.641831402973218723e-01,4.342615693680591804e-02,-4.824362389832879960e-03,-2.656736392298970628e-01,6.153293493470404080e-03,-3.147416814292747049e-03,1.809575097229634000e-01,7.793189686828017049e-02,-6.836873490127438023e-03,1.922684329464744357e-03,3.841919349391807650e-03,-3.454803509242836967e-01,-5.093768807729331244e-02,1.519051702628231304e-01,-1.102395298695604958e-01,1.971356483324292197e-02,1.234865178919070994e+00,1.202732955371271228e-01,1.252886900189012165e+00,-5.813575172162327442e-05,-7.636078810616710177e-02,2.718889521370493334e-02,-5.899389712030400634e-02,-1.654322995450869360e+00,1.332879843007114540e-01,-1.131735827381449733e+00
-1.429966260714449211e-02,0.000000000000000000e+00,2.408822770353939435e-01,6.991310024998477202e-01,0.000000000000000000e+00,7.149935953164601177e-01,0.000000000000000000e+00,-2.941297420986618283e-01,4.737286330882503095e-03,-1.326690936689396347e-03,2.641296120774659917e-01,4.300042254408407982e-02,-4.824476482933573625e-03,-2.651934179746755493e-01,6.154305126327436030e-03,-3.144276505901493542e-03,1.809080933502985045e-01,7.750472236411277971e-02,-6.836346140805756900e-03,1.930806793741122497e-03,3.855872968868446615e-03,-3.452917297882128200e-01,-3.279816739917138652e-02,1.520269917313160357e-01,-1.124301238802817432e-01,-8.303398130862348764e-03,1.237417781680721696e+00,1.239237825972894780e-01,1.243788079108305800e+00,1.891631368247877545e-02,-7.611761416917772749e-02,3.061735472707376171e-02,-8.702896063678874916e-02,-1.655986876452914203e+00,1.322850929758258021e-01,-1.122585541762374017e+00
-1.349832813044014694e-02,0.000000000000000000e+00,2.382555689825055223e-01,6.978100131588790278e-01,1.131137775144161695e-18,7.162828949061992301e-01,1.131137775144161695e-18,-2.942928016873809782e-01,4.737309322856790225e-03,-1.327586920243447157e-03,2.644144250936458773e-01,4.287750585941853265e-02,-4.824763108771871860e-03,-2.653409330165488744e-01,6.154016831733706214e-03,-3.145256855224996210e-03,1.811599254132989223e-01,7.739852772361678623e-02,-6.836545586101845304e-03,1.933777732175497987e-03,3.856962275207064406e-03,-3.452992844649479531e-01,-1.485143090122767809e-02,1.525696905249764035e-01,-1.144594377733194474e-01,-2.849107896905184525e-02,1.239498485905707215e+00,1.240987581574272691e-01,1.241314331260765513e+00,3.733445342168639769e-02,-7.668492110277386198e-02,3.352355546133652803e-02,-1.065619484559461594e-01,-1.656486835802182700e+00,1.312937097663901820e-01,-1.121250334105748259e+00
-1.265203533740104878e-02,0.000000000000000000e+00,2.354346000797152838e-01,6.964866461654766194e-01,1.290968020203356916e-18,7.175697539007384052e-01,1.290968020203356916e-18,-2.944558612761001282e-01,4.737332314831077355e-03,-1.328482903797497750e-03,2.646992381098257630e-01,4.275458917475297854e-02,-4.825049734610169228e-03,-2.654884480584221995e-01,6.153728537139976397e-03,-3.146237204548498877e-03,1.814117574762993679e-01,7.729233308312079276e-02,-6.836745031397932840e-03,1.936748670609873260e-03,3.858051581545682198e-03,-3.453068391416830862e-01,3.095305596716030339e-03,1.531123893186367713e-01,-1.164887516663571515e-01,-4.867875980724134521e-02,1.241579190130692512e+00,1.242737337175650603e-01,1.238840583413225449e+00,5.575259316089402339e-02,-7.725222803636999647e-02,3.642975619559928740e-02,-1.260949362751035696e-01,-1.656986795151450975e+00,1.303023265569545897e-01,-1.119915126449122722e+00
-1.176560550921494988e-02,0.000000000000000000e+00,2.324397591713896205e-01,6.951609060287526898e-01,1.450793866539644478e-18,7.188541679153593877e-01,1.450793866539644478e-18,-2.946189208648193336e-01,4.737355306805364485e-03,-1.329378887351548560e-03,2.649840511260056486e-01,4.263167249008743137e-02,-4.825336360448467463e-03,-2.656359631002955801e-01,6.153440242546245713e-03,-3.147217553872001545e-03,1.816635895392997857e-01,7.718613844262479928e-02,-6.836944476694021243e-03,1.939719609044248750e-03,3.859140887884299990e-03,-3.453143938184181638e-01,2.104204209465974224e-02,1.536550881122971390e-01,-1.185180655593948557e-01,-6.886644064543083477e-02,1.243659894355678031e+00,1.244487092777028514e-01,1.236366835565685163e+00,7.417073290010163522e-02,-7.781953496996614483e-02,3.933595692986205372e-02,-1.456279240942609798e-01,-1.657486754500719472e+00,1.293109433475189696e-01,-1.118579918792496963e+00
-1.084385992706960594e-02,0.000000000000000000e+00,2.292914351018950081e-01,6.938327972659186216e-01,1.610614769576364372e-18,7.201361325736618246e-01,1.610614769576364372e-18,-2.947819804535384836e-01,4.737378298779651616e-03,-1.330274870905599153e-03,2.652688641421855342e-01,4.250875580542187726e-02,-4.825622986286764830e-03,-2.657834781421689052e-01,6.153151947952515896e-03,-3.148197903195504212e-03,1.819154216023002313e-01,7.707994380212881969e-02,-6.837143921990108779e-03,1.942690547478624023e-03,3.860230194222917348e-03,-3.453219484951532969e-01,3.898877859260344719e-02,1.541977869059574791e-01,-1.205473794524325598e-01,-8.905412148362033820e-02,1.245740598580663550e+00,1.246236848378406287e-01,1.233893087718145098e+00,9.258887263930926093e-02,-7.838684190356227932e-02,4.224215766412481310e-02,-1.651609119134183901e-01,-1.657986713849987748e+00,1.283195601380833772e-01,-1.117244711135871205e+00
-9.891619872152772677e-03,0.000000000000000000e+00,2.260100167155978390e-01,6.925023244022415758e-01,1.770430184755499783e-18,7.214156435076055640e-01,1.770430184755499783e-18,-2.949450400422576335e-01,4.737401290753938746e-03,-1.331170854459649963e-03,2.655536771583654199e-01,4.238583912075633009e-02,-4.825909612125063065e-03,-2.659309931840422303e-01,6.152863653358786079e-03,-3.149178252519006880e-03,1.821672536653006491e-01,7.697374916163282621e-02,-6.837343367286197182e-03,1.945661485912999512e-03,3.861319500561535140e-03,-3.453295031718884300e-01,5.693551509054716603e-02,1.547404856996178468e-01,-1.225766933454702640e-01,-1.092418023218098555e-01,1.247821302805648847e+00,1.247986603979784198e-01,1.231419339870604812e+00,1.110070123785168866e-01,-7.895414883715841381e-02,4.514835839838757942e-02,-1.846938997325758003e-01,-1.658486673199256245e+00,1.273281769286477572e-01,-1.115909503479245668e+00
-8.913706625652207532e-03,0.000000000000000000e+00,2.226158928568645334e-01,6.911694919710528184e-01,1.930239567536647680e-18,7.226926963575021068e-01,1.930239567536647680e-18,-2.937341478516460880e-01,4.740817512967424215e-03,-1.326351975348985740e-03,2.676858045686528742e-01,3.905692196723532794e-02,-4.827995283342440512e-03,-2.646881413699842533e-01,6.155224712437751960e-03,-3.141016096097200890e-03,1.842237782674263635e-01,7.368474277810056761e-02,-6.835783192731152876e-03,2.087739138303363901e-03,3.951397672993571183e-03,-3.457508276615497422e-01,7.900400470580667966e-02,1.539006871570511303e-01,-1.248108342939717730e-01,-1.483717268092556996e-01,1.252388340259531940e+00,1.293579110102247853e-01,1.220404257035893503e+00,1.287535151074110373e-01,-7.801180865512202800e-02,4.909951660906369114e-02,-2.164165258767245525e-01,-1.660371375747092149e+00,1.278013898545630189e-01,-1.109819389153746227e+00
-7.914941468755667953e-03,0.000000000000000000e+00,2.191294523700615393e-01,6.898343045137158569e-01,2.090042373400870678e-18,7.239672867720460259e-01,2.090042373400870678e-18,-2.931227243520458381e-01,4.742334968152408896e-03,-1.323810946956861367e-03,2.682983646989611226e-01,3.783834921027612319e-02,-4.828806612631619637e-03,-2.640576073796048195e-01,6.156539631994594614e-03,-3.136904985354395988e-03,1.847927032318449903e-01,7.248937893215723349e-02,-6.835099264982571338e-03,2.120033233471811662e-03,3.970836774707726946e-03,-3.458341566222438712e-01,9.926911922456466142e-02,1.543114265356071435e-01,-1.270848205540830167e-01,-1.723553243478744557e-01,1.254946537180277710e+00,1.298091842519932260e-01,1.217378330805190645e+00,1.482994368809492647e-01,-7.835720664472822783e-02,5.228968549507564956e-02,-2.381236681358097906e-01,-1.661068512912724726e+00,1.269681431347462752e-01,-1.108770362356957584e+00
-6.900145682650909648e-03,0.000000000000000000e+00,2.155710840995552491e-01,6.884967665796312142e-01,2.249838057850130041e-18,7.252394104083098592e-01,2.249838057850130041e-18,-2.923984574091991195e-01,4.743998699659777302e-03,-1.320731904955479161e-03,2.688695462142778325e-01,3.654913888299289593e-02,-4.829608889699432174e-03,-2.633165517976781000e-01,6.158086931960212243e-03,-3.132069551018830302e-03,1.853248648557720424e-01,7.122118023880734394e-02,-6.834289424598507731e-03,2.152563959663810790e-03,3.990372383588419551e-03,-3.459139170494058280e-01,1.198370261121461944e-01,1.547588310864919381e-01,-1.293997970315352297e-01,-1.962751549116658334e-01,1.257489817046013592e+00,1.301074817197332145e-01,1.214688871894853861e+00,1.680635103037671774e-01,-7.871485434441645446e-02,5.548887721722108729e-02,-2.596875959502897291e-01,-1.661741914092910832e+00,1.261184402526656367e-01,-1.108084262081765248e+00
-5.874140548525690064e-03,0.000000000000000000e+00,2.119611768897122495e-01,6.871568827261937962e-01,2.409626076412339327e-18,7.265090629317847437e-01,2.409626076412339327e-18,-2.915799626940423495e-01,4.745765143604256837e-03,-1.317193394668198002e-03,2.693868441223861154e-01,3.522027155251532260e-02,-4.830380061688485487e-03,-2.624842421786430791e-01,6.159824988114008526e-03,-3.126634958585594679e-03,1.858092185453346090e-01,6.991035216116145423e-02,-6.833372818592962396e-03,2.184879126878170978e-03,4.009699053570149434e-03,-3.459888225306989029e-01,1.406461458934373798e-01,1.552451534883802775e-01,-1.317483128169025242e-01,-2.200496632519911289e-01,1.260006898310229717e+00,1.302490719634189220e-01,1.212357966008115184e+00,1.879939380388690739e-01,-7.908551790361041667e-02,5.868916377186209066e-02,-2.810477399438623403e-01,-1.662387467132477870e+00,1.252554008334629543e-01,-1.107771656823707040e+00
-4.841747347567764044e-03,0.000000000000000000e+00,2.083201195848987386e-01,6.858146575188024396e-01,2.569405884640298188e-18,7.277762400163718670e-01,2.569405884640298188e-18,-2.906869576045303938e-01,4.747591221796082159e-03,-1.313280214887120470e-03,2.698400446403453334e-01,3.388153026254915601e-02,-4.831100488800892621e-03,-2.615809156249022105e-01,6.161710247517059730e-03,-3.120732838369494680e-03,1.862367314067654156e-01,6.858604414102278946e-02,-6.832369986745559856e-03,2.216571615874085750e-03,4.028526582025315252e-03,-3.460578595581265682e-01,1.616344822102862844e-01,1.557721663397736156e-01,-1.341227494113315932e-01,-2.436020466774691806e-01,1.262487055697628202e+00,1.302323812493816346e-01,1.210402734249705015e+00,2.080383352895573412e-01,-7.946967193279529107e-02,6.188274298627266523e-02,-3.021472730200520651e-01,-1.663001593637515318e+00,1.243821515024999685e-01,-1.107838520920724212e+00
-3.807787360964886864e-03,0.000000000000000000e+00,2.046683010294813310e-01,6.844700955308267165e-01,2.729176938115599701e-18,7.290409373444134422e-01,2.729176938115599701e-18,-2.897402594038074874e-01,4.749434337902303654e-03,-1.309083410273723146e-03,2.702212282172481439e-01,3.256149575051638101e-02,-4.831752942961478788e-03,-2.606277792291770146e-01,6.163697220945445199e-03,-3.114501287421269932e-03,1.866003901349923277e-01,6.727634227149416335e-02,-6.831302860291215036e-03,2.247276554314810073e-03,4.046579959883265555e-03,-3.461202518345541379e-01,1.827394740017832808e-01,1.563411244870101524e-01,-1.365153014652909502e-01,-2.668602211424929704e-01,1.264920163658124208e+00,1.300579758024487109e-01,1.208835228743302848e+00,2.281435983799842970e-01,-7.986748974617627339e-02,6.506190237706564738e-02,-3.229331067000874023e-01,-1.663581255067690279e+00,1.235018133588063477e-01,-1.108286144197555556e+00
-2.777081869904813368e-03,0.000000000000000000e+00,2.010261100678263635e-01,6.831232013436036032e-01,2.888938692449030958e-18,7.303031506066959277e-01,2.888938692449030958e-18,-2.887617832640542725e-01,4.751252373616365356e-03,-1.304700263247283347e-03,2.705247723600524568e-01,3.128754176756319560e-02,-4.832322606334504313e-03,-2.596470104247387556e-01,6.165738475537545574e-03,-3.108084870845306998e-03,1.868952087096903414e-01,6.600826207076550267e-02,-6.830194760522565432e-03,2.276668793156365160e-03,4.063599445844087547e-03,-3.461754250276479761e-01,2.038978405726851462e-01,1.569527227812271275e-01,-1.389179611071610920e-01,-2.897567845832078604e-01,1.267296742762827888e+00,1.297285459055427248e-01,1.207662323498582158e+00,2.482557676254345258e-01,-8.027882940807698486e-02,6.821898452830624238e-02,-3.433558853235817998e-01,-1.664123961099067017e+00,1.226174903997367116e-01,-1.109111037276807599e+00
-1.754452155575308807e-03,0.000000000000000000e+00,1.974139355443003119e-01,6.817739795464120567e-01,3.048690603283611415e-18,7.315628755024742302e-01,3.048690603283611415e-18,-2.877745402162693589e-01,4.753003684837174385e-03,-1.300234285361310691e-03,2.707473542624351248e-01,3.008583050167659700e-02,-4.832797069685521030e-03,-2.586617572434864454e-01,6.167784627655756302e-03,-3.101634622518574698e-03,1.871182358981647864e-01,6.480774135759401200e-02,-6.829070397310036018e-03,2.304460671697137943e-03,4.079340781446864558e-03,-3.462229717202163770e-01,2.250454194633207672e-01,1.576070492234572518e-01,-1.413225061635911828e-01,-3.122289783479688663e-01,1.269608009536832505e+00,1.292488919762624366e-01,1.206885599755893379e+00,2.683198844036892572e-01,-8.070321550726809734e-02,7.134635432369731967e-02,-3.633699787034773698e-01,-1.664627780611126928e+00,1.217322588494259561e-01,-1.110304832047043444e+00
-7.447194991641215185e-04,0.000000000000000000e+00,1.938521663032695685e-01,6.804224347364641323e-01,3.208432126295628657e-18,7.328201077394795870e-01,3.208432126295628657e-18,-2.868026350060578489e-01,4.754647097858551857e-03,-1.295795208169347838e-03,2.708879532366951781e-01,2.898130810400383756e-02,-4.833166330597525769e-03,-2.576961384817172407e-01,6.169784335963924421e-03,-3.095308045209674720e-03,1.872685625645998386e-01,6.369963322882749024e-02,-6.827955867529114653e-03,2.330400061202912362e-03,4.093575564937651685e-03,-3.462626162946918495e-01,2.461169969846796757e-01,1.583035334561207763e-01,-1.437204925798465371e-01,-3.342186474690204689e-01,1.271845930230024901e+00,1.286259126870320790e-01,1.206501225086280993e+00,2.882798423220253592e-01,-8.113981658837046695e-02,7.443636837454864486e-02,-3.829334737700353930e-01,-1.665091355662575490e+00,1.208491573311042677e-01,-1.111854176829997431e+00
2.472948181409871486e-04,0.000000000000000000e+00,1.903611911891006370e-01,6.790685715188855553e-01,3.368162717196941424e-18,7.340748430339376629e-01,3.368162717196941424e-18,-2.858712638556589192e-01,4.756141905568987173e-03,-1.291498973580232357e-03,2.709478529487371889e-01,2.799770031850086494e-02,-4.833422791531775432e-03,-2.567752437735277837e-01,6.171684294721005611e-03,-3.089269110098402573e-03,1.873473287850808133e-01,6.270769913947905894e-02,-6.826878653409976933e-03,2.354268678513007137e-03,4.106091803352684803e-03,-3.462941794761420500e-01,2.670461312420841504e-01,1.590408905589126287e-01,-1.461032513561039137e-01,-3.556722004335151066e-01,1.274003279033276259e+00,1.278685951418905287e-01,1.206499825574494311e+00,3.080782323660393174e-01,-8.158741817415358921e-02,7.748134699542544301e-02,-4.020081656884514354e-01,-1.665513918832686402e+00,1.199711778098463688e-01,-1.113740625845089705e+00
1.216769515152270591e-03,0.000000000000000000e+00,1.869613990461598541e-01,6.777123945067075050e-01,3.527881831736001125e-18,7.353270771105774317e-01,3.527881831736001125e-18,-2.850067121323540675e-01,4.757447863662395658e-03,-1.287467723704004098e-03,2.709306434562135935e-01,2.715750821504242518e-02,-4.833561257744653852e-03,-2.559251335717555031e-01,6.173429227292429912e-03,-3.083688255694569044e-03,1.873577307679750725e-01,6.185460208565610185e-02,-6.825867620795410956e-03,2.375880662499930268e-03,4.116694664001055264e-03,-3.463175422419094707e-01,2.877649674403731095e-01,1.598170601078320874e-01,-1.484618903246216481e-01,-3.765405690334830968e-01,1.276073701252710135e+00,1.269880070679877404e-01,1.206866350465014115e+00,3.276561819177815638e-01,-8.204439131715995925e-02,8.047354909260737155e-02,-4.205595488901695544e-01,-1.665895314318168730e+00,1.191012572177588269e-01,-1.115940522631978737e+00
2.158883310681965293e-03,0.000000000000000000e+00,1.836731787188136678e-01,6.763539083208361946e-01,3.687588925701326216e-18,7.365768057026571558e-01,3.687588925701326216e-18,-2.804159472846862178e-01,4.763891907333645849e-03,-1.265974222123496034e-03,2.715412470695649505e-01,2.192973470510461986e-02,-4.834316630249828849e-03,-2.516227135728419939e-01,6.181638343184062481e-03,-3.054553080696889057e-03,1.885639210947246958e-01,5.632260256699391648e-02,-6.820421148315504965e-03,2.248087759196094187e-03,4.048368743273357898e-03,-3.459799615892008018e-01,3.219578923933715808e-01,1.605000483142287326e-01,-1.524237640251179249e-01,-4.139554801832586728e-01,1.280352672302322636e+00,1.257602040646456087e-01,1.209103956526783374e+00,3.526858505692045398e-01,-8.141906241500461439e-02,8.486634428601055880e-02,-4.455250105226247204e-01,-1.666660791278392617e+00,1.189871126525166162e-01,-1.124763224746642143e+00
3.068814923542293859e-03,0.000000000000000000e+00,1.805169190514286093e-01,6.749931175900530933e-01,3.847283454921622764e-18,7.378240245519664953e-01,3.847283454921622764e-18,-2.794101768711899636e-01,4.765048528518863249e-03,-1.261117791578946021e-03,2.710206996162279891e-01,2.144876846596032241e-02,-4.834133655951425995e-03,-2.506467723294822925e-01,6.183667759037419186e-03,-3.048132192449368345e-03,1.881043582435861783e-01,5.581169283721964386e-02,-6.819353779523182335e-03,2.258749726126634948e-03,4.050894755298162751e-03,-3.459826887750562796e-01,3.428562570713130087e-01,1.615016200278237835e-01,-1.547716598860087445e-01,-4.331361975100314621e-01,1.282105548719611132e+00,1.241733816256467976e-01,1.211569524659084296e+00,3.718352457495999741e-01,-8.186308512535947490e-02,8.770228247824686518e-02,-4.620668590271316822e-01,-1.666830361372797054e+00,1.181801128897598946e-01,-1.129026246539081457e+00
3.941743072545540912e-03,0.000000000000000000e+00,1.775130088883709600e-01,6.736300269509859495e-01,4.006964875269048894e-18,7.390687294088513770e-01,4.006964875269048894e-18,-2.786016185618677143e-01,4.765824619640152658e-03,-1.257136697511313742e-03,2.704278135176492737e-01,2.123668315988722077e-02,-4.833808325605964268e-03,-2.498688667924488516e-01,6.185279066661722273e-03,-3.043011715732166222e-03,1.875749974059708614e-01,5.556808910808076069e-02,-6.818493138568955045e-03,2.267820185911786218e-03,4.051738825984778879e-03,-3.459800121431839681e-01,3.631685995734419414e-01,1.625437145996744548e-01,-1.570403178178148285e-01,-4.513427985827517253e-01,1.283720206767078098e+00,1.224850209839297988e-01,1.214431320243047008e+00,3.904227849793600047e-01,-8.230955590319526116e-02,9.042657052134925322e-02,-4.777773623641771161e-01,-1.666944353059186090e+00,1.173960333197499317e-01,-1.133573729362452598e+00
4.772846476503924719e-03,0.000000000000000000e+00,1.746818370740072790e-01,6.722646410481039059e-01,4.166632642659896574e-18,7.403109160322195459e-01,4.166632642659896574e-18,-2.780347664166066268e-01,4.766168784908641869e-03,-1.254245284160434301e-03,2.697890858846723749e-01,2.131130657989898161e-02,-4.833345995917133660e-03,-2.493328167842054355e-01,6.186379708526382193e-03,-3.039478658815826084e-03,1.870009962203713905e-01,5.561023375414400616e-02,-6.817882378199049270e-03,2.275288467026498080e-03,4.050947633845033806e-03,-3.459716386945436706e-01,3.827874335889915325e-01,1.636159459782175474e-01,-1.592167202717619245e-01,-4.685375424606157968e-01,1.285197406390479413e+00,1.207239702543612125e-01,1.217625931400930339e+00,4.083559248410842946e-01,-8.275310523632226078e-02,9.302774358113037600e-02,-4.926315197806188095e-01,-1.667007537160554609e+00,1.166384196343581980e-01,-1.138339211993848465e+00
5.557303854229706484e-03,0.000000000000000000e+00,1.720437924527038753e-01,6.708969645336951837e-01,4.326286213057136150e-18,7.415505801895604376e-01,4.326286213057136150e-18,-2.776245394419298851e-01,4.766208142919069884e-03,-1.252051486013883120e-03,2.688662208607510151e-01,2.182517419031273706e-02,-4.832782309428046430e-03,-2.489270413365829715e-01,6.187319365601372245e-03,-3.036844595696955220e-03,1.860882685000001813e-01,5.611991216501659163e-02,-6.817537882468782326e-03,2.259518871844360451e-03,4.041485496281778736e-03,-3.459695690580155136e-01,4.016915055349289387e-01,1.647646999146804569e-01,-1.612369491950464695e-01,-4.842408483373334405e-01,1.286453160759757131e+00,1.186886201941024233e-01,1.221839038588227400e+00,4.251088565267177044e-01,-8.310518137241747205e-02,9.536633444160658168e-02,-5.056452678528087219e-01,-1.666924889442583213e+00,1.159284023899455202e-01,-1.144175448562330999e+00
6.290293924535114885e-03,0.000000000000000000e+00,1.696192638688272525e-01,6.695270020678519840e-01,4.485925042472246749e-18,7.427877176569592788e-01,4.485925042472246749e-18,-2.774644533376480759e-01,4.765828001510606475e-03,-1.251001224259542209e-03,2.677863650089296055e-01,2.274466368904520808e-02,-4.832117414174475455e-03,-2.487541034717528909e-01,6.187841008774582971e-03,-3.035766764718042000e-03,1.849831053235182765e-01,5.705334724192351326e-02,-6.817517908352757963e-03,2.228531974936660658e-03,4.025764029552698214e-03,-3.459627210019557975e-01,4.197411842766796686e-01,1.659455236259203270e-01,-1.630990163854492969e-01,-4.985923316766600610e-01,1.287532025653230328e+00,1.164837567892445525e-01,1.226719859801727042e+00,4.407423367731679864e-01,-8.339020326248029746e-02,9.747811734295765140e-02,-5.171575947546473984e-01,-1.666737486042203731e+00,1.152643646262130339e-01,-1.150670505400198440e+00
6.966995406232389873e-03,0.000000000000000000e+00,1.674286401667438307e-01,6.681547583184552774e-01,4.645548586966898776e-18,7.440223242191101871e-01,4.645548586966898776e-18,-2.824182746973422087e-01,4.758703286213703323e-03,-1.274055358643865973e-03,2.677957770810469040e-01,2.772131628475460463e-02,-4.830903281851084245e-03,-2.534815019026174787e-01,6.178451627977776285e-03,-3.067577441019355301e-03,1.845277833674900669e-01,6.226562919594579026e-02,-6.822888124777141787e-03,2.321383591034372699e-03,4.077419585714000400e-03,-3.462681322164026798e-01,4.219054237499634263e-01,1.665742441576275046e-01,-1.631546410600950847e-01,-4.984068992896891759e-01,1.287004424812294268e+00,1.160866497251025475e-01,1.226141084222347022e+00,4.482870131745253506e-01,-8.441078472501782615e-02,9.807309813848864855e-02,-5.232955115636377386e-01,-1.666560137742602699e+00,1.140915511104453051e-01,-1.147809217342539378e+00
7.582587018133787882e-03,0.000000000000000000e+00,1.654923101908200578e-01,6.667802379611610375e-01,4.805156302654654891e-18,7.452543956693294946e-01,4.805156302654654891e-18,-2.828419075558289975e-01,4.757371657425226059e-03,-1.275686409770527023e-03,2.669405776697337807e-01,2.899518612398514772e-02,-4.830047743195624473e-03,-2.539213016169358239e-01,6.177577051524688230e-03,-3.070457747813633460e-03,1.837103703999834192e-01,6.351945117818542930e-02,-6.823431084651880585e-03,2.271972199223480735e-03,4.049885759025853051e-03,-3.462085218672732445e-01,4.386838033707086137e-01,1.676824485147652144e-01,-1.648339022904743711e-01,-5.115979066370137662e-01,1.288004993579804358e+00,1.138320091833830289e-01,1.231595599533649388e+00,4.618865106367671114e-01,-8.450048942916305039e-02,9.989534025714440213e-02,-5.329106053490886286e-01,-1.666311738761516947e+00,1.136256389357586244e-01,-1.155168548733031875e+00
8.132247479051554068e-03,0.000000000000000000e+00,1.638306627854223263e-01,6.654034456793801455e-01,4.964747645703256474e-18,7.464839278095732888e-01,4.964747645703256474e-18,-2.836182374345359025e-01,4.755516076609812674e-03,-1.278962667442481950e-03,2.661465431175327745e-01,3.055801691100076128e-02,-4.829135205276237873e-03,-2.547111836046695998e-01,6.175965837749692808e-03,-3.075628465328184361e-03,1.829495258020842896e-01,6.506409979132919685e-02,-6.824361521375304183e-03,2.220559580807414737e-03,4.020133910818964908e-03,-3.461251867401779481e-01,4.545454558933757494e-01,1.687507365819739258e-01,-1.664007167367939910e-01,-5.239738105828307679e-01,1.288934943880107875e+00,1.116366382300006677e-01,1.236991602719802685e+00,4.746617511615737195e-01,-8.456578757096117060e-02,1.015919943369629486e-01,-5.418571841895197805e-01,-1.666052120179152274e+00,1.131942477407253955e-01,-1.162401760035654652e+00
8.611155507797915373e-03,0.000000000000000000e+00,1.624640867949171119e-01,6.640243861642664003e-01,5.124322072336041881e-18,7.477109164504484040e-01,5.124322072336041881e-18,-2.847844863625370593e-01,4.753104331544019852e-03,-1.284068661407880693e-03,2.654409545080507193e-01,3.241947888707469999e-02,-4.828184843749526965e-03,-2.558868916655226422e-01,6.173546323287000710e-03,-3.083324813486667485e-03,1.822694308528959861e-01,6.691080027501211669e-02,-6.825721599096588182e-03,2.167112383827282142e-03,3.988583077079003308e-03,-3.460167000853732744e-01,4.693979593826340668e-01,1.697635034931755660e-01,-1.678477835707166410e-01,-5.355331051844665069e-01,1.289800984650682603e+00,1.095321137137744150e-01,1.242244482709926157e+00,4.865388341745685019e-01,-8.460073491203831675e-02,1.031549195437440336e-01,-5.501308937032719504e-01,-1.665789085791102186e+00,1.128005331061723154e-01,-1.169441631077889232e+00
9.014489823185129966e-03,0.000000000000000000e+00,1.614129710636707793e-01,6.626430641146969780e-01,5.283879038834136610e-18,7.489353574112291856e-01,5.283879038834136610e-18,-2.863789270959462008e-01,4.750105190317854484e-03,-1.291194951339210382e-03,2.648534097807344057e-01,3.458796714354837876e-02,-4.827218338493538194e-03,-2.574850500185857927e-01,6.170245481585857547e-03,-3.093787932872522038e-03,1.816962186470213736e-01,6.906969114597491521e-02,-6.827554759257829786e-03,2.111560581291224530e-03,3.955738292361056681e-03,-3.458813470097754084e-01,4.831464326379829588e-01,1.707033562524627734e-01,-1.691681640436455969e-01,-5.462796876462667761e-01,1.290610746298150424e+00,1.075518879978699383e-01,1.247262039830032254e+00,4.974428886782120696e-01,-8.459875367813567137e-02,1.045762201168337902e-01,-5.577310504804220415e-01,-1.665531593209014449e+00,1.124477035976319123e-01,-1.176216568806062179e+00
9.337429144025428257e-03,0.000000000000000000e+00,1.606977044360498597e-01,6.612594842372606641e-01,5.443418001537959381e-18,7.501572465198694806e-01,5.443418001537959381e-18,-2.884408762009689764e-01,4.746488427770504011e-03,-1.300538093520051466e-03,2.644158162841807602e-01,3.707060199636702524e-02,-4.826259881284768530e-03,-2.595431511132716973e-01,6.165988963080839755e-03,-3.107264807607101192e-03,1.812579555047029722e-01,7.154983040729626098e-02,-6.829905712634774806e-03,2.053787242881174001e-03,3.922194918175757154e-03,-3.457170828072860802e-01,4.956934303071194314e-01,1.715510276138289825e-01,-1.703553703645027395e-01,-5.562228521720717911e-01,1.291372774525225031e+00,1.057312617408805999e-01,1.251944391421339731e+00,5.072980846060091142e-01,-8.455259980517403073e-02,1.058482778946311376e-01,-5.646606566626679591e-01,-1.665289808029825513e+00,1.121390103283538414e-01,-1.182650639042178708e+00
9.575152189131066680e-03,0.000000000000000000e+00,1.603386757564207177e-01,6.598736512462359816e-01,5.602938416849577158e-18,7.513765796130199570e-01,5.602938416849577158e-18,-2.944758247430607212e-01,4.737335129749982963e-03,-1.328592599511923362e-03,2.647341079097750294e-01,4.273954042360318673e-02,-4.825084826354836438e-03,-2.655065083987417363e-01,6.153693241088747067e-03,-3.146357229206253169e-03,1.814425894016636343e-01,7.727933162019805235e-02,-6.836769449585235713e-03,1.937112404087569344e-03,3.858184945865264330e-03,-3.453077640645323410e-01,4.976698399257905026e-01,1.718640102604524766e-01,-1.703821861485690925e-01,-5.577563588669505190e-01,1.291445085522214375e+00,1.052974667275811682e-01,1.252941342795641066e+00,5.101219013458719864e-01,-8.464820029091521536e-02,1.060386981094846998e-01,-5.670474532169007542e-01,-1.665033789595517399e+00,1.117089642216878148e-01,-1.183886406719620643e+00
9.722837677314286053e-03,0.000000000000000000e+00,1.603562738691497735e-01,6.584855698635814214e-01,0.000000000000000000e+00,7.525933525360388732e-01,0.000000000000000000e+00,-2.941297420986618283e-01,4.737286330882503095e-03,-1.326690936689396347e-03,2.641296120774659917e-01,4.300042254408407982e-02,-4.824476482933573625e-03,-2.651934179746755493e-01,6.154305126327436030e-03,-3.144276505901493542e-03,1.809080933502985045e-01,7.750472236411277971e-02,-6.836346140805756900e-03,1.930806793741122497e-03,3.855872968868446615e-03,-3.452917297882128200e-01,5.167797694074578452e-01,1.728828708953268345e-01,-1.723071725482802075e-01,-5.737630218527710602e-01,1.292792379893102472e+00,1.027190869846015681e-01,1.259865003289972973e+00,5.235538696874533215e-01,-8.429526942521646526e-02,1.079157886181164594e-01,-5.765387172502971502e-01,-1.664900387964037831e+00,1.116671720065126605e-01,-1.194170977057557037e+00
9.775987581886145042e-03,0.000000000000000000e+00,1.607854050339650731e-01,6.600161118358083279e-01,5.586552875407226798e-18,7.512514440033656316e-01,5.586552875407226798e-18,-2.945548496264774330e-01,4.736978089391231592e-03,-1.328843705857667363e-03,2.651543330787322628e-01,4.240068032133920833e-02,-4.824779696166014119e-03,-2.657377403746632449e-01,6.152753914046881108e-03,-3.147699804573177943e-03,1.821851005463920592e-01,7.677146038810422901e-02,-6.836548356194011369e-03,1.909313890875832245e-03,3.847738004473184262e-03,-3.452113013266862596e-01,4.978938767324693204e-01,1.718753503085754808e-01,-1.703662725988679127e-01,-5.538880965714192417e-01,1.290971398705327511e+00,1.033062940274213637e-01,1.261384865184812520e+00,5.058092571923522573e-01,-8.355744025895958660e-02,1.053209795135872928e-01,-5.579746809458909773e-01,-1.664502718072319754e+00,1.129706688835580425e-01,-1.195222278583249587e+00
9.736709332347879761e-03,0.000000000000000000e+00,1.616308505645221438e-01,6.615439191783011319e-01,5.410642862943161619e-18,7.499064228276841604e-01,5.410642862943161619e-18,-2.890255204738724770e-01,4.745951016425283865e-03,-1.303440550931537698e-03,2.656018032540495288e-01,3.646758852086231378e-02,-4.826531775254162306e-03,-2.603912082770080128e-01,6.163608793465021225e-03,-3.112595710288947135e-03,1.830025535537090076e-01,7.065171809630657607e-02,-6.830206263763937899e-03,1.954120704211814892e-03,3.873232191839833839e-03,-3.456086456274796159e-01,4.936486967072458154e-01,1.713828098538541511e-01,-1.702048870502954059e-01,-5.483310335058373397e-01,1.290655398742545534e+00,1.035173848503427307e-01,1.262330200934285607e+00,5.016151358011352590e-01,-8.318647641913679003e-02,1.050957077158371500e-01,-5.522365486366883625e-01,-1.664555624214816287e+00,1.136795752601890558e-01,-1.196344202829675130e+00
9.610089831796989404e-03,0.000000000000000000e+00,1.628678118860786006e-01,6.630689855609311900e-01,5.234710432685679897e-18,7.485582945817899070e-01,5.234710432685679897e-18,-2.873527204121749112e-01,4.749199257017174859e-03,-1.296025636080047920e-03,2.666886022179790761e-01,3.372337134216902427e-02,-4.827662729604989197e-03,-2.588511483270845570e-01,6.166493637114527256e-03,-3.102408383891886671e-03,1.843636519787149319e-01,6.776519043127468556e-02,-6.828122586447138084e-03,1.962094157503243251e-03,3.881761170445549233e-03,-3.457216034640788194e-01,4.799616156487614971e-01,1.704585468144136362e-01,-1.689324826148706216e-01,-5.342671613022401678e-01,1.289504031429340003e+00,1.042257117243686332e-01,1.262899820737842349e+00,4.887284036566688084e-01,-8.253081912338472437e-02,1.034133357527902558e-01,-5.389072658727999121e-01,-1.664422647803210475e+00,1.147656232910631569e-01,-1.196755405653980864e+00
9.401215983330978368e-03,0.000000000000000000e+00,1.644714904238920306e-01,6.645913046649256639e-01,5.058756313571599214e-18,7.472070648513516877e-01,5.058756313571599214e-18,-2.861976124806188126e-01,4.751769422001035116e-03,-1.291070503855748855e-03,2.679477963085973302e-01,3.132069082120525483e-02,-4.828811511871812859e-03,-2.578206180549046933e-01,6.168323219800995842e-03,-3.095562347640649394e-03,1.858810410537069246e-01,6.522777473074482801e-02,-6.826616648036799330e-03,1.967599658964931230e-03,3.889566630065608311e-03,-3.458085796033772419e-01,4.650166086541243082e-01,1.694482958381737792e-01,-1.675227581962701329e-01,-5.192925049077549149e-01,1.288281675648482727e+00,1.050842846440738498e-01,1.263184491694244738e+00,4.747027072168228390e-01,-8.182363557542354782e-02,1.015612098190055851e-01,-5.247845196080827002e-01,-1.664297710000752328e+00,1.159012077843572519e-01,-1.196858803295390850e+00
9.115174690047342376e-03,0.000000000000000000e+00,1.664170876032200763e-01,6.661108701828932777e-01,4.882781234627754346e-18,7.458527392348899276e-01,4.882781234627754346e-18,-2.855104666078043252e-01,4.753697000015839197e-03,-1.288324596943453849e-03,2.693370472075096722e-01,2.925252167801739578e-02,-4.829944200849480354e-03,-2.572524413170750868e-01,6.169188475280707080e-03,-3.091745403749681601e-03,1.875177474104310071e-01,6.302974343829688408e-02,-6.825630737146281581e-03,1.970618331727632278e-03,3.896273229649104431e-03,-3.458720778721511291e-01,4.489253088845822637e-01,1.683719342601130708e-01,-1.659840402699364337e-01,-5.034047469178197787e-01,1.286978988229350973e+00,1.060541339667492866e-01,1.263290094622493198e+00,4.596377538297717891e-01,-8.107545430689519494e-02,9.954833697195582254e-02,-5.098682180368648842e-01,-1.664168867755219106e+00,1.170832035814091676e-01,-1.196751274521828945e+00
8.757052855043587561e-03,0.000000000000000000e+00,1.686798048493203528e-01,6.676276758188555149e-01,4.706785924967391925e-18,7.444953233437490159e-01,4.706785924967391925e-18,-2.852428942100777576e-01,4.755019015963539604e-03,-1.287545227151842223e-03,2.708170132671604557e-01,2.751017024099185193e-02,-4.831030342175831119e-03,-2.571004448702529088e-01,6.169179304255307042e-03,-3.090652321516465951e-03,1.892390725426039699e-01,6.116007336824157842e-02,-6.825108851937804894e-03,1.971127795213714791e-03,3.901571002724086093e-03,-3.459140926679913353e-01,4.317951445457521298e-01,1.672472892758708751e-01,-1.643250704411789997e-01,-4.866070607887299504e-01,1.285588456021290460e+00,1.070986543707178468e-01,1.263313275241825906e+00,4.436297172646856968e-01,-8.029573274290752183e-02,9.738380877413260750e-02,-4.941629898257064446e-01,-1.664025483616652590e+00,1.183082308677807781e-01,-1.196521906953134984e+00
8.331937381417213115e-03,0.000000000000000000e+00,1.712348435874505026e-01,6.691417152882647157e-01,4.530771113788003380e-18,7.431348228020800972e-01,4.530771113788003380e-18,-2.853478613607353109e-01,4.755773982270018393e-03,-1.288497633611345458e-03,2.723513674379864358e-01,2.608327003624460322e-02,-4.832042929341162120e-03,-2.573194934414648194e-01,6.168384460699432442e-03,-3.091985054798598170e-03,1.910126571919502081e-01,5.960641702084189253e-02,-6.824996715044635322e-03,1.969105333317523829e-03,3.905209414195453307e-03,-3.459361836616623442e-01,4.137296247161633134e-01,1.660902578274129904e-01,-1.625549087551712013e-01,-4.689081337300924912e-01,1.284104291388343144e+00,1.081836157845961904e-01,1.263341676246189316e+00,4.267714586777120456e-01,-7.949293147734838583e-02,9.507677714532723756e-02,-4.776781824759969153e-01,-1.663858167543019073e+00,1.195726777429211019e-01,-1.196252153643743377e+00
7.844915172265723435e-03,0.000000000000000000e+00,1.740574052428681129e-01,6.706529823180347183e-01,4.354737530367862887e-18,7.417712432468152040e-01,4.354737530367862887e-18,-2.857797014523024148e-01,4.756001850615134037e-03,-1.290955038505981704e-03,2.739068141121531741e-01,2.495977794946481823e-02,-4.832958384654618966e-03,-2.578655236802106510e-01,6.166891441219131409e-03,-3.095452952504889471e-03,1.928085433573294982e-01,5.835507515216471763e-02,-6.825241788745877759e-03,1.964530824813323032e-03,3.906992093836139136e-03,-3.459395450347744205e-01,3.948286182031775504e-01,1.649149228043029214e-01,-1.606828487462330646e-01,-4.503221910528845129e-01,1.282522336225963899e+00,1.092771731378772704e-01,1.263454164504288491e+00,4.091527442362390410e-01,-7.867458442251126782e-02,9.263643797059609164e-02,-4.604278625478167575e-01,-1.663658724821128976e+00,1.208727218945740145e-01,-1.196015988577588951e+00
7.301073130686618583e-03,0.000000000000000000e+00,1.771226912408308263e-01,6.721614706465669498e-01,4.178685904062962828e-18,7.404045903276427198e-01,4.178685904062962828e-18,-2.864941273581089742e-01,4.755743964133050949e-03,-1.294698700369438819e-03,2.754531048975172314e-01,2.412597095277756870e-02,-4.833756540166282180e-03,-2.586955770005257560e-01,6.164786377426797505e-03,-3.100772962156679319e-03,1.945992339447278063e-01,5.739097058863744383e-02,-6.825793290386828437e-03,1.957389485800890318e-03,3.906772172675930174e-03,-3.459250699417997787e-01,3.751886246119733315e-01,1.637336651922572939e-01,-1.587183436534345127e-01,-4.308690219356590689e-01,1.280839974095626665e+00,1.103498758077793435e-01,1.263721052165415637e+00,3.908604585757837757e-01,-7.784736470831278565e-02,9.007202183910734128e-02,-4.424308175660021658e-01,-1.663420109721183593e+00,1.222043516220486514e-01,-1.195880059815517038e+00
6.705498159777394281e-03,0.000000000000000000e+00,1.804059030065963132e-01,6.736671740237789585e-01,4.002616964303628007e-18,7.390348697069818451e-01,4.002616964303628007e-18,-2.874482430994123594e-01,4.755043010083546441e-03,-1.299517964977041232e-03,2.769630533355633695e-01,2.356644338910322128e-02,-4.834420618550140658e-03,-2.597678313216890134e-01,6.162153931317112913e-03,-3.107669826578811009e-03,1.963597500770393467e-01,5.669762327586377187e-02,-6.826602208025576990e-03,1.947674468018980708e-03,3.904448155363792611e-03,-3.458934108226238147e-01,3.549030370778022969e-01,1.625572718846632625e-01,-1.566709432306717387e-01,-4.105740065148804629e-01,1.279056050011958989e+00,1.113746774828420494e-01,1.264204310815880250e+00,3.719788134713431504e-01,-7.701714623865540954e-02,8.739279133052442472e-02,-4.237105594001714381e-01,-1.663136384494940501e+00,1.235633864223850131e-01,-1.195903839334449881e+00
6.063277162635558395e-03,0.000000000000000000e+00,1.838822419654220774e-01,6.751700862111215118e-01,3.826531440592635173e-18,7.376620870599672752e-01,3.826531440592635173e-18,-2.886005550243170847e-01,4.753942972994853675e-03,-1.305210313864822594e-03,2.784125485770200248e-01,2.326410480647798235e-02,-4.834937213949144948e-03,-2.610416317167310596e-01,6.159077193625027251e-03,-3.115876273780515682e-03,1.980676860835069997e-01,5.625712655066208295e-02,-6.827621316289955028e-03,1.935389351845106685e-03,3.899960267851492780e-03,-3.458450361360023151e-01,3.340623963194460089e-01,1.613950389398165486e-01,-1.545502405861235162e-01,-3.894681441505990493e-01,1.277170797373304190e+00,1.123269470276369031e-01,1.264957778130538113e+00,3.525895512724647185e-01,-7.618906083892432179e-02,8.460804430267794551e-02,-4.042953288819912672e-01,-1.662802683324442921e+00,1.249454973258063151e-01,-1.196139768849034279e+00
5.379497042358610120e-03,0.000000000000000000e+00,1.875269095425658172e-01,6.766702009816125685e-01,3.650430062501133125e-18,7.362862480744184479e-01,3.650430062501133125e-18,-2.899109825047124223e-01,4.752489088279100542e-03,-1.311581410506892399e-03,2.797805680289551788e-01,2.320017833485744224e-02,-4.835296272785414261e-03,-2.624775199784258328e-01,6.155637585148854979e-03,-3.125133200093726735e-03,1.997032621899458293e-01,5.605012462475038315e-02,-6.828805192440083258e-03,1.920550568624744981e-03,3.893287225425017678e-03,-3.457802840346972384e-01,3.127546358322206843e-01,1.602548701200327830e-01,-1.523658284967144561e-01,-3.675880826644618016e-01,1.275185771496752052e+00,1.131844808125600232e-01,1.266027356710238250e+00,3.327721427848295277e-01,-7.536755095036327956e-02,8.172712266717492569e-02,-3.842181013943024026e-01,-1.662415180829153183e+00,1.263462271414390881e-01,-1.196633401118185835e+00
4.659244702044068598e-03,0.000000000000000000e+00,1.913151071632850642e-01,6.781675121198632583e-01,3.474313559665653677e-18,7.349073584508153401e-01,3.474313559665653677e-18,-2.913408681574917169e-01,4.750727796320078182e-03,-1.318445144182016707e-03,2.810491889870249671e-01,2.335419959786730337e-02,-4.835491074537555736e-03,-2.640372631128207748e-01,6.151914761014642442e-03,-3.135189846632783876e-03,2.012493749314915314e-01,5.605579126806103235e-02,-6.830110232608707817e-03,1.903189783514725331e-03,3.884443371207296249e-03,-3.456994134594837953e-01,2.910653181601643436e-01,1.591433705910174079e-01,-1.501272646566230440e-01,-3.449761482919848632e-01,1.273103789199875990e+00,1.139275168658042403e-01,1.267451204998931491e+00,3.126039793862666616e-01,-7.455641784509423053e-02,7.875942616855514944e-02,-3.635165931370315517e-01,-1.661971064743114956e+00,1.277610107509181414e-01,-1.197423536417659307e+00
3.907607044789398326e-03,0.000000000000000000e+00,1.952220362528375996e-01,6.796620134220952014e-01,3.298182661786090195e-18,7.335254239022828138e-01,3.298182661786090195e-18,-2.928529875963120643e-01,4.748706697033753740e-03,-1.325623671560627803e-03,2.822035992666214743e-01,2.370401615202305870e-02,-4.835518212487234860e-03,-2.656838807709375194e-01,6.147986517862091133e-03,-3.145803969148264646e-03,2.026916453108565941e-01,5.625180967917368935e-02,-6.831494668216538980e-03,1.883356267178946594e-03,3.873476139795654048e-03,-3.456026530906333716e-01,2.690778622754804172e-01,1.580659356931677917e-01,-1.478440453338267235e-01,-3.216803760340595231e-01,1.270928873861166597e+00,1.145387511091503219e-01,1.269259920341838654e+00,2.921605592461256062e-01,-7.375886535063243266e-02,7.571443070781644358e-02,-3.422332677434353765e-01,-1.661468512379515650e+00,1.291851955659739370e-01,-1.198542354011114419e+00
3.129670973692124086e-03,0.000000000000000000e+00,1.992228982364809275e-01,6.811536986961785889e-01,3.122038098621161650e-18,7.321404501545557553e-01,3.122038098621161650e-18,-2.944115587201084905e-01,4.746474504901268023e-03,-1.332947456043308927e-03,2.832321068467341107e-01,2.422578744586503102e-02,-4.835377574435868742e-03,-2.673816716294764029e-01,6.143928703926633886e-03,-3.156742001345181920e-03,2.040184647257198558e-01,5.661435352985442343e-02,-6.832918582542407866e-03,1.861119282356370761e-03,3.860463804706190747e-03,-3.454902485617274976e-01,2.468737621543963812e-01,1.570268347225203531e-01,-1.455255869244094780e-01,-2.977545400325476432e-01,1.268666205387550594e+00,1.150033558534272193e-01,1.271476714385439077e+00,2.715156675776251860e-01,-7.297753908555783264e-02,7.260171077283639196e-02,-3.204153428863935060e-01,-1.660906670507099836e+00,1.306140622462677037e-01,-1.200015538581025387e+00
2.330523391849743334e-03,0.000000000000000000e+00,2.032928945394727183e-01,6.826425617616447283e-01,2.945880599987001295e-18,7.307524429459673065e-01,2.945880599987001295e-18,-2.959822505446059737e-01,4.744081004474920253e-03,-1.340255304881440889e-03,2.841261485400488618e-01,2.489398529161936102e-02,-4.835072323396452133e-03,-2.690962387319717486e-01,6.139815131993946878e-03,-3.167779211741390821e-03,2.052210386897745098e-01,5.711806917040884030e-02,-6.834343927439038430e-03,1.836570509454802172e-03,3.845513471800089938e-03,-3.453625083112699667e-01,2.245327966766630101e-01,1.560292896793401551e-01,-1.431812149101444054e-01,-2.732581835305919471e-01,1.266322074518750673e+00,1.153090006516977462e-01,1.274117581136938071e+00,2.507415508962083650e-01,-7.221456121908152725e-02,6.943096555660102642e-02,-2.981147964776367232e-01,-1.660285638270669883e+00,1.320428457554280455e-01,-1.201862401691381033e+00
1.515251202359753097e-03,0.000000000000000000e+00,2.074072265870706144e-01,6.841285964497236805e-01,2.769710895752657694e-18,7.293614080274134492e-01,2.769710895752657694e-18,-3.013565700715274409e-01,4.732046225530884068e-03,-1.363288012550003614e-03,2.815498690989928776e-01,3.280480475742126451e-02,-4.829631107885068962e-03,-2.744468987744665411e-01,6.127934517558002343e-03,-3.202472583320125753e-03,2.026172156838888516e-01,6.503926877196741785e-02,-6.839783802406082004e-03,1.565427445031189729e-03,3.717578574148984460e-03,-3.439244459422608480e-01,1.957195939326538681e-01,1.557550209205537384e-01,-1.393118734082710863e-01,-2.358892920697909790e-01,1.261835699700927238e+00,1.127016067125379689e-01,1.285702655502243941e+00,2.218954572707354522e-01,-7.175217359884945856e-02,6.380403384112065535e-02,-2.609501000753934874e-01,-1.658139999804830733e+00,1.338266189162842235e-01,-1.212043102994331489e+00
6.889413083196569039e-04,0.000000000000000000e+00,2.115410958045321754e-01,6.856117966033594691e-01,2.593529715838325947e-18,7.279673511623400151e-01,2.593529715838325947e-18,-3.017816775993430456e-01,4.731737984039612564e-03,-1.365440781718274630e-03,2.825745901002592042e-01,3.220506253467639302e-02,-4.829934321117510324e-03,-2.749912211744542923e-01,6.126383305277447421e-03,-3.205895881991809721e-03,2.038942228799823786e-01,6.430600679595886715e-02,-6.839986017794335606e-03,1.543934542165899476e-03,3.709443609753722108e-03,-3.438440174807342875e-01,1.768337012576653988e-01,1.547475003338023569e-01,-1.373709734588587916e-01,-2.160143667884392160e-01,1.260014718513152054e+00,1.132888137553577507e-01,1.287222517397083266e+00,2.041508447756343880e-01,-7.101434443259256601e-02,6.120922473659149571e-02,-2.423860637709873700e-01,-1.657742329913112656e+00,1.351301157933296193e-01,-1.213094404520024261e+00
-1.433193871730399811e-04,0.000000000000000000e+00,2.156697036171150439e-01,6.870921560772439429e-01,2.417337790211335594e-18,7.265702781267097121e-01,2.417337790211335594e-18,-3.022067851271586503e-01,4.731429742548340193e-03,-1.367593550886545646e-03,2.835993111015254753e-01,3.160532031193151459e-02,-4.830237534349950818e-03,-2.755355435744419879e-01,6.124832092996892498e-03,-3.209319180663494121e-03,2.051712300760759611e-01,6.357274481995030257e-02,-6.840188233182590075e-03,1.522441639300609224e-03,3.701308645358459323e-03,-3.437635890192076715e-01,1.579478085826768741e-01,1.537399797470510032e-01,-1.354300735094464692e-01,-1.961394415070873420e-01,1.258193737325377093e+00,1.138760207981775463e-01,1.288742379291922813e+00,1.864062322805332683e-01,-7.027651526633568735e-02,5.861441563206231525e-02,-2.238220274665811971e-01,-1.657344660021394578e+00,1.364336126703749874e-01,-1.214145706045716810e+00
-9.764439810208335943e-04,0.000000000000000000e+00,2.197682514500768070e-01,6.885696687378387582e-01,2.241135848883519023e-18,7.251701947089821410e-01,2.241135848883519023e-18,-3.026318926549743105e-01,4.731121501057068690e-03,-1.369746320054816661e-03,2.846240321027917464e-01,3.100557808918664310e-02,-4.830540747582392179e-03,-2.760798659744296835e-01,6.123280880716337575e-03,-3.212742479335178522e-03,2.064482372721694881e-01,6.283948284394175188e-02,-6.840390448570844543e-03,1.500948736435319189e-03,3.693173680963196970e-03,-3.436831605576811111e-01,1.390619159076883493e-01,1.527324591602996495e-01,-1.334891735600341744e-01,-1.762645162257355791e-01,1.256372756137602131e+00,1.144632278409973281e-01,1.290262241186762360e+00,1.686616197854322041e-01,-6.953868610007880868e-02,5.601960652753314868e-02,-2.052579911621750797e-01,-1.656946990129676500e+00,1.377371095474203833e-01,-1.215197007571409360e+00
-1.805345570126233416e-03,0.000000000000000000e+00,2.238119407286751628e-01,6.900443284633962504e-01,2.064924621908715463e-18,7.237671067100939215e-01,2.064924621908715463e-18,-3.030570001827899151e-01,4.730813259565797187e-03,-1.371899089223087677e-03,2.856487531040580730e-01,3.040583586644177161e-02,-4.830843960814832673e-03,-2.766241883744173791e-01,6.121729668435782652e-03,-3.216165778006862489e-03,2.077252444682630428e-01,6.210622086793320118e-02,-6.840592663959099012e-03,1.479455833570028937e-03,3.685038716567934618e-03,-3.436027320961544951e-01,1.201760232326998801e-01,1.517249385735482958e-01,-1.315482736106218797e-01,-1.563895909443837606e-01,1.254551774949826948e+00,1.150504348838171237e-01,1.291782103081601685e+00,1.509170072903310844e-01,-6.880085693382191614e-02,5.342479742300398210e-02,-1.866939548577689623e-01,-1.656549320237958423e+00,1.390406064244657791e-01,-1.216248309097101910e+00
-2.624937251391736785e-03,0.000000000000000000e+00,2.277759728781676984e-01,6.915161291439930746e-01,1.888704839378839396e-18,7.223610199434272738e-01,1.888704839378839396e-18,-3.031984526627201637e-01,4.730319220513572870e-03,-1.372410488117622182e-03,2.849565113147534134e-01,3.123658332332662421e-02,-4.830502477672618880e-03,-2.769170189801948290e-01,6.121101142528147590e-03,-3.218073873408263796e-03,2.073563024303811675e-01,6.276649397011027642e-02,-6.840909218971468614e-03,1.608602484735028584e-03,3.713461401902293929e-03,-3.435558898564787800e-01,1.081721606054809603e-01,1.515605328279210073e-01,-1.307934517604907032e-01,-1.387156522622255139e-01,1.253181097662084076e+00,1.139942582262603588e-01,1.295128595075009992e+00,1.425109298799475677e-01,-6.859096845456946756e-02,5.226592563069753367e-02,-1.762650731489380784e-01,-1.656117000115265636e+00,1.393075960194568308e-01,-1.218138985371125083e+00
-3.430132121719825858e-03,0.000000000000000000e+00,2.316355493238119734e-01,6.929850646815534088e-01,1.712477231420976058e-18,7.209519402347867034e-01,1.712477231420976058e-18,-3.035598872184616659e-01,4.728951128927598967e-03,-1.373650923066133643e-03,2.828637518666161643e-01,3.369137654777960150e-02,-4.829510319882488953e-03,-2.772021402529800116e-01,6.121058315895004133e-03,-3.220251052612238280e-03,2.051070716215805667e-01,6.530295634797141091e-02,-6.841867443614397561e-03,1.545930308173549010e-03,3.703683467481327235e-03,-3.432134263076004332e-01,8.036791042010080210e-02,1.505803608783882475e-01,-1.273025040020787924e-01,-1.058319374783799199e-01,1.249123319665584431e+00,1.126156811328667684e-01,1.303347985108824325e+00,1.145704227023899846e-01,-6.775924116323103763e-02,4.739278918918704564e-02,-1.435156484433921242e-01,-1.654632338437764805e+00,1.413831910577073303e-01,-1.224821580133550691e+00
-4.215843278013014887e-03,0.000000000000000000e+00,2.353658714908657135e-01,6.944511289898672723e-01,1.536242528195307405e-18,7.195398734223829029e-01,1.536242528195307405e-18,-3.035431115336218455e-01,4.727998413846109908e-03,-1.373048569161403314e-03,2.806702814159056647e-01,3.587064851274446992e-02,-4.828385031175605642e-03,-2.769797064549113230e-01,6.122216094195675334e-03,-3.219132585440540647e-03,2.024814955056283283e-01,6.770997683546513268e-02,-6.842357862317372322e-03,1.493326100549327009e-03,3.668521566263452469e-03,-3.432330279743825430e-01,5.412554261188290416e-02,1.501995338070382657e-01,-1.245448489277463378e-01,-7.309162955409354012e-02,1.245384067173162190e+00,1.104869109406124705e-01,1.312649797979837052e+00,9.110726150550453595e-02,-6.750740455550320596e-02,4.349880735525220310e-02,-1.119025988496692853e-01,-1.652842160206502875e+00,1.433738840879660859e-01,-1.232829121956858121e+00
-4.976983817173807716e-03,0.000000000000000000e+00,2.389421408045865058e-01,6.959143159946236112e-01,1.360001459891116581e-18,7.181248253568005557e-01,1.360001459891116581e-18,-3.030530247369317975e-01,4.727749471494399787e-03,-1.370239345825096300e-03,2.781467424854319748e-01,3.790528019903332407e-02,-4.827324270176243382e-03,-2.761940334196292257e-01,6.124812005315032580e-03,-3.214367935703798390e-03,1.993341587871646503e-01,7.007396500238301240e-02,-6.842427450703601928e-03,1.427044107091652745e-03,3.651996865659860869e-03,-3.433153736644126153e-01,3.076795268800170541e-02,1.499456317638319103e-01,-1.221411165840911722e-01,-4.077532775513237340e-02,1.241851530631925771e+00,1.078368964278244996e-01,1.322454086773797499e+00,6.837147019765156541e-02,-6.752420488087509942e-02,4.018877790190419214e-02,-8.198390199724514549e-02,-1.650766373798293163e+00,1.452467609689147843e-01,-1.241445484056076243e+00
-5.708466836104687803e-03,0.000000000000000000e+00,2.423395586902318821e-01,6.973746196334391634e-01,1.183754756723238040e-18,7.167068019009699142e-01,1.183754756723238040e-18,-3.021044236724343413e-01,4.728233576405985530e-03,-1.365320614580951613e-03,2.753569843445715648e-01,3.974698798265621086e-02,-4.826391890751111080e-03,-2.748654899258879403e-01,6.128785072297031518e-03,-3.206096155720002724e-03,1.957406518507990578e-01,7.234039946572033697e-02,-6.842097577311805241e-03,1.396026000377262322e-03,3.626251381724750807e-03,-3.434152368292109347e-01,8.113476345153502675e-03,1.497015524282848953e-01,-1.198797608551595006e-01,-8.662158220374825690e-03,1.238423232344096014e+00,1.048322654336083792e-01,1.332686876830432299e+00,4.737784866333277778e-02,-6.770043509895229406e-02,3.720280742768773685e-02,-5.269434932542717970e-02,-1.648539023557447969e+00,1.471772423984187561e-01,-1.250304164243864147e+00
-6.405205431708160292e-03,0.000000000000000000e+00,2.455333265730595960e-01,6.988320338558624556e-01,1.007503148931682188e-18,7.152858089301638023e-01,1.007503148931682188e-18,-3.007179202948140895e-01,4.729439628729965005e-03,-1.358401185422255424e-03,2.724274156413695747e-01,4.129035053021907348e-02,-4.825613048994196151e-03,-2.730281974798364208e-01,6.133993644574068510e-03,-3.194517303797688411e-03,1.918558584853867210e-01,7.438889376161253453e-02,-6.841349849671955231e-03,1.375310038616305713e-03,3.599728367976083587e-03,-3.435308343555360522e-01,-1.345341344632158820e-02,1.494421872277143237e-01,-1.177258735830703923e-01,2.306980400725233693e-02,1.235159744430086137e+00,1.016184675109605834e-01,1.343122747282388785e+00,2.768384880628417533e-02,-6.800550656852781539e-02,3.450263790244716827e-02,-2.396359426065117898e-02,-1.646189553074639544e+00,1.491744883307408731e-01,-1.259396853964517726e+00
-7.062112700886720787e-03,0.000000000000000000e+00,2.484986458783271512e-01,7.002865526234305360e-01,8.312473667747264889e-19,7.138618523319419928e-01,8.312473667747264889e-19,-2.987473136398282048e-01,4.731682483964480546e-03,-1.348853353081096162e-03,2.691391783418221606e-01,4.260724569764230696e-02,-4.825146877331274245e-03,-2.702763478335026837e-01,6.141700459461409828e-03,-3.177122414106659659e-03,1.869099753494445071e-01,7.658135635650538398e-02,-6.840185938256871864e-03,1.393628673491014098e-03,3.635042192190660743e-03,-3.429695591447132208e-01,-2.699496599345732953e-02,1.487122706079396506e-01,-1.155628139458916431e-01,4.442090916931127481e-02,1.233270311963286403e+00,9.936997337291421373e-02,1.350209514009024447e+00,1.501191604533587062e-02,-6.635672881546143820e-02,3.029917466227188827e-02,-5.767962123532262286e-03,-1.646594739726660706e+00,1.486597356554948957e-01,-1.265315147981524113e+00
-7.674101740542873563e-03,0.000000000000000000e+00,2.512107180312921906e-01,7.017381699096576497e-01,6.549881405303145605e-19,7.124349380061625325e-01,6.549881405303145605e-19,-2.964272060943102249e-01,4.734512740121226207e-03,-1.337721465520725532e-03,2.661039416886175069e-01,4.332125940985549761e-02,-4.824830714766246628e-03,-2.675436144628018931e-01,6.148848830049349727e-03,-3.159615814172164316e-03,1.829977828231388604e-01,7.776063485833974165e-02,-6.838510814009190683e-03,1.683426458126340919e-03,3.748025875716803641e-03,-3.436147151294072777e-01,-4.869435985162910707e-02,1.479524942348830752e-01,-1.131070858570011467e-01,8.795139711620142409e-02,1.230202704682420656e+00,9.428232343049017250e-02,1.363024873159512707e+00,-1.774579272356092627e-03,-6.475360419768050324e-02,2.537978495890692854e-02,2.215052123283482721e-02,-1.646467073287583016e+00,1.479423138867514975e-01,-1.274707850949087229e+00
-8.236085647579115959e-03,0.000000000000000000e+00,2.536447444572124676e-01,7.031868797000943028e-01,0.000000000000000000e+00,7.110050718649236767e-01,0.000000000000000000e+00,-2.941297420986618283e-01,4.737286330882503095e-03,-1.326690936689396347e-03,2.641296120774659917e-01,4.300042254408407982e-02,-4.824476482933573625e-03,-2.651934179746755493e-01,6.154305126327436030e-03,-3.144276505901493542e-03,1.809080933502985045e-01,7.750472236411277971e-02,-6.836346140805756900e-03,1.930806793741122497e-03,3.855872968868446615e-03,-3.452917297882128200e-01,-7.670744319742332784e-02,1.476991584211566622e-01,-1.105094707733710740e-01,1.355349741148219600e-01,1.225767825669521471e+00,8.797893346551825811e-02,1.380313647975573099e+00,-2.576428379755923287e-02,-6.283747452374685571e-02,1.883357861471517819e-02,6.102396771166623823e-02,-1.646014480380193268e+00,1.471784237260098105e-01,-1.288712438017247663e+00
-8.781870331942172314e-03,0.000000000000000000e+00,2.559287471195958452e-01,7.037061007465724716e-01,4.154665774298756390e-19,7.104911848658326257e-01,4.154665774298756390e-19,-2.941297420986618283e-01,4.737286330882503095e-03,-1.326690936689396347e-03,2.641296120774659917e-01,4.300042254408407982e-02,-4.824476482933573625e-03,-2.651934179746755493e-01,6.154305126327436030e-03,-3.144276505901493542e-03,1.809080933502985045e-01,7.750472236411277971e-02,-6.836346140805756900e-03,1.930806793741122497e-03,3.855872968868446615e-03,-3.452917297882128200e-01,-8.666667650154813440e-02,1.477507496380032759e-01,-1.095976647934304021e-01,1.517032799826821265e-01,1.224337638650082383e+00,8.572645529941726183e-02,1.386038184344345447e+00,-3.495706633476869385e-02,-6.304116649821778218e-02,1.708733980954330045e-02,7.503540147123860526e-02,-1.645052600527921793e+00,1.476420457999871594e-01,-1.293693194566157612e+00
-9.346913595707153841e-03,0.000000000000000000e+00,2.582038742176984147e-01,7.042249539971178196e-01,3.522057872526206424e-19,7.099769110103210101e-01,3.522057872526206424e-19,-2.941297420986618283e-01,4.737286330882503095e-03,-1.326690936689396347e-03,2.641296120774659917e-01,4.300042254408407982e-02,-4.824476482933573625e-03,-2.651934179746755493e-01,6.154305126327436030e-03,-3.144276505901493542e-03,1.809080933502985045e-01,7.750472236411277971e-02,-6.836346140805756900e-03,1.930806793741122497e-03,3.855872968868446615e-03,-3.452917297882128200e-01,-9.662590980567292709e-02,1.478023408548499174e-01,-1.086858588134897302e-01,1.678715858505422931e-01,1.222907451630643516e+00,8.347397713331626556e-02,1.391762720713118018e+00,-4.414984887197814789e-02,-6.324485847268869476e-02,1.534110100437142271e-02,8.904683523081097229e-02,-1.644090720675650319e+00,1.481056678739645083e-01,-1.298673951115067782e+00
-9.928606373969134716e-03,0.000000000000000000e+00,2.604650165303998843e-01,7.047434386049604704e-01,2.889439312096759939e-19,7.094622511051988933e-01,2.889439312096759939e-19,-2.941297420986618283e-01,4.737286330882503095e-03,-1.326690936689396347e-03,2.641296120774659917e-01,4.300042254408407982e-02,-4.824476482933573625e-03,-2.651934179746755493e-01,6.154305126327436030e-03,-3.144276505901493542e-03,1.809080933502985045e-01,7.750472236411277971e-02,-6.836346140805756900e-03,1.930806793741122497e-03,3.855872968868446615e-03,-3.452917297882128200e-01,-1.065851431097977475e-01,1.478539320716965311e-01,-1.077740528335490722e-01,1.840398917184024874e-01,1.221477264611204427e+00,8.122149896721526929e-02,1.397487257081890366e+00,-5.334263140918761581e-02,-6.344855044715962122e-02,1.359486219919954497e-02,1.030582689903833393e-01,-1.643128840823378622e+00,1.485692899479418849e-01,-1.303654707663977730e+00
-1.052433960182319259e-02,0.000000000000000000e+00,2.627070648365799066e-01,7.052615537250510602e-01,2.256811105647680029e-19,7.089472059591792608e-01,2.256811105647680029e-19,-2.941297420986618283e-01,4.737286330882503095e-03,-1.326690936689396347e-03,2.641296120774659917e-01,4.300042254408407982e-02,-4.824476482933573625e-03,-2.651934179746755493e-01,6.154305126327436030e-03,-3.144276505901493542e-03,1.809080933502985045e-01,7.750472236411277971e-02,-6.836346140805756900e-03,1.930806793741122497e-03,3.855872968868446615e-03,-3.452917297882128200e-01,-1.165443764139225402e-01,1.479055232885431448e-01,-1.068622468536084003e-01,2.002081975862626539e-01,1.220047077591765339e+00,7.896902080111427302e-02,1.403211793450662936e+00,-6.253541394639706985e-02,-6.365224242163054769e-02,1.184862339402766897e-02,1.170697027499557064e-01,-1.642166960971107148e+00,1.490329120219192338e-01,-1.308635464212887678e+00
-1.113150421436439816e-02,0.000000000000000000e+00,2.649249099151182452e-01,7.057792985140650677e-01,1.624174265923034399e-19,7.084317763828740233e-01,1.624174265923034399e-19,-2.941297420986618283e-01,4.737286330882503095e-03,-1.326690936689396347e-03,2.641296120774659917e-01,4.300042254408407982e-02,-4.824476482933573625e-03,-2.651934179746755493e-01,6.154305126327436030e-03,-3.144276505901493542e-03,1.809080933502985045e-01,7.750472236411277971e-02,-6.836346140805756900e-03,1.930806793741122497e-03,3.855872968868446615e-03,-3.452917297882128200e-01,-1.265036097180473607e-01,1.479571145053897863e-01,-1.059504408736677283e-01,2.163765034541228482e-01,1.218616890572326472e+00,7.671654263501329063e-02,1.408936329819435285e+00,-7.172819648360653777e-02,-6.385593439610147415e-02,1.010238458885579296e-02,1.310811365095280734e-01,-1.641205081118835452e+00,1.494965340958966105e-01,-1.313616220761797626e+00
-1.174749114668783428e-02,0.000000000000000000e+00,2.671134425448946637e-01,7.062966721304261286e-01,4.587078238833097132e-19,7.079159631887709248e-01,4.587078238833097132e-19,-2.992431580080390785e-01,4.727100742684370305e-03,-1.349208818854509984e-03,2.624870002038193206e-01,4.971867626848464755e-02,-4.820574612435016108e-03,-2.704010242862108226e-01,6.143148743988393647e-03,-3.178200484893966941e-03,1.794836312722096483e-01,8.410373800656595344e-02,-6.841754562048388104e-03,1.902375294484939241e-03,3.834596293890594164e-03,-3.448292148979639204e-01,-1.481907473529029406e-01,1.475819372759725467e-01,-1.030423876494505481e-01,2.431569650285601847e-01,1.215561436484895674e+00,7.532451177797930275e-02,1.414399109540029453e+00,-9.244964903599961481e-02,-6.385649396765633035e-02,6.655861942423579175e-03,1.555023112201775748e-01,-1.639751069493141422e+00,1.510133388535501442e-01,-1.318049551862520596e+00
-1.236969133388856300e-02,0.000000000000000000e+00,2.692675535047887592e-01,7.068136737342675113e-01,4.263045441365742019e-19,7.073997671912738427e-01,4.263045441365742019e-19,-2.999806857081591116e-01,4.725789984203873119e-03,-1.352537665230668738e-03,2.624036009925469481e-01,5.053417368689457068e-02,-4.820198978201458567e-03,-2.711436926369644174e-01,6.141570332849156932e-03,-3.183047287336429436e-03,1.794135135098114675e-01,8.491138181078307368e-02,-6.842546922517178665e-03,1.899714513544303266e-03,3.832131364605158470e-03,-3.447451909279130589e-01,-1.599560539549801375e-01,1.476130538664837122e-01,-1.018439930447014863e-01,2.610154027424457790e-01,1.213881534582893718e+00,7.313313946674294963e-02,1.420128148659021816e+00,-1.035432883618794125e-01,-6.408202518792739666e-02,4.616902490793320032e-03,1.713177075890544576e-01,-1.638678470526386821e+00,1.516162730953585225e-01,-1.323036726077504444e+00
-1.299549571106165501e-02,0.000000000000000000e+00,2.713821335736802398e-01,7.073303024876603784e-01,3.510823702969672248e-19,7.068831892064734168e-01,3.510823702969672248e-19,-3.006714161250764183e-01,4.724599978503242308e-03,-1.355674517308974592e-03,2.623619310000120941e-01,5.126149357663976891e-02,-4.819891597041485454e-03,-2.718372331947367382e-01,6.140099364856585473e-03,-3.187575591102199957e-03,1.793799665655698428e-01,8.563356429101504075e-02,-6.843291921786474885e-03,1.897526173364504033e-03,3.829946911940978766e-03,-3.446607022200322001e-01,-1.716391768987347022e-01,1.476564525429648056e-01,-1.006643263758895401e-01,2.788170158875359905e-01,1.212213552604394007e+00,7.091844938312147351e-02,1.425874428521054949e+00,-1.145792872367984994e-01,-6.432024581642094285e-02,2.584053356672853796e-03,1.871063983186297686e-01,-1.637601626573433666e+00,1.522067598150124990e-01,-1.328054766161347100e+00
-1.362229521330221571e-02,0.000000000000000000e+00,2.734520735304489802e-01,7.078465575542504107e-01,3.351252435007639852e-19,7.063662300525112014e-01,3.351252435007639852e-19,-3.013101998701435136e-01,4.723534643588400174e-03,-1.358593455863865273e-03,2.623574984044254599e-01,5.190001565764759683e-02,-4.819648906097285905e-03,-2.724767397928474777e-01,6.138745845172615193e-03,-3.191753082456372324e-03,1.793790068685183481e-01,8.626941114873483418e-02,-6.843983621654141890e-03,1.895768391347699838e-03,3.828032630708685675e-03,-3.445764630344781976e-01,-1.832249767481329561e-01,1.477111871047687430e-01,-9.950538536522141042e-02,2.965474650316461402e-01,1.210559752574989822e+00,6.868111893124848044e-02,1.431638085998969689e+00,-1.255380863212574583e-01,-6.456976073679797368e-02,5.606206019631541915e-04,2.028493525371219686e-01,-1.636522228339863716e+00,1.527840795927738748e-01,-1.333103191728489900e+00
-1.424748077570529674e-02,0.000000000000000000e+00,2.754722641539744665e-01,7.083624380995873215e-01,3.191678355975270440e-19,7.058488905492509291e-01,3.191678355975270440e-19,-3.018919364282103279e-01,4.722597934112892325e-03,-1.361268845444990388e-03,2.623859256003342466e-01,5.244905396213739995e-02,-4.819467463585839877e-03,-2.730573488919580405e-01,6.137519698319506521e-03,-3.195547732832347727e-03,1.794067517616230734e-01,8.681798916560427848e-02,-6.844616146006267388e-03,1.894401512172661471e-03,3.826378865460214416e-03,-3.444932642936157086e-01,-1.946981773630819812e-01,1.477762582231129940e-01,-9.836913223489728020e-02,3.141917572102068124e-01,1.208922406477126454e+00,6.642209347349549431e-02,1.437418749958793596e+00,-1.364000237737029719e-01,-6.482908988786048599e-02,-1.450073799204097940e-03,2.185268020819951529e-01,-1.635442056328646920e+00,1.533475481098849902e-01,-1.338180823444452550e+00
-1.486844333336598094e-02,0.000000000000000000e+00,2.774375962231364623e-01,7.088779432908824951e-01,3.032101721368957739e-19,7.053311715185205388e-01,3.032101721368957739e-19,-3.024115742782551020e-01,4.721793841300117416e-03,-1.363675334985658526e-03,2.624429493151925197e-01,5.290785683734126887e-02,-4.819343948905255824e-03,-2.735742396944658705e-01,6.136430767951029167e-03,-3.198927799571051576e-03,1.794594196052208268e-01,8.727830621314072723e-02,-6.845183680956076593e-03,1.893388503599264909e-03,3.824976910141618652e-03,-3.444119803020447290e-01,-2.060433528231328248e-01,1.478506142594041561e-01,-9.725749466540323240e-02,3.317342444798235257e-01,1.207303788097753072e+00,6.414258583219774323e-02,1.443215548605447429e+00,-1.471453186132825330e-01,-6.509666672256884945e-02,-3.444687209451938962e-03,2.341182353902911684e-01,-1.634362979676017069e+00,1.538965187517446209e-01,-1.343285787451158120e+00
-1.548257382137934075e-02,0.000000000000000000e+00,2.793429605168148977e-01,7.093930722972555669e-01,2.872522786863512177e-19,7.048130737838657067e-01,2.872522786863512177e-19,-3.028641110122320956e-01,4.721126392862724092e-03,-1.365787858410631673e-03,2.625244207243592198e-01,5.327560694893751503e-02,-4.819275162724174014e-03,-2.740226342570837859e-01,6.135488816621832361e-03,-3.201861826671157166e-03,1.795333298789056897e-01,8.764931126255876004e-02,-6.845680474982648520e-03,1.892695396991801206e-03,3.823819338642561912e-03,-3.443335758602578678e-01,-2.172449156968906114e-01,1.479331518861906336e-01,-9.617236677459439775e-02,3.491586250765265631e-01,1.205706164876672482e+00,6.184407545807701911e-02,1.449027117664372311e+00,-1.577540548814501120e-01,-6.537083641127329481e-02,-5.419851668484158488e-03,2.496023927568925271e-01,-1.633286955020669673e+00,1.544303852920539399e-01,-1.348415520040076476e+00
-1.608726317484044863e-02,0.000000000000000000e+00,2.811832478138891478e-01,7.099078242895382473e-01,2.712941807930675093e-19,7.042945981707470215e-01,2.712941807930675093e-19,-3.032445934540530796e-01,4.720599652922503192e-03,-1.367581635237303389e-03,2.626263055640556399e-01,5.355142128581213967e-02,-4.819258027074073761e-03,-2.743977976037046407e-01,6.134703525559491791e-03,-3.204318645528835951e-03,1.796249032816615021e-01,8.792989439603419999e-02,-6.846100839068297410e-03,1.892291774108054506e-03,3.822900366951873137e-03,-3.442591137986932837e-01,-2.282871068261603242e-01,1.480227165091617114e-01,-9.511561010833406715e-02,3.664479475986983648e-01,1.204131789726637036e+00,5.952830717064280797e-02,1.454851609610327223e+00,-1.682061666798727873e-01,-6.564985379481325101e-02,-7.372169350114235811e-03,2.649572631791277111e-01,-1.632216025381248770e+00,1.549485846611278195e-01,-1.353566772696158438e+00
-1.667990232884438220e-02,0.000000000000000000e+00,2.829533488932390317e-01,7.104221984404179846e-01,2.553359040131767643e-19,7.037757455063959888e-01,2.553359040131767643e-19,-3.035481177770584238e-01,4.720217721925230175e-03,-1.369032171187910913e-03,2.627446842426133244e-01,5.373435116563377023e-02,-4.819289585446349423e-03,-2.746950378368583912e-01,6.134084494437150661e-03,-3.206267375674825074e-03,1.797306618305053172e-01,8.811888681861274053e-02,-6.846439146835276747e-03,1.892151301407298328e-03,3.822216247521709534e-03,-3.441897629556859295e-01,-2.391539868176814909e-01,1.481181024887031350e-01,-9.408905463228353638e-02,3.835846186836929239e-01,1.202582892796788983e+00,5.719728936332636043e-02,1.460686704176315187e+00,-1.784814241738813534e-01,-6.593188109422774834e-02,-9.298208164094868416e-03,2.801600830292070854e-01,-1.631152319015379604e+00,1.554505998009059198e-01,-1.358735617647056859e+00
-1.725788221848621740e-02,0.000000000000000000e+00,2.846481545337444241e-01,7.109361939243796780e-01,2.393774739012486395e-19,7.032565166198724294e-01,2.393774739012486395e-19,-3.037698296211944760e-01,4.719984736572283186e-03,-1.370115258737437166e-03,2.628757519499154705e-01,5.382338224181845709e-02,-4.819367002867946080e-03,-2.749097062489022081e-01,6.133641241147534673e-03,-3.207677425505738641e-03,1.798472289574251648e-01,8.821506087125595419e-02,-6.846689834680858705e-03,1.892252312770036733e-03,3.821765696278965011e-03,-3.441268066253657665e-01,-2.498294294599571197e-01,1.482180531597470929e-01,-9.309449971322691919e-02,4.005504146983467906e-01,1.201061673151957443e+00,5.485329155263676121e-02,1.466529620398566269e+00,-1.885594206621920288e-01,-6.621498538507682163e-02,-1.119449753358281799e-02,2.951873368188649982e-01,-1.630098048231698016e+00,1.559359626083325900e-01,-1.363917454064029311e+00
-1.781859377886102838e-02,0.000000000000000000e+00,2.862625555142848666e-01,7.114498099177143375e-01,2.234189160119175511e-19,7.027369123420571517e-01,2.234189160119175511e-19,-3.039049242091010905e-01,4.719904869687407620e-03,-1.370806977881181866e-03,2.630158187647875234e-01,5.381743451102908443e-02,-4.819487566061575121e-03,-2.750371974324075652e-01,6.133383201578795386e-03,-3.208518493011416894e-03,1.799713296047593392e-01,8.821713004479199427e-02,-6.846847401912359819e-03,1.892578441022221575e-03,3.821550352507619829e-03,-3.440716514996438047e-01,-2.602971173104785541e-01,1.483212606490237617e-01,-9.213371507688855599e-02,4.173264980208741814e-01,1.199570290341338330e+00,5.249884113563213495e-02,1.472377130479149976e+00,-1.984195608270125366e-01,-6.649713584576888437e-02,-1.305752438224846816e-02,3.100147603468018098e-01,-1.629055508124227059e+00,1.564042569678651684e-01,-1.369107015074441547e+00
-1.835942794506389281e-02,0.000000000000000000e+00,2.877914426137400117e-01,7.119630455985400674e-01,2.074602559008779469e-19,7.022169335056305250e-01,2.074602559008779469e-19,-3.039486464616945605e-01,4.719982330300499795e-03,-1.371083696144942193e-03,2.631613097610245311e-01,5.371536232255891274e-02,-4.819648683356804464e-03,-2.750729493897799971e-01,6.133319729391028402e-03,-3.208760566498211359e-03,1.800997903188894245e-01,8.812374899467986800e-02,-6.846906410880052030e-03,1.893119298034744635e-03,3.821575271542498788e-03,-3.440258371284939942e-01,-2.705405397282464874e-01,1.484263654893549222e-01,-9.120844172762739011e-02,4.338934385526770909e-01,1.198110855831469701e+00,5.013671920378699048e-02,1.478225575775188760e+00,-2.080410502927103056e-01,-6.677620079087276395e-02,-1.488372936840693349e-02,3.246173465469399666e-01,-1.628027075196172957e+00,1.568551218727881613e-01,-1.374298375760179436e+00
-1.887777565218987791e-02,0.000000000000000000e+00,2.892297066109897896e-01,7.124759001468063957e-01,1.915015191243419651e-19,7.016965809450677050e-01,1.915015191243419651e-19,-3.038962911125152044e-01,4.720221363256589010e-03,-1.370922070201702637e-03,2.633087651108663163e-01,5.351595438759227524e-02,-4.819847884965431165e-03,-2.750124436422506369e-01,6.133460095794384011e-03,-3.208373925306521116e-03,1.802295393423410941e-01,8.793351355685756487e-02,-6.846861487110174338e-03,1.893871202376496516e-03,3.821849449854111853e-03,-3.439910459217548899e-01,-2.805429936586871786e-01,1.485319560313708986e-01,-9.032039281364304117e-02,4.502312411647886869e-01,1.196685424280121257e+00,4.776995524360246742e-02,1.484070885253462535e+00,-2.174028866365124157e-01,-6.704994450214191160e-02,-1.666950340723037313e-02,3.389693543851851065e-01,-1.627015205837690770e+00,1.572882546338066623e-01,-1.379484962331993358e+00
-1.937102783533406480e-02,0.000000000000000000e+00,2.905722382849136864e-01,7.129883727442963837e-01,1.755427312385972400e-19,7.011758554966367463e-01,1.755427312385972400e-19,-3.037432028216615620e-01,4.720626249472562735e-03,-1.370299045325538631e-03,2.634548401871842360e-01,5.321793379044081201e-02,-4.820082823008781624e-03,-2.748512053381702569e-01,6.133813489328595984e-03,-3.207329140524270254e-03,1.803576067042512721e-01,8.764496076448474726e-02,-6.846707319436166374e-03,1.894837952522122069e-03,3.822386381660939931e-03,-3.439691137142346644e-01,-2.902875875126421645e-01,1.486365676539948277e-01,-8.947125441938189039e-02,4.663193798544963409e-01,1.195295984629846320e+00,4.540182053513248939e-02,1.489908596781069461e+00,-2.264838520112720244e-01,-6.731602387193048875e-02,-1.841118452609410289e-02,3.530443211840969542e-01,-1.626022434619397217e+00,1.577034141719969307e-01,-1.384659562686790801e+00
-1.983657542959152767e-02,0.000000000000000000e+00,2.918139284143914658e-01,7.135004625746512730e-01,1.595839178003597328e-19,7.006547579983730678e-01,1.595839178003597328e-19,-3.034847762889171241e-01,4.721201305600098569e-03,-1.369191856774652815e-03,2.635963056639122892e-01,5.281995800094476529e-02,-4.820351271533816762e-03,-2.745848033605766680e-01,6.134389015643624925e-03,-3.205597075695453511e-03,1.804811243092460105e-01,8.725656886564968351e-02,-6.846438660128861993e-03,1.896031642413758969e-03,3.823204645656848484e-03,-3.439620409140724533e-01,-2.997572485182293800e-01,1.487386817762627877e-01,-8.866268626467836700e-02,4.821368394634495402e-01,1.193944451002570739e+00,4.303582003886970153e-02,1.495733881656991171e+00,-2.352625075582209235e-01,-6.757198487584430147e-02,-2.010505510243722205e-02,3.668150787888226905e-01,-1.625051372360367008e+00,1.581004243916111773e-01,-1.389814338573205132e+00
-2.027180937005733374e-02,0.000000000000000000e+00,2.929496677783029468e-01,7.140121688233364017e-01,1.436251043653932250e-19,7.001332892901146465e-01,1.436251043653932250e-19,-3.031164563657666178e-01,4.721950884085396836e-03,-1.367578029891859323e-03,2.637300476139390337e-01,5.232061888686451862e-02,-4.820651126633549582e-03,-2.742088504341205768e-01,6.135195697281841179e-03,-3.203148887524434434e-03,1.805973260245630485e-01,8.676675734194606859e-02,-6.846050325026401852e-03,1.897473514721140057e-03,3.824328519782499262e-03,-3.439720042520850174e-01,-3.089347339638369716e-01,1.488367246745870842e-01,-8.789632228780183687e-02,4.976621658886934418e-01,1.192632653379813057e+00,4.067568253920671867e-02,1.501541572825554782e+00,-2.437171898067426179e-01,-6.781525889383932526e-02,-2.174733953815061183e-02,3.802537740234726016e-01,-1.624104703926067872e+00,1.584791776264274921e-01,-1.394940839610397054e+00
-2.067412059182658149e-02,0.000000000000000000e+00,2.939743471555277265e-01,7.145234906776862793e-01,1.276663164894869204e-19,6.996114502134556101e-01,1.276663164894869204e-19,-3.026337381669000348e-01,4.722879373019097521e-03,-1.365435380878363917e-03,2.638530676058874480e-01,5.171844272842655854e-02,-4.820980406538319385e-03,-2.737190032311856425e-01,6.136242473461303235e-03,-3.199956026574907967e-03,1.807035477656721567e-01,8.617388692806626782e-02,-6.845537193662376563e-03,1.899194845390141670e-03,3.825788621180826934e-03,-3.440013691463138512e-01,-3.178026467924349729e-01,1.489290661114529568e-01,-8.717377108699511656e-02,5.128735258027361521e-01,1.191362328057008479e+00,3.832534878890136998e-02,1.507326197250971278e+00,-2.518260092789043614e-01,-6.804315890159036428e-02,-2.333420242953676213e-02,3.933318939253912516e-01,-1.623185185708091893e+00,1.588396381512898470e-01,-1.400030019426155015e+00
-2.104090002999431039e-02,0.000000000000000000e+00,2.948828573249454577e-01,7.150344273268945949e-01,1.117075797277467027e-19,6.990892416117558961e-01,1.117075797277467027e-19,-3.020321671807714159e-01,4.723991196067449036e-03,-1.362742017289093671e-03,2.639624827986328248e-01,5.101189023336021727e-02,-4.821337251665426538e-03,-2.731109624773926936e-01,6.137538199860623385e-03,-3.195990237964602999e-03,1.807972275802034456e-01,8.547625963231511581e-02,-6.844894209393167540e-03,1.901237850981846687e-03,3.827622567541896868e-03,-3.440527026926403775e-01,-3.263434560513188698e-01,1.490140177838178981e-01,-8.649661619226924059e-02,5.277487769868984824e-01,1.190135107865115671e+00,3.598895737380404525e-02,1.513082012971903367e+00,-2.595668515384484398e-01,-6.825287555681615326e-02,-2.486174729721390628e-02,4.060202962847228036e-01,-1.622295642733695198e+00,1.591818457481348204e-01,-1.405072254202735849e+00
-2.136953861965563625e-02,0.000000000000000000e+00,2.956700890654360703e-01,7.155449779620374207e-01,9.574891963462903229e-20,6.985666643301178258e-01,9.574891963462903229e-20,-3.013073393793715415e-01,4.725290812383798299e-03,-1.359476338592584830e-03,2.640555260341285737e-01,5.019935655312727368e-02,-4.821719924707746491e-03,-2.723804730563131327e-01,6.139091648405070253e-03,-3.191223562055049180e-03,1.808759057302266049e-01,8.467211875801985976e-02,-6.844116379524438701e-03,1.903656607822936395e-03,3.829875654945697015e-03,-3.441287872871213738e-01,-3.345395227473595412e-01,1.490898316022176429e-01,-8.586641613617769508e-02,5.422655504737230459e-01,1.188952512158254260e+00,3.367082799052471820e-02,1.518803051396243831e+00,-2.669173809475499093e-01,-6.844147320832494330e-02,-2.632601594607945211e-02,4.182892460589405781e-01,-1.621438965349001560e+00,1.595059193131790620e-01,-1.410057363942787134e+00
-2.165742729590560203e-02,0.000000000000000000e+00,2.963309331558790505e-01,7.160551417760389059e-01,7.979036176320947750e-20,6.980437192154205217e-01,7.979036176320947750e-20,-3.004549013272499458e-01,4.726782716522904063e-03,-1.355617036710003243e-03,2.641295459282532176e-01,4.927917130016409158e-02,-4.822126810690914936e-03,-2.715233241136107978e-01,6.140911507053823173e-03,-3.185628335136539424e-03,1.809372247728980310e-01,8.375964892597743960e-02,-6.843198775436342730e-03,1.906517969073892680e-03,3.832601546032589953e-03,-3.442326348801905134e-01,-3.423731317051618150e-01,1.491546978148360070e-01,-8.528470428901174794e-02,5.564013457875025548e-01,1.187815936572776288e+00,3.137544180203595545e-02,1.524483165438286436e+00,-2.738550474196249640e-01,-6.860588585894060454e-02,-2.772298853151266770e-02,4.301084582757611630e-01,-1.620618105415291499e+00,1.598120604889214369e-01,-1.414974636792811769e+00
-2.190195699383929925e-02,0.000000000000000000e+00,2.968602803751542174e-01,7.165649179637303412e-01,6.383193166564840491e-20,6.975204071162595110e-01,6.383193166564840491e-20,-2.941297420986618283e-01,4.737286330882503095e-03,-1.326690936689396347e-03,2.641296120774659917e-01,4.300042254408407982e-02,-4.824476482933573625e-03,-2.651934179746755493e-01,6.154305126327436030e-03,-3.144276505901493542e-03,1.809080933502985045e-01,7.750472236411277971e-02,-6.836346140805756900e-03,1.930806793741122497e-03,3.855872968868446615e-03,-3.452917297882128200e-01,-3.356475091046680626e-01,1.490405300591688686e-01,-8.680251529491372908e-02,5.559109266791862902e-01,1.188582963164107387e+00,2.941450114689245221e-02,1.529151593563656597e+00,-2.647766297650049894e-01,-6.813346585999087435e-02,-2.656863031975359099e-02,4.253212454605475590e-01,-1.621005604221132490e+00,1.592325976494212147e-01,-1.418212108288907647e+00
-2.210051864855178821e-02,0.000000000000000000e+00,2.972530215021411126e-01,7.170743057218124106e-01,4.787365489249687401e-20,6.969967288829845842e-01,4.787365489249687401e-20,-2.941297420986618283e-01,4.737286330882503095e-03,-1.326690936689396347e-03,2.641296120774659917e-01,4.300042254408407982e-02,-4.824476482933573625e-03,-2.651934179746755493e-01,6.154305126327436030e-03,-3.144276505901493542e-03,1.809080933502985045e-01,7.750472236411277971e-02,-6.836346140805756900e-03,1.930806793741122497e-03,3.855872968868446615e-03,-3.452917297882128200e-01,-3.456067424087926332e-01,1.490921212760154824e-01,-8.589070931497308492e-02,5.720792325470460682e-01,1.187152776144668298e+00,2.716202298079151145e-02,1.534876129932428945e+00,-2.739694123022142769e-01,-6.833715783446178693e-02,-2.831486912492542710e-02,4.393326792201195929e-01,-1.620043724368860794e+00,1.596962197233985636e-01,-1.423192864837817595e+00
-2.225050319513816044e-02,0.000000000000000000e+00,2.975040473157197773e-01,7.175833042488908298e-01,3.191555699275634104e-20,6.964726853676630469e-01,3.191555699275634104e-20,-2.941297420986618283e-01,4.737286330882503095e-03,-1.326690936689396347e-03,2.641296120774659917e-01,4.300042254408407982e-02,-4.824476482933573625e-03,-2.651934179746755493e-01,6.154305126327436030e-03,-3.144276505901493542e-03,1.809080933502985045e-01,7.750472236411277971e-02,-6.836346140805756900e-03,1.930806793741122497e-03,3.855872968868446615e-03,-3.452917297882128200e-01,-3.555659757129176479e-01,1.491437124928620961e-01,-8.497890333503241300e-02,5.882475384149066233e-01,1.185722589125229209e+00,2.490954481469047355e-02,1.540600666301201516e+00,-2.831621948394239530e-01,-6.854084980893271339e-02,-3.006110793009733953e-02,4.533441129796922930e-01,-1.619081844516589319e+00,1.601598417973759403e-01,-1.428173621386727543e+00
-2.234930156869347276e-02,0.000000000000000000e+00,2.976082485947695311e-01,7.180919127454711282e-01,1.595766351356588801e-20,6.959482774240847158e-01,1.595766351356588801e-20,-2.941297420986618283e-01,4.737286330882503095e-03,-1.326690936689396347e-03,2.641296120774659917e-01,4.300042254408407982e-02,-4.824476482933573625e-03,-2.651934179746755493e-01,6.154305126327436030e-03,-3.144276505901493542e-03,1.809080933502985045e-01,7.750472236411277971e-02,-6.836346140805756900e-03,1.930806793741122497e-03,3.855872968868446615e-03,-3.452917297882128200e-01,-3.655252090170422741e-01,1.491953037097087376e-01,-8.406709735509175496e-02,6.044158442827664013e-01,1.184292402105790343e+00,2.265706664858953279e-02,1.546325202669973864e+00,-2.923549773766331850e-01,-6.874454178340363986e-02,-3.180734673526917911e-02,4.673555467392643270e-01,-1.618119964664317845e+00,1.606234638713532892e-01,-1.433154377935637491e+00
-2.239430470431282363e-02,0.000000000000000000e+00,2.975605161181703595e-01,7.186001304139604251e-01,0.000000000000000000e+00,6.954235059077591430e-01,0.000000000000000000e+00,-2.941297420986618283e-01,4.737286330882503095e-03,-1.326690936689396347e-03,2.641296120774659917e-01,4.300042254408407982e-02,-4.824476482933573625e-03,-2.651934179746755493e-01,6.154305126327436030e-03,-3.144276505901493542e-03,1.809080933502985045e-01,7.750472236411277971e-02,-6.836346140805756900e-03,1.930806793741122497e-03,3.855872968868446615e-03,-3.452917297882128200e-01,-3.754844423211672888e-01,1.492468949265553513e-01,-8.315529137515106917e-02,6.205841501506269564e-01,1.182862215086351254e+00,2.040458848248848794e-02,1.552049739038746434e+00,-3.015477599138428055e-01,-6.894823375787456632e-02,-3.355358554044109848e-02,4.813669804988370271e-01,-1.617158084812046148e+00,1.610870859453306658e-01,-1.438135134484547661e+00
-2.239007169419757540e-02,0.000000000000000000e+00,2.973453057821816015e-01,7.178354820203869391e-01,4.786067543617241086e-20,6.962127697425254391e-01,4.786067543617241086e-20,-2.941297420986618283e-01,4.737286330882503095e-03,-1.326690936689396347e-03,2.641296120774659917e-01,4.300042254408407982e-02,-4.824476482933573625e-03,-2.651934179746755493e-01,6.154305126327436030e-03,-3.144276505901493542e-03,1.809080933502985045e-01,7.750472236411277971e-02,-6.836346140805756900e-03,1.930806793741122497e-03,3.855872968868446615e-03,-3.452917297882128200e-01,-3.634927318724817669e-01,1.492280214290713225e-01,-8.431851947212778975e-02,6.015040224574914607e-01,1.184544611161506111e+00,2.298855370004222742e-02,1.545371054461925686e+00,-2.889599903592658392e-01,-6.880031533006185362e-02,-3.115084072799639836e-02,4.626290907444813305e-01,-1.618339225049169716e+00,1.604526918346739772e-01,-1.431785489848809378e+00
-2.234377162943779541e-02,0.000000000000000000e+00,2.969555599787623845e-01,7.170699667510548325e-01,9.572129307462868301e-20,6.970011928136431445e-01,9.572129307462868301e-20,-2.941297420986618283e-01,4.737286330882503095e-03,-1.326690936689396347e-03,2.641296120774659917e-01,4.300042254408407982e-02,-4.824476482933573625e-03,-2.651934179746755493e-01,6.154305126327436030e-03,-3.144276505901493542e-03,1.809080933502985045e-01,7.750472236411277971e-02,-6.836346140805756900e-03,1.930806793741122497e-03,3.855872968868446615e-03,-3.452917297882128200e-01,-3.515010214237956898e-01,1.492091479315872660e-01,-8.548174756910456584e-02,5.824238947643551878e-01,1.186227007236661191e+00,2.557251891759608139e-02,1.538692369885104716e+00,-2.763722208046883178e-01,-6.865239690224914093e-02,-2.874809591555158722e-02,4.438912009901248013e-01,-1.619520365286293506e+00,1.598182977240172609e-01,-1.425435845213070873e+00
-2.225671044346157895e-02,0.000000000000000000e+00,2.963988992303423498e-01,7.163035855304152877e-01,1.435817951177167631e-19,6.977887741689966505e-01,1.435817951177167631e-19,-2.941297420986618283e-01,4.737286330882503095e-03,-1.326690936689396347e-03,2.641296120774659917e-01,4.300042254408407982e-02,-4.824476482933573625e-03,-2.651934179746755493e-01,6.154305126327436030e-03,-3.144276505901493542e-03,1.809080933502985045e-01,7.750472236411277971e-02,-6.836346140805756900e-03,1.930806793741122497e-03,3.855872968868446615e-03,-3.452917297882128200e-01,-3.395093109751101679e-01,1.491902744341032372e-01,-8.664497566608130030e-02,5.633437670712196921e-01,1.187909403311816048e+00,2.815648413514982087e-02,1.532013685308283968e+00,-2.637844512501113514e-01,-6.850447847443642824e-02,-2.634535110310688710e-02,4.251533112357691047e-01,-1.620701505523417074e+00,1.591839036133605723e-01,-1.419086200577332813e+00
-2.213019406969702826e-02,0.000000000000000000e+00,2.956829440593504166e-01,7.155363392839659831e-01,1.914421237678617071e-19,6.985755128574870909e-01,1.914421237678617071e-19,-2.941297420986618283e-01,4.737286330882503095e-03,-1.326690936689396347e-03,2.641296120774659917e-01,4.300042254408407982e-02,-4.824476482933573625e-03,-2.651934179746755493e-01,6.154305126327436030e-03,-3.144276505901493542e-03,1.809080933502985045e-01,7.750472236411277971e-02,-6.836346140805756900e-03,1.930806793741122497e-03,3.855872968868446615e-03,-3.452917297882128200e-01,-3.275176005264240908e-01,1.491714009366191807e-01,-8.780820376305807640e-02,5.442636393780833082e-01,1.189591799386971127e+00,3.074044935270367485e-02,1.525335000731462998e+00,-2.511966816955338300e-01,-6.835656004662371554e-02,-2.394260629066207943e-02,4.064154214814126309e-01,-1.621882645760540864e+00,1.585495095027038559e-01,-1.412736555941594307e+00
-2.196552844157224557e-02,0.000000000000000000e+00,2.948153149882161705e-01,7.147682289382596421e-01,2.393022212279232053e-19,6.993614079290217944e-01,2.393022212279232053e-19,-3.006139709086027567e-01,4.727624905632721308e-03,-1.356910456177335290e-03,2.652021594892592371e-01,4.836458988189828306e-02,-4.823375275552806672e-03,-2.716235112890494352e-01,6.140789286683427661e-03,-3.186345604230402841e-03,1.818835313258287956e-01,8.290975660427171712e-02,-6.843456928844936227e-03,1.898641699958423428e-03,3.818579206384935514e-03,-3.446361410344226384e-01,-3.304212177605161394e-01,1.492170153690390577e-01,-8.640782957655546159e-02,5.362111810428663583e-01,1.189159811805313938e+00,3.464446189148767674e-02,1.515888368977372336e+00,-2.546768605793960361e-01,-6.853261377083295913e-02,-2.362198287013279538e-02,3.992569932876987027e-01,-1.622242355229478017e+00,1.590934503072334028e-01,-1.402686216749294612e+00
-2.176401949251530882e-02,0.000000000000000000e+00,2.938036325393688641e-01,7.139992554208762776e-01,2.871620297006373153e-19,7.001464584345437059e-01,2.871620297006373153e-19,-3.014205985917489117e-01,4.726399507483199612e-03,-1.360657677719733340e-03,2.653127677252407612e-01,4.905469586136028404e-02,-4.823210474889088641e-03,-2.724246595942249605e-01,6.139103372991826582e-03,-3.191585796156836893e-03,1.819847615212660252e-01,8.360355765554840224e-02,-6.844339674100028033e-03,1.895446336148876162e-03,3.814226513321697203e-03,-3.446111158071465952e-01,-3.201299527226290631e-01,1.491755759424037708e-01,-8.722621811104547263e-02,5.178857471255023937e-01,1.190587943326933962e+00,3.760069760000145367e-02,1.508403206605342772e+00,-2.438129374991122034e-01,-6.837851902121808156e-02,-2.140275771520173606e-02,3.811752186056422964e-01,-1.623395577875396567e+00,1.586198991407020975e-01,-1.395310118545835865e+00
-2.152697315595434799e-02,0.000000000000000000e+00,2.926555172352378609e-01,7.132294196604501701e-01,3.350214913893440663e-19,7.009306634260035196e-01,3.350214913893440663e-19,-3.020790151854204630e-01,4.725384762690395223e-03,-1.363708959261528868e-03,2.653889914437321806e-01,4.963206009661857987e-02,-4.823058813889558906e-03,-2.730793770688452193e-01,6.137724418438667180e-03,-3.195867376689687494e-03,1.820549957515357475e-01,8.418308214495881514e-02,-6.845059097282489916e-03,1.893051076423146436e-03,3.810685883971261494e-03,-3.446094918674900698e-01,-3.094713076175525934e-01,1.491264017008678000e-01,-8.809662611240839936e-02,4.991757975867547326e-01,1.192068328584684256e+00,4.057106250828381583e-02,1.500878938917564298e+00,-2.325285079240445585e-01,-6.820929966453813387e-02,-1.912128797115323839e-02,3.626654918521594051e-01,-1.624582734069108803e+00,1.581213374151089202e-01,-1.387899700262291924e+00
-2.125569536531742715e-02,0.000000000000000000e+00,2.913785895982524687e-01,7.124587225866531037e-01,3.828805484976546586e-19,7.017140219563768877e-01,3.828805484976546586e-19,-3.025960652864048694e-01,4.724570162737009617e-03,-1.366096041163554573e-03,2.654316621118593122e-01,5.010264552587551101e-02,-4.822918763598946917e-03,-2.735944677056349472e-01,6.136638095864494109e-03,-3.199234843418776245e-03,1.820949985910737534e-01,8.465431784641942736e-02,-6.845622680312292603e-03,1.891355691903954649e-03,3.807886089847375109e-03,-3.446271030162915139e-01,-2.984702423973835672e-01,1.490710738246736056e-01,-8.901730978242246295e-02,4.801235873951438249e-01,1.193598737927065834e+00,4.354672833379338165e-02,1.493334388623330566e+00,-2.208552407193025702e-01,-6.802802517492327616e-02,-1.678375237034960069e-02,3.437793852238055781e-01,-1.625799152261831582e+00,1.575980891071070145e-01,-1.380479110468018744e+00
-2.095149205403267628e-02,0.000000000000000000e+00,2.899804701508420512e-01,7.116871651302072443e-01,4.307391432305068728e-19,7.024965330796509866e-01,4.307391432305068728e-19,-3.029787589952010474e-01,4.723945297561070629e-03,-1.367851611775116032e-03,2.654419731466591825e-01,5.047221746923231944e-02,-4.822789174781620669e-03,-2.739768812152421074e-01,6.135829800073417870e-03,-3.201733667057411054e-03,1.821058544584480965e-01,8.502307632386907343e-02,-6.846038113374398881e-03,1.890269838254876296e-03,3.805765814196493228e-03,-3.446601987264377165e-01,-2.871514451374491128e-01,1.490110967016379517e-01,-8.998649920725634854e-02,4.607708505893879369e-01,1.195176709544262694e+00,4.651923424257094208e-02,1.485787908815467739e+00,-2.088242887592901553e-01,-6.783749904203482950e-02,-1.439611941290352970e-02,3.245671867730449689e-01,-1.627040311750799884e+00,1.570506376983191732e-01,-1.373071356688997158e+00
-2.061566915552815946e-02,0.000000000000000000e+00,2.884687794154358609e-01,7.109147482228524995e-01,4.785972177917938653e-19,7.032781958508583786e-01,4.785972177917938653e-19,-3.032342715003061295e-01,4.723499856253895839e-03,-1.369009304662298018e-03,2.654214796912888197e-01,5.074634344000696767e-02,-4.822669277953818730e-03,-2.742337126224690391e-01,6.135284648669020804e-03,-3.203410288790865638e-03,1.820889674170733108e-01,8.529499273035343054e-02,-6.846313294450304121e-03,1.889712807317415382e-03,3.804272386685853512e-03,-3.447054115251475537e-01,-2.755392778598397263e-01,1.489479021378317669e-01,-9.100239790913781934e-02,4.411586309690195273e-01,1.196799568125459956e+00,4.948051602030558577e-02,1.478257300494765225e+00,-1.964662802061787061e-01,-6.764027376036099715e-02,-1.196415097874118684e-02,3.050778181375224385e-01,-1.628301849188791728e+00,1.564796166714974290e-01,-1.365698258447756830e+00
-2.024953260323200666e-02,0.000000000000000000e+00,2.868511379144633722e-01,7.101414727973796026e-01,5.264547143865643503e-19,7.040590093260425952e-01,5.264547143865643503e-19,-3.033699426582772141e-01,4.723223627011173369e-03,-1.369603698162568609e-03,2.653720983823237289e-01,5.093039296046865394e-02,-4.822558682942075514e-03,-2.743722018588473643e-01,6.134987482896517644e-03,-3.204312117601987135e-03,1.820460609681649744e-01,8.547552561125783266e-02,-6.846456328844510546e-03,1.889613152289487284e-03,3.803360553725548040e-03,-3.447597263575081783e-01,-2.636577355949455970e-01,1.488828532448855935e-01,-9.206318187183482049e-02,4.213271424950688626e-01,1.198464442635968519e+00,5.242292898102861309e-02,1.470759743364184580e+00,-1.838113186280306288e-01,-6.743866535298290166e-02,-9.493408079730477483e-03,2.853587712323518710e-01,-1.629579563603281045e+00,1.558858001831584239e-01,-1.358380409155945268e+00
-1.985438833057229582e-02,0.000000000000000000e+00,2.851351661703538376e-01,7.093673397876240072e-01,5.743115752222706990e-19,7.048389725622653534e-01,5.743115752222706990e-19,-3.033932765699969836e-01,4.723106498099865526e-03,-1.369670311706807199e-03,2.652961071083796418e-01,5.102953738252074406e-02,-4.822457379084762324e-03,-2.743997333519094250e-01,6.134922868492157649e-03,-3.204487527572883604e-03,1.819791778360825840e-01,8.556995671200341713e-02,-6.846475528706123456e-03,1.889908226457016373e-03,3.802991292633053563e-03,-3.448204518856446965e-01,-2.515304170493272151e-01,1.488172479634694567e-01,-9.316699813729815982e-02,4.013156558164710508e-01,1.200168283237984745e+00,5.533926553029040740e-02,1.463311738222312197e+00,-1.708889908094421428e-01,-6.723476730846342231e-02,-6.989258437928531909e-03,2.654560614173174793e-01,-1.630869420162048167e+00,1.552700939616879217e-01,-1.351137145506009496e+00
-1.943154227097714654e-02,0.000000000000000000e+00,2.833284847055365097e-01,7.085923501284426829e-01,6.221677425051631171e-19,7.056180846176283161e-01,6.221677425051631171e-19,-3.033119411530981191e-01,4.723138458060571233e-03,-1.369245604514795480e-03,2.651961447601068333e-01,5.104874971336511441e-02,-4.822365734900455926e-03,-2.743238356109260478e-01,6.135075096538127569e-03,-3.203985855165527273e-03,1.818906797457635338e-01,8.558339078982940551e-02,-6.846379412545601506e-03,1.890543667954688476e-03,3.803130675220504995e-03,-3.448851936614351632e-01,-2.391805054121776408e-01,1.487523221925162731e-01,-9.431196305971305260e-02,3.811624076666986216e-01,1.201907877395966384e+00,5.822276820402872560e-02,1.455929059434539985e+00,-1.577283812451295009e-01,-6.703046382968486094e-02,-4.456885610870590930e-03,2.454141949096438624e-01,-1.632167552899856044e+00,1.546335264694315703e-01,-1.343986523148626322e+00
-1.898230035787461939e-02,0.000000000000000000e+00,2.814387140424408074e-01,7.078165047557061218e-01,6.700231584182826211e-19,7.063963445512833061e-01,6.700231584182826211e-19,-3.031337677103453920e-01,4.723309596199248145e-03,-1.368366973355049105e-03,2.650752109713188087e-01,5.099280444574390281e-02,-4.822284497971459673e-03,-2.741521808093365098e-01,6.135428184325564423e-03,-3.202857396475478242e-03,1.817832471927332549e-01,8.552075543021028792e-02,-6.846176704746473676e-03,1.891472856700670852e-03,3.803748784203932285e-03,-3.449518290986325897e-01,-2.266307579873955702e-01,1.486892525019468669e-01,-9.549616029320030786e-02,3.609045301890830282e-01,1.203679865221316758e+00,6.106713891496955843e-02,1.448626716102796586e+00,-1.443580924321155867e-01,-6.682744231093770693e-02,-1.901299416395577264e-03,2.252761484513013668e-01,-1.633470266600656640e+00,1.539772403582083116e-01,-1.336945297570417246e+00
-1.850796852469285825e-02,0.000000000000000000e+00,2.794734747034961497e-01,7.070398046068382403e-01,7.220139054067541943e-19,7.071737514228904065e-01,7.220139054067541943e-19,-3.028667504930332433e-01,4.723610103037432367e-03,-1.367072750402988004e-03,2.649366658517864903e-01,5.086627739276584209e-02,-4.822214794786131888e-03,-2.738925843624652745e-01,6.135965876222217348e-03,-3.201153404469168646e-03,1.816598792054728573e-01,8.538680086680035253e-02,-6.845876335071976980e-03,1.892656364353256923e-03,3.804818684043042437e-03,-3.450184841605073993e-01,-2.139035034834581017e-01,1.486291584132892196e-01,-9.671763858041078354e-02,3.405779975459969910e-01,1.205480754121821318e+00,6.386654505564175188e-02,1.441418920689005789e+00,-1.308062701900564451e-01,-6.662720497460677960e-02,6.726525619999569171e-04,2.050833594583551245e-01,-1.634774038011630237e+00,1.533024842398300613e-01,-1.330028909202726206e+00
-1.800985270485993758e-02,0.000000000000000000e+00,2.774403872111317337e-01,7.062622506185106674e-01,8.530098999235816108e-19,7.079503042949245595e-01,8.530098999235816108e-19,-3.025190462663053803e-01,4.724030270759838751e-03,-1.365402201075366145e-03,2.647842297098459974e-01,5.067354552938727746e-02,-4.822158130560748844e-03,-2.735530045076381978e-01,6.136671644548791736e-03,-3.198926086189583622e-03,1.815238930985591526e-01,8.518609980795925629e-02,-6.845487438166534232e-03,1.894061413803231316e-03,3.806315446358915326e-03,-3.450835116811161174e-01,-2.010206459257405653e-01,1.485731042378663214e-01,-9.797440940146900923e-02,3.202175874411024026e-01,1.207306932829851354e+00,6.661562303140003416e-02,1.434319063971824404e+00,-1.171006333403136895e-01,-6.643107961168441544e-02,3.260272583040688468e-03,1.848757250763916060e-01,-1.636075516549295505e+00,1.526106047863009796e-01,-1.323251471896286002e+00
-1.748925883180393187e-02,0.000000000000000000e+00,2.753470720877768119e-01,7.054838437308895704e-01,9.184287540072014364e-19,7.087260022284280758e-01,9.184287540072014364e-19,-3.020989738571955296e-01,4.724560493653581598e-03,-1.363395521864751384e-03,2.646219827697574023e-01,5.041878683459177085e-02,-4.822116389056096790e-03,-2.731415418677585749e-01,6.137528690460390852e-03,-3.196228599942962240e-03,1.813789242221169329e-01,8.492304726307244034e-02,-6.845019353052933173e-03,1.895661360981408918e-03,3.808215228938921417e-03,-3.451454712091930888e-01,-1.880036742852369269e-01,1.485221004662986566e-01,-9.926444453518533384e-02,2.998568554487434645e-01,1.209154684889077069e+00,6.930947972664983081e-02,1.427339695334882697e+00,-1.032685071726538450e-01,-6.624022938132717586e-02,5.856999638692016695e-03,1.646916087546841656e-01,-1.637371524643026266e+00,1.519030391687972714e-01,-1.316625763993514830e+00
-1.694749283895299191e-02,0.000000000000000000e+00,2.732011498558609697e-01,7.047045848836702708e-01,1.358669710632364214e-18,7.095008442869775722e-01,1.358669710632364214e-18,-3.016150137155048094e-01,4.725191268549172596e-03,-1.361093838133352286e-03,2.644543648759730692e-01,5.010598014346782231e-02,-4.822091832389605731e-03,-2.726664390277447336e-01,6.138519944906366092e-03,-3.193115052170639612e-03,1.812289256983225239e-01,8.460186037843568652e-02,-6.844481622511259036e-03,1.897435209089527426e-03,3.810494406365656176e-03,-3.452031103099538201e-01,-1.748736770198685009e-01,1.484771047062720950e-01,-1.005856735793327628e-01,2.795281202638194573e-01,1.211020201685502284e+00,7.194369234646194600e-02,1.420492507485675349e+00,-8.933686020120720772e-02,-6.605566163389656187e-02,8.458395779794378871e-03,1.445678530997286659e-01,-1.638659057849501055e+00,1.511813078388134501e-01,-1.310163221309529558e+00
-1.638586065973515749e-02,0.000000000000000000e+00,2.710102410378132931e-01,7.039244750178846877e-01,3.888470666341492614e-19,7.102748295348748631e-01,3.888470666341492614e-19,-3.010758074590727529e-01,4.725913195258005066e-03,-1.358539201891306811e-03,2.642861751918650359e-01,4.973890500062536774e-02,-4.822087100831476056e-03,-2.721360800963356086e-01,6.139628069154114132e-03,-3.189640496121163779e-03,1.810781681542558696e-01,8.422657827429706756e-02,-6.843883993145337061e-03,1.899367162705536440e-03,3.813128749653240356e-03,-3.452553472025572390e-01,-1.616513608400836077e-01,1.484390221677417965e-01,-1.019359814703107853e-01,2.592624582198583827e-01,1.212899595110639162e+00,7.451430701700757775e-02,1.413788324807425001e+00,-7.533234379876625753e-02,-6.587823572974151054e-02,1.106013200744508825e-02,1.245397979339423755e-01,-1.639935284859393994e+00,1.504470076511459364e-01,-1.303873931413974230e+00
-1.580566822757858286e-02,0.000000000000000000e+00,2.687819661560633677e-01,7.031435150756100150e-01,4.840074773799836983e-19,7.110479570374388381e-01,4.840074773799836983e-19,-3.004901574193944436e-01,4.726716977005961107e-03,-1.355774589555024503e-03,2.641225718885510942e-01,4.932114151964243215e-02,-4.822105212594169840e-03,-2.715589902683532841e-01,6.140835456439478965e-03,-3.185860925872481108e-03,1.809312394452916306e-01,8.380106188681817059e-02,-6.843236413693261008e-03,1.901446227570248015e-03,3.816092651681284986e-03,-3.453012546551689210e-01,-1.483570730937938120e-01,1.484087056964071560e-01,-1.033132060388683993e-01,2.390897056036966617e-01,1.214788909948358642e+00,7.701783647907302355e-02,1.407237094629133711e+00,-6.128133435594890904e-02,-6.570866983239369297e-02,1.365797384703370046e-02,1.046413026034002797e-01,-1.641197547508750132e+00,1.497018053239568269e-01,-1.297766628667842648e+00
-1.520822147591131650e-02,0.000000000000000000e+00,2.665239457330402240e-01,7.023617059999495149e-01,5.791673036268800570e-19,7.118202258610248911e-01,5.791673036268800570e-19,-2.998670261828887962e-01,4.727593420866605008e-03,-1.352843899677575118e-03,2.639690718253077661e-01,4.885607024727696424e-02,-4.822149563614935505e-03,-2.709438353830927459e-01,6.142124232128666657e-03,-3.181833276515108784e-03,1.807930443710494273e-01,8.332899381432330721e-02,-6.842549035680617169e-03,1.903665860297731839e-03,3.819358394833376191e-03,-3.453400450408258826e-01,-1.350108272540219978e-01,1.483869553572786659e-01,-1.047151356342996414e-01,2.190384674784863761e-01,1.216684136078195477e+00,7.945125716271989047e-02,1.400847880780200283e+00,-4.720997767625576685e-02,-6.554754666015022435e-02,1.624776670696899752e-02,8.490477170302963839e-02,-1.642443360898788951e+00,1.489474312280237300e-01,-1.291848689530353811e+00
-1.459482633816150225e-02,0.000000000000000000e+00,2.642438002911734474e-01,7.015790487350435090e-01,6.743264304564721970e-19,7.125916350730140403e-01,6.743264304564721970e-19,-2.941297420986618283e-01,4.737286330882503095e-03,-1.326690936689396347e-03,2.641296120774659917e-01,4.300042254408407982e-02,-4.824476482933573625e-03,-2.651934179746755493e-01,6.154305126327436030e-03,-3.144276505901493542e-03,1.809080933502985045e-01,7.750472236411277971e-02,-6.836346140805756900e-03,1.930806793741122497e-03,3.855872968868446615e-03,-3.452917297882128200e-01,-1.116668124500803105e-01,1.488316779819064128e-01,-1.087463095086395604e-01,2.008213409016378903e-01,1.219874928739760556e+00,7.725182326867188753e-02,1.405118678348688199e+00,-2.461682971314410606e-02,-6.569402834599487317e-02,1.930680033334340739e-02,6.913340590300354194e-02,-1.643143170028766642e+00,1.471304155108832667e-01,-1.298442952498304326e+00
-1.396678874775719378e-02,0.000000000000000000e+00,2.619491503528921794e-01,7.007955442260400680e-01,7.694847429532223983e-19,7.133621837418411271e-01,7.694847429532223983e-19,-2.941297420986618283e-01,4.737286330882503095e-03,-1.326690936689396347e-03,2.641296120774659917e-01,4.300042254408407982e-02,-4.824476482933573625e-03,-2.651934179746755493e-01,6.154305126327436030e-03,-3.144276505901493542e-03,1.809080933502985045e-01,7.750472236411277971e-02,-6.836346140805756900e-03,1.930806793741122497e-03,3.855872968868446615e-03,-3.452917297882128200e-01,-9.967510200139423349e-02,1.488128044844223563e-01,-1.099095376056163365e-01,1.817412132085015619e-01,1.221557324814915635e+00,7.983578848622574498e-02,1.398439993771867229e+00,-1.202906015856658462e-02,-6.554610991818216048e-02,2.170954514578821160e-02,5.039551614864701268e-02,-1.644324310265890210e+00,1.464960214002265781e-01,-1.292093307862565821e+00
-1.332541463812653322e-02,0.000000000000000000e+00,2.596476164406259501e-01,7.000111934191224350e-01,8.646421262011497845e-19,7.141318709369691708e-01,8.646421262011497845e-19,-2.941297420986618283e-01,4.737286330882503095e-03,-1.326690936689396347e-03,2.641296120774659917e-01,4.300042254408407982e-02,-4.824476482933573625e-03,-2.651934179746755493e-01,6.154305126327436030e-03,-3.144276505901493542e-03,1.809080933502985045e-01,7.750472236411277971e-02,-6.836346140805756900e-03,1.930806793741122497e-03,3.855872968868446615e-03,-3.452917297882128200e-01,-8.768339155270871155e-02,1.487939309869383275e-01,-1.110727657025930570e-01,1.626610855153660662e-01,1.223239720890070492e+00,8.241975370377949139e-02,1.391761309195046703e+00,5.587093960103817203e-04,-6.539819149036944779e-02,2.411228995823291865e-02,3.165762639429131609e-02,-1.645505450503014000e+00,1.458616272895698895e-01,-1.285743663226827760e+00
-1.267200994269757075e-02,0.000000000000000000e+00,2.573468190768039010e-01,6.992259972614942587e-01,9.597984652855734819e-19,7.149006957289025799e-01,9.597984652855734819e-19,-2.941297420986618283e-01,4.737286330882503095e-03,-1.326690936689396347e-03,2.641296120774659917e-01,4.300042254408407982e-02,-4.824476482933573625e-03,-2.651934179746755493e-01,6.154305126327436030e-03,-3.144276505901493542e-03,1.809080933502985045e-01,7.750472236411277971e-02,-6.836346140805756900e-03,1.930806793741122497e-03,3.855872968868446615e-03,-3.452917297882128200e-01,-7.569168110402263450e-02,1.487750574894542710e-01,-1.122359937995698331e-01,1.435809578222297378e-01,1.224922116965225571e+00,8.500371892133334883e-02,1.385082624618225511e+00,1.314647895058784766e-02,-6.525027306255673509e-02,2.651503477067772285e-02,1.291973663993478683e-02,-1.646686590740137568e+00,1.452272331789131732e-01,-1.279394018591089255e+00
-1.200788059489846064e-02,0.000000000000000000e+00,2.550543787838555621e-01,6.984399567013700461e-01,1.054953645294290229e-18,7.156686571891970328e-01,1.054953645294290229e-18,-2.941297420986618283e-01,4.737286330882503095e-03,-1.326690936689396347e-03,2.641296120774659917e-01,4.300042254408407982e-02,-4.824476482933573625e-03,-2.651934179746755493e-01,6.154305126327436030e-03,-3.144276505901493542e-03,1.809080933502985045e-01,7.750472236411277971e-02,-6.836346140805756900e-03,1.930806793741122497e-03,3.855872968868446615e-03,-3.452917297882128200e-01,-6.369997065533711256e-02,1.487561839919702422e-01,-1.133992218965465676e-01,1.245008301290942421e-01,1.226604513040380429e+00,8.758768413888709525e-02,1.378403940041404985e+00,2.573424850516481399e-02,-6.510235463474402240e-02,2.891777958312242297e-02,-5.818153114420909766e-03,-1.647867730977261136e+00,1.445928390682564846e-01,-1.273044373955350972e+00
-1.133433252815723748e-02,0.000000000000000000e+00,2.527779160842100192e-01,6.976530726879964783e-01,1.150107551314979669e-18,7.164357543904388281e-01,1.150107551314979669e-18,-2.941297420986618283e-01,4.737286330882503095e-03,-1.326690936689396347e-03,2.641296120774659917e-01,4.300042254408407982e-02,-4.824476482933573625e-03,-2.651934179746755493e-01,6.154305126327436030e-03,-3.144276505901493542e-03,1.809080933502985045e-01,7.750472236411277971e-02,-6.836346140805756900e-03,1.930806793741122497e-03,3.855872968868446615e-03,-3.452917297882128200e-01,-5.170826020665103551e-02,1.487373104944861857e-01,-1.145624499935233437e-01,1.054207024359579137e-01,1.228286909115535508e+00,9.017164935644092494e-02,1.371725255464584015e+00,3.832201805974233544e-02,-6.495443620693130971e-02,3.132052439556722717e-02,-2.455604286877738351e-02,-1.649048871214384926e+00,1.439584449575997682e-01,-1.266694729319612467e+00
-1.065267167590206246e-02,0.000000000000000000e+00,2.505250515002969136e-01,6.968653461716332043e-01,1.245260068437552441e-18,7.172019864062633143e-01,1.245260068437552441e-18,-2.941297420986618283e-01,4.737286330882503095e-03,-1.326690936689396347e-03,2.641296120774659917e-01,4.300042254408407982e-02,-4.824476482933573625e-03,-2.651934179746755493e-01,6.154305126327436030e-03,-3.144276505901493542e-03,1.809080933502985045e-01,7.750472236411277971e-02,-6.836346140805756900e-03,1.930806793741122497e-03,3.855872968868446615e-03,-3.452917297882128200e-01,-3.971654975796551357e-02,1.487184369970021569e-01,-1.157256780905000781e-01,8.634057474282241795e-02,1.229969305190690365e+00,9.275561457399467136e-02,1.365046570887763266e+00,5.090978761431930177e-02,-6.480651777911859701e-02,3.372326920801193423e-02,-4.329393262313313562e-02,-1.650230011451508494e+00,1.433240508469430796e-01,-1.260345084683874184e+00
-9.964203971560975370e-03,0.000000000000000000e+00,2.483034055545452201e-01,6.960767781035598345e-01,1.340411081753281203e-18,7.179673523113482281e-01,1.340411081753281203e-18,-2.941297420986618283e-01,4.737286330882503095e-03,-1.326690936689396347e-03,2.641296120774659917e-01,4.300042254408407982e-02,-4.824476482933573625e-03,-2.651934179746755493e-01,6.154305126327436030e-03,-3.144276505901493542e-03,1.809080933502985045e-01,7.750472236411277971e-02,-6.836346140805756900e-03,1.930806793741122497e-03,3.855872968868446615e-03,-3.452917297882128200e-01,-2.772483930927943652e-02,1.486995634995181004e-01,-1.168889061874768542e-01,6.726044704968614507e-02,1.231651701265845444e+00,9.533957979154852880e-02,1.358367886310942296e+00,6.349755716889682322e-02,-6.465859935130588432e-02,3.612601402045673843e-02,-6.203182237748955385e-02,-1.651411151688632284e+00,1.426896567362863633e-01,-1.253995440048135901e+00
-9.270235348562132216e-03,0.000000000000000000e+00,2.461205987693845798e-01,6.952873694360623968e-01,0.000000000000000000e+00,7.187318511814266841e-01,0.000000000000000000e+00,-2.941297420986618283e-01,4.737286330882503095e-03,-1.326690936689396347e-03,2.641296120774659917e-01,4.300042254408407982e-02,-4.824476482933573625e-03,-2.651934179746755493e-01,6.154305126327436030e-03,-3.144276505901493542e-03,1.809080933502985045e-01,7.750472236411277971e-02,-6.836346140805756900e-03,1.930806793741122497e-03,3.855872968868446615e-03,-3.452917297882128200e-01,-1.573312886059389723e-02,1.486806900020340716e-01,-1.180521342844535748e-01,4.818031935655060771e-02,1.233334097341000302e+00,9.792354500910227522e-02,1.351689201734121548e+00,7.608532672347380343e-02,-6.451068092349317162e-02,3.852875883290143855e-02,-8.076971213184531984e-02,-1.652592291925755852e+00,1.420552626256296747e-01,-1.247645795412397618e+00
-8.541597130774070123e-03,0.000000000000000000e+00,2.438884998039968499e-01,6.939691949672333049e-01,1.594214402484854631e-18,7.200046919545247670e-01,1.594214402484854631e-18,-2.955228109788540780e-01,4.735582803060680787e-03,-1.333366916042033352e-03,2.654116917963050826e-01,4.311059099033633796e-02,-4.824658008140057103e-03,-2.666504981967510735e-01,6.150848479757435594e-03,-3.153757186732481996e-03,1.823279278526258596e-01,7.753990951639232188e-02,-6.837601945523843691e-03,2.136041484227703922e-03,4.018314409606290986e-03,-3.482106031419588965e-01,-8.468479973549162404e-03,1.479110344397685795e-01,-1.173422681596384409e-01,6.205004323914145581e-02,1.234531284561493303e+00,9.476361881790708319e-02,1.354750311285596975e+00,8.378015985485919026e-02,-6.533465380150510482e-02,4.115240102476043493e-02,-6.945688880807168730e-02,-1.652165914723380258e+00,1.429298642406243436e-01,-1.249931743557576524e+00
-7.751522749000416650e-03,0.000000000000000000e+00,2.415216734056958581e-01,6.926486903527857564e-01,1.752862975707919829e-18,7.212751151624260393e-01,1.752862975707919829e-18,-2.969634867295266600e-01,4.733793952779381461e-03,-1.340260365935642701e-03,2.673278600989383302e-01,4.263572984422795559e-02,-4.824803195749648166e-03,-2.685057806103833267e-01,6.145882708595663130e-03,-3.165585947319689980e-03,1.851247170515092633e-01,7.659924984852854724e-02,-6.838588216261994035e-03,2.155193840367588577e-03,4.034201126581997768e-03,-3.471438499722259707e-01,1.238476654380585122e-02,1.463709311688480008e-01,-1.173900779206539374e-01,2.927432516757075970e-02,1.239176624270478477e+00,9.492727243504534007e-02,1.347003241422752629e+00,1.040631894814218472e-01,-6.707795251455135610e-02,4.615365289778567554e-02,-1.025621996185445972e-01,-1.652143682478896203e+00,1.435648607493446860e-01,-1.243823057236028040e+00
-6.904921297071655965e-03,0.000000000000000000e+00,2.390317842291081185e-01,6.913258600265919096e-01,1.911505663329632753e-18,7.225431165394167188e-01,1.911505663329632753e-18,-2.981131825577023609e-01,4.732550388602002438e-03,-1.345860505492771277e-03,2.691273848642168343e-01,4.198580614643546149e-02,-4.825144749462267381e-03,-2.699275229713789526e-01,6.142067814862016591e-03,-3.174642497999530157e-03,1.875016441372710507e-01,7.564344882833205774e-02,-6.839355438958437394e-03,2.087446516270313138e-03,3.990359488179414174e-03,-3.467462930016475542e-01,2.911076474360110855e-02,1.462409702257663202e-01,-1.191373880397623847e-01,2.221077796842128860e-03,1.241865379172137018e+00,9.654363696726493693e-02,1.341166449552999795e+00,1.199039669577795786e-01,-6.762009030928099740e-02,4.929859649955877637e-02,-1.249875419687276334e-01,-1.652869669849746481e+00,1.429915465110207229e-01,-1.239474695358199208e+00
-6.006701868818411887e-03,0.000000000000000000e+00,2.364304969288604785e-01,6.900007084303256821e-01,2.070141932674700492e-18,7.238086918279226234e-01,2.070141932674700492e-18,-2.990502525296100389e-01,4.731683693077068376e-03,-1.350504338018952005e-03,2.709269431276896678e-01,4.112308612061946200e-02,-4.825598152165850620e-03,-2.710617672524349153e-01,6.138957005100733645e-03,-3.181834961066972237e-03,1.897190201038913004e-01,7.455917360560393448e-02,-6.839907124805009314e-03,2.176473946320607328e-03,4.064879796126564387e-03,-3.476692498925898489e-01,4.547068693721212362e-02,1.471976488849641440e-01,-1.215931810575777289e-01,-3.301028082327323032e-03,1.242800131378212214e+00,9.698485421706852516e-02,1.340545656160116783e+00,1.356741093677381882e-01,-6.802058559966374374e-02,5.232868616772448633e-02,-1.317056260548895019e-01,-1.653415239393569491e+00,1.425703289720997025e-01,-1.238888653296682740e+00
-5.061773558071155574e-03,0.000000000000000000e+00,2.337294761595795078e-01,6.886732400134656373e-01,2.228771251088055481e-18,7.250718367785053964e-01,2.228771251088055481e-18,-2.998190232915869946e-01,4.731089137056527540e-03,-1.354377445285065906e-03,2.727753250512072736e-01,4.004335598912932975e-02,-4.826104378340134726e-03,-2.720927500837006519e-01,6.135974524413201001e-03,-3.188301626238904639e-03,1.921226063641237047e-01,7.318587672432196045e-02,-6.840243640527871385e-03,2.157552850365335086e-03,4.040495273593247734e-03,-3.472041389455343685e-01,6.287238071134404471e-02,1.471066992586722022e-01,-1.235288181536709773e-01,-3.021699359223159465e-02,1.245482494805430829e+00,9.825611233857929616e-02,1.335644136946045668e+00,1.523674852180774975e-01,-6.855618100620031186e-02,5.548826853575630075e-02,-1.566542413562282687e-01,-1.654200002132180547e+00,1.419141333094784685e-01,-1.235065144563915140e+00
-4.075045458660522119e-03,0.000000000000000000e+00,2.309403865758921093e-01,6.873434592332564597e-01,2.387393085939572105e-18,7.263325471498993657e-01,2.387393085939572105e-18,-3.003980330817628830e-01,4.730793310880806839e-03,-1.357376248254457338e-03,2.745815428224870902e-01,3.881603907224209782e-02,-4.826660537548412011e-03,-2.729291685269737977e-01,6.133428647378830895e-03,-3.193488276043049932e-03,1.944733092339044900e-01,7.167095681031267207e-02,-6.840382963064892477e-03,2.116704980200050969e-03,4.012635807646527421e-03,-3.467835239089165356e-01,8.084136099642082185e-02,1.470819983550307186e-01,-1.255593177340840749e-01,-5.706318222942566298e-02,1.248147608701583255e+00,9.930166539739494758e-02,1.331322463536869449e+00,1.693148439542365158e-01,-6.906213101007735444e-02,5.863855655498365071e-02,-1.803745730307431960e-01,-1.654962013021895384e+00,1.412018372293471491e-01,-1.231931348241144697e+00
-3.051426664416974008e-03,0.000000000000000000e+00,2.280748928324247138e-01,6.860113705547167262e-01,2.546006904623086781e-18,7.275908187090044388e-01,2.546006904623086781e-18,-3.007881943885751252e-01,4.730780684840433896e-03,-1.359496828239821096e-03,2.763020097161227873e-01,3.748563611575304183e-02,-4.827248516356156746e-03,-2.735654942866856953e-01,6.131352937343379633e-03,-3.197368081065185292e-03,1.967139648788019668e-01,7.006605830136611313e-02,-6.840339029174343465e-03,2.071029613904709459e-03,3.981598649321117095e-03,-3.464832847351827505e-01,9.918961499368576795e-02,1.471812699354850817e-01,-1.277176230274038038e-01,-8.162907281753473132e-02,1.250685257139640960e+00,1.000763040909401907e-01,1.327869193389333402e+00,1.865314675692450463e-01,-6.953871834821447051e-02,6.176966312556390892e-02,-2.011267705185540156e-01,-1.655665265483380999e+00,1.404560320482218794e-01,-1.229680476924239985e+00
-1.995826269171151104e-03,0.000000000000000000e+00,2.251446595838042797e-01,6.846769784506067102e-01,2.704612174560229408e-18,7.288466472309160782e-01,2.704612174560229408e-18,-3.009180118921127578e-01,4.731182140389069736e-03,-1.360417744127823646e-03,2.777392372413409749e-01,3.617775434809725188e-02,-4.827913317982754360e-03,-2.737331627000255119e-01,6.130626586133128275e-03,-3.198299004552038367e-03,1.982290061284331661e-01,6.871683596991536025e-02,-6.840138244240403023e-03,2.152815413040135278e-03,4.053303073785441586e-03,-3.472206527363632667e-01,1.172107917878612293e-01,1.482203235019089738e-01,-1.303503097743800299e-01,-8.905204751600473423e-02,1.251765199596149847e+00,9.986018075049003795e-02,1.328860017707981012e+00,2.035360151077029445e-01,-6.991862980734285526e-02,6.481013233794706563e-02,-2.099262020181227040e-01,-1.656206687266050359e+00,1.398680050822334042e-01,-1.230596057229491169e+00
-9.131533667535119900e-04,0.000000000000000000e+00,2.221613514846572657e-01,6.833402874014287143e-01,2.863208363200464194e-18,7.301000284989261901e-01,2.863208363200464194e-18,-3.009356855509937589e-01,4.731692459876775565e-03,-1.360785393888320604e-03,2.791622456143738051e-01,3.477231287411240712e-02,-4.828520964161680390e-03,-2.739404174194965402e-01,6.129631337333056422e-03,-3.199409839886701266e-03,2.000515202973778828e-01,6.710101871617178693e-02,-6.839773506221899849e-03,2.136354080368437196e-03,4.030542995114612913e-03,-3.467755163469700697e-01,1.359436420387101496e-01,1.483409711662707631e-01,-1.325938414171684288e-01,-1.152769612809032701e-01,1.254325646264710103e+00,1.003184765903493703e-01,1.326148458390285834e+00,2.214000335035563871e-01,-7.040029269351832930e-02,6.791317931165914701e-02,-2.342189806490142523e-01,-1.656927900413155630e+00,1.390187305148786190e-01,-1.228850355502666414e+00
1.916829490052967492e-04,0.000000000000000000e+00,2.191366331896106023e-01,6.820013018953995365e-01,3.021794938024247415e-18,7.313509583045476603e-01,3.021794938024247415e-18,-3.007823210895488319e-01,4.732421066470614279e-03,-1.360336000564161965e-03,2.804001364599748580e-01,3.338096899216357050e-02,-4.829111886122164875e-03,-2.739531650214409586e-01,6.129135711412543423e-03,-3.199270590527788279e-03,2.016389372746141273e-01,6.552588199856290707e-02,-6.839272662953576991e-03,2.069278497307259525e-03,3.984381489548802918e-03,-3.464520002198763771e-01,1.550284781881266505e-01,1.485810744404447437e-01,-1.349125433230594362e-01,-1.402184213566761428e-01,1.256805146524681005e+00,1.005507597276183995e-01,1.324166133883936780e+00,2.391898018141011828e-01,-7.084748129587382925e-02,7.096492379110694304e-02,-2.541395502296582842e-01,-1.657535158381226337e+00,1.381375485085483135e-01,-1.228135701682255831e+00
1.313773584274772078e-03,0.000000000000000000e+00,2.160821693532909427e-01,6.806600264284390356e-01,3.180371366544459143e-18,7.325994324475256780e-01,3.180371366544459143e-18,-3.003342053847259385e-01,4.733609451445667041e-03,-1.358521765104153982e-03,2.811439841348421509e-01,3.218824555335900173e-02,-4.829784436382589079e-03,-2.733643348125940897e-01,6.130460786821138527e-03,-3.195387899239851039e-03,2.020811820668299841e-01,6.449228860528417873e-02,-6.838668698801111598e-03,2.150359576799898767e-03,4.056003602580913851e-03,-3.471689769458897179e-01,1.735153981134283374e-01,1.497853237716815500e-01,-1.376011025698890555e-01,-1.459994737050187008e-01,1.257780193817073178e+00,9.975003643016003285e-02,1.326806677218044905e+00,2.565238868569336139e-01,-7.120850108266776890e-02,7.390986929424367413e-02,-2.615262544974963910e-01,-1.658003220578710968e+00,1.374486115330157410e-01,-1.230531735173331143e+00
2.448209445224420501e-03,0.000000000000000000e+00,2.130096246303247176e-01,6.793164655041594724e-01,3.338937116307660116e-18,7.338454467358478395e-01,3.338937116307660116e-18,-2.998671958225691547e-01,4.734702793049549996e-03,-1.356554534722953682e-03,2.819341120993444361e-01,3.093103049452881892e-02,-4.830306397970510202e-03,-2.729954894624295192e-01,6.130987164988741488e-03,-3.192817030723479020e-03,2.030765352872823115e-01,6.312770539316431284e-02,-6.837949826277988155e-03,2.126128752007691927e-03,4.037049091972885924e-03,-3.467175369969003329e-01,1.928053379795331979e-01,1.501002274689120231e-01,-1.399810469967987803e-01,-1.713321209127719180e-01,1.260164374525871933e+00,9.963393028455523603e-02,1.325732078213879728e+00,2.747002412232669721e-01,-7.167232374687579344e-02,7.689351462561924699e-02,-2.850627179486315277e-01,-1.658625317949960376e+00,1.364772216827956908e-01,-1.230244142732478840e+00
3.590081438023581123e-03,0.000000000000000000e+00,2.099306636753389965e-01,6.779706236338468583e-01,3.497491654896292687e-18,7.350889969857615780e-01,3.497491654896292687e-18,-2.992693809205004829e-01,4.735923287297769298e-03,-1.353941091191433743e-03,2.824866299587149299e-01,2.978064681307793574e-02,-4.830772110040178896e-03,-2.724679765997859993e-01,6.131946921752957913e-03,-3.189240016632503404e-03,2.037752139287941078e-01,6.190124478120002244e-02,-6.837151128370478823e-03,2.061335881142721364e-03,3.984189857010265665e-03,-3.463768933912871328e-01,2.122081512553582738e-01,1.505367185217225956e-01,-1.424073251276269381e-01,-1.954275154371824530e-01,1.262462213018537005e+00,9.932353036047492090e-02,1.325328747478118352e+00,2.929196567253821715e-01,-7.211117810969866482e-02,7.982568763920677712e-02,-3.042113474317664767e-01,-1.659104561822370760e+00,1.354782971350909637e-01,-1.231020926224255074e+00
4.734480468841810105e-03,0.000000000000000000e+00,2.068569511429601826e-01,6.766225053364424147e-01,3.656034449930809362e-18,7.363300790217903735e-01,3.656034449930809362e-18,-2.983460497865677019e-01,4.737659154378921073e-03,-1.349823769738271598e-03,2.823401900421574906e-01,2.900268613896958905e-02,-4.831348109408800662e-03,-2.712299201174214192e-01,6.135118099779698561e-03,-3.181272193422767132e-03,2.029581834960622055e-01,6.147714241094964782e-02,-6.836313546676261663e-03,2.139930446039849977e-03,4.050164141811874070e-03,-3.470317060026127942e-01,2.305383656462369479e-01,1.518694955372063560e-01,-1.450427121977682643e-01,-2.001816745219988924e-01,1.263321247183840423e+00,9.803323447688729042e-02,1.329354278280766133e+00,3.101635901517491578e-01,-7.246119172977072420e-02,8.259062090673464918e-02,-3.107611095582611949e-01,-1.659465831192021845e+00,1.346896934785697386e-01,-1.234676880909100216e+00
5.876497443848458478e-03,0.000000000000000000e+00,2.038001516878152064e-01,6.752721151385319143e-01,3.814564969071024033e-18,7.375686886767450767e-01,3.814564969071024033e-18,-2.975412392736498934e-01,4.739029673658063865e-03,-1.346161086546856286e-03,2.823949054037213635e-01,2.814317083988926785e-02,-4.831671330373014592e-03,-2.704351599891866575e-01,6.136834568154597887e-03,-3.176015359987362317e-03,2.030315441209695759e-01,6.060897966734105774e-02,-6.835419304353594974e-03,2.109442345603709714e-03,4.025798131985972202e-03,-3.465835774306653683e-01,2.497580992623166241e-01,1.523929362459602865e-01,-1.474710234388794394e-01,-2.243888445802608711e-01,1.265479050609565892e+00,9.743427534406055857e-02,1.329761628025302844e+00,3.282973949809134817e-01,-7.291831489554777279e-02,8.539606713874875465e-02,-3.330450826592505909e-01,-1.659944292021543699e+00,1.336147939921409900e-01,-1.235777319856907752e+00
7.011223269213071561e-03,0.000000000000000000e+00,2.007719299645305544e-01,6.739194575743354676e-01,3.973082680017282173e-18,7.388048217917325688e-01,3.973082680017282173e-18,-2.966677000306369161e-01,4.740413760035059806e-03,-1.342131410772445669e-03,2.822055788105546359e-01,2.745900774291521948e-02,-4.831907941709503648e-03,-2.695461887641327769e-01,6.138833695649179543e-03,-3.170174754555250742e-03,2.028070624225289109e-01,5.994460199867072958e-02,-6.834511554911768157e-03,2.048395160731441341e-03,3.977881456776435204e-03,-3.462652628425720858e-01,2.690166428802630016e-01,1.530731638691673058e-01,-1.499284332951759668e-01,-2.462238393079727583e-01,1.267486550002852042e+00,9.662835565534945437e-02,1.330956221147343577e+00,3.463427111243845835e-01,-7.335680425511369174e-02,8.813524908225679744e-02,-3.505527334742717938e-01,-1.660282497792467948e+00,1.325302887644637106e-01,-1.237901919076673352e+00
8.133748851104998651e-03,0.000000000000000000e+00,1.977839506277331849e-01,6.725645371856773247e-01,4.131587050513924429e-18,7.400384742161826290e-01,4.131587050513924429e-18,-2.954506123134385542e-01,4.742360606968112208e-03,-1.336524637168503898e-03,2.811341328287935148e-01,2.731219193067476250e-02,-4.832296834419974770e-03,-2.678940972607579130e-01,6.143258325830898252e-03,-3.159646633650486144e-03,2.008107601174117240e-01,6.028573515413802181e-02,-6.833643136323189204e-03,2.112662848224959849e-03,4.037270186804668010e-03,-3.468089566801795254e-01,2.867912557364581949e-01,1.544939729862968014e-01,-1.524098620131779103e-01,-2.509532793069555456e-01,1.268225345168742413e+00,9.495951607403237127e-02,1.336029727724987293e+00,3.629841662413815784e-01,-7.370178262336658792e-02,9.062527420583448012e-02,-3.570960510347509498e-01,-1.660502623518479215e+00,1.316360185434667651e-01,-1.242511799204364387e+00
9.239165095693797208e-03,0.000000000000000000e+00,1.948478783320494734e-01,6.712073585219847649e-01,4.290077548349570886e-18,7.412696418078511540e-01,4.290077548349570886e-18,-2.945251195190318749e-01,4.743629197552458841e-03,-1.332152917921216109e-03,2.804993282399509957e-01,2.702171405777961666e-02,-4.832331272429949733e-03,-2.669177781693891638e-01,6.145562452041759306e-03,-3.153288827365624113e-03,2.000664296341981008e-01,6.005432787934526090e-02,-6.832783203965249463e-03,2.063595207175106597e-03,3.989167452063372039e-03,-3.463851867348106128e-01,3.055722729173795393e-01,1.552393477891291784e-01,-1.548155207414758927e-01,-2.739238403371341279e-01,1.270141690946706703e+00,9.399376911955584224e-02,1.337691502657245790e+00,3.809145406165787562e-01,-7.415650904716032665e-02,9.321896799839936298e-02,-3.766471500213647849e-01,-1.660774709067289967e+00,1.304820216374147357e-01,-1.245026692071238283e+00
1.032256290914880699e-02,0.000000000000000000e+00,1.919753777321064614e-01,6.698479261402691121e-01,4.448553641359190293e-18,7.424983204328348130e-01,4.448553641359190293e-18,-2.932223257843253883e-01,4.745540932397459936e-03,-1.326061742293070667e-03,2.787956859975936341e-01,2.742179176023511536e-02,-4.832570985981314397e-03,-2.651503660333268120e-01,6.150421628662392642e-03,-3.142100323711291381e-03,1.973761543216597525e-01,6.097489226808171930e-02,-6.832031210822611667e-03,2.116129544654746231e-03,4.035477370836477833e-03,-3.469950646590813648e-01,3.217989803702145379e-01,1.567343762044967059e-01,-1.570813360450580010e-01,-2.757947228827541952e-01,1.270676146448206811e+00,9.211336774816906992e-02,1.343543797544238361e+00,3.961116154804640299e-01,-7.447071384442552344e-02,9.537545404928338133e-02,-3.794255466781883412e-01,-1.660843519477763097e+00,1.295572855405160984e-01,-1.250427538821505813e+00
1.137903319763958025e-02,0.000000000000000000e+00,1.891781134825305521e-01,6.684862446051051954e-01,4.607014797426593748e-18,7.437245059655916979e-01,4.607014797426593748e-18,-2.923802496265641149e-01,4.746482957571749109e-03,-1.321975671670233511e-03,2.778184274272304521e-01,2.755746888063623917e-02,-4.832367268839075740e-03,-2.642491989498467198e-01,6.152615283903843310e-03,-3.136269230034924391e-03,1.962727897536570565e-01,6.117838249957163049e-02,-6.831326183964638206e-03,2.086503681174090193e-03,4.010391977874477008e-03,-3.465151844469704923e-01,3.402829531146949193e-01,1.575997133447089582e-01,-1.594349619714469091e-01,-2.979082119162090314e-01,1.272395937882624839e+00,9.094450732166912965e-02,1.345836652024736013e+00,4.137506541281412709e-01,-7.494324868252770500e-02,9.781957878875523205e-02,-4.002312332378080151e-01,-1.661069365958625088e+00,1.283599823104107918e-01,-1.253212714421691798e+00
1.240366686733547150e-02,0.000000000000000000e+00,1.864677502379487317e-01,6.671223184886201363e-01,4.765460484485715834e-18,7.449481942889506492e-01,4.765460484485715834e-18,-2.911630402472363266e-01,4.748078506333358248e-03,-1.316184855328418092e-03,2.756071305025020179e-01,2.855258873356505966e-02,-4.832391187485982585e-03,-2.626137975752991793e-01,6.157249972221372041e-03,-3.126012128815946253e-03,1.931747446938375801e-01,6.264132961420591783e-02,-6.830824642281253453e-03,2.111067322836748111e-03,4.031696576068069526e-03,-3.470999911079478140e-01,3.550482156434081049e-01,1.591204104729280200e-01,-1.614035286850442064e-01,-2.989259386344036984e-01,1.272730847763438478e+00,8.886594706607188476e-02,1.352127266833021313e+00,4.274827991758278767e-01,-7.523579231249034882e-02,9.954262149234291424e-02,-4.002879923283962915e-01,-1.660900919247781049e+00,1.273807462607495777e-01,-1.259258026916911799e+00
1.339155482440601737e-02,0.000000000000000000e+00,1.838559526529874033e-01,6.657561523704805806e-01,4.923890170522069079e-18,7.461693812941224691e-01,4.923890170522069079e-18,-2.905626596433716347e-01,4.748464840942100661e-03,-1.313126191232990778e-03,2.744423560142867369e-01,2.911782623545600135e-02,-4.831920666796831257e-03,-2.619720554708176996e-01,6.158868560984025360e-03,-3.121891211514496792e-03,1.919226272209611506e-01,6.325382994343019261e-02,-6.830389719488644956e-03,2.083433872057577178e-03,4.000022209156426332e-03,-3.466013975885791076e-01,3.730149869036445964e-01,1.600896690344420503e-01,-1.636937494572493490e-01,-3.201884892039708608e-01,1.274309404986507355e+00,8.761811497542643101e-02,1.354818169134281547e+00,4.449283498185828134e-01,-7.571608289119483026e-02,1.018405737957108897e-01,-4.203668899928844072e-01,-1.661035620327423246e+00,1.261595631003829543e-01,-1.262498727790984265e+00
1.433778797502058798e-02,0.000000000000000000e+00,1.813543853822735252e-01,6.643877508378731589e-01,5.082303323575079722e-18,7.473880628807181292e-01,5.082303323575079722e-18,-2.901120949076611555e-01,4.748550957248765317e-03,-1.310726375175242991e-03,2.731797382216736292e-01,2.993069040875910927e-02,-4.831333925887610660e-03,-2.614770043887408302e-01,6.160191987609648333e-03,-3.118747953226305887e-03,1.905667056834635109e-01,6.411692455568816784e-02,-6.830134486821745100e-03,2.029349277964002680e-03,3.953442765570282236e-03,-3.462018567601817809e-01,3.903389571323970797e-01,1.611668464723343408e-01,-1.659201894141134892e-01,-3.396824368666226945e-01,1.275756305356862130e+00,8.631937063011764499e-02,1.357916616610397087e+00,4.614883864077534148e-01,-7.617430171466031685e-02,1.040276931910259495e-01,-4.368622346644208676e-01,-1.661095374465851204e+00,1.249536662171463197e-01,-1.266250283101579832e+00
1.523745722534870957e-02,0.000000000000000000e+00,1.789747130804335284e-01,6.630171184854883881e-01,5.240699411739887304e-18,7.486042349567626486e-01,5.240699411739887304e-18,-2.895111910459632343e-01,4.748903817725497190e-03,-1.307637227085139053e-03,2.707977540935060934e-01,3.171711440919246922e-02,-4.830857598989604478e-03,-2.606128681756232912e-01,6.162976753802110706e-03,-3.113550417399138775e-03,1.876291870946823759e-01,6.619634343938576859e-02,-6.830277203192888780e-03,2.074389141767197641e-03,3.985485977137564854e-03,-3.465843861457565955e-01,4.023007613010797789e-01,1.626673173131731043e-01,-1.674791122199735249e-01,-3.406539290926118291e-01,1.275770901754634368e+00,8.409633817396405808e-02,1.364594208124237928e+00,4.729050920231560595e-01,-7.648549370987635376e-02,1.051123038872276289e-01,-4.389361727636165722e-01,-1.660712526254263022e+00,1.239351401901643002e-01,-1.272508801699105740e+00
1.608565348155974878e-02,0.000000000000000000e+00,1.767286004020943990e-01,6.616442599155102355e-01,5.399077903168595752e-18,7.498178934387047523e-01,5.399077903168595752e-18,-2.895379321302614106e-01,4.748136124159836081e-03,-1.307388209291738277e-03,2.696069078795280682e-01,3.293523437385441344e-02,-4.830006451246708805e-03,-2.606314702677542394e-01,6.163114054438967142e-03,-3.113754165147816690e-03,1.864235161499467053e-01,6.742290027079483883e-02,-6.830471046406846533e-03,2.024053386807381748e-03,3.942879773119392119e-03,-3.461319090263316745e-01,4.198191643319763022e-01,1.638236993065009528e-01,-1.696483876485774811e-01,-3.600039488630593087e-01,1.277132266957963891e+00,8.282569533622902158e-02,1.367720847049891608e+00,4.898765506830167760e-01,-7.694737971763560003e-02,1.072515539534553974e-01,-4.559196978948714674e-01,-1.660770267802313516e+00,1.227138526583398254e-01,-1.276288732499019529e+00
1.687746764982324399e-02,0.000000000000000000e+00,1.746277120018826234e-01,6.602691797375959126e-01,5.557438266072590658e-18,7.510290342514344131e-01,5.557438266072590658e-18,-2.897860598569106938e-01,4.746950880231118677e-03,-1.308106670311212204e-03,2.674447185483539435e-01,3.535537895102359995e-02,-4.829016995923304974e-03,-2.607690539087519910e-01,6.163463304371889773e-03,-3.115090140229201127e-03,1.840321639101346884e-01,6.996340679308243882e-02,-6.831369062544262634e-03,2.055643011665667357e-03,3.959146750260257759e-03,-3.463881777291301090e-01,4.285581966407011056e-01,1.653006979940168653e-01,-1.707919883118265703e-01,-3.594477420074724816e-01,1.276783302307071155e+00,8.041706947828715368e-02,1.374955210973308084e+00,4.982940409782575797e-01,-7.725354242590640186e-02,1.076199479678591892e-01,-4.560416686005839271e-01,-1.660137368257902368e+00,1.217586420429943306e-01,-1.283215030763352971e+00
1.760799063630856531e-02,0.000000000000000000e+00,1.726837125344250767e-01,6.588918825688624414e-01,5.715779968724092345e-18,7.522376533282951749e-01,5.715779968724092345e-18,-2.903965959415312215e-01,4.745250387332079940e-03,-1.310544631194259261e-03,2.665278399385169750e-01,3.688100386258771901e-02,-4.827974169520959404e-03,-2.614012857092659070e-01,6.162179198868060308e-03,-3.119267014503984171e-03,1.831649894829557312e-01,7.146281298447308694e-02,-6.832087673390931266e-03,2.010168053242087065e-03,3.922142393543133834e-03,-3.459844396715211490e-01,4.448505297282174809e-01,1.664352271583706411e-01,-1.729416823492132271e-01,-3.779617735487526553e-01,1.278203792402816452e+00,7.953634769624365330e-02,1.377220421157944186e+00,5.142130485729563549e-01,-7.768091083826923759e-02,1.098399075519915363e-01,-4.728773220847588554e-01,-1.660358271098652194e+00,1.205632079570520265e-01,-1.286094372453525869e+00
1.827231334718523031e-02,0.000000000000000000e+00,1.709082666543482176e-01,6.575123730338715555e-01,5.874102479457912324e-18,7.534437466110970316e-01,5.874102479457912324e-18,-2.918364616838498016e-01,4.742014068942160265e-03,-1.316673731750359934e-03,2.650211023888144890e-01,3.983261180615524366e-02,-4.826415120638376591e-03,-2.628493792439250409e-01,6.159339548977732851e-03,-3.129015605323351087e-03,1.816834117597254383e-01,7.439981069711641692e-02,-6.833932941372486934e-03,2.004109203753908722e-03,3.908845053047464192e-03,-3.459588340941137652e-01,4.509169487865246628e-01,1.678307805077604298e-01,-1.739158705661286719e-01,-3.767406760637455609e-01,1.277844192233056786e+00,7.719509176345291934e-02,1.384245648268725315e+00,5.201575741587242119e-01,-7.798250110010042369e-02,1.098789135124153132e-01,-4.717644524696558150e-01,-1.659716161146685520e+00,1.196728655640347250e-01,-1.293164350449078182e+00
1.886552668862263166e-02,0.000000000000000000e+00,1.693130390162790044e-01,6.561306557646124915e-01,6.032405266673383064e-18,7.546473100501318587e-01,6.032405266673383064e-18,-2.941297420986618283e-01,4.737286330882503095e-03,-1.326690936689396347e-03,2.641296120774659917e-01,4.300042254408407982e-02,-4.824476482933573625e-03,-2.651934179746755493e-01,6.154305126327436030e-03,-3.144276505901493542e-03,1.809080933502985045e-01,7.750472236411277971e-02,-6.836346140805756900e-03,1.930806793741122497e-03,3.855872968868446615e-03,-3.452917297882128200e-01,4.573427099166232912e-01,1.690932331553727519e-01,-1.751725369525597986e-01,-3.777723924564494462e-01,1.278078180400917141e+00,7.530794659045417228e-02,1.389727342570373780e+00,5.265500409060581699e-01,-7.831040749912368537e-02,1.102528225972188858e-01,-4.724258240675207055e-01,-1.659414263607040807e+00,1.187115377472463817e-01,-1.299243785815933361e+00
1.938272156679026262e-02,0.000000000000000000e+00,1.679096942748439236e-01,6.547467354004860018e-01,0.000000000000000000e+00,7.558483396041868474e-01,0.000000000000000000e+00,-2.941297420986618283e-01,4.737286330882503095e-03,-1.326690936689396347e-03,2.641296120774659917e-01,4.300042254408407982e-02,-4.824476482933573625e-03,-2.651934179746755493e-01,6.154305126327436030e-03,-3.144276505901493542e-03,1.809080933502985045e-01,7.750472236411277971e-02,-6.836346140805756900e-03,1.930806793741122497e-03,3.855872968868446615e-03,-3.452917297882128200e-01,4.881881599995051557e-01,1.698282827194030342e-01,-1.785805830850564768e-01,-4.147485607011567876e-01,1.281604697634790124e+00,7.734140429815664075e-02,1.383715401960433855e+00,5.572203298253143311e-01,-7.865715467472551847e-02,1.155789858615767773e-01,-5.077514834959051537e-01,-1.660979307266114757e+00,1.171420729991691501e-01,-1.294099661791169753e+00
1.982896484023120506e-02,0.000000000000000000e+00,1.666916318548456732e-01,6.547467354004867790e-01,6.190687798836147578e-18,7.558483396041860702e-01,6.190687798836147578e-18,-2.941297420986618283e-01,4.737286330882503095e-03,-1.326690936689396347e-03,2.641296120774659917e-01,4.300042254408407982e-02,-4.824476482933573625e-03,-2.651934179746755493e-01,6.154305126327436030e-03,-3.144276505901493542e-03,1.809080933502985045e-01,7.750472236411277971e-02,-6.836346140805756900e-03,1.930806793741122497e-03,3.855872968868446615e-03,-3.452917297882128200e-01,4.881881599995051557e-01,1.698282827194030342e-01,-1.785805830850564768e-01,-4.147485607011567876e-01,1.281604697634790124e+00,7.734140429815664075e-02,1.383715401960433855e+00,5.572203298253143311e-01,-7.865715467472551847e-02,1.155789858615767773e-01,-5.077514834959051537e-01,-1.660979307266114757e+00,1.171420729991691501e-01,-1.294099661791169753e+00
2.021471853796197662e-02,0.000000000000000000e+00,1.656386813443357919e-01,6.547467354004867790e-01,6.190687798836147578e-18,7.558483396041860702e-01,6.190687798836147578e-18,-2.941297420986618283e-01,4.737286330882503095e-03,-1.326690936689396347e-03,2.641296120774659917e-01,4.300042254408407982e-02,-4.824476482933573625e-03,-2.651934179746755493e-01,6.154305126327436030e-03,-3.144276505901493542e-03,1.809080933502985045e-01,7.750472236411277971e-02,-6.836346140805756900e-03,1.930806793741122497e-03,3.855872968868446615e-03,-3.452917297882128200e-01,4.881881599995051557e-01,1.698282827194030342e-01,-1.785805830850564768e-01,-4.147485607011567876e-01,1.281604697634790124e+00,7.734140429815664075e-02,1.383715401960433855e+00,5.572203298253143311e-01,-7.865715467472551847e-02,1.155789858615767773e-01,-5.077514834959051537e-01,-1.660979307266114757e+00,1.171420729991691501e-01,-1.294099661791169753e+00
2.054316632186202821e-02,0.000000000000000000e+00,1.647421526428150540e-01,6.547467354004867790e-01,6.190687798836147578e-18,7.558483396041860702e-01,6.190687798836147578e-18,-2.941297420986618283e-01,4.737286330882503095e-03,-1.326690936689396347e-03,2.641296120774659917e-01,4.300042254408407982e-02,-4.824476482933573625e-03,-2.651934179746755493e-01,6.154305126327436030e-03,-3.144276505901493542e-03,1.809080933502985045e-01,7.750472236411277971e-02,-6.836346140805756900e-03,1.930806793741122497e-03,3.855872968868446615e-03,-3.452917297882128200e-01,4.881881599995051557e-01,1.698282827194030342e-01,-1.785805830850564768e-01,-4.147485607011567876e-01,1.281604697634790124e+00,7.734140429815664075e-02,1.383715401960433855e+00,5.572203298253143311e-01,-7.865715467472551847e-02,1.155789858615767773e-01,-5.077514834959051537e-01,-1.660979307266114757e+00,1.171420729991691501e-01,-1.294099661791169753e+00
2.081749185381087316e-02,0.000000000000000000e+00,1.639933556497839562e-01,6.547467354004867790e-01,6.190687798836147578e-18,7.558483396041860702e-01,6.190687798836147578e-18,-2.941297420986618283e-01,4.737286330882503095e-03,-1.326690936689396347e-03,2.641296120774659917e-01,4.300042254408407982e-02,-4.824476482933573625e-03,-2.651934179746755493e-01,6.154305126327436030e-03,-3.144276505901493542e-03,1.809080933502985045e-01,7.750472236411277971e-02,-6.836346140805756900e-03,1.930806793741122497e-03,3.855872968868446615e-03,-3.452917297882128200e-01,4.881881599995051557e-01,1.698282827194030342e-01,-1.785805830850564768e-01,-4.147485607011567876e-01,1.281604697634790124e+00,7.734140429815664075e-02,1.383715401960433855e+00,5.572203298253143311e-01,-7.865715467472551847e-02,1.155789858615767773e-01,-5.077514834959051537e-01,-1.660979307266114757e+00,1.171420729991691501e-01,-1.294099661791169753e+00
2.104087879568796587e-02,0.000000000000000000e+00,1.633836002647431895e-01,6.547467354004867790e-01,6.190687798836147578e-18,7.558483396041860702e-01,6.190687798836147578e-18,-2.873746343177384088e-01,4.745827587492612055e-03,-1.294429485466705399e-03,2.615349352536304739e-01,3.888930958701375395e-02,-4.823822783219412248e-03,-2.585759709511165072e-01,6.168090003776645000e-03,-3.100894393818787783e-03,1.785895579542821909e-01,7.326111320439974983e-02,-6.828820100570402903e-03,1.934130821016155502e-03,3.848194527286346190e-03,-3.456070166885934491e-01,5.030213646012140494e-01,1.710748245636184717e-01,-1.804167282550107054e-01,-4.193285634365825354e-01,1.282217083352316989e+00,7.417765292875393157e-02,1.393053168916668527e+00,5.714063624915688422e-01,-7.917876926124362003e-02,1.174815075154212740e-01,-5.125434299203439625e-01,-1.660440966224826287e+00,1.166002175041046529e-01,-1.303004395030167517e+00
2.121651080937280928e-02,0.000000000000000000e+00,1.629041963871933341e-01,6.547467354004867790e-01,6.190687798836147578e-18,7.558483396041860702e-01,6.190687798836147578e-18,-2.866591333015829912e-01,4.746732277392739022e-03,-1.291012352553187184e-03,2.612601070844491336e-01,3.845386050260136274e-02,-4.823753543345681016e-03,-2.578750509623814469e-01,6.169550097996066330e-03,-3.096299360506992587e-03,1.783439786851364062e-01,7.281163012220308317e-02,-6.828022942388697024e-03,1.934482901985123916e-03,3.847381226753961506e-03,-3.456404118770819434e-01,5.045924976326268130e-01,1.712068582757577673e-01,-1.806112127514122589e-01,-4.198136773263185795e-01,1.282281947247517540e+00,7.384254838370676866e-02,1.394042225192672957e+00,5.729089470715785781e-01,-7.923401867824761413e-02,1.176830226089965042e-01,-5.130509928856206159e-01,-1.660383945141733042e+00,1.165428241700674217e-01,-1.303947584374842039e+00
2.134757155674488899e-02,0.000000000000000000e+00,1.625464539166349698e-01,6.547467354004867790e-01,6.190687798836147578e-18,7.558483396041860702e-01,6.190687798836147578e-18,-2.861252095825788655e-01,4.747407378315186832e-03,-1.288462407448536916e-03,2.610550238282930979e-01,3.812891813447469302e-02,-4.823701874920265260e-03,-2.573520079496397495e-01,6.170639654709666154e-03,-3.092870438367986176e-03,1.781607216474357103e-01,7.247621525421935051e-02,-6.827428084168526284e-03,1.934745633100949788e-03,3.846774322731306810e-03,-3.456653321536882206e-01,5.057649141243458768e-01,1.713053849431245834e-01,-1.807563416656454702e-01,-4.201756807425265916e-01,1.282330350214630821e+00,7.359248547546913544e-02,1.394780282292893858e+00,5.740302110935192603e-01,-7.927524709516593771e-02,1.178333979205164611e-01,-5.134297483310081844e-01,-1.660341394665829862e+00,1.164999959117375694e-01,-1.304651414490052508e+00
2.143724469968367671e-02,0.000000000000000000e+00,1.623016827525687322e-01,6.547467354004867790e-01,6.190687798836147578e-18,7.558483396041860702e-01,6.190687798836147578e-18,-2.857598933537869867e-01,4.747869289472673310e-03,-1.286717708166421927e-03,2.609147037056607776e-01,3.790658914575601585e-02,-4.823666522839743613e-03,-2.569941364146058338e-01,6.171385140882106046e-03,-3.090524333746549369e-03,1.780353352532193512e-01,7.224672087086206340e-02,-6.827021075912594744e-03,1.934925396495975258e-03,3.846359072610550534e-03,-3.456823828692608958e-01,5.065670938292062830e-01,1.713727979260598056e-01,-1.808556403964365622e-01,-4.204233672904585384e-01,1.282363468034234621e+00,7.342138980141185711e-02,1.395285268729886674e+00,5.747973917401103527e-01,-7.930345601200487760e-02,1.179362862915563359e-01,-5.136888967936417139e-01,-1.660312281182316774e+00,1.164706923665644600e-01,-1.305132982463617530e+00
2.148871390006866153e-02,0.000000000000000000e+00,1.621611927944952014e-01,6.547467354004867790e-01,6.190687798836147578e-18,7.558483396041860702e-01,6.190687798836147578e-18,-2.855502148082673664e-01,4.748134410077837347e-03,-1.285716312720463139e-03,2.608341649370493065e-01,3.777898019956837938e-02,-4.823646232000604502e-03,-2.567887308589947293e-01,6.171813023478143860e-03,-3.089177752987510694e-03,1.779633679145272152e-01,7.211499924254458072e-02,-6.826787467623711414e-03,1.935028574302602965e-03,3.846120733783841162e-03,-3.456921693746487501e-01,5.070275165000432960e-01,1.714114905849042914e-01,-1.809126343425119243e-01,-4.205655305753662199e-01,1.282382476486906731e+00,7.332318695890555071e-02,1.395575113016208180e+00,5.752377261940709863e-01,-7.931964692877035983e-02,1.179953405636917224e-01,-5.138376388106563608e-01,-1.660295571076395360e+00,1.164538731719976794e-01,-1.305409385383355936e+00
2.150516281977932903e-02,0.000000000000000000e+00,1.621162939419149851e-01,6.547467354004867790e-01,6.190687798836147578e-18,7.558483396041860702e-01,6.190687798836147578e-18,-2.854832041390800712e-01,4.748219139343422789e-03,-1.285396279124337857e-03,2.608084257429557073e-01,3.773819795903487345e-02,-4.823639747299455181e-03,-2.567230857845209657e-01,6.171949769462426426e-03,-3.088747402435643163e-03,1.779403680433986057e-01,7.207290263968024746e-02,-6.826712809304563007e-03,1.935061548653165941e-03,3.846044563643348860e-03,-3.456952970207005649e-01,5.071746618896925130e-01,1.714238562799988153e-01,-1.809308489025980016e-01,-4.206109642025016582e-01,1.282388551353224715e+00,7.329180254532109695e-02,1.395667743664414262e+00,5.753784516381201808e-01,-7.932482134546864350e-02,1.180142135784978119e-01,-5.138851749191868379e-01,-1.660290230733265648e+00,1.164484979654866192e-01,-1.305497720337086776e+00
2.148977512069515441e-02,0.000000000000000000e+00,1.621582960943286911e-01,6.547467354004867790e-01,6.190687798836147578e-18,7.558483396041860702e-01,6.190687798836147578e-18,-2.855458915392873331e-01,4.748139876482068526e-03,-1.285695665391679366e-03,2.608325043438816659e-01,3.777634908727600660e-02,-4.823645813632787549e-03,-2.567844956928994060e-01,6.171821845799697719e-03,-3.089149988435769666e-03,1.779618840518734091e-01,7.211228333268246415e-02,-6.826782650957945522e-03,1.935030701680058151e-03,3.846115819581223411e-03,-3.456923711582650105e-01,5.070370097509886431e-01,1.714122883716845125e-01,-1.809138094754207671e-01,-4.205684617771169309e-01,1.282382868413765920e+00,7.332116215802914061e-02,1.395581089187060364e+00,5.752468052549775113e-01,-7.931998076210572401e-02,1.179965581775501982e-01,-5.138407056563681907e-01,-1.660295226538128999e+00,1.164535263844808238e-01,-1.305415084412628879e+00
2.144573446469563369e-02,0.000000000000000000e+00,1.622785091512369826e-01,6.547467354004867790e-01,6.190687798836147578e-18,7.558483396041860702e-01,6.190687798836147578e-18,-2.857253072019486084e-01,4.747913020706517537e-03,-1.286552529536161282e-03,2.609014189603226508e-01,3.788554024741583315e-02,-4.823663175897207993e-03,-2.569602550858444689e-01,6.171455719454647937e-03,-3.090302217332680998e-03,1.780234643519902071e-01,7.222499359196514479e-02,-6.826982542586589910e-03,1.934942415515626072e-03,3.846319758989648861e-03,-3.456839971381908683e-01,5.066430398367671728e-01,1.713791802203021852e-01,-1.808650414597067491e-01,-4.204468169044639492e-01,1.282366603449108355e+00,7.340519139440049301e-02,1.395333078096702817e+00,5.748700242273617755e-01,-7.930612667868780497e-02,1.179460272024240863e-01,-5.137134315593349099e-01,-1.660309524876185439e+00,1.164679180664297542e-01,-1.305178574697801297e+00
2.137622451366024204e-02,0.000000000000000000e+00,1.624682430121404120e-01,6.547467354004867790e-01,6.190687798836147578e-18,7.558483396041860702e-01,6.190687798836147578e-18,-2.860084813201245746e-01,4.747554971229408713e-03,-1.287904929571408652e-03,2.610101878127772945e-01,3.805787810257648535e-02,-4.823690578989205807e-03,-2.572376584650721831e-01,6.170877857391975953e-03,-3.092120795471188337e-03,1.781206573557916617e-01,7.240288568793998292e-02,-6.827298034193247066e-03,1.934803072292264970e-03,3.846641639260766753e-03,-3.456707803113268085e-01,5.060212318998634773e-01,1.713269251861926357e-01,-1.807880702541822815e-01,-4.202548231897949016e-01,1.282340932239829590e+00,7.353781585180586833e-02,1.394941638905897285e+00,5.742753457379923265e-01,-7.928426059522100666e-02,1.178662734946948898e-01,-5.135125531652225961e-01,-1.660332092132636328e+00,1.164906326487828298e-01,-1.304805288280422193e+00
2.128442892946846854e-02,0.000000000000000000e+00,1.627188075765395869e-01,6.547467354004867790e-01,6.190687798836147578e-18,7.558483396041860702e-01,6.190687798836147578e-18,-2.863824440868767973e-01,4.747082127263488500e-03,-1.289690923511107234e-03,2.611538291217456176e-01,3.828546931587939461e-02,-4.823726767805393452e-03,-2.576040003322965788e-01,6.170114726576386710e-03,-3.094522429196086381e-03,1.782490114753156885e-01,7.263781189102122560e-02,-6.827714675780665286e-03,1.934619054142313731e-03,3.847066717786751591e-03,-3.456533260285216125e-01,5.052000656931129319e-01,1.712579166296969158e-01,-1.806864212575735595e-01,-4.200012742383616993e-01,1.282307030566507411e+00,7.371296112761596686e-02,1.394424700127200323e+00,5.734900069695882951e-01,-7.925538401171138003e-02,1.177609498959379941e-01,-5.132472710111655179e-01,-1.660361894692681917e+00,1.165206297689895948e-01,-1.304312322248311284e+00
2.117353137399978491e-02,0.000000000000000000e+00,1.630215127439351430e-01,6.547467354004867790e-01,6.190687798836147578e-18,7.558483396041860702e-01,6.190687798836147578e-18,-2.868342256952646219e-01,4.746510888021405333e-03,-1.291848569368880774e-03,2.613273611077232550e-01,3.856042055044847650e-02,-4.823770487242270630e-03,-2.580465751892318527e-01,6.169192793972582550e-03,-3.097423824852173734e-03,1.784040751226007859e-01,7.292162447162292560e-02,-6.828218017351591132e-03,1.934396743198156564e-03,3.847580251959772241e-03,-3.456322396406240616e-01,5.042080209693505788e-01,1.711745479111557444e-01,-1.805636198686070282e-01,-4.196949636554165863e-01,1.282266074209719164e+00,7.392455281920172483e-02,1.393800190273167150e+00,5.725412451048690343e-01,-7.922049842816497600e-02,1.176337092477289098e-01,-5.129267856342989429e-01,-1.660397898941523342e+00,1.165568690644995381e-01,-1.303716773689287178e+00
2.104671550913369410e-02,0.000000000000000000e+00,1.633676684138276325e-01,6.547467354004867790e-01,6.190687798836147578e-18,7.558483396041860702e-01,6.190687798836147578e-18,-2.873508563383491143e-01,4.745857652715851881e-03,-1.294315925158384239e-03,2.615258019912095055e-01,3.887483846940543997e-02,-4.823820482196386483e-03,-2.585526775375935893e-01,6.168138526545265815e-03,-3.100741688784257235e-03,1.785813967096882837e-01,7.324617570015751200e-02,-6.828793608908774633e-03,1.934142521592162496e-03,3.848167499171965909e-03,-3.456081264984828261e-01,5.030735774814119043e-01,1.710792123909101459e-01,-1.804231914860088826e-01,-4.193446850462111963e-01,1.282219238950042639e+00,7.416651652393364824e-02,1.393086037856354320e+00,5.714562973265540080e-01,-7.918060534458813693e-02,1.174882043916428281e-01,-5.125602975717580279e-01,-1.660439071264361077e+00,1.165983101727620375e-01,-1.303035739691168482e+00
2.090716499674965742e-02,0.000000000000000000e+00,1.637485844857177186e-01,6.547467354004867790e-01,6.190687798836147578e-18,7.558483396041860702e-01,6.190687798836147578e-18,-2.941297420986618283e-01,4.737286330882503095e-03,-1.326690936689396347e-03,2.641296120774659917e-01,4.300042254408407982e-02,-4.824476482933573625e-03,-2.651934179746755493e-01,6.154305126327436030e-03,-3.144276505901493542e-03,1.809080933502985045e-01,7.750472236411277971e-02,-6.836346140805756900e-03,1.930806793741122497e-03,3.855872968868446615e-03,-3.452917297882128200e-01,4.881881599995051557e-01,1.698282827194030342e-01,-1.785805830850564768e-01,-4.147485607011567876e-01,1.281604697634790124e+00,7.734140429815664075e-02,1.383715401960433855e+00,5.572203298253143311e-01,-7.865715467472551847e-02,1.155789858615767773e-01,-5.077514834959051537e-01,-1.660979307266114757e+00,1.171420729991691501e-01,-1.294099661791169753e+00
2.075806349872717782e-02,0.000000000000000000e+00,1.641555708591059815e-01,6.547467354004867790e-01,6.190687798836147578e-18,7.558483396041860702e-01,6.190687798836147578e-18,-2.941297420986618283e-01,4.737286330882503095e-03,-1.326690936689396347e-03,2.641296120774659917e-01,4.300042254408407982e-02,-4.824476482933573625e-03,-2.651934179746755493e-01,6.154305126327436030e-03,-3.144276505901493542e-03,1.809080933502985045e-01,7.750472236411277971e-02,-6.836346140805756900e-03,1.930806793741122497e-03,3.855872968868446615e-03,-3.452917297882128200e-01,4.881881599995051557e-01,1.698282827194030342e-01,-1.785805830850564768e-01,-4.147485607011567876e-01,1.281604697634790124e+00,7.734140429815664075e-02,1.383715401960433855e+00,5.572203298253143311e-01,-7.865715467472551847e-02,1.155789858615767773e-01,-5.077514834959051537e-01,-1.660979307266114757e+00,1.171420729991691501e-01,-1.294099661791169753e+00
2.060259467694572702e-02,0.000000000000000000e+00,1.645799374334930287e-01,6.547467354004867790e-01,6.190687798836147578e-18,7.558483396041860702e-01,6.190687798836147578e-18,-2.941297420986618283e-01,4.737286330882503095e-03,-1.326690936689396347e-03,2.641296120774659917e-01,4.300042254408407982e-02,-4.824476482933573625e-03,-2.651934179746755493e-01,6.154305126327436030e-03,-3.144276505901493542e-03,1.809080933502985045e-01,7.750472236411277971e-02,-6.836346140805756900e-03,1.930806793741122497e-03,3.855872968868446615e-03,-3.452917297882128200e-01,4.881881599995051557e-01,1.698282827194030342e-01,-1.785805830850564768e-01,-4.147485607011567876e-01,1.281604697634790124e+00,7.734140429815664075e-02,1.383715401960433855e+00,5.572203298253143311e-01,-7.865715467472551847e-02,1.155789858615767773e-01,-5.077514834959051537e-01,-1.660979307266114757e+00,1.171420729991691501e-01,-1.294099661791169753e+00
2.044394219328479756e-02,0.000000000000000000e+00,1.650129941083794405e-01,6.547467354004867790e-01,6.190687798836147578e-18,7.558483396041860702e-01,6.190687798836147578e-18,-2.941297420986618283e-01,4.737286330882503095e-03,-1.326690936689396347e-03,2.641296120774659917e-01,4.300042254408407982e-02,-4.824476482933573625e-03,-2.651934179746755493e-01,6.154305126327436030e-03,-3.144276505901493542e-03,1.809080933502985045e-01,7.750472236411277971e-02,-6.836346140805756900e-03,1.930806793741122497e-03,3.855872968868446615e-03,-3.452917297882128200e-01,4.881881599995051557e-01,1.698282827194030342e-01,-1.785805830850564768e-01,-4.147485607011567876e-01,1.281604697634790124e+00,7.734140429815664075e-02,1.383715401960433855e+00,5.572203298253143311e-01,-7.865715467472551847e-02,1.155789858615767773e-01,-5.077514834959051537e-01,-1.660979307266114757e+00,1.171420729991691501e-01,-1.294099661791169753e+00
2.028528970962386116e-02,0.000000000000000000e+00,1.654460507832659077e-01,6.547467354004867790e-01,6.190687798836147578e-18,7.558483396041860702e-01,6.190687798836147578e-18,-2.941297420986618283e-01,4.737286330882503095e-03,-1.326690936689396347e-03,2.641296120774659917e-01,4.300042254408407982e-02,-4.824476482933573625e-03,-2.651934179746755493e-01,6.154305126327436030e-03,-3.144276505901493542e-03,1.809080933502985045e-01,7.750472236411277971e-02,-6.836346140805756900e-03,1.930806793741122497e-03,3.855872968868446615e-03,-3.452917297882128200e-01,4.881881599995051557e-01,1.698282827194030342e-01,-1.785805830850564768e-01,-4.147485607011567876e-01,1.281604697634790124e+00,7.734140429815664075e-02,1.383715401960433855e+00,5.572203298253143311e-01,-7.865715467472551847e-02,1.155789858615767773e-01,-5.077514834959051537e-01,-1.660979307266114757e+00,1.171420729991691501e-01,-1.294099661791169753e+00
2.012982088784241730e-02,0.000000000000000000e+00,1.658704173576529273e-01,6.547467354004867790e-01,6.190687798836147578e-18,7.558483396041860702e-01,6.190687798836147578e-18,-2.941297420986618283e-01,4.737286330882503095e-03,-1.326690936689396347e-03,2.641296120774659917e-01,4.300042254408407982e-02,-4.824476482933573625e-03,-2.651934179746755493e-01,6.154305126327436030e-03,-3.144276505901493542e-03,1.809080933502985045e-01,7.750472236411277971e-02,-6.836346140805756900e-03,1.930806793741122497e-03,3.855872968868446615e-03,-3.452917297882128200e-01,4.881881599995051557e-01,1.698282827194030342e-01,-1.785805830850564768e-01,-4.147485607011567876e-01,1.281604697634790124e+00,7.734140429815664075e-02,1.383715401960433855e+00,5.572203298253143311e-01,-7.865715467472551847e-02,1.155789858615767773e-01,-5.077514834959051537e-01,-1.660979307266114757e+00,1.171420729991691501e-01,-1.294099661791169753e+00
1.998071938981993076e-02,0.000000000000000000e+00,1.662774037310412178e-01,6.547467354004867790e-01,6.190687798836147578e-18,7.558483396041860702e-01,6.190687798836147578e-18,-2.941297420986618283e-01,4.737286330882503095e-03,-1.326690936689396347e-03,2.641296120774659917e-01,4.300042254408407982e-02,-4.824476482933573625e-03,-2.651934179746755493e-01,6.154305126327436030e-03,-3.144276505901493542e-03,1.809080933502985045e-01,7.750472236411277971e-02,-6.836346140805756900e-03,1.930806793741122497e-03,3.855872968868446615e-03,-3.452917297882128200e-01,4.881881599995051557e-01,1.698282827194030342e-01,-1.785805830850564768e-01,-4.147485607011567876e-01,1.281604697634790124e+00,7.734140429815664075e-02,1.383715401960433855e+00,5.572203298253143311e-01,-7.865715467472551847e-02,1.155789858615767773e-01,-5.077514834959051537e-01,-1.660979307266114757e+00,1.171420729991691501e-01,-1.294099661791169753e+00
1.984116887743590102e-02,0.000000000000000000e+00,1.666583198029312762e-01,6.547467354004867790e-01,6.190687798836147578e-18,7.558483396041860702e-01,6.190687798836147578e-18,-2.941297420986618283e-01,4.737286330882503095e-03,-1.326690936689396347e-03,2.641296120774659917e-01,4.300042254408407982e-02,-4.824476482933573625e-03,-2.651934179746755493e-01,6.154305126327436030e-03,-3.144276505901493542e-03,1.809080933502985045e-01,7.750472236411277971e-02,-6.836346140805756900e-03,1.930806793741122497e-03,3.855872968868446615e-03,-3.452917297882128200e-01,4.881881599995051557e-01,1.698282827194030342e-01,-1.785805830850564768e-01,-4.147485607011567876e-01,1.281604697634790124e+00,7.734140429815664075e-02,1.383715401960433855e+00,5.572203298253143311e-01,-7.865715467472551847e-02,1.155789858615767773e-01,-5.077514834959051537e-01,-1.660979307266114757e+00,1.171420729991691501e-01,-1.294099661791169753e+00
1.971435301256980674e-02,0.000000000000000000e+00,1.670044754728237935e-01,6.547467354004867790e-01,6.190687798836147578e-18,7.558483396041860702e-01,6.190687798836147578e-18,-2.941297420986618283e-01,4.737286330882503095e-03,-1.326690936689396347e-03,2.641296120774659917e-01,4.300042254408407982e-02,-4.824476482933573625e-03,-2.651934179746755493e-01,6.154305126327436030e-03,-3.144276505901493542e-03,1.809080933502985045e-01,7.750472236411277971e-02,-6.836346140805756900e-03,1.930806793741122497e-03,3.855872968868446615e-03,-3.452917297882128200e-01,4.881881599995051557e-01,1.698282827194030342e-01,-1.785805830850564768e-01,-4.147485607011567876e-01,1.281604697634790124e+00,7.734140429815664075e-02,1.383715401960433855e+00,5.572203298253143311e-01,-7.865715467472551847e-02,1.155789858615767773e-01,-5.077514834959051537e-01,-1.660979307266114757e+00,1.171420729991691501e-01,-1.294099661791169753e+00
1.960345545710112658e-02,0.000000000000000000e+00,1.673071806402192940e-01,6.547467354004867790e-01,6.190687798836147578e-18,7.558483396041860702e-01,6.190687798836147578e-18,-2.941297420986618283e-01,4.737286330882503095e-03,-1.326690936689396347e-03,2.641296120774659917e-01,4.300042254408407982e-02,-4.824476482933573625e-03,-2.651934179746755493e-01,6.154305126327436030e-03,-3.144276505901493542e-03,1.809080933502985045e-01,7.750472236411277971e-02,-6.836346140805756900e-03,1.930806793741122497e-03,3.855872968868446615e-03,-3.452917297882128200e-01,4.881881599995051557e-01,1.698282827194030342e-01,-1.785805830850564768e-01,-4.147485607011567876e-01,1.281604697634790124e+00,7.734140429815664075e-02,1.383715401960433855e+00,5.572203298253143311e-01,-7.865715467472551847e-02,1.155789858615767773e-01,-5.077514834959051537e-01,-1.660979307266114757e+00,1.171420729991691501e-01,-1.294099661791169753e+00
1.951165987290934614e-02,0.000000000000000000e+00,1.675577452046184967e-01,6.547467354004867790e-01,6.190687798836147578e-18,7.558483396041860702e-01,6.190687798836147578e-18,-2.941297420986618283e-01,4.737286330882503095e-03,-1.326690936689396347e-03,2.641296120774659917e-01,4.300042254408407982e-02,-4.824476482933573625e-03,-2.651934179746755493e-01,6.154305126327436030e-03,-3.144276505901493542e-03,1.809080933502985045e-01,7.750472236411277971e-02,-6.836346140805756900e-03,1.930806793741122497e-03,3.855872968868446615e-03,-3.452917297882128200e-01,4.881881599995051557e-01,1.698282827194030342e-01,-1.785805830850564768e-01,-4.147485607011567876e-01,1.281604697634790124e+00,7.734140429815664075e-02,1.383715401960433855e+00,5.572203298253143311e-01,-7.865715467472551847e-02,1.155789858615767773e-01,-5.077514834959051537e-01,-1.660979307266114757e+00,1.171420729991691501e-01,-1.294099661791169753e+00
1.944214992187395449e-02,0.000000000000000000e+00,1.677474790655218984e-01,6.547467354004867790e-01,6.190687798836147578e-18,7.558483396041860702e-01,6.190687798836147578e-18,-2.941297420986618283e-01,4.737286330882503095e-03,-1.326690936689396347e-03,2.641296120774659917e-01,4.300042254408407982e-02,-4.824476482933573625e-03,-2.651934179746755493e-01,6.154305126327436030e-03,-3.144276505901493542e-03,1.809080933502985045e-01,7.750472236411277971e-02,-6.836346140805756900e-03,1.930806793741122497e-03,3.855872968868446615e-03,-3.452917297882128200e-01,4.881881599995051557e-01,1.698282827194030342e-01,-1.785805830850564768e-01,-4.147485607011567876e-01,1.281604697634790124e+00,7.734140429815664075e-02,1.383715401960433855e+00,5.572203298253143311e-01,-7.865715467472551847e-02,1.155789858615767773e-01,-5.077514834959051537e-01,-1.660979307266114757e+00,1.171420729991691501e-01,-1.294099661791169753e+00
1.939810926587443030e-02,0.000000000000000000e+00,1.678676921224301899e-01,6.547467354004867790e-01,6.190687798836147578e-18,7.558483396041860702e-01,6.190687798836147578e-18,-2.941297420986618283e-01,4.737286330882503095e-03,-1.326690936689396347e-03,2.641296120774659917e-01,4.300042254408407982e-02,-4.824476482933573625e-03,-2.651934179746755493e-01,6.154305126327436030e-03,-3.144276505901493542e-03,1.809080933502985045e-01,7.750472236411277971e-02,-6.836346140805756900e-03,1.930806793741122497e-03,3.855872968868446615e-03,-3.452917297882128200e-01,4.881881599995051557e-01,1.698282827194030342e-01,-1.785805830850564768e-01,-4.147485607011567876e-01,1.281604697634790124e+00,7.734140429815664075e-02,1.383715401960433855e+00,5.572203298253143311e-01,-7.865715467472551847e-02,1.155789858615767773e-01,-5.077514834959051537e-01,-1.660979307266114757e+00,1.171420729991691501e-01,-1.294099661791169753e+00
1.938272156679026262e-02,0.000000000000000000e+00,1.679096942748439236e-01,6.547467354004860018e-01,0.000000000000000000e+00,7.558483396041868474e-01,0.000000000000000000e+00,-2.941297420986618283e-01,4.737286330882503095e-03,-1.326690936689396347e-03,2.641296120774659917e-01,4.300042254408407982e-02,-4.824476482933573625e-03,-2.651934179746755493e-01,6.154305126327436030e-03,-3.144276505901493542e-03,1.809080933502985045e-01,7.750472236411277971e-02,-6.836346140805756900e-03,1.930806793741122497e-03,3.855872968868446615e-03,-3.452917297882128200e-01,4.881881599995051557e-01,1.698282827194030342e-01,-1.785805830850564768e-01,-4.147485607011567876e-01,1.281604697634790124e+00,7.734140429815664075e-02,1.383715401960433855e+00,5.572203298253143311e-01,-7.865715467472551847e-02,1.155789858615767773e-01,-5.077514834959051537e-01,-1.660979307266114757e+00,1.171420729991691501e-01,-1.294099661791169753e+00
