0.000000000000000000e+00,0.000000000000000000e+00,7.594907452582463359e-01,1.000000000000000000e+00,0.000000000000000000e+00,0.000000000000000000e+00,0.000000000000000000e+00,-3.119999999999999996e-01,0.000000000000000000e+00,0.000000000000000000e+00,6.690000000000000391e-01,-3.629999999999999893e-01,0.000000000000000000e+00,-3.119999999999999996e-01,0.000000000000000000e+00,0.000000000000000000e+00,6.690000000000000391e-01,-3.629999999999999893e-01,0.000000000000000000e+00,0.000000000000000000e+00,0.000000000000000000e+00,0.000000000000000000e+00,2.000000000000000111e-01,2.000000000000000111e-01,0.000000000000000000e+00,5.999999999999999778e-01,0.000000000000000000e+00,0.000000000000000000e+00,0.000000000000000000e+00,2.000000000000000111e-01,-2.000000000000000111e-01,0.000000000000000000e+00,5.999999999999999778e-01,0.000000000000000000e+00,0.000000000000000000e+00,0.000000000000000000e+00
0.000000000000000000e+00,0.000000000000000000e+00,7.592555448424915809e-01,1.000000000000000000e+00,0.000000000000000000e+00,0.000000000000000000e+00,0.000000000000000000e+00,-3.152886033700493806e-01,7.084765525727933661e-07,-3.751226110639405933e-07,6.746489145749086092e-01,-3.668294167927323435e-01,-8.670963828880128581e-07,-3.152886033700493806e-01,-7.084765525727933661e-07,3.751226110639405933e-07,6.746489145749086092e-01,-3.668294167927323435e-01,8.670963828880128581e-07,-2.146566212279932108e-09,2.336318040366963468e-08,2.003674320240320800e-03,1.844399644140393146e-01,2.006174431120363033e-01,-7.509104774477366523e-04,5.813494242244701127e-01,1.604096068910123272e-04,6.638533152286052973e-03,3.377054783075099115e-04,1.844399868147315602e-01,-2.006174610889020216e-01,7.509148605339530016e-04,5.813493474921191950e-01,-1.604287203635324183e-04,6.638584514254652208e-03,-3.377278049923809278e-04
0.000000000000000000e+00,0.000000000000000000e+00,7.590512497980826945e-01,1.000000000000000000e+00,0.000000000000000000e+00,0.000000000000000000e+00,0.000000000000000000e+00,-3.216539869913351835e-01,7.735021747230759580e-07,-4.152730906095015868e-07,6.859521142756217493e-01,-3.742534983483437050e-01,-9.570502231048140525e-07,-3.216539869913351835e-01,-7.735021747229999368e-07,4.152730906094732112e-07,6.859521142756217493e-01,-3.742534983483437050e-01,9.570502231047708538e-07,-1.731603801839731644e-09,2.531829804287746076e-08,5.854064694289404583e-03,1.552303184511633627e-01,2.019899831988069827e-01,-1.728471737400771608e-03,5.500634399654671380e-01,2.210645281696611473e-04,2.048641015926267600e-02,7.835669647319567273e-04,1.552303579419881951e-01,-2.019900023176040560e-01,1.728479961636532553e-03,5.500633129754824990e-01,-2.210856060234010192e-04,2.048649635321923151e-02,-7.835919799611840717e-04
0.000000000000000000e+00,0.000000000000000000e+00,7.588646149658717643e-01,1.000000000000000000e+00,0.000000000000000000e+00,0.000000000000000000e+00,0.000000000000000000e+00,-3.270868910911349237e-01,6.679529399846182719e-07,-3.611913053832514814e-07,6.956051917307336518e-01,-3.806096507353106673e-01,-8.288280701765122209e-07,-3.270868910911349237e-01,-6.679529399845041342e-07,3.611913053832041005e-07,6.956051917307336518e-01,-3.806096507353106673e-01,8.288280701763894012e-07,-3.320019755686035189e-09,1.500988941013001895e-08,9.271980550868221677e-03,1.258974479102032418e-01,2.033570281409564362e-01,-2.025657665346733589e-03,5.304668716841524079e-01,2.744950435304765123e-04,2.931594455359707446e-02,9.222427767125051688e-04,1.258974743895222015e-01,-2.033570390295594277e-01,2.025666881091953055e-03,5.304667771626471184e-01,-2.745094496689308721e-04,2.931601172502683317e-02,-9.222568937833063593e-04
0.000000000000000000e+00,0.000000000000000000e+00,7.586823951867099902e-01,1.000000000000000000e+00,0.000000000000000000e+00,0.000000000000000000e+00,0.000000000000000000e+00,-3.323020793012687601e-01,6.250554506577921538e-07,-3.400624503044119772e-07,7.048232184403561140e-01,-3.867168246496651141e-01,-7.765046721530113191e-07,-3.323020793012687601e-01,-6.250554506576874393e-07,3.400624503043551730e-07,7.048232184403561140e-01,-3.867168246496651141e-01,7.765046721528992989e-07,-6.037977798702218543e-09,4.722976632835267265e-09,1.265525172880153926e-02,9.332207977140312416e-02,2.048048531662288452e-01,-1.832388361473958087e-03,5.190386835913088914e-01,3.988436825666973528e-04,3.378004571600307787e-02,8.330999532589843494e-04,9.332208522815965690e-02,-2.048048554292539458e-01,1.832398007498894140e-03,5.190386423893822432e-01,-3.988518204249607495e-04,3.378007974596439200e-02,-8.331027461236083795e-04
0.000000000000000000e+00,0.000000000000000000e+00,7.584913453014495710e-01,1.000000000000000000e+00,0.000000000000000000e+00,0.000000000000000000e+00,0.000000000000000000e+00,-3.374679527766143439e-01,6.074286288855901845e-07,-3.326861127826150606e-07,7.139254054886556844e-01,-3.927546697467771408e-01,-7.555889874418965422e-07,-3.374679527766143439e-01,-6.074286288854761527e-07,3.326861127825441216e-07,7.139254054886556844e-01,-3.927546697467771408e-01,7.555889874417454527e-07,-8.942381860596158892e-09,-3.999327154346700119e-09,1.604000164684006233e-02,5.800123087787381615e-02,2.063201507902110154e-01,-1.267035102812738264e-03,5.142135740085116424e-01,6.062399253859786273e-04,3.441758155827443627e-02,5.594430315396963817e-04,5.800121590753340439e-02,-2.063201452703296301e-01,1.267044947089011973e-03,5.142135852276891184e-01,-6.062427950519437688e-04,3.441758227916625473e-02,-5.594362166187264980e-04
0.000000000000000000e+00,0.000000000000000000e+00,7.582782201509418174e-01,1.000000000000000000e+00,0.000000000000000000e+00,0.000000000000000000e+00,0.000000000000000000e+00,-3.426609671717115169e-01,6.006425568165071682e-07,-3.314262448546924852e-07,7.230586216119598841e-01,-3.987961876792192051e-01,-7.483107152021877255e-07,-3.426609671717115169e-01,-6.006425568164120887e-07,3.314262448546310753e-07,7.230586216119598841e-01,-3.987961876792192051e-01,7.483107152020496592e-07,-1.164796315382453753e-08,-1.075648547142293948e-08,1.942091139359831964e-02,2.084705939508122927e-02,2.078741056426271772e-01,-4.520298508207559220e-04,5.144320486871192255e-01,9.053238306867665303e-04,3.183989926760268790e-02,1.515609586790149087e-04,2.084702742542183379e-02,-2.078740936019009833e-01,4.520397771298298884e-04,5.144321038797784462e-01,-9.053225952415588050e-04,3.183987160439672587e-02,-1.515467877483333767e-04
0.000000000000000000e+00,0.000000000000000000e+00,7.580297745760389283e-01,1.000000000000000000e+00,0.000000000000000000e+00,0.000000000000000000e+00,0.000000000000000000e+00,-3.479400416072110369e-01,6.009485960302997784e-07,-3.343451772483053798e-07,7.323342388944313885e-01,-4.048940505871770901e-01,-7.500316517747650031e-07,-3.479400416072110369e-01,-6.009485960302045930e-07,3.343451772482581577e-07,7.323342388944313885e-01,-4.048940505871770901e-01,7.500316517746527712e-07,-1.390883978947101243e-08,-1.544012837923004988e-08,2.278721352342262529e-02,-1.720478311371829994e-02,2.094345745959716454e-01,4.902461810426194354e-04,5.180597630703106526e-01,1.302629980964804856e-03,2.675450716453529540e-02,-3.340148507670928331e-04,-1.720482781849382373e-02,-2.094345575116598190e-01,-4.902362752586121412e-04,5.180598514153366141e-01,-1.302625871813138355e-03,2.675445778852147960e-02,3.340340224686532745e-04
0.000000000000000000e+00,0.000000000000000000e+00,7.577327634175922144e-01,1.000000000000000000e+00,0.000000000000000000e+00,0.000000000000000000e+00,0.000000000000000000e+00,-3.518349871218784397e-01,9.612115025652136622e-07,-5.370246189292024986e-07,7.390695882584732423e-01,-4.093489666346791234e-01,-1.195229583338341235e-06,-3.518349871218784397e-01,-9.612115025651183710e-07,5.370246189291742289e-07,7.390695882584732423e-01,-4.093489666346791234e-01,1.195229583338274743e-06,-2.034769125024886851e-08,-1.882484638320714383e-08,2.536110593106028627e-02,-4.490989357743393334e-02,2.105828529108092206e-01,1.046386976493426761e-03,5.190433825638920418e-01,1.655091588886234292e-03,2.308950290878392791e-02,-6.412275787725733433e-04,-4.490995238540052004e-02,-2.105828301817832815e-01,-1.046371324204321742e-03,5.190434923812049517e-01,-1.655088589252138058e-03,2.308944338861463122e-02,6.412519895042923228e-04
0.000000000000000000e+00,0.000000000000000000e+00,7.573739415164534305e-01,1.000000000000000000e+00,0.000000000000000000e+00,0.000000000000000000e+00,0.000000000000000000e+00,-3.587338105632456586e-01,7.843336124362098011e-07,-4.446077968465724866e-07,7.512478701079648991e-01,-4.171722830999983200e-01,-9.832070625861308754e-07,-3.587338105632456586e-01,-7.843336124360576528e-07,4.446077968465063122e-07,7.512478701079648991e-01,-4.171722830999983200e-01,9.832070625859606218e-07,-1.992424923598400469e-08,-2.224430891326424948e-08,2.944937053717265954e-02,-9.049191838687964395e-02,2.124065173711484622e-01,2.138609204124905429e-03,5.259203746619227626e-01,2.346012833347605516e-03,1.398637808558515945e-02,-1.225707267053148834e-03,-9.049198412506882783e-02,-2.124064907943583047e-01,-2.138596866943559896e-03,5.259205111093372409e-01,-2.346005728354234095e-03,1.398629854863826447e-02,1.225733970750496815e-03
0.000000000000000000e+00,0.000000000000000000e+00,7.569400637134747756e-01,1.000000000000000000e+00,0.000000000000000000e+00,0.000000000000000000e+00,0.000000000000000000e+00,-3.630956253590429950e-01,1.089463062349551816e-06,-6.217172361850753923e-07,7.588315274271735245e-01,-4.220395199391689389e-01,-1.362231038943080339e-06,-3.630956253590429950e-01,-1.089463062349399773e-06,6.217172361850092179e-07,7.588315274271735245e-01,-4.220395199391689389e-01,1.362231038942914955e-06,-2.273788556364205185e-08,-2.097541470333099584e-08,3.195880362414213471e-02,-1.171715408859696633e-01,2.134558569201176481e-01,2.500075746781736316e-03,5.264784617718538673e-01,2.868457755186562194e-03,9.240363013441662415e-03,-1.447027621102815265e-03,-1.171716109092033886e-01,-2.134558290577312778e-01,-2.500060377455318433e-03,5.264786009263648925e-01,-2.868453407687428063e-03,9.240283572440706125e-03,1.447054005094121657e-03
0.000000000000000000e+00,0.000000000000000000e+00,7.564375350485085248e-01,1.000000000000000000e+00,0.000000000000000000e+00,0.000000000000000000e+00,0.000000000000000000e+00,-3.708599895667060165e-01,8.269591517146014954e-07,-4.947046244308800960e-07,7.724541702428264767e-01,-4.294490115524123297e-01,-1.050684634942222838e-06,-3.708599895667060165e-01,-8.269591517144115482e-07,4.947046244307663818e-07,7.724541702428264767e-01,-4.294490115524123297e-01,1.050684634942030138e-06,-1.727685097467233707e-08,-1.438041043224804036e-08,3.625221959623285695e-02,-1.592586943162983271e-01,2.149737023034077599e-01,3.329147294194416407e-03,5.267772971135007420e-01,3.079056761603694327e-03,5.392646033042017978e-03,-1.963519062200345944e-03,-1.592587502651316433e-01,-2.149736808484098705e-01,-3.329136100421461412e-03,5.267774096607000800e-01,-3.079054903445533134e-03,5.392581158783522378e-03,1.963537453176772592e-03
0.000000000000000000e+00,0.000000000000000000e+00,7.558836495976268832e-01,1.000000000000000000e+00,0.000000000000000000e+00,0.000000000000000000e+00,0.000000000000000000e+00,-3.756882518924212766e-01,1.111561351106803191e-06,-6.810570096220336148e-07,7.807527022618988566e-01,-4.337237563657211914e-01,-1.415012718525735750e-06,-3.756882518924212766e-01,-1.111561351106537223e-06,6.810570096219008424e-07,7.807527022618988566e-01,-4.337237563657211914e-01,1.415012718525467241e-06,-1.744563643081347978e-08,-7.699506840763891787e-09,3.897087547427881965e-02,-1.842090338147333861e-01,2.158320352768927086e-01,3.609356800676317110e-03,5.226354439175254774e-01,3.116480816441249274e-03,5.577638746936645561e-03,-2.174709688522973375e-03,-1.842090844804659400e-01,-2.158320176465310936e-01,-3.609342439744149707e-03,5.226355334821842780e-01,-3.116485673350734981e-03,5.577591364742772242e-03,2.174722489882639689e-03
0.000000000000000000e+00,0.000000000000000000e+00,7.552814957560101128e-01,1.000000000000000000e+00,0.000000000000000000e+00,0.000000000000000000e+00,0.000000000000000000e+00,-3.838275472406368904e-01,8.268163737348168181e-07,-5.160368123992820505e-07,7.949290016920937951e-01,-4.409780358687646062e-01,-1.062327223757065285e-06,-3.838275472406368904e-01,-8.268163737345508497e-07,5.160368123991492781e-07,7.949290016920937951e-01,-4.409780358687646062e-01,1.062327223756763530e-06,-1.269973223472437564e-08,-4.658199245304104008e-09,4.347027676879924168e-02,-2.237262346935179613e-01,2.172111030725396019e-01,4.079786315734205450e-03,5.163815182791553493e-01,3.171506626144714788e-03,6.444221826518312102e-03,-2.461704235395370186e-03,-2.237262700117506609e-01,-2.172110897227342019e-01,-4.079775357713175815e-03,5.163815778381819488e-01,-3.171511312043489694e-03,6.444191522181814437e-03,2.461712458618597974e-03
0.000000000000000000e+00,0.000000000000000000e+00,7.546341619188390304e-01,1.000000000000000000e+00,0.000000000000000000e+00,0.000000000000000000e+00,0.000000000000000000e+00,-3.888273871034881313e-01,1.112916881997633186e-06,-7.039101947934697306e-07,8.034878938957861205e-01,-4.453176447019966955e-01,-1.428860286132781444e-06,-3.888273871034881313e-01,-1.112916881997405122e-06,7.039101947933559105e-07,8.034878938957861205e-01,-4.453176447019966955e-01,1.428860286132491547e-06,-1.340711561849438306e-08,-1.642311984313147621e-11,4.623403457625378798e-02,-2.477163622548046451e-01,2.180066647295264282e-01,4.181422967383339843e-03,5.102416061804253555e-01,3.260758467885553104e-03,7.715322849987759149e-03,-2.542910230694623783e-03,-2.477163950939826609e-01,-2.180066533573292165e-01,-4.181408587158851227e-03,5.102416498985532511e-01,-3.260768451054024252e-03,7.715305617539931077e-03,2.542914977623799908e-03
0.000000000000000000e+00,0.000000000000000000e+00,7.539447364812941199e-01,1.000000000000000000e+00,0.000000000000000000e+00,0.000000000000000000e+00,0.000000000000000000e+00,-3.972130969605578987e-01,8.237605280881537054e-07,-5.288029683062613753e-07,8.180444537793678528e-01,-4.526964320034597700e-01,-1.066622534866360636e-06,-3.972130969605578987e-01,-8.237605280878498323e-07,5.288029683060906982e-07,8.180444537793678528e-01,-4.526964320034597700e-01,1.066622534866073280e-06,-1.056985880796093114e-08,-7.017994644134410487e-10,5.083823104318209440e-02,-2.860642462362972260e-01,2.193087208267871235e-01,4.427153202594427857e-03,5.018891153945980177e-01,3.427459203383484421e-03,9.477440459639880146e-03,-2.659946192822469635e-03,-2.860642707236041304e-01,-2.193087104138747578e-01,-4.427142003048785412e-03,5.018891467778459070e-01,-3.427466539428689757e-03,9.477428781635148514e-03,2.659950224503153382e-03
0.000000000000000000e+00,0.000000000000000000e+00,7.532163078385558652e-01,1.000000000000000000e+00,0.000000000000000000e+00,0.000000000000000000e+00,0.000000000000000000e+00,-4.023764321251845910e-01,1.114884370815146139e-06,-7.246147519797595728e-07,8.268708278273907419e-01,-4.571391422399028182e-01,-1.442226965898493395e-06,-4.023764321251845910e-01,-1.114884370814842266e-06,7.246147519795699433e-07,8.268708278273907419e-01,-4.571391422399028182e-01,1.442226965898161146e-06,-1.210295516130091077e-08,2.177771061917579386e-09,5.364827658020469847e-02,-3.096490611863761955e-01,2.200650755817125104e-01,4.448690486185234369e-03,4.956144322617678233e-01,3.605338756237728721e-03,1.046047972737853236e-02,-2.678377247577185330e-03,-3.096490870041163634e-01,-2.200650651881121411e-01,-4.448675667259050122e-03,4.956144575734571789e-01,-3.605350188061691875e-03,1.046047477961510076e-02,2.678379607136315010e-03
0.000000000000000000e+00,0.000000000000000000e+00,7.524519643858047502e-01,1.000000000000000000e+00,0.000000000000000000e+00,0.000000000000000000e+00,0.000000000000000000e+00,-4.110090589803680472e-01,8.224679813923896677e-07,-5.424599194486012209e-07,8.418399436207845143e-01,-4.646834404566062005e-01,-1.073199460834923236e-06,-4.110090589803680472e-01,-8.224679813921523926e-07,5.424599194484496020e-07,8.418399436207845143e-01,-4.646834404566062005e-01,1.073199460834663621e-06,-1.079856126155070496e-08,-6.124684318022469443e-10,5.832674509765475163e-02,-3.476157241070664816e-01,2.213179054584154537e-01,4.623806958641485908e-03,4.881274309803566580e-01,3.928774075043863813e-03,1.093040961523292567e-02,-2.742665905289226862e-03,-3.476157473283700838e-01,-2.213178937926008893e-01,-4.623795256998814579e-03,4.881274586459228293e-01,-3.928781507025770441e-03,1.093040039701662428e-02,2.742669706486293608e-03
0.000000000000000000e+00,0.000000000000000000e+00,7.516547945182213697e-01,1.000000000000000000e+00,0.000000000000000000e+00,0.000000000000000000e+00,0.000000000000000000e+00,-4.163381637938219915e-01,1.119285569905739616e-06,-7.471228753533931396e-07,8.509571318103393844e-01,-4.692509153334336047e-01,-1.459063561071854219e-06,-4.163381637938219915e-01,-1.119285569905540351e-06,7.471228753532225683e-07,8.509571318103393844e-01,-4.692509153334336047e-01,1.459063561071554369e-06,-1.332008993722047400e-08,6.998144044400514207e-10,6.119527982916691394e-02,-3.710516837749435748e-01,2.220571995380434815e-01,4.640732558640629259e-03,4.830301727205328910e-01,4.208779380282426374e-03,1.055715098813920019e-02,-2.763310651612182339e-03,-3.710517114509904735e-01,-2.220571858650931263e-01,-4.640716962087271420e-03,4.830302024469324551e-01,-4.208789740851988370e-03,1.055714300523528069e-02,2.763314250422975547e-03
0.000000000000000000e+00,0.000000000000000000e+00,7.508278866309864297e-01,1.000000000000000000e+00,0.000000000000000000e+00,0.000000000000000000e+00,0.000000000000000000e+00,-4.252214858361796912e-01,8.229889114851801610e-07,-5.575400487195650406e-07,8.663756087409962836e-01,-4.769940498032282372e-01,-1.082423589048487048e-06,-4.252214858361796912e-01,-8.229889114850188013e-07,5.575400487194513264e-07,8.663756087409962836e-01,-4.769940498032282372e-01,1.082423589048262160e-06,-1.315753841126251025e-08,-3.079660262867329790e-09,6.592553496311821803e-02,-4.089684161533149731e-01,2.232865502249421208e-01,4.857610252455204364e-03,4.785607487459312970e-01,4.714123947093978514e-03,7.925202174522631704e-03,-2.879692350532330261e-03,-4.089684450170235630e-01,-2.232865338744807748e-01,-4.857597692533075981e-03,4.785607903704728883e-01,-4.714129688011893179e-03,7.925183406808819844e-03,2.879698334482971248e-03
0.000000000000000000e+00,0.000000000000000000e+00,7.499743291192801919e-01,1.000000000000000000e+00,0.000000000000000000e+00,0.000000000000000000e+00,0.000000000000000000e+00,-4.307179675172372324e-01,1.125845328945025110e-06,-7.715549875057760072e-07,8.758054378886491742e-01,-4.817064786182835290e-01,-1.479196967555011635e-06,-4.307179675172372324e-01,-1.125845328944863750e-06,7.715549875056433407e-07,8.758054378886491742e-01,-4.817064786182835290e-01,1.479196967554805171e-06,-1.678751678279712414e-08,-3.196369531968380876e-09,6.886454603876691893e-02,-4.322856642359932944e-01,2.240296498389248159e-01,4.925696055631643630e-03,4.755925069798268567e-01,5.103653433785471615e-03,5.264932167791752660e-03,-2.959765977505060455e-03,-4.322856999613315931e-01,-2.240296293700356212e-01,-4.925679280132459412e-03,4.755925570357323884e-01,-5.103660919102853168e-03,5.264910121151345282e-03,2.959772942767716162e-03
0.000000000000000000e+00,0.000000000000000000e+00,7.490869157276816015e-01,1.000000000000000000e+00,0.000000000000000000e+00,0.000000000000000000e+00,0.000000000000000000e+00,-4.400599285236862501e-01,8.137874044657173388e-07,-5.818013735582905190e-07,8.919494945626498250e-01,-4.888039458366505996e-01,-1.088422605170330042e-06,-4.400599285236862501e-01,-8.137874044656412117e-07,5.818013735582242387e-07,8.919494945626498250e-01,-4.888039458366505996e-01,1.088422605170190705e-06,-1.384347759577061261e-08,-2.731867728552981953e-09,7.378877722379237336e-02,-4.700351953242805081e-01,2.251304443350030382e-01,5.410351780000614320e-03,4.721270066043388725e-01,5.123252959118669049e-03,4.208685415391360402e-03,-3.286622865299020264e-03,-4.700352269686199347e-01,-2.251304261722672506e-01,-5.410338675961303204e-03,4.721270542773762235e-01,-5.123259359073576227e-03,4.208662846189818903e-03,3.286628492283260802e-03
0.000000000000000000e+00,0.000000000000000000e+00,7.481584402007692702e-01,1.000000000000000000e+00,0.000000000000000000e+00,0.000000000000000000e+00,0.000000000000000000e+00,-4.458858532074658210e-01,1.105942860666641095e-06,-8.117140906662412496e-07,9.018603553790922600e-01,-4.929030856792870341e-01,-1.485027794086424249e-06,-4.458858532074657655e-01,-1.105942860666564862e-06,8.117140906661939217e-07,9.018603553790922600e-01,-4.929030856792870341e-01,1.485027794086336158e-06,-1.393241836120023110e-08,1.447388173912038023e-09,7.683131577552276825e-02,-4.928683382511524491e-01,2.257228475295657844e-01,5.577210744043250602e-03,4.675513020266419684e-01,5.059084609962807844e-03,5.021875263396949514e-03,-3.432347189839803255e-03,-4.928683700914276988e-01,-2.257228306339058854e-01,-5.577194318733195814e-03,4.675513412915530687e-01,-5.059096122999473359e-03,5.021861320882141898e-03,3.432350044068092302e-03
0.000000000000000000e+00,0.000000000000000000e+00,7.471919909337236820e-01,1.000000000000000000e+00,0.000000000000000000e+00,0.000000000000000000e+00,0.000000000000000000e+00,-4.555084272770291709e-01,7.999301640947776957e-07,-5.994976509889413401e-07,9.184001185615985330e-01,-4.998121969529158992e-01,-1.086886370889223686e-06,-4.555084272770296150e-01,-7.999301640947205210e-07,5.994976509889222819e-07,9.184001185615993101e-01,-4.998121969529162323e-01,1.086886370889159735e-06,-1.020719874047389988e-08,1.361964771892277467e-09,8.187230096211421670e-02,-5.290146710168746047e-01,2.266908532366268270e-01,5.867469749016514767e-03,4.606826769487059603e-01,4.978540127138119525e-03,6.662517022592109352e-03,-3.612949568358903192e-03,-5.290146945583837912e-01,-2.266908397140285913e-01,-5.867457778450912639e-03,4.606827050540042712e-01,-4.978549631239963594e-03,6.662507786095625030e-03,3.612951436554536974e-03
0.000000000000000000e+00,0.000000000000000000e+00,7.461906563217256538e-01,1.000000000000000000e+00,0.000000000000000000e+00,0.000000000000000000e+00,0.000000000000000000e+00,-4.614775511257658280e-01,1.095147158853499696e-06,-8.347887127648650992e-07,9.285301750830822209e-01,-5.039654638721747792e-01,-1.489782029422907925e-06,-4.614775511257658280e-01,-1.095147158853366712e-06,8.347887127647511732e-07,9.285301750830823320e-01,-5.039654638721748903e-01,1.489782029422720519e-06,-1.048989638302602059e-08,4.715987342724805840e-09,8.494693222642361874e-02,-5.510143315374169681e-01,2.272177016590318233e-01,5.896239878856246626e-03,4.549084959533870043e-01,4.982947003416328575e-03,7.897767323632540887e-03,-3.655996794379684760e-03,-5.510143556366070561e-01,-2.272176887074957019e-01,-5.896224627602674948e-03,4.549085171847908615e-01,-4.982960835860594968e-03,7.897765522187315257e-03,3.655996627552210616e-03
0.000000000000000000e+00,0.000000000000000000e+00,7.451575247599555585e-01,1.000000000000000000e+00,0.000000000000000000e+00,0.000000000000000000e+00,0.000000000000000000e+00,-4.713009048858616268e-01,7.904912178758292093e-07,-6.135481694689338114e-07,9.453826241621910986e-01,-5.109781275620147722e-01,-1.087478536311309414e-06,-4.713009048858615158e-01,-7.904912178756487913e-07,6.135481694688010389e-07,9.453826241621906545e-01,-5.109781275620145502e-01,1.087478536311058693e-06,-8.308228011290460059e-09,3.047217135243603766e-09,9.007640064258581880e-02,-5.860456872452172172e-01,2.281043512007152052e-01,6.001251998765423645e-03,4.467615148730440522e-01,5.033352123026520880e-03,9.668580226830066418e-03,-3.699963935648922612e-03,-5.860457059143221459e-01,-2.281043396003392676e-01,-6.001240681032459293e-03,4.467615315753935556e-01,-5.033362820923098155e-03,9.668578613331330757e-03,3.699964261111711276e-03
0.000000000000000000e+00,0.000000000000000000e+00,7.440956846435937688e-01,1.000000000000000000e+00,0.000000000000000000e+00,0.000000000000000000e+00,0.000000000000000000e+00,-4.774044045484049370e-01,1.087476291821375512e-06,-8.574716699932624726e-07,9.557381885737908922e-01,-5.152215905073470603e-01,-1.497500552593055147e-06,-4.774044045484046039e-01,-1.087476291821043263e-06,8.574716699930917954e-07,9.557381885737901150e-01,-5.152215905073467273e-01,1.497500552592695158e-06,-9.439644273683640494e-09,5.410216778420609550e-09,9.320200318884104551e-02,-6.075735814349807473e-01,2.285917563536851993e-01,5.958386181571305278e-03,4.410007950440572033e-01,5.128684616471181068e-03,1.039096716302835219e-02,-3.692450071436388388e-03,-6.075736026778083554e-01,-2.285917437686585674e-01,-5.958371224485379571e-03,4.410008098966115009e-01,-5.128698869757051214e-03,1.039096955871332030e-02,3.692449223313921600e-03
0.000000000000000000e+00,0.000000000000000000e+00,7.430082243678213239e-01,1.000000000000000000e+00,0.000000000000000000e+00,0.000000000000000000e+00,0.000000000000000000e+00,-4.848169659825264377e-01,1.351693132377144790e-06,-1.082172662540843801e-06,9.683468270400492628e-01,-5.204064307777223064e-01,-1.870849166763173925e-06,-4.848169659825262712e-01,-1.351693132376926467e-06,1.082172662540692182e-06,9.683468270400490407e-01,-5.204064307777220844e-01,1.870849166762798266e-06,-1.122153079517805367e-08,6.883786460673785981e-09,9.702468672788819304e-02,-6.331348759838302254e-01,2.291761379209380778e-01,5.898140861438854778e-03,4.343107196735678799e-01,5.282477029079123490e-03,1.088869788871955555e-02,-3.672546004779540536e-03,-6.331349009904102543e-01,-2.291761228168724407e-01,-5.898122021022034374e-03,4.343107356549590903e-01,-5.282494114125456906e-03,1.088870225672704077e-02,3.672544472719042538e-03
0.000000000000000000e+00,0.000000000000000000e+00,7.418982323278181523e-01,1.000000000000000000e+00,0.000000000000000000e+00,0.000000000000000000e+00,0.000000000000000000e+00,-4.955184602848737851e-01,8.459490242756851712e-07,-6.907475204616831610e-07,9.867543948413939336e-01,-5.280948524727904214e-01,-1.186591441512155056e-06,-4.955184602848736741e-01,-8.459490242890707270e-07,6.907475204714548507e-07,9.867543948413936006e-01,-5.280948524727900883e-01,1.186591441528626035e-06,-1.065531049533195825e-08,2.147806425146391476e-09,1.025938717189207872e-01,-6.695912303640666474e-01,2.300681430897488500e-01,5.978283293077417404e-03,4.282165102683990754e-01,5.574182866890347275e-03,9.883339534239169930e-03,-3.707665081093175757e-03,-6.695912533781757103e-01,-2.300681266396605584e-01,-5.978269854329757577e-03,4.282165348477589562e-01,-5.574193539176324971e-03,9.883333306962007250e-03,3.707666095010293556e-03
0.000000000000000000e+00,0.000000000000000000e+00,7.407687969187650712e-01,1.000000000000000000e+00,0.000000000000000000e+00,0.000000000000000000e+00,0.000000000000000000e+00,-5.018705018418335717e-01,1.107815759309462532e-06,-9.178420429227806298e-07,9.975723359837752602e-01,-5.325514885412747645e-01,-1.555122895735623006e-06,-5.018705018418336827e-01,-1.107815759309187035e-06,9.178420429227429368e-07,9.975723359837753712e-01,-5.325514885412747645e-01,1.555122895735437506e-06,-1.321834524656935081e-08,2.807297397926686283e-09,1.058456885867766345e-01,-6.910255589993248293e-01,2.305495232666549266e-01,5.956585717242520936e-03,4.245360258808463794e-01,5.814526425502270120e-03,8.223839581428835782e-03,-3.738134916805319757e-03,-6.910255871335932998e-01,-2.305495032122485133e-01,-5.956568500786954198e-03,4.245360562107293734e-01,-5.814538969021180309e-03,8.223831525112638291e-03,3.738135942585511882e-03
0.000000000000000000e+00,0.000000000000000000e+00,7.396230065358426753e-01,1.000000000000000000e+00,0.000000000000000000e+00,0.000000000000000000e+00,0.000000000000000000e+00,-5.095300834772872323e-01,1.355391003205563727e-06,-1.139795481908493335e-06,1.010656081572216980e+00,-5.379638828426627217e-01,-1.912369739958763075e-06,-5.095300834772870102e-01,-1.355391003205288018e-06,1.139795481908341716e-06,1.010656081572216536e+00,-5.379638828426626107e-01,1.912369739958549199e-06,-1.713499726238880069e-08,2.539198372518421331e-09,1.098070087484702695e-01,-7.163968020630714362e-01,2.311418633939316680e-01,5.960752492215993376e-03,4.209693406366840640e-01,6.141378804607805150e-03,5.278158095676980036e-03,-3.806246554906047002e-03,-7.163968376551255179e-01,-2.311418372429535628e-01,-5.960730646377054333e-03,4.209693815257656291e-01,-6.141392592195081025e-03,5.278145110806337775e-03,3.806248017936674204e-03
-1.862334032145354602e-06,0.000000000000000000e+00,7.384713386148367142e-01,1.000000000000000000e+00,0.000000000000000000e+00,0.000000000000000000e+00,0.000000000000000000e+00,-5.178027794273184492e-01,1.468335577082742600e-06,-1.280284466583605728e-06,1.024757325597079438e+00,-5.431504374981452887e-01,-2.102661964740506577e-06,-5.178027794273183382e-01,-1.468335577068843848e-06,1.280284466573094473e-06,1.024757325597079438e+00,-5.431504374981453998e-01,2.102661964723301644e-06,-1.732537989799468089e-08,4.861737750055866860e-09,1.140268193335618463e-01,-7.432038186313132400e-01,2.316617164954626884e-01,6.136759482982504996e-03,4.169513249821824030e-01,6.075399585985647583e-03,5.129433795228968695e-03,-3.950268317824314444e-03,-7.432038570091418217e-01,-2.316616894773252389e-01,-6.136735058148503306e-03,4.169513668621182001e-01,-6.075416661401072081e-03,5.129422581738537351e-03,3.950268224521620748e-03
-6.621632114294592633e-06,0.000000000000000000e+00,7.373164111732187775e-01,1.000000000000000000e+00,0.000000000000000000e+00,0.000000000000000000e+00,0.000000000000000000e+00,-5.262845435043643771e-01,1.504504940547632296e-06,-1.351564909092112908e-06,1.039192230628988245e+00,-5.482697502571813875e-01,-2.182443438158369622e-06,-5.262845435043642661e-01,-1.504504940547394492e-06,1.351564909091885268e-06,1.039192230628988023e+00,-5.482697502571813875e-01,2.182443438158029962e-06,-1.588229627749065168e-08,6.947539243982017798e-09,1.183455730712248133e-01,-7.699861180111559067e-01,2.321398343839138345e-01,6.304028693778985365e-03,4.121775612333541949e-01,5.920701928090116480e-03,5.990252971525502138e-03,-4.076374335710241520e-03,-7.699861556867857448e-01,-2.321398086993831655e-01,-6.304003785321841274e-03,4.121775994495519013e-01,-5.920721405634508938e-03,5.990245515138091850e-03,4.076372754579342568e-03
-1.303633822501747692e-05,0.000000000000000000e+00,7.361495234786982200e-01,1.000000000000000000e+00,0.000000000000000000e+00,0.000000000000000000e+00,0.000000000000000000e+00,-5.348576049063704652e-01,1.508025737276804947e-06,-1.388484323721674944e-06,1.053766196761064533e+00,-5.533784246225992298e-01,-2.211654756006584545e-06,-5.348576049063704652e-01,-1.508025737276491121e-06,1.388484323721447304e-06,1.053766196761064311e+00,-5.533784246225990078e-01,2.211654756006107666e-06,-1.398949263849168870e-08,8.430994148259502947e-09,1.227147492877335572e-01,-7.963333252800576245e-01,2.325834342149072920e-01,6.412855244746694557e-03,4.067002819640837541e-01,5.773413792199305963e-03,7.195040900033418223e-03,-4.160433157075176490e-03,-7.963333606349086713e-01,-2.325834105390041651e-01,-6.412830929017137964e-03,4.067003148105078902e-01,-5.773434715251514297e-03,7.195037520254752086e-03,4.160430528109843734e-03
-1.986489634288377112e-05,0.000000000000000000e+00,7.349619747989836194e-01,1.000000000000000000e+00,0.000000000000000000e+00,0.000000000000000000e+00,0.000000000000000000e+00,-5.435010643358380023e-01,1.501440858675707106e-06,-1.412832790042147925e-06,1.068451178886192343e+00,-5.585099149223469173e-01,-2.223830548167673194e-06,-5.435010643358378912e-01,-1.501440858688826376e-06,1.412832790052659180e-06,1.068451178886192343e+00,-5.585099149223468062e-01,2.223830548184485951e-06,-1.226578036219263304e-08,9.367896487209393874e-09,1.271222993606907214e-01,-8.221886908561136798e-01,2.329956327545554817e-01,6.456982062663743117e-03,4.007130863204822480e-01,5.664863171837912839e-03,8.425921398666248729e-03,-4.201698306658502649e-03,-8.221887235978098118e-01,-2.329956109155781885e-01,-6.456958661925695300e-03,4.007131139618446136e-01,-5.664884870997734245e-03,8.425921557524865962e-03,4.201695056331337247e-03
-2.586575044646320822e-05,0.000000000000000000e+00,7.337450644017848855e-01,1.000000000000000000e+00,0.000000000000000000e+00,0.000000000000000000e+00,0.000000000000000000e+00,-5.522262023884464410e-01,1.494518566994765503e-06,-1.435187074675570347e-06,1.083274450463978411e+00,-5.636925605232229186e-01,-2.234406089088359627e-06,-5.522262023884463300e-01,-1.494518567007846656e-06,1.435187074686385052e-06,1.083274450463978411e+00,-5.636925605232228076e-01,2.234406089105163067e-06,-1.103566276551928097e-08,9.836733948420794156e-09,1.315673651342086636e-01,-8.476124012811119268e-01,2.333793634349626556e-01,6.444883488268941980e-03,3.944720016815222996e-01,5.606419775556921274e-03,9.463073666331102071e-03,-4.207482543745769132e-03,-8.476124319177089639e-01,-2.333793427666014941e-01,-6.444860893654055442e-03,3.944720254744286114e-01,-5.606441788845689493e-03,9.463076264731981949e-03,4.207479020863072634e-03
-2.979734451432562619e-05,0.000000000000000000e+00,7.324900915548104852e-01,1.000000000000000000e+00,0.000000000000000000e+00,0.000000000000000000e+00,0.000000000000000000e+00,-5.610544728799617964e-01,1.490973726034777670e-06,-1.460116369010135370e-06,1.098280452499282411e+00,-5.689530990439595204e-01,-2.249691539074722859e-06,-5.610544728799616854e-01,-1.490973726047820707e-06,1.460116369021139810e-06,1.098280452499282411e+00,-5.689530990439595204e-01,2.249691539091855794e-06,-1.047272139790959158e-08,9.894444479175298146e-09,1.360517286089729383e-01,-8.726992757344924634e-01,2.337377723156114639e-01,6.390033155930783734e-03,3.882617293444902140e-01,5.603292328105311318e-03,1.010731212849493368e-02,-4.188240458506520270e-03,-8.726993052249802929e-01,-2.337377518553057920e-01,-6.390011028403867060e-03,3.882617513752334437e-01,-5.603314310529705113e-03,1.010731569284097769e-02,4.188236931906899434e-03
-3.041812252504075463e-05,0.000000000000000000e+00,7.311883555257699951e-01,1.000000000000000000e+00,0.000000000000000000e+00,0.000000000000000000e+00,0.000000000000000000e+00,-5.700100476139550176e-01,1.491938443325638926e-06,-1.489444165417835314e-06,1.113517763268430327e+00,-5.743170735585121367e-01,-2.271946177543620148e-06,-5.700100476139551287e-01,-1.491938443325324676e-06,1.489444165417873007e-06,1.113517763268430327e+00,-5.743170735585121367e-01,2.271946177543411355e-06,-1.066988355122332967e-08,9.586913459498293081e-09,1.405771351239959444e-01,-8.975493064901045592e-01,2.340741105671891586e-01,6.307549751542075936e-03,3.823789196398621471e-01,5.658661591179477493e-03,1.015810018062877733e-02,-4.155900476506156280e-03,-8.975493360325424996e-01,-2.340740891721897754e-01,-6.307527628314139705e-03,3.823789424064131803e-01,-5.658683265811852853e-03,1.015810300997925172e-02,4.155897138541705428e-03
-2.648652845717834004e-05,0.000000000000000000e+00,7.298311555823722152e-01,1.000000000000000000e+00,0.000000000000000000e+00,0.000000000000000000e+00,0.000000000000000000e+00,-5.791173131530146234e-01,1.497516296178720235e-06,-1.523841032908370312e-06,1.129034686138007393e+00,-5.798087435317201832e-01,-2.301764425826402768e-06,-5.791173131530146234e-01,-1.497516296178519700e-06,1.523841032908218270e-06,1.129034686138007393e+00,-5.798087435317201832e-01,2.301764425826206257e-06,-1.167470965155489565e-08,8.957853041331388901e-09,1.451446598143610600e-01,-9.222567709240944156e-01,2.343916824979474511e-01,6.213036878232484038e-03,3.771228562957766872e-01,5.774844134465499830e-03,9.408839720153366198e-03,-4.123205387519124007e-03,-9.222568018319136085e-01,-2.343916589140687401e-01,-6.213014226555235719e-03,3.771228824961346815e-01,-5.774865271574956653e-03,9.408839998854192505e-03,4.123202355958334279e-03
-1.676100628930818316e-05,0.000000000000000000e+00,7.284097909923266112e-01,1.000000000000000000e+00,0.000000000000000000e+00,0.000000000000000000e+00,0.000000000000000000e+00,-5.884000496105925571e-01,1.507427431600177521e-06,-1.563522787712766908e-06,1.144877787647860856e+00,-5.854509974698396402e-01,-2.339101398038629325e-06,-5.884000496105926681e-01,-1.507427431599901176e-06,1.563522787712576961e-06,1.144877787647860856e+00,-5.854509974698396402e-01,2.339101398038380721e-06,-1.350881428499638374e-08,8.051450468821612324e-09,1.497547537921682381e-01,-9.469062352653229153e-01,2.346938811815755810e-01,6.122204925014493836e-03,3.727900004434507863e-01,5.953570861528360847e-03,7.647119528590188946e-03,-4.103376102443808369e-03,-9.469062688990788068e-01,-2.346938540829024422e-01,-6.122181169594503349e-03,3.727900328453065959e-01,-5.953591270972779202e-03,7.647115403742453868e-03,4.103373421958059208e-03
0.000000000000000000e+00,0.000000000000000000e+00,7.269155610233423159e-01,1.000000000000000000e+00,0.000000000000000000e+00,0.000000000000000000e+00,0.000000000000000000e+00,-5.978811788856286391e-01,1.521263155101705802e-06,-1.608538754520659621e-06,1.161091440928483598e+00,-5.912653162381223959e-01,-2.383690355470578891e-06,-5.978811788856287501e-01,-1.521263155101391552e-06,1.608538754520431769e-06,1.161091440928483598e+00,-5.912653162381223959e-01,2.383690355470209161e-06,-1.618001968451332071e-08,6.911736957319763239e-09,1.544074896364090177e-01,-9.715714187009552028e-01,2.349842721060500794e-01,6.050790652413822086e-03,3.696709542780336477e-01,6.196025276525777940e-03,4.656033396798630805e-03,-4.109888791256815187e-03,-9.715714564364225092e-01,-2.349842401152884563e-01,-6.050765189680233809e-03,3.696709956510474959e-01,-6.196044805254959445e-03,4.656023023230250642e-03,4.109886435583006391e-03
1.202810777234254087e-05,0.000000000000000000e+00,7.254304060057462644e-01,1.000000000000000000e+00,0.000000000000000000e+00,0.000000000000000000e+00,0.000000000000000000e+00,-6.075898869636421340e-01,1.490857617358523512e-06,-1.650049615485741170e-06,1.177586461011761676e+00,-5.962878236051539771e-01,-2.391142752830498374e-06,-6.075898869636420230e-01,-1.490857617371338908e-06,1.650049615497466647e-06,1.177586461011761454e+00,-5.962878236051538661e-01,2.391142752847704578e-06,-1.460888319754075678e-08,8.378779445012271431e-09,1.592712417356389742e-01,-9.962607820047171270e-01,2.351901957002143495e-01,6.144394892305466566e-03,3.659234275348818288e-01,6.026670677479618876e-03,4.342922752630466558e-03,-4.199154994490064165e-03,-9.962608194621651592e-01,-2.351901652560457190e-01,-6.144369572416080033e-03,3.659234679041992733e-01,-6.026691982630362314e-03,4.342913900951093573e-03,4.199151849820146470e-03
1.149778709527136706e-05,0.000000000000000000e+00,7.240088713269106080e-01,1.000000000000000000e+00,0.000000000000000000e+00,0.000000000000000000e+00,0.000000000000000000e+00,-6.172573979147832901e-01,1.441681639533262819e-06,-1.661392023405835782e-06,1.193918106510251320e+00,-6.009308589628030717e-01,-2.362824773158219436e-06,-6.172573979147834011e-01,-1.441681639532796740e-06,1.661392023405645835e-06,1.193918106510251542e+00,-6.009308589628030717e-01,2.362824773157917892e-06,-1.219603660691478216e-08,9.599946200299523084e-09,1.642561900861388424e-01,-1.020417195325700410e+00,2.353672104306918922e-01,6.242164066615671879e-03,3.613807442725736063e-01,5.756338057122814891e-03,4.871939394034528574e-03,-4.289288353152717614e-03,-1.020417230287143928e+00,-2.353671830482359228e-01,-6.242140047169063115e-03,3.613807799711900026e-01,-5.756360615873100210e-03,4.871933977257374149e-03,4.289284732476862129e-03
5.564873049149782354e-06,0.000000000000000000e+00,7.226011638401121928e-01,1.000000000000000000e+00,0.000000000000000000e+00,0.000000000000000000e+00,0.000000000000000000e+00,-6.268879620939421526e-01,1.398207971225068324e-06,-1.666056844075676429e-06,1.210125573586038561e+00,-6.054081976179215285e-01,-2.334527127896192292e-06,-6.268879620939421526e-01,-1.398207971211776259e-06,1.666056844062887926e-06,1.210125573586038561e+00,-6.054081976179215285e-01,2.334527127878009460e-06,-1.004532190082509115e-08,1.027343021770282670e-08,1.693166231169553615e-01,-1.043972499636316664e+00,2.355213081344407766e-01,6.296200854499566651e-03,3.562147033775768246e-01,5.487252759827104635e-03,5.572207760833830861e-03,-4.355038875161083671e-03,-1.043972531575334095e+00,-2.355212836167295265e-01,-6.296178438990119794e-03,3.562147338436299493e-01,-5.487275856833347988e-03,5.572205697254205108e-03,4.355035149765001772e-03
1.385200714341185439e-06,0.000000000000000000e+00,7.211574903986281981e-01,1.000000000000000000e+00,0.000000000000000000e+00,0.000000000000000000e+00,0.000000000000000000e+00,-6.365725014547102267e-01,1.372104412483503004e-06,-1.681920372698451657e-06,1.226397593322809954e+00,-6.098719981037286075e-01,-2.328350840464978304e-06,-6.365725014547102267e-01,-1.372104412483188755e-06,1.681920372697958048e-06,1.226397593322809954e+00,-6.098719981037286075e-01,2.328350840464348535e-06,-8.450826470364818555e-09,1.054851940374891127e-08,1.744276860281332719e-01,-1.067009466785354688e+00,2.356467433862125815e-01,6.294030955648634816e-03,3.506533985679552434e-01,5.255597534498914619e-03,6.174060593765630725e-03,-4.388052928805374550e-03,-1.067009496064203811e+00,-2.356467209883702785e-01,-6.294009969624334531e-03,3.506534246562686419e-01,-5.255620726015505437e-03,6.174061111948628972e-03,4.388049313677660004e-03
6.114605171208924161e-06,0.000000000000000000e+00,7.196280578557352481e-01,1.000000000000000000e+00,0.000000000000000000e+00,0.000000000000000000e+00,0.000000000000000000e+00,-6.464272431963640209e-01,1.367119561457740970e-06,-1.717967217079639189e-06,1.242963567032810968e+00,-6.144519461076098921e-01,-2.353934747945874886e-06,-6.464272431963640209e-01,-1.367119561457350911e-06,1.717967217079221390e-06,1.242963567032810968e+00,-6.144519461076098921e-01,2.353934747945312033e-06,-7.455509476133445342e-09,1.058103196282761090e-08,1.795758058263015322e-01,-1.089655798665636999e+00,2.357362097069436446e-01,6.234523252072943743e-03,3.449191559497686299e-01,5.076547379635548522e-03,6.549175761916849019e-03,-4.384882214084953427e-03,-1.089655826040746067e+00,-2.357361885308900673e-01,-6.234503300351328624e-03,3.449191791066072987e-01,-5.076570451151263784e-03,6.549177866659575478e-03,4.384878791545257330e-03
2.690892150011646835e-05,0.000000000000000000e+00,7.179630730647102999e-01,1.000000000000000000e+00,0.000000000000000000e+00,0.000000000000000000e+00,0.000000000000000000e+00,-6.565736264881320006e-01,1.383336023490969807e-06,-1.778055847031298712e-06,1.260058271715339906e+00,-6.192663924471553116e-01,-2.414356138948404204e-06,-6.565736264881320006e-01,-1.383336023490579749e-06,1.778055847030880913e-06,1.260058271715339906e+00,-6.192663924471553116e-01,2.414356138947836268e-06,-7.042821688262536246e-09,1.047427042479801799e-08,1.847537859408719674e-01,-1.112051463079913871e+00,2.357830534707207881e-01,6.120372520384302281e-03,3.392233008373294889e-01,4.958516711746067951e-03,6.618206131143436130e-03,-4.343681117780418509e-03,-1.112051489463913523e+00,-2.357830325788439485e-01,-6.120353108629131116e-03,3.392233227299118470e-01,-4.958539588556145315e-03,6.618208770567552898e-03,4.343677881533002626e-03
7.092398478142678637e-05,0.000000000000000000e+00,7.161127428788303106e-01,1.000000000000000000e+00,0.000000000000000000e+00,0.000000000000000000e+00,0.000000000000000000e+00,-6.671317292850281744e-01,1.419331946037943856e-06,-1.863706465212845078e-06,1.277910325299696837e+00,-6.244253980633944767e-01,-2.509818979036243705e-06,-6.671317292850281744e-01,-1.419331946037515681e-06,1.863706465212313353e-06,1.277910325299696837e+00,-6.244253980633944767e-01,2.509818979035611395e-06,-7.195041724794724930e-09,1.029199924437946593e-08,1.899580687125701495e-01,-1.134339141332108447e+00,2.357814751909828310e-01,5.955826000465222481e-03,3.337725325517496566e-01,4.907701797497359374e-03,6.315803969409700125e-03,-4.263388119490914459e-03,-1.134339167697562933e+00,-2.357814536228581281e-01,-5.955806581665131980e-03,3.337725549233387379e-01,-4.907724485328540838e-03,6.315806086509783909e-03,4.263385002173186722e-03
1.453156300955040935e-04,0.000000000000000000e+00,7.140272741513719046e-01,1.000000000000000000e+00,0.000000000000000000e+00,0.000000000000000000e+00,0.000000000000000000e+00,-6.782180840109949260e-01,1.473097724214854067e-06,-1.975513545103868137e-06,1.296738224984643528e+00,-6.300313903293450757e-01,-2.639416478829310413e-06,-6.782180840109949260e-01,-1.473097724214425892e-06,1.975513545103374317e-06,1.296738224984643528e+00,-6.300313903293450757e-01,2.639416478828635327e-06,-7.906711924627449929e-09,1.007556899423376890e-08,1.951871711479353788e-01,-1.156661686249433885e+00,2.357263384304345566e-01,5.746064204056083174e-03,3.287754064013247990e-01,4.929533802085076140e-03,5.576284673177974230e-03,-4.143562526678065683e-03,-1.156661713599115737e+00,-2.357263151904506748e-01,-5.746044192013876652e-03,3.287754310311558070e-01,-4.929556355576243665e-03,5.576285211226043870e-03,4.143559412699356244e-03
2.572396925227111953e-04,0.000000000000000000e+00,7.116568737356121499e-01,1.000000000000000000e+00,0.000000000000000000e+00,0.000000000000000000e+00,0.000000000000000000e+00,-6.899449043937473380e-01,1.542384189952798113e-06,-2.113775016420687376e-06,1.316748741578765758e+00,-6.361790703570892047e-01,-2.801887125473659982e-06,-6.899449043937473380e-01,-1.542384189952407843e-06,2.113775016420193555e-06,1.316748741578765758e+00,-6.361790703570892047e-01,2.801887125473031483e-06,-9.184802520376624041e-09,9.855056017398661459e-09,2.004407977795395202e-01,-1.179161540871214608e+00,2.356129792237091347e-01,5.497099560520224935e-03,3.244468475532923946e-01,5.029128687481406769e-03,4.327205441988895770e-03,-3.984366137877125118e-03,-1.179161570236472389e+00,-2.356129532627981304e-01,-5.497078331189307610e-03,3.244468762618417101e-01,-5.029151195173373924e-03,4.327203332146953123e-03,3.984362867589994611e-03
4.138520071434114399e-04,0.000000000000000000e+00,7.089517484848278928e-01,1.000000000000000000e+00,0.000000000000000000e+00,0.000000000000000000e+00,0.000000000000000000e+00,-7.024197753174966641e-01,1.624822924731926496e-06,-2.278764583606191470e-06,1.338136027006239903e+00,-6.429550557800951527e-01,-2.995931640278165177e-06,-7.024197753174966641e-01,-1.624822924731612035e-06,2.278764583605773459e-06,1.338136027006239903e+00,-6.429550557800951527e-01,2.995931640277573525e-06,-1.104624538341725773e-08,9.655496718664891068e-09,2.057193554939473479e-01,-1.201980636709430339e+00,2.354370864251165429e-01,5.215840854475650192e-03,3.210109764151767298e-01,5.211402367548993372e-03,2.486189932233242184e-03,-3.786556433839087434e-03,-1.201980669159663284e+00,-2.354370566229049555e-01,-5.215817743766849521e-03,3.210110110880681211e-01,-5.211424945415894967e-03,2.486184074773497080e-03,3.786552803066904529e-03
6.084521313766594374e-04,0.000000000000000000e+00,7.058980064318466363e-01,1.000000000000000000e+00,0.000000000000000000e+00,0.000000000000000000e+00,0.000000000000000000e+00,-7.160777445204897784e-01,1.639914505530608710e-06,-2.486092532105506658e-06,1.361306053272711702e+00,-6.483607325150578804e-01,-3.178946338640812107e-06,-7.160777445204897784e-01,-1.639914505530332154e-06,2.486092532105050531e-06,1.361306053272711702e+00,-6.483607325150578804e-01,3.178946338640325063e-06,-8.498328570401682623e-09,1.084353813334797104e-08,2.122450262194351955e-01,-1.225448237244937122e+00,2.352961291303132807e-01,5.201625633074126627e-03,3.155925108273991420e-01,4.850688800891999122e-03,2.244887671123593862e-03,-3.798450306078874576e-03,-1.225448267896456889e+00,-2.352961027103815106e-01,-5.201603678375118188e-03,3.155925421755808036e-01,-4.850712889438305205e-03,2.244884685391670010e-03,3.798446612021397564e-03
8.298967311126641136e-04,0.000000000000000000e+00,7.025395671544706344e-01,1.000000000000000000e+00,0.000000000000000000e+00,0.000000000000000000e+00,0.000000000000000000e+00,-7.305875260350995770e-01,1.656221920560897403e-06,-2.680442279391307564e-06,1.385759452495457511e+00,-6.535977970378407109e-01,-3.356708467218797812e-06,-7.305875260350995770e-01,-1.656221920560582942e-06,2.680442279390851436e-06,1.385759452495457511e+00,-6.535977970378407109e-01,3.356708467218349308e-06,-5.770960595513163783e-09,1.183628799691765378e-08,2.192436991268244262e-01,-1.249183753787260986e+00,2.351136015322418116e-01,5.178447557559140435e-03,3.091472876135848424e-01,4.396203777440043335e-03,2.911396664605481448e-03,-3.780619097516362860e-03,-1.249183781573949936e+00,-2.351135790340576903e-01,-5.178427120560330152e-03,3.091473134188769123e-01,-4.396229054232495860e-03,2.911397852929333962e-03,3.780615668392484346e-03
1.078677304138520249e-03,0.000000000000000000e+00,6.989133548234388593e-01,1.000000000000000000e+00,0.000000000000000000e+00,0.000000000000000000e+00,0.000000000000000000e+00,-7.457709193975347040e-01,1.671931169405808954e-06,-2.857748952622052407e-06,1.411235694346830272e+00,-6.590010783987527709e-01,-3.523240797095073170e-06,-7.457709193975347040e-01,-1.671931169405570303e-06,2.857748952621672089e-06,1.411235694346830272e+00,-6.590010783987527709e-01,3.523240797094452295e-06,-3.922580886239984711e-09,1.243619292267969422e-08,2.264468112952594814e-01,-1.273085349636528862e+00,2.348633374030387466e-01,5.076799999943157685e-03,3.022825813649350768e-01,3.984203449193292335e-03,3.999622822420782070e-03,-3.677894148220331536e-03,-1.273085375129081598e+00,-2.348633174967680592e-01,-5.076780588234617621e-03,3.022826026060009275e-01,-3.984229445002913580e-03,3.999627366586513272e-03,3.677891070254891287e-03
1.355285348241323708e-03,0.000000000000000000e+00,6.950562936094901723e-01,1.000000000000000000e+00,0.000000000000000000e+00,0.000000000000000000e+00,0.000000000000000000e+00,-7.615001555044533799e-01,1.679697264688069229e-06,-3.020113979843010484e-06,1.437546079564383739e+00,-6.646367826287786773e-01,-3.674472996198939679e-06,-7.615001555044533799e-01,-1.679697264687868694e-06,3.020113979842668283e-06,1.437546079564383739e+00,-6.646367826287786773e-01,3.674472996198451365e-06,-3.042695933494715782e-09,1.272726823702682259e-08,2.337525687244859651e-01,-1.297117288451988593e+00,2.345430838627410031e-01,4.890988835646483193e-03,2.953979567850839039e-01,3.650873058716519286e-03,5.158096600939836990e-03,-3.494815022885035087e-03,-1.297117312732254391e+00,-2.345430649469669171e-01,-4.890969790910695662e-03,2.953979755644762228e-01,-3.650899446501920491e-03,5.158102995794363113e-03,3.494812222293087502e-03
1.660212361208169164e-03,0.000000000000000000e+00,6.910053076833636565e-01,1.000000000000000000e+00,0.000000000000000000e+00,0.000000000000000000e+00,0.000000000000000000e+00,-7.776655909920282550e-01,1.675924285201472736e-06,-3.169093726964186260e-06,1.464528201121182205e+00,-6.704909418947577748e-01,-3.809093290888404254e-06,-7.776655909920282550e-01,-1.675924285201272201e-06,3.169093726963882175e-06,1.464528201121182205e+00,-6.704909418947577748e-01,3.809093290888073488e-06,-2.970207305330477382e-09,1.281274364204181990e-08,2.411173444495959273e-01,-1.321247217106106042e+00,2.341618609107534166e-01,4.634477639096123806e-03,2.887613267737930700e-01,3.399352941207016421e-03,6.122134177461167719e-03,-3.254749960371799804e-03,-1.321247241266289674e+00,-2.341618415843896295e-01,-4.634458371126039776e-03,2.887613453292825483e-01,-3.399379525189056856e-03,6.122140857842644883e-03,3.254747292433970377e-03
1.993949840826151829e-03,0.000000000000000000e+00,6.867973212157980623e-01,1.000000000000000000e+00,0.000000000000000000e+00,0.000000000000000000e+00,0.000000000000000000e+00,-7.941654025089505131e-01,1.659987741161254838e-06,-3.305503007825569504e-06,1.492033947543587091e+00,-6.765291382995364255e-01,-3.927391171818106908e-06,-7.941654025089505131e-01,-1.659987741161016399e-06,3.305503007825265420e-06,1.492033947543587091e+00,-6.765291382995364255e-01,3.927391171817807059e-06,-3.512949733370607336e-09,1.276742013702502213e-08,2.485195974565219401e-01,-1.345429897888819726e+00,2.337342627589478194e-01,4.326031533034464804e-03,2.825524914922813435e-01,3.221092757716499406e-03,6.684177287919909616e-03,-2.986669470892358048e-03,-1.345429922844995074e+00,-2.337342419157924511e-01,-4.326011581134001430e-03,2.825525117885631099e-01,-3.221119422552244649e-03,6.684182876090556322e-03,2.986666770713341038e-03
2.356989284882362798e-03,0.000000000000000000e+00,6.824692583775324728e-01,1.000000000000000000e+00,0.000000000000000000e+00,0.000000000000000000e+00,0.000000000000000000e+00,-8.109020525096165555e-01,1.632748026780306436e-06,-3.429782565546119342e-06,1.519926241336445605e+00,-6.827154873174416938e-01,-4.030328758300975906e-06,-8.109020525096165555e-01,-1.632748026780219827e-06,3.429782565545891491e-06,1.519926241336445605e+00,-6.827154873174416938e-01,4.030328758300686221e-06,-4.504988646518491261e-09,1.263861318305977847e-08,2.559471625362684244e-01,-1.369604816391252866e+00,2.332779052589412927e-01,3.985512856726870085e-03,2.768891187789606634e-01,3.102787866663166225e-03,6.675948118353341142e-03,-2.720943688274796504e-03,-1.369604842838707759e+00,-2.332778820685977861e-01,-3.985491891278524802e-03,2.768891423825940445e-01,-3.102814539005302810e-03,6.675951496462225777e-03,2.720940794754646893e-03
2.749822191163907911e-03,0.000000000000000000e+00,6.780580433393057493e-01,1.000000000000000000e+00,0.000000000000000000e+00,0.000000000000000000e+00,0.000000000000000000e+00,-8.277808065097984613e-01,1.595667965577172456e-06,-3.542183501524863032e-06,1.548077872252567433e+00,-6.890186574971994826e-01,-4.119026009835601054e-06,-8.277808065097984613e-01,-1.595667965577123752e-06,3.542183501524673297e-06,1.548077872252567433e+00,-6.890186574971994826e-01,4.119026009835449435e-06,-5.814315405684776032e-09,1.245421598578688268e-08,2.633923736985356312e-01,-1.393697513349988037e+00,2.328122443281759324e-01,3.632668921349850068e-03,2.718427527237231023e-01,3.028709423622192535e-03,5.957749184512796566e-03,-2.488053935919509914e-03,-1.393697541774883142e+00,-2.328122181924947021e-01,-3.632646728508180222e-03,2.718427808020693059e-01,-3.028736049002361385e-03,5.957749492168759771e-03,2.488050702305368272e-03
3.172940057457875659e-03,0.000000000000000000e+00,6.736006002718568642e-01,1.000000000000000000e+00,0.000000000000000000e+00,0.000000000000000000e+00,0.000000000000000000e+00,-8.447088579367284522e-01,1.550401297483273966e-06,-3.642819477496636924e-06,1.576370751355979261e+00,-6.954137395494743856e-01,-4.194510428932614146e-06,-8.447088579367284522e-01,-1.550401297483263166e-06,3.642819477496447188e-06,1.576370751355979261e+00,-6.954137395494743856e-01,4.194510428932427799e-06,-7.337594973668142046e-09,1.222925353431088396e-08,2.708499840733896713e-01,-1.417621624896134636e+00,2.323579896792749011e-01,3.286826117559635274e-03,2.674490133482029797e-01,2.981528379727153583e-03,4.411966262755709356e-03,-2.318240572384793700e-03,-1.417621655604533126e+00,-2.323579601915423676e-01,-3.286802582041574786e-03,2.674490467134429394e-01,-2.981554909557226386e-03,4.411962867672423669e-03,2.318236871084819722e-03
3.626834381551360172e-03,0.000000000000000000e+00,6.691338533459249005e-01,1.000000000000000000e+00,0.000000000000000000e+00,0.000000000000000000e+00,0.000000000000000000e+00,-8.615946282374435938e-01,1.498625525025997439e-06,-3.731667949238848767e-06,1.604695207515780986e+00,-7.018827740119218950e-01,-4.257602841690759753e-06,-8.615946282374435938e-01,-1.498625525025910830e-06,3.731667949238735264e-06,1.604695207515780986e+00,-7.018827740119218950e-01,4.257602841690557312e-06,-8.993210027520754557e-09,1.197015440408102813e-08,2.783161781026028403e-01,-1.441280837404686821e+00,2.319367808655506402e-01,2.966850196800219826e-03,2.637143909382814178e-01,2.942620935399276657e-03,1.939004625471809143e-03,-2.241455490593788086e-03,-1.441280870552927862e+00,-2.319367477784741172e-01,-2.966825287043464276e-03,2.637144301007037228e-01,-2.942647319660548957e-03,1.938997088815412086e-03,2.241451215797359356e-03
4.112269586147991249e-03,0.000000000000000000e+00,6.645509869347575593e-01,1.000000000000000000e+00,0.000000000000000000e+00,0.000000000000000000e+00,0.000000000000000000e+00,-8.787847860640055631e-01,1.424046865688987088e-06,-3.859342645725461750e-06,1.633503987426357940e+00,-7.076918146804249687e-01,-4.347236030675379292e-06,-8.787847860640055631e-01,-1.424046865688900479e-06,3.859342645725348247e-06,1.633503987426357940e+00,-7.076918146804249687e-01,4.347236030675191251e-06,-6.639137998761510520e-09,1.260411175877853031e-08,2.859223121095672004e-01,-1.464808149569891915e+00,2.313634750269449869e-01,2.790302352255059036e-03,2.590652120118102086e-01,2.602073347804313881e-03,1.870877701936717475e-03,-2.019752309820289308e-03,-1.464808180928325765e+00,-2.313634453479745112e-01,-2.790279000520401974e-03,2.590652486142020483e-01,-2.602100650364802363e-03,1.870872159340840422e-03,2.019748652676770298e-03
4.629160649118718197e-03,0.000000000000000000e+00,6.597543672908746659e-01,1.000000000000000000e+00,0.000000000000000000e+00,0.000000000000000000e+00,0.000000000000000000e+00,-8.964145292485143912e-01,1.373908579705068722e-06,-4.035753290331108713e-06,1.663061836150035111e+00,-7.135535375193616803e-01,-4.499196259487705619e-06,-8.964145292485143912e-01,-1.373908579705020018e-06,4.035753290330995210e-06,1.663061836150035111e+00,-7.135535375193616803e-01,4.499196259487521813e-06,-3.859963833697566695e-09,1.292819343202396535e-08,2.936346942289648765e-01,-1.488029250844910001e+00,2.307322413666763605e-01,2.592945016938507166e-03,2.535307656006013377e-01,2.203188744166342285e-03,2.828409157304722678e-03,-1.719458367887432421e-03,-1.488029278882806672e+00,-2.307322163111673874e-01,-2.592924143240034340e-03,2.535307967081108504e-01,-2.203216423464101487e-03,2.828407220653194297e-03,1.719455841437862037e-03
5.176724901001628944e-03,0.000000000000000000e+00,6.547946914039223243e-01,1.000000000000000000e+00,0.000000000000000000e+00,0.000000000000000000e+00,0.000000000000000000e+00,-9.144175735397329641e-01,1.328178883780487918e-06,-4.227545725740824681e-06,1.693246293971002903e+00,-7.195902194979035826e-01,-4.671862161573438305e-06,-9.144175735397329641e-01,-1.328178883780420367e-06,4.227545725740711179e-06,1.693246293971002903e+00,-7.195902194979035826e-01,4.671862161573230782e-06,-1.674825072226469379e-09,1.293016379385269635e-08,3.014245887385645917e-01,-1.510928428582204663e+00,2.300707970422138371e-01,2.337929847356757553e-03,2.473930986931316967e-01,1.818299717710396323e-03,4.170103545693772812e-03,-1.377340037339994713e-03,-1.510928453335397270e+00,-2.300707758450047380e-01,-2.337911302836321367e-03,2.473931242782108075e-01,-1.818327292520266914e-03,4.170104981994986193e-03,1.377338669285904562e-03
5.754179672334807510e-03,0.000000000000000000e+00,6.497226562635470826e-01,1.000000000000000000e+00,0.000000000000000000e+00,0.000000000000000000e+00,0.000000000000000000e+00,-9.326673753568840430e-01,1.271832584900398859e-06,-4.410414141025242956e-06,1.723818169445539672e+00,-7.257439218394179381e-01,-4.834805219082884974e-06,-9.326673753568840430e-01,-1.271832584900369213e-06,4.410414141025091337e-06,1.723818169445539672e+00,-7.257439218394179381e-01,4.834805219082772319e-06,-2.884486360916798757e-10,1.274947257388004234e-08,3.092717656016613637e-01,-1.533528554265551014e+00,2.293899174475898251e-01,2.027159438906971263e-03,2.409525014778239882e-01,1.466330079949069781e-03,5.522865899091687451e-03,-1.020076345121728040e-03,-1.533528576477450889e+00,-2.293898987746280094e-01,-2.027142644352913047e-03,2.409525228697206312e-01,-1.466357310662112952e-03,5.522869726650513761e-03,1.020075922073473409e-03
6.360742293656338787e-03,0.000000000000000000e+00,6.445889588593953778e-01,1.000000000000000000e+00,0.000000000000000000e+00,0.000000000000000000e+00,0.000000000000000000e+00,-9.510217096029607298e-01,1.199230591006105624e-06,-4.571113085553960482e-06,1.754511026046624345e+00,-7.319072645311027747e-01,-4.972791298517593504e-06,-9.510217096029607298e-01,-1.199230591005981110e-06,4.571113085553770747e-06,1.754511026046624345e+00,-7.319072645311027747e-01,4.972791298517405462e-06,3.301240390213527935e-10,1.249071817455475339e-08,3.171628069745365264e-01,-1.555854421622590689e+00,2.286972699813681342e-01,1.674171352336802001e-03,2.344763589682573590e-01,1.148911222395333775e-03,6.620776577304270452e-03,-6.709532861535179391e-04,-1.555854442277927019e+00,-2.286972524241243365e-01,-1.674155605360719973e-03,2.344763780160725175e-01,-1.148938036075212651e-03,6.620781552377182251e-03,6.709534952677328155e-04
6.995630095504307665e-03,0.000000000000000000e+00,6.394442961811137582e-01,1.000000000000000000e+00,0.000000000000000000e+00,0.000000000000000000e+00,0.000000000000000000e+00,-9.693361438141457898e-01,1.109952268742911877e-06,-4.702664504833964795e-06,1.785059903918402524e+00,-7.379649419290754686e-01,-5.078963808329173092e-06,-9.693361438141457898e-01,-1.109952268742863384e-06,4.702664504833775059e-06,1.785059903918402524e+00,-7.379649419290754686e-01,5.078963808328896112e-06,2.647244234371920620e-10,1.221520306024866347e-08,3.250888467605393961e-01,-1.577922192771259002e+00,2.280009269265243499e-01,1.295889120193498105e-03,2.281952892008408673e-01,8.614983144165590159e-04,7.246213680413032820e-03,-3.523117228439856313e-04,-1.577922212878966501e+00,-2.280009091563683921e-01,-1.295873719988939032e-03,2.281953078632039111e-01,-8.615247289547118192e-04,7.246218516925489843e-03,3.523122175901026443e-04
7.658060408416801634e-03,0.000000000000000000e+00,6.343393652183484388e-01,1.000000000000000000e+00,0.000000000000000000e+00,0.000000000000000000e+00,0.000000000000000000e+00,-9.874675032338391389e-01,1.005854781112790222e-06,-4.800827939200773567e-06,1.815209685269851159e+00,-7.438066669402112474e-01,-5.149951987393523285e-06,-9.874675032338391389e-01,-1.005854781112722671e-06,4.800827939200583832e-06,1.815209685269851159e+00,-7.438066669402112474e-01,5.149951987393267481e-06,-4.011098300506675949e-10,1.195702453314899041e-08,3.330438774676786062e-01,-1.599737139246979245e+00,2.273100734824251012e-01,9.102047409359948112e-04,2.223090657486078425e-01,5.968122972114995022e-04,7.206536741122956773e-03,-8.647345468013419760e-05,-1.599737159752989246e+00,-2.273100542844126715e-01,-9.101890303838510842e-04,2.223090859138942832e-01,-5.968383764274681150e-04,7.206540203839933642e-03,8.647388130235823638e-05
8.347250562931904719e-03,0.000000000000000000e+00,6.293248629607459677e-01,1.000000000000000000e+00,0.000000000000000000e+00,0.000000000000000000e+00,0.000000000000000000e+00,-1.005274134804966968e+00,8.896943755323328472e-07,-4.862246232493903855e-06,1.844716677513048131e+00,-7.493309562250239919e-01,-5.183395486273989890e-06,-1.005274134804966968e+00,-8.896943755322842486e-07,4.862246232493827622e-06,1.844716677513048131e+00,-7.493309562250239919e-01,5.183395486273823024e-06,-1.596653349626643857e-09,1.173546983882181762e-08,3.410236703242437439e-01,-1.621293977406661257e+00,2.266350242406187376e-01,5.353389287533624145e-04,2.169929221869860148e-01,3.459155057076468984e-04,6.323931391624066159e-03,1.038901807121082920e-04,-1.621293999168113009e+00,-2.266350025079773567e-01,-5.353223032046614330e-04,2.169929456097898779e-01,-3.459413367478813704e-04,6.323932328100185900e-03,-1.038901741926738856e-04
9.062417889587694869e-03,0.000000000000000000e+00,6.244514863979527819e-01,1.000000000000000000e+00,0.000000000000000000e+00,0.000000000000000000e+00,0.000000000000000000e+00,-1.022615182765800323e+00,7.645842002588328573e-07,-4.883600672512704839e-06,1.873347965130232495e+00,-7.544459637712237488e-01,-5.176855707536804470e-06,-1.022615182765800323e+00,-7.645842002587842588e-07,4.883600672512628606e-06,1.873347965130232495e+00,-7.544459637712237488e-01,5.176855707536580854e-06,-3.264879892266676427e-09,1.156197836479295243e-08,3.490251323460210608e-01,-1.642578008933743172e+00,2.259871055719264166e-01,1.897236402155118838e-04,2.124025478749315132e-01,9.854940868582391959e-05,4.430515121929401792e-03,1.955904088158848340e-04,-1.642578032720265702e+00,-2.259870802899445197e-01,-1.897055441747900551e-04,2.124025761677279245e-01,-9.857509167616128852e-05,4.430512465554368659e-03,-1.955911706336721815e-04
9.802779718922269986e-03,0.000000000000000000e+00,6.197699325196150966e-01,1.000000000000000000e+00,0.000000000000000000e+00,0.000000000000000000e+00,0.000000000000000000e+00,-1.039349614331351646e+00,6.338087437193617112e-07,-4.861272977837697016e-06,1.900880056343949631e+00,-7.590693353262258913e-01,-5.127390901583837102e-06,-1.039349614331351646e+00,-6.338087437193131127e-07,4.861272977837620783e-06,1.900880056343949631e+00,-7.590693353262260024e-01,5.127390901583715976e-06,-5.360766553647846673e-09,1.144374753326850810e-08,3.570459360434718454e-01,-1.663566534600996460e+00,2.253785311941808311e-01,-1.079740137781517355e-04,2.086779434440442227e-01,-1.567646097821186711e-04,1.365713479913050876e-03,1.648171946209777989e-04,-1.663566561107146180e+00,-2.253785014226744321e-01,1.079940938970692476e-04,2.086779780934591155e-01,1.567389658726599179e-04,1.365706240053547304e-03,-1.648190699989091708e-04
1.057016227968009432e-02,0.000000000000000000e+00,6.151619083498913731e-01,1.000000000000000000e+00,0.000000000000000000e+00,0.000000000000000000e+00,0.000000000000000000e+00,-1.055547699094893987e+00,5.529840274402424253e-07,-4.864482433571675121e-06,1.927694368341782649e+00,-7.641448267794730409e-01,-5.120002934211388034e-06,-1.055547699094893987e+00,-5.529840274402127792e-07,4.864482433571675121e-06,1.927694368341782649e+00,-7.641448267794729299e-01,5.120002934211409210e-06,-3.432447805544415243e-09,1.166478430254385133e-08,3.637655306142937861e-01,-1.683208498258938590e+00,2.244812808234092905e-01,-4.352134421671463170e-04,2.053266043248130612e-01,-4.504317015050909390e-04,1.766330304873987367e-03,5.449516022598026917e-04,-1.683208523229222431e+00,-2.244812542016959844e-01,4.352318688513979539e-04,2.053266369272779002e-01,4.504056596576629882e-04,1.766324508030370699e-03,-5.449525275915990128e-04
1.136639180060563213e-02,0.000000000000000000e+00,6.105091209129402952e-01,1.000000000000000000e+00,0.000000000000000000e+00,0.000000000000000000e+00,0.000000000000000000e+00,-1.071589161493840869e+00,4.857207379027525855e-07,-4.954109382923893641e-06,1.954451188251607130e+00,-7.695114299715773987e-01,-5.204425494504948563e-06,-1.071589161493840869e+00,-4.857207379027609499e-07,4.954109382923931757e-06,1.954451188251607130e+00,-7.695114299715772876e-01,5.204425494504989221e-06,-9.604651115258252427e-10,1.136402198247561338e-08,3.701322879477003114e-01,-1.701855659824440758e+00,2.235291013508847180e-01,-7.888884099579581647e-04,2.013661630326367968e-01,-7.687385334884364084e-04,3.329672665748443887e-03,1.030594289897926539e-03,-1.701855681359434991e+00,-2.235290796681148606e-01,7.889036569346219137e-04,2.013661900017205963e-01,7.687129480238310501e-04,3.329670155408612914e-03,-1.030593555535214405e-03
1.219068561223697091e-02,0.000000000000000000e+00,6.058622671984077446e-01,1.000000000000000000e+00,0.000000000000000000e+00,0.000000000000000000e+00,0.000000000000000000e+00,-1.087496925532861036e+00,4.109861060781135495e-07,-5.075507109150052098e-06,1.981130035391863720e+00,-7.749925156623346245e-01,-5.321004418790701127e-06,-1.087496925532861036e+00,-4.109861060781219140e-07,5.075507109150128331e-06,1.981130035391863720e+00,-7.749925156623345135e-01,5.321004418790727385e-06,1.047737597503815828e-09,1.074292528266464354e-08,3.764252481784784443e-01,-1.719691592802020663e+00,2.225889468920363434e-01,-1.162080001551430656e-03,1.967623151248919788e-01,-1.105423855698279938e-03,5.173440645636587232e-03,1.515190876997613229e-03,-1.719691610642302138e+00,-2.225889297059835403e-01,1.162091973558208738e-03,1.967623358569190462e-01,1.105399244551780701e-03,5.173441499749982693e-03,-1.515188495413291331e-03
1.304226104511219467e-02,0.000000000000000000e+00,6.012720441959403805e-01,1.000000000000000000e+00,0.000000000000000000e+00,0.000000000000000000e+00,0.000000000000000000e+00,-1.103182052570141014e+00,3.225383890463783966e-07,-5.184166909985111583e-06,2.007507104136835530e+00,-7.804130351196614246e-01,-5.423599179076749371e-06,-1.103182052570141014e+00,-3.225383890464436711e-07,5.184166909985302166e-06,2.007507104136835530e+00,-7.804130351196614246e-01,5.423599179076780711e-06,2.355480924456627643e-09,1.002784124680883684e-08,3.827224100275081753e-01,-1.736831099752658814e+00,2.216768223010324168e-01,-1.546322374752519529e-03,1.917221843814509996e-01,-1.455402198711459568e-03,6.875714210109531987e-03,1.959336778589748120e-03,-1.736831114473484705e+00,-2.216768083968431724e-01,1.546331635826692476e-03,1.917221998469573196e-01,1.455378713541122249e-03,6.875717696694542275e-03,-1.959333080215807689e-03
1.392033542976939091e-02,0.000000000000000000e+00,5.967891488951846402e-01,1.000000000000000000e+00,0.000000000000000000e+00,0.000000000000000000e+00,0.000000000000000000e+00,-1.118521746293835051e+00,2.208463969758900296e-07,-5.254335548691866274e-06,2.033302583140188080e+00,-7.856038743848463568e-01,-5.486215457951758134e-06,-1.118521746293835051e+00,-2.208463969759173464e-07,5.254335548692056857e-06,2.033302583140188080e+00,-7.856038743848463568e-01,5.486215457951945328e-06,2.945412819587626699e-09,9.350766105302519266e-09,3.890430090385087469e-01,-1.753360652460709490e+00,2.207937613675312050e-01,-1.932491251528313959e-03,1.865023970709232537e-01,-1.814154926637172056e-03,8.169573380723250955e-03,2.345687781091173024e-03,-1.753360664998595997e+00,-2.207937493014947572e-01,1.932498620472318865e-03,1.865024089921254180e-01,1.814132505409520859e-03,8.169578391084545213e-03,-2.345683222165977338e-03
1.482412609674664018e-02,0.000000000000000000e+00,5.924642782857869605e-01,1.000000000000000000e+00,0.000000000000000000e+00,0.000000000000000000e+00,0.000000000000000000e+00,-1.133383838047771208e+00,1.088607219207360682e-07,-5.271174893581044179e-06,2.058225453394702864e+00,-7.904025630119428936e-01,-5.494223862860698348e-06,-1.133383838047771208e+00,-1.088607219207349300e-07,5.271174893581234762e-06,2.058225453394702864e+00,-7.904025630119428936e-01,5.494223862860880460e-06,2.852241007243272355e-09,8.778495429233140234e-09,3.953899401779919498e-01,-1.769352604305429066e+00,2.199368548328161088e-01,-2.311141449698881061e-03,1.813606096408134083e-01,-2.177732621541763301e-03,8.842715866632879299e-03,2.663709469186205728e-03,-1.769352615723807531e+00,-2.199368431217447739e-01,2.311147826121506647e-03,1.813606200608874064e-01,2.177711094268040999e-03,8.842721125948499461e-03,-2.663704551257769712e-03
1.575285037658203519e-02,0.000000000000000000e+00,5.883481293573937787e-01,1.000000000000000000e+00,0.000000000000000000e+00,0.000000000000000000e+00,0.000000000000000000e+00,-1.147634064624949657e+00,-9.601033542418401007e-09,-5.224752369940551155e-06,2.081986354928133665e+00,-7.946529449661209332e-01,-5.437948734368703304e-06,-1.147634064624949657e+00,9.601033542419539207e-09,5.224752369940741738e-06,2.081986354928133665e+00,-7.946529449661209332e-01,5.437948734368904050e-06,2.115627450872319111e-09,8.344360147969589198e-09,4.017620505312789470e-01,-1.784870454243884463e+00,2.191025422348112373e-01,-2.672537900097456207e-03,1.765461221003922776e-01,-2.542805909060334799e-03,8.702918147718704048e-03,2.904521334279514411e-03,-1.784870465628714653e+00,-2.191025294138251311e-01,2.672544198865495907e-03,1.765461331753774288e-01,2.542785051923200645e-03,8.702922317039937794e-03,-2.904516574122030948e-03
1.670572559981365127e-02,0.000000000000000000e+00,5.844913990996513098e-01,1.000000000000000000e+00,0.000000000000000000e+00,0.000000000000000000e+00,0.000000000000000000e+00,-1.161137803527226620e+00,-1.303785804728355667e-07,-5.107039121121897687e-06,2.104300508674011638e+00,-7.982045779869866298e-01,-5.309500930891290772e-06,-1.161137803527226620e+00,1.303785804728414430e-07,5.107039121122088269e-06,2.104300508674011638e+00,-7.982045779869866298e-01,5.309500930891505919e-06,7.687968465295843174e-10,8.066201929491074063e-09,4.081575176368872904e-01,-1.799971266283769467e+00,2.182875422677459376e-01,-3.006572062408287629e-03,1.723002078008472049e-01,-2.906703145016043075e-03,7.565413696576932419e-03,3.059143120325673749e-03,-1.799971278703269562e+00,-2.182875269012026775e-01,3.006579193113176601e-03,1.723002217093671518e-01,2.906682704652821612e-03,7.565415418603468542e-03,-3.059139040751196904e-03
1.768196909697958286e-02,0.000000000000000000e+00,5.809447845022062129e-01,1.000000000000000000e+00,0.000000000000000000e+00,0.000000000000000000e+00,0.000000000000000000e+00,-1.173760026962748393e+00,-2.491432444215829435e-07,-4.910732128261927069e-06,2.124887548783389146e+00,-8.009120718861846289e-01,-5.101535507005561129e-06,-1.173760026962748393e+00,2.491432444215745791e-07,4.910732128262080382e-06,2.124887548783389146e+00,-8.009120718861846289e-01,5.101535507005766111e-06,-1.163210805519610796e-09,7.955079281887755088e-09,4.145746821212328848e-01,-1.814707280388204946e+00,2.174890836083832324e-01,-3.302647205603892553e-03,1.688583553553624494e-01,-3.267437240149108704e-03,5.247924453709976872e-03,3.117890168179821529e-03,-1.814707294883271871e+00,-2.174890642847093214e-01,3.302656069314350868e-03,1.688583742689577782e-01,3.267416943294443408e-03,5.247922368870523886e-03,-3.117887297150801536e-03
1.868079819861790877e-02,0.000000000000000000e+00,5.777589825547048141e-01,1.000000000000000000e+00,0.000000000000000000e+00,0.000000000000000000e+00,0.000000000000000000e+00,-1.185364701090459327e+00,-3.615081612357311869e-07,-4.628998308972450854e-06,2.143470401523421387e+00,-8.026344050589220291e-01,-4.806978355380787298e-06,-1.185364701090459327e+00,3.615081612357038701e-07,4.628998308972680400e-06,2.143470401523421387e+00,-8.026344050589220291e-01,4.806978355381002444e-06,-3.663312138986299939e-09,8.019363530406704972e-09,4.210122036219677288e-01,-1.829127403939949215e+00,2.167049400018147276e-01,-3.549554666329638505e-03,1.664526597755532356e-01,-3.623729380288071011e-03,1.568511353949461617e-03,3.070157648901492876e-03,-1.829127421529765485e+00,-2.167049153225427405e-01,3.549566158738518950e-03,1.664526858607714710e-01,3.623708936578434389e-03,1.568504100371385761e-03,-3.070156522126377824e-03
1.962727313229049517e-02,0.000000000000000000e+00,5.745973472014479499e-01,1.000000000000000000e+00,0.000000000000000000e+00,0.000000000000000000e+00,0.000000000000000000e+00,-1.197175206820047855e+00,-3.627612443830659520e-07,-4.639995536582011953e-06,2.161935948927443008e+00,-8.061412590842037540e-01,-4.825585333208492143e-06,-1.197175206820047855e+00,3.627612443830433468e-07,4.639995536582241499e-06,2.161935948927443008e+00,-8.061412590842037540e-01,4.825585333208741170e-06,-6.167710076233488439e-09,1.237874470233174692e-08,4.247015724063649689e-01,-1.846919142356140409e+00,2.155995252287782882e-01,-3.637424387893129288e-03,1.702138719115171006e-01,-3.924273173427533443e-03,3.855608473212882893e-03,3.619680249683530047e-03,-1.846919169611931144e+00,-2.155994900880931764e-01,3.637447013615305313e-03,1.702139135244749579e-01,3.924246583473730426e-03,3.855595787455042001e-03,-3.619682638048296857e-03
2.048057234830701762e-02,0.000000000000000000e+00,5.712202782000062040e-01,1.000000000000000000e+00,0.000000000000000000e+00,0.000000000000000000e+00,0.000000000000000000e+00,-1.211106087352974425e+00,-4.720918580715623767e-07,-5.167814204984100832e-06,2.182424870683065343e+00,-8.101964894244951809e-01,-5.373887069064664946e-06,-1.211106087352974425e+00,4.720918580715492477e-07,5.167814204984330378e-06,2.182424870683065343e+00,-8.101964894244951809e-01,5.373887069064904656e-06,-1.613644925455182417e-08,2.303670538475450724e-08,4.276545202228437259e-01,-1.875779315333765185e+00,2.144149135137906337e-01,-3.103672405473381028e-03,1.846370612430794644e-01,-4.257600623968675613e-03,9.153308645955544887e-03,4.449945078364296244e-03,-1.875779370108666022e+00,-2.144148446389561036e-01,3.103725800986386046e-03,1.846371492146734183e-01,4.257559262392018873e-03,9.153276565023977379e-03,-4.449958899559841065e-03
2.129109051132731939e-02,0.000000000000000000e+00,5.678240412599314668e-01,1.000000000000000000e+00,0.000000000000000000e+00,0.000000000000000000e+00,0.000000000000000000e+00,-1.226739173083492007e+00,-6.673900220497614615e-07,-5.791949091391484934e-06,2.204271419560727363e+00,-8.141051148360654022e-01,-6.024860654241962064e-06,-1.226739173083492007e+00,6.673900220497578616e-07,5.791949091391714480e-06,2.204271419560727363e+00,-8.141051148360654022e-01,6.024860654242161117e-06,-3.092221484135390826e-08,3.568959050179336805e-08,4.305122441231738484e-01,-1.914383456438066844e+00,2.132368000356195115e-01,-1.894333631610125527e-03,2.097284469005842034e-01,-4.613540996706369524e-03,1.421848076060458488e-02,5.331987654530715055e-03,-1.914383548794860168e+00,-2.132366829744828662e-01,1.894424713864449779e-03,2.097286044309717157e-01,4.613482786669175460e-03,1.421841453902100358e-02,-5.332018166965313104e-03
2.210922228601120906e-02,0.000000000000000000e+00,5.646049020907748517e-01,1.000000000000000000e+00,0.000000000000000000e+00,0.000000000000000000e+00,0.000000000000000000e+00,-1.242866306796834408e+00,-8.808090724289833095e-07,-6.183864680107888263e-06,2.225977307339245037e+00,-8.174392794962883624e-01,-6.441991469805457795e-06,-1.242866306796834408e+00,8.808090724289702863e-07,6.183864680108041576e-06,2.225977307339245037e+00,-8.174392794962883624e-01,6.441991469805606026e-06,-4.632662313353533717e-08,4.665975738406150777e-08,4.334272618610523486e-01,-1.957995117337482993e+00,2.121036942918952395e-01,-1.687865769684432707e-04,2.428086953728517128e-01,-4.949870841732781010e-03,1.643638506813043312e-02,6.099976828012945544e-03,-1.957995247575603726e+00,-2.121035274534347481e-01,1.689093900880311774e-04,2.428089304697477191e-01,4.949799538525602970e-03,1.643627574639159802e-02,-6.100025040595829888e-03
2.298536233701851950e-02,0.000000000000000000e+00,5.617591264020879160e-01,1.000000000000000000e+00,0.000000000000000000e+00,0.000000000000000000e+00,0.000000000000000000e+00,-1.257969605292835080e+00,-1.034033905203670799e-06,-6.133480489551316456e-06,2.245836655868415743e+00,-8.199676482637964225e-01,-6.405340073126724065e-06,-1.257969605292835080e+00,1.034033905203637553e-06,6.133480489551431652e-06,2.245836655868415743e+00,-8.199676482637964225e-01,6.405340073126734229e-06,-5.778980124600083684e-08,5.298380862090609832e-08,4.363603070199746914e-01,-2.000463966072463684e+00,2.110292848259943954e-01,1.762600005973291974e-03,2.788833263970019183e-01,-5.235266596738829062e-03,1.453906455931381313e-02,6.655709238100802200e-03,-2.000464124839492985e+00,-2.110290812082200596e-01,-1.762461004650544161e-03,2.788836275844593371e-01,5.235189596036381177e-03,1.453891398922049945e-02,-6.655771149063882328e-03
2.396990532900905579e-02,0.000000000000000000e+00,5.594829799034221063e-01,1.000000000000000000e+00,0.000000000000000000e+00,0.000000000000000000e+00,0.000000000000000000e+00,-1.270370247929799801e+00,-1.046470452835465043e-06,-5.496470016856620819e-06,2.262126105803486276e+00,-8.216310911630052560e-01,-5.758076180287580783e-06,-1.270370247929799801e+00,1.046470452835476901e-06,5.496470016856811402e-06,2.262126105803486276e+00,-8.216310911630052560e-01,5.758076180287731555e-06,-6.035603589994539728e-08,5.155816306074752862e-08,4.391947275834844344e-01,-2.034915757470614039e+00,2.100012089809479565e-01,3.464509107751166227e-03,3.107118333129245125e-01,-5.478031149257394164e-03,8.929525666833106751e-03,6.966733916732058447e-03,-2.034915924442492141e+00,-2.100009983002029956e-01,-3.464376673430972359e-03,3.107121641329498307e-01,5.477958113542628210e-03,8.929351046587459886e-03,-6.966799484694645613e-03
2.511324592664264735e-02,0.000000000000000000e+00,5.579727283043290909e-01,1.000000000000000000e+00,0.000000000000000000e+00,0.000000000000000000e+00,0.000000000000000000e+00,-1.278290383109566219e+00,-8.480053756743351974e-07,-4.169262989572713217e-06,2.273145595179018486e+00,-8.225018100152826639e-01,-4.383171318491073443e-06,-1.278290383109566219e+00,8.480053756743589143e-07,4.169262989572846201e-06,2.273145595179018486e+00,-8.225018100152826639e-01,4.383171318491247084e-06,-4.899804372105423685e-08,3.889699836037614976e-08,4.417982913744590290e-01,-2.053988165102254460e+00,2.089816951773599829e-01,4.397592000155866286e-03,3.291333180634726241e-01,-5.731494254917393789e-03,1.484320923750209915e-03,7.046879854649146409e-03,-2.053988306980587097e+00,-2.089815246327116349e-01,-4.397494941855822556e-03,3.291336120803077248e-01,5.731436873993220153e-03,1.484157832292355532e-03,-7.046932434116329365e-03
2.646577879457912702e-02,0.000000000000000000e+00,5.574246373143599831e-01,1.000000000000000000e+00,0.000000000000000000e+00,0.000000000000000000e+00,0.000000000000000000e+00,-1.278290383109566219e+00,-8.480053756743351974e-07,-4.169262989572713217e-06,2.273145595179018486e+00,-8.225018100152826639e-01,-4.383171318491073443e-06,-1.278290383109566219e+00,8.480053756743589143e-07,4.169262989572846201e-06,2.273145595179018486e+00,-8.225018100152826639e-01,4.383171318491247084e-06,-4.899804372105423685e-08,3.889699836037614976e-08,4.417982913744590290e-01,-2.053988165102254460e+00,2.089816951773599829e-01,4.397592000155866286e-03,3.291333180634726241e-01,-5.731494254917393789e-03,1.484320923750209915e-03,7.046879854649146409e-03,-2.053988306980587097e+00,-2.089815246327116349e-01,-4.397494941855822556e-03,3.291336120803077248e-01,5.731436873993220153e-03,1.484157832292355532e-03,-7.046932434116329365e-03
2.807789859747830338e-02,0.000000000000000000e+00,5.580349726430665624e-01,1.000000000000000000e+00,0.000000000000000000e+00,0.000000000000000000e+00,0.000000000000000000e+00,-1.272954629927003811e+00,3.051102405977366793e-08,-4.734314599683626581e-07,2.271261525614960863e+00,-8.221522098761003816e-01,-5.172923961775534099e-07,-1.272954629927003811e+00,-3.051102405976413881e-08,4.734314599684672666e-07,2.271261525614960863e+00,-8.221522098761003816e-01,5.172923961776677593e-07,1.655774681645807561e-08,-2.182357738090968230e-08,4.454468642947478907e-01,-2.016952325585814609e+00,2.071864449284107623e-01,1.716746348235655920e-03,2.874135492780479084e-01,-6.424834244602837044e-03,-7.074250707031332595e-03,6.627535267812872076e-03,-2.016952308612872002e+00,-2.071865008001562147e-01,-1.716803300377327864e-03,2.874135470487059751e-01,6.424842623007440828e-03,-7.074269174345618021e-03,-6.627509765966288838e-03
2.999999999999999889e-02,0.000000000000000000e+00,5.600000000000000533e-01,1.000000000000000000e+00,0.000000000000000000e+00,0.000000000000000000e+00,0.000000000000000000e+00,-1.252282657726004000e+00,5.442615687531920213e-07,2.319312099553441082e-06,2.252215829321940532e+00,-8.202680237495099114e-01,2.427257332142832467e-06,-1.252282657726004000e+00,-5.442615687531776217e-07,-2.319312099553355532e-06,2.252215829321940532e+00,-8.202680237495099114e-01,-2.427257332142745646e-06,7.345199117558999150e-08,-6.288571044076320757e-08,4.486752588864327262e-01,-1.923187740052850980e+00,2.060068929102975011e-01,-5.389205116579380908e-03,1.875085885476647785e-01,-7.210714816646900290e-03,-1.148551042737214201e-02,5.860359183060101680e-03,-1.923187625215254659e+00,-2.060071274054036949e-01,5.389008515902323285e-03,1.875083799618909586e-01,7.210800667208291936e-03,-1.148536037503070789e-02,-5.860273167730310588e-03
3.217955568456701276e-02,0.000000000000000000e+00,5.632378417089921596e-01,9.999950196774094469e-01,0.000000000000000000e+00,3.156045053162972840e-03,0.000000000000000000e+00,-1.229632904256949377e+00,3.920611342391198518e-08,6.687056129941764152e-07,2.214638812333275197e+00,-8.043163093741002578e-01,7.083566163640973553e-07,-1.229632904256949377e+00,-3.920611342391174695e-08,-6.687056129942061672e-07,2.214638812333275197e+00,-8.043163093741002578e-01,-7.083566163641365306e-07,1.314818633067500090e-07,-4.807683018862798358e-08,4.317301761628922208e-01,-1.752490989837532709e+00,2.069393992413304517e-01,-2.110746523807508629e-02,-2.859131962977203012e-02,-1.422660886268169514e-02,1.849715981818850496e-01,2.525152190634733299e-02,-1.752490797384642862e+00,-2.069397752716684025e-01,2.110723210980110925e-02,-2.859161924742903427e-02,1.422675272302317655e-02,1.849717797049643120e-01,-2.525144893815324185e-02
3.453512267435958349e-02,0.000000000000000000e+00,5.674994753622664145e-01,9.999800771713469594e-01,0.000000000000000000e+00,6.312310225825370352e-03,0.000000000000000000e+00,-1.201408634985754009e+00,4.510281306549729271e-09,7.986042726162572354e-07,2.163503383032533200e+00,-7.807022366756617426e-01,8.467136999030386739e-07,-1.201408634985754009e+00,-4.510281306554248986e-09,-7.986042726161901080e-07,2.163503383032533200e+00,-7.807022366756617426e-01,-8.467136999029785345e-07,7.992018560027717489e-08,-4.040632832406257325e-08,4.203180319733619275e-01,-1.562450246719116809e+00,2.095814062094878139e-01,-3.335169559045975812e-02,-2.215665945463114184e-01,-2.001577716925657599e-02,3.307238252122749467e-01,3.987877889862291581e-02,-1.562450111206240333e+00,-2.095816754310232122e-01,3.335152193311059776e-02,-2.215668280258795420e-01,2.001594854598877371e-02,3.307239543559080674e-01,-3.987878323660696417e-02
3.707372214517372366e-02,0.000000000000000000e+00,5.727304495719617305e-01,9.999551708439450293e-01,0.000000000000000000e+00,9.468701202208586187e-03,0.000000000000000000e+00,-1.166212167572351577e+00,-1.145061520867254290e-08,3.676449516482539966e-07,2.098875029399482894e+00,-7.505571648366775594e-01,3.932889274309989198e-07,-1.166212167572351577e+00,1.145061520867306898e-08,-3.676449516482531496e-07,2.098875029399482894e+00,-7.505571648366775594e-01,-3.932889274309989198e-07,9.083929859649371660e-09,-2.602294398924270424e-08,4.088888609748878578e-01,-1.335740412620958661e+00,2.120789872541064547e-01,-4.195881124792325001e-02,-3.400406943256853443e-01,-2.295594821224231433e-02,3.688506574273437977e-01,4.643575951969040883e-02,-1.335740357488266694e+00,-2.120790861823409756e-01,4.195877401996711553e-02,-3.400407583191383809e-01,2.295607393032549418e-02,3.688506525088589005e-01,-4.643581264881070647e-02
3.980237527280545279e-02,0.000000000000000000e+00,5.788763129502174642e-01,9.999202999505094613e-01,0.000000000000000000e+00,1.262512363833576123e-02,0.000000000000000000e+00,-1.125351007211713217e+00,-2.736791297220695577e-08,3.877000884435808965e-07,2.024053340303267667e+00,-7.158937601895556391e-01,4.165903348223511953e-07,-1.125351007211713217e+00,2.736791297221219016e-08,-3.877000884436490827e-07,2.024053340303267667e+00,-7.158937601895556391e-01,-4.165903348224195932e-07,-5.290204866592239394e-09,-2.796580210156554704e-08,3.954271291089717089e-01,-1.109969586861037749e+00,2.140051854941570075e-01,-4.603738331805165562e-02,-3.481693812823457024e-01,-2.430789205594779956e-02,3.002663620329049654e-01,4.490636091411309011e-02,-1.109969555177734435e+00,-2.140052318067114934e-01,4.603736760466770744e-02,-3.481693833935147198e-01,2.430799007228325731e-02,3.002663072729299110e-01,-4.490640137623595068e-02
4.272810323305081814e-02,0.000000000000000000e+00,5.858826141091731943e-01,9.998754646398528845e-01,0.000000000000000000e+00,1.578148317612751428e-02,0.000000000000000000e+00,-1.079841884791545414e+00,-1.114659120777079925e-07,9.852973491440075989e-07,1.941745224515103674e+00,-6.784057061867521110e-01,1.059269191261441072e-06,-1.079841884791545414e+00,1.114659120776799345e-07,-9.852973491438364983e-07,1.941745224515103674e+00,-6.784057061867521110e-01,-1.059269191261273148e-06,-1.262397231061549221e-08,-4.238057677559438498e-08,3.823265790658769703e-01,-9.206799888457045666e-01,2.145486464216358469e-01,-4.476038277141355937e-02,-2.694496480489012025e-01,-2.550378999985765394e-02,1.775302939079389242e-01,3.786552374801421122e-02,-9.206799700338164083e-01,-2.145486530292295690e-01,4.476035848899525410e-02,-2.694496024924267208e-01,2.550388165352798428e-02,1.775301967815940685e-01,-3.786553740810026658e-02
4.585792720170581149e-02,0.000000000000000000e+00,5.936949016609678331e-01,9.998206659544064401e-01,0.000000000000000000e+00,1.893768545750366267e-02,0.000000000000000000e+00,-1.029990187750044139e+00,-1.682538787030381402e-07,1.040929688238958130e-06,1.853362284127468174e+00,-6.390753151025578838e-01,1.129436734651852196e-06,-1.029990187750044139e+00,1.682538787030409195e-07,-1.040929688239001540e-06,1.853362284127468174e+00,-6.390753151025578838e-01,-1.129436734651906618e-06,-2.644841013653246453e-08,-3.911821370398494946e-08,3.681821014021103289e-01,-7.755744226920319173e-01,2.123226134091837913e-01,-3.839661248865593873e-02,-1.187089910401853410e-01,-2.689147528308789836e-02,3.811732884865109278e-02,2.760461132194674816e-02,-7.755744414300109746e-01,-2.123225776384219665e-01,3.839662124889359207e-02,-1.187088845649337393e-01,2.689153106535151563e-02,3.811721821484944511e-02,-2.760460542831835382e-02
4.919886835456646623e-02,0.000000000000000000e+00,6.022587242177408484e-01,9.997559058301082047e-01,0.000000000000000000e+00,2.209363613848665947e-02,0.000000000000000000e+00,-9.782807236916047922e-01,-4.947038188384855201e-07,2.393458582706736694e-06,1.764636917849678577e+00,-6.010006800929531545e-01,2.607617832824052649e-06,-9.782807236916047922e-01,4.947038188384975903e-07,-2.393458582706817586e-06,1.764636917849678577e+00,-6.010006800929531545e-01,-2.607617832824129729e-06,-5.348790119384486686e-08,-6.311781406568565480e-08,3.561844358199378058e-01,-6.809525235009843414e-01,2.093952510864136030e-01,-3.045189860964983911e-02,3.292990650866889357e-02,-2.838915062267613476e-02,-6.605488364507065835e-02,1.903216229412468471e-02,-6.809525873653624606e-01,-2.093951606829516643e-01,3.045193291543520434e-02,3.293006602470484323e-02,2.838921284582477528e-02,-6.605503986667815575e-02,-1.903213260876255447e-02
5.275794786742879494e-02,0.000000000000000000e+00,6.115196303916315967e-01,9.996811870960696789e-01,0.000000000000000000e+00,2.524924090330143978e-02,0.000000000000000000e+00,-9.233883398712198209e-01,-6.137453849528876449e-07,2.390183890757472139e-06,1.673505702403972339e+00,-5.639107243548874271e-01,2.640470436401554894e-06,-9.233883398712198209e-01,6.137453849529377258e-07,-2.390183890757591570e-06,1.673505702403972339e+00,-5.639107243548874271e-01,-2.640470436401671784e-06,-5.288843341252727916e-08,-6.122984349758763803e-08,3.417066917422652006e-01,-6.114392692245376182e-01,2.056706459779721885e-01,-2.330677289176236178e-02,1.804437293849863455e-01,-2.933299060280766812e-02,-1.306258466629711124e-01,1.367460762734344290e-02,-6.114393582366266511e-01,-2.056705520461638015e-01,2.330680971856580186e-02,1.804439253415932587e-01,2.933304119559026341e-02,-1.306260209003402006e-01,-1.367456794330057859e-02
5.654218691608882408e-02,0.000000000000000000e+00,6.214231687947791016e-01,9.995965134740191216e-01,0.000000000000000000e+00,2.840440547846672173e-02,0.000000000000000000e+00,-8.717170118023038761e-01,-1.260336167866334539e-06,4.490653143483441527e-06,1.593296125691167742e+00,-5.339468892734043903e-01,4.965106816086312088e-06,-8.717170118023038761e-01,1.260336167866308916e-06,-4.490653143483294143e-06,1.593296125691167742e+00,-5.339468892734043903e-01,-4.965106816086204515e-06,-1.479890458638658414e-08,-3.272153574991599504e-08,3.266318039119224248e-01,-5.390742743889479494e-01,2.028892483293343041e-01,-2.224378959940207651e-02,2.428602085482565176e-01,-3.016631002359372940e-02,-1.216256752987960738e-01,1.516613996437153611e-02,-5.390743281384096086e-01,-2.028892147721057249e-01,2.224379030627878645e-02,2.428603318501477704e-01,3.016634430624404520e-02,-1.216257777948863278e-01,-1.516611584113424990e-02
6.055860667634254541e-02,0.000000000000000000e+00,6.319148880393228307e-01,9.995018895775231726e-01,0.000000000000000000e+00,3.155903564687306817e-02,0.000000000000000000e+00,-8.122159416656863362e-01,-7.336955780479290536e-07,2.155861447657914622e-06,1.504430248190979924e+00,-5.047676634799725948e-01,2.445105020750422589e-06,-8.122159416656863362e-01,7.336955780478465738e-07,-2.155861447657710487e-06,1.504430248190979924e+00,-5.047676634799725948e-01,-2.445105020750194314e-06,4.504028602089240198e-08,4.423523025861923537e-08,3.075447427485094032e-01,-4.151103426900726867e-01,2.010003492067348740e-01,-3.077922436517347912e-02,1.737774648231216745e-01,-3.180803585647545145e-02,-1.563954613063777213e-02,2.571183013439328272e-02,-4.151102577053202847e-01,-2.010004254787463029e-01,3.077918969652340686e-02,1.737772641924295314e-01,3.180802007205061482e-02,-1.563944422102672704e-02,-2.571187288743555233e-02
6.488396482957296818e-02,0.000000000000000000e+00,6.434564854969962999e-01,9.992271280019491275e-01,0.000000000000000000e+00,3.930835362841345049e-02,0.000000000000000000e+00,-7.637802857102777843e-01,-3.020935307626883175e-06,6.360698385430145676e-06,1.421049839947061910e+00,-4.691442313981754597e-01,7.053069243224809101e-06,-7.637802648797450411e-01,-2.922624770670374531e-06,6.136173095518485098e-06,1.421049810838607819e+00,-4.691442231199320356e-01,6.784083883410044481e-06,4.197345987126160881e-08,1.170541469078312226e-07,2.837863113789805825e-01,-2.117650506731734716e-01,2.152183326244053452e-01,-6.532649187253364298e-02,-1.356666190711035558e-01,-6.132213719162316751e-02,3.166227636792044997e-01,8.136070361125748163e-02,-2.117649823449561652e-01,-2.152184691879243106e-01,6.532653549045962238e-02,-1.356668464283651288e-01,6.132207644790224621e-02,3.166229406883253050e-01,-8.136084828506955080e-02
6.955362331275995180e-02,0.000000000000000000e+00,6.563609278135810188e-01,9.988922854740742707e-01,0.000000000000000000e+00,4.705530809994376562e-02,0.000000000000000000e+00,-7.099580196099130047e-01,-1.135951411277197459e-05,2.096125662839768892e-05,1.333603055920033587e+00,-4.344298155755368374e-01,2.384610862408657121e-05,-7.099579511128363274e-01,-1.131575096995608553e-05,2.087199735810060143e-05,1.333602963632786631e+00,-4.344297917527484842e-01,2.373639251464335119e-05,1.962473898970736009e-08,9.002776292844186693e-08,2.635744319045176254e-01,3.030479706144355648e-02,2.447981537515853678e-01,-1.030926299700881954e-01,-5.013976706289484664e-01,-1.252229507196840896e-01,6.768567193056761466e-01,1.734066718724112388e-01,3.030479805495880571e-02,-2.447982897813850700e-01,1.030927138619179145e-01,-5.013978535509386880e-01,1.252229791244750812e-01,6.768569164021801532e-01,-1.734068823121305836e-01
7.451250968509483263e-02,0.000000000000000000e+00,6.703506675122885561e-01,9.984973821271169170e-01,0.000000000000000000e+00,5.479943325705473323e-02,0.000000000000000000e+00,-6.500969183924426575e-01,-2.394283594128944847e-05,3.858995889147082993e-05,1.238203095399896148e+00,-3.977932424217568985e-01,4.542807929095647013e-05,-6.500967943756403855e-01,-2.378704289479306532e-05,3.831489777886793000e-05,1.238202935829313622e+00,-3.977932067479835188e-01,4.508055539719599568e-05,3.667203555210619342e-08,8.860705750474866926e-08,2.418139101404871982e-01,3.178987642029859617e-01,2.652823822878802584e-01,-1.283799251347279291e-01,-8.269440674075700937e-01,-2.023559490091812185e-01,9.427821414965096292e-01,2.811443494906722962e-01,3.178987658300104213e-01,-2.652825367138621493e-01,1.283799921646880671e-01,-8.269442320110099720e-01,2.023561143362212211e-01,9.427823058701012560e-01,-2.811447215119546872e-01
7.970555150576891235e-02,0.000000000000000000e+00,6.851481571163300366e-01,9.980424417055977493e-01,0.000000000000000000e+00,6.254026346545646375e-02,0.000000000000000000e+00,-5.850290967956203181e-01,-3.873688809188536051e-05,5.432051492120639022e-05,1.134182507329811296e+00,-3.577614115862944311e-01,6.671780001523100099e-05,-5.850289229631361332e-01,-3.873705119958243445e-05,5.432072367097899173e-05,1.134182296023791947e+00,-3.577613741127676494e-01,6.671806467743215919e-05,-2.535867428300663910e-09,2.100868647887185572e-08,2.220308461878972017e-01,7.400084900768870710e-01,3.456514167299281626e-01,-1.759693434456129080e-01,-1.047199999999999909e+00,-3.069962043750650293e-01,9.625376965724525835e-01,4.228972618195890321e-01,7.400084393046139075e-01,-3.456516939080795936e-01,1.759693908268010198e-01,-1.047199999999999909e+00,3.069966221062753742e-01,9.625376344703354681e-01,-4.228977040736980331e-01
8.507767633397357587e-02,0.000000000000000000e+00,7.004758491489169181e-01,9.975274915639118500e-01,0.000000000000000000e+00,7.027733328897588228e-02,0.000000000000000000e+00,-5.159282671617133609e-01,-5.339976438997295053e-05,6.503269296549153125e-05,1.022061336832134071e+00,-3.136530714067855552e-01,8.414740630125534142e-05,-5.159280590864592231e-01,-5.339999271005406732e-05,6.503294343340208978e-05,1.022061102134944610e+00,-3.136530447848642766e-01,8.414774476494236402e-05,-9.319422194507002442e-09,1.198170784327970648e-08,2.007315239927026373e-01,1.270470251439835385e+00,5.412236852347048766e-01,-2.936286300724621490e-01,-1.047199999999999909e+00,-2.968156617327441515e-01,5.809606219127552151e-01,5.291731463372978395e-01,1.270470106344644856e+00,-5.412242310708346160e-01,2.936288138243766110e-01,-1.047199999999999909e+00,2.968161192432288153e-01,5.809604199751383646e-01,-5.291737703405114956e-01
9.057381172890009713e-02,0.000000000000000000e+00,7.160561961332607694e-01,9.969525626646844607e-01,0.000000000000000000e+00,7.801017751754213414e-02,0.000000000000000000e+00,-4.434603843522710864e-01,-6.479541163182926818e-05,6.832970660426194802e-05,9.017556040742943368e-01,-2.647242014942100541e-01,9.417228763771912287e-05,-4.434601634311358676e-01,-6.472736174090244266e-05,6.825515915964980448e-05,9.017553777251928748e-01,-2.647241960627331747e-01,9.405998985834545232e-05,6.665010159260251440e-08,3.383458374102266544e-08,1.758760485355624348e-01,1.664335060242250197e+00,6.325091119429298026e-01,-3.697653034065345734e-01,-8.619522570628854741e-01,-2.148042665781828564e-01,1.878949338538135061e-01,5.298333775721340011e-01,1.664334920306419052e+00,-6.325096502439241375e-01,3.697657718038731001e-01,-8.619521323812632252e-01,2.148045237735136392e-01,1.878945798964905267e-01,-5.298341401536477147e-01
9.613888524973984717e-02,0.000000000000000000e+00,7.316116505925724933e-01,9.963176895769086938e-01,0.000000000000000000e+00,8.573833119515847367e-02,0.000000000000000000e+00,-3.684521321580017106e-01,-6.952012374877851615e-05,6.323384105998985124e-05,7.739088125386017758e-01,-2.107589240045562584e-01,9.401762103690784452e-05,-3.684519232449048887e-01,-6.892226965864835860e-05,6.267318456185295723e-05,7.739086231609805244e-01,-2.107589435646467502e-01,9.311290713377625696e-05,6.502365412258204168e-08,3.799182182761001807e-09,1.537598711206290825e-01,1.859065867078341983e+00,6.199165260818854106e-01,-3.957100922957879074e-01,-5.614265794934485410e-01,-2.086915776298839398e-01,-7.318853590077205318e-02,4.833791861684165192e-01,1.859065638321923286e+00,-6.199170437190958394e-01,3.957106324579554579e-01,-5.614264104580902748e-01,2.086918865814524904e-01,-7.318888684466215433e-02,-4.833798326280003277e-01
1.017178244556841693e-01,0.000000000000000000e+00,7.468646650500638806e-01,9.956229104738673064e-01,0.000000000000000000e+00,9.346132964785897057e-02,0.000000000000000000e+00,-2.910488891400698774e-01,-6.331687211268118628e-05,4.932019831945410915e-05,6.379589648096591903e-01,-1.511215794246510979e-01,8.032111739070850129e-05,-2.910487189695852295e-01,-6.236536374030805937e-05,4.856010200599999679e-05,6.379588322629790031e-01,-1.511216170969426897e-01,7.897784257988563650e-05,6.184843308891039626e-08,-1.332124991680413698e-08,1.318867497447966108e-01,1.906342110726500838e+00,5.670990661195551841e-01,-4.077614742835262152e-01,-2.517926871619832752e-01,-2.562276999356236096e-01,-1.928033349055585655e-01,4.183643129360157253e-01,1.906341861649061498e+00,-5.670995006839038011e-01,4.077620512770570027e-01,-2.517925125135013209e-01,2.562280706530333241e-01,-1.928036557561342013e-01,-4.183648068951125176e-01
1.072555569059243513e-01,0.000000000000000000e+00,7.615376920289461671e-01,9.948682671308373138e-01,0.000000000000000000e+00,1.011787085116479801e-01,0.000000000000000000e+00,-2.133696733716972938e-01,-4.292880483519480696e-05,2.845103438305744228e-05,4.978723953736212682e-01,-8.753319026347007592e-02,5.169587303389167233e-05,-2.133695701490725682e-01,-3.970598595329744663e-05,2.625883050578648202e-05,4.978723267796173468e-01,-8.753322516497667738e-02,4.741425243074694310e-05,7.519122228985061084e-08,-1.513386161397916436e-08,1.093936433159043431e-01,1.889487315147639457e+00,5.152666849802732818e-01,-4.117198153530909344e-01,7.994107500855787696e-03,-3.241694687993698643e-01,-1.957981908862211906e-01,3.578633776217539086e-01,1.889487079251867208e+00,-5.152670132494105992e-01,4.117204491339386263e-01,7.994316201356467533e-03,3.241699103030419860e-01,-1.957985330519364520e-01,-3.578637701395515625e-01
1.126970101596517643e-01,0.000000000000000000e+00,7.753531840524305885e-01,9.940538049225783324e-01,0.000000000000000000e+00,1.088900037604213500e-01,0.000000000000000000e+00,-1.396325457687632166e-01,-4.986073500782052401e-06,2.814270970263832802e-06,3.620934803571665417e-01,-2.423261438884264513e-02,6.258255054579866562e-06,-1.396325396943549901e-01,4.209863043020396559e-06,-2.548860609173929752e-06,3.620934676550907061e-01,-2.423260882295479035e-02,-5.394690428892676799e-06,4.837225891754023530e-08,-1.581508018099498487e-08,8.915585985994387008e-02,1.852540735384047066e+00,4.844666774235543150e-01,-4.125046373117075005e-01,1.842618105182473598e-01,-4.001858381312015100e-01,-9.856587069183467276e-02,3.238639575621997668e-01,1.852540509374063449e+00,-4.844670058915833133e-01,4.125052803889549535e-01,1.842620211091443305e-01,4.001863590545096661e-01,-9.856619256405267648e-02,-3.238642943721544154e-01
1.180617826173687712e-01,0.000000000000000000e+00,7.884554435954853613e-01,9.926786804277671905e-01,0.000000000000000000e+00,1.207850877558442060e-01,0.000000000000000000e+00,-7.108428811727286745e-02,5.213089777612977524e-05,2.466204389437299152e-05,2.119055709582101654e-01,6.160581694972189909e-02,7.293632465928772920e-05,-7.108432463040992300e-02,6.543258284837171845e-05,1.799003779483137068e-05,2.119061550027676877e-01,6.160526696898960958e-02,5.665988329146633726e-05,9.859804310477023747e-08,-1.302624129243904589e-08,8.520307224457418505e-02,1.796775074768738323e+00,4.201318737025392935e-01,-4.060502548757614627e-01,4.393134016007153586e-01,-3.864008180088163158e-01,-2.112654820496453201e-01,2.563628045673306266e-01,1.796774861823809077e+00,-4.201319816004306928e-01,4.060509171530188310e-01,4.393137565226377106e-01,3.864013285387190022e-01,-2.112658490528122324e-01,-2.563630224420477277e-01
1.234178744401930455e-01,0.000000000000000000e+00,8.012124657127256411e-01,9.911612217023385574e-01,0.000000000000000000e+00,1.326628531033755831e-01,0.000000000000000000e+00,-1.486056286957931558e-02,9.650461269581768844e-05,6.014380522797048678e-05,8.830620129128040341e-02,1.336163340576023428e-01,1.514618695725497414e-04,-1.486114799731282424e-02,1.344257742498758293e-04,4.322700305012861551e-05,8.830858400063290592e-02,1.336145269408387792e-01,1.061578415835675036e-04,1.173372376352490082e-07,-1.142233248033775777e-08,8.311109827869866962e-02,1.760919298672608324e+00,3.734845289890887376e-01,-4.001764582055918340e-01,6.327880040380281512e-01,-3.804981836322168798e-01,-2.956622177697980081e-01,2.123391472234357480e-01,1.760919071363488575e+00,-3.734845073994395581e-01,4.001771104044378191e-01,6.327884942551915692e-01,3.804986962237577042e-01,-2.956626192109712559e-01,-2.123392792550638231e-01
1.287828158282388336e-01,0.000000000000000000e+00,8.136822417968323506e-01,9.895016463255801309e-01,0.000000000000000000e+00,1.445215967216197106e-01,0.000000000000000000e+00,2.497101409956560200e-02,1.401094777434324843e-04,1.018233034267513665e-04,6.922263360063219846e-06,1.870372563199390603e-01,2.305810537760230431e-04,2.497189762679384584e-02,2.119451105372151007e-04,7.231334769673962871e-05,6.905309265183533218e-06,1.870363612581362467e-01,1.458926010687587626e-04,7.229840208836803411e-16,-2.648252904455941255e-17,8.841012342961190873e-02,1.724143829308903531e+00,3.278009686794192135e-01,-3.931776443637050589e-01,8.218088563427699000e-01,-3.773332330093415177e-01,-3.840084078183579885e-01,1.724692557232294920e-01,1.724143735998258098e+00,-3.278011872795528192e-01,3.931782420979418324e-01,8.218089081128050477e-01,3.773337502677917565e-01,-3.840085384703049720e-01,-1.724694665733782772e-01
1.341741369816207563e-01,0.000000000000000000e+00,8.259227632404878561e-01,9.877001922540323831e-01,0.000000000000000000e+00,1.563596182565934190e-01,0.000000000000000000e+00,2.367651783016362643e-02,2.008815339448050401e-04,1.360049745375439595e-04,6.923984832809765341e-06,1.930109352058755334e-01,2.925282508071204760e-04,2.367773849281272838e-02,2.957448089634982053e-04,9.643898376450911870e-05,6.896079232683352275e-06,1.930097005576147107e-01,1.804536267622646622e-04,-2.267311332825500490e-17,-7.768589009297611304e-18,8.734683127605831487e-02,1.760071606327435090e+00,3.240101874970430784e-01,-3.971722108583499722e-01,8.332863246593116280e-01,-3.790830475987143067e-01,-3.818200849340518954e-01,1.751944257210972244e-01,1.760071512947681382e+00,-3.240104034956675094e-01,3.971728123216763939e-01,8.332863764679735441e-01,3.790835703482197672e-01,-3.818202149605234852e-01,-1.751946338053088081e-01
1.396093681004530185e-01,0.000000000000000000e+00,8.379920214363735242e-01,9.857571177873687418e-01,0.000000000000000000e+00,1.681752203255272582e-01,0.000000000000000000e+00,2.299990266758731097e-02,2.834849923602175714e-04,1.641783506475105790e-04,6.931377107712640477e-06,1.981875033100976291e-01,3.301807250539063590e-04,2.300141746412012050e-02,3.867733366832078212e-04,1.205191820974772771e-04,6.885309854127508446e-06,1.981859811793032222e-01,2.079163519921387710e-04,-3.009578356716938688e-17,6.976500727503578082e-18,8.628353909604323524e-02,1.830636844552431697e+00,3.395879697489454507e-01,-4.070384624451609534e-01,7.634638943487317420e-01,-3.824870575990558241e-01,-3.415422089244731230e-01,1.966955518439391093e-01,1.830636740276376573e+00,-3.395882082696624060e-01,4.070390699425366354e-01,7.634639477540940966e-01,3.824875843346434712e-01,-3.415423523512612358e-01,-1.966957816354340527e-01
1.451060393848499497e-01,0.000000000000000000e+00,8.499480077771709441e-01,9.836727015313605493e-01,0.000000000000000000e+00,1.799667087602450366e-01,0.000000000000000000e+00,2.310968277211531210e-02,3.924981002718658111e-04,1.843255381945764916e-04,6.945688533023368010e-06,2.024075818982432884e-01,3.383896093879899141e-04,2.311139738073431441e-02,4.900030275880712903e-04,1.426485608219783959e-04,6.871407833360202362e-06,2.024058801634848193e-01,2.227789536483123643e-04,-3.515684011102020057e-17,-7.885325691313192240e-18,8.522024691359984805e-02,1.917660808253953908e+00,3.655682238009110296e-01,-4.183629575943046408e-01,6.588498889289062799e-01,-3.880188322011527413e-01,-2.874722768684965235e-01,2.256469095227139343e-01,1.917660687332695346e+00,-3.655684966989575235e-01,4.183635727523201675e-01,6.588499451341581770e-01,3.880193637851467869e-01,-2.874724414425284258e-01,-2.256471723086782011e-01
1.506816810349259905e-01,0.000000000000000000e+00,8.618487136555617045e-01,9.814472423579286842e-01,0.000000000000000000e+00,1.917323928500794805e-01,0.000000000000000000e+00,2.418441033346999808e-02,5.328407872269975932e-04,1.943814064705088706e-04,6.968203030179991775e-06,2.055003397443428692e-01,3.115801469688017069e-04,2.418616890774051911e-02,6.105835626620959977e-04,1.608657336056618125e-04,6.852680525622969890e-06,2.054986325003277658e-01,2.192797000057398007e-04,1.238720222391899420e-17,-1.532572838819456748e-18,8.415695473251041947e-02,2.007556890941804006e+00,3.955103165307454205e-01,-4.281640581872012685e-01,5.514303102294970671e-01,-3.958229564148894597e-01,-2.349403909414566338e-01,2.541645403104412781e-01,2.007556751991006028e+00,-3.955106256952570232e-01,4.281646809392889996e-01,5.514303698698370670e-01,3.958234934293746732e-01,-2.349405794040985984e-01,-2.541648375003652816e-01
1.563538232507953873e-01,0.000000000000000000e+00,8.737521304642272835e-01,9.790810593622903957e-01,0.000000000000000000e+00,2.034705855842932065e-01,0.000000000000000000e+00,2.574547970644016845e-02,6.941569741384785676e-04,1.921016925869198041e-04,1.017223697005392464e-03,2.065763427063217472e-01,2.498446555411830655e-04,2.574702903055283223e-02,7.412666102047567058e-04,1.715887401943743513e-04,1.017138289529796518e-03,2.065748186116005414e-01,1.937231846814073215e-04,-7.455340583141382449e-08,-2.424340680435198389e-09,8.793105391022142114e-02,2.067738944898894982e+00,4.131663775359620261e-01,-4.335692758766365174e-01,4.986396577781743722e-01,-4.025440218217951616e-01,-2.106434334318803836e-01,2.667523597857698325e-01,2.067738850383947113e+00,-4.131668807633697704e-01,4.335698425148804547e-01,4.986395008636592130e-01,4.025445713661348068e-01,-2.106435331754278883e-01,-2.667527362156721371e-01
1.621399962325725252e-01,0.000000000000000000e+00,8.857162495958492698e-01,9.765744918172062361e-01,0.000000000000000000e+00,2.151796038939691458e-01,0.000000000000000000e+00,2.859119454637161148e-02,9.079635748080621717e-04,1.769026332747287663e-04,2.288730327473328507e-03,2.063022214471866012e-01,1.399517402506481891e-04,2.859219861576228414e-02,9.091662578696838200e-04,1.762169520966715304e-04,2.288733652057547540e-03,2.063011675954846968e-01,1.382869550010987604e-04,-1.001962654167952021e-07,-1.046325127527272085e-08,8.829247878716051101e-02,2.136053493447605867e+00,4.392438800134749188e-01,-4.374027702818848451e-01,4.303583709507037280e-01,-4.141584952975659317e-01,-1.742490985125221270e-01,2.815537487860881316e-01,2.136053416422175832e+00,-4.392444894715051840e-01,4.374033118891425542e-01,4.303581005624255718e-01,4.141590672533909112e-01,-1.742491552537906996e-01,-2.815541717771779529e-01
1.680577301803717616e-01,0.000000000000000000e+00,8.977990624431094746e-01,9.739278991243335293e-01,0.000000000000000000e+00,2.268577688933356429e-01,0.000000000000000000e+00,-3.352273194336946593e-02,1.196333501919643379e-03,6.655281382262831502e-05,1.457890994026738163e-01,1.293016357317356702e-01,-3.171960665861497106e-05,-3.352861938799986397e-02,1.148470793011607729e-03,9.116265098623772692e-05,1.458015715873395013e-01,1.292950836257268643e-01,2.702717467612460555e-05,-1.931798196893497860e-10,-6.745701439923055489e-11,8.097553755712730283e-02,2.217520407778425628e+00,4.811064807914588459e-01,-4.373048443976892963e-01,3.294557071906055734e-01,-4.363609709905300615e-01,-1.109548909716800286e-01,3.035253708145871365e-01,2.217520229953637401e+00,-4.811068715428263864e-01,4.373054894667713910e-01,3.294557763688738539e-01,4.363615319587738628e-01,-1.109551458465737189e-01,-3.035257380662816917e-01
1.741031489857941261e-01,0.000000000000000000e+00,9.099990960049153532e-01,9.681179079496592399e-01,0.000000000000000000e+00,2.504949426778416699e-01,0.000000000000000000e+00,-1.807935091513604708e-01,1.679947077475289633e-03,3.801427217755212751e-04,4.032259874017862233e-01,3.935505047165815951e-02,1.908241066128700363e-04,-1.807906552462221206e-01,1.657565685786320693e-03,3.980937045718316758e-04,4.032286680746791085e-01,3.935298778682837229e-02,2.222195401384573796e-04,1.464664957562088916e-08,3.155525275637180021e-09,9.802434369744753018e-02,2.172132497517890393e+00,4.629598635897290704e-01,-4.350051714397845104e-01,4.012672127837741409e-01,-4.367741291213861898e-01,-1.070860377325386914e-01,2.931293841672536482e-01,2.172132314733672853e+00,-4.629601860609528496e-01,4.350058345545891325e-01,4.012673440739677466e-01,4.367746965492143585e-01,-1.070863121719602268e-01,-2.931297133273776390e-01
1.802559197884995024e-01,0.000000000000000000e+00,9.222553927252868933e-01,9.617343340392825457e-01,0.000000000000000000e+00,2.739837052271862916e-01,0.000000000000000000e+00,-2.543027887679383259e-01,2.258417489168398906e-03,6.257031958421758328e-04,5.152259874017861563e-01,1.523750343770232697e-02,2.743156566391974620e-04,-2.542954993710483391e-01,2.236133170442599662e-03,6.476078486917965496e-04,5.152286680746791525e-01,1.523668176093135804e-02,3.081769118650999877e-04,4.391906499141829424e-08,3.717791416466999064e-09,1.124190807363558697e-01,2.142401837034136669e+00,4.559339328119160206e-01,-4.307285599475181859e-01,4.491292837719966791e-01,-4.401705197575875306e-01,-9.900274174849636732e-02,2.846939098587153993e-01,2.142401640380946048e+00,-4.559341783656871705e-01,4.307292538313494679e-01,4.491294858571209803e-01,4.401710921544056410e-01,-9.900303548102754037e-02,-2.846941984035604722e-01
1.865088876606902368e-01,0.000000000000000000e+00,9.345367171645733162e-01,9.547809594818902346e-01,0.000000000000000000e+00,2.973101401076677086e-01,0.000000000000000000e+00,-3.312293800918451603e-01,3.036539285313081746e-03,7.722234680265446533e-04,6.503351289208620933e-01,-1.091665980338620348e-02,2.960980590761259999e-04,-3.312203166983679892e-01,3.027925201300467068e-03,7.830772826129313996e-04,6.503311586751268081e-01,-1.091865501372367257e-02,3.111340677396935944e-04,4.326071600617334307e-08,7.781455097844545808e-09,1.316554272980557660e-01,2.103448539664166894e+00,4.480441100850058866e-01,-4.239396505443014940e-01,5.165117720248835198e-01,-4.438562191610204155e-01,-9.781901825810226936e-02,2.681582973364838862e-01,2.103448346460793594e+00,-4.480443190385723917e-01,4.239403450645102822e-01,5.165120093149601077e-01,4.438567984426864399e-01,-9.781932542590547619e-02,-2.681585607419685879e-01
1.928548976745687316e-01,0.000000000000000000e+00,9.468118338831241765e-01,9.472619039570877586e-01,0.000000000000000000e+00,3.204604270601802973e-01,0.000000000000000000e+00,-3.849944615056142272e-01,3.776315156693611352e-03,8.215651495825663977e-04,7.402833194626379232e-01,-2.520908916238937328e-02,2.303843026973107205e-04,-3.849851334104078537e-01,3.768016258092991757e-03,8.336910811777466105e-04,7.402778109184396937e-01,-2.521210868352907059e-02,2.462123114380190304e-04,5.455442856710796462e-08,8.774990466382590222e-09,1.476985041410706911e-01,2.076112816123141691e+00,4.472340302491208397e-01,-4.169006749175708237e-01,5.653169208967987469e-01,-4.487134151340219645e-01,-9.372572196282433210e-02,2.538182290053828671e-01,2.076112620168609091e+00,-4.472341979903219356e-01,4.169013814003327822e-01,5.653171923385087450e-01,4.487139999549636382e-01,-9.372603571538072609e-02,-2.538184653093181198e-01
1.992867949023374441e-01,0.000000000000000000e+00,9.590495074412890286e-01,9.391816222946043347e-01,0.000000000000000000e+00,3.434208501883297959e-01,0.000000000000000000e+00,-4.375999514026641113e-01,4.585176051361190309e-03,7.814307420004902973e-04,8.303045556226443802e-01,-3.942239169188014453e-02,1.161510946828077433e-04,-4.375913970923968055e-01,4.578294886667324745e-03,7.934540622895919649e-04,8.302998637339141785e-01,-3.942637786178397608e-02,1.310243858819097975e-04,6.355811909477734937e-08,1.150550514335403806e-08,1.649869736163341039e-01,2.046821112553511401e+00,4.481877407074853492e-01,-4.088848656982040364e-01,6.183801005509577120e-01,-4.539191241168720192e-01,-9.037858196601508687e-02,2.364974007692977054e-01,2.046820912644791157e+00,-4.481878640074063447e-01,4.088855815058929921e-01,6.183804150713300141e-01,4.539197133110838278e-01,-9.037890917332148943e-02,-2.364976095350327379e-01
2.057974244161988875e-01,0.000000000000000000e+00,9.712185023994176492e-01,9.305449018349313262e-01,0.000000000000000000e+00,3.661778060847188931e-01,0.000000000000000000e+00,-4.872850999859143495e-01,5.395188157380018286e-03,6.677855452556588243e-04,9.174789189602301498e-01,-5.260395404576893863e-02,-2.016517487126103064e-05,-4.872781056503560637e-01,5.389875965693621124e-03,6.790000255425494369e-04,9.174759425315036632e-01,-5.260845968613717810e-02,-6.877963418450487815e-06,7.074015301247119294e-08,1.416409644930138686e-08,1.824870898427655153e-01,2.016233910785495187e+00,4.501871645881158623e-01,-4.007336537375529861e-01,6.732343512182989986e-01,-4.588020686731477116e-01,-8.729352007959281790e-02,2.177478866852249340e-01,2.016233705645807728e+00,-4.501872455851804733e-01,4.007343763535863301e-01,6.732347101925520994e-01,4.588026617896793780e-01,-8.729386125219847081e-02,-2.177480673744666140e-01
2.123796312883553528e-01,0.000000000000000000e+00,9.832875833178592595e-01,9.213568595929573224e-01,0.000000000000000000e+00,3.887178118905841306e-01,0.000000000000000000e+00,-5.358477491908059109e-01,6.180380945725754728e-03,5.062266972211975800e-04,1.002534325769935286e+00,-6.484791288822369659e-02,-1.455244882691208931e-04,-5.358427818538955556e-01,6.176287805492741874e-03,5.168954307224560372e-04,1.002533189926018364e+00,-6.485231603152991076e-02,-1.333210710774116901e-04,7.684465637050227668e-08,1.626459206638011856e-08,2.000503763636485577e-01,1.983880289089474669e+00,4.526366837424539158e-01,-3.929629913586953349e-01,7.286180709224320262e-01,-4.630728435496093143e-01,-8.300380624531554508e-02,1.988713251342542065e-01,1.983880076974270823e+00,-4.526367249844503449e-01,3.929637188725637609e-01,7.286184749383003423e-01,4.630734402620645396e-01,-8.300416074072952677e-02,-1.988714770087590955e-01
2.190262605910093807e-01,0.000000000000000000e+00,9.952255147569635252e-01,9.116229392262799047e-01,0.000000000000000000e+00,4.110275132840118251e-01,0.000000000000000000e+00,-5.854808692472855958e-01,6.924370349939080321e-03,3.242060039380191333e-04,1.087393452654338510e+00,-7.638390937294259331e-02,-2.208450032182050033e-04,-5.854780442441870347e-01,6.921186218077748746e-03,3.349268837780388546e-04,1.087393773373025452e+00,-7.638753463770604768e-02,-2.089334967191851656e-04,8.055979706731894227e-08,1.721866237987153433e-08,2.177502497426968275e-01,1.949468281840385453e+00,4.551349733628623495e-01,-3.860288216308380704e-01,7.825287335990692705e-01,-4.665823038878175733e-01,-7.565129329340086750e-02,1.813370583114778389e-01,1.949468061848499634e+00,-4.551349822329188166e-01,3.860295512679918217e-01,7.825291782930842155e-01,4.665829041701537450e-01,-7.565165819534218350e-02,-1.813371821048355148e-01
2.257301573963633456e-01,0.000000000000000000e+00,1.007001061277080334e+00,9.013489078099906626e-01,0.000000000000000000e+00,4.330936923920006842e-01,0.000000000000000000e+00,-6.383927637342353689e-01,7.618486246600655529e-03,1.523967532803576419e-04,1.174305249907696025e+00,-8.741440265327225789e-02,-2.004997708595671296e-04,-6.383917542991166538e-01,7.616070083056662200e-03,1.638787747290078127e-04,1.174306191842991343e+00,-8.741659415476045469e-02,-1.880411743704527938e-04,7.861818334589013758e-08,1.588760766153812190e-08,2.357916221056147454e-01,1.913300097484075257e+00,4.576050449470284165e-01,-3.803334601063712017e-01,8.315011685154867216e-01,-4.693949340103762968e-01,-6.279466776301982633e-02,1.669174368502258088e-01,1.913299871781654948e+00,-4.576050398940133546e-01,3.803341874142063816e-01,8.315016362317844134e-01,4.693955386424587539e-01,-6.279503403118597005e-02,-1.669175370055402119e-01
2.324841667766197328e-01,0.000000000000000000e+00,1.018582987438558352e+00,8.905408524198461517e-01,0.000000000000000000e+00,4.549032756216798146e-01,0.000000000000000000e+00,-6.967727532975904747e-01,8.264548382367790241e-03,2.752037667616116291e-05,1.265543413161084541e+00,-9.805371013367972233e-02,-2.962914775984676775e-05,-6.967726542047091298e-01,8.262967453366854009e-03,4.055124529777860210e-05,1.265543672037351186e+00,-9.805392241019397770e-02,-1.574771220598037216e-05,6.589410263720173064e-08,1.053179398590922158e-08,2.544953984117357959e-01,1.876427340895911566e+00,4.603408715168562648e-01,-3.761923621747984003e-01,8.703064654134660127e-01,-4.718764957059542464e-01,-4.124927993646105434e-02,1.577140364757513014e-01,1.876427117724397409e+00,-4.603408886409391942e-01,3.761930806651068160e-01,8.703069144743127428e-01,4.718771070682992730e-01,-4.124962716910049454e-02,-1.577141239972030817e-01
2.393107345299932409e-01,0.000000000000000000e+00,1.030066464026943684e+00,8.764623363476928830e-01,0.000000000000000000e+00,4.814704279225711092e-01,0.000000000000000000e+00,-7.743446287477211420e-01,9.055536735239779964e-03,4.217314804497488377e-05,1.366419131107679652e+00,-1.013823572162975695e-01,-2.156050626718568873e-04,-7.743436254961715282e-01,9.055738422410778907e-03,5.972803498027678070e-05,1.366417959094568202e+00,-1.013820291375958221e-01,-1.972697136614388078e-04,7.277872623914132117e-08,8.690285392893390642e-09,2.722819656536113464e-01,1.828055013454215727e+00,4.566797966784391094e-01,-3.689684216431116104e-01,9.114326138604491589e-01,-4.769334153648217001e-01,-1.436318344895564682e-02,1.561016064487993904e-01,1.828054783034438913e+00,-4.566797900032816826e-01,3.689691433975574308e-01,9.114330896651025027e-01,4.769340293864149372e-01,-1.436353162313618731e-02,-1.561016687141509596e-01
2.462297504695044881e-01,0.000000000000000000e+00,1.041536756008657694e+00,8.615914823752212071e-01,0.000000000000000000e+00,5.076023221957016718e-01,0.000000000000000000e+00,-8.656929918997098294e-01,9.928916714116806791e-03,2.995196436156047779e-05,1.496415848454232700e+00,-1.118067122103613698e-01,-3.121341070264351761e-04,-8.656906491376150647e-01,9.930490402240676681e-03,4.138228018051258439e-05,1.496412802809781839e+00,-1.118053535104618912e-01,-3.000807385142431269e-04,3.873006465303493061e-08,4.944723388893319470e-09,2.941935966121594359e-01,1.783049001283222745e+00,4.575389573326354986e-01,-3.603954079204189087e-01,9.424318329730384525e-01,-4.840659909868931798e-01,1.658390175782147730e-02,1.551668738720075602e-01,1.783048803258081128e+00,-4.575390214788229715e-01,3.603961071700972352e-01,9.424322157196790561e-01,4.840666211897001747e-01,1.658359737688405722e-02,-1.551669517627932982e-01
2.532302256895644366e-01,0.000000000000000000e+00,1.052947769215365037e+00,8.459417340250151573e-01,0.000000000000000000e+00,5.332753347331475879e-01,0.000000000000000000e+00,-9.517346686799224020e-01,1.076459432046612472e-02,1.312452844840196218e-05,1.620972963597011374e+00,-1.278533543753263557e-01,-3.093063068252024212e-04,-9.517315292688800499e-01,1.076704435165357771e-02,2.399410359083312049e-05,1.620967352360009439e+00,-1.278507390084453743e-01,-2.976907824849126167e-04,-5.669807639482123435e-09,-6.780934187045665220e-09,3.152616249367371504e-01,1.758380079889469094e+00,4.675903273390665804e-01,-3.518029819268186364e-01,9.421822141886094792e-01,-4.943206673989736233e-01,5.440580247992510277e-02,1.581039619939499374e-01,1.758379945846410886e+00,-4.675905262023843378e-01,3.518036583309025467e-01,9.421823811768249568e-01,4.943213228393240621e-01,5.440560585038835967e-02,-1.581040899262895205e-01
2.603011712845840764e-01,0.000000000000000000e+00,1.064253409478730594e+00,8.295272389543486558e-01,0.000000000000000000e+00,5.584662566644247317e-01,0.000000000000000000e+00,-1.034459654156849595e+00,1.163408815657606017e-02,-3.088619294380836454e-06,1.745403838264736329e+00,-1.477412438937852901e-01,-2.289905312722892515e-04,-1.034456045493432619e+00,1.163770111481567289e-02,8.295989039500224210e-06,1.745396586890569868e+00,-1.477375065009253197e-01,-2.165690617061281963e-04,-4.033298333351206865e-08,-1.618259288673857191e-08,3.355680213864886130e-01,1.748404384689125957e+00,4.848079292422939890e-01,-3.424777317357201589e-01,9.200410288004126080e-01,-5.077355383637470743e-01,9.876065092732125295e-02,1.638639054945508211e-01,1.748404328249185680e+00,-4.848082538866321234e-01,3.424783875679361933e-01,9.200409558955984224e-01,5.077362268876944862e-01,9.876056903224109118e-02,-1.638641004351621411e-01
2.674315983489743420e-01,0.000000000000000000e+00,1.075407582630418579e+00,8.123628361654463559e-01,0.000000000000000000e+00,5.831523149377290105e-01,0.000000000000000000e+00,-1.111456841722439082e+00,1.254489900808480191e-02,-1.025112434572458809e-05,1.866713051606725182e+00,-1.700276367988465542e-01,-9.517811675523068951e-05,-1.111453060609894239e+00,1.254966788940713521e-02,1.386951874413866370e-06,1.866704842306490253e+00,-1.700231864501303425e-01,-8.212565947015566619e-05,-5.361902792834634721e-08,-1.939075107775201438e-08,3.545360808164915167e-01,1.747131960803831152e+00,5.056449119959739447e-01,-3.322609821000209740e-01,8.897051866509103624e-01,-5.230251344626135612e-01,1.440400979871095666e-01,1.699220905719458219e-01,1.747131960550488472e+00,-5.056453030008424276e-01,3.322616246543638185e-01,8.897049606015751122e-01,5.230258527666391544e-01,1.440400825662753459e-01,-1.699223377417119207e-01
2.746105179771464733e-01,0.000000000000000000e+00,1.086364194502093650e+00,7.944640425907563142e-01,0.000000000000000000e+00,6.073111929071890458e-01,0.000000000000000000e+00,-1.180374683317781059e+00,1.348782217132288123e-02,-4.396958979525767706e-06,1.981529265779091276e+00,-1.934451449978073223e-01,5.740950547848130910e-05,-1.180370911098440168e+00,1.349374068843787154e-02,7.315128544022248012e-06,1.981520905808992872e+00,-1.934405883303280671e-01,7.099383943389033468e-05,-4.362520043527984827e-08,-1.573629707015957173e-08,3.721742060576487265e-01,1.746373662720865028e+00,5.257088466447878972e-01,-3.216709348558638437e-01,8.673731023113008254e-01,-5.379033967360717927e-01,1.838453342462014750e-01,1.730187740909651106e-01,1.746373673370733570e+00,-5.257092246985497486e-01,3.216715793115035305e-01,8.673728697428131351e-01,5.379041279398968367e-01,1.838453120322700307e-01,-1.730190338554842000e-01
2.818269412635113214e-01,0.000000000000000000e+00,1.097077150925420463e+00,7.758470390653594562e-01,0.000000000000000000e+00,6.309210505075216746e-01,0.000000000000000000e+00,-1.236018600110269761e+00,1.435298424231650112e-02,4.887574037478014742e-06,2.075230517968373878e+00,-2.147047410106746046e-01,1.478830287207542026e-04,-1.236015405591049943e+00,1.436565086499105859e-02,2.701735332844512426e-05,2.075222770534871142e+00,-2.147004944256885872e-01,1.741430852109900410e-04,-2.143792048004300306e-08,-1.096571574799439136e-08,3.879315128841199778e-01,1.737693538191462439e+00,5.394096415162489278e-01,-3.126276605873875014e-01,8.685523642050643200e-01,-5.486153101609360094e-01,2.104901930475084615e-01,1.701529271193392978e-01,1.737693524876173790e+00,-5.394099615615867149e-01,3.126283219543968261e-01,8.685522158572495099e-01,5.486160360045714279e-01,2.104901291129483154e-01,-1.701531630135215967e-01
2.890698793024797375e-01,0.000000000000000000e+00,1.107500357732062790e+00,7.565286556992005806e-01,0.000000000000000000e+00,6.539605439978474211e-01,0.000000000000000000e+00,-1.286564742052456634e+00,1.526235198890052436e-02,2.076312049159855519e-05,2.167749824501663980e+00,-2.347695041747613343e-01,2.007369784279227991e-04,-1.286562315412717039e+00,1.527893397180992222e-02,4.540361833662640684e-05,2.167743528941012965e+00,-2.347662021642768215e-01,2.312663871783768072e-04,2.094404092772329599e-08,2.199265451984051215e-09,4.035824387674605829e-01,1.717398410020533506e+00,5.482215304586431914e-01,-3.047913146750138025e-01,8.923307857231494999e-01,-5.561238533320602695e-01,2.311359093515571173e-01,1.622269451295021148e-01,1.717398345288911221e+00,-5.482217232723529676e-01,3.047920111122761067e-01,8.923308172504387237e-01,5.561245581682341399e-01,2.311357605614335342e-01,-1.622271248030217605e-01
2.963283431884631280e-01,0.000000000000000000e+00,1.117587720753686398e+00,7.365263566623633240e-01,0.000000000000000000e+00,6.764088452568205456e-01,0.000000000000000000e+00,-1.328641245013054917e+00,1.611578441138550311e-02,2.911083466404465090e-05,2.249577820497846492e+00,-2.493051373193779785e-01,1.535976494119094477e-04,-1.328639981540544968e+00,1.613362601783072808e-02,5.194167510441759629e-05,2.249573798069082198e+00,-2.493031877769617544e-01,1.833293804673626721e-04,8.115974951536087438e-08,2.171583287647059142e-08,4.182456542277003808e-01,1.680636269301064578e+00,5.491799418700582525e-01,-2.997027143882221578e-01,9.440592804331227050e-01,-5.583067742367001651e-01,2.440439637403228612e-01,1.494256996621919631e-01,1.680636119847057408e+00,-5.491799426975598752e-01,2.997034601573617119e-01,9.440595953452917133e-01,5.583074409520060177e-01,2.440436861204535735e-01,-1.494257858657659921e-01
3.035913440158722887e-01,0.000000000000000000e+00,1.127293145821955056e+00,7.158582243971437498e-01,0.000000000000000000e+00,6.982456606116278497e-01,0.000000000000000000e+00,-1.364839015849483639e+00,1.686351541550541386e-02,-6.187064060412170559e-06,2.314385215899053438e+00,-2.530583734156340858e-01,-2.902474190875527481e-05,-1.364839399615050741e+00,1.688313126875985379e-02,1.500369260897262114e-05,2.314384961173815203e+00,-2.530578000365728553e-01,4.847962953289145470e-07,1.605869376212175274e-07,4.724102096092331557e-08,4.316776146438288664e-01,1.624013668750068140e+00,5.412263295273086472e-01,-2.977392523952828163e-01,1.025024599913463952e+00,-5.546115188503042415e-01,2.507390555545924160e-01,1.331720957597402055e-01,1.624013399325517026e+00,-5.412260700679536463e-01,2.977400528689794768e-01,1.025025315734036546e+00,5.546121338828214897e-01,2.507385963977175058e-01,-1.331720492288777924e-01
3.108513079348415031e-01,0.000000000000000000e+00,1.136562110718692287e+00,6.959017366600606103e-01,1.361518147954635008e-18,7.181370154180271026e-01,1.361518147954635008e-18,-1.390497837440382023e+00,1.746057390466023221e-02,1.728109067946842636e-06,2.365005429347206700e+00,-2.749740967826214133e-01,-7.646518114141681501e-05,-1.390501011206058735e+00,1.747237288475076561e-02,1.543767318542677675e-05,2.365007792308935208e+00,-2.749732927989745335e-01,-5.779349367021718008e-05,1.709509400887650566e-07,5.757260215331498272e-08,4.368274207240233631e-01,1.589973034348311831e+00,5.378522501794923416e-01,-2.941753574042010322e-01,1.086336254748609065e+00,-5.499111494749177043e-01,2.298895781614956058e-01,1.139717366123084441e-01,1.589972688345862695e+00,-5.378518933316833728e-01,2.941761593825054089e-01,1.086337219430662415e+00,5.499117398155274339e-01,2.298889950401019344e-01,-1.139716131926566400e-01
3.181154231530933796e-01,0.000000000000000000e+00,1.145412126682444409e+00,6.753927534673423994e-01,3.800413842583631738e-18,7.374582215717726541e-01,3.800413842583631738e-18,-1.409375572982990432e+00,1.787675558294673020e-02,1.447363459043055120e-05,2.397559976473623955e+00,-2.878406474710887841e-01,-1.249265023020907934e-04,-1.409380750738337795e+00,1.789506105988488555e-02,3.540203494560012883e-05,2.397563873465095696e+00,-2.878393737660412399e-01,-9.640549755579561910e-05,1.694335884967683012e-07,5.548670136684290182e-08,4.402676175847431428e-01,1.571117428787686121e+00,5.382334780062173474e-01,-2.907659736600614608e-01,1.112359051640191998e+00,-5.495105655828754765e-01,2.236923974276772420e-01,1.059063062160586488e-01,1.571117049012257016e+00,-5.382331056357704258e-01,2.907667757020649946e-01,1.112360097918404289e+00,5.495111456237606884e-01,2.236917802919104747e-01,-1.059061513813836231e-01
3.253948438514209784e-01,0.000000000000000000e+00,1.153905149729959501e+00,6.543475574626733682e-01,6.236292284535930628e-18,7.561939394379152413e-01,6.236292284535930628e-18,-1.433133377533757358e+00,1.838333662348184266e-02,3.514924572788131921e-05,2.432574515295044204e+00,-2.983172776062813503e-01,-1.574781010796259915e-04,-1.433140216826635394e+00,1.841220514921521750e-02,6.500027712286113844e-05,2.432579635520421224e+00,-2.983155641943973646e-01,-1.150793374520436716e-04,1.568212188285413397e-07,4.782176731791691399e-08,4.450419440037499674e-01,1.549720667845511546e+00,5.395711061569337108e-01,-2.865720509666591642e-01,1.133927176453295882e+00,-5.505102514009669878e-01,2.229042130753849660e-01,9.990350847524279154e-02,1.549720257817944535e+00,-5.395707519654431294e-01,2.865728500815894475e-01,1.133928272452427555e+00,5.505108223969005232e-01,2.229035799303430432e-01,-9.990332888830685820e-02
3.327007242106176377e-01,0.000000000000000000e+00,1.162103135877986082e+00,6.327828570037745681e-01,8.667219563176355568e-18,7.743292942167050441e-01,8.667219563176355568e-18,-1.459675782051336412e+00,1.893042079678693146e-02,5.668380806423398073e-05,2.465185343466912649e+00,-3.036390307477855321e-01,-1.516323874224733488e-04,-1.459683281049223291e+00,1.897257430823484636e-02,9.581279779135557124e-05,2.465190993973514821e+00,-3.036371826261266560e-01,-9.315132863550191209e-05,1.311763933611888569e-07,3.502868841110128210e-08,4.508698277750290972e-01,1.527554235180052178e+00,5.413560990201835565e-01,-2.821788628198194648e-01,1.149605586525720868e+00,-5.525964565983157994e-01,2.272923960919040753e-01,9.640148843854226546e-02,1.527553801033809888e+00,-5.413557999278267863e-01,2.821796556040727100e-01,1.149606694869748091e+00,5.525970204773511529e-01,2.272917663046145620e-01,-9.640129352262566398e-02
3.400442184114764732e-01,0.000000000000000000e+00,1.170068041143273341e+00,6.107157728971880362e-01,1.109126569873381702e-17,7.918498877530957269e-01,1.109126569873381702e-17,-1.488297588900149959e+00,1.949947488536672019e-02,7.081160316601997520e-05,2.494557966236461866e+00,-3.036550822339893485e-01,-1.074188028777996109e-04,-1.488304592268192561e+00,1.955765969603239299e-02,1.199625269871147545e-04,2.494563442929971231e+00,-3.036535476849853699e-01,-3.023035712376992824e-05,9.536865984243736241e-08,1.876868996620050148e-08,4.574247069345379613e-01,1.505863177080029480e+00,5.436460192903912469e-01,-2.776833832250418244e-01,1.159045166137325777e+00,-5.557150170793913047e-01,2.363047285306658640e-01,9.525504850509060317e-02,1.505862727067499129e+00,-5.436458048071081128e-01,2.776841677030741917e-01,1.159046249639248627e+00,5.557155762589939263e-01,2.363041206811536676e-01,-9.525484877997111854e-02
3.474364806347907120e-01,0.000000000000000000e+00,1.177861821542569354e+00,5.881638248055978124e-01,1.350650617456532092e-17,8.087418099678351791e-01,1.350650617456532092e-17,-1.518360646503402300e+00,2.007791090183202315e-02,7.213628382145139621e-05,2.520985084285928046e+00,-2.992796948015087888e-01,-3.615503947382609916e-05,-1.518366113431781628e+00,2.015460399737917935e-02,1.319427740783294756e-04,2.520989817729580640e+00,-2.992789441879898926e-01,6.218515421858336709e-05,5.439963194629529797e-08,1.285368792419795974e-09,4.643223929164377317e-01,1.485469455325421739e+00,5.465745471305155645e-01,-2.730637881422642854e-01,1.162614178605553272e+00,-5.598282532380185472e-01,2.492287963939451012e-01,9.610128355174871184e-02,1.485469000081215407e+00,-5.465744344826161116e-01,2.730645636317527991e-01,1.162615202830795003e+00,5.598288110354129321e-01,2.492282269667268901e-01,-9.610109004062969418e-02
3.548886650613538030e-01,0.000000000000000000e+00,1.185546433092623086e+00,5.651449173384908153e-01,1.591102346508232736e-17,8.249916499010583326e-01,1.591102346508232736e-17,-1.548940441996540684e+00,2.064877015431408613e-02,5.923605041176302087e-05,2.545001016815176431e+00,-2.919607989403485981e-01,4.049242419913858882e-05,-1.548943696900044520e+00,2.074528123302583904e-02,1.294505219087702726e-04,2.545004647018905164e+00,-2.919611499246488884e-01,1.610199023270170171e-04,1.437469073675829211e-08,-1.491768221682499883e-08,4.711341181143239853e-01,1.466805785675378671e+00,5.502010932866011617e-01,-2.682918496969975974e-01,1.161250993999618508e+00,-5.648357721335482973e-01,2.652464280133918773e-01,9.848643427612423229e-02,1.466805338428688543e+00,-5.502010850047923674e-01,2.682926163078790394e-01,1.161251929015050033e+00,5.648363331053599667e-01,2.652459103478430613e-01,-9.848625792945067681e-02
3.624119258719586956e-01,0.000000000000000000e+00,1.193183831810182838e+00,5.416773258371968547e-01,1.830290855812689953e-17,8.405865063596151820e-01,1.830290855812689953e-17,-1.578751716644265501e+00,2.118513019208766515e-02,3.514175123341022397e-05,2.567120391371271459e+00,-2.834905434949649417e-01,8.858241523187806977e-05,-1.578752768238840698e+00,2.130021266942278349e-02,1.138691538385078135e-04,2.567122811210527100e+00,-2.834918867446357127e-01,2.293190943819150890e-04,-1.805575549067167198e-08,-2.732123965456790448e-08,4.774102406754405781e-01,1.449867749741364786e+00,5.544428647449942682e-01,-2.633783456654840704e-01,1.156511116506236947e+00,-5.705254580645365836e-01,2.834036306748623502e-01,1.018741420736937187e-01,1.449867325285342012e+00,-5.544429472698074735e-01,2.633791041256172138e-01,1.156511940511625092e+00,5.705260277003491032e-01,2.834031731092804818e-01,-1.018739923699461120e-01
3.700174172473988388e-01,0.000000000000000000e+00,1.200835973711997129e+00,5.177796818655933109e-01,2.068026247058880012e-17,8.555139981596824317e-01,2.068026247058880012e-17,-1.606144134726346540e+00,2.164648811907699671e-02,7.979603425704656709e-06,2.587760199875869915e+00,-2.759299857390223321e-01,5.967851614437866834e-05,-1.606144094573247028e+00,2.177439786810813835e-02,9.089010882296423598e-05,2.587761575269162062e+00,-2.759313876887475314e-01,2.135529341025466056e-04,-3.613156673014244306e-08,-3.362993193356245681e-08,4.827098442409823997e-01,1.434108766238724630e+00,5.590229762149504511e-01,-2.584082952273210609e-01,1.150739149214917711e+00,-5.765195960734981195e-01,3.025262409927138019e-01,1.055917112723152307e-01,1.434108377808787305e+00,-5.590231188707466270e-01,2.584090473798691390e-01,1.150739855832775271e+00,5.765201794278166370e-01,3.025258435063233331e-01,-1.055915934342459700e-01
3.777162933684673485e-01,0.000000000000000000e+00,1.208564814814814925e+00,4.934709584179970410e-01,2.304119775606018304e-17,8.697622739565239458e-01,2.304119775606018304e-17,-1.629108324759975801e+00,2.197713749118561377e-02,-8.151099347973055401e-06,2.607203827790667283e+00,-2.715662700168089971e-01,-1.100457293546528662e-04,-1.629109911522930831e+00,2.210526002684218283e-02,7.136905655261057682e-05,2.607204600709558839e+00,-2.715654720727024296e-01,4.232094927754845542e-05,-3.333991614600527847e-08,-3.202035395155334033e-08,4.866301856236467382e-01,1.418335861342141291e+00,5.634349079225091650e-01,-2.535773053022162271e-01,1.147239613544694281e+00,-5.822209779084525083e-01,3.211377860959344632e-01,1.087621790873075367e-01,1.418335515538362568e+00,-5.634350621400455728e-01,2.535780553283079053e-01,1.147240222347426952e+00,5.822215771322873934e-01,3.211374357797933676e-01,-1.087620899563130489e-01
3.855238786305983378e-01,0.000000000000000000e+00,1.216400385927544070e+00,4.680150461701180764e-01,2.545461747835428544e-17,8.837204968531522375e-01,2.545461747835428544e-17,-1.649576863193167542e+00,2.256946559802547672e-02,-4.448742789787190457e-06,2.624778591747964462e+00,-2.667326148531558583e-01,-9.562664370570779157e-07,-1.649575199421049465e+00,2.270025780728622197e-02,7.348351464689132045e-05,2.624780070369203688e+00,-2.667357167592370182e-01,1.528257383658786260e-04,-2.469796532282446849e-08,-2.562570418542370678e-08,4.878837573049193965e-01,1.405228975102581268e+00,5.676978568145500947e-01,-2.495044904498895655e-01,1.143697139137191954e+00,-5.862419399014354715e-01,3.326621036177232482e-01,1.118380045702291048e-01,1.405228673043950272e+00,-5.676980026793151390e-01,2.495052366495159324e-01,1.143697670370759756e+00,5.862425571911807909e-01,3.326617850156520784e-01,-1.118379423312128723e-01
3.934371192882104573e-01,0.000000000000000000e+00,1.224295120148876315e+00,4.421646742479455328e-01,2.784658314654915094e-17,8.969338887828959272e-01,2.784658314654915094e-17,-1.668032895423744444e+00,2.322037606568062851e-02,1.423496770709497435e-05,2.640310408725552893e+00,-2.615388952167804759e-01,1.759603357963263081e-04,-1.668026403422369741e+00,2.335523634920973549e-02,9.152029290626311864e-05,2.640312606377050564e+00,-2.615475060686197617e-01,3.328536802439065927e-04,-2.203483239006941678e-08,-2.222358874883329296e-08,4.888316410048337279e-01,1.392686994530317524e+00,5.719524600286214344e-01,-2.455450203180805924e-01,1.139609451040567656e+00,-5.899618907654075040e-01,3.424282859725679140e-01,1.148308352569418628e-01,1.392686728617926972e+00,-5.719526098200953257e-01,2.455457617423935646e-01,1.139609911131726161e+00,5.899625234853143052e-01,3.424279971035287806e-01,-1.148307976938724023e-01
4.014396023105735178e-01,0.000000000000000000e+00,1.232194576930234708e+00,4.159416302614549754e-01,3.021507872717297804e-17,9.093913130305584236e-01,3.021507872717297804e-17,-1.684923706213050210e+00,2.384609431130818927e-02,3.678864831376360935e-05,2.653901481011740948e+00,-2.558719726156373775e-01,3.325797531931771545e-04,-1.684912760693950462e+00,2.398666481431389538e-02,1.143594546818500529e-04,2.653904112718973529e+00,-2.558854617807027609e-01,4.945265377689776927e-04,-2.692394334894789679e-08,-2.206910738684262210e-08,4.900502489119672456e-01,1.380571007666472338e+00,5.764203843059583221e-01,-2.414475406833755111e-01,1.134195622286463978e+00,-5.939314720019659433e-01,3.523191321403198462e-01,1.179373349550099925e-01,1.380570773493867476e+00,-5.764205553592467446e-01,2.414482756824336551e-01,1.134196007137450168e+00,5.939321188383732686e-01,3.523188765671723122e-01,-1.179373229122484407e-01
4.095149146669573859e-01,0.000000000000000000e+00,1.240044315723041635e+00,3.893680159218513848e-01,3.255810796817583967e-17,9.210822700373083594e-01,3.255810796817583967e-17,-1.700670640343090012e+00,2.441281614888526214e-02,5.550798644784866683e-05,2.665750837182540245e+00,-2.495794326471652280e-01,4.350482719472062356e-04,-1.700656639686475957e+00,2.456140426844928906e-02,1.345023459629690415e-04,2.665753599381809114e+00,-2.495961191667878665e-01,6.046906106105799606e-04,-3.780809229704053780e-08,-2.397498653422594973e-08,4.915748140726423077e-01,1.369250858902459678e+00,5.812551106009377078e-01,-2.370957977941580974e-01,1.126827157919462419e+00,-5.984030161883109322e-01,3.630040595791159674e-01,1.213408230614156508e-01,1.369250656909121400e+00,-5.812553175666522742e-01,2.370965241025605463e-01,1.126827456371039204e+00,5.984036780038959336e-01,3.630038433674349085e-01,-1.213408403102081839e-01
4.176466433266321499e-01,0.000000000000000000e+00,1.247789895978720365e+00,3.624662284134621548e-01,3.487369608144180416e-17,9.319969062500796930e-01,3.487369608144180416e-17,-1.715652683037319992e+00,2.490925894135250993e-02,6.647660318286809241e-05,2.676098155229663433e+00,-2.425425978405528205e-01,4.743170769183512243e-04,-1.715637432487171710e+00,2.506883907120386820e-02,1.482045907217311668e-04,2.676100799449401713e+00,-2.425604394903720651e-01,6.549787879307554343e-04,-5.216882722586465396e-08,-2.669452901072715336e-08,4.932788458571196744e-01,1.359113498652191998e+00,5.865178638050483340e-01,-2.324300613942577309e-01,1.117172105194095710e+00,-6.034917794444013550e-01,3.746726510999432436e-01,1.251701523331711918e-01,1.359113333087193842e+00,-5.865181162341754906e-01,2.324307764313426894e-01,1.117172302752980295e+00,6.034924588646440879e-01,3.746724809251564814e-01,-1.251702044692807048e-01
4.258183752588676207e-01,0.000000000000000000e+00,1.255376877148694392e+00,3.352589415165971864e-01,3.715989140721028154e-17,9.421260224264962346e-01,3.715989140721028154e-17,-1.730186610236687184e+00,2.533457221322931580e-02,6.849295706551431764e-05,2.685204826013446233e+00,-2.347115550524066507e-01,4.525961275138087447e-04,-1.730171919174400275e+00,2.550856037064162807e-02,1.542968110847990702e-04,2.685207172888568028e+00,-2.347285671317596856e-01,6.480174781134450746e-04,-6.725229544643540875e-08,-2.918071261442136069e-08,4.949946399598805780e-01,1.350388300014286891e+00,5.921747143451949746e-01,-2.274270720232204057e-01,1.105246160116161169e+00,-6.092216874788635161e-01,3.872747939592293687e-01,1.294892185102703708e-01,1.350388177132852530e+00,-5.921750157935911085e-01,2.274277732328148227e-01,1.105246243017098617e+00,6.092223881235867555e-01,3.872746753310180590e-01,-1.294893115086284408e-01
4.340136974329336095e-01,0.000000000000000000e+00,1.262750818684386322e+00,3.077690864972820739e-01,3.941476705900411166e-17,9.514610813883185303e-01,3.941476705900411166e-17,-1.744509773233806627e+00,2.569238778100318976e-02,6.220877723302774590e-05,2.693345836732299325e+00,-2.261246160117312276e-01,3.766122103981647297e-04,-1.744497200432236550e+00,2.588427733231125211e-02,1.532768135187495041e-04,2.693347772125202599e+00,-2.261391244748611751e-01,5.905407004498359038e-04,-8.036998030927631080e-08,-3.062553199835182819e-08,4.965562437762492953e-01,1.343074448478685623e+00,5.980956785155333577e-01,-2.221010678537163607e-01,1.091443328447526229e+00,-6.155318213897822410e-01,4.005939611824140267e-01,1.342863406079008171e-01,1.343074374346499456e+00,-5.980960261587210391e-01,2.221017531865111527e-01,1.091443288097809550e+00,6.155325468574514014e-01,4.005938965790461492e-01,-1.342864791335489083e-01
4.422161968181000935e-01,0.000000000000000000e+00,1.269857280037218983e+00,2.800198327799744979e-01,4.163642254767779205e-17,9.599942152168809972e-01,4.163642254767779205e-17,-1.758766957683928878e+00,2.598755369606620472e-02,4.965434504401368155e-05,2.700804609215655461e+00,-2.169194861689865139e-01,2.539560094237728574e-04,-1.758757663693318651e+00,2.620045007307763435e-02,1.468188908208462365e-04,2.700806074110452037e+00,-2.169302669805175665e-01,4.896394865208090379e-04,-8.908463610904491372e-08,-3.048294227998799515e-08,4.978197493023132081e-01,1.336903611375748868e+00,6.040548464297893494e-01,-2.165133122529934728e-01,1.076556926008859438e+00,-6.222696136571852499e-01,4.142673584678716603e-01,1.394603494568782409e-01,1.336903589429704997e+00,-6.040552310177692563e-01,2.165139808675376198e-01,1.076556763509787684e+00,6.222703662747941511e-01,4.142673455480473943e-01,-1.394605350035371394e-01
4.504094603836371058e-01,0.000000000000000000e+00,1.276641820658616089e+00,2.520345684195516855e-01,4.382298538321709199e-17,9.677182318844521625e-01,4.382298538321709199e-17,-1.773001026254496182e+00,2.622416034620294462e-02,3.404651105083522796e-05,2.707868583584010391e+00,-2.073392217587399222e-01,9.094266427191817666e-05,-1.772995706838884633e+00,2.646021685650744998e-02,1.375804180590763917e-04,2.707869560704123213e+00,-2.073455554069279783e-01,3.505316683088462604e-04,-9.136569473648964267e-08,-2.850023929902529234e-08,4.986761570050767811e-01,1.331325821831925049e+00,6.097358137939838940e-01,-2.107833508292639435e-01,1.061773782667595922e+00,-6.291837761553936703e-01,4.277998607127084241e-01,1.448104686335688340e-01,1.331325850549542889e+00,-6.097362200478682048e-01,2.107840039512311470e-01,1.061773512571057676e+00,6.291845556438028231e-01,4.277998910303527635e-01,-1.448106977409410467e-01
4.585770750988143463e-01,0.000000000000000000e+00,1.283050000000000024e+00,2.238368803890288805e-01,4.597261265294008361e-17,9.746266213159312519e-01,4.597261265294008361e-17,-1.787146118538786466e+00,2.640425374151121260e-02,1.978447964393422229e-05,2.714824984838272837e+00,-1.977351382745490549e-01,-1.087165483618616904e-04,-1.787145000843096909e+00,2.666397791220479971e-02,1.291983014421620765e-04,2.714825482214985097e+00,-1.977367979746345872e-01,1.751138023641788570e-04,-8.571805411773790823e-08,-2.473527938916334092e-08,4.990589536525952274e-01,1.325525116101639034e+00,6.147474127037705349e-01,-2.050952432086893817e-01,1.048618242267754797e+00,-6.359271633248073652e-01,4.405949099462264096e-01,1.500406632974338184e-01,1.325525187361292767e+00,-6.147478202869841590e-01,2.050958849135703643e-01,1.048617894415965424e+00,6.359279657117504758e-01,4.405949686595502790e-01,-1.500409262922259290e-01
4.667595542367432015e-01,0.000000000000000000e+00,1.289239954805772692e+00,1.947894183062857942e-01,4.813202786294331973e-17,9.808450858906817560e-01,4.813202786294331973e-17,-1.802968001751811045e+00,2.691566401425168897e-02,-4.621708032724523672e-05,2.721649533290089185e+00,-1.851851600023501909e-01,5.086366869747229033e-05,-1.802962234463235669e+00,2.722607618128294535e-02,7.885057934564604744e-05,2.721650753379234011e+00,-1.851920915330549089e-01,3.876072447766457205e-04,-7.462103036557636932e-08,-2.054219030329922876e-08,4.988533375522188895e-01,1.318403411108771239e+00,6.188487745251574079e-01,-2.010494749093257871e-01,1.037679350178775106e+00,-6.407875111121383860e-01,4.526673017950528788e-01,1.558951858766473852e-01,1.318403510530345546e+00,-6.188491678894250114e-01,2.010501108440822526e-01,1.037678960695286978e+00,6.407883290883134020e-01,4.526673731846093118e-01,-1.558954695425874004e-01
4.749964260921314962e-01,0.000000000000000000e+00,1.295355995688015183e+00,1.655700692967103371e-01,5.024897019929919085e-17,9.861980288730466393e-01,5.024897019929919085e-17,-1.819241657441654114e+00,2.760433517235196324e-02,-1.014957174469907766e-04,2.728801355914148630e+00,-1.721422020149568910e-01,4.125000901229387319e-04,-1.819225632753636024e+00,2.796793109814279046e-02,3.800125556733365743e-05,2.728803006190409164e+00,-1.721597412641259761e-01,8.041554884974540501e-04,-6.889793420860941639e-08,-1.754285032542996452e-08,4.989261937984860729e-01,1.311245083685141921e+00,6.227690375418193369e-01,-1.973272949612485672e-01,1.027082965146133064e+00,-6.452695919200928110e-01,4.642538224886550435e-01,1.616583466965169913e-01,1.311245202198320081e+00,-6.227694244119128530e-01,1.973279247512629286e-01,1.027082548290872088e+00,6.452704214769187097e-01,4.642539002198429743e-01,-1.616586463703767185e-01
4.832698001666437815e-01,0.000000000000000000e+00,1.301322942899668655e+00,1.362046172255099163e-01,5.232157162053165835e-17,9.906807266957666780e-01,5.232157162053165835e-17,-1.834993814233420562e+00,2.837238854839931393e-02,-1.352409957640574045e-04,2.736266912228139336e+00,-1.598096275782516229e-01,8.708224502505662601e-04,-1.834964646480021777e+00,2.878096132033496762e-02,1.373619219873136864e-05,2.736268544701583316e+00,-1.598402473217384878e-01,1.308059311937761950e-03,-6.938266567013295748e-08,-1.572409732249673380e-08,4.993672291374347538e-01,1.305000644231502083e+00,6.268482794257456137e-01,-1.934473953407552516e-01,1.015617051288491668e+00,-6.499774310042744085e-01,4.756274007468348497e-01,1.673299138707576295e-01,1.305000778651523641e+00,-6.268486714461839471e-01,1.934480167110697868e-01,1.015616607546755645e+00,6.499782711660273549e-01,4.756274845298836818e-01,-1.673302299910595370e-01
4.915617859619452190e-01,0.000000000000000000e+00,1.307065616693675159e+00,1.067189748827898355e-01,5.434800321266829431e-17,9.942892237171065961e-01,5.434800321266829431e-17,-1.849447400075116654e+00,2.914382706270710055e-02,-1.472056273219198041e-04,2.743845183434412860e+00,-1.488422813498064268e-01,1.344105944076285416e-03,-1.849404481481308871e+00,2.958311891934172627e-02,5.146927059987625822e-06,2.743846523230452750e+00,-1.488863417597855177e-01,1.811506402434491167e-03,-7.395032254846986131e-08,-1.453674285956925843e-08,5.000470789962454532e-01,1.300255276862877896e+00,6.312088424541023590e-01,-1.892313881523829955e-01,1.002687695227679754e+00,-6.551475866586843333e-01,4.869162571279199159e-01,1.730261108563155570e-01,1.300255427781915829e+00,-6.312092482189144427e-01,1.892319986094445905e-01,1.002687219523331619e+00,6.551484383096908282e-01,4.869163488537966433e-01,-1.730264460478675159e-01
4.998544929797003600e-01,0.000000000000000000e+00,1.312508837322976074e+00,7.713916111748024551e-02,5.632647680311814483e-17,9.970203357114093556e-01,5.632647680311814483e-17,-1.861984622041642945e+00,2.985197240162277416e-02,-1.372757822014003201e-04,2.751246362238370047e+00,-1.395948526748395369e-01,1.762369852350117094e-03,-1.861929349896564112e+00,3.030346143944245840e-02,1.213179791999913318e-05,2.751247336001217736e+00,-1.396509028874832470e-01,2.240406207969638380e-03,-7.976753153711393761e-08,-1.339930112729608979e-08,5.007920220027434199e-01,1.297235088165344274e+00,6.358195028143248662e-01,-1.846413150978605255e-01,9.882814736254900145e-01,-6.608142662725048355e-01,4.980596046013620604e-01,1.787956202735913602e-01,1.297235257225296534e+00,-6.358199254115640686e-01,1.846419129798628489e-01,9.882809622122848969e-01,6.608151306998538699e-01,4.980597052422506832e-01,-1.787959767387059251e-01
5.081300307215739220e-01,0.000000000000000000e+00,1.317577425040512784e+00,4.749127787766733305e-02,5.825524653859906957e-17,9.988716526789346295e-01,5.825524653859906957e-17,-1.872143976434596624e+00,3.043558439975752733e-02,-1.042514312463593167e-04,2.758127690888367844e+00,-1.321964223856509080e-01,2.063034740520967511e-03,-1.872079560455968794e+00,3.087799806963958602e-02,3.618313993515538457e-05,2.758128372007915718e+00,-1.322613424295644990e-01,2.529636013632052122e-03,-8.409820586494046012e-08,-1.189408262554580763e-08,5.014422411619271491e-01,1.295821159104202369e+00,6.405263421753042419e-01,-1.797336665180430115e-01,9.729158311733114850e-01,-6.668617664593451400e-01,5.088130577210465688e-01,1.845677695579384381e-01,1.295821346456663026e+00,-6.405267786440564937e-01,1.797342518761475272e-01,9.729152867162111917e-01,6.668626439254445870e-01,5.088131652659559911e-01,-1.845681469178338530e-01
5.163705086892307339e-01,0.000000000000000000e+00,1.322196200099227337e+00,1.780148717759962376e-02,6.013261042572104081e-17,9.998415409725012193e-01,6.013261042572104081e-17,-1.879641330820565726e+00,3.083904100073249499e-02,-4.758917339193554930e-05,2.764108436823541570e+00,-1.265559034173993624e-01,2.190578492451528657e-03,-1.879572568758778095e+00,3.125073336825603260e-02,7.863399339295742952e-05,2.764108977375900889e+00,-1.266250648747886121e-01,2.623522107546548583e-03,-8.465942706275361815e-08,-9.828365486996212323e-09,5.018737360291395389e-01,1.295573643260642616e+00,6.450764282010005291e-01,-1.746476834475245987e-01,9.575657308268732404e-01,-6.730470792389260382e-01,5.187802782096718746e-01,1.901473042664631741e-01,1.295573845654825362e+00,-6.450768700362442543e-01,1.746482587682016974e-01,9.575651653344243730e-01,6.730479678230109064e-01,5.187803867204625607e-01,-1.901476980669303263e-01
5.245580363843356242e-01,0.000000000000000000e+00,1.326289982752060892e+00,-1.190401198831094083e-02,6.195691183286668156e-17,9.999291447390571408e-01,6.195691183286668156e-17,-1.879641330820565726e+00,3.083904100073249499e-02,-4.758917339193554930e-05,2.764108436823541570e+00,-1.265559034173993624e-01,2.190578492451528657e-03,-1.879572568758778095e+00,3.125073336825603260e-02,7.863399339295742952e-05,2.764108977375900889e+00,-1.266250648747886121e-01,2.623522107546548583e-03,-8.465942706275361815e-08,-9.828365486996212323e-09,5.018737360291395389e-01,1.295573643260642616e+00,6.450764282010005291e-01,-1.746476834475245987e-01,9.575657308268732404e-01,-6.730470792389260382e-01,5.187802782096718746e-01,1.901473042664631741e-01,1.295573845654825362e+00,-6.450768700362442543e-01,1.746482587682016974e-01,9.575651653344243730e-01,6.730479678230109064e-01,5.187803867204625607e-01,-1.901476980669303263e-01
5.326747233085532551e-01,0.000000000000000000e+00,1.329783593251955276e+00,-4.159900676411939363e-02,6.372654095204322642e-17,9.991343866749051728e-01,6.372654095204322642e-17,-1.884610345434196477e+00,3.082070349448405577e-02,9.802516597505039203e-05,2.770332961109931436e+00,-1.208341399605732530e-01,1.727118075411876105e-03,-1.884551563607323343e+00,3.119992170442128718e-02,2.097285541370866487e-04,2.770333771343421514e+00,-1.208937129551549416e-01,2.124661319191970075e-03,-7.946691301207550836e-08,-8.333196508482076109e-09,5.022663997164459326e-01,1.292187666534354129e+00,6.500197669421109437e-01,-1.673614208704914952e-01,9.434571618157447936e-01,-6.808173015455736277e-01,5.282406812073523472e-01,1.951948281383770190e-01,1.292187873261895881e+00,-6.500202011275887370e-01,1.673619929014879826e-01,9.434566000963511279e-01,6.808181947305460557e-01,5.282407810514454516e-01,-1.951952276127497665e-01
5.407026789635483999e-01,0.000000000000000000e+00,1.332601851851851871e+00,-7.125729356321057473e-02,6.543993621941640111e-17,9.974579680939175130e-01,6.543993621941640111e-17,-1.884610345434196477e+00,3.082070349448405577e-02,9.802516597505039203e-05,2.770332961109931436e+00,-1.208341399605732530e-01,1.727118075411876105e-03,-1.884551563607323343e+00,3.119992170442128718e-02,2.097285541370866487e-04,2.770333771343421514e+00,-1.208937129551549416e-01,2.124661319191970075e-03,-7.946691301207550836e-08,-8.333196508482076109e-09,5.022663997164459326e-01,1.292187666534354129e+00,6.500197669421109437e-01,-1.673614208704914952e-01,9.434571618157447936e-01,-6.808173015455736277e-01,5.282406812073523472e-01,1.951948281383770190e-01,1.292187873261895881e+00,-6.500202011275887370e-01,1.673619929014879826e-01,9.434566000963511279e-01,6.808181947305460557e-01,5.282407810514454516e-01,-1.951952276127497665e-01
5.486466447694110515e-01,0.000000000000000000e+00,1.334825675430376446e+00,-1.007991623149634142e-01,6.709263961436766578e-17,9.949067940649524155e-01,6.709263961436766578e-17,-1.885177921423490499e+00,3.066498106713727925e-02,2.091204045941215557e-04,2.770542745837601739e+00,-1.175798422148679051e-01,1.389539944466068903e-03,-1.885130420312060906e+00,3.096352857867408839e-02,2.959198853579000140e-04,2.770545546747392507e+00,-1.176301613378133437e-01,1.702598515453355608e-03,-5.986210188991009193e-08,-4.007931046675558386e-09,5.006765937612427386e-01,1.287962573121589349e+00,6.542767251924408445e-01,-1.638004574698413152e-01,9.337105830873312362e-01,-6.844996539846780470e-01,5.340794114792296599e-01,1.976741066870649766e-01,1.287962767753149551e+00,-6.542771179280578719e-01,1.638010392464099574e-01,9.337100769454620419e-01,6.845005405268742571e-01,5.340794800029462497e-01,-1.976744892561255740e-01
5.565278079577979931e-01,0.000000000000000000e+00,1.336577981991122321e+00,-1.302524053690087280e-01,6.868635311436043949e-17,9.914808676397076637e-01,6.868635311436043949e-17,-1.885177921423490499e+00,3.066498106713727925e-02,2.091204045941215557e-04,2.770542745837601739e+00,-1.175798422148679051e-01,1.389539944466068903e-03,-1.885130420312060906e+00,3.096352857867408839e-02,2.959198853579000140e-04,2.770545546747392507e+00,-1.176301613378133437e-01,1.702598515453355608e-03,-5.986210188991009193e-08,-4.007931046675558386e-09,5.006765937612427386e-01,1.287962573121589349e+00,6.542767251924408445e-01,-1.638004574698413152e-01,9.337105830873312362e-01,-6.844996539846780470e-01,5.340794114792296599e-01,1.976741066870649766e-01,1.287962767753149551e+00,-6.542771179280578719e-01,1.638010392464099574e-01,9.337100769454620419e-01,6.845005405268742571e-01,5.340794800029462497e-01,-1.976744892561255740e-01
5.643529467477244044e-01,0.000000000000000000e+00,1.337846593474482759e+00,-1.595911265357803643e-01,7.021967547787997477e-17,9.871832009971809319e-01,7.021967547787997477e-17,-1.885177921423490499e+00,3.066498106713727925e-02,2.091204045941215557e-04,2.770542745837601739e+00,-1.175798422148679051e-01,1.389539944466068903e-03,-1.885130420312060906e+00,3.096352857867408839e-02,2.959198853579000140e-04,2.770545546747392507e+00,-1.176301613378133437e-01,1.702598515453355608e-03,-5.986210188991009193e-08,-4.007931046675558386e-09,5.006765937612427386e-01,1.287962573121589349e+00,6.542767251924408445e-01,-1.638004574698413152e-01,9.337105830873312362e-01,-6.844996539846780470e-01,5.340794114792296599e-01,1.976741066870649766e-01,1.287962767753149551e+00,-6.542771179280578719e-01,1.638010392464099574e-01,9.337100769454620419e-01,6.845005405268742571e-01,5.340794800029462497e-01,-1.976744892561255740e-01
5.721288393582053544e-01,0.000000000000000000e+00,1.338619331820850578e+00,-1.887895303168480865e-01,7.169125856114061770e-17,9.820175727769558938e-01,7.169125856114061770e-17,-1.896520794944126065e+00,3.180409390972273320e-02,7.345291471872139556e-05,2.756513149447670230e+00,-9.783290435938689356e-02,2.800450018978193484e-03,-1.896443458867572485e+00,3.229974157720266054e-02,2.136090331776715145e-04,2.756512994832609031e+00,-9.790967314266513233e-02,3.316877255704412265e-03,-5.062362049413446593e-08,1.996622610295397697e-09,4.970881787158564769e-01,1.289273172910454068e+00,6.621140842055818210e-01,-1.653560468688976826e-01,9.208841704711074883e-01,-6.824961740720869585e-01,5.333820850580898165e-01,1.951180866425634708e-01,1.289273358618857612e+00,-6.621144534875978982e-01,1.653566300613565909e-01,9.208837137802156070e-01,6.824970538597344705e-01,5.333821216029460688e-01,-1.951184564564183710e-01
5.798622640082562452e-01,0.000000000000000000e+00,1.338884018970619261e+00,-2.178219445851069525e-01,7.309980850341480587e-17,9.759885247569064504e-01,7.309980850341480587e-17,-1.904363692690516530e+00,3.310046773848222129e-02,8.159819537753754029e-05,2.745597354262979461e+00,-8.279689072824743257e-02,4.294847163570585970e-03,-1.904248959307440980e+00,3.365447578614257779e-02,2.364971308306632340e-04,2.745594486532910494e+00,-8.290814057741394127e-02,4.871861866155559502e-03,-3.962875109434374767e-08,5.383269063451131221e-09,4.945963706025521822e-01,1.293084501173252798e+00,6.666745358677096389e-01,-1.662353607061938243e-01,9.123163016735020836e-01,-6.811929095659426947e-01,5.312744132880637959e-01,1.937272412161951396e-01,1.293084668708766038e+00,-6.666748782553502117e-01,1.662359524025493751e-01,9.123159055709123555e-01,6.811937773572780408e-01,5.312744168437616432e-01,-1.937275909482463199e-01
5.875599989168922566e-01,0.000000000000000000e+00,1.338628476864181849e+00,-2.466628431564936441e-01,7.444408686463497068e-17,9.691013578599274592e-01,7.444408686463497068e-17,-1.904363692690516530e+00,3.310046773848222129e-02,8.159819537753754029e-05,2.745597354262979461e+00,-8.279689072824743257e-02,4.294847163570585970e-03,-1.904248959307440980e+00,3.365447578614257779e-02,2.364971308306632340e-04,2.745594486532910494e+00,-8.290814057741394127e-02,4.871861866155559502e-03,-3.962875109434374767e-08,5.383269063451131221e-09,4.945963706025521822e-01,1.293084501173252798e+00,6.666745358677096389e-01,-1.662353607061938243e-01,9.123163016735020836e-01,-6.811929095659426947e-01,5.312744132880637959e-01,1.937272412161951396e-01,1.293084668708766038e+00,-6.666748782553502117e-01,1.662359524025493751e-01,9.123159055709123555e-01,6.811937773572780408e-01,5.312744168437616432e-01,-1.937275909482463199e-01
5.952288223031284575e-01,0.000000000000000000e+00,1.337840527441931382e+00,-2.752868682333867167e-01,7.572291171426774819e-17,9.613621274932012684e-01,7.572291171426774819e-17,-1.903705184127707950e+00,3.423510773110557265e-02,1.658232926418169489e-04,2.728519176271238855e+00,-7.163083135533057644e-02,5.626537578274397149e-03,-1.903558291316358453e+00,3.471207643795666542e-02,3.030424753894537713e-04,2.728512988748684531e+00,-7.177089224471254469e-02,6.124846988354205532e-03,-1.721996554106895685e-08,1.050835866594314517e-08,4.908187611158808528e-01,1.298446036618843946e+00,6.689412850944901345e-01,-1.683895041856556252e-01,9.087833035476605703e-01,-6.771195891930638089e-01,5.209670784237531160e-01,1.912030579359544902e-01,1.298446174731016312e+00,-6.689415736337275264e-01,1.683901156186613512e-01,9.087830043390601187e-01,6.771204355878687187e-01,5.209670334488509802e-01,-1.912033706357394724e-01
6.028755123859802501e-01,0.000000000000000000e+00,1.336507992644261344e+00,-3.036688526999551385e-01,7.693515867050337582e-17,9.527776382240994435e-01,7.693515867050337582e-17,-1.893515209151053424e+00,3.463418062055256125e-02,3.926328705933623928e-04,2.715522101338079253e+00,-7.234876315494533083e-02,6.122633677737508197e-03,-1.893357403054459542e+00,3.486485414786613668e-02,4.678612129188863778e-04,2.715514757329775986e+00,-7.249874027143056454e-02,6.366918401076196617e-03,4.962605955544894849e-09,1.171056026814385044e-08,4.878682457182816345e-01,1.300606941428061214e+00,6.680338246023903581e-01,-1.705277322656373329e-01,9.113068862996651642e-01,-6.729473164017856224e-01,5.104276642613151393e-01,1.895369629015941360e-01,1.300607033278978530e+00,-6.680340585276192122e-01,1.705283712964450749e-01,9.113067029745058889e-01,6.729481333097393492e-01,5.104275691761189782e-01,-1.895372279326826559e-01
6.105068473844625920e-01,0.000000000000000000e+00,1.334618694411564332e+00,-3.317838422498547435e-01,7.807976188884652753e-17,9.433554377973996097e-01,7.807976188884652753e-17,-1.872396078724727575e+00,3.397189978914343794e-02,6.457206404516004083e-04,2.702789547061260844e+00,-8.375326493045739951e-02,5.471124048095518839e-03,-1.872256067714661576e+00,3.386970115852373786e-02,6.264538179307242499e-04,2.702782700145689887e+00,-8.388644104584552785e-02,5.368589983618699511e-03,2.929245731566880295e-08,1.205545547201169450e-08,4.850502019481358618e-01,1.299420663318567648e+00,6.642954291177657344e-01,-1.732721060213631148e-01,9.196529041395881121e-01,-6.677175786503362076e-01,4.980727192156065297e-01,1.882704230784746080e-01,1.299420698810309860e+00,-6.642956011093148483e-01,1.732727773536853755e-01,9.196528559010208603e-01,6.677183611059790413e-01,4.980725685710762907e-01,-1.882706313546797516e-01
6.181296055175908855e-01,0.000000000000000000e+00,1.332160454684234052e+00,-3.596071173268143295e-01,7.915571499923918885e-17,9.331038104990777571e-01,7.915571499923918885e-17,-1.838851367941816584e+00,3.204080999609140029e-02,8.020567330013740007e-04,2.688128090483892674e+00,-1.055026519535172680e-01,3.444862311322098667e-03,-1.838760717426681790e+00,3.159682500497339175e-02,6.639257127034408571e-04,2.688124323562645746e+00,-1.055903704145532834e-01,2.979369239263490905e-03,5.612503551326197273e-08,1.203928838225274608e-08,4.821705055463269551e-01,1.294389923746280813e+00,6.576455089429398271e-01,-1.768119883662377656e-01,9.339413465580939100e-01,-6.611493175573888159e-01,4.836096455139669570e-01,1.875075406813950518e-01,1.294389894832635113e+00,-6.576456104829914162e-01,1.768126948902297435e-01,9.339414522715185907e-01,6.611500620523529381e-01,4.836094329362998767e-01,-1.875076841022119134e-01
6.257396305945409631e-01,0.000000000000000000e+00,1.329050850956457364e+00,-3.883125240515551968e-01,8.020458460653774049e-17,9.215277443814214875e-01,8.020458460653774049e-17,-1.790776457102758012e+00,2.861517674725797336e-02,9.012616163033932912e-04,2.667994406226930959e+00,-1.501110978280202346e-01,8.702073191029229167e-04,-1.790766771146464986e+00,2.783333869314631032e-02,6.048124347442184173e-04,2.667994384984030187e+00,-1.501226004230800382e-01,3.197318302751743155e-05,7.042401908753548035e-08,1.899797350621166543e-08,4.747770456591288157e-01,1.298356829005781643e+00,6.537375330646033600e-01,-1.866302415454012542e-01,9.404663160708637282e-01,-6.487802629528235387e-01,4.555318476691336826e-01,1.733699241322059215e-01,1.298356762190237657e+00,-6.537375830074525496e-01,1.866309603375706228e-01,9.404665416751893936e-01,6.487809816431070464e-01,4.555315748162817036e-01,-1.733700261206657933e-01
6.333275843562468088e-01,0.000000000000000000e+00,1.325256722046079139e+00,-4.166459251718656054e-01,8.117661776606132369e-17,9.090688494485333893e-01,8.117661776606132369e-17,-1.711679542859503300e+00,2.329785172786168201e-02,-3.881841045144944664e-06,2.626052757462570053e+00,-2.163165482036402409e-01,-3.422556543034568476e-03,-1.711757643459201228e+00,2.276781276354486808e-02,-2.902781270321719330e-04,2.626066427522950608e+00,-2.162285869652755543e-01,-4.029915470337451511e-03,7.368097289297298434e-08,1.543295696972022598e-08,4.638612448171718916e-01,1.304515937259515201e+00,6.476958046787006928e-01,-2.017994945840670129e-01,9.558556672669934473e-01,-6.283215511545735543e-01,4.056268438248291086e-01,1.484820862985284373e-01,1.304515792842712685e+00,-6.476958203374789669e-01,2.018002309404371142e-01,9.558560506370638032e-01,6.283222251731335195e-01,4.056265088325368695e-01,-1.484821301109933156e-01
6.408924719193603847e-01,0.000000000000000000e+00,1.320839781878977881e+00,-4.445801771284818571e-01,8.207088326452001950e-17,8.957390613925506617e-01,8.207088326452001950e-17,-1.643780130359524305e+00,2.049173652175535765e-02,-8.061993522793399871e-04,2.576216743456336999e+00,-2.566208425166983664e-01,-5.574519996877305532e-03,-1.643922521104218548e+00,2.023714666557779526e-02,-9.766393116755398267e-04,2.576243261872009693e+00,-2.565028453226547156e-01,-5.883906860091252071e-03,7.115763716137689024e-08,1.231043938772089770e-08,4.548229352277536885e-01,1.309726767352023202e+00,6.416451077861448082e-01,-2.138304493100131320e-01,9.706975563229220949e-01,-6.109300157188625180e-01,3.606838328513276015e-01,1.295433825332038269e-01,1.309726577697791994e+00,-6.416451098812979703e-01,2.138311912055466391e-01,9.706980250933929799e-01,6.109306653062592796e-01,3.606834672479320991e-01,-1.295433959325605622e-01
6.484332984005337641e-01,0.000000000000000000e+00,1.315861744381032983e+00,-4.720885187493077395e-01,8.288652439048512906e-17,8.815511502261706989e-01,8.288652439048512906e-17,-1.584184144085909685e+00,1.908411381281518299e-02,-1.336166240677448633e-03,2.515915359276908791e+00,-2.788855423169631642e-01,-6.396253451780381516e-03,-1.584329486954118682e+00,1.896089532672245656e-02,-1.433391152554546908e-03,2.515948520250895104e+00,-2.787730234346220692e-01,-6.554238610024742950e-03,7.099974689575809958e-08,1.122015658045497697e-08,4.457419080068940609e-01,1.315567824674855002e+00,6.347309132251218733e-01,-2.248702263386567202e-01,9.846959923773735968e-01,-5.941405562941212137e-01,3.154868525726964856e-01,1.145650331744124811e-01,1.315567609383366587e+00,-6.347309009103745403e-01,2.248709691366135299e-01,9.846965146803278168e-01,5.941411925118521564e-01,3.154864673646810003e-01,-1.145650295146881936e-01
6.559490689164187982e-01,0.000000000000000000e+00,1.310384323478122948e+00,-4.991445968867681549e-01,8.362275975512347366e-17,8.665187080489064053e-01,8.362275975512347366e-17,-1.532266566030547228e+00,1.855933860001960853e-02,-1.623354275826990618e-03,2.447889825922598739e+00,-2.857977782690026558e-01,-6.353931269404510147e-03,-1.532394316951778412e+00,1.849593869391581019e-02,-1.681617146247151593e-03,2.447923079339204833e+00,-2.857031011082518113e-01,-6.440055490725110805e-03,7.370328422119197973e-08,1.097091158654015451e-08,4.364793982625428392e-01,1.321334162409137924e+00,6.265216165574462037e-01,-2.353521797204637667e-01,9.991074853226965535e-01,-5.774046885923146410e-01,2.692464816114567561e-01,1.031934401594262335e-01,1.321333928572208105e+00,-6.265215853903989274e-01,2.353529225878980002e-01,9.991080523758151255e-01,5.774053160621245295e-01,2.692460793094458849e-01,-1.031934235572629643e-01
6.634387885836675602e-01,0.000000000000000000e+00,1.304469233096126946e+00,-5.257224916642746493e-01,8.427888404077246777e-17,8.506561360257778315e-01,8.427888404077246777e-17,-1.487643149569678913e+00,1.862214930654160217e-02,-1.680787370653979941e-03,2.375755744685524196e+00,-2.812923394674908262e-01,-5.717371877994738283e-03,-1.487745688693090651e+00,1.858697902019366965e-02,-1.718505035166342223e-03,2.375783894453737943e+00,-2.812178108960097234e-01,-5.768629705073048501e-03,7.874488398117053446e-08,1.102091125865110042e-08,4.270694548976682325e-01,1.326256143275218902e+00,6.167129591212239248e-01,-2.455083611793699994e-01,1.014782067486321493e+00,-5.604765974253813621e-01,2.219522404630932533e-01,9.539098032522422277e-02,1.326255891765593553e+00,-6.167129039758831865e-01,2.455091042916683064e-01,1.014782682074640396e+00,5.604772179768118257e-01,2.219518191046568056e-01,-9.539095058055326037e-02
6.709014625189319014e-01,0.000000000000000000e+00,1.298178187160924146e+00,-5.517967413076152461e-01,8.485426867663836040e-17,8.339786305909143715e-01,8.485426867663836040e-17,-1.449400886321303483e+00,1.908371772029552119e-02,-1.525451756224341761e-03,2.303281228514465706e+00,-2.700432790259776894e-01,-4.663690983455796683e-03,-1.449476213438724237e+00,1.906256682229529736e-02,-1.551865817139564709e-03,2.303301118181782403e+00,-2.699877320269111758e-01,-4.697233885995443989e-03,8.524486171769083624e-08,1.107090859200785635e-08,4.175698122269265178e-01,1.329770529942187585e+00,6.051172245575606734e-01,-2.555111207178493715e-01,1.032011320604425686e+00,-5.432415578151394975e-01,1.739429339790713180e-01,9.128885796758499926e-02,1.329770259185732773e+00,-6.051171412973752606e-01,2.555118640408649555e-01,1.032011989618419223e+00,5.432421724577242150e-01,1.739424899329101160e-01,-9.128881350941882300e-02
6.783360958388640061e-01,0.000000000000000000e+00,1.291572899598393498e+00,-5.773423665374772806e-01,8.534836244097065563e-17,8.165021688892842855e-01,8.534836244097065563e-17,-1.416533690223062969e+00,1.981541773053772243e-02,-1.185231459559720922e-03,2.234219947374314952e+00,-2.568109242200572462e-01,-3.323180842286439611e-03,-1.416582495714135081e+00,1.980163494023280332e-02,-1.204893808647513383e-03,2.234230808639671828e+00,-2.567728900338446807e-01,-3.347082073750089291e-03,9.200920043909356614e-08,1.088491246812332265e-08,4.080525867833963427e-01,1.331554278211351638e+00,5.916652272543793112e-01,-2.655044158928775988e-01,1.050522916289669872e+00,-5.256754563974985750e-01,1.258475058396461010e-01,9.114994849641129548e-02,1.331553986463289041e+00,-5.916651142558316812e-01,2.655051587160959237e-01,1.050523645520471616e+00,5.256760663168328351e-01,1.258470359759014112e-01,-9.114988819304160883e-02
6.857416936601155033e-01,0.000000000000000000e+00,1.284715084334413504e+00,-6.023348944997418686e-01,8.576069198913569754e-17,7.982434934704980556e-01,8.576069198913569754e-17,-1.388079028448499619e+00,2.072462463993860957e-02,-6.992441268846615390e-04,2.172255932911882237e+00,-2.462431851897580737e-01,-1.803550043992014577e-03,-1.388103417056180122e+00,2.071485866682571883e-02,-7.144641247850221002e-04,2.172259546197627067e+00,-2.462223275787005505e-01,-1.821781557628614472e-03,9.748804214567099184e-08,1.023439346418146041e-08,3.986086846728768562e-01,1.331521740044735003e+00,5.764015637785432355e-01,-2.756259818514938398e-01,1.069499742085636251e+00,-5.078137920043916953e-01,7.856500588335270374e-02,9.534160606733255161e-02,1.331521426865259539e+00,-5.764014234273302506e-01,2.756267227506812301e-01,1.069500532233184087e+00,5.078143989601383579e-01,7.856450939751985496e-02,-9.534153042600197747e-02
6.931172610993387995e-01,0.000000000000000000e+00,1.277666455294863557e+00,-6.267503822106123001e-01,8.609086230708347613e-17,7.792200962493532890e-01,8.609086230708347613e-17,-1.362999232321792098e+00,2.174088738953458555e-02,-1.159224627223612335e-04,2.120917888694561881e+00,-2.429071074222262094e-01,-2.050681585760816099e-04,-1.363002115347545784e+00,2.173324665476388320e-02,-1.279968852728406150e-04,2.120918646552709230e+00,-2.429048957367358208e-01,-2.197654853642021385e-04,9.971496319883108598e-08,8.894563603061159961e-09,3.893532052965584800e-01,1.329806923693922727e+00,5.594728603266233558e-01,-2.860266983369695870e-01,1.087618235830038804e+00,-4.897213558723018112e-01,3.324452706238630040e-02,1.043076889452900641e-01,1.329806590964516255e+00,-5.594727005084558780e-01,2.860274354194716206e-01,1.087619079184277249e+00,4.897219621971810044e-01,3.324400712061612723e-02,-1.043076009863996428e-01
7.004542986935402560e-01,0.000000000000000000e+00,1.270408261907162384e+00,-6.490197203224308264e-01,8.632482039954602862e-17,7.607715837441575424e-01,8.632482039954602862e-17,-1.336259628750757322e+00,2.051643686927706600e-02,-3.945473483053862441e-04,2.088837532786273155e+00,-2.580296609217758164e-01,-9.499742461364266925e-04,-1.336274559432492293e+00,2.049916141014048246e-02,-4.183144867436694382e-04,2.088838978421847958e+00,-2.580162560079236056e-01,-9.794713085783390838e-04,7.025035357943283959e-08,1.084225020013416614e-08,3.830358986931855503e-01,1.336943341617774728e+00,5.509583118939671564e-01,-2.892416221278598099e-01,1.084151442320471670e+00,-4.855274060413375392e-01,7.079061925507654229e-03,1.000706253651546529e-01,1.336943022451641871e+00,-5.509582077530232880e-01,2.892423417970186317e-01,1.084152241181631782e+00,4.855280176087038990e-01,7.078556038226855446e-03,-1.000705585595940833e-01
7.077491162497138166e-01,0.000000000000000000e+00,1.262866087559705308e+00,-6.707463020419144328e-01,8.648658754522832860e-17,7.416868600002948231e-01,8.648658754522832860e-17,-1.282938703293722504e+00,1.862529218107599610e-02,-9.865413952331581176e-04,2.036883117198437176e+00,-2.921519648774044131e-01,-2.265259680867599650e-03,-1.282971825392098975e+00,1.861325913846836877e-02,-1.005559351059429193e-03,2.036891313944541704e+00,-2.921270930398264243e-01,-2.287442088914190021e-03,-1.067874357454845015e-09,2.569230020778969957e-09,3.741667828645649507e-01,1.356606040220474041e+00,5.390883105660941865e-01,-2.945856721477385642e-01,1.059774590511969095e+00,-4.809492745094060551e-01,-2.708596253402483986e-02,9.881964246186648870e-02,1.356605781719433024e+00,-5.390883873625049727e-01,2.945863680239012017e-01,1.059775144718956730e+00,4.809498993361108754e-01,-2.708634800853963742e-02,-9.881964960666965447e-02
7.150079327894930392e-01,0.000000000000000000e+00,1.255018147119835836e+00,-6.919119580581107876e-01,8.657602846295224594e-17,7.219818850194174020e-01,8.657602846295224594e-17,-1.228702797432981830e+00,1.731680997236767841e-02,-1.369218806129783540e-03,1.989252725798611010e+00,-3.264401695443531759e-01,-3.145616743498111986e-03,-1.228745344912578474e+00,1.730774469978333535e-02,-1.385434687722772451e-03,1.989269480608113039e+00,-3.264143854256803534e-01,-3.163603196905341933e-03,-7.396348313901800239e-08,-2.574148481621446984e-09,3.672132370017541780e-01,1.384270811683729674e+00,5.323240545908836108e-01,-3.003018914972595543e-01,1.012582342706734861e+00,-4.788063839660818832e-01,-4.394495013572446290e-02,1.069797363236007492e-01,1.384270679254717473e+00,-5.323243500857426369e-01,3.003025630384648648e-01,1.012582493937861150e+00,4.788070392344112025e-01,-4.394514238177873316e-02,-1.069798690456862239e-01
7.222369673345113705e-01,0.000000000000000000e+00,1.246842655454897697e+00,7.124989881459793395e-01,-5.211915395021700365e-17,-7.016731375013266492e-01,-5.211915395021700365e-17,-1.170517530985199617e+00,1.632296011807904401e-02,-1.556168095652707677e-03,1.936294140498700855e+00,-3.589016547971417559e-01,-3.666529813736236348e-03,-1.170562923387435283e+00,1.631586886762522587e-02,-1.571262327683742473e-03,1.936318646464973980e+00,-3.588807504207140453e-01,-3.682563009450585956e-03,-1.355657071096996410e-07,-2.525834429556822931e-09,3.595111676241868337e-01,1.422784850202615026e+00,5.302013228452665539e-01,-3.073441705251708789e-01,9.406828762729539939e-01,-4.778359027731189368e-01,-4.849186063033392169e-02,1.237791661610717769e-01,1.422784888804229153e+00,-5.302018412771242195e-01,3.073448151218592383e-01,9.406825338888131771e-01,4.778366027024652518e-01,-4.849182344102063308e-02,-1.237794637369255130e-01
7.294424389064025904e-01,0.000000000000000000e+00,1.238317827432234175e+00,7.324901759686066605e-01,-4.349938703400429306e-17,-6.807776010632839991e-01,-4.349938703400429306e-17,-1.111130008536023839e+00,1.557193530091400234e-02,-1.549715640249855640e-03,1.876501075303906196e+00,-3.857064632051795949e-01,-3.819127690305098091e-03,-1.111172711634196952e+00,1.556682260719792661e-02,-1.563648045477174925e-03,1.876530479889495506e+00,-3.856931352677377411e-01,-3.833437438362213151e-03,-1.689734948328624358e-07,1.700286329342120632e-09,3.499997185419770340e-01,1.469840209478052273e+00,5.324872064597475640e-01,-3.156416983341925886e-01,8.509091581591664566e-01,-4.770617279399628208e-01,-4.420881682558724241e-02,1.471015001116011689e-01,1.469840391619409159e+00,-5.324878890308499813e-01,3.156423178116875561e-01,8.509084179233697975e-01,4.770624698324464896e-01,-4.420860323160528960e-02,-1.471019493079298024e-01
7.366305665267997016e-01,0.000000000000000000e+00,1.229421877919188777e+00,7.518688034746775495e-01,-3.484324284043605872e-17,-6.593127500371555039e-01,-3.484324284043605872e-17,-1.053744159279508708e+00,1.498956366327482310e-02,-1.376832273816238272e-03,1.810680062502624033e+00,-4.044893165782297295e-01,-3.623179428710836605e-03,-1.053780200001435130e+00,1.498632228666873199e-02,-1.389406869868606113e-03,1.810710386116558102e+00,-4.044835699275551311e-01,-3.635843601445021538e-03,-1.646442380317222225e-07,6.073762000887898709e-09,3.385661606943513036e-01,1.519499879871019532e+00,5.372149749704588917e-01,-3.248391883336175234e-01,7.573111312970175479e-01,-4.750483647940216270e-01,-3.762772974070832666e-02,1.728842925757320126e-01,1.519500091247444784e+00,-5.372157031061266519e-01,3.248398005242394415e-01,7.573103470367154033e-01,4.750491237849491788e-01,-3.762749389989712701e-02,-1.728848094710075944e-01
7.438075692173364839e-01,0.000000000000000000e+00,1.220133021783105010e+00,7.706186648793390548e-01,-2.615796025216400448e-17,-6.372965348560941656e-01,-2.615796025216400448e-17,-1.001387634030246332e+00,1.450792394655043248e-02,-1.083327132539079352e-03,1.741230042196951100e+00,-4.146180657891727628e-01,-3.115210118492301675e-03,-1.001414716247488457e+00,1.450629388949720329e-02,-1.094388996565535998e-03,1.741257109551706206e+00,-4.146180280174925348e-01,-3.126309428898142121e-03,-1.338904400058185054e-07,8.910542256899592916e-09,3.259113869267982744e-01,1.565095955368017711e+00,5.415645615689658188e-01,-3.346186111493547610e-01,6.742180870576591767e-01,-4.702967351139375474e-01,-3.561984119853124631e-02,1.966106899592285073e-01,1.565096117926524144e+00,-5.415652457342262638e-01,3.346192335155896980e-01,6.742173826230470901e-01,4.702974833096371654e-01,-3.561967889244263552e-02,-1.966112067524509732e-01
7.509796659996463841e-01,0.000000000000000000e+00,1.210429473891326380e+00,7.887240802166172182e-01,-1.745080251943515913e-17,-6.147473670431221615e-01,-1.745080251943515913e-17,-9.568927383592943370e-01,1.407586564050293532e-02,-7.243707136152379789e-04,1.671941371240747820e+00,-4.170454621730747546e-01,-2.336903727132949755e-03,-9.569100922371912565e-01,1.407549164489460027e-02,-7.337607068622088160e-04,1.671961607404762962e+00,-4.170483308176950454e-01,-2.346432225360134925e-03,-9.190681243246432784e-08,9.559903565981340300e-09,3.129019533456417479e-01,1.601926906483424506e+00,5.434042295950479717e-01,-3.447502613556080453e-01,6.112684758678083030e-01,-4.620060561805731103e-01,-4.238677488711878327e-02,2.149951158192289491e-01,1.601926982920621745e+00,-5.434048217310250006e-01,3.447509070441447387e-01,6.112679904176802070e-01,4.620067762338770923e-01,-4.238673026701484520e-02,-2.149955890476553111e-01
7.581530758953627380e-01,0.000000000000000000e+00,1.200289449111196394e+00,8.061699084521122272e-01,-8.729051186046401173e-18,-5.916841038141155140e-01,-8.729051186046401173e-18,-9.230418512223019789e-01,1.366182056776787772e-02,-3.571100435655850600e-04,1.607857762128491075e+00,-4.140289850921865522e-01,-1.328241918389768501e-03,-9.230500459751012077e-01,1.366228726024889227e-02,-3.646184159062004684e-04,1.607868835201418767e+00,-4.140318589734731103e-01,-1.336041794314030834e-03,-5.012150598936391823e-08,9.005436250842663283e-09,3.000038383752766658e-01,1.627718997678226254e+00,5.419203103237202335e-01,-3.548668595426611727e-01,5.719064575655219418e-01,-4.503799890726966071e-01,-5.895073688982314236e-02,2.264140514376886681e-01,1.627718989593610388e+00,-5.419208004207142215e-01,3.548675330452736310e-01,5.719061971105559028e-01,4.503806779002295646e-01,-5.895080603558024157e-02,-2.264144694780018674e-01
7.653340179261189924e-01,0.000000000000000000e+00,1.189691162310058781e+00,8.229415601450145168e-01,0.000000000000000000e+00,-5.681260323080516983e-01,0.000000000000000000e+00,-9.080938749962470524e-01,1.335666971202845513e-02,-1.061053246962949718e-04,1.568488995548378950e+00,-4.105311196171291810e-01,-4.024332974969145821e-04,-9.080964482939728466e-01,1.335790646779462000e-02,-1.155741479678611778e-04,1.568492871850396098e+00,-4.105324245021736429e-01,-4.124746307313523685e-04,-2.420422017120281235e-08,1.302897562265953844e-08,2.903859040359424437e-01,1.637775264981639944e+00,5.381666904255302253e-01,-3.620466014768866647e-01,5.604247593239902736e-01,-4.398284561402348025e-01,-7.856928030725447709e-02,2.290588681421210915e-01,1.637775223096735955e+00,-5.381671129904056494e-01,3.620472912309046221e-01,5.604246111491938409e-01,4.398291277865670756e-01,-7.856940815544743995e-02,-2.290592615588111780e-01
7.724942998766441971e-01,0.000000000000000000e+00,1.178981272328823104e+00,8.367623461529494211e-01,0.000000000000000000e+00,-5.475662298394704530e-01,0.000000000000000000e+00,-8.912914361376238492e-01,1.288312698284357904e-02,-1.304462524041055823e-05,1.531971971435749147e+00,-4.068160804095041772e-01,-3.582308404466266446e-04,-8.912910884621598750e-01,1.288470332941476365e-02,-2.268565624622588951e-05,1.531969836162550891e+00,-4.068143104001240573e-01,-3.685643033650487293e-04,-2.255326703471926766e-08,9.840435206585345854e-09,2.837929925316293733e-01,1.645578325593686886e+00,5.333241287322073587e-01,-3.677538126850946054e-01,5.480649913471631329e-01,-4.330927005462903434e-01,-8.830603280280435730e-02,2.346450998607819971e-01,1.645578256281178042e+00,-5.333245430027150347e-01,3.677545038305465863e-01,5.480648961880205672e-01,4.330933593963344763e-01,-8.830618461224538918e-02,-2.346454800236234539e-01
7.796118100493535374e-01,0.000000000000000000e+00,1.168374959401860202e+00,8.500695947056438051e-01,0.000000000000000000e+00,-5.266703752414623185e-01,0.000000000000000000e+00,-8.766109111728291881e-01,1.236336994105409481e-02,1.808705758946582768e-05,1.504293758321842756e+00,-4.083092128633901696e-01,-5.200332056469296471e-04,-8.766091829209499142e-01,1.236459948639804900e-02,9.978913551116372165e-06,1.504287920946633550e+00,-4.083051228799830512e-01,-5.287023440981103916e-04,-2.823344426796523687e-08,7.302544123989241504e-09,2.780726646168518168e-01,1.653178481636222052e+00,5.298806951579480007e-01,-3.724669340424367481e-01,5.333518373637555765e-01,-4.283138136119921668e-01,-9.351721476339718009e-02,2.405216860885956431e-01,1.653178397315193893e+00,-5.298811216739212071e-01,3.724676206436701165e-01,5.333517590255024698e-01,4.283144641676399633e-01,-9.351737401748110023e-02,-2.405220649145931033e-01
7.867018882424086090e-01,0.000000000000000000e+00,1.157653220486706713e+00,8.628551388837912839e-01,0.000000000000000000e+00,-5.054512927096271868e-01,0.000000000000000000e+00,-8.647424762656326092e-01,1.182282187832093753e-02,2.526135746252962613e-05,1.486087300606898420e+00,-4.160048471310385243e-01,-6.853883359255871430e-04,-8.647404092322451552e-01,1.182329832162108511e-02,1.924770546205582464e-05,1.486080082712156303e+00,-4.159997087929561688e-01,-6.916632491619893481e-04,-3.404648710706861636e-08,5.927601744501912265e-09,2.724657103439965811e-01,1.660690655078162825e+00,5.282415921169684170e-01,-3.763528514560676164e-01,5.169585611878864118e-01,-4.247917827765916310e-01,-9.626001196111316771e-02,2.457428718310801508e-01,1.660690563155268418e+00,-5.282420345245180116e-01,3.763535328278311831e-01,5.169584836653831061e-01,4.247924277778709068e-01,-9.626017203658235322e-02,-2.457432554043157136e-01
7.937798742539715624e-01,0.000000000000000000e+00,1.146597052540898165e+00,8.751111319482914874e-01,0.000000000000000000e+00,-4.839220048108787697e-01,0.000000000000000000e+00,-8.553735584943329417e-01,1.126601431214934931e-02,2.682273318916268440e-05,1.476070693668672273e+00,-4.292586998580740776e-01,-7.952695422303399791e-04,-8.553718011180683201e-01,1.126561920445993265e-02,2.281227280933656774e-05,1.476063963371864851e+00,-4.292537303599444076e-01,-7.991752068152356775e-04,-3.699610064907827168e-08,5.083472992296122174e-09,2.667072896766698453e-01,1.667461533288953524e+00,5.280829974790559600e-01,-3.795136508065797276e-01,5.002470114555048752e-01,-4.221790963132792673e-01,-9.748994097196587993e-02,2.498937900440580118e-01,1.667461436045660772e+00,-5.280834514946258773e-01,3.795143287510106545e-01,5.002469328696120821e-01,4.221797372266734572e-01,-9.749010128738429259e-02,-2.498941790003695873e-01
8.008611078822044371e-01,0.000000000000000000e+00,1.134987452521971862e+00,8.868300521559394634e-01,0.000000000000000000e+00,-4.620957244912504702e-01,0.000000000000000000e+00,-8.480045626040759732e-01,1.069339765101535999e-02,3.195674320716901514e-05,1.472364192240531500e+00,-4.467917537345218459e-01,-8.346904641236992366e-04,-8.480034041538381251e-01,1.069220009446178107e-02,2.960031088744023643e-05,1.472359165498921207e+00,-4.467878804860526687e-01,-8.365866043789539500e-04,-3.607349485445157957e-08,4.191680518943297432e-09,2.607203269312785565e-01,1.672518508901548184e+00,5.288338363951902155e-01,-3.820452652615649036e-01,4.847195138132729397e-01,-4.202483662882513515e-01,-9.770919731353785997e-02,2.527501954394931194e-01,1.672518405328923929e+00,-5.288342942011197145e-01,3.820459425759312744e-01,4.847194405083278257e-01,4.202490038590634969e-01,-9.770936059885598768e-02,-2.527505867298001641e-01
8.079609289252692728e-01,0.000000000000000000e+00,1.122605417387462001e+00,8.980047073756741716e-01,0.000000000000000000e+00,-4.399858469668426197e-01,0.000000000000000000e+00,-8.422745739567090162e-01,1.010535081645118870e-02,4.334686049154340458e-05,1.473065172309363735e+00,-4.670939856669034662e-01,-8.029773006413698381e-04,-8.422740088386558854e-01,1.010352177293319040e-02,4.224678758944006485e-05,1.473062368935835531e+00,-4.670917364816248307e-01,-8.033210504738844734e-04,-3.132387037909119832e-08,2.849565697559463148e-09,2.545064621163102281e-01,1.674769171314169913e+00,5.298623493401892759e-01,-3.840572785503000297e-01,4.717567613781260549e-01,-4.188248307895097722e-01,-9.713007698998794848e-02,2.541933847939419899e-01,1.674769058798451171e+00,-5.298628021466007532e-01,3.840579581833073464e-01,4.717567032395295623e-01,4.188254654372269847e-01,-9.713024718713776651e-02,-2.541937733360830620e-01
8.150946771813279979e-01,0.000000000000000000e+00,1.109231944094906552e+00,9.086282395025246927e-01,0.000000000000000000e+00,-4.176059415029227950e-01,0.000000000000000000e+00,-8.381027532062184093e-01,9.503272561564196294e-03,5.786941609222829718e-05,1.476529245161093185e+00,-4.886117247991467738e-01,-7.051666952479670710e-04,-8.381025857626716036e-01,9.501028094818651099e-03,5.768203910669829517e-05,1.476528545397770564e+00,-4.886111788826315583e-01,-7.043892160511838144e-04,-2.334240879123102800e-08,7.751294215915073804e-10,2.481009284452149466e-01,1.673101563414185255e+00,5.305569627512740638e-01,-3.856771294472469136e-01,4.624893346579853626e-01,-4.177672166327439651e-01,-9.571213997482509728e-02,2.541954770326934065e-01,1.673101438874272651e+00,-5.305574023004157036e-01,3.856778139844537212e-01,4.624893019940763406e-01,4.177678487173854260e-01,-9.571232082985099698e-02,-2.541958569041927740e-01
8.222776924485432071e-01,0.000000000000000000e+00,1.094648029601840156e+00,9.186941286665681883e-01,0.000000000000000000e+00,-3.949697430861952574e-01,0.000000000000000000e+00,-8.357442270923786110e-01,8.890036214111638607e-03,6.717430644708529547e-05,1.481513863845152823e+00,-5.098501424557088102e-01,-5.497406619338325671e-04,-8.357442036344108205e-01,8.887601215519583264e-03,6.765818411496437180e-05,1.481514628417976986e+00,-5.098509180066420621e-01,-5.481846290298918222e-04,-1.294322196774713285e-08,-2.247488342183183694e-09,2.415499629242789381e-01,1.666436917352106750e+00,5.303621025256689547e-01,-3.870456265421300390e-01,4.577564171268208582e-01,-4.169606610210441766e-01,-9.318714404001812723e-02,2.528165433409715335e-01,1.666436777855622831e+00,-5.303625218135183950e-01,3.870463179098440620e-01,4.577564190413395129e-01,4.169612910022160723e-01,-9.318733839403554875e-02,-2.528169084970744440e-01
8.295253145250760518e-01,0.000000000000000000e+00,1.078634670865800116e+00,9.281961972342978040e-01,0.000000000000000000e+00,-3.720911439953773492e-01,0.000000000000000000e+00,-8.357961097169962494e-01,8.270271641079952191e-03,5.859618204640082119e-05,1.487242810501034018e+00,-5.294363481050157194e-01,-3.481847765131932358e-04,-8.357960594451067093e-01,8.267855986511507202e-03,5.963140452418391074e-05,1.487244035352935700e+00,-5.294376158754220407e-01,-3.460747234356598276e-04,-9.326297579956661853e-10,-6.401286449097764362e-09,2.348980149730313660e-01,1.653754466160564096e+00,5.287890799732247737e-01,-3.883075911840467298e-01,4.581295240873810570e-01,-4.163106454699484482e-01,-8.910249189616459287e-02,2.501960422665691075e-01,1.653754309149607638e+00,-5.287894733765226007e-01,3.883082905375221938e-01,4.581295680338280385e-01,4.163112739659521888e-01,-8.910270155855132268e-02,-2.501963868711200023e-01
8.368528832090893488e-01,0.000000000000000000e+00,1.060972864844320851e+00,9.371286135999612465e-01,0.000000000000000000e+00,-3.489841852752277873e-01,0.000000000000000000e+00,-8.391707089432498545e-01,7.650450542394856938e-03,1.633196065064761583e-05,1.493415310863406953e+00,-5.461567978710671900e-01,-1.150005213596006772e-04,-8.391706768693952823e-01,7.648233709186866291e-03,1.792283824137671692e-05,1.493415792950812948e+00,-5.461573138770319247e-01,-1.124317018625584639e-04,1.204131865187526138e-08,-1.185717909178032023e-08,2.281801221807859270e-01,1.634096716476883815e+00,5.254099822430308153e-01,-3.896001645238053035e-01,4.639854290872252873e-01,-4.157355823999597799e-01,-8.288612403044683108e-02,2.465345229522850623e-01,1.634096539735731879e+00,-5.254103452152839582e-01,3.896008722969135363e-01,4.639855212481435176e-01,4.157362101572611435e-01,-8.288635006791544857e-02,-2.465348414249586007e-01
8.443967306533228800e-01,0.000000000000000000e+00,1.040955483035818530e+00,9.453219911535355457e-01,0.000000000000000000e+00,-3.261385181813317158e-01,0.000000000000000000e+00,-8.465856488588526796e-01,7.143209499815841683e-03,-5.498118103350464172e-06,1.505146533542805587e+00,-5.566546321577199308e-01,-1.064600755273987143e-04,-8.465851087312642465e-01,7.141221034809951476e-03,-2.709186969622080364e-06,1.505146285674910489e+00,-5.566549249473674577e-01,-1.028606448113811571e-04,3.574052192080674928e-08,-1.526418361446850977e-08,2.222979633045939207e-01,1.608444377849324702e+00,5.198232443447766693e-01,-3.907160309255852115e-01,4.773368004200770343e-01,-4.115063206759508319e-01,-8.581660773980399892e-02,2.418513940983166577e-01,1.608444181163918296e+00,-5.198235476599604166e-01,3.907167527052078371e-01,4.773369679953618494e-01,4.115069455618520777e-01,-8.581686583693508286e-02,-2.418516804071155768e-01
8.522166890037981002e-01,0.000000000000000000e+00,1.018416790539002470e+00,9.529585211723463622e-01,0.000000000000000000e+00,-3.031007372558084945e-01,0.000000000000000000e+00,-8.597211458180666899e-01,6.519566632012674910e-03,-3.271154879337229680e-05,1.532180343531756028e+00,-5.755280525015710191e-01,-1.734299925302331682e-04,-8.597202689641288975e-01,6.518099099018034512e-03,-3.008920377834309640e-05,1.532180105122491032e+00,-5.755286895986729823e-01,-1.702200625959414306e-04,4.680471887604519286e-08,-1.483368251329488560e-08,2.166935624372186842e-01,1.563109673432134361e+00,5.094420356684424833e-01,-3.912568512455815717e-01,5.075386766260858717e-01,-4.048744900240666689e-01,-9.426365973509799601e-02,2.321754856451233584e-01,1.563109463657829323e+00,-5.094422865843002413e-01,3.912575726311908753e-01,5.075389205925956437e-01,4.048751083737020529e-01,-9.426395533377014690e-02,-2.321757433905253243e-01
8.602133480485977257e-01,0.000000000000000000e+00,9.939498747118562516e-01,9.600337053130191256e-01,0.000000000000000000e+00,-2.798844130403749797e-01,0.000000000000000000e+00,-8.685096707279280626e-01,6.145305823223373362e-03,-5.592769275428646617e-05,1.555063516723450556e+00,-5.918689569851720567e-01,-2.254179902250458951e-04,-8.685089348402603715e-01,6.142535934303022284e-03,-5.122191987058642996e-05,1.555064030480830528e+00,-5.918702024408859508e-01,-2.196195860195984879e-04,4.730282167194701113e-08,-2.117719135112679760e-08,2.134909423143055429e-01,1.533149415870591614e+00,5.051137215610264075e-01,-3.907805750496028963e-01,5.207182404856517399e-01,-4.022929941324837610e-01,-9.353830928018692925e-02,2.270948325945269519e-01,1.533149194840169205e+00,-5.051139655914640425e-01,3.907812943336149147e-01,5.207185035969783549e-01,4.022936102298045324e-01,-9.353860491732556015e-02,-2.270950711387982879e-01
8.682872975758054723e-01,0.000000000000000000e+00,9.681478229123592349e-01,9.665433758963046795e-01,0.000000000000000000e+00,-2.565032212487296515e-01,0.000000000000000000e+00,-8.818601865815187679e-01,5.549671803498175057e-03,-6.927953045141300407e-05,1.594990571657846301e+00,-6.218933344740363856e-01,-2.744724745231292293e-04,-8.818597695279545290e-01,5.547417241918864948e-03,-6.555065055206380539e-05,1.594992447957620518e+00,-6.218956245367321944e-01,-2.698343956138685336e-04,4.170961976727876206e-08,-2.047066677100998120e-08,2.092784603878248550e-01,1.480379349153736035e+00,4.977600659653382276e-01,-3.893895949558492942e-01,5.454285078291810640e-01,-3.989620182721531072e-01,-9.057109522168541038e-02,2.177118878899325649e-01,1.480379131685887861e+00,-4.977603039433667886e-01,3.893903032397645902e-01,5.454287762817497942e-01,3.989626319916600439e-01,-9.057139006302428186e-02,-2.177121175185080804e-01
8.763391273735035014e-01,0.000000000000000000e+00,9.416037224984954435e-01,9.724836983620734898e-01,0.000000000000000000e+00,-2.329709347107999096e-01,0.000000000000000000e+00,-8.917825281016508177e-01,5.035900167022920072e-03,-6.329893412224174619e-05,1.629176070489731343e+00,-6.490103596709890788e-01,-2.845426781270769400e-04,-8.917823591185819465e-01,5.033911310281139612e-03,-6.015248938041351521e-05,1.629179035281873356e+00,-6.490134908001429226e-01,-2.805945109528951240e-04,3.264466135266499982e-08,-1.949812555610970468e-08,2.059154682798502722e-01,1.433365560610375011e+00,4.925604788980672555e-01,-3.876604095979127029e-01,5.643774042810175695e-01,-3.971818677274727705e-01,-8.403852985825469024e-02,2.099941596733897742e-01,1.433365352441149820e+00,-4.925607256306106518e-01,3.876611069351716954e-01,5.643776518599105119e-01,3.971824805208342135e-01,-8.403881010481299707e-02,-2.099943887718174196e-01
8.842694272297756397e-01,0.000000000000000000e+00,9.149106608282440156e-01,9.778511735280878137e-01,0.000000000000000000e+00,-2.093014152597671429e-01,0.000000000000000000e+00,-9.004606763099746169e-01,4.518113632372975849e-03,-4.332463694996458787e-05,1.660665256883460117e+00,-6.746197305198732286e-01,-2.654428984896775806e-04,-9.004606183257066743e-01,4.516253163746246184e-03,-4.042509187193215394e-05,1.660668920253018266e+00,-6.746234499505092685e-01,-2.617989112168372717e-04,2.694826896551410297e-08,-1.984682020732283266e-08,2.023686984001005773e-01,1.386229123920521999e+00,4.884385131574695560e-01,-3.857040495133878810e-01,5.802840111476006424e-01,-3.961314437805421584e-01,-7.409700609009134409e-02,2.031013856243752413e-01,1.386228922708581335e+00,-4.884387646512874936e-01,3.857047390161312816e-01,5.802842413062021532e-01,3.961320566633333429e-01,-7.409727242193020480e-02,-2.031016118540540372e-01
8.919787869327043817e-01,0.000000000000000000e+00,8.886617252595891969e-01,9.826426396512142336e-01,0.000000000000000000e+00,-1.855086055666797240e-01,0.000000000000000000e+00,-9.088454176978041366e-01,3.989990976169333417e-03,-1.513335314559464804e-05,1.688320807812506708e+00,-6.966907773206983956e-01,-2.195721672085700874e-04,-9.088453205808885160e-01,3.988360715245880574e-03,-1.249209379252721166e-05,1.688324594378759480e+00,-6.966946603151460415e-01,-2.162863368915363376e-04,2.530214141054479845e-08,-2.115384941682774251e-08,1.986037897701130039e-01,1.338091579888882832e+00,4.843813369729118579e-01,-3.836945625411485317e-01,5.961542625289789621e-01,-3.951948766926668966e-01,-6.291298272816216175e-02,1.965490222662820141e-01,1.338091381631238086e+00,-4.843815840160365371e-01,3.836952467185874016e-01,5.961544894070174294e-01,3.951954899156290835e-01,-6.291324248280506792e-02,-1.965492408966819371e-01
8.993677962703736650e-01,0.000000000000000000e+00,8.634500031505099038e-01,9.868552742898686336e-01,0.000000000000000000e+00,-1.616065209274309966e-01,0.000000000000000000e+00,-9.182768140612471708e-01,3.454376640304989907e-03,1.057220112634631221e-05,1.711109217461419529e+00,-7.128564458044635010e-01,-1.533208341717021475e-04,-9.182766027217529325e-01,3.453124105878031293e-03,1.292154281189134743e-05,1.711112459443583367e+00,-7.128599002637791004e-01,-1.504871675195361500e-04,2.747475194903645935e-08,-2.369508256367939724e-08,1.946486146045343091e-01,1.288722279495978951e+00,4.794852024110611288e-01,-3.818079782057986482e-01,6.145941901828058107e-01,-3.938181294503436680e-01,-5.265462813341319909e-02,1.900352260205848687e-01,1.288722079190108616e+00,-4.794854344713047611e-01,3.818086590103345057e-01,6.145944320138706507e-01,3.938187427575275956e-01,-5.265489069005047096e-02,-1.900354306621532818e-01
9.063370450308654291e-01,0.000000000000000000e+00,8.398685818589903818e-01,9.904865959665907216e-01,0.000000000000000000e+00,-1.376092410069752192e-01,0.000000000000000000e+00,-9.305350102960008307e-01,2.916533927487543598e-03,2.028277519729647057e-05,1.728474001842667196e+00,-7.207810146480831959e-01,-7.761281847460444513e-05,-9.305347563573078684e-01,2.915808200560830298e-03,2.235131327092518174e-05,1.728476031003967295e+00,-7.207833012979972809e-01,-7.527825797956784991e-05,3.340184614850691916e-08,-2.801548444194826971e-08,1.905135407444301654e-01,1.237973844503335252e+00,4.728753713494686650e-01,-3.802112940242452499e-01,6.380672674066223404e-01,-3.914822259350941858e-01,-4.541356019908817515e-02,1.833489400031224625e-01,1.237973636028480540e+00,-4.728755766977731367e-01,3.802119730554555654e-01,6.380675458665874267e-01,3.914828387695291623e-01,-4.541383631712751084e-02,-1.833491224654307528e-01
9.127871230022637228e-01,0.000000000000000000e+00,8.185105487430097693e-01,9.935344656297744326e-01,0.000000000000000000e+00,-1.135309015456077708e-01,0.000000000000000000e+00,-9.476904547806427326e-01,2.383084244113166904e-03,-7.122147017164206811e-07,1.740241952912887413e+00,-7.182209717473950761e-01,-7.940689566506324641e-06,-9.476904250412725439e-01,2.383024111344081604e-03,1.134307976128638484e-06,1.740242175176665462e+00,-7.182212302846922025e-01,-6.092413286988604783e-06,4.335283214916466314e-08,-3.488615786617781019e-08,1.861880175445443653e-01,1.185652036104484441e+00,4.636618077372694491e-01,-3.790403545006824082e-01,6.690942538310252763e-01,-3.877076298012679945e-01,-4.328088712509993441e-02,1.763321333079246878e-01,1.185651811512295817e+00,-4.636619725223792843e-01,3.790410330202816369e-01,6.690945960367714607e-01,3.877082414763638463e-01,-4.328118997060368539e-02,-1.763322829690431581e-01
9.188020782559203070e-01,0.000000000000000000e+00,7.986956975262762271e-01,9.947618434325699033e-01,0.000000000000000000e+00,-1.022197380677299650e-01,0.000000000000000000e+00,-9.412077778441509945e-01,2.168298132123855186e-03,7.509897276240261647e-05,1.747866826411501373e+00,-7.319933831699595439e-01,4.042819864069063384e-05,-9.412063813332948170e-01,2.166612990761155027e-03,7.626918749234320907e-05,1.747865994915094756e+00,-7.319939455597267441e-01,4.225048049219874669e-05,2.300179067584916588e-08,-2.564314224920353748e-08,1.850129001482188063e-01,1.164419313207722517e+00,4.644262570672105794e-01,-3.772564502870265346e-01,6.698732022851497936e-01,-3.868301867934639815e-01,-4.161430617354489742e-02,1.735417963985281253e-01,1.164419103869448024e+00,-4.644264601737523868e-01,3.772571175497411167e-01,6.698734916220985269e-01,3.868307928389821959e-01,-4.161458340459511795e-02,-1.735419690808917559e-01
9.245316962364267255e-01,0.000000000000000000e+00,7.794310822766432612e-01,9.958604504333485874e-01,0.000000000000000000e+00,-9.089534235970547771e-02,0.000000000000000000e+00,-9.339384750677385272e-01,1.853148873156034880e-03,1.684337036250453863e-04,1.763837404435190104e+00,-7.546184747236904800e-01,1.060768851780213276e-04,-9.339352495713356683e-01,1.851613731920814755e-03,1.694617989860964776e-04,1.763835295166759076e+00,-7.546195876995555052e-01,1.077148824831686996e-04,8.069284145801077101e-09,-1.502116046847797908e-08,1.824119765881033195e-01,1.129368743641000039e+00,4.659800141930392492e-01,-3.745928920123900441e-01,6.685797900576663233e-01,-3.860278398606576955e-01,-3.415984911109182925e-02,1.700745099754835676e-01,1.129368568371825088e+00,-4.659802562385066405e-01,3.745935479097588505e-01,6.685799885916207108e-01,3.860284462102167580e-01,-3.416008152690845623e-02,-1.700747159670047970e-01
9.299751727917237032e-01,0.000000000000000000e+00,7.608406808683190192e-01,9.968301444186696836e-01,0.000000000000000000e+00,-7.955918035182539538e-02,0.000000000000000000e+00,-9.336691056297478086e-01,1.662050940561947106e-03,1.965458971154640652e-04,1.777110139114985943e+00,-7.676785270102740588e-01,1.278298754583255829e-04,-9.336652366757460797e-01,1.659773590933353487e-03,1.989740681726582291e-04,1.777107758223894995e+00,-7.676800108498157416e-01,1.311284880681413989e-04,2.972364109554664330e-09,-1.774270961648999990e-08,1.802596027411257074e-01,1.104747311612827243e+00,4.665372628995920201e-01,-3.730652800838705763e-01,6.675283354209026188e-01,-3.855814100048848281e-01,-2.681752467355057873e-02,1.685213405236872242e-01,1.104747137056479200e+00,-4.665375165764658605e-01,3.730659350634126792e-01,6.675285122490216549e-01,3.855820145167478952e-01,-2.681773961645855797e-02,-1.685215467550793822e-01
9.351317037697529644e-01,0.000000000000000000e+00,7.430484711755084293e-01,9.976707998627371010e-01,0.000000000000000000e+00,-6.821271949751300800e-02,0.000000000000000000e+00,-9.379206763962865123e-01,1.370446847114315317e-03,2.168235491957122302e-04,1.800755690581568702e+00,-7.864000989625461457e-01,1.497185245038874443e-04,-9.379162950592506709e-01,1.368909987339191493e-03,2.191282874894654137e-04,1.800753284446171332e+00,-7.864020722602543811e-01,1.526037943812165844e-04,1.013846334997292058e-08,-2.015984661803802050e-08,1.765099934070762100e-01,1.060626881989804593e+00,4.650182999767704661e-01,-3.709100027960106072e-01,6.737847020143425958e-01,-3.842546358019680031e-01,-1.603257777880843019e-02,1.650367951101171793e-01,1.060626710303108622e+00,-4.650185368773319672e-01,3.709106552807580615e-01,6.737848880639876192e-01,3.842552429031662053e-01,-1.603279657172810777e-02,-1.650369937348450389e-01
9.400004850184550120e-01,0.000000000000000000e+00,7.261784310724188618e-01,9.983823079436490167e-01,0.000000000000000000e+00,-5.685742858336780003e-02,0.000000000000000000e+00,-9.460388889003346069e-01,1.134245344346323028e-03,2.075857915256197183e-04,1.822204782710481474e+00,-7.991526325181661505e-01,1.494509082281943397e-04,-9.460346050254939687e-01,1.133125315828796076e-03,2.099006195138843718e-04,1.822202782389473530e+00,-7.991549153978241282e-01,1.521750488217390768e-04,1.670536700222621192e-08,-2.455800598643919032e-08,1.733402235356126808e-01,1.019272454327123434e+00,4.614339532197844207e-01,-3.692914671519179071e-01,6.867400446224898314e-01,-3.822606778194430066e-01,-9.630392464797948165e-03,1.611109608568073726e-01,1.019272274635210307e+00,-4.614341666374062734e-01,3.692921180703438999e-01,6.867402670699936929e-01,3.822612844555762779e-01,-9.630628380051428281e-03,-1.611111418650497396e-01
9.445807123857710152e-01,0.000000000000000000e+00,7.103545384332564661e-01,9.989645765574844960e-01,0.000000000000000000e+00,-4.549477753902898131e-02,0.000000000000000000e+00,-9.571660498406739936e-01,9.076711261550610924e-04,1.813882429184575308e-04,1.843243671048278687e+00,-8.084861746455803688e-01,1.354950185152300828e-04,-9.571622296719897172e-01,9.067923120648175780e-04,1.838317966952313749e-04,1.843242286987652578e+00,-8.084886109357419803e-01,1.382504127672388452e-04,2.275047818737723590e-08,-3.078341444258613471e-08,1.702266250422732330e-01,9.762914043971152589e-01,4.563182155102081250e-01,-3.678325850596984026e-01,7.050774005465010319e-01,-3.795713824276873982e-01,-6.138510423755926849e-03,1.565581902186130581e-01,9.762912099134808397e-01,-4.563184012396138689e-01,3.678332349784509958e-01,7.050776745135923784e-01,3.795719867890401389e-01,-6.138769728075424252e-03,-1.565583467330128042e-01
9.488715817196428093e-01,0.000000000000000000e+00,6.957007711322262811e-01,9.994175303302261781e-01,0.000000000000000000e+00,-3.412623724689639593e-02,0.000000000000000000e+00,-9.705808701131251048e-01,6.848442998126844355e-04,1.440576606215018720e-04,1.862841780835265304e+00,-8.140915444320294680e-01,1.114429289640140518e-04,-9.705777791042951019e-01,6.842311533533331673e-04,1.465275928574520431e-04,1.862841059986834136e+00,-8.140939156755386819e-01,1.141262879967585870e-04,2.838717971721476416e-08,-3.755656057416113980e-08,1.671475909627113676e-01,9.322571417057451404e-01,4.499732081030001218e-01,-3.664612598249657460e-01,7.281177203240007945e-01,-3.762111989132556067e-01,-5.915566791613880923e-03,1.514323851294982759e-01,9.322569294635184578e-01,-4.499733633890283802e-01,3.664619083987473158e-01,7.281180544470765570e-01,3.762118001334726070e-01,-5.915853645170247518e-03,-1.514325138778838120e-01
9.528722888680105640e-01,0.000000000000000000e+00,6.823411070435364545e-01,9.997411106275175818e-01,0.000000000000000000e+00,-2.275327935172784602e-02,0.000000000000000000e+00,-9.856313360441040228e-01,4.638533489296219232e-04,9.978441436303041117e-05,1.879653710236205422e+00,-8.152765975539049137e-01,7.992643939204718134e-05,-9.856291587010852506e-01,4.635674960343202423e-04,1.021238663146598855e-04,1.879653546349831172e+00,-8.152786131435031391e-01,8.236700444931252009e-05,3.304266708296592746e-08,-4.394244688968106333e-08,1.641306799140115624e-01,8.884615032934024548e-01,4.428079753169386068e-01,-3.651342866001081600e-01,7.545953046442095413e-01,-3.722795917054544934e-01,-9.186936693211376903e-03,1.459568748574290864e-01,8.884612726788095882e-01,-4.428081001172874398e-01,3.651349330067585330e-01,7.545957013089176213e-01,3.722801893305558441e-01,-9.187252484340125216e-03,-1.459569755423442694e-01
9.565820296788161148e-01,0.000000000000000000e+00,6.703995240413919143e-01,9.999352755622530342e-01,0.000000000000000000e+00,-1.137737607013290450e-02,0.000000000000000000e+00,-9.978053736514116423e-01,2.947918999626437725e-04,6.164804653622934117e-05,1.889259431094459929e+00,-8.122891086043281250e-01,5.244990454429941966e-05,-9.978039522238011383e-01,2.948836931049887830e-04,6.521801828775875649e-05,1.889259484817514601e+00,-8.122905893001778344e-01,5.597639794128876113e-05,3.710215237810403874e-08,-5.532359835264658071e-08,1.615753027296043254e-01,8.588575681182656352e-01,4.385253662764145854e-01,-3.642289083317247211e-01,7.696274594112042511e-01,-3.695612471588375914e-01,-1.076998937794587663e-02,1.430935142408799876e-01,8.588573154785702490e-01,-4.385254665104684757e-01,3.642295573463467662e-01,7.696279081725312388e-01,3.695618415873297424e-01,-1.077032526784168533e-02,-1.430935863327912061e-01
9.599999999999999645e-01,0.000000000000000000e+00,6.600000000000000311e-01,1.000000000000000000e+00,0.000000000000000000e+00,-1.224646799147353207e-16,0.000000000000000000e+00,-1.017764265869997464e+00,2.693884073668345635e-05,4.579088883035070057e-06,1.898968094309676724e+00,-8.013315605350564974e-01,5.619621605061899338e-06,-1.017764104665755287e+00,2.752466083672142039e-05,6.677638650048138197e-06,1.898968091313591566e+00,-8.013317244370133929e-01,7.552279470816248332e-06,4.306297567521438038e-08,-6.048210817397692105e-08,1.580638732581700068e-01,8.111795415515562491e-01,4.296624889123115687e-01,-3.627054160322654708e-01,8.030909153571620385e-01,-3.640627566220283051e-01,-2.158419330281451110e-02,1.368594523482392078e-01,8.111792655803342633e-01,-4.296625494141941282e-01,3.627060589229095244e-01,8.030914541029554599e-01,3.640633472529153924e-01,-2.158457615900712806e-02,-1.368594922407581627e-01
9.630179235229728851e-01,0.000000000000000000e+00,6.515576058691671113e-01,1.000000000000000000e+00,0.000000000000000000e+00,-1.224646799147353207e-16,0.000000000000000000e+00,-1.009613341922911633e+00,-3.836981538428295869e-06,4.239626312136743238e-05,1.900158816122697880e+00,-8.107942864346093792e-01,4.387816908358762832e-05,-1.009612407132394418e+00,-4.830074559095455815e-06,4.248274154617878197e-05,1.900158539748951103e+00,-8.107949418895510352e-01,4.428888965294256277e-05,2.382169309044312539e-08,-4.103640397043120550e-08,1.573988211625372280e-01,7.950253942809408780e-01,4.294271351315483987e-01,-3.612099221274580607e-01,8.064327088950692390e-01,-3.636790752786596137e-01,-2.192974380411319771e-02,1.345604269623493221e-01,7.950251403792090166e-01,-4.294272373561854317e-01,3.612105572410844179e-01,8.064331799300272774e-01,3.636796593257541899e-01,-2.193009324419734757e-02,-1.345605011276814755e-01
9.655764806784313814e-01,0.000000000000000000e+00,6.451743669736843545e-01,1.000000000000000000e+00,0.000000000000000000e+00,-1.224646799147353207e-16,0.000000000000000000e+00,-1.000755483455730621e+00,-2.154371655759657368e-05,7.774942568514303632e-05,1.899668589662723450e+00,-8.194893910315571572e-01,8.095843118920213440e-05,-1.000753779743043914e+00,-2.288385006808247487e-05,7.685879461562194722e-05,1.899668031873320340e+00,-8.194905314643414762e-01,8.052000841687400408e-05,8.931663091432864240e-09,-2.559584728735932267e-08,1.561835571391488875e-01,7.795956774489658514e-01,4.301243846790586134e-01,-3.597510948227367611e-01,8.045876983270162652e-01,-3.636687522448238674e-01,-1.967196246967409939e-02,1.333196531874351887e-01,7.795954536447453620e-01,-4.301245282482116239e-01,3.597517248695062952e-01,8.045880798635064446e-01,3.636693337215241018e-01,-1.967226558245073476e-02,-1.333197629828543895e-01
9.677483024232452768e-01,0.000000000000000000e+00,6.405046927502310306e-01,1.000000000000000000e+00,0.000000000000000000e+00,-1.224646799147353207e-16,0.000000000000000000e+00,-9.945126684416516483e-01,-3.105514201410589895e-05,9.798501397234065020e-05,1.897545718806913806e+00,-8.240271302671607900e-01,1.027208608357474173e-04,-9.945105077870333155e-01,-3.196071012092451181e-05,9.675443363351324115e-05,1.897544978798312520e+00,-8.240285466138304038e-01,1.018088416949691462e-04,1.604951844269061618e-09,-1.707162346468297089e-08,1.544920628975250954e-01,7.650082621250563486e-01,4.306334396113201679e-01,-3.585428798805412876e-01,8.014123902392890075e-01,-3.635248710063564981e-01,-1.710223914855649174e-02,1.328324037596317064e-01,7.650080660789237985e-01,-4.306336112541018224e-01,3.585435070023873516e-01,8.014126938449693816e-01,3.635254537108715267e-01,-1.710250107856194773e-02,-1.328325397867861357e-01
9.696060197142853943e-01,0.000000000000000000e+00,6.372029926354886298e-01,1.000000000000000000e+00,0.000000000000000000e+00,-1.224646799147353207e-16,0.000000000000000000e+00,-9.913116146513301086e-01,-3.402336457344046341e-05,1.025347356475446350e-04,1.894035015674644162e+00,-8.241647075585517568e-01,1.079942139359559559e-04,-9.913093442820852808e-01,-3.423650396870809659e-05,1.012302045034052495e-04,1.894034221924910222e+00,-8.241661822724490882e-01,1.067718579173399234e-04,7.855736804658326162e-11,-1.442077747864290376e-08,1.524899980499478114e-01,7.509205354625163586e-01,4.304967829149417557e-01,-3.575870518430486755e-01,7.989257912237878179e-01,-3.630384475880696349e-01,-1.548920940970651555e-02,1.327455277256568145e-01,7.509203593929437703e-01,-4.304969683546792658e-01,3.575876773478373072e-01,7.989260422418238416e-01,3.630390331633715495e-01,-1.548944300262027063e-02,-1.327456783259157447e-01
9.712222635084215572e-01,0.000000000000000000e+00,6.349236760661371992e-01,1.000000000000000000e+00,0.000000000000000000e+00,-1.224646799147353207e-16,0.000000000000000000e+00,-9.905972607368347393e-01,-3.191194122386309726e-05,9.433628989155474381e-05,1.889334941902145237e+00,-8.206292422236736162e-01,9.967052839819550499e-05,-9.905951701461673808e-01,-3.145079176992328514e-05,9.301985571212238832e-05,1.889334207278776212e+00,-8.206305986587343337e-01,9.819866439115714559e-05,1.978515312123595043e-09,-1.576613842008469781e-08,1.503226808146591043e-01,7.370349448931275971e-01,4.295875593619544741e-01,-3.568331041622831434e-01,7.980501907290384889e-01,-3.621499343496779599e-01,-1.541986684870633173e-02,1.327948956653678403e-01,7.370347796873994994e-01,-4.295877470941545373e-01,3.568337287590640505e-01,7.980504163297692521e-01,3.621505227022771556e-01,-1.542008623730797834e-02,-1.327950505019033223e-01
9.726696647625241443e-01,0.000000000000000000e+00,6.333211524788574520e-01,1.000000000000000000e+00,0.000000000000000000e+00,-1.224646799147353207e-16,0.000000000000000000e+00,-9.914904633396766087e-01,-2.637174651278601737e-05,7.730948984057791815e-05,1.883596196325323158e+00,-8.144401871677876548e-01,8.188085417973591722e-05,-9.914887538142582724e-01,-2.537264892996675587e-05,7.595052537857327718e-05,1.883595598168752216e+00,-8.144413008846508317e-01,8.017610352769151882e-05,5.373706428568967682e-09,-1.930049816883954791e-08,1.480936928253460683e-01,7.231942312476437040e-01,4.279661886062058329e-01,-3.562200808301001498e-01,7.989998685468180373e-01,-3.608884982711215161e-01,-1.701524476591050397e-02,1.328212138287575284e-01,7.231940690050442377e-01,-4.279663709093544655e-01,3.562207047839280327e-01,7.990000911970612796e-01,3.608890884098453489e-01,-1.701546180006059325e-02,-1.328213653761229629e-01
9.740208544334633123e-01,0.000000000000000000e+00,6.320498313103298793e-01,1.000000000000000000e+00,0.000000000000000000e+00,-1.224646799147353207e-16,0.000000000000000000e+00,-9.930213629889178550e-01,-1.909648393722306327e-05,5.565045904535034701e-05,1.876961364344625460e+00,-8.067061461383666643e-01,5.911008672105092160e-05,-9.930201389655731736e-01,-1.774066805182156063e-05,5.418291464851404974e-05,1.876960939402550599e+00,-8.067069487796170169e-01,5.717167537499702891e-05,8.897321366331204737e-09,-2.351310050082305211e-08,1.458701492237748920e-01,7.093655780064408445e-01,4.258054236590271269e-01,-3.556876865701050217e-01,8.015245807998315763e-01,-3.593388476322054159e-01,-2.008073384685094345e-02,1.327501558103178769e-01,7.093654132569167103e-01,-4.258055965752757244e-01,3.556883098089642092e-01,8.015248153987520885e-01,3.593394383163286965e-01,-2.008095648666206878e-02,-1.327502997930623263e-01
9.753484634781096618e-01,0.000000000000000000e+00,6.307641219972349722e-01,1.000000000000000000e+00,0.000000000000000000e+00,-1.224646799147353207e-16,0.000000000000000000e+00,-9.942153573848288017e-01,-1.168222097508003201e-05,3.363577531132168005e-05,1.869593791841702268e+00,-7.985637308594971673e-01,3.591164004456169146e-05,-9.942146257468436055e-01,-1.016487583996096904e-05,3.198444372179937931e-05,1.869593538781937569e+00,-7.985642134591317554e-01,3.373335491528513296e-05,1.164100869331769349e-08,-2.720459785947707720e-08,1.436930457380238002e-01,6.956035951439630827e-01,4.233454308499514096e-01,-3.551798910121257147e-01,8.050740163720360165e-01,-3.576191757730374787e-01,-2.421230509623614399e-02,1.325665047404699648e-01,6.956034252106443327e-01,-4.233455937860050589e-01,3.551805132379599050e-01,8.050742695785564340e-01,3.576197658699435955e-01,-2.421253699793502606e-02,-1.325666400335631656e-01
9.767251228533332386e-01,0.000000000000000000e+00,6.291184339762533329e-01,1.000000000000000000e+00,0.000000000000000000e+00,-1.224646799147353207e-16,0.000000000000000000e+00,-9.941246561329151188e-01,-5.579734299174104373e-06,1.555123356072421492e-05,1.861688467724835538e+00,-7.911553287924784073e-01,1.680801959286490341e-05,-9.941243285704279842e-01,-4.096700632007097984e-06,1.364270595267308482e-05,1.861688352546465364e+00,-7.911555448533765800e-01,1.438373164952297080e-05,1.302289602739365281e-08,-2.943804709093995569e-08,1.415862774243709377e-01,6.820176975433083211e-01,4.208655513548503757e-01,-3.546464928505579928e-01,8.089087357969865222e-01,-3.558659244576807268e-01,-2.886957885344731620e-02,1.322921709573982585e-01,6.820175224585650620e-01,-4.208657065890402671e-01,3.546471136579638639e-01,8.089090064508593914e-01,3.558665130788501441e-01,-2.886981956113766207e-02,-1.322922992556424815e-01
9.782234635160044212e-01,0.000000000000000000e+00,6.267671766840655634e-01,1.000000000000000000e+00,0.000000000000000000e+00,-1.224646799147353207e-16,0.000000000000000000e+00,-9.918356215931458664e-01,-2.140011316595346655e-06,5.637802231840948483e-06,1.853465570517601080e+00,-7.856147554209778061e-01,6.249425883909985089e-06,-9.918355179181709280e-01,-8.811496657851563183e-07,3.403990971368589251e-06,1.853465531526049315e+00,-7.856148225931429696e-01,3.575906057063564939e-06,1.268351221146471797e-08,-2.948093170691377489e-08,1.395628890376129083e-01,6.687485697776743843e-01,4.186667075007497463e-01,-3.540434487182421153e-01,8.121733709826826075e-01,-3.542239817911551070e-01,-3.342426990362368927e-02,1.319703307354193611e-01,6.687483920201641174e-01,-4.186668597171669393e-01,3.540440677016115090e-01,8.121736509391280778e-01,3.542245683049584648e-01,-3.342451527668358763e-02,-1.319704561660949571e-01
9.798702037625158789e-01,0.000000000000000000e+00,6.237606815979324093e-01,1.000000000000000000e+00,0.000000000000000000e+00,-1.224646799147353207e-16,0.000000000000000000e+00,-9.872408524648677020e-01,-9.973218098219660499e-07,2.738874072557564640e-06,1.844259024405837222e+00,-7.817822659816540121e-01,3.069126488002554995e-06,-9.872408196806417013e-01,3.235284018193402199e-08,4.597127208052704099e-08,1.844259011041532892e+00,-7.817822865846479896e-01,1.643716855151342637e-08,8.919816683528748784e-09,-2.618476960577147593e-08,1.379810394861439304e-01,6.550052607244870595e-01,4.168312364687160043e-01,-3.533312480143457890e-01,8.139570174515294854e-01,-3.533189850371231122e-01,-3.506504820725566546e-02,1.314306611066452524e-01,6.550050848431538952e-01,-4.168313948493441723e-01,3.533318652266269067e-01,8.139572885956434245e-01,3.533195684056266161e-01,-3.506528802386287003e-02,-1.314307909108921313e-01
9.816048660985535745e-01,0.000000000000000000e+00,6.204853008634789724e-01,1.000000000000000000e+00,0.000000000000000000e+00,-1.224646799147353207e-16,0.000000000000000000e+00,-9.811664543298476149e-01,-6.655462093024384473e-07,2.046856739308436171e-06,1.833345552594663364e+00,-7.778515451320935359e-01,2.279661199497432726e-06,-9.811664439925140702e-01,3.543417831862408311e-07,-1.193855273843189300e-06,1.833345548017843551e+00,-7.778515513832380268e-01,-1.314331663957717960e-06,4.193491576017922514e-09,-2.125316036684881125e-08,1.365237054038353770e-01,6.409271786925154757e-01,4.151987402182357734e-01,-3.526550724240465340e-01,8.139516509430508862e-01,-3.527708447774599576e-01,-3.439185243839094908e-02,1.312654032512728386e-01,6.409270095519671306e-01,-4.151989099363885272e-01,3.526556878672859052e-01,8.139518988434641944e-01,3.527714254291717255e-01,-3.439207900505176357e-02,-1.312655424968353912e-01
9.833692877949278266e-01,0.000000000000000000e+00,6.170994749199302243e-01,1.000000000000000000e+00,0.000000000000000000e+00,-1.224646799147353207e-16,0.000000000000000000e+00,-9.740706264430911698e-01,-6.128144558067894659e-07,2.000148911082404229e-06,1.820858803225154476e+00,-7.734112434293871630e-01,2.214411078302198996e-06,-9.740706231916665958e-01,5.120867764256961338e-07,-1.740108102277835945e-06,1.820858801662770254e+00,-7.734112453074412086e-01,-1.913394327409897066e-06,-1.178859951680970990e-10,-1.602880931137207697e-08,1.350705820765712717e-01,6.268280505677480408e-01,4.137070658773396858e-01,-3.520506271324421177e-01,8.123796638063475184e-01,-3.524125212076150149e-01,-3.211368981055037763e-02,1.315527162845369635e-01,6.268278916116637456e-01,-4.137072487948427191e-01,3.520512408222385980e-01,8.123798799767991685e-01,3.524131001417419862e-01,-3.211389880544611442e-02,-1.315528674803596865e-01
9.851053061224490648e-01,0.000000000000000000e+00,6.137616442065122468e-01,1.000000000000000000e+00,0.000000000000000000e+00,-1.224646799147353207e-16,0.000000000000000000e+00,-9.663037181478364435e-01,-6.432923643772728002e-07,2.094759482541215538e-06,1.807223739827134246e+00,-7.685067889666917784e-01,2.318215395592965137e-06,-9.663037171265704828e-01,6.106810537208632815e-07,-2.015771917482806156e-06,1.807223739295326315e+00,-7.685067895256505466e-01,-2.224574019446142141e-06,-3.301000078183185486e-09,-1.141686758310706912e-08,1.335751135811405477e-01,6.130630644426827702e-01,4.123206920298660982e-01,-3.515132375832429323e-01,8.096752690065034397e-01,-3.521409492228315674e-01,-2.902759330126025022e-02,1.321922601513097761e-01,6.130629172121179193e-01,-4.123208875169817600e-01,3.515138495195486157e-01,8.096754510869059729e-01,3.521415275162620429e-01,-2.902778375886461842e-02,-1.321924235490723742e-01
9.867547583519273857e-01,0.000000000000000000e+00,6.106302491624505668e-01,1.000000000000000000e+00,0.000000000000000000e+00,-1.224646799147353207e-16,0.000000000000000000e+00,-9.581856013525538174e-01,-6.839732614977919723e-07,2.170596602091897758e-06,1.792969364233055529e+00,-7.633375234624832917e-01,2.408073564019215049e-06,-9.581856010318174910e-01,6.734344572660457799e-07,-2.146659737378402313e-06,1.792969364052423131e+00,-7.633375236273295394e-01,-2.378983826372282832e-06,-5.063989151921665201e-09,-7.932173182680484172e-09,1.320229667482889779e-01,6.000127553142758918e-01,4.110189363511887461e-01,-3.510250119807365454e-01,8.063219731798619838e-01,-3.518726335901340430e-01,-2.596911451733241102e-02,1.330269776229089651e-01,6.000126196133883649e-01,-4.110191421079048557e-01,3.510256221258041265e-01,8.063221239673099561e-01,3.518732121365417131e-01,-2.596928829643940090e-02,-1.330271517869559550e-01
9.882594817541728860e-01,0.000000000000000000e+00,6.078637302269709330e-01,1.000000000000000000e+00,0.000000000000000000e+00,-1.224646799147353207e-16,0.000000000000000000e+00,-9.500297094692170541e-01,-7.067046418046813485e-07,2.178686706894947746e-06,1.778668368169597169e+00,-7.581594165656210249e-01,2.424894866903672849e-06,-9.500297093683800487e-01,7.033097819422380896e-07,-2.171438994597163175e-06,1.778668368108337727e+00,-7.581594166137991531e-01,-2.415861663968493639e-06,-5.382938209819927033e-09,-5.763719968510685396e-09,1.304155987842123554e-01,5.880944547631036246e-01,4.098006353650490707e-01,-3.505657484808790136e-01,8.027568511308295074e-01,-3.515329184427976594e-01,-2.376599801623840297e-02,1.338916803496808250e-01,5.880943291427128683e-01,-4.098008481896101007e-01,3.505663567551686177e-01,8.027569770173371699e-01,3.515334978354501261e-01,-2.376615897297428698e-02,-1.338918628194764593e-01
9.895613135999959953e-01,0.000000000000000000e+00,6.056205278392986502e-01,1.000000000000000000e+00,0.000000000000000000e+00,-1.224646799147353207e-16,0.000000000000000000e+00,-9.421506885252395325e-01,-6.995837381599990465e-07,2.105491547250068626e-06,1.764917963921408317e+00,-7.532539151374342268e-01,2.350359307765745166e-06,-9.421506884934687243e-01,6.984946141251398121e-07,-2.103295415380206658e-06,1.764917963900657139e+00,-7.532539151513889530e-01,-2.347552610304372838e-06,-4.388288576091350576e-09,-4.850977388613370140e-09,1.287618479403288274e-01,5.777733164839202740e-01,4.086900029355107211e-01,-3.501170311849440830e-01,7.993167325597403394e-01,-3.510553135905843947e-01,-2.320469116490951958e-02,1.346339216566112273e-01,5.777731988273905328e-01,-4.086902193759324176e-01,3.501176374726223672e-01,7.993168418130082165e-01,3.510558941033145586e-01,-2.320484423320894399e-02,-1.346341095814486688e-01
9.906020911602069212e-01,0.000000000000000000e+00,6.040590824386599111e-01,1.000000000000000000e+00,0.000000000000000000e+00,-1.224646799147353207e-16,0.000000000000000000e+00,-9.348667221913073977e-01,-6.566454746689019054e-07,1.948342499462149382e-06,1.752333298630244895e+00,-7.489175868517838897e-01,2.179167041359207202e-06,-9.348667221812674288e-01,6.562976788230638354e-07,-1.947675385664798860e-06,1.752333298623223623e+00,-7.489175868557894633e-01,-2.178293657629847913e-06,-2.274296922801283773e-09,-4.973995562406379719e-09,1.270726416442908568e-01,5.695645163694718072e-01,4.077382969983830430e-01,-3.496629785134844348e-01,7.962197617804737115e-01,-3.503828111014106184e-01,-2.501367842188278665e-02,1.351217449727480924e-01,5.695644044245412596e-01,-4.077385138231222617e-01,3.496635826722281348e-01,7.962198630299845981e-01,3.503833927336913456e-01,-2.501382878807138777e-02,-1.351219356198929411e-01
9.913236517056159824e-01,0.000000000000000000e+00,6.033378344642797986e-01,1.000000000000000000e+00,0.000000000000000000e+00,-1.224646799147353207e-16,0.000000000000000000e+00,-9.284997722712481361e-01,-5.742879516035596476e-07,1.707438749119590686e-06,1.741543845507478760e+00,-7.454577916652024294e-01,1.909815285398062055e-06,-9.284997722680636834e-01,5.741774349826371315e-07,-1.707235214586587875e-06,1.741543845505105548e+00,-7.454577916663419623e-01,-1.909542854757429476e-06,7.720710987126254583e-10,-5.854271137787417180e-09,1.253574550211740413e-01,5.640247229953773145e-01,4.070196647426641556e-01,-3.491890410523374455e-01,7.935799912307970327e-01,-3.494682625493537587e-01,-2.986523567775536611e-02,1.352430166016498625e-01,5.640246147434611057e-01,-4.070198791822636220e-01,3.491896429286696635e-01,7.935800924311989801e-01,3.494688451037224475e-01,-2.986538819849634749e-02,-1.352432076622348267e-01
9.916678325070333866e-01,0.000000000000000000e+00,6.036152243553842833e-01,1.000000000000000000e+00,0.000000000000000000e+00,-1.224646799147353207e-16,0.000000000000000000e+00,-9.284997722712481361e-01,-5.742879516035596476e-07,1.707438749119590686e-06,1.741543845507478760e+00,-7.454577916652024294e-01,1.909815285398062055e-06,-9.284997722680636834e-01,5.741774349826371315e-07,-1.707235214586587875e-06,1.741543845505105548e+00,-7.454577916663419623e-01,-1.909542854757429476e-06,7.720710987126254583e-10,-5.854271137787417180e-09,1.253574550211740413e-01,5.640247229953773145e-01,4.070196647426641556e-01,-3.491890410523374455e-01,7.935799912307970327e-01,-3.494682625493537587e-01,-2.986523567775536611e-02,1.352430166016498625e-01,5.640246147434611057e-01,-4.070198791822636220e-01,3.491896429286696635e-01,7.935800924311989801e-01,3.494688451037224475e-01,-2.986538819849634749e-02,-1.352432076622348267e-01
9.918028653660427851e-01,0.000000000000000000e+00,6.044475326457681152e-01,1.000000000000000000e+00,0.000000000000000000e+00,-1.224646799147353207e-16,0.000000000000000000e+00,-9.209192111541451009e-01,-5.634245888288463214e-07,1.766056971747992135e-06,1.729507894874446228e+00,-7.423006039538717626e-01,1.959865315809037311e-06,-9.209192111531353531e-01,5.633892586458343255e-07,-1.765995216413825062e-06,1.729507894873642870e+00,-7.423006039541863998e-01,-1.959780524947447788e-06,1.213013530021821790e-09,-1.057164830561017783e-09,1.231835819493952849e-01,5.610069421941134005e-01,4.071226508968000535e-01,-3.486110292032458258e-01,7.877017161063771811e-01,-3.484282477688447899e-01,-3.697287804907541109e-02,1.355607684993158923e-01,5.610068435881705451e-01,-4.071228731593706240e-01,3.486116276538706593e-01,7.877017998782109842e-01,3.484288291097610291e-01,-3.697302430715639771e-02,-1.355609704423282602e-01
9.919357715580109369e-01,0.000000000000000000e+00,6.052853756390162987e-01,1.000000000000000000e+00,0.000000000000000000e+00,-1.224646799147353207e-16,0.000000000000000000e+00,-9.209192111541451009e-01,-5.634245888288463214e-07,1.766056971747992135e-06,1.729507894874446228e+00,-7.423006039538717626e-01,1.959865315809037311e-06,-9.209192111531353531e-01,5.633892586458343255e-07,-1.765995216413825062e-06,1.729507894873642870e+00,-7.423006039541863998e-01,-1.959780524947447788e-06,1.213013530021821790e-09,-1.057164830561017783e-09,1.231835819493952849e-01,5.610069421941134005e-01,4.071226508968000535e-01,-3.486110292032458258e-01,7.877017161063771811e-01,-3.484282477688447899e-01,-3.697287804907541109e-02,1.355607684993158923e-01,5.610068435881705451e-01,-4.071228731593706240e-01,3.486116276538706593e-01,7.877017998782109842e-01,3.484288291097610291e-01,-3.697302430715639771e-02,-1.355609704423282602e-01
9.920665725644233213e-01,0.000000000000000000e+00,6.061286974290388541e-01,1.000000000000000000e+00,0.000000000000000000e+00,-1.224646799147353207e-16,0.000000000000000000e+00,-9.135742476378138077e-01,-5.421645359449413453e-07,1.711285917538815742e-06,1.718157804720549020e+00,-7.393581787908753977e-01,1.896327859288374805e-06,-9.135742476374928422e-01,5.421532843491071922e-07,-1.711267150872495904e-06,1.718157804720278126e+00,-7.393581787909602188e-01,-1.896301448914416025e-06,-5.484892845211678647e-09,1.113241011052140658e-08,1.216898445281430763e-01,5.585332680401758898e-01,4.080580777215099264e-01,-3.482983273410143465e-01,7.788002542297407516e-01,-3.483688734112241892e-01,-3.654962770687393558e-02,1.369266342592884156e-01,5.585331870276032395e-01,-4.080583265648973779e-01,3.482989238608619753e-01,7.788002826443125581e-01,3.483694507053509692e-01,-3.654974472241537264e-02,-1.369268624508756249e-01
9.921952898667650844e-01,0.000000000000000000e+00,6.069774421097466899e-01,1.000000000000000000e+00,0.000000000000000000e+00,-1.224646799147353207e-16,0.000000000000000000e+00,-9.135742476378138077e-01,-5.421645359449413453e-07,1.711285917538815742e-06,1.718157804720549020e+00,-7.393581787908753977e-01,1.896327859288374805e-06,-9.135742476374928422e-01,5.421532843491071922e-07,-1.711267150872495904e-06,1.718157804720278126e+00,-7.393581787909602188e-01,-1.896301448914416025e-06,-5.484892845211678647e-09,1.113241011052140658e-08,1.216898445281430763e-01,5.585332680401758898e-01,4.080580777215099264e-01,-3.482983273410143465e-01,7.788002542297407516e-01,-3.483688734112241892e-01,-3.654962770687393558e-02,1.369266342592884156e-01,5.585331870276032395e-01,-4.080583265648973779e-01,3.482989238608619753e-01,7.788002826443125581e-01,3.483694507053509692e-01,-3.654974472241537264e-02,-1.369268624508756249e-01
9.923219449465218167e-01,0.000000000000000000e+00,6.078315537750500486e-01,1.000000000000000000e+00,0.000000000000000000e+00,-1.224646799147353207e-16,0.000000000000000000e+00,-9.063207659395307036e-01,-5.345904790615547463e-07,1.663541049194380693e-06,1.707022525219369813e+00,-7.364690160852901402e-01,1.845440295491234532e-06,-9.063207659394285631e-01,5.345869037558634692e-07,-1.663535345216803411e-06,1.707022525219278331e+00,-7.364690160853119005e-01,-1.845432068832405760e-06,-1.161203298603930780e-08,2.303945611655323419e-08,1.202679719550106829e-01,5.568557446515008946e-01,4.096294935166625573e-01,-3.481151123316813534e-01,7.671334860519425369e-01,-3.487860802062406340e-01,-3.260013451280512065e-02,1.389915145099135940e-01,5.568556863278479874e-01,-4.096297719232932510e-01,3.481157071404155090e-01,7.671334449362584573e-01,3.487866555625201426e-01,-3.260021454795018758e-02,-1.389917724851073288e-01
9.924465592851782203e-01,0.000000000000000000e+00,6.086909765188593946e-01,1.000000000000000000e+00,0.000000000000000000e+00,-1.224646799147353207e-16,0.000000000000000000e+00,-9.063207659395307036e-01,-5.345904790615547463e-07,1.663541049194380693e-06,1.707022525219369813e+00,-7.364690160852901402e-01,1.845440295491234532e-06,-9.063207659394285631e-01,5.345869037558634692e-07,-1.663535345216803411e-06,1.707022525219278331e+00,-7.364690160853119005e-01,-1.845432068832405760e-06,-1.161203298603930780e-08,2.303945611655323419e-08,1.202679719550106829e-01,5.568557446515008946e-01,4.096294935166625573e-01,-3.481151123316813534e-01,7.671334860519425369e-01,-3.487860802062406340e-01,-3.260013451280512065e-02,1.389915145099135940e-01,5.568556863278479874e-01,-4.096297719232932510e-01,3.481157071404155090e-01,7.671334449362584573e-01,3.487866555625201426e-01,-3.260021454795018758e-02,-1.389917724851073288e-01
9.925691543642198855e-01,0.000000000000000000e+00,6.095556544350851924e-01,1.000000000000000000e+00,0.000000000000000000e+00,-1.224646799147353207e-16,0.000000000000000000e+00,-8.991089061453065856e-01,-5.372104952123524038e-07,1.631780586727321436e-06,1.695946588994561965e+00,-7.335767617303675658e-01,1.814618615849958636e-06,-8.991089061452738340e-01,5.372093610261152854e-07,-1.631778853494972000e-06,1.695946588994530657e+00,-7.335767617303725618e-01,-1.814616053686848702e-06,-1.582347499505599245e-08,3.234535039391036447e-08,1.187848345373169190e-01,5.558063745061593286e-01,4.116202385472840786e-01,-3.479907264988099103e-01,7.535380214317592973e-01,-3.494598369849410413e-01,-2.685897953946609143e-02,1.415003544804843971e-01,5.558063389043588209e-01,-4.116205436110239035e-01,3.479913196154423294e-01,7.535379123517480515e-01,3.494604126153301737e-01,-2.685902362506441265e-02,-1.415006400298372269e-01
9.926897516651321807e-01,0.000000000000000000e+00,6.104255316176379065e-01,1.000000000000000000e+00,0.000000000000000000e+00,-1.224646799147353207e-16,0.000000000000000000e+00,-8.991089061453065856e-01,-5.372104952123524038e-07,1.631780586727321436e-06,1.695946588994561965e+00,-7.335767617303675658e-01,1.814618615849958636e-06,-8.991089061452738340e-01,5.372093610261152854e-07,-1.631778853494972000e-06,1.695946588994530657e+00,-7.335767617303725618e-01,-1.814616053686848702e-06,-1.582347499505599245e-08,3.234535039391036447e-08,1.187848345373169190e-01,5.558063745061593286e-01,4.116202385472840786e-01,-3.479907264988099103e-01,7.535380214317592973e-01,-3.494598369849410413e-01,-2.685897953946609143e-02,1.415003544804843971e-01,5.558063389043588209e-01,-4.116205436110239035e-01,3.479913196154423294e-01,7.535379123517480515e-01,3.494604126153301737e-01,-2.685902362506441265e-02,-1.415006400298372269e-01
9.928083726694000299e-01,0.000000000000000000e+00,6.113005521604281123e-01,1.000000000000000000e+00,0.000000000000000000e+00,-1.224646799147353207e-16,0.000000000000000000e+00,-8.919209837188699641e-01,-5.450471118641903168e-07,1.609671102155677258e-06,1.684878022414203258e+00,-7.306617667438496388e-01,1.795667235796834665e-06,-8.919209837188595280e-01,5.450467526023839419e-07,-1.609670575736541637e-06,1.684878022414192822e+00,-7.306617667438505270e-01,-1.795666438026183940e-06,-1.829435024373255660e-08,3.874979654036734948e-08,1.172304508389578892e-01,5.551483833859160999e-01,4.138544322770104644e-01,-3.478855070016775297e-01,7.388039358339902885e-01,-3.502758959554253537e-01,-2.019950761354892890e-02,1.442683267482754994e-01,5.551483670637618051e-01,-4.138547590449518365e-01,3.478860984301394010e-01,7.388037693114344329e-01,3.502764731894112415e-01,-2.019952158875524401e-02,-1.442686352149456785e-01
9.929250388585090237e-01,0.000000000000000000e+00,6.121806601573661633e-01,1.000000000000000000e+00,0.000000000000000000e+00,-1.224646799147353207e-16,0.000000000000000000e+00,-8.919209837188699641e-01,-5.450471118641903168e-07,1.609671102155677258e-06,1.684878022414203258e+00,-7.306617667438496388e-01,1.795667235796834665e-06,-8.919209837188595280e-01,5.450467526023839419e-07,-1.609670575736541637e-06,1.684878022414192822e+00,-7.306617667438505270e-01,-1.795666438026183940e-06,-1.829435024373255660e-08,3.874979654036734948e-08,1.172304508389578892e-01,5.551483833859160999e-01,4.138544322770104644e-01,-3.478855070016775297e-01,7.388039358339902885e-01,-3.502758959554253537e-01,-2.019950761354892890e-02,1.442683267482754994e-01,5.551483670637618051e-01,-4.138547590449518365e-01,3.478860984301394010e-01,7.388037693114344329e-01,3.502764731894112415e-01,-2.019952158875524401e-02,-1.442686352149456785e-01
9.930397717139441971e-01,0.000000000000000000e+00,6.130657997023624128e-01,1.000000000000000000e+00,0.000000000000000000e+00,-1.224646799147353207e-16,0.000000000000000000e+00,-8.847502188754704511e-01,-5.551983132319308725e-07,1.592310298405831555e-06,1.673798793026045395e+00,-7.277171219297132732e-01,1.782565070627610138e-06,-8.847502188754670094e-01,5.551981995798988993e-07,-1.592310138591120703e-06,1.673798793026042064e+00,-7.277171219297136062e-01,-1.782564822280712400e-06,-1.945563953953467208e-08,4.261289654873773406e-08,1.156211506934212152e-01,5.546756565050772192e-01,4.162013294564942401e-01,-3.477766171072618206e-01,7.235460284633924433e-01,-3.511655514218839924e-01,-1.312241957229512077e-02,1.471629716412279631e-01,5.546756543698603270e-01,-4.162016725773942105e-01,3.477772068740084266e-01,7.235458189750587632e-01,3.511661307707969470e-01,-1.312241139634466244e-02,-1.471632976582013530e-01
9.931525927171910295e-01,0.000000000000000000e+00,6.139559148893275475e-01,1.000000000000000000e+00,0.000000000000000000e+00,-1.224646799147353207e-16,0.000000000000000000e+00,-8.847502188754704511e-01,-5.551983132319308725e-07,1.592310298405831555e-06,1.673798793026045395e+00,-7.277171219297132732e-01,1.782565070627610138e-06,-8.847502188754670094e-01,5.551981995798988993e-07,-1.592310138591120703e-06,1.673798793026042064e+00,-7.277171219297136062e-01,-1.782564822280712400e-06,-1.945563953953467208e-08,4.261289654873773406e-08,1.156211506934212152e-01,5.546756565050772192e-01,4.162013294564942401e-01,-3.477766171072618206e-01,7.235460284633924433e-01,-3.511655514218839924e-01,-1.312241957229512077e-02,1.471629716412279631e-01,5.546756543698603270e-01,-4.162016725773942105e-01,3.477772068740084266e-01,7.235458189750587632e-01,3.511661307707969470e-01,-1.312241139634466244e-02,-1.471632976582013530e-01
9.932635233497345562e-01,0.000000000000000000e+00,6.148509498121720318e-01,1.000000000000000000e+00,0.000000000000000000e+00,-1.224646799147353207e-16,0.000000000000000000e+00,-8.775935156326476472e-01,-5.662984755163880865e-07,1.577225871993016799e-06,1.662701997617139105e+00,-7.247403059529806679e-01,1.772288705484658446e-06,-8.775935156326466480e-01,5.662984396070145520e-07,-1.577225823500303489e-06,1.662701997617137994e+00,-7.247403059529803349e-01,-1.772288628193250986e-06,-1.970072338095053345e-08,4.445711113347676006e-08,1.139747852691977009e-01,5.542339633469800519e-01,4.185685125361935377e-01,-3.476513354057125249e-01,7.082041642830775308e-01,-3.520838527549821628e-01,-5.937291668459234936e-03,1.500915099638859274e-01,5.542339699935134867e-01,-4.185688670448229898e-01,3.476519235711627576e-01,7.082039268855213621e-01,3.520844341823254342e-01,-5.937269619100472504e-03,-1.500918483803391212e-01
9.933725850930602563e-01,0.000000000000000000e+00,6.157508485648061081e-01,1.000000000000000000e+00,0.000000000000000000e+00,-1.224646799147353207e-16,0.000000000000000000e+00,-8.775935156326476472e-01,-5.662984755163880865e-07,1.577225871993016799e-06,1.662701997617139105e+00,-7.247403059529806679e-01,1.772288705484658446e-06,-8.775935156326466480e-01,5.662984396070145520e-07,-1.577225823500303489e-06,1.662701997617137994e+00,-7.247403059529803349e-01,-1.772288628193250986e-06,-1.970072338095053345e-08,4.445711113347676006e-08,1.139747852691977009e-01,5.542339633469800519e-01,4.185685125361935377e-01,-3.476513354057125249e-01,7.082041642830775308e-01,-3.520838527549821628e-01,-5.937291668459234936e-03,1.500915099638859274e-01,5.542339699935134867e-01,-4.185688670448229898e-01,3.476519235711627576e-01,7.082039268855213621e-01,3.520844341823254342e-01,-5.937269619100472504e-03,-1.500918483803391212e-01
9.934797994286531653e-01,0.000000000000000000e+00,6.166555552411404628e-01,1.000000000000000000e+00,0.000000000000000000e+00,-1.224646799147353207e-16,0.000000000000000000e+00,-8.704490201681774897e-01,-5.777699965933211720e-07,1.563338954440775603e-06,1.651584370585167383e+00,-7.217302868542547767e-01,1.763514183634232463e-06,-8.704490201681764905e-01,5.777699852657409865e-07,-1.563338939745094263e-06,1.651584370585166273e+00,-7.217302868542545546e-01,-1.763514159596987067e-06,-1.933678114696203222e-08,4.479171567522039395e-08,1.123054375934405963e-01,5.537175083094993955e-01,4.208935600723812120e-01,-3.475033038783855721e-01,6.930748125877762567e-01,-3.530005321540131691e-01,1.160280699176323253e-03,1.529911065506064927e-01,5.537175188293956829e-01,-4.208939217555974222e-01,3.475038905354099761e-01,6.930745608931975221e-01,3.530011153247279987e-01,1.160309121197313463e-03,-1.529914528984267774e-01
9.935851878379987623e-01,0.000000000000000000e+00,6.175650139350855605e-01,1.000000000000000000e+00,0.000000000000000000e+00,-1.224646799147353207e-16,0.000000000000000000e+00,-8.704490201681774897e-01,-5.777699965933211720e-07,1.563338954440775603e-06,1.651584370585167383e+00,-7.217302868542547767e-01,1.763514183634232463e-06,-8.704490201681764905e-01,5.777699852657409865e-07,-1.563338939745094263e-06,1.651584370585166273e+00,-7.217302868542545546e-01,-1.763514159596987067e-06,-1.933678114696203222e-08,4.479171567522039395e-08,1.123054375934405963e-01,5.537175083094993955e-01,4.208935600723812120e-01,-3.475033038783855721e-01,6.930748125877762567e-01,-3.530005321540131691e-01,1.160280699176323253e-03,1.529911065506064927e-01,5.537175188293956829e-01,-4.208939217555974222e-01,3.475038905354099761e-01,6.930745608931975221e-01,3.530011153247279987e-01,1.160309121197313463e-03,-1.529914528984267774e-01
9.936887718025821936e-01,0.000000000000000000e+00,6.184791687405515326e-01,1.000000000000000000e+00,0.000000000000000000e+00,-1.224646799147353207e-16,0.000000000000000000e+00,-8.633152965665191747e-01,-5.893877204529322868e-07,1.550209302556084189e-06,1.640443819178845963e+00,-7.186865197509192393e-01,1.755700014204302259e-06,-8.633152965665188416e-01,5.893877168911548261e-07,-1.550209298120058930e-06,1.640443819178845519e+00,-7.186865197509191283e-01,-1.755700006747292277e-06,-1.859110672666126541e-08,4.405487392194562866e-08,1.106231126232152112e-01,5.530589324974486409e-01,4.231364587583886228e-01,-3.473301507151784207e-01,6.783460467828812401e-01,-3.538953589764416430e-01,8.049047814509741050e-03,1.558210838153499811e-01,5.530589428718134526e-01,-4.231368242788118295e-01,3.473307359786203530e-01,6.783457919693337557e-01,3.538959434368301182e-01,8.049076433464572022e-03,-1.558214344931197481e-01
9.937905728038887165e-01,0.000000000000000000e+00,6.193979637514491765e-01,1.000000000000000000e+00,0.000000000000000000e+00,-1.224646799147353207e-16,0.000000000000000000e+00,-8.633152965665191747e-01,-5.893877204529322868e-07,1.550209302556084189e-06,1.640443819178845963e+00,-7.186865197509192393e-01,1.755700014204302259e-06,-8.633152965665188416e-01,5.893877168911548261e-07,-1.550209298120058930e-06,1.640443819178845519e+00,-7.186865197509191283e-01,-1.755700006747292277e-06,-1.859110672666126541e-08,4.405487392194562866e-08,1.106231126232152112e-01,5.530589324974486409e-01,4.231364587583886228e-01,-3.473301507151784207e-01,6.783460467828812401e-01,-3.538953589764416430e-01,8.049047814509741050e-03,1.558210838153499811e-01,5.530589428718134526e-01,-4.231368242788118295e-01,3.473307359786203530e-01,6.783457919693337557e-01,3.538959434368301182e-01,8.049076433464572022e-03,-1.558214344931197481e-01
9.938906123234035883e-01,0.000000000000000000e+00,6.203213430616888457e-01,1.000000000000000000e+00,0.000000000000000000e+00,-1.224646799147353207e-16,0.000000000000000000e+00,-8.561910483799444194e-01,-6.010730809814598527e-07,1.537661639222486315e-06,1.629278610618062340e+00,-7.156086012860249923e-01,1.748632461419307979e-06,-8.561910483799441973e-01,6.010730798489498031e-07,-1.537661637857669750e-06,1.629278610618062118e+00,-7.156086012860249923e-01,-1.748632459076747308e-06,-1.762645783100270503e-08,4.259963623529636994e-08,1.089345180566224230e-01,5.522189685087793842e-01,4.252732922667943338e-01,-3.471319068854095691e-01,6.641281511330927589e-01,-3.547552206279470655e-01,1.465781442514048696e-02,1.585566958792880010e-01,5.522189757163535884e-01,-4.252736591395745447e-01,3.471324908782789653e-01,6.641279016721163275e-01,3.547558059182005508e-01,1.465783855065064777e-02,-1.585570481618496508e-01
9.939889118426121772e-01,0.000000000000000000e+00,6.212492507651811158e-01,1.000000000000000000e+00,0.000000000000000000e+00,-1.224646799147353207e-16,0.000000000000000000e+00,-8.561910483799444194e-01,-6.010730809814598527e-07,1.537661639222486315e-06,1.629278610618062340e+00,-7.156086012860249923e-01,1.748632461419307979e-06,-8.561910483799441973e-01,6.010730798489498031e-07,-1.537661637857669750e-06,1.629278610618062118e+00,-7.156086012860249923e-01,-1.748632459076747308e-06,-1.762645783100270503e-08,4.259963623529636994e-08,1.089345180566224230e-01,5.522189685087793842e-01,4.252732922667943338e-01,-3.471319068854095691e-01,6.641281511330927589e-01,-3.547552206279470655e-01,1.465781442514048696e-02,1.585566958792880010e-01,5.522189757163535884e-01,-4.252736591395745447e-01,3.471324908782789653e-01,6.641279016721163275e-01,3.547558059182005508e-01,1.465783855065064777e-02,-1.585570481618496508e-01
9.940854928429996296e-01,0.000000000000000000e+00,6.221816309558361180e-01,1.000000000000000000e+00,0.000000000000000000e+00,-1.224646799147353207e-16,0.000000000000000000e+00,-8.490750240518469827e-01,-6.128057855184996804e-07,1.525624771802747121e-06,1.618087102892243667e+00,-7.124961507636200508e-01,1.742228108570904147e-06,-8.490750240518467606e-01,6.128057851623204203e-07,-1.525624771389908980e-06,1.618087102892243445e+00,-7.124961507636200508e-01,-1.742228107842944762e-06,-1.655571925784983167e-08,4.069729081959316623e-08,1.072439367081521738e-01,5.511777162996646107e-01,4.272912664837554830e-01,-3.469099558693293783e-01,6.504780062077013536e-01,-3.555720417851758741e-01,2.094892028404387110e-02,1.611842674993745061e-01,5.511777182546693243e-01,-4.272916329719540496e-01,3.469105387104263194e-01,6.504777680309663523e-01,3.555726274995006375e-01,2.094893662919183885e-02,-1.611846194483229633e-01
9.941803768060514246e-01,0.000000000000000000e+00,6.231184277275648720e-01,1.000000000000000000e+00,0.000000000000000000e+00,-1.224646799147353207e-16,0.000000000000000000e+00,-8.490750240518469827e-01,-6.128057855184996804e-07,1.525624771802747121e-06,1.618087102892243667e+00,-7.124961507636200508e-01,1.742228108570904147e-06,-8.490750240518467606e-01,6.128057851623204203e-07,-1.525624771389908980e-06,1.618087102892243445e+00,-7.124961507636200508e-01,-1.742228107842944762e-06,-1.655571925784983167e-08,4.069729081959316623e-08,1.072439367081521738e-01,5.511777162996646107e-01,4.272912664837554830e-01,-3.469099558693293783e-01,6.504780062077013536e-01,-3.555720417851758741e-01,2.094892028404387110e-02,1.611842674993745061e-01,5.511777182546693243e-01,-4.272916329719540496e-01,3.469105387104263194e-01,6.504777680309663523e-01,3.555726274995006375e-01,2.094893662919183885e-02,-1.611846194483229633e-01
9.942735852132524865e-01,0.000000000000000000e+00,6.240595851742772870e-01,1.000000000000000000e+00,0.000000000000000000e+00,-1.224646799147353207e-16,0.000000000000000000e+00,-8.419659841940534406e-01,-6.245880116690489260e-07,1.514067168035299412e-06,1.606867654751952923e+00,-7.093487692735728212e-01,1.736453930682292639e-06,-8.419659841940535516e-01,6.245880115613186171e-07,-1.514067167918277575e-06,1.606867654751953367e+00,-7.093487692735729322e-01,-1.736453930464854411e-06,-1.545430424596398312e-08,3.854773754634835530e-08,1.055539578257575356e-01,5.499279479358702982e-01,4.291849595467974732e-01,-3.466663588179699218e-01,6.374174296909203008e-01,-3.563412350223961189e-01,2.690660413660980743e-02,1.636975254099229116e-01,5.499279433415050766e-01,-4.291853245221168289e-01,3.466669406133327525e-01,6.374172065795246089e-01,3.563418208332083670e-01,2.690661061010880817e-02,-1.636978757384269512e-01
9.943651395460881837e-01,0.000000000000000000e+00,6.250050473898840497e-01,1.000000000000000000e+00,0.000000000000000000e+00,-1.224646799147353207e-16,0.000000000000000000e+00,-8.419659841940534406e-01,-6.245880116690489260e-07,1.514067168035299412e-06,1.606867654751952923e+00,-7.093487692735728212e-01,1.736453930682292639e-06,-8.419659841940535516e-01,6.245880115613186171e-07,-1.514067167918277575e-06,1.606867654751953367e+00,-7.093487692735729322e-01,-1.736453930464854411e-06,-1.545430424596398312e-08,3.854773754634835530e-08,1.055539578257575356e-01,5.499279479358702982e-01,4.291849595467974732e-01,-3.466663588179699218e-01,6.374174296909203008e-01,-3.563412350223961189e-01,2.690660413660980743e-02,1.636975254099229116e-01,5.499279433415050766e-01,-4.291853245221168289e-01,3.466669406133327525e-01,6.374172065795246089e-01,3.563418208332083670e-01,2.690661061010880817e-02,-1.636978757384269512e-01
9.944550612860438843e-01,0.000000000000000000e+00,6.259547584682955135e-01,1.000000000000000000e+00,0.000000000000000000e+00,-1.224646799147353207e-16,0.000000000000000000e+00,-8.348626896470858760e-01,-6.364304352895019167e-07,1.502972272756224716e-06,1.595618594811759161e+00,-7.061660255467497871e-01,1.731296306235495268e-06,-8.348626896470862091e-01,6.364304352544213061e-07,-1.502972272718531115e-06,1.595618594811759605e+00,-7.061660255467498981e-01,-1.731296306165323036e-06,-1.437025311906077108e-08,3.629223349337886089e-08,1.038660349762851043e-01,5.484702730693871153e-01,4.309536099019692368e-01,-3.464034403722239253e-01,6.249463530909299402e-01,-3.570605520370617736e-01,3.252884573101193222e-02,1.660949308590950191e-01,5.484702612446125114e-01,-4.309539727017394073e-01,3.464040212107483141e-01,6.249461471381844158e-01,3.570611376972488982e-01,3.252884118531576552e-02,-1.660952787865456748e-01
9.945433719146048457e-01,0.000000000000000000e+00,6.269086625034225868e-01,1.000000000000000000e+00,0.000000000000000000e+00,-1.224646799147353207e-16,0.000000000000000000e+00,-8.348626896470858760e-01,-6.364304352895019167e-07,1.502972272756224716e-06,1.595618594811759161e+00,-7.061660255467497871e-01,1.731296306235495268e-06,-8.348626896470862091e-01,6.364304352544213061e-07,-1.502972272718531115e-06,1.595618594811759605e+00,-7.061660255467498981e-01,-1.731296306165323036e-06,-1.437025311906077108e-08,3.629223349337886089e-08,1.038660349762851043e-01,5.484702730693871153e-01,4.309536099019692368e-01,-3.464034403722239253e-01,6.249463530909299402e-01,-3.570605520370617736e-01,3.252884573101193222e-02,1.660949308590950191e-01,5.484702612446125114e-01,-4.309539727017394073e-01,3.464040212107483141e-01,6.249461471381844158e-01,3.570611376972488982e-01,3.252884118531576552e-02,-1.660952787865456748e-01
9.946300929132563251e-01,0.000000000000000000e+00,6.278667035891750681e-01,1.000000000000000000e+00,0.000000000000000000e+00,-1.224646799147353207e-16,0.000000000000000000e+00,-8.348626896470858760e-01,-6.364304352895019167e-07,1.502972272756224716e-06,1.595618594811759161e+00,-7.061660255467497871e-01,1.731296306235495268e-06,-8.348626896470862091e-01,6.364304352544213061e-07,-1.502972272718531115e-06,1.595618594811759605e+00,-7.061660255467498981e-01,-1.731296306165323036e-06,-1.437025311906077108e-08,3.629223349337886089e-08,1.038660349762851043e-01,5.484702730693871153e-01,4.309536099019692368e-01,-3.464034403722239253e-01,6.249463530909299402e-01,-3.570605520370617736e-01,3.252884573101193222e-02,1.660949308590950191e-01,5.484702612446125114e-01,-4.309539727017394073e-01,3.464040212107483141e-01,6.249461471381844158e-01,3.570611376972488982e-01,3.252884118531576552e-02,-1.660952787865456748e-01
9.947152457634836908e-01,0.000000000000000000e+00,6.288288258194638658e-01,1.000000000000000000e+00,0.000000000000000000e+00,-1.224646799147353207e-16,0.000000000000000000e+00,-8.253731416924378061e-01,-7.965817050346245306e-07,1.833963083489588596e-06,1.580583528903141577e+00,-7.019211644686199625e-01,2.119335312833610399e-06,-8.253731416924379172e-01,7.965817050269037194e-07,-1.833963083484377649e-06,1.580583528903141577e+00,-7.019211644686199625e-01,-2.119335312818797486e-06,-1.497746753062535386e-08,3.739622630534903671e-08,1.016600802709621415e-01,5.457495218248693547e-01,4.328632666041526411e-01,-3.460076090757958633e-01,6.104292132080672006e-01,-3.577897192479803090e-01,3.864210415699523282e-02,1.688306441103709088e-01,5.457495059110261115e-01,-4.328636333755809806e-01,3.460081881516815505e-01,6.104290128571218110e-01,3.577903032066441225e-01,3.864209519740956222e-02,-1.688309958244395836e-01
9.947988519467719781e-01,0.000000000000000000e+00,6.297949732881994445e-01,1.000000000000000000e+00,0.000000000000000000e+00,-1.224646799147353207e-16,0.000000000000000000e+00,-8.253731416924378061e-01,-7.965817050346245306e-07,1.833963083489588596e-06,1.580583528903141577e+00,-7.019211644686199625e-01,2.119335312833610399e-06,-8.253731416924379172e-01,7.965817050269037194e-07,-1.833963083484377649e-06,1.580583528903141577e+00,-7.019211644686199625e-01,-2.119335312818797486e-06,-1.497746753062535386e-08,3.739622630534903671e-08,1.016600802709621415e-01,5.457495218248693547e-01,4.328632666041526411e-01,-3.460076090757958633e-01,6.104292132080672006e-01,-3.577897192479803090e-01,3.864210415699523282e-02,1.688306441103709088e-01,5.457495059110261115e-01,-4.328636333755809806e-01,3.460081881516815505e-01,6.104290128571218110e-01,3.577903032066441225e-01,3.864209519740956222e-02,-1.688309958244395836e-01
9.948809329446064442e-01,0.000000000000000000e+00,6.307650900892920465e-01,1.000000000000000000e+00,0.000000000000000000e+00,-1.224646799147353207e-16,0.000000000000000000e+00,-8.174996806847437680e-01,-7.635442845108954353e-07,1.695888406043594472e-06,1.567993804228347665e+00,-6.982690915076610327e-01,1.975193504495948695e-06,-8.174996806847437680e-01,7.635442845055842211e-07,-1.695888406036979568e-06,1.567993804228347665e+00,-6.982690915076609217e-01,-1.975193504485496732e-06,-1.359556754165490078e-08,3.475027143080142732e-08,9.979272823844620444e-02,5.436567511146541687e-01,4.345322253636206278e-01,-3.456806447976957242e-01,5.979588371125325041e-01,-3.584718193168535127e-01,4.414061554526350906e-02,1.712246411145860459e-01,5.436567285889722934e-01,-4.345325896270901267e-01,3.456812229074338605e-01,5.979586530756048068e-01,3.584724034464532028e-01,4.414059592712538116e-02,-1.712249902344899211e-01
9.949615102384724574e-01,0.000000000000000000e+00,6.317391203166522473e-01,1.000000000000000000e+00,0.000000000000000000e+00,-1.224646799147353207e-16,0.000000000000000000e+00,-8.174996806847437680e-01,-7.635442845108954353e-07,1.695888406043594472e-06,1.567993804228347665e+00,-6.982690915076610327e-01,1.975193504495948695e-06,-8.174996806847437680e-01,7.635442845055842211e-07,-1.695888406036979568e-06,1.567993804228347665e+00,-6.982690915076609217e-01,-1.975193504485496732e-06,-1.359556754165490078e-08,3.475027143080142732e-08,9.979272823844620444e-02,5.436567511146541687e-01,4.345322253636206278e-01,-3.456806447976957242e-01,5.979588371125325041e-01,-3.584718193168535127e-01,4.414061554526350906e-02,1.712246411145860459e-01,5.436567285889722934e-01,-4.345325896270901267e-01,3.456812229074338605e-01,5.979586530756048068e-01,3.584724034464532028e-01,4.414059592712538116e-02,-1.712249902344899211e-01
9.950406053098553860e-01,0.000000000000000000e+00,6.327170080641905114e-01,1.000000000000000000e+00,0.000000000000000000e+00,-1.224646799147353207e-16,0.000000000000000000e+00,-8.101523412436036908e-01,-7.277358111388847383e-07,1.571482663877705505e-06,1.556203699860590373e+00,-6.948194544863472988e-01,1.841026358298590694e-06,-8.101523412436036908e-01,7.277358111343135132e-07,-1.571482663870692284e-06,1.556203699860590373e+00,-6.948194544863472988e-01,-1.841026358289665931e-06,-1.212825958838979335e-08,3.161000304880077833e-08,9.804272348067585852e-02,5.415806002426959420e-01,4.360123986869561818e-01,-3.453633184750174445e-01,5.866717783341736103e-01,-3.590801477488692606e-01,4.908300426447313042e-02,1.733922038208682292e-01,5.415805699782642035e-01,-4.360127590229272987e-01,3.453638958694174033e-01,5.866716141929321227e-01,3.590807319244466167e-01,4.908297203583100038e-02,-1.733925486777174174e-01
9.951182396402404873e-01,0.000000000000000000e+00,6.336986974258174143e-01,1.000000000000000000e+00,0.000000000000000000e+00,-1.224646799147353207e-16,0.000000000000000000e+00,-8.101523412436036908e-01,-7.277358111388847383e-07,1.571482663877705505e-06,1.556203699860590373e+00,-6.948194544863472988e-01,1.841026358298590694e-06,-8.101523412436036908e-01,7.277358111343135132e-07,-1.571482663870692284e-06,1.556203699860590373e+00,-6.948194544863472988e-01,-1.841026358289665931e-06,-1.212825958838979335e-08,3.161000304880077833e-08,9.804272348067585852e-02,5.415806002426959420e-01,4.360123986869561818e-01,-3.453633184750174445e-01,5.866717783341736103e-01,-3.590801477488692606e-01,4.908300426447313042e-02,1.733922038208682292e-01,5.415805699782642035e-01,-4.360127590229272987e-01,3.453638958694174033e-01,5.866716141929321227e-01,3.590807319244466167e-01,4.908297203583100038e-02,-1.733925486777174174e-01
9.951944347111126854e-01,0.000000000000000000e+00,6.346841324954429764e-01,1.000000000000000000e+00,0.000000000000000000e+00,-1.224646799147353207e-16,0.000000000000000000e+00,-8.101523412436036908e-01,-7.277358111388847383e-07,1.571482663877705505e-06,1.556203699860590373e+00,-6.948194544863472988e-01,1.841026358298590694e-06,-8.101523412436036908e-01,7.277358111343135132e-07,-1.571482663870692284e-06,1.556203699860590373e+00,-6.948194544863472988e-01,-1.841026358289665931e-06,-1.212825958838979335e-08,3.161000304880077833e-08,9.804272348067585852e-02,5.415806002426959420e-01,4.360123986869561818e-01,-3.453633184750174445e-01,5.866717783341736103e-01,-3.590801477488692606e-01,4.908300426447313042e-02,1.733922038208682292e-01,5.415805699782642035e-01,-4.360127590229272987e-01,3.453638958694174033e-01,5.866716141929321227e-01,3.590807319244466167e-01,4.908297203583100038e-02,-1.733925486777174174e-01
9.952692120039576817e-01,0.000000000000000000e+00,6.356732573669783282e-01,1.000000000000000000e+00,0.000000000000000000e+00,-1.224646799147353207e-16,0.000000000000000000e+00,-8.005906869743180110e-01,-8.708654248199891301e-07,1.835874957134676091e-06,1.540866956202863403e+00,-6.903539885164350354e-01,2.158245141991388639e-06,-8.005906869743180110e-01,8.708654248259292663e-07,-1.835874957145080620e-06,1.540866956202863403e+00,-6.903539885164350354e-01,-2.158245142003111999e-06,-1.225690972242522326e-08,3.149579648318095901e-08,9.580295604976235557e-02,5.381986639242309911e-01,4.375362060930983454e-01,-3.449183561003371645e-01,5.738710120270310577e-01,-3.596519593717253382e-01,5.424466315627948787e-02,1.757894787086182464e-01,5.381986283926567527e-01,-4.375365678321632701e-01,3.449189320996937091e-01,5.738708579436510027e-01,3.596525419878961460e-01,5.424462416159416683e-02,-1.757898245754755673e-01
9.953425930002602895e-01,0.000000000000000000e+00,6.366660161343331570e-01,1.000000000000000000e+00,0.000000000000000000e+00,-1.224646799147353207e-16,0.000000000000000000e+00,-8.005906869743180110e-01,-8.708654248199891301e-07,1.835874957134676091e-06,1.540866956202863403e+00,-6.903539885164350354e-01,2.158245141991388639e-06,-8.005906869743180110e-01,8.708654248259292663e-07,-1.835874957145080620e-06,1.540866956202863403e+00,-6.903539885164350354e-01,-2.158245142003111999e-06,-1.225690972242522326e-08,3.149579648318095901e-08,9.580295604976235557e-02,5.381986639242309911e-01,4.375362060930983454e-01,-3.449183561003371645e-01,5.738710120270310577e-01,-3.596519593717253382e-01,5.424466315627948787e-02,1.757894787086182464e-01,5.381986283926567527e-01,-4.375365678321632701e-01,3.449189320996937091e-01,5.738708579436510027e-01,3.596525419878961460e-01,5.424462416159416683e-02,-1.757898245754755673e-01
9.954145991815062100e-01,0.000000000000000000e+00,6.376623528914189265e-01,1.000000000000000000e+00,0.000000000000000000e+00,-1.224646799147353207e-16,0.000000000000000000e+00,-7.926880607193563799e-01,-8.222198327249746387e-07,1.676551040508289041e-06,1.528078978198662341e+00,-6.865353889453335023e-01,1.986898466677802678e-06,-7.926880607193563799e-01,8.222198327311804255e-07,-1.676551040518522893e-06,1.528078978198662341e+00,-6.865353889453335023e-01,-1.986898466689647163e-06,-1.087713708600236307e-08,2.853299883310205196e-08,9.393322874903657638e-02,5.354854045905295123e-01,4.388272858385477981e-01,-3.445531855369953766e-01,5.631162559172626647e-01,-3.601722079584254166e-01,5.877319206091399101e-02,1.778384002029595456e-01,5.354853621741645364e-01,-4.388276440326976391e-01,3.445537607904567423e-01,5.631161197649573458e-01,3.601727905634279914e-01,5.877314157591306820e-02,-1.778387422065786094e-01
9.954852520291807005e-01,0.000000000000000000e+00,6.386622117321451020e-01,1.000000000000000000e+00,0.000000000000000000e+00,-1.224646799147353207e-16,0.000000000000000000e+00,-7.926880607193563799e-01,-8.222198327249746387e-07,1.676551040508289041e-06,1.528078978198662341e+00,-6.865353889453335023e-01,1.986898466677802678e-06,-7.926880607193563799e-01,8.222198327311804255e-07,-1.676551040518522893e-06,1.528078978198662341e+00,-6.865353889453335023e-01,-1.986898466689647163e-06,-1.087713708600236307e-08,2.853299883310205196e-08,9.393322874903657638e-02,5.354854045905295123e-01,4.388272858385477981e-01,-3.445531855369953766e-01,5.631162559172626647e-01,-3.601722079584254166e-01,5.877319206091399101e-02,1.778384002029595456e-01,5.354853621741645364e-01,-4.388276440326976391e-01,3.445537607904567423e-01,5.631161197649573458e-01,3.601727905634279914e-01,5.877314157591306820e-02,-1.778387422065786094e-01
9.955545730247686853e-01,0.000000000000000000e+00,6.396655367504228140e-01,1.000000000000000000e+00,0.000000000000000000e+00,-1.224646799147353207e-16,0.000000000000000000e+00,-7.926880607193563799e-01,-8.222198327249746387e-07,1.676551040508289041e-06,1.528078978198662341e+00,-6.865353889453335023e-01,1.986898466677802678e-06,-7.926880607193563799e-01,8.222198327311804255e-07,-1.676551040518522893e-06,1.528078978198662341e+00,-6.865353889453335023e-01,-1.986898466689647163e-06,-1.087713708600236307e-08,2.853299883310205196e-08,9.393322874903657638e-02,5.354854045905295123e-01,4.388272858385477981e-01,-3.445531855369953766e-01,5.631162559172626647e-01,-3.601722079584254166e-01,5.877319206091399101e-02,1.778384002029595456e-01,5.354853621741645364e-01,-4.388276440326976391e-01,3.445537607904567423e-01,5.631161197649573458e-01,3.601727905634279914e-01,5.877314157591306820e-02,-1.778387422065786094e-01
9.956225836497555326e-01,0.000000000000000000e+00,6.406722720401620830e-01,1.000000000000000000e+00,0.000000000000000000e+00,-1.224646799147353207e-16,0.000000000000000000e+00,-7.829403159246597355e-01,-9.434174656925041500e-07,1.873930040842986762e-06,1.512305809201255791e+00,-6.818415738894206823e-01,2.231479942041119660e-06,-7.829403159246597355e-01,9.434174656988237569e-07,-1.873930040852992762e-06,1.512305809201255791e+00,-6.818415738894206823e-01,-2.231479942052868431e-06,-1.075884043401432622e-08,2.785192190482317114e-08,9.164766295271788155e-02,5.316018968364359942e-01,4.400987517227994417e-01,-3.440803049969913818e-01,5.513441975087783886e-01,-3.606338915098650233e-01,6.334288320504019576e-02,1.800265022461222664e-01,5.316018491990960326e-01,-4.400991103100658774e-01,3.440808790127583561e-01,5.513440721344002871e-01,3.606344727559393504e-01,6.334282561381146537e-02,-1.800268442084913822e-01
9.956893053856264997e-01,0.000000000000000000e+00,6.416823616952735954e-01,1.000000000000000000e+00,0.000000000000000000e+00,-1.224646799147353207e-16,0.000000000000000000e+00,-7.829403159246597355e-01,-9.434174656925041500e-07,1.873930040842986762e-06,1.512305809201255791e+00,-6.818415738894206823e-01,2.231479942041119660e-06,-7.829403159246597355e-01,9.434174656988237569e-07,-1.873930040852992762e-06,1.512305809201255791e+00,-6.818415738894206823e-01,-2.231479942052868431e-06,-1.075884043401432622e-08,2.785192190482317114e-08,9.164766295271788155e-02,5.316018968364359942e-01,4.400987517227994417e-01,-3.440803049969913818e-01,5.513441975087783886e-01,-3.606338915098650233e-01,6.334288320504019576e-02,1.800265022461222664e-01,5.316018491990960326e-01,-4.400991103100658774e-01,3.440808790127583561e-01,5.513440721344002871e-01,3.606344727559393504e-01,6.334282561381146537e-02,-1.800268442084913822e-01
9.957547597138670659e-01,0.000000000000000000e+00,6.426957498096679267e-01,1.000000000000000000e+00,0.000000000000000000e+00,-1.224646799147353207e-16,0.000000000000000000e+00,-7.749655813225322376e-01,-8.746049184625101739e-07,1.681873512564592557e-06,1.499290183355534989e+00,-6.778739020518506075e-01,2.019847395926788509e-06,-7.749655813225322376e-01,8.746049184581666948e-07,-1.681873512557636087e-06,1.499290183355534989e+00,-6.778739020518506075e-01,-2.019847395918710356e-06,-9.373458126270256428e-09,2.475658903724054066e-08,8.976844007956111260e-02,5.284696012672313037e-01,4.411458571610892276e-01,-3.436975529155689157e-01,5.416560745931434662e-01,-3.610446004393832453e-01,6.726595919540263868e-02,1.818570608502031449e-01,5.284695470516405091e-01,-4.411462118403700616e-01,3.436981262695309458e-01,5.416559669566932689e-01,3.610451816783928902e-01,6.726589025479945416e-02,-1.818573985126346326e-01
9.958189681159623774e-01,0.000000000000000000e+00,6.437123804772554303e-01,1.000000000000000000e+00,0.000000000000000000e+00,-1.224646799147353207e-16,0.000000000000000000e+00,-7.749655813225322376e-01,-8.746049184625101739e-07,1.681873512564592557e-06,1.499290183355534989e+00,-6.778739020518506075e-01,2.019847395926788509e-06,-7.749655813225322376e-01,8.746049184581666948e-07,-1.681873512557636087e-06,1.499290183355534989e+00,-6.778739020518506075e-01,-2.019847395918710356e-06,-9.373458126270256428e-09,2.475658903724054066e-08,8.976844007956111260e-02,5.284696012672313037e-01,4.411458571610892276e-01,-3.436975529155689157e-01,5.416560745931434662e-01,-3.610446004393832453e-01,6.726595919540263868e-02,1.818570608502031449e-01,5.284695470516405091e-01,-4.411462118403700616e-01,3.436981262695309458e-01,5.416559669566932689e-01,3.610451816783928902e-01,6.726589025479945416e-02,-1.818573985126346326e-01
9.958819520733974695e-01,0.000000000000000000e+00,6.447321977919464597e-01,1.000000000000000000e+00,0.000000000000000000e+00,-1.224646799147353207e-16,0.000000000000000000e+00,-7.749655813225322376e-01,-8.746049184625101739e-07,1.681873512564592557e-06,1.499290183355534989e+00,-6.778739020518506075e-01,2.019847395926788509e-06,-7.749655813225322376e-01,8.746049184581666948e-07,-1.681873512557636087e-06,1.499290183355534989e+00,-6.778739020518506075e-01,-2.019847395918710356e-06,-9.373458126270256428e-09,2.475658903724054066e-08,8.976844007956111260e-02,5.284696012672313037e-01,4.411458571610892276e-01,-3.436975529155689157e-01,5.416560745931434662e-01,-3.610446004393832453e-01,6.726595919540263868e-02,1.818570608502031449e-01,5.284695470516405091e-01,-4.411462118403700616e-01,3.436981262695309458e-01,5.416559669566932689e-01,3.610451816783928902e-01,6.726589025479945416e-02,-1.818573985126346326e-01
9.959437330676578215e-01,0.000000000000000000e+00,6.457551458476514794e-01,1.000000000000000000e+00,0.000000000000000000e+00,-1.224646799147353207e-16,0.000000000000000000e+00,-7.651809372314298807e-01,-9.923699220941669489e-07,1.861001658036218633e-06,1.483326245259194653e+00,-6.730281377047065972e-01,2.246119678268534003e-06,-7.651809372314298807e-01,9.923699221005436247e-07,-1.861001658046110707e-06,1.483326245259194653e+00,-6.730281377047065972e-01,-2.246119678280171812e-06,-9.192741595467884386e-09,2.377377309128903753e-08,8.747706721510729866e-02,5.241388243636417865e-01,4.421382292374289591e-01,-3.432111281265657343e-01,5.311223926063729506e-01,-3.613784049945940047e-01,7.114281720201269532e-02,1.837903910392856000e-01,5.241387649877072841e-01,-4.421385836031982985e-01,3.432117003925890253e-01,5.311222961658546016e-01,3.613789848887195566e-01,7.114274104159916401e-02,-1.837907278546753453e-01
9.960043325802288017e-01,0.000000000000000000e+00,6.467811687382810648e-01,1.000000000000000000e+00,0.000000000000000000e+00,-1.224646799147353207e-16,0.000000000000000000e+00,-7.651809372314298807e-01,-9.923699220941669489e-07,1.861001658036218633e-06,1.483326245259194653e+00,-6.730281377047065972e-01,2.246119678268534003e-06,-7.651809372314298807e-01,9.923699221005436247e-07,-1.861001658046110707e-06,1.483326245259194653e+00,-6.730281377047065972e-01,-2.246119678280171812e-06,-9.192741595467884386e-09,2.377377309128903753e-08,8.747706721510729866e-02,5.241388243636417865e-01,4.421382292374289591e-01,-3.432111281265657343e-01,5.311223926063729506e-01,-3.613784049945940047e-01,7.114281720201269532e-02,1.837903910392856000e-01,5.241387649877072841e-01,-4.421385836031982985e-01,3.432117003925890253e-01,5.311222961658546016e-01,3.613789848887195566e-01,7.114274104159916401e-02,-1.837907278546753453e-01
9.960637720925954453e-01,0.000000000000000000e+00,6.478102105577457914e-01,1.000000000000000000e+00,0.000000000000000000e+00,-1.224646799147353207e-16,0.000000000000000000e+00,-7.571770710186490616e-01,-9.165537348753589242e-07,1.666040728280467804e-06,1.470156714109362550e+00,-6.689362082060850145e-01,2.028520785107861226e-06,-7.571770710186490616e-01,9.165537348818304677e-07,-1.666040728290094334e-06,1.470156714109362550e+00,-6.689362082060850145e-01,-2.028520785119476589e-06,-7.937682113084970844e-09,2.082844659867687469e-08,8.560296789281317265e-02,5.206071336290495344e-01,4.429333382219062254e-01,-3.428194420491051941e-01,5.225630801888407895e-01,-3.616699257351980168e-01,7.442381474506401529e-02,1.853857982956584327e-01,5.206070682142338590e-01,-4.429336887427551273e-01,3.428200136878651882e-01,5.225630004211865298e-01,3.616705055069742158e-01,7.442372791962463541e-02,-1.853861308188089752e-01
9.961220730862432315e-01,0.000000000000000000e+00,6.488422153999557906e-01,1.000000000000000000e+00,0.000000000000000000e+00,-1.224646799147353207e-16,0.000000000000000000e+00,-7.571770710186490616e-01,-9.165537348753589242e-07,1.666040728280467804e-06,1.470156714109362550e+00,-6.689362082060850145e-01,2.028520785107861226e-06,-7.571770710186490616e-01,9.165537348818304677e-07,-1.666040728290094334e-06,1.470156714109362550e+00,-6.689362082060850145e-01,-2.028520785119476589e-06,-7.937682113084970844e-09,2.082844659867687469e-08,8.560296789281317265e-02,5.206071336290495344e-01,4.429333382219062254e-01,-3.428194420491051941e-01,5.225630801888407895e-01,-3.616699257351980168e-01,7.442381474506401529e-02,1.853857982956584327e-01,5.206070682142338590e-01,-4.429336887427551273e-01,3.428200136878651882e-01,5.225630004211865298e-01,3.616705055069742158e-01,7.442372791962463541e-02,-1.853861308188089752e-01
9.961792570426573068e-01,0.000000000000000000e+00,6.498771273588218600e-01,1.000000000000000000e+00,0.000000000000000000e+00,-1.224646799147353207e-16,0.000000000000000000e+00,-7.571770710186490616e-01,-9.165537348753589242e-07,1.666040728280467804e-06,1.470156714109362550e+00,-6.689362082060850145e-01,2.028520785107861226e-06,-7.571770710186490616e-01,9.165537348818304677e-07,-1.666040728290094334e-06,1.470156714109362550e+00,-6.689362082060850145e-01,-2.028520785119476589e-06,-7.937682113084970844e-09,2.082844659867687469e-08,8.560296789281317265e-02,5.206071336290495344e-01,4.429333382219062254e-01,-3.428194420491051941e-01,5.225630801888407895e-01,-3.616699257351980168e-01,7.442381474506401529e-02,1.853857982956584327e-01,5.206070682142338590e-01,-4.429336887427551273e-01,3.428200136878651882e-01,5.225630004211865298e-01,3.616705055069742158e-01,7.442372791962463541e-02,-1.853861308188089752e-01
9.962353454433227062e-01,0.000000000000000000e+00,6.509148905282542419e-01,1.000000000000000000e+00,0.000000000000000000e+00,-1.224646799147353207e-16,0.000000000000000000e+00,-7.473610436931947820e-01,-1.037985990796302719e-06,1.841551762630457219e-06,1.454012996836683502e+00,-6.639422122316204211e-01,2.253956207913768555e-06,-7.473610436931947820e-01,1.037985990802831014e-06,-1.841551762639894013e-06,1.454012996836683502e+00,-6.639422122316204211e-01,-2.253956207925264486e-06,-7.789036062408311583e-09,1.975890411182223338e-08,8.331214043206669473e-02,5.158431486991631454e-01,4.436489227753611653e-01,-3.423271374449888826e-01,5.132603507732135251e-01,-3.618719585201609079e-01,7.761018137473368883e-02,1.870624229775929293e-01,5.158430784595897656e-01,-4.436492726623054161e-01,3.423277080977117359e-01,5.132602817026679087e-01,3.618725369128362734e-01,7.761008776051231406e-02,-1.870627542690249112e-01
9.962903597697252422e-01,0.000000000000000000e+00,6.519554490021634008e-01,1.000000000000000000e+00,0.000000000000000000e+00,-1.224646799147353207e-16,0.000000000000000000e+00,-7.473610436931947820e-01,-1.037985990796302719e-06,1.841551762630457219e-06,1.454012996836683502e+00,-6.639422122316204211e-01,2.253956207913768555e-06,-7.473610436931947820e-01,1.037985990802831014e-06,-1.841551762639894013e-06,1.454012996836683502e+00,-6.639422122316204211e-01,-2.253956207925264486e-06,-7.789036062408311583e-09,1.975890411182223338e-08,8.331214043206669473e-02,5.158431486991631454e-01,4.436489227753611653e-01,-3.423271374449888826e-01,5.132603507732135251e-01,-3.618719585201609079e-01,7.761018137473368883e-02,1.870624229775929293e-01,5.158430784595897656e-01,-4.436492726623054161e-01,3.423277080977117359e-01,5.132602817026679087e-01,3.618725369128362734e-01,7.761008776051231406e-02,-1.870627542690249112e-01
9.963443215033497280e-01,0.000000000000000000e+00,6.529987468744600232e-01,1.000000000000000000e+00,0.000000000000000000e+00,-1.224646799147353207e-16,0.000000000000000000e+00,-7.393236548551691545e-01,-9.582765161256941207e-07,1.649361785684449218e-06,1.440682894399626823e+00,-6.597232432496746846e-01,2.037262185400822666e-06,-7.393236548551691545e-01,9.582765161211040491e-07,-1.649361785677682484e-06,1.440682894399626823e+00,-6.597232432496746846e-01,-2.037262185392799570e-06,-6.695173710799166005e-09,1.708273735383233406e-08,8.144496825690114572e-02,5.119286459867842254e-01,4.441999873201369353e-01,-3.419324906309551548e-01,5.057911665664396317e-01,-3.620443487665441773e-01,8.027086687545112453e-02,1.884282738492164266e-01,5.119285704400022841e-01,-4.442003336554778969e-01,3.419330606484969892e-01,5.057911124740354092e-01,3.620449269200188835e-01,8.027076366241421568e-02,-1.884286011345347456e-01
9.963972521256815318e-01,0.000000000000000000e+00,6.540447282390542405e-01,1.000000000000000000e+00,0.000000000000000000e+00,-1.224646799147353207e-16,0.000000000000000000e+00,-7.393236548551691545e-01,-9.582765161256941207e-07,1.649361785684449218e-06,1.440682894399626823e+00,-6.597232432496746846e-01,2.037262185400822666e-06,-7.393236548551691545e-01,9.582765161211040491e-07,-1.649361785677682484e-06,1.440682894399626823e+00,-6.597232432496746846e-01,-2.037262185392799570e-06,-6.695173710799166005e-09,1.708273735383233406e-08,8.144496825690114572e-02,5.119286459867842254e-01,4.441999873201369353e-01,-3.419324906309551548e-01,5.057911665664396317e-01,-3.620443487665441773e-01,8.027086687545112453e-02,1.884282738492164266e-01,5.119285704400022841e-01,-4.442003336554778969e-01,3.419330606484969892e-01,5.057911124740354092e-01,3.620449269200188835e-01,8.027076366241421568e-02,-1.884286011345347456e-01
9.964491731182059109e-01,0.000000000000000000e+00,6.550933371898569613e-01,1.000000000000000000e+00,0.000000000000000000e+00,-1.224646799147353207e-16,0.000000000000000000e+00,-7.393236548551691545e-01,-9.582765161256941207e-07,1.649361785684449218e-06,1.440682894399626823e+00,-6.597232432496746846e-01,2.037262185400822666e-06,-7.393236548551691545e-01,9.582765161211040491e-07,-1.649361785677682484e-06,1.440682894399626823e+00,-6.597232432496746846e-01,-2.037262185392799570e-06,-6.695173710799166005e-09,1.708273735383233406e-08,8.144496825690114572e-02,5.119286459867842254e-01,4.441999873201369353e-01,-3.419324906309551548e-01,5.057911665664396317e-01,-3.620443487665441773e-01,8.027086687545112453e-02,1.884282738492164266e-01,5.119285704400022841e-01,-4.442003336554778969e-01,3.419330606484969892e-01,5.057911124740354092e-01,3.620449269200188835e-01,8.027076366241421568e-02,-1.884286011345347456e-01
9.965001059624083446e-01,0.000000000000000000e+00,6.561445178207780948e-01,1.000000000000000000e+00,0.000000000000000000e+00,-1.224646799147353207e-16,0.000000000000000000e+00,-7.294658411359123962e-01,-1.085059402078897629e-06,1.823935023407268169e-06,1.424342155133152543e+00,-6.545740243836326577e-01,2.265409343986700693e-06,-7.294658411359123962e-01,1.085059402085425924e-06,-1.823935023416553132e-06,1.424342155133152543e+00,-6.545740243836326577e-01,-2.265409343997997148e-06,-6.601172746191469704e-09,1.599909603710394476e-08,7.915572937491578698e-02,5.067486798884753840e-01,4.446493441287773796e-01,-3.414401858079986196e-01,4.976659929801460214e-01,-3.621167098500898684e-01,8.279879000712199455e-02,1.898575058800495707e-01,5.067485999739929081e-01,-4.446496896682105016e-01,3.414407549124991448e-01,4.976659486741737415e-01,3.621172866000711976e-01,8.279868068110783630e-02,-1.898578317392371206e-01
9.965500721397737571e-01,0.000000000000000000e+00,6.571982142257286608e-01,1.000000000000000000e+00,0.000000000000000000e+00,-1.224646799147353207e-16,0.000000000000000000e+00,-7.294658411359123962e-01,-1.085059402078897629e-06,1.823935023407268169e-06,1.424342155133152543e+00,-6.545740243836326577e-01,2.265409343986700693e-06,-7.294658411359123962e-01,1.085059402085425924e-06,-1.823935023416553132e-06,1.424342155133152543e+00,-6.545740243836326577e-01,-2.265409343997997148e-06,-6.601172746191469704e-09,1.599909603710394476e-08,7.915572937491578698e-02,5.067486798884753840e-01,4.446493441287773796e-01,-3.414401858079986196e-01,4.976659929801460214e-01,-3.621167098500898684e-01,8.279879000712199455e-02,1.898575058800495707e-01,5.067485999739929081e-01,-4.446496896682105016e-01,3.414407549124991448e-01,4.976659486741737415e-01,3.621172866000711976e-01,8.279868068110783630e-02,-1.898578317392371206e-01
9.965990931317876278e-01,0.000000000000000000e+00,6.582543704986186794e-01,1.000000000000000000e+00,0.000000000000000000e+00,-1.224646799147353207e-16,0.000000000000000000e+00,-7.294658411359123962e-01,-1.085059402078897629e-06,1.823935023407268169e-06,1.424342155133152543e+00,-6.545740243836326577e-01,2.265409343986700693e-06,-7.294658411359123962e-01,1.085059402085425924e-06,-1.823935023416553132e-06,1.424342155133152543e+00,-6.545740243836326577e-01,-2.265409343997997148e-06,-6.601172746191469704e-09,1.599909603710394476e-08,7.915572937491578698e-02,5.067486798884753840e-01,4.446493441287773796e-01,-3.414401858079986196e-01,4.976659929801460214e-01,-3.621167098500898684e-01,8.279879000712199455e-02,1.898575058800495707e-01,5.067485999739929081e-01,-4.446496896682105016e-01,3.414407549124991448e-01,4.976659486741737415e-01,3.621172866000711976e-01,8.279868068110783630e-02,-1.898578317392371206e-01
9.966471904199352139e-01,0.000000000000000000e+00,6.593129307333588374e-01,1.000000000000000000e+00,0.000000000000000000e+00,-1.224646799147353207e-16,0.000000000000000000e+00,-7.189821054452377735e-01,-1.195032325398752663e-06,1.949397495057680659e-06,1.406877278243519047e+00,-6.490044898175590937e-01,2.441967298416020061e-06,-7.189821054452377735e-01,1.195032325405356767e-06,-1.949397495066737982e-06,1.406877278243519047e+00,-6.490044898175590937e-01,-2.441967298427212331e-06,-6.435293912519080390e-09,1.481901356284119193e-08,7.673294513853536059e-02,5.010200416629099207e-01,4.449718572334729338e-01,-3.409219780868476546e-01,4.897310706983956652e-01,-3.621201179836316397e-01,8.511679589469359208e-02,1.912324288922067905e-01,5.010199578165571710e-01,-4.449722019553309926e-01,3.409225462203773205e-01,4.897310352700272040e-01,3.621206934253788368e-01,8.511668100727393105e-02,-1.912327533732152418e-01
9.966943854857015506e-01,0.000000000000000000e+00,6.603738390238595990e-01,1.000000000000000000e+00,0.000000000000000000e+00,-1.224646799147353207e-16,0.000000000000000000e+00,-7.189821054452377735e-01,-1.195032325398752663e-06,1.949397495057680659e-06,1.406877278243519047e+00,-6.490044898175590937e-01,2.441967298416020061e-06,-7.189821054452377735e-01,1.195032325405356767e-06,-1.949397495066737982e-06,1.406877278243519047e+00,-6.490044898175590937e-01,-2.441967298427212331e-06,-6.435293912519080390e-09,1.481901356284119193e-08,7.673294513853536059e-02,5.010200416629099207e-01,4.449718572334729338e-01,-3.409219780868476546e-01,4.897310706983956652e-01,-3.621201179836316397e-01,8.511679589469359208e-02,1.912324288922067905e-01,5.010199578165571710e-01,-4.449722019553309926e-01,3.409225462203773205e-01,4.897310352700272040e-01,3.621206934253788368e-01,8.511668100727393105e-02,-1.912327533732152418e-01
9.967406998105722282e-01,0.000000000000000000e+00,6.614370394640314288e-01,1.000000000000000000e+00,0.000000000000000000e+00,-1.224646799147353207e-16,0.000000000000000000e+00,-7.106710500560019517e-01,-1.072496098040701768e-06,1.695262008490623856e-06,1.392908903471746562e+00,-6.444440622961331577e-01,2.146600736815307369e-06,-7.106710500560019517e-01,1.072496098035902903e-06,-1.695262008484065915e-06,1.392908903471746562e+00,-6.444440622961331577e-01,-2.146600736807410057e-06,-5.386015118805776761e-09,1.229182957117490510e-08,7.483191456216350956e-02,4.964429731227898435e-01,4.451721494419684788e-01,-3.405236682583920871e-01,4.836938003050555990e-01,-3.621189255539549734e-01,8.695308792282308019e-02,1.922936655198731193e-01,4.964428850154554707e-01,-4.451724907162053491e-01,3.405242356862142605e-01,4.836937778233801333e-01,3.621195007877137106e-01,8.695296466514948475e-02,-1.922939861792181404e-01
9.967861548760322821e-01,0.000000000000000000e+00,6.625024761477845692e-01,1.000000000000000000e+00,0.000000000000000000e+00,-1.224646799147353207e-16,0.000000000000000000e+00,-7.106710500560019517e-01,-1.072496098040701768e-06,1.695262008490623856e-06,1.392908903471746562e+00,-6.444440622961331577e-01,2.146600736815307369e-06,-7.106710500560019517e-01,1.072496098035902903e-06,-1.695262008484065915e-06,1.392908903471746562e+00,-6.444440622961331577e-01,-2.146600736807410057e-06,-5.386015118805776761e-09,1.229182957117490510e-08,7.483191456216350956e-02,4.964429731227898435e-01,4.451721494419684788e-01,-3.405236682583920871e-01,4.836938003050555990e-01,-3.621189255539549734e-01,8.695308792282308019e-02,1.922936655198731193e-01,4.964428850154554707e-01,-4.451724907162053491e-01,3.405242356862142605e-01,4.836937778233801333e-01,3.621195007877137106e-01,8.695296466514948475e-02,-1.922939861792181404e-01
9.968307721635673024e-01,0.000000000000000000e+00,6.635700931690298177e-01,1.000000000000000000e+00,0.000000000000000000e+00,-1.224646799147353207e-16,0.000000000000000000e+00,-7.106710500560019517e-01,-1.072496098040701768e-06,1.695262008490623856e-06,1.392908903471746562e+00,-6.444440622961331577e-01,2.146600736815307369e-06,-7.106710500560019517e-01,1.072496098035902903e-06,-1.695262008484065915e-06,1.392908903471746562e+00,-6.444440622961331577e-01,-2.146600736807410057e-06,-5.386015118805776761e-09,1.229182957117490510e-08,7.483191456216350956e-02,4.964429731227898435e-01,4.451721494419684788e-01,-3.405236682583920871e-01,4.836938003050555990e-01,-3.621189255539549734e-01,8.695308792282308019e-02,1.922936655198731193e-01,4.964428850154554707e-01,-4.451724907162053491e-01,3.405242356862142605e-01,4.836937778233801333e-01,3.621195007877137106e-01,8.695296466514948475e-02,-1.922939861792181404e-01
9.968745731546618805e-01,0.000000000000000000e+00,6.646398346216771946e-01,1.000000000000000000e+00,0.000000000000000000e+00,-1.224646799147353207e-16,0.000000000000000000e+00,-7.006531427696010006e-01,-1.185981048932733226e-06,1.831352085731158089e-06,1.376087765537268082e+00,-6.389813749482093908e-01,2.333550033532206784e-06,-7.006531427696010006e-01,1.185981048939432197e-06,-1.831352085740044524e-06,1.376087765537268082e+00,-6.389813749482093908e-01,-2.333550033543174590e-06,-5.254401755282173675e-09,1.095500269866263790e-08,7.253041163418419424e-02,4.906105869782109719e-01,4.452288462635489164e-01,-3.400379206077548400e-01,4.772502916311858745e-01,-3.619989013939153288e-01,8.855178669198951469e-02,1.933694186540906024e-01,4.906104949277604876e-01,-4.452291861059285427e-01,3.400384872272028125e-01,4.772502785291909966e-01,3.619994752978990538e-01,8.855165773014050945e-02,-1.933697372163314665e-01
9.969175793308019395e-01,0.000000000000000000e+00,6.657116445996378307e-01,1.000000000000000000e+00,0.000000000000000000e+00,-1.224646799147353207e-16,0.000000000000000000e+00,-7.006531427696010006e-01,-1.185981048932733226e-06,1.831352085731158089e-06,1.376087765537268082e+00,-6.389813749482093908e-01,2.333550033532206784e-06,-7.006531427696010006e-01,1.185981048939432197e-06,-1.831352085740044524e-06,1.376087765537268082e+00,-6.389813749482093908e-01,-2.333550033543174590e-06,-5.254401755282173675e-09,1.095500269866263790e-08,7.253041163418419424e-02,4.906105869782109719e-01,4.452288462635489164e-01,-3.400379206077548400e-01,4.772502916311858745e-01,-3.619989013939153288e-01,8.855178669198951469e-02,1.933694186540906024e-01,4.906104949277604876e-01,-4.452291861059285427e-01,3.400384872272028125e-01,4.772502785291909966e-01,3.619994752978990538e-01,8.855165773014050945e-02,-1.933697372163314665e-01
9.969598121734725149e-01,0.000000000000000000e+00,6.667854671968214131e-01,1.000000000000000000e+00,0.000000000000000000e+00,-1.224646799147353207e-16,0.000000000000000000e+00,-7.006531427696010006e-01,-1.185981048932733226e-06,1.831352085731158089e-06,1.376087765537268082e+00,-6.389813749482093908e-01,2.333550033532206784e-06,-7.006531427696010006e-01,1.185981048939432197e-06,-1.831352085740044524e-06,1.376087765537268082e+00,-6.389813749482093908e-01,-2.333550033543174590e-06,-5.254401755282173675e-09,1.095500269866263790e-08,7.253041163418419424e-02,4.906105869782109719e-01,4.452288462635489164e-01,-3.400379206077548400e-01,4.772502916311858745e-01,-3.619989013939153288e-01,8.855178669198951469e-02,1.933694186540906024e-01,4.906104949277604876e-01,-4.452291861059285427e-01,3.400384872272028125e-01,4.772502785291909966e-01,3.619994752978990538e-01,8.855165773014050945e-02,-1.933697372163314665e-01
9.970012931641590859e-01,0.000000000000000000e+00,6.678612465071391835e-01,1.000000000000000000e+00,0.000000000000000000e+00,-1.224646799147353207e-16,0.000000000000000000e+00,-6.900334536868891755e-01,-1.293627633791585284e-06,1.940685247073067457e-06,1.358172386229900219e+00,-6.330992744774774916e-01,2.495507971373161088e-06,-6.900334536868891755e-01,1.293627633798417028e-06,-1.940685247081726251e-06,1.358172386229900219e+00,-6.330992744774774916e-01,-2.495507971384186069e-06,-5.107998469390166210e-09,9.558291193009885888e-09,7.010511261277757589e-02,4.842195546199410949e-01,4.451387417981414463e-01,-3.395313389085402034e-01,4.711076424655529782e-01,-3.617987188961266920e-01,8.988465921071009390e-02,1.943675234628197135e-01,4.842194588868917182e-01,-4.451390801371781780e-01,3.395319046796866358e-01,4.711076381943790081e-01,3.617992914728134224e-01,8.988452493294614432e-02,-1.943678398847834832e-01
9.970420437843463546e-01,0.000000000000000000e+00,6.689389266245009402e-01,1.000000000000000000e+00,0.000000000000000000e+00,-1.224646799147353207e-16,0.000000000000000000e+00,-6.900334536868891755e-01,-1.293627633791585284e-06,1.940685247073067457e-06,1.358172386229900219e+00,-6.330992744774774916e-01,2.495507971373161088e-06,-6.900334536868891755e-01,1.293627633798417028e-06,-1.940685247081726251e-06,1.358172386229900219e+00,-6.330992744774774916e-01,-2.495507971384186069e-06,-5.107998469390166210e-09,9.558291193009885888e-09,7.010511261277757589e-02,4.842195546199410949e-01,4.451387417981414463e-01,-3.395313389085402034e-01,4.711076424655529782e-01,-3.617987188961266920e-01,8.988465921071009390e-02,1.943675234628197135e-01,4.842194588868917182e-01,-4.451390801371781780e-01,3.395319046796866358e-01,4.711076381943790081e-01,3.617992914728134224e-01,8.988452493294614432e-02,-1.943678398847834832e-01
9.970820855155198004e-01,0.000000000000000000e+00,6.700184516428173698e-01,1.000000000000000000e+00,0.000000000000000000e+00,-1.224646799147353207e-16,0.000000000000000000e+00,-6.900334536868891755e-01,-1.293627633791585284e-06,1.940685247073067457e-06,1.358172386229900219e+00,-6.330992744774774916e-01,2.495507971373161088e-06,-6.900334536868891755e-01,1.293627633798417028e-06,-1.940685247081726251e-06,1.358172386229900219e+00,-6.330992744774774916e-01,-2.495507971384186069e-06,-5.107998469390166210e-09,9.558291193009885888e-09,7.010511261277757589e-02,4.842195546199410949e-01,4.451387417981414463e-01,-3.395313389085402034e-01,4.711076424655529782e-01,-3.617987188961266920e-01,8.988465921071009390e-02,1.943675234628197135e-01,4.842194588868917182e-01,-4.451390801371781780e-01,3.395319046796866358e-01,4.711076381943790081e-01,3.617992914728134224e-01,8.988452493294614432e-02,-1.943678398847834832e-01
9.971214398391651246e-01,0.000000000000000000e+00,6.710997656559991587e-01,1.000000000000000000e+00,0.000000000000000000e+00,-1.224646799147353207e-16,0.000000000000000000e+00,-6.791737022327901663e-01,-1.371247906557101220e-06,1.994337335827626282e-06,1.339757601867218817e+00,-6.269795811668230634e-01,2.591568881780036005e-06,-6.791737022327901663e-01,1.371247906564084795e-06,-1.994337335836133457e-06,1.339757601867218817e+00,-6.269795811668230634e-01,-2.591568881790982635e-06,-4.862595745640572501e-09,7.950247342201735239e-09,6.764161848961765255e-02,4.774844346988968424e-01,4.448980475175763338e-01,-3.390236983297605922e-01,4.655091943853835179e-01,-3.615241384631369681e-01,9.090381543762887651e-02,1.952495608804182825e-01,4.774843353654699141e-01,-4.448983839184681988e-01,3.390242632541397572e-01,4.655091992485244079e-01,3.615247098072388865e-01,9.090367567432415530e-02,-1.952498747470282903e-01
9.971601282367670294e-01,0.000000000000000000e+00,6.721828127579566603e-01,1.000000000000000000e+00,0.000000000000000000e+00,-1.224646799147353207e-16,0.000000000000000000e+00,-6.791737022327901663e-01,-1.371247906557101220e-06,1.994337335827626282e-06,1.339757601867218817e+00,-6.269795811668230634e-01,2.591568881780036005e-06,-6.791737022327901663e-01,1.371247906564084795e-06,-1.994337335836133457e-06,1.339757601867218817e+00,-6.269795811668230634e-01,-2.591568881790982635e-06,-4.862595745640572501e-09,7.950247342201735239e-09,6.764161848961765255e-02,4.774844346988968424e-01,4.448980475175763338e-01,-3.390236983297605922e-01,4.655091943853835179e-01,-3.615241384631369681e-01,9.090381543762887651e-02,1.952495608804182825e-01,4.774843353654699141e-01,-4.448983839184681988e-01,3.390242632541397572e-01,4.655091992485244079e-01,3.615247098072388865e-01,9.090367567432415530e-02,-1.952498747470282903e-01
9.971981721898113271e-01,0.000000000000000000e+00,6.732675370426000061e-01,1.000000000000000000e+00,0.000000000000000000e+00,-1.224646799147353207e-16,0.000000000000000000e+00,-6.791737022327901663e-01,-1.371247906557101220e-06,1.994337335827626282e-06,1.339757601867218817e+00,-6.269795811668230634e-01,2.591568881780036005e-06,-6.791737022327901663e-01,1.371247906564084795e-06,-1.994337335836133457e-06,1.339757601867218817e+00,-6.269795811668230634e-01,-2.591568881790982635e-06,-4.862595745640572501e-09,7.950247342201735239e-09,6.764161848961765255e-02,4.774844346988968424e-01,4.448980475175763338e-01,-3.390236983297605922e-01,4.655091943853835179e-01,-3.615241384631369681e-01,9.090381543762887651e-02,1.952495608804182825e-01,4.774843353654699141e-01,-4.448983839184681988e-01,3.390242632541397572e-01,4.655091992485244079e-01,3.615247098072388865e-01,9.090367567432415530e-02,-1.952498747470282903e-01
9.972355931797828310e-01,0.000000000000000000e+00,6.743538826038401046e-01,1.000000000000000000e+00,0.000000000000000000e+00,-1.224646799147353207e-16,0.000000000000000000e+00,-6.681902480799377653e-01,-1.429978292678001907e-06,2.016036251805154948e-06,1.321040889092229609e+00,-6.206880758951790478e-01,2.648687016240670500e-06,-6.681902480799377653e-01,1.429978292685023598e-06,-2.016036251813548198e-06,1.321040889092229609e+00,-6.206880758951790478e-01,-2.648687016251662446e-06,-4.570683455749018625e-09,6.191372861840992419e-09,6.516695857218224308e-02,4.704706555678200286e-01,4.445045035128279420e-01,-3.385210172007288576e-01,4.605400769484035983e-01,-3.611746200657187100e-01,9.158005126333852719e-02,1.959999943286077073e-01,4.704705526489359468e-01,-4.445048375740909274e-01,3.385215812975458372e-01,4.605400913342330149e-01,3.611751902092450450e-01,9.157990581946445774e-02,-1.960003052301278192e-01
9.972724126881670204e-01,0.000000000000000000e+00,6.754417935355871982e-01,1.000000000000000000e+00,0.000000000000000000e+00,-1.224646799147353207e-16,0.000000000000000000e+00,-6.681902480799377653e-01,-1.429978292678001907e-06,2.016036251805154948e-06,1.321040889092229609e+00,-6.206880758951790478e-01,2.648687016240670500e-06,-6.681902480799377653e-01,1.429978292685023598e-06,-2.016036251813548198e-06,1.321040889092229609e+00,-6.206880758951790478e-01,-2.648687016251662446e-06,-4.570683455749018625e-09,6.191372861840992419e-09,6.516695857218224308e-02,4.704706555678200286e-01,4.445045035128279420e-01,-3.385210172007288576e-01,4.605400769484035983e-01,-3.611746200657187100e-01,9.158005126333852719e-02,1.959999943286077073e-01,4.704705526489359468e-01,-4.445048375740909274e-01,3.385215812975458372e-01,4.605400913342330149e-01,3.611751902092450450e-01,9.157990581946445774e-02,-1.960003052301278192e-01
9.973086521964488194e-01,0.000000000000000000e+00,6.765312139317518625e-01,1.000000000000000000e+00,0.000000000000000000e+00,-1.224646799147353207e-16,0.000000000000000000e+00,-6.681902480799377653e-01,-1.429978292678001907e-06,2.016036251805154948e-06,1.321040889092229609e+00,-6.206880758951790478e-01,2.648687016240670500e-06,-6.681902480799377653e-01,1.429978292685023598e-06,-2.016036251813548198e-06,1.321040889092229609e+00,-6.206880758951790478e-01,-2.648687016251662446e-06,-4.570683455749018625e-09,6.191372861840992419e-09,6.516695857218224308e-02,4.704706555678200286e-01,4.445045035128279420e-01,-3.385210172007288576e-01,4.605400769484035983e-01,-3.611746200657187100e-01,9.158005126333852719e-02,1.959999943286077073e-01,4.704705526489359468e-01,-4.445048375740909274e-01,3.385215812975458372e-01,4.605400913342330149e-01,3.611751902092450450e-01,9.157990581946445774e-02,-1.960003052301278192e-01
9.973443331861141514e-01,0.000000000000000000e+00,6.776220878862443397e-01,1.000000000000000000e+00,0.000000000000000000e+00,-1.224646799147353207e-16,0.000000000000000000e+00,-6.571177210064932384e-01,-1.480268745243696521e-06,2.023723084608673306e-06,1.302082459646364487e+00,-6.142457877675639999e-01,2.688807777555137913e-06,-6.571177210064932384e-01,1.480268745250718212e-06,-2.023723084616914936e-06,1.302082459646364487e+00,-6.142457877675639999e-01,-2.688807777566021439e-06,-4.278551620316863585e-09,4.348843763964031731e-09,6.268984631925227091e-02,4.631971213276545596e-01,4.439569312618409369e-01,-3.380252395615303551e-01,4.562308449457657122e-01,-3.607492423368229839e-01,9.189945085022843685e-02,1.966128003239928923e-01,4.631970148394848885e-01,-4.439572626675375444e-01,3.380258028555557237e-01,4.562308691179322029e-01,3.607498112631062348e-01,9.189929963067712537e-02,-1.966131079260339531e-01
9.973794771386476077e-01,0.000000000000000000e+00,6.787143594929753165e-01,1.000000000000000000e+00,0.000000000000000000e+00,-1.224646799147353207e-16,0.000000000000000000e+00,-6.571177210064932384e-01,-1.480268745243696521e-06,2.023723084608673306e-06,1.302082459646364487e+00,-6.142457877675639999e-01,2.688807777555137913e-06,-6.571177210064932384e-01,1.480268745250718212e-06,-2.023723084616914936e-06,1.302082459646364487e+00,-6.142457877675639999e-01,-2.688807777566021439e-06,-4.278551620316863585e-09,4.348843763964031731e-09,6.268984631925227091e-02,4.631971213276545596e-01,4.439569312618409369e-01,-3.380252395615303551e-01,4.562308449457657122e-01,-3.607492423368229839e-01,9.189945085022843685e-02,1.966128003239928923e-01,4.631970148394848885e-01,-4.439572626675375444e-01,3.380258028555557237e-01,4.562308691179322029e-01,3.607498112631062348e-01,9.189929963067712537e-02,-1.966131079260339531e-01
9.974141055355348895e-01,0.000000000000000000e+00,6.798079728458552573e-01,1.000000000000000000e+00,0.000000000000000000e+00,-1.224646799147353207e-16,0.000000000000000000e+00,-6.571177210064932384e-01,-1.480268745243696521e-06,2.023723084608673306e-06,1.302082459646364487e+00,-6.142457877675639999e-01,2.688807777555137913e-06,-6.571177210064932384e-01,1.480268745250718212e-06,-2.023723084616914936e-06,1.302082459646364487e+00,-6.142457877675639999e-01,-2.688807777566021439e-06,-4.278551620316863585e-09,4.348843763964031731e-09,6.268984631925227091e-02,4.631971213276545596e-01,4.439569312618409369e-01,-3.380252395615303551e-01,4.562308449457657122e-01,-3.607492423368229839e-01,9.189945085022843685e-02,1.966128003239928923e-01,4.631970148394848885e-01,-4.439572626675375444e-01,3.380258028555557237e-01,4.562308691179322029e-01,3.607498112631062348e-01,9.189929963067712537e-02,-1.966131079260339531e-01
9.974482398582611431e-01,0.000000000000000000e+00,6.809028720387944045e-01,1.000000000000000000e+00,0.000000000000000000e+00,-1.224646799147353207e-16,0.000000000000000000e+00,-6.459631889072426914e-01,-1.528030260139139239e-06,2.026415100049787243e-06,1.282894511801151216e+00,-6.076565063676955258e-01,2.723484003208682179e-06,-6.459631889072426914e-01,1.528030260122102653e-06,-2.026415100029834111e-06,1.282894511801151216e+00,-6.076565063676955258e-01,-2.723484003182699867e-06,-4.011965721030242816e-09,2.465712328736543649e-09,6.021314740911409835e-02,4.556683141401151049e-01,4.432548243938276289e-01,-3.375370197342518197e-01,4.525926746713958559e-01,-3.602476685674217416e-01,9.185652642611943919e-02,1.970859361697752665e-01,4.556682041220425639e-01,-4.432551528938005747e-01,3.375375822503547396e-01,4.525927087520448255e-01,3.602482362376791536e-01,9.185636943609994109e-02,-1.970862402048227657e-01
9.974819015883115148e-01,0.000000000000000000e+00,6.819990011657035556e-01,1.000000000000000000e+00,0.000000000000000000e+00,-1.224646799147353207e-16,0.000000000000000000e+00,-6.459631889072426914e-01,-1.528030260139139239e-06,2.026415100049787243e-06,1.282894511801151216e+00,-6.076565063676955258e-01,2.723484003208682179e-06,-6.459631889072426914e-01,1.528030260122102653e-06,-2.026415100029834111e-06,1.282894511801151216e+00,-6.076565063676955258e-01,-2.723484003182699867e-06,-4.011965721030242816e-09,2.465712328736543649e-09,6.021314740911409835e-02,4.556683141401151049e-01,4.432548243938276289e-01,-3.375370197342518197e-01,4.525926746713958559e-01,-3.602476685674217416e-01,9.185652642611943919e-02,1.970859361697752665e-01,4.556682041220425639e-01,-4.432551528938005747e-01,3.375375822503547396e-01,4.525927087520448255e-01,3.602482362376791536e-01,9.185636943609994109e-02,-1.970862402048227657e-01
9.975151122071712617e-01,0.000000000000000000e+00,6.830963043204927310e-01,1.000000000000000000e+00,0.000000000000000000e+00,-1.224646799147353207e-16,0.000000000000000000e+00,-6.459631889072426914e-01,-1.528030260139139239e-06,2.026415100049787243e-06,1.282894511801151216e+00,-6.076565063676955258e-01,2.723484003208682179e-06,-6.459631889072426914e-01,1.528030260122102653e-06,-2.026415100029834111e-06,1.282894511801151216e+00,-6.076565063676955258e-01,-2.723484003182699867e-06,-4.011965721030242816e-09,2.465712328736543649e-09,6.021314740911409835e-02,4.556683141401151049e-01,4.432548243938276289e-01,-3.375370197342518197e-01,4.525926746713958559e-01,-3.602476685674217416e-01,9.185652642611943919e-02,1.970859361697752665e-01,4.556682041220425639e-01,-4.432551528938005747e-01,3.375375822503547396e-01,4.525927087520448255e-01,3.602482362376791536e-01,9.185636943609994109e-02,-1.970862402048227657e-01
9.975478931963258633e-01,0.000000000000000000e+00,6.841947255970728392e-01,1.000000000000000000e+00,0.000000000000000000e+00,-1.224646799147353207e-16,0.000000000000000000e+00,-6.347241886303613967e-01,-1.576175344744110577e-06,2.028059473501811922e-06,1.263471993732746546e+00,-6.009172511027249808e-01,2.758038282041121604e-06,-6.347241886303613967e-01,1.576175344738913395e-06,-2.028059473496278679e-06,1.263471993732746546e+00,-6.009172511027249808e-01,-2.758038282033358971e-06,-3.783104055739571293e-09,5.648928004104997151e-10,5.773781576162453216e-02,4.478841917638500258e-01,4.423980039196143133e-01,-3.370565133991718643e-01,4.496299726468627189e-01,-3.596700620965009310e-01,9.144965622980980036e-02,1.974189962772985307e-01,4.478840782769690776e-01,-4.423983293029436492e-01,3.370570751605426740e-01,4.496300166552895106e-01,3.596706284654067609e-01,9.144949354481941850e-02,-1.974192965219382367e-01
9.975802660372604658e-01,0.000000000000000000e+00,6.852942090893541227e-01,1.000000000000000000e+00,0.000000000000000000e+00,-1.224646799147353207e-16,0.000000000000000000e+00,-6.347241886303613967e-01,-1.576175344744110577e-06,2.028059473501811922e-06,1.263471993732746546e+00,-6.009172511027249808e-01,2.758038282041121604e-06,-6.347241886303613967e-01,1.576175344738913395e-06,-2.028059473496278679e-06,1.263471993732746546e+00,-6.009172511027249808e-01,-2.758038282033358971e-06,-3.783104055739571293e-09,5.648928004104997151e-10,5.773781576162453216e-02,4.478841917638500258e-01,4.423980039196143133e-01,-3.370565133991718643e-01,4.496299726468627189e-01,-3.596700620965009310e-01,9.144965622980980036e-02,1.974189962772985307e-01,4.478840782769690776e-01,-4.423983293029436492e-01,3.370570751605426740e-01,4.496300166552895106e-01,3.596706284654067609e-01,9.144949354481941850e-02,-1.974192965219382367e-01
9.976122522114602154e-01,0.000000000000000000e+00,6.863946988912469349e-01,1.000000000000000000e+00,0.000000000000000000e+00,-1.224646799147353207e-16,0.000000000000000000e+00,-6.347241886303613967e-01,-1.576175344744110577e-06,2.028059473501811922e-06,1.263471993732746546e+00,-6.009172511027249808e-01,2.758038282041121604e-06,-6.347241886303613967e-01,1.576175344738913395e-06,-2.028059473496278679e-06,1.263471993732746546e+00,-6.009172511027249808e-01,-2.758038282033358971e-06,-3.783104055739571293e-09,5.648928004104997151e-10,5.773781576162453216e-02,4.478841917638500258e-01,4.423980039196143133e-01,-3.370565133991718643e-01,4.496299726468627189e-01,-3.596700620965009310e-01,9.144965622980980036e-02,1.974189962772985307e-01,4.478840782769690776e-01,-4.423983293029436492e-01,3.370570751605426740e-01,4.496300166552895106e-01,3.596706284654067609e-01,9.144949354481941850e-02,-1.974192965219382367e-01
9.976438732004105914e-01,0.000000000000000000e+00,6.874961390966619623e-01,1.000000000000000000e+00,0.000000000000000000e+00,-1.224646799147353207e-16,0.000000000000000000e+00,-6.233947436623163973e-01,-1.626115105625259218e-06,2.030286025311935431e-06,1.243803206167362285e+00,-5.940221845680240254e-01,2.794842345377442633e-06,-6.233947436623163973e-01,1.626115105620062035e-06,-2.030286025306439882e-06,1.243803206167362285e+00,-5.940221845680240254e-01,-2.794842345369853642e-06,-3.597119085819343945e-09,-1.343606146579906871e-09,5.526416560308956838e-02,4.398431175345959843e-01,4.413863558778719498e-01,-3.365836002708912367e-01,4.473452638304744600e-01,-3.590168778754285195e-01,9.067857930852142589e-02,1.976121788286979153e-01,4.398430006522696667e-01,-4.413866779521085082e-01,3.365841612990024267e-01,4.473453177289544724e-01,3.590174428979301946e-01,9.067841104325288781e-02,-1.976124750829207355e-01
9.976751504855966290e-01,0.000000000000000000e+00,6.885984737995097804e-01,1.000000000000000000e+00,0.000000000000000000e+00,-1.224646799147353207e-16,0.000000000000000000e+00,-6.233947436623163973e-01,-1.626115105625259218e-06,2.030286025311935431e-06,1.243803206167362285e+00,-5.940221845680240254e-01,2.794842345377442633e-06,-6.233947436623163973e-01,1.626115105620062035e-06,-2.030286025306439882e-06,1.243803206167362285e+00,-5.940221845680240254e-01,-2.794842345369853642e-06,-3.597119085819343945e-09,-1.343606146579906871e-09,5.526416560308956838e-02,4.398431175345959843e-01,4.413863558778719498e-01,-3.365836002708912367e-01,4.473452638304744600e-01,-3.590168778754285195e-01,9.067857930852142589e-02,1.976121788286979153e-01,4.398430006522696667e-01,-4.413866779521085082e-01,3.365841612990024267e-01,4.473453177289544724e-01,3.590174428979301946e-01,9.067841104325288781e-02,-1.976124750829207355e-01
9.977061055485036967e-01,0.000000000000000000e+00,6.897016470937004096e-01,1.000000000000000000e+00,0.000000000000000000e+00,-1.224646799147353207e-16,0.000000000000000000e+00,-6.233947436623163973e-01,-1.626115105625259218e-06,2.030286025311935431e-06,1.243803206167362285e+00,-5.940221845680240254e-01,2.794842345377442633e-06,-6.233947436623163973e-01,1.626115105620062035e-06,-2.030286025306439882e-06,1.243803206167362285e+00,-5.940221845680240254e-01,-2.794842345369853642e-06,-3.597119085819343945e-09,-1.343606146579906871e-09,5.526416560308956838e-02,4.398431175345959843e-01,4.413863558778719498e-01,-3.365836002708912367e-01,4.473452638304744600e-01,-3.590168778754285195e-01,9.067857930852142589e-02,1.976121788286979153e-01,4.398430006522696667e-01,-4.413866779521085082e-01,3.365841612990024267e-01,4.473453177289544724e-01,3.590174428979301946e-01,9.067841104325288781e-02,-1.976124750829207355e-01
9.977367598706171625e-01,0.000000000000000000e+00,6.908056030731446473e-01,1.000000000000000000e+00,0.000000000000000000e+00,-1.224646799147353207e-16,0.000000000000000000e+00,-6.119673608898090755e-01,-1.678600816947138164e-06,2.033766823894001291e-06,1.223873421256864713e+00,-5.869640371099875686e-01,2.835017691739599814e-06,-6.119673608898090755e-01,1.678600816941903077e-06,-2.033766823888505741e-06,1.223873421256864713e+00,-5.869640371099875686e-01,-2.835017691732038351e-06,-3.455940422495681838e-09,-3.257488518956584978e-09,5.279229520199005266e-02,4.315426574354773726e-01,4.402196549769792355e-01,-3.361179459477590115e-01,4.457412539655558614e-01,-3.582887090111813722e-01,8.954310534802654986e-02,1.976658119134052094e-01,4.315425372332276077e-01,-4.402199735537352110e-01,3.361185062629190590e-01,4.457413176976020019e-01,3.582892726448265730e-01,8.954293163175280901e-02,-1.976661039850618751e-01
9.977671349334222839e-01,0.000000000000000000e+00,6.919102858317527360e-01,1.000000000000000000e+00,0.000000000000000000e+00,-1.224646799147353207e-16,0.000000000000000000e+00,-6.119673608898090755e-01,-1.678600816947138164e-06,2.033766823894001291e-06,1.223873421256864713e+00,-5.869640371099875686e-01,2.835017691739599814e-06,-6.119673608898090755e-01,1.678600816941903077e-06,-2.033766823888505741e-06,1.223873421256864713e+00,-5.869640371099875686e-01,-2.835017691732038351e-06,-3.455940422495681838e-09,-3.257488518956584978e-09,5.279229520199005266e-02,4.315426574354773726e-01,4.402196549769792355e-01,-3.361179459477590115e-01,4.457412539655558614e-01,-3.582887090111813722e-01,8.954310534802654986e-02,1.976658119134052094e-01,4.315425372332276077e-01,-4.402199735537352110e-01,3.361185062629190590e-01,4.457413176976020019e-01,3.582892726448265730e-01,8.954293163175280901e-02,-1.976661039850618751e-01
9.977972522184042070e-01,0.000000000000000000e+00,6.930156394634354733e-01,1.000000000000000000e+00,0.000000000000000000e+00,-1.224646799147353207e-16,0.000000000000000000e+00,-6.119673608898090755e-01,-1.678600816947138164e-06,2.033766823894001291e-06,1.223873421256864713e+00,-5.869640371099875686e-01,2.835017691739599814e-06,-6.119673608898090755e-01,1.678600816941903077e-06,-2.033766823888505741e-06,1.223873421256864713e+00,-5.869640371099875686e-01,-2.835017691732038351e-06,-3.455940422495681838e-09,-3.257488518956584978e-09,5.279229520199005266e-02,4.315426574354773726e-01,4.402196549769792355e-01,-3.361179459477590115e-01,4.457412539655558614e-01,-3.582887090111813722e-01,8.954310534802654986e-02,1.976658119134052094e-01,4.315425372332276077e-01,-4.402199735537352110e-01,3.361185062629190590e-01,4.457413176976020019e-01,3.582892726448265730e-01,8.954293163175280901e-02,-1.976661039850618751e-01
9.978271332070480781e-01,0.000000000000000000e+00,6.941216080621029905e-01,1.000000000000000000e+00,0.000000000000000000e+00,-1.224646799147353207e-16,0.000000000000000000e+00,-6.004336702184859265e-01,-1.734124986791054076e-06,2.038803602078993878e-06,1.203666067303507115e+00,-5.797345944178220467e-01,2.879201061706423186e-06,-6.004336702184859265e-01,1.734124986798303619e-06,-2.038803602086741688e-06,1.203666067303507115e+00,-5.797345944178220467e-01,-2.879201061716948417e-06,-3.360192262866945025e-09,-5.178987566233382882e-09,5.032223350544386131e-02,4.229797574377733849e-01,4.388974573862052808e-01,-3.356590177423105503e-01,4.448217659359197662e-01,-3.574861961506439201e-01,8.804246303320890921e-02,1.975801294997641677e-01,4.229796339850362408e-01,-4.388977722715451391e-01,3.356595773642575553e-01,4.448218394544298793e-01,3.574867583560432660e-01,8.804228399218383405e-02,-1.975804171937104725e-01
9.978567993808393766e-01,0.000000000000000000e+00,6.952281357216659741e-01,1.000000000000000000e+00,0.000000000000000000e+00,-1.224646799147353207e-16,0.000000000000000000e+00,-6.004336702184859265e-01,-1.734124986791054076e-06,2.038803602078993878e-06,1.203666067303507115e+00,-5.797345944178220467e-01,2.879201061706423186e-06,-6.004336702184859265e-01,1.734124986798303619e-06,-2.038803602086741688e-06,1.203666067303507115e+00,-5.797345944178220467e-01,-2.879201061716948417e-06,-3.360192262866945025e-09,-5.178987566233382882e-09,5.032223350544386131e-02,4.229797574377733849e-01,4.388974573862052808e-01,-3.356590177423105503e-01,4.448217659359197662e-01,-3.574861961506439201e-01,8.804246303320890921e-02,1.975801294997641677e-01,4.229796339850362408e-01,-4.388977722715451391e-01,3.356595773642575553e-01,4.448218394544298793e-01,3.574867583560432660e-01,8.804228399218383405e-02,-1.975804171937104725e-01
9.978862722212634706e-01,0.000000000000000000e+00,6.963351665360346665e-01,1.000000000000000000e+00,0.000000000000000000e+00,-1.224646799147353207e-16,0.000000000000000000e+00,-6.004336702184859265e-01,-1.734124986791054076e-06,2.038803602078993878e-06,1.203666067303507115e+00,-5.797345944178220467e-01,2.879201061706423186e-06,-6.004336702184859265e-01,1.734124986798303619e-06,-2.038803602086741688e-06,1.203666067303507115e+00,-5.797345944178220467e-01,-2.879201061716948417e-06,-3.360192262866945025e-09,-5.178987566233382882e-09,5.032223350544386131e-02,4.229797574377733849e-01,4.388974573862052808e-01,-3.356590177423105503e-01,4.448217659359197662e-01,-3.574861961506439201e-01,8.804246303320890921e-02,1.975801294997641677e-01,4.229796339850362408e-01,-4.388977722715451391e-01,3.356595773642575553e-01,4.448218394544298793e-01,3.574867583560432660e-01,8.804228399218383405e-02,-1.975804171937104725e-01
9.979155732098052844e-01,0.000000000000000000e+00,6.974426445991197543e-01,1.000000000000000000e+00,0.000000000000000000e+00,-1.224646799147353207e-16,0.000000000000000000e+00,-5.887845995509737307e-01,-1.793099371362224088e-06,2.045565121224801647e-06,1.183163054339058773e+00,-5.723248315553988164e-01,2.927867351114600379e-06,-5.887845995509737307e-01,1.793099371369663367e-06,-2.045565121232397415e-06,1.183163054339058773e+00,-5.723248315553988164e-01,-2.927867351125125611e-06,-3.310109887380601879e-09,-7.113008197078862820e-09,4.785399328485936965e-02,4.141507589195961292e-01,4.374190406977384593e-01,-3.352060863178784045e-01,4.445921901449532698e-01,-3.566099796823585244e-01,8.617496917099480569e-02,1.973551635484150080e-01,4.141506322737288914e-01,-4.374193516858270736e-01,3.352066452662148532e-01,4.445922734316767877e-01,3.566105404230442977e-01,8.617478491649074868e-02,-1.973554466591714851e-01
9.979447238279502974e-01,0.000000000000000000e+00,6.985505140048315909e-01,1.000000000000000000e+00,0.000000000000000000e+00,-1.224646799147353207e-16,0.000000000000000000e+00,-5.887845995509737307e-01,-1.793099371362224088e-06,2.045565121224801647e-06,1.183163054339058773e+00,-5.723248315553988164e-01,2.927867351114600379e-06,-5.887845995509737307e-01,1.793099371369663367e-06,-2.045565121232397415e-06,1.183163054339058773e+00,-5.723248315553988164e-01,-2.927867351125125611e-06,-3.310109887380601879e-09,-7.113008197078862820e-09,4.785399328485936965e-02,4.141507589195961292e-01,4.374190406977384593e-01,-3.352060863178784045e-01,4.445921901449532698e-01,-3.566099796823585244e-01,8.617496917099480569e-02,1.973551635484150080e-01,4.141506322737288914e-01,-4.374193516858270736e-01,3.352066452662148532e-01,4.445922734316767877e-01,3.566105404230442977e-01,8.617478491649074868e-02,-1.973554466591714851e-01
9.979737455571837668e-01,0.000000000000000000e+00,6.996587188470806407e-01,1.000000000000000000e+00,0.000000000000000000e+00,-1.224646799147353207e-16,0.000000000000000000e+00,-5.887845995509737307e-01,-1.793099371362224088e-06,2.045565121224801647e-06,1.183163054339058773e+00,-5.723248315553988164e-01,2.927867351114600379e-06,-5.887845995509737307e-01,1.793099371369663367e-06,-2.045565121232397415e-06,1.183163054339058773e+00,-5.723248315553988164e-01,-2.927867351125125611e-06,-3.310109887380601879e-09,-7.113008197078862820e-09,4.785399328485936965e-02,4.141507589195961292e-01,4.374190406977384593e-01,-3.352060863178784045e-01,4.445921901449532698e-01,-3.566099796823585244e-01,8.617496917099480569e-02,1.973551635484150080e-01,4.141506322737288914e-01,-4.374193516858270736e-01,3.352066452662148532e-01,4.445922734316767877e-01,3.566105404230442977e-01,8.617478491649074868e-02,-1.973554466591714851e-01
9.980026598789909498e-01,0.000000000000000000e+00,7.007672032197773682e-01,1.000000000000000000e+00,0.000000000000000000e+00,-1.224646799147353207e-16,0.000000000000000000e+00,-5.770103851894269331e-01,-1.855932946854498870e-06,2.054179931024027257e-06,1.162344786016846987e+00,-5.647249096900045506e-01,2.981463268660056684e-06,-5.770103851894269331e-01,1.855932946861900032e-06,-2.054179931031357480e-06,1.162344786016846987e+00,-5.647249096900045506e-01,-2.981463268670514153e-06,-3.305971583271488070e-09,-9.066069290790348580e-09,4.538759150681313803e-02,4.050513810957859784e-01,4.357833727092873533e-01,-3.347582218132625909e-01,4.450597137996732400e-01,-3.556606774327893405e-01,8.393785511543615241e-02,1.969906916038166589e-01,4.050512512979324020e-01,-4.357836795781265815e-01,3.347587801076903902e-01,4.450598068783453987e-01,3.556612366749906662e-01,8.393766573576720569e-02,-1.969909699106155432e-01
9.980314882748568817e-01,0.000000000000000000e+00,7.018759112168321268e-01,1.000000000000000000e+00,0.000000000000000000e+00,-1.224646799147353207e-16,0.000000000000000000e+00,-5.770103851894269331e-01,-1.855932946854498870e-06,2.054179931024027257e-06,1.162344786016846987e+00,-5.647249096900045506e-01,2.981463268660056684e-06,-5.770103851894269331e-01,1.855932946861900032e-06,-2.054179931031357480e-06,1.162344786016846987e+00,-5.647249096900045506e-01,-2.981463268670514153e-06,-3.305971583271488070e-09,-9.066069290790348580e-09,4.538759150681313803e-02,4.050513810957859784e-01,4.357833727092873533e-01,-3.347582218132625909e-01,4.450597137996732400e-01,-3.556606774327893405e-01,8.393785511543615241e-02,1.969906916038166589e-01,4.050512512979324020e-01,-4.357836795781265815e-01,3.347587801076903902e-01,4.450598068783453987e-01,3.556612366749906662e-01,8.393766573576720569e-02,-1.969909699106155432e-01
9.980602522262672638e-01,0.000000000000000000e+00,7.029847869321556031e-01,1.000000000000000000e+00,0.000000000000000000e+00,-1.224646799147353207e-16,0.000000000000000000e+00,-5.770103851894269331e-01,-1.855932946854498870e-06,2.054179931024027257e-06,1.162344786016846987e+00,-5.647249096900045506e-01,2.981463268660056684e-06,-5.770103851894269331e-01,1.855932946861900032e-06,-2.054179931031357480e-06,1.162344786016846987e+00,-5.647249096900045506e-01,-2.981463268670514153e-06,-3.305971583271488070e-09,-9.066069290790348580e-09,4.538759150681313803e-02,4.050513810957859784e-01,4.357833727092873533e-01,-3.347582218132625909e-01,4.450597137996732400e-01,-3.556606774327893405e-01,8.393785511543615241e-02,1.969906916038166589e-01,4.050512512979324020e-01,-4.357836795781265815e-01,3.347587801076903902e-01,4.450598068783453987e-01,3.556612366749906662e-01,8.393766573576720569e-02,-1.969909699106155432e-01
9.980889732147070204e-01,0.000000000000000000e+00,7.040937744596582615e-01,1.000000000000000000e+00,0.000000000000000000e+00,-1.224646799147353207e-16,0.000000000000000000e+00,-5.651005182552354400e-01,-1.923068402683715890e-06,2.064772607208714384e-06,1.141190045479881787e+00,-5.569241141131582307e-01,3.040465086371150067e-06,-5.651005182552354400e-01,1.923068402678480803e-06,-2.064772607203559765e-06,1.141190045479881787e+00,-5.569241141131582307e-01,-3.040465086363977392e-06,-3.348305357995070532e-09,-1.104572218149019852e-08,4.292305776697027259e-02,3.956767009926735468e-01,4.339890962811027708e-01,-3.343142867847603839e-01,4.462334490375693963e-01,-3.546388768302847216e-01,8.132716804075258710e-02,1.964862110402704753e-01,3.956765680649003136e-01,-4.339893987895273586e-01,3.343148444451398693e-01,4.462335519828769526e-01,3.546394345427984485e-01,8.132697359590050634e-02,-1.964864843036147335e-01
9.981176727216612976e-01,0.000000000000000000e+00,7.052028178932503444e-01,1.000000000000000000e+00,0.000000000000000000e+00,-1.224646799147353207e-16,0.000000000000000000e+00,-5.651005182552354400e-01,-1.923068402683715890e-06,2.064772607208714384e-06,1.141190045479881787e+00,-5.569241141131582307e-01,3.040465086371150067e-06,-5.651005182552354400e-01,1.923068402678480803e-06,-2.064772607203559765e-06,1.141190045479881787e+00,-5.569241141131582307e-01,-3.040465086363977392e-06,-3.348305357995070532e-09,-1.104572218149019852e-08,4.292305776697027259e-02,3.956767009926735468e-01,4.339890962811027708e-01,-3.343142867847603839e-01,4.462334490375693963e-01,-3.546388768302847216e-01,8.132716804075258710e-02,1.964862110402704753e-01,3.956765680649003136e-01,-4.339893987895273586e-01,3.343148444451398693e-01,4.462335519828769526e-01,3.546394345427984485e-01,8.132697359590050634e-02,-1.964864843036147335e-01
9.981463722286159079e-01,0.000000000000000000e+00,7.063118613268424273e-01,1.000000000000000000e+00,0.000000000000000000e+00,-1.224646799147353207e-16,0.000000000000000000e+00,-5.651005182552354400e-01,-1.923068402683715890e-06,2.064772607208714384e-06,1.141190045479881787e+00,-5.569241141131582307e-01,3.040465086371150067e-06,-5.651005182552354400e-01,1.923068402678480803e-06,-2.064772607203559765e-06,1.141190045479881787e+00,-5.569241141131582307e-01,-3.040465086363977392e-06,-3.348305357995070532e-09,-1.104572218149019852e-08,4.292305776697027259e-02,3.956767009926735468e-01,4.339890962811027708e-01,-3.343142867847603839e-01,4.462334490375693963e-01,-3.546388768302847216e-01,8.132716804075258710e-02,1.964862110402704753e-01,3.956765680649003136e-01,-4.339893987895273586e-01,3.343148444451398693e-01,4.462335519828769526e-01,3.546394345427984485e-01,8.132697359590050634e-02,-1.964864843036147335e-01
9.981750932170556645e-01,0.000000000000000000e+00,7.074208488543448636e-01,1.000000000000000000e+00,0.000000000000000000e+00,-1.224646799147353207e-16,0.000000000000000000e+00,-5.530436599588270941e-01,-1.995002906783509411e-06,2.077478828431464053e-06,1.119675817716736965e+00,-5.489107607970756808e-01,3.105407880744740323e-06,-5.530436599588270941e-01,1.995002906778198514e-06,-2.077478828426499170e-06,1.119675817716736965e+00,-5.489107607970756808e-01,-3.105407880737546896e-06,-3.437994559980474899e-09,-1.306025358824443728e-08,4.046043828302432060e-02,3.860211344494819952e-01,4.320345222414878616e-01,-3.338729265606480423e-01,4.481245182533226679e-01,-3.535451352076502407e-01,7.833770537594958450e-02,1.958409257302642370e-01,3.860209983926720101e-01,-4.320348201268512378e-01,3.338734836069139900e-01,4.481246311974175778e-01,3.535456913618487684e-01,7.833750589371984985e-02,-1.958411936893555139e-01
9.982038571684658246e-01,0.000000000000000000e+00,7.085297245696683399e-01,1.000000000000000000e+00,0.000000000000000000e+00,-1.224646799147353207e-16,0.000000000000000000e+00,-5.530436599588270941e-01,-1.995002906783509411e-06,2.077478828431464053e-06,1.119675817716736965e+00,-5.489107607970756808e-01,3.105407880744740323e-06,-5.530436599588270941e-01,1.995002906778198514e-06,-2.077478828426499170e-06,1.119675817716736965e+00,-5.489107607970756808e-01,-3.105407880737546896e-06,-3.437994559980474899e-09,-1.306025358824443728e-08,4.046043828302432060e-02,3.860211344494819952e-01,4.320345222414878616e-01,-3.338729265606480423e-01,4.481245182533226679e-01,-3.535451352076502407e-01,7.833770537594958450e-02,1.958409257302642370e-01,3.860209983926720101e-01,-4.320348201268512378e-01,3.338734836069139900e-01,4.481246311974175778e-01,3.535456913618487684e-01,7.833750589371984985e-02,-1.958411936893555139e-01
9.982326855643319785e-01,0.000000000000000000e+00,7.096384325667232096e-01,1.000000000000000000e+00,0.000000000000000000e+00,-1.224646799147353207e-16,0.000000000000000000e+00,-5.530436599588270941e-01,-1.995002906783509411e-06,2.077478828431464053e-06,1.119675817716736965e+00,-5.489107607970756808e-01,3.105407880744740323e-06,-5.530436599588270941e-01,1.995002906778198514e-06,-2.077478828426499170e-06,1.119675817716736965e+00,-5.489107607970756808e-01,-3.105407880737546896e-06,-3.437994559980474899e-09,-1.306025358824443728e-08,4.046043828302432060e-02,3.860211344494819952e-01,4.320345222414878616e-01,-3.338729265606480423e-01,4.481245182533226679e-01,-3.535451352076502407e-01,7.833770537594958450e-02,1.958409257302642370e-01,3.860209983926720101e-01,-4.320348201268512378e-01,3.338734836069139900e-01,4.481246311974175778e-01,3.535456913618487684e-01,7.833750589371984985e-02,-1.958411936893555139e-01
9.982615998861390505e-01,0.000000000000000000e+00,7.107469169394198261e-01,1.000000000000000000e+00,0.000000000000000000e+00,-1.224646799147353207e-16,0.000000000000000000e+00,-5.408275351398817987e-01,-2.072304115240392866e-06,2.092452975753656106e-06,1.097777066463948348e+00,-5.406720794322482648e-01,3.176905494748369117e-06,-5.408275351398817987e-01,2.072304115234929927e-06,-2.092452975748729339e-06,1.097777066463948348e+00,-5.406720794322482648e-01,-3.176905494741033388e-06,-3.576340109102998263e-09,-1.511856227867855186e-08,3.799979830346819631e-02,3.760784155949772334e-01,4.299176255687350290e-01,-3.334325571087050077e-01,4.507461265819703855e-01,-3.523799847940379815e-01,7.496296102125064864e-02,1.950537378861104121e-01,3.760782763870682555e-01,-4.299179185448993579e-01,3.334331135606686258e-01,4.507462497197827767e-01,3.523805393640075945e-01,7.496275649420534870e-02,-1.950540002567036635e-01
9.982906216153726309e-01,0.000000000000000000e+00,7.118551217816689869e-01,1.000000000000000000e+00,0.000000000000000000e+00,-1.224646799147353207e-16,0.000000000000000000e+00,-5.408275351398817987e-01,-2.072304115240392866e-06,2.092452975753656106e-06,1.097777066463948348e+00,-5.406720794322482648e-01,3.176905494748369117e-06,-5.408275351398817987e-01,2.072304115234929927e-06,-2.092452975748729339e-06,1.097777066463948348e+00,-5.406720794322482648e-01,-3.176905494741033388e-06,-3.576340109102998263e-09,-1.511856227867855186e-08,3.799979830346819631e-02,3.760784155949772334e-01,4.299176255687350290e-01,-3.334325571087050077e-01,4.507461265819703855e-01,-3.523799847940379815e-01,7.496296102125064864e-02,1.950537378861104121e-01,3.760782763870682555e-01,-4.299179185448993579e-01,3.334331135606686258e-01,4.507462497197827767e-01,3.523805393640075945e-01,7.496275649420534870e-02,-1.950540002567036635e-01
9.983197722335175328e-01,0.000000000000000000e+00,7.129629911873808235e-01,1.000000000000000000e+00,0.000000000000000000e+00,-1.224646799147353207e-16,0.000000000000000000e+00,-5.408275351398817987e-01,-2.072304115240392866e-06,2.092452975753656106e-06,1.097777066463948348e+00,-5.406720794322482648e-01,3.176905494748369117e-06,-5.408275351398817987e-01,2.072304115234929927e-06,-2.092452975748729339e-06,1.097777066463948348e+00,-5.406720794322482648e-01,-3.176905494741033388e-06,-3.576340109102998263e-09,-1.511856227867855186e-08,3.799979830346819631e-02,3.760784155949772334e-01,4.299176255687350290e-01,-3.334325571087050077e-01,4.507461265819703855e-01,-3.523799847940379815e-01,7.496296102125064864e-02,1.950537378861104121e-01,3.760782763870682555e-01,-4.299179185448993579e-01,3.334331135606686258e-01,4.507462497197827767e-01,3.523805393640075945e-01,7.496275649420534870e-02,-1.950540002567036635e-01
9.983490732220594577e-01,0.000000000000000000e+00,7.140704692504658002e-01,1.000000000000000000e+00,0.000000000000000000e+00,-1.224646799147353207e-16,0.000000000000000000e+00,-5.284388050308017615e-01,-2.155626225488974655e-06,2.109873476876024598e-06,1.075466467186626085e+00,-5.321940733243247790e-01,3.255669124472854271e-06,-5.284388050308017615e-01,2.155626225483435906e-06,-2.109873476871211756e-06,1.075466467186626085e+00,-5.321940733243247790e-01,-3.255669124465499484e-06,-3.765107229570765128e-09,-1.723014463760866904e-08,3.554122410251968345e-02,3.658415717709746495e-01,4.276360421009613444e-01,-3.329913503455436685e-01,4.541136376538088548e-01,-3.511439405929868141e-01,7.119507208647880836e-02,1.941232412751304204e-01,3.658414293652449967e-01,-4.276363298563328197e-01,3.329919062225960014e-01,4.541137712480459721e-01,3.511444935557840319e-01,7.119486246910948501e-02,-1.941234977475046197e-01
9.983785460624833297e-01,0.000000000000000000e+00,7.151775000648344927e-01,1.000000000000000000e+00,0.000000000000000000e+00,-1.224646799147353207e-16,0.000000000000000000e+00,-5.284388050308017615e-01,-2.155626225488974655e-06,2.109873476876024598e-06,1.075466467186626085e+00,-5.321940733243247790e-01,3.255669124472854271e-06,-5.284388050308017615e-01,2.155626225483435906e-06,-2.109873476871211756e-06,1.075466467186626085e+00,-5.321940733243247790e-01,-3.255669124465499484e-06,-3.765107229570765128e-09,-1.723014463760866904e-08,3.554122410251968345e-02,3.658415717709746495e-01,4.276360421009613444e-01,-3.329913503455436685e-01,4.541136376538088548e-01,-3.511439405929868141e-01,7.119507208647880836e-02,1.941232412751304204e-01,3.658414293652449967e-01,-4.276363298563328197e-01,3.329919062225960014e-01,4.541137712480459721e-01,3.511444935557840319e-01,7.119486246910948501e-02,-1.941234977475046197e-01
9.984082122362747391e-01,0.000000000000000000e+00,7.162840277243974763e-01,1.000000000000000000e+00,0.000000000000000000e+00,-1.224646799147353207e-16,0.000000000000000000e+00,-5.284388050308017615e-01,-2.155626225488974655e-06,2.109873476876024598e-06,1.075466467186626085e+00,-5.321940733243247790e-01,3.255669124472854271e-06,-5.284388050308017615e-01,2.155626225483435906e-06,-2.109873476871211756e-06,1.075466467186626085e+00,-5.321940733243247790e-01,-3.255669124465499484e-06,-3.765107229570765128e-09,-1.723014463760866904e-08,3.554122410251968345e-02,3.658415717709746495e-01,4.276360421009613444e-01,-3.329913503455436685e-01,4.541136376538088548e-01,-3.511439405929868141e-01,7.119507208647880836e-02,1.941232412751304204e-01,3.658414293652449967e-01,-4.276363298563328197e-01,3.329919062225960014e-01,4.541137712480459721e-01,3.511444935557840319e-01,7.119486246910948501e-02,-1.941234977475046197e-01
9.984380932249187213e-01,0.000000000000000000e+00,7.173899963230651045e-01,1.000000000000000000e+00,0.000000000000000000e+00,-1.224646799147353207e-16,0.000000000000000000e+00,-5.158629166976943514e-01,-2.245728491139536037e-06,2.129947942735697014e-06,1.052714090633637634e+00,-5.234613531249495688e-01,3.342528139461658241e-06,-5.158629166976943514e-01,2.245728491133921479e-06,-2.129947942730998099e-06,1.052714090633637634e+00,-5.234613531249495688e-01,-3.342528139454412298e-06,-4.006570538640477044e-09,-1.940515100750439680e-08,3.308482509188981346e-02,3.553028914718421305e-01,4.251870642035266989e-01,-3.325472167242633503e-01,4.582446618336582511e-01,-3.498375102596281150e-01,6.702475992402112670e-02,1.930477137399173870e-01,3.553027457950175272e-01,-4.251873463989464530e-01,3.325477720449874774e-01,4.582448062201397443e-01,3.498380615956391826e-01,6.702454512977533418e-02,-1.930479639767485323e-01
9.984682105099005334e-01,0.000000000000000000e+00,7.184953499547477307e-01,1.000000000000000000e+00,0.000000000000000000e+00,-1.224646799147353207e-16,0.000000000000000000e+00,-5.158629166976943514e-01,-2.245728491139536037e-06,2.129947942735697014e-06,1.052714090633637634e+00,-5.234613531249495688e-01,3.342528139461658241e-06,-5.158629166976943514e-01,2.245728491133921479e-06,-2.129947942730998099e-06,1.052714090633637634e+00,-5.234613531249495688e-01,-3.342528139454412298e-06,-4.006570538640477044e-09,-1.940515100750439680e-08,3.308482509188981346e-02,3.553028914718421305e-01,4.251870642035266989e-01,-3.325472167242633503e-01,4.582446618336582511e-01,-3.498375102596281150e-01,6.702475992402112670e-02,1.930477137399173870e-01,3.553027457950175272e-01,-4.251873463989464530e-01,3.325477720449874774e-01,4.582448062201397443e-01,3.498380615956391826e-01,6.702454512977533418e-02,-1.930479639767485323e-01
9.984985855727055437e-01,0.000000000000000000e+00,7.196000327133559304e-01,1.000000000000000000e+00,0.000000000000000000e+00,-1.224646799147353207e-16,0.000000000000000000e+00,-5.158629166976943514e-01,-2.245728491139536037e-06,2.129947942735697014e-06,1.052714090633637634e+00,-5.234613531249495688e-01,3.342528139461658241e-06,-5.158629166976943514e-01,2.245728491133921479e-06,-2.129947942730998099e-06,1.052714090633637634e+00,-5.234613531249495688e-01,-3.342528139454412298e-06,-4.006570538640477044e-09,-1.940515100750439680e-08,3.308482509188981346e-02,3.553028914718421305e-01,4.251870642035266989e-01,-3.325472167242633503e-01,4.582446618336582511e-01,-3.498375102596281150e-01,6.702475992402112670e-02,1.930477137399173870e-01,3.553027457950175272e-01,-4.251873463989464530e-01,3.325477720449874774e-01,4.582448062201397443e-01,3.498380615956391826e-01,6.702454512977533418e-02,-1.930479639767485323e-01
9.985292398948191206e-01,0.000000000000000000e+00,7.207039886928001682e-01,1.000000000000000000e+00,0.000000000000000000e+00,-1.224646799147353207e-16,0.000000000000000000e+00,-5.030839246458301828e-01,-2.343497854486811155e-06,2.152919007605330172e-06,1.029487027392685494e+00,-5.144569392983209255e-01,3.438455301508047550e-06,-5.030839246458301828e-01,2.343497854481120364e-06,-2.152919007600593140e-06,1.029487027392685494e+00,-5.144569392983209255e-01,-3.438455301500769843e-06,-4.303564921199733632e-09,-2.165449267190061481e-08,3.063073633282156066e-02,3.444538834010557049e-01,4.225676344744123680e-01,-3.320977848602356675e-01,4.631591627651117649e-01,-3.484612055984565582e-01,6.244126168429504908e-02,1.918251078200235715e-01,3.444537343510609140e-01,-4.225679107407650514e-01,3.320983396419240896e-01,4.631593183589349239e-01,3.484617552918571892e-01,6.244104158216860767e-02,-1.918253514539947358e-01
9.985601949577262992e-01,0.000000000000000000e+00,7.218071619869907973e-01,1.000000000000000000e+00,0.000000000000000000e+00,-1.224646799147353207e-16,0.000000000000000000e+00,-5.030839246458301828e-01,-2.343497854486811155e-06,2.152919007605330172e-06,1.029487027392685494e+00,-5.144569392983209255e-01,3.438455301508047550e-06,-5.030839246458301828e-01,2.343497854481120364e-06,-2.152919007600593140e-06,1.029487027392685494e+00,-5.144569392983209255e-01,-3.438455301500769843e-06,-4.303564921199733632e-09,-2.165449267190061481e-08,3.063073633282156066e-02,3.444538834010557049e-01,4.225676344744123680e-01,-3.320977848602356675e-01,4.631591627651117649e-01,-3.484612055984565582e-01,6.244126168429504908e-02,1.918251078200235715e-01,3.444537343510609140e-01,-4.225679107407650514e-01,3.320983396419240896e-01,4.631593183589349239e-01,3.484617552918571892e-01,6.244104158216860767e-02,-1.918253514539947358e-01
9.985914722429123369e-01,0.000000000000000000e+00,7.229094966898385044e-01,1.000000000000000000e+00,0.000000000000000000e+00,-1.224646799147353207e-16,0.000000000000000000e+00,-5.030839246458301828e-01,-2.343497854486811155e-06,2.152919007605330172e-06,1.029487027392685494e+00,-5.144569392983209255e-01,3.438455301508047550e-06,-5.030839246458301828e-01,2.343497854481120364e-06,-2.152919007600593140e-06,1.029487027392685494e+00,-5.144569392983209255e-01,-3.438455301500769843e-06,-4.303564921199733632e-09,-2.165449267190061481e-08,3.063073633282156066e-02,3.444538834010557049e-01,4.225676344744123680e-01,-3.320977848602356675e-01,4.631591627651117649e-01,-3.484612055984565582e-01,6.244126168429504908e-02,1.918251078200235715e-01,3.444537343510609140e-01,-4.225679107407650514e-01,3.320983396419240896e-01,4.631593183589349239e-01,3.484617552918571892e-01,6.244104158216860767e-02,-1.918253514539947358e-01
9.986230932318627129e-01,0.000000000000000000e+00,7.240109368952534208e-01,1.000000000000000000e+00,0.000000000000000000e+00,-1.224646799147353207e-16,0.000000000000000000e+00,-4.900842784041848366e-01,-2.449977312043811206e-06,2.179071425555837867e-06,1.005748940351367304e+00,-5.051620263790841392e-01,3.544598287074303579e-06,-4.900842784041848366e-01,2.449977312038044606e-06,-2.179071425551176645e-06,1.005748940351367304e+00,-5.051620263790841392e-01,-3.544598287067086858e-06,-4.659547178586766839e-09,-2.398999029317845685e-08,2.817912164245809162e-02,3.332852250195394994e-01,4.197743369068418495e-01,-3.316403778753395093e-01,4.688795865000983665e-01,-3.470155555911843548e-01,5.743224974405231054e-02,1.904530386862939018e-01,3.332850724627477446e-01,-4.197746068422666399e-01,3.316409321334056193e-01,4.688797538030264889e-01,3.470161036305025593e-01,5.743202415451718890e-02,-1.904532753173169557e-01
9.986550794060625735e-01,0.000000000000000000e+00,7.251114266971465661e-01,1.000000000000000000e+00,0.000000000000000000e+00,-1.224646799147353207e-16,0.000000000000000000e+00,-4.900842784041848366e-01,-2.449977312043811206e-06,2.179071425555837867e-06,1.005748940351367304e+00,-5.051620263790841392e-01,3.544598287074303579e-06,-4.900842784041848366e-01,2.449977312038044606e-06,-2.179071425551176645e-06,1.005748940351367304e+00,-5.051620263790841392e-01,-3.544598287067086858e-06,-4.659547178586766839e-09,-2.398999029317845685e-08,2.817912164245809162e-02,3.332852250195394994e-01,4.197743369068418495e-01,-3.316403778753395093e-01,4.688795865000983665e-01,-3.470155555911843548e-01,5.743224974405231054e-02,1.904530386862939018e-01,3.332850724627477446e-01,-4.197746068422666399e-01,3.316409321334056193e-01,4.688797538030264889e-01,3.470161036305025593e-01,5.743202415451718890e-02,-1.904532753173169557e-01
9.986874522469970650e-01,0.000000000000000000e+00,7.262109101894278496e-01,1.000000000000000000e+00,0.000000000000000000e+00,-1.224646799147353207e-16,0.000000000000000000e+00,-4.900842784041848366e-01,-2.449977312043811206e-06,2.179071425555837867e-06,1.005748940351367304e+00,-5.051620263790841392e-01,3.544598287074303579e-06,-4.900842784041848366e-01,2.449977312038044606e-06,-2.179071425551176645e-06,1.005748940351367304e+00,-5.051620263790841392e-01,-3.544598287067086858e-06,-4.659547178586766839e-09,-2.398999029317845685e-08,2.817912164245809162e-02,3.332852250195394994e-01,4.197743369068418495e-01,-3.316403778753395093e-01,4.688795865000983665e-01,-3.470155555911843548e-01,5.743224974405231054e-02,1.904530386862939018e-01,3.332850724627477446e-01,-4.197746068422666399e-01,3.316409321334056193e-01,4.688797538030264889e-01,3.470161036305025593e-01,5.743202415451718890e-02,-1.904532753173169557e-01
9.987202332361516666e-01,0.000000000000000000e+00,7.273093314660077358e-01,1.000000000000000000e+00,0.000000000000000000e+00,-1.224646799147353207e-16,0.000000000000000000e+00,-4.768445680168850731e-01,-2.566401972276738434e-06,2.208740923405218474e-06,9.814595279790518934e-01,-4.955556999624607939e-01,3.662319722233104987e-06,-4.768445680168850731e-01,2.566401972270820215e-06,-2.208740923400671178e-06,9.814595279790518934e-01,-4.955556999624607939e-01,-3.662319722225755706e-06,-5.078672322552904151e-09,-2.642455995340332005e-08,2.573017746944915307e-02,3.217866990103284697e-01,4.168033850892200465e-01,-3.311719860511952995e-01,4.754310169645678541e-01,-3.455011210376778275e-01,5.198373677174813329e-02,1.889287687741362243e-01,3.217865427781725352e-01,-4.168036482558179490e-01,3.311725397984594532e-01,4.754311965740166124e-01,3.455016674164713142e-01,5.198350546179850151e-02,-1.889289979660639662e-01
9.987534438550115246e-01,0.000000000000000000e+00,7.284066346207970222e-01,1.000000000000000000e+00,0.000000000000000000e+00,-1.224646799147353207e-16,0.000000000000000000e+00,-4.768445680168850731e-01,-2.566401972276738434e-06,2.208740923405218474e-06,9.814595279790518934e-01,-4.955556999624607939e-01,3.662319722233104987e-06,-4.768445680168850731e-01,2.566401972270820215e-06,-2.208740923400671178e-06,9.814595279790518934e-01,-4.955556999624607939e-01,-3.662319722225755706e-06,-5.078672322552904151e-09,-2.642455995340332005e-08,2.573017746944915307e-02,3.217866990103284697e-01,4.168033850892200465e-01,-3.311719860511952995e-01,4.754310169645678541e-01,-3.455011210376778275e-01,5.198373677174813329e-02,1.889287687741362243e-01,3.217865427781725352e-01,-4.168036482558179490e-01,3.311725397984594532e-01,4.754311965740166124e-01,3.455016674164713142e-01,5.198350546179850151e-02,-1.889289979660639662e-01
9.987871055850618962e-01,0.000000000000000000e+00,7.295027637477060622e-01,1.000000000000000000e+00,0.000000000000000000e+00,-1.224646799147353207e-16,0.000000000000000000e+00,-4.768445680168850731e-01,-2.566401972276738434e-06,2.208740923405218474e-06,9.814595279790518934e-01,-4.955556999624607939e-01,3.662319722233104987e-06,-4.768445680168850731e-01,2.566401972270820215e-06,-2.208740923400671178e-06,9.814595279790518934e-01,-4.955556999624607939e-01,-3.662319722225755706e-06,-5.078672322552904151e-09,-2.642455995340332005e-08,2.573017746944915307e-02,3.217866990103284697e-01,4.168033850892200465e-01,-3.311719860511952995e-01,4.754310169645678541e-01,-3.455011210376778275e-01,5.198373677174813329e-02,1.889287687741362243e-01,3.217865427781725352e-01,-4.168036482558179490e-01,3.311725397984594532e-01,4.754311965740166124e-01,3.455016674164713142e-01,5.198350546179850151e-02,-1.889289979660639662e-01
9.988212399077879278e-01,0.000000000000000000e+00,7.305976629406453204e-01,1.000000000000000000e+00,0.000000000000000000e+00,-1.224646799147353207e-16,0.000000000000000000e+00,-4.633432169748762930e-01,-2.694245413013028490e-06,2.242325401519497412e-06,9.565738762735859213e-01,-4.856145946736137309e-01,3.793248628430894721e-06,-4.633432169748762930e-01,2.694245413007034462e-06,-2.242325401515025925e-06,9.565738762735859213e-01,-4.856145946736137309e-01,-3.793248628423412879e-06,-5.565888258985237781e-09,-2.897243878916687266e-08,2.328413773125561151e-02,3.099471159725677438e-01,4.136506070841085014e-01,-3.306892352765283261e-01,4.828413615561762406e-01,-3.439185110110105081e-01,4.607996421561767753e-02,1.872491885453700100e-01,3.099469558573509920e-01,-4.136508630040340861e-01,3.306897885223497591e-01,4.828415541761784668e-01,3.439190557286801453e-01,4.607972689272879507e-02,-1.872494098220775227e-01
9.988558683046752096e-01,0.000000000000000000e+00,7.316912762935252612e-01,1.000000000000000000e+00,0.000000000000000000e+00,-1.224646799147353207e-16,0.000000000000000000e+00,-4.633432169748762930e-01,-2.694245413013028490e-06,2.242325401519497412e-06,9.565738762735859213e-01,-4.856145946736137309e-01,3.793248628430894721e-06,-4.633432169748762930e-01,2.694245413007034462e-06,-2.242325401515025925e-06,9.565738762735859213e-01,-4.856145946736137309e-01,-3.793248628423412879e-06,-5.565888258985237781e-09,-2.897243878916687266e-08,2.328413773125561151e-02,3.099471159725677438e-01,4.136506070841085014e-01,-3.306892352765283261e-01,4.828413615561762406e-01,-3.439185110110105081e-01,4.607996421561767753e-02,1.872491885453700100e-01,3.099469558573509920e-01,-4.136508630040340861e-01,3.306897885223497591e-01,4.828415541761784668e-01,3.439190557286801453e-01,4.607972689272879507e-02,-1.872494098220775227e-01
9.988910122572088879e-01,0.000000000000000000e+00,7.327835479002562380e-01,1.000000000000000000e+00,0.000000000000000000e+00,-1.224646799147353207e-16,0.000000000000000000e+00,-4.633432169748762930e-01,-2.694245413013028490e-06,2.242325401519497412e-06,9.565738762735859213e-01,-4.856145946736137309e-01,3.793248628430894721e-06,-4.633432169748762930e-01,2.694245413007034462e-06,-2.242325401515025925e-06,9.565738762735859213e-01,-4.856145946736137309e-01,-3.793248628423412879e-06,-5.565888258985237781e-09,-2.897243878916687266e-08,2.328413773125561151e-02,3.099471159725677438e-01,4.136506070841085014e-01,-3.306892352765283261e-01,4.828413615561762406e-01,-3.439185110110105081e-01,4.607996421561767753e-02,1.872491885453700100e-01,3.099469558573509920e-01,-4.136508630040340861e-01,3.306897885223497591e-01,4.828415541761784668e-01,3.439190557286801453e-01,4.607972689272879507e-02,-1.872494098220775227e-01
9.989266932468739979e-01,0.000000000000000000e+00,7.338744218547487153e-01,1.000000000000000000e+00,0.000000000000000000e+00,-1.224646799147353207e-16,0.000000000000000000e+00,-4.495561089509321206e-01,-2.835279938889682381e-06,2.280299260504512166e-06,9.310416705022254158e-01,-4.753124777925687994e-01,3.939347263599851526e-06,-4.495561089509321206e-01,2.835279938883688352e-06,-2.280299260500192298e-06,9.310416705022254158e-01,-4.753124777925687994e-01,-3.939347263592478951e-06,-6.127053561666120828e-09,-3.164945584284422755e-08,2.084127984787729690e-02,2.977542214307109525e-01,4.103114266361111429e-01,-3.301883506471585128e-01,4.911415710622041297e-01,-3.422684014242630690e-01,3.970327178939203616e-02,1.854107927759215124e-01,2.977540571804602743e-01,-4.103116747869224867e-01,3.301889033963793518e-01,4.911417775167817301e-01,3.422689444870248843e-01,3.970302809414125167e-02,-1.854110056166254905e-01
9.989629327551560189e-01,0.000000000000000000e+00,7.349638422509132685e-01,1.000000000000000000e+00,0.000000000000000000e+00,-1.224646799147353207e-16,0.000000000000000000e+00,-4.495561089509321206e-01,-2.835279938889682381e-06,2.280299260504512166e-06,9.310416705022254158e-01,-4.753124777925687994e-01,3.939347263599851526e-06,-4.495561089509321206e-01,2.835279938883688352e-06,-2.280299260500192298e-06,9.310416705022254158e-01,-4.753124777925687994e-01,-3.939347263592478951e-06,-6.127053561666120828e-09,-3.164945584284422755e-08,2.084127984787729690e-02,2.977542214307109525e-01,4.103114266361111429e-01,-3.301883506471585128e-01,4.911415710622041297e-01,-3.422684014242630690e-01,3.970327178939203616e-02,1.854107927759215124e-01,2.977540571804602743e-01,-4.103116747869224867e-01,3.301889033963793518e-01,4.911417775167817301e-01,3.422689444870248843e-01,3.970302809414125167e-02,-1.854110056166254905e-01
9.989997522635399863e-01,0.000000000000000000e+00,7.360517531826604731e-01,1.000000000000000000e+00,0.000000000000000000e+00,-1.224646799147353207e-16,0.000000000000000000e+00,-4.495561089509321206e-01,-2.835279938889682381e-06,2.280299260504512166e-06,9.310416705022254158e-01,-4.753124777925687994e-01,3.939347263599851526e-06,-4.495561089509321206e-01,2.835279938883688352e-06,-2.280299260500192298e-06,9.310416705022254158e-01,-4.753124777925687994e-01,-3.939347263592478951e-06,-6.127053561666120828e-09,-3.164945584284422755e-08,2.084127984787729690e-02,2.977542214307109525e-01,4.103114266361111429e-01,-3.301883506471585128e-01,4.911415710622041297e-01,-3.422684014242630690e-01,3.970327178939203616e-02,1.854107927759215124e-01,2.977540571804602743e-01,-4.103116747869224867e-01,3.301889033963793518e-01,4.911417775167817301e-01,3.422689444870248843e-01,3.970302809414125167e-02,-1.854110056166254905e-01
9.990371732535116012e-01,0.000000000000000000e+00,7.371380987439004606e-01,1.000000000000000000e+00,0.000000000000000000e+00,-1.224646799147353207e-16,0.000000000000000000e+00,-4.354561304250847420e-01,-2.991655814683264313e-06,2.323231921498097419e-06,9.048062288088921656e-01,-4.646197383906897072e-01,4.102998966960957391e-06,-4.354561304250847420e-01,2.991655814677118666e-06,-2.323231921493739435e-06,9.048062288088921656e-01,-4.646197383906897072e-01,-4.102998966953385764e-06,-6.769083357226587517e-09,-3.447335593187310833e-08,1.840193227137201792e-02,2.851945849292045199e-01,4.067808403405281381e-01,-3.296651144228655572e-01,5.003658987057180152e-01,-3.405515561027424032e-01,3.283394516930782103e-02,1.834096516879124561e-01,2.851944162413364570e-01,-4.067810801496468120e-01,3.296656666745141906e-01,5.003661199551872052e-01,3.405520975247983140e-01,3.283369466638211276e-02,-1.834098555215638027e-01
9.990752172065557879e-01,0.000000000000000000e+00,7.382228230285439174e-01,1.000000000000000000e+00,0.000000000000000000e+00,-1.224646799147353207e-16,0.000000000000000000e+00,-4.354561304250847420e-01,-2.991655814683264313e-06,2.323231921498097419e-06,9.048062288088921656e-01,-4.646197383906897072e-01,4.102998966960957391e-06,-4.354561304250847420e-01,2.991655814677118666e-06,-2.323231921493739435e-06,9.048062288088921656e-01,-4.646197383906897072e-01,-4.102998966953385764e-06,-6.769083357226587517e-09,-3.447335593187310833e-08,1.840193227137201792e-02,2.851945849292045199e-01,4.067808403405281381e-01,-3.296651144228655572e-01,5.003658987057180152e-01,-3.405515561027424032e-01,3.283394516930782103e-02,1.834096516879124561e-01,2.851944162413364570e-01,-4.067810801496468120e-01,3.296656666745141906e-01,5.003661199551872052e-01,3.405520975247983140e-01,3.283369466638211276e-02,-1.834098555215638027e-01
9.991139056041578037e-01,0.000000000000000000e+00,7.393058701305014191e-01,1.000000000000000000e+00,0.000000000000000000e+00,-1.224646799147353207e-16,0.000000000000000000e+00,-4.354561304250847420e-01,-2.991655814683264313e-06,2.323231921498097419e-06,9.048062288088921656e-01,-4.646197383906897072e-01,4.102998966960957391e-06,-4.354561304250847420e-01,2.991655814677118666e-06,-2.323231921493739435e-06,9.048062288088921656e-01,-4.646197383906897072e-01,-4.102998966953385764e-06,-6.769083357226587517e-09,-3.447335593187310833e-08,1.840193227137201792e-02,2.851945849292045199e-01,4.067808403405281381e-01,-3.296651144228655572e-01,5.003658987057180152e-01,-3.405515561027424032e-01,3.283394516930782103e-02,1.834096516879124561e-01,2.851944162413364570e-01,-4.067810801496468120e-01,3.296656666745141906e-01,5.003661199551872052e-01,3.405520975247983140e-01,3.283369466638211276e-02,-1.834098555215638027e-01
9.991532599278030169e-01,0.000000000000000000e+00,7.403871841436830969e-01,1.000000000000000000e+00,0.000000000000000000e+00,-1.224646799147353207e-16,0.000000000000000000e+00,-4.210126054492968617e-01,-3.166006751626156274e-06,2.371812037499939424e-06,8.778033073928377394e-01,-4.535027552471416756e-01,4.287125040529837944e-06,-4.210126054492968617e-01,3.166006751619859007e-06,-2.371812037495581440e-06,8.778033073928377394e-01,-4.535027552471416756e-01,-4.287125040522114698e-06,-7.500130804457101924e-09,-3.746419099838087849e-08,1.596648390054045477e-02,2.722534685931164988e-01,4.030533903785077920e-01,-3.291148173558026135e-01,5.105522039091097142e-01,-3.387688508654534969e-01,2.545003864654826406e-02,1.812413761353910968e-01,2.722532951066849449e-01,-4.030536212166088705e-01,3.291153691014976901e-01,5.105524410699290305e-01,3.387693906704040692e-01,2.544978081378348328e-02,-1.812415703339514406e-01
9.991933016589766847e-01,0.000000000000000000e+00,7.414667091619997485e-01,1.000000000000000000e+00,0.000000000000000000e+00,-1.224646799147353207e-16,0.000000000000000000e+00,-4.210126054492968617e-01,-3.166006751626156274e-06,2.371812037499939424e-06,8.778033073928377394e-01,-4.535027552471416756e-01,4.287125040529837944e-06,-4.210126054492968617e-01,3.166006751619859007e-06,-2.371812037495581440e-06,8.778033073928377394e-01,-4.535027552471416756e-01,-4.287125040522114698e-06,-7.500130804457101924e-09,-3.746419099838087849e-08,1.596648390054045477e-02,2.722534685931164988e-01,4.030533903785077920e-01,-3.291148173558026135e-01,5.105522039091097142e-01,-3.387688508654534969e-01,2.545003864654826406e-02,1.812413761353910968e-01,2.722532951066849449e-01,-4.030536212166088705e-01,3.291153691014976901e-01,5.105524410699290305e-01,3.387693906704040692e-01,2.544978081378348328e-02,-1.812415703339514406e-01
9.992340522791640645e-01,0.000000000000000000e+00,7.425443892793613943e-01,1.000000000000000000e+00,0.000000000000000000e+00,-1.224646799147353207e-16,0.000000000000000000e+00,-4.210126054492968617e-01,-3.166006751626156274e-06,2.371812037499939424e-06,8.778033073928377394e-01,-4.535027552471416756e-01,4.287125040529837944e-06,-4.210126054492968617e-01,3.166006751619859007e-06,-2.371812037495581440e-06,8.778033073928377394e-01,-4.535027552471416756e-01,-4.287125040522114698e-06,-7.500130804457101924e-09,-3.746419099838087849e-08,1.596648390054045477e-02,2.722534685931164988e-01,4.030533903785077920e-01,-3.291148173558026135e-01,5.105522039091097142e-01,-3.387688508654534969e-01,2.545003864654826406e-02,1.812413761353910968e-01,2.722532951066849449e-01,-4.030536212166088705e-01,3.291153691014976901e-01,5.105524410699290305e-01,3.387693906704040692e-01,2.544978081378348328e-02,-1.812415703339514406e-01
9.992755332698504134e-01,0.000000000000000000e+00,7.436201685896790536e-01,1.000000000000000000e+00,0.000000000000000000e+00,-1.224646799147353207e-16,0.000000000000000000e+00,-4.061905907453626230e-01,-3.361592248205611288e-06,2.426879527432677521e-06,8.499596099003758898e-01,-4.419231077150061471e-01,4.495342360076404386e-06,-4.061905907453626230e-01,3.361592248199238212e-06,-2.426879527428471578e-06,8.499596099003758898e-01,-4.419231077150061471e-01,-4.495342360068852240e-06,-8.329812365758356179e-09,-4.064479177985584339e-08,1.353539589256099601e-02,2.589146720802533164e-01,3.991231324056710994e-01,-3.285322021709772833e-01,5.217423072598162959e-01,-3.369213012564270526e-01,1.752716892779383751e-02,1.789010759231254577e-01,2.589144933664281889e-01,-3.991233535787769293e-01,3.285327533929453536e-01,5.217425616287902912e-01,3.369218394789864068e-01,1.752690314281352829e-02,-1.789012597934816207e-01
9.993177661125209887e-01,0.000000000000000000e+00,7.446939911868627471e-01,1.000000000000000000e+00,0.000000000000000000e+00,-1.224646799147353207e-16,0.000000000000000000e+00,-4.061905907453626230e-01,-3.361592248205611288e-06,2.426879527432677521e-06,8.499596099003758898e-01,-4.419231077150061471e-01,4.495342360076404386e-06,-4.061905907453626230e-01,3.361592248199238212e-06,-2.426879527428471578e-06,8.499596099003758898e-01,-4.419231077150061471e-01,-4.495342360068852240e-06,-8.329812365758356179e-09,-4.064479177985584339e-08,1.353539589256099601e-02,2.589146720802533164e-01,3.991231324056710994e-01,-3.285322021709772833e-01,5.217423072598162959e-01,-3.369213012564270526e-01,1.752716892779383751e-02,1.789010759231254577e-01,2.589144933664281889e-01,-3.991233535787769293e-01,3.285327533929453536e-01,5.217425616287902912e-01,3.369218394789864068e-01,1.752690314281352829e-02,-1.789012597934816207e-01
9.993607722886609368e-01,0.000000000000000000e+00,7.457658011648232721e-01,1.000000000000000000e+00,0.000000000000000000e+00,-1.224646799147353207e-16,0.000000000000000000e+00,-4.061905907453626230e-01,-3.361592248205611288e-06,2.426879527432677521e-06,8.499596099003758898e-01,-4.419231077150061471e-01,4.495342360076404386e-06,-4.061905907453626230e-01,3.361592248199238212e-06,-2.426879527428471578e-06,8.499596099003758898e-01,-4.419231077150061471e-01,-4.495342360068852240e-06,-8.329812365758356179e-09,-4.064479177985584339e-08,1.353539589256099601e-02,2.589146720802533164e-01,3.991231324056710994e-01,-3.285322021709772833e-01,5.217423072598162959e-01,-3.369213012564270526e-01,1.752716892779383751e-02,1.789010759231254577e-01,2.589144933664281889e-01,-3.991233535787769293e-01,3.285327533929453536e-01,5.217425616287902912e-01,3.369218394789864068e-01,1.752690314281352829e-02,-1.789012597934816207e-01
9.994045732797557369e-01,0.000000000000000000e+00,7.468355426174707601e-01,1.000000000000000000e+00,0.000000000000000000e+00,-1.224646799147353207e-16,0.000000000000000000e+00,-3.909499881083862705e-01,-3.582492505569661237e-06,2.489468519962513493e-06,8.211909098973277921e-01,-4.298365810134233689e-01,4.732179039698308435e-06,-3.909499881083862705e-01,3.582492505577024917e-06,-2.489468519967414849e-06,8.211909098973277921e-01,-4.298365810134233689e-01,-4.732179039707230234e-06,-9.269489099405055857e-09,-4.404134502704995537e-08,1.110921654941778719e-02,2.451603503407064344e-01,3.949835981876249069e-01,-3.279113976893973659e-01,5.339824041214134009e-01,-3.350100947429268672e-01,9.038275668860933781e-03,1.763833101966448547e-01,2.451601658910907700e-01,-3.949838089276261344e-01,3.279119483579997496e-01,5.339826772052191917e-01,3.350106314310192790e-01,9.038001192778822787e-03,-1.763834829708622876e-01
9.994491905672905352e-01,0.000000000000000000e+00,7.479031596387160086e-01,1.000000000000000000e+00,0.000000000000000000e+00,-1.224646799147353207e-16,0.000000000000000000e+00,-3.909499881083862705e-01,-3.582492505569661237e-06,2.489468519962513493e-06,8.211909098973277921e-01,-4.298365810134233689e-01,4.732179039698308435e-06,-3.909499881083862705e-01,3.582492505577024917e-06,-2.489468519967414849e-06,8.211909098973277921e-01,-4.298365810134233689e-01,-4.732179039707230234e-06,-9.269489099405055857e-09,-4.404134502704995537e-08,1.110921654941778719e-02,2.451603503407064344e-01,3.949835981876249069e-01,-3.279113976893973659e-01,5.339824041214134009e-01,-3.350100947429268672e-01,9.038275668860933781e-03,1.763833101966448547e-01,2.451601658910907700e-01,-3.949838089276261344e-01,3.279119483579997496e-01,5.339826772052191917e-01,3.350106314310192790e-01,9.038001192778822787e-03,-1.763834829708622876e-01
9.994946456327505890e-01,0.000000000000000000e+00,7.489685963224691490e-01,1.000000000000000000e+00,0.000000000000000000e+00,-1.224646799147353207e-16,0.000000000000000000e+00,-3.909499881083862705e-01,-3.582492505569661237e-06,2.489468519962513493e-06,8.211909098973277921e-01,-4.298365810134233689e-01,4.732179039698308435e-06,-3.909499881083862705e-01,3.582492505577024917e-06,-2.489468519967414849e-06,8.211909098973277921e-01,-4.298365810134233689e-01,-4.732179039707230234e-06,-9.269489099405055857e-09,-4.404134502704995537e-08,1.110921654941778719e-02,2.451603503407064344e-01,3.949835981876249069e-01,-3.279113976893973659e-01,5.339824041214134009e-01,-3.350100947429268672e-01,9.038275668860933781e-03,1.763833101966448547e-01,2.451601658910907700e-01,-3.949838089276261344e-01,3.279119483579997496e-01,5.339826772052191917e-01,3.350106314310192790e-01,9.038001192778822787e-03,-1.763834829708622876e-01
9.995409599576212667e-01,0.000000000000000000e+00,7.500317967626408677e-01,1.000000000000000000e+00,0.000000000000000000e+00,-1.224646799147353207e-16,0.000000000000000000e+00,-3.752444153141093475e-01,-3.833879663975815272e-06,2.560865748978590467e-06,7.913996618678365014e-01,-4.171918995494076632e-01,5.003374296417190158e-06,-3.752444153141093475e-01,3.833879663969365963e-06,-2.560865748974384525e-06,7.913996618678365014e-01,-4.171918995494076632e-01,-5.003374296409671047e-06,-1.033261896809283956e-08,-4.768410010997769657e-08,8.688600183257755641e-03,2.309708000561963293e-01,3.906277526328318372e-01,-3.272458417257181340e-01,5.473235452711540105e-01,-3.330366284291277901e-01,-4.665629779293176127e-05,1.736820287019924247e-01,2.309706092684545298e-01,-3.906279520860840848e-01,3.272463917963445712e-01,5.473238388224500595e-01,3.330371636464627971e-01,-4.694034029562900445e-05,-1.736821895255269699e-01
9.995881550233877144e-01,0.000000000000000000e+00,7.510927050531416294e-01,1.000000000000000000e+00,0.000000000000000000e+00,-1.224646799147353207e-16,0.000000000000000000e+00,-3.752444153141093475e-01,-3.833879663975815272e-06,2.560865748978590467e-06,7.913996618678365014e-01,-4.171918995494076632e-01,5.003374296417190158e-06,-3.752444153141093475e-01,3.833879663969365963e-06,-2.560865748974384525e-06,7.913996618678365014e-01,-4.171918995494076632e-01,-5.003374296409671047e-06,-1.033261896809283956e-08,-4.768410010997769657e-08,8.688600183257755641e-03,2.309708000561963293e-01,3.906277526328318372e-01,-3.272458417257181340e-01,5.473235452711540105e-01,-3.330366284291277901e-01,-4.665629779293176127e-05,1.736820287019924247e-01,2.309706092684545298e-01,-3.906279520860840848e-01,3.272463917963445712e-01,5.473238388224500595e-01,3.330371636464627971e-01,-4.694034029562900445e-05,-1.736821895255269699e-01
9.996362523115353005e-01,0.000000000000000000e+00,7.521512652878818983e-01,1.000000000000000000e+00,0.000000000000000000e+00,-1.224646799147353207e-16,0.000000000000000000e+00,-3.623469036630759255e-01,-3.531554320968835957e-06,2.266843374375709985e-06,7.667093287249399092e-01,-4.065054156443978495e-01,4.560471768572342572e-06,-3.623469036630759255e-01,3.531554320962386648e-06,-2.266843374371769588e-06,7.667093287249399092e-01,-4.065054156443978495e-01,-4.560471768564856495e-06,-1.013440660334219070e-08,-4.677577896782541425e-08,6.816212860785845692e-03,2.192115052836423883e-01,3.868236932227494540e-01,-3.266735295439785469e-01,5.599017780630197727e-01,-3.313434859430504642e-01,-8.323759979698544531e-03,1.711713935713803370e-01,2.192113142256679470e-01,-3.868238879747830650e-01,3.266740777432555198e-01,5.599020779031913531e-01,3.313440189528521485e-01,-8.324046119982083172e-03,-1.711715506452342328e-01
9.996852733035490601e-01,0.000000000000000000e+00,7.532074215607719170e-01,1.000000000000000000e+00,0.000000000000000000e+00,-1.224646799147353207e-16,0.000000000000000000e+00,-3.623469036630759255e-01,-3.531554320968835957e-06,2.266843374375709985e-06,7.667093287249399092e-01,-4.065054156443978495e-01,4.560471768572342572e-06,-3.623469036630759255e-01,3.531554320962386648e-06,-2.266843374371769588e-06,7.667093287249399092e-01,-4.065054156443978495e-01,-4.560471768564856495e-06,-1.013440660334219070e-08,-4.677577896782541425e-08,6.816212860785845692e-03,2.192115052836423883e-01,3.868236932227494540e-01,-3.266735295439785469e-01,5.599017780630197727e-01,-3.313434859430504642e-01,-8.323759979698544531e-03,1.711713935713803370e-01,2.192113142256679470e-01,-3.868238879747830650e-01,3.266740777432555198e-01,5.599020779031913531e-01,3.313440189528521485e-01,-8.324046119982083172e-03,-1.711715506452342328e-01
9.997352394809145837e-01,0.000000000000000000e+00,7.542611179657222609e-01,1.000000000000000000e+00,0.000000000000000000e+00,-1.224646799147353207e-16,0.000000000000000000e+00,-3.623469036630759255e-01,-3.531554320968835957e-06,2.266843374375709985e-06,7.667093287249399092e-01,-4.065054156443978495e-01,4.560471768572342572e-06,-3.623469036630759255e-01,3.531554320962386648e-06,-2.266843374371769588e-06,7.667093287249399092e-01,-4.065054156443978495e-01,-4.560471768564856495e-06,-1.013440660334219070e-08,-4.677577896782541425e-08,6.816212860785845692e-03,2.192115052836423883e-01,3.868236932227494540e-01,-3.266735295439785469e-01,5.599017780630197727e-01,-3.313434859430504642e-01,-8.323759979698544531e-03,1.711713935713803370e-01,2.192113142256679470e-01,-3.868238879747830650e-01,3.266740777432555198e-01,5.599020779031913531e-01,3.313440189528521485e-01,-8.324046119982083172e-03,-1.711715506452342328e-01
9.997861723251169064e-01,0.000000000000000000e+00,7.553122985966435055e-01,1.000000000000000000e+00,0.000000000000000000e+00,-1.224646799147353207e-16,0.000000000000000000e+00,-3.469911426153997613e-01,-3.965457519122883451e-06,2.464074311250716176e-06,7.373588234336299063e-01,-3.938485609418538314e-01,5.070747786715460695e-06,-3.469911426153997613e-01,3.965457519116206290e-06,-2.464074311246927398e-06,7.373588234336299063e-01,-3.938485609418538314e-01,-5.070747786707937348e-06,-1.153441026859641496e-08,-5.070342288310779889e-08,4.574967187702292173e-03,2.053315364077277771e-01,3.824427251863167232e-01,-3.259663247857840229e-01,5.740550579268846043e-01,-3.294291247780968823e-01,-1.773085582038739366e-02,1.683781389477976564e-01,2.053313391901916696e-01,-3.824429085794603389e-01,3.259668726686305029e-01,5.740553766456020224e-01,3.294296567106180240e-01,-1.773115028388662015e-02,-1.683782839486935301e-01
9.998380933176412855e-01,0.000000000000000000e+00,7.563609075474462262e-01,1.000000000000000000e+00,0.000000000000000000e+00,-1.224646799147353207e-16,0.000000000000000000e+00,-3.469911426153997613e-01,-3.965457519122883451e-06,2.464074311250716176e-06,7.373588234336299063e-01,-3.938485609418538314e-01,5.070747786715460695e-06,-3.469911426153997613e-01,3.965457519116206290e-06,-2.464074311246927398e-06,7.373588234336299063e-01,-3.938485609418538314e-01,-5.070747786707937348e-06,-1.153441026859641496e-08,-5.070342288310779889e-08,4.574967187702292173e-03,2.053315364077277771e-01,3.824427251863167232e-01,-3.259663247857840229e-01,5.740550579268846043e-01,-3.294291247780968823e-01,-1.773085582038739366e-02,1.683781389477976564e-01,2.053313391901916696e-01,-3.824429085794603389e-01,3.259668726686305029e-01,5.740553766456020224e-01,3.294296567106180240e-01,-1.773115028388662015e-02,-1.683782839486935301e-01
9.998910239399730893e-01,0.000000000000000000e+00,7.574068889120405546e-01,1.000000000000000000e+00,0.000000000000000000e+00,-1.224646799147353207e-16,0.000000000000000000e+00,-3.469911426153997613e-01,-3.965457519122883451e-06,2.464074311250716176e-06,7.373588234336299063e-01,-3.938485609418538314e-01,5.070747786715460695e-06,-3.469911426153997613e-01,3.965457519116206290e-06,-2.464074311246927398e-06,7.373588234336299063e-01,-3.938485609418538314e-01,-5.070747786707937348e-06,-1.153441026859641496e-08,-5.070342288310779889e-08,4.574967187702292173e-03,2.053315364077277771e-01,3.824427251863167232e-01,-3.259663247857840229e-01,5.740550579268846043e-01,-3.294291247780968823e-01,-1.773085582038739366e-02,1.683781389477976564e-01,2.053313391901916696e-01,-3.824429085794603389e-01,3.259668726686305029e-01,5.740553766456020224e-01,3.294296567106180240e-01,-1.773115028388662015e-02,-1.683782839486935301e-01
9.999449856735976860e-01,0.000000000000000000e+00,7.584501867843370659e-01,1.000000000000000000e+00,0.000000000000000000e+00,-1.224646799147353207e-16,0.000000000000000000e+00,-3.302638980330510066e-01,-4.497268742248830777e-06,2.683160244328709543e-06,7.052384241057717551e-01,-3.798631142019280316e-01,5.688320820588665830e-06,-3.302638980330510066e-01,4.497268742242153616e-06,-2.683160244325072383e-06,7.052384241057717551e-01,-3.798631142019280316e-01,-5.688320820581051851e-06,-1.328429542585867997e-08,-5.602650524210072423e-08,2.228697701015417559e-03,1.903392405580190683e-01,3.776568789936072257e-01,-3.251658445179370638e-01,5.898782507716258117e-01,-3.273821772088277293e-01,-2.812605350391124762e-02,1.653009111921505958e-01,1.903390344242629761e-01,-3.776570479185876739e-01,3.251663920628838356e-01,5.898785960512886728e-01,3.273827083472741206e-01,-2.812636052947755858e-02,-1.653010407035118146e-01
1.000000000000000000e+00,0.000000000000000000e+00,7.594907452582463359e-01,1.000000000000000000e+00,0.000000000000000000e+00,-1.224646799147353207e-16,0.000000000000000000e+00,-3.302638980330510066e-01,-4.497268742248830777e-06,2.683160244328709543e-06,7.052384241057717551e-01,-3.798631142019280316e-01,5.688320820588665830e-06,-3.302638980330510066e-01,4.497268742242153616e-06,-2.683160244325072383e-06,7.052384241057717551e-01,-3.798631142019280316e-01,-5.688320820581051851e-06,-1.328429542585867997e-08,-5.602650524210072423e-08,2.228697701015417559e-03,1.903392405580190683e-01,3.776568789936072257e-01,-3.251658445179370638e-01,5.898782507716258117e-01,-3.273821772088277293e-01,-2.812605350391124762e-02,1.653009111921505958e-01,1.903390344242629761e-01,-3.776570479185876739e-01,3.251663920628838356e-01,5.898785960512886728e-01,3.273827083472741206e-01,-2.812636052947755858e-02,-1.653010407035118146e-01
