0.000000000000000000e+00,0.000000000000000000e+00,1.598119733302663381e-01,6.637130160529015610e-01,0.000000000000000000e+00,7.479873209633709497e-01,0.000000000000000000e+00,-2.967059567299998868e-01,4.737286330882503095e-03,-1.326690936689396347e-03,2.617993829956500318e-01,4.300042254408407982e-02,-4.824476482933573625e-03,-2.967059567299998868e-01,6.154305126327436030e-03,-3.144276505901493542e-03,2.617993829956500318e-01,7.750472236411277971e-02,-6.836346140805756900e-03,1.849534514881427108e-03,3.894717071273974367e-03,-3.242895019816425806e-01,3.870620555221654935e-01,1.693457734285187255e-01,-1.565786096964217888e-01,-5.902451051907594559e-01,1.299651891550602789e+00,1.513832238262359797e-01,1.248698695255016533e+00,3.491489997152485980e-01,-1.073087094500915217e-01,6.960361737615258781e-02,-5.908880536715338527e-01,-1.656898832415713452e+00,1.004484344845384541e-01,-1.229791480961182515e+00
0.000000000000000000e+00,0.000000000000000000e+00,1.598119733302663381e-01,6.637130160529026712e-01,5.160312887948598507e-18,7.479873209633700615e-01,5.160312887948598507e-18,-2.967059567299998868e-01,4.737286330882503095e-03,-1.326690936689396347e-03,2.617993829956500318e-01,4.300042254408407982e-02,-4.824476482933573625e-03,-2.967059567299998868e-01,6.154305126327436030e-03,-3.144276505901493542e-03,2.617993829956500318e-01,7.750472236411277971e-02,-6.836346140805756900e-03,1.849534514881427108e-03,3.894717071273974367e-03,-3.242895019816425806e-01,3.870620555221654935e-01,1.693457734285187255e-01,-1.565786096964217888e-01,-5.902451051907594559e-01,1.299651891550602789e+00,1.513832238262359797e-01,1.248698695255016533e+00,3.491489997152485980e-01,-1.073087094500915217e-01,6.960361737615258781e-02,-5.908880536715338527e-01,-1.656898832415713452e+00,1.004484344845384541e-01,-1.229791480961182515e+00
0.000000000000000000e+00,0.000000000000000000e+00,1.598119733302663381e-01,6.637130160529026712e-01,5.160312887948598507e-18,7.479873209633700615e-01,5.160312887948598507e-18,-2.967059567299998868e-01,4.737286330882503095e-03,-1.326690936689396347e-03,2.617993829956500318e-01,4.300042254408407982e-02,-4.824476482933573625e-03,-2.967059567299998868e-01,6.154305126327436030e-03,-3.144276505901493542e-03,2.617993829956500318e-01,7.750472236411277971e-02,-6.836346140805756900e-03,1.849534514881427108e-03,3.894717071273974367e-03,-3.242895019816425806e-01,3.870620555221654935e-01,1.693457734285187255e-01,-1.565786096964217888e-01,-5.902451051907594559e-01,1.299651891550602789e+00,1.513832238262359797e-01,1.248698695255016533e+00,3.491489997152485980e-01,-1.073087094500915217e-01,6.960361737615258781e-02,-5.908880536715338527e-01,-1.656898832415713452e+00,1.004484344845384541e-01,-1.229791480961182515e+00
0.000000000000000000e+00,0.000000000000000000e+00,1.598119733302663381e-01,6.637130160529026712e-01,5.160312887948598507e-18,7.479873209633700615e-01,5.160312887948598507e-18,-2.967059567299998868e-01,4.737286330882503095e-03,-1.326690936689396347e-03,2.617993829956500318e-01,4.300042254408407982e-02,-4.824476482933573625e-03,-2.967059567299998868e-01,6.154305126327436030e-03,-3.144276505901493542e-03,2.617993829956500318e-01,7.750472236411277971e-02,-6.836346140805756900e-03,1.849534514881427108e-03,3.894717071273974367e-03,-3.242895019816425806e-01,3.870620555221654935e-01,1.693457734285187255e-01,-1.565786096964217888e-01,-5.902451051907594559e-01,1.299651891550602789e+00,1.513832238262359797e-01,1.248698695255016533e+00,3.491489997152485980e-01,-1.073087094500915217e-01,6.960361737615258781e-02,-5.908880536715338527e-01,-1.656898832415713452e+00,1.004484344845384541e-01,-1.229791480961182515e+00
0.000000000000000000e+00,0.000000000000000000e+00,1.598119733302663381e-01,6.637130160529026712e-01,5.160312887948598507e-18,7.479873209633700615e-01,5.160312887948598507e-18,-2.967059567299998868e-01,4.737286330882503095e-03,-1.326690936689396347e-03,2.617993829956500318e-01,4.300042254408407982e-02,-4.824476482933573625e-03,-2.967059567299998868e-01,6.154305126327436030e-03,-3.144276505901493542e-03,2.617993829956500318e-01,7.750472236411277971e-02,-6.836346140805756900e-03,1.849534514881427108e-03,3.894717071273974367e-03,-3.242895019816425806e-01,3.870620555221654935e-01,1.693457734285187255e-01,-1.565786096964217888e-01,-5.902451051907594559e-01,1.299651891550602789e+00,1.513832238262359797e-01,1.248698695255016533e+00,3.491489997152485980e-01,-1.073087094500915217e-01,6.960361737615258781e-02,-5.908880536715338527e-01,-1.656898832415713452e+00,1.004484344845384541e-01,-1.229791480961182515e+00
0.000000000000000000e+00,0.000000000000000000e+00,1.598119733302663381e-01,6.637130160529026712e-01,5.160312887948598507e-18,7.479873209633700615e-01,5.160312887948598507e-18,-2.967059567299998868e-01,4.737286330882503095e-03,-1.326690936689396347e-03,2.617993829956500318e-01,4.300042254408407982e-02,-4.824476482933573625e-03,-2.967059567299998868e-01,6.154305126327436030e-03,-3.144276505901493542e-03,2.617993829956500318e-01,7.750472236411277971e-02,-6.836346140805756900e-03,1.849534514881427108e-03,3.894717071273974367e-03,-3.242895019816425806e-01,3.870620555221654935e-01,1.693457734285187255e-01,-1.565786096964217888e-01,-5.902451051907594559e-01,1.299651891550602789e+00,1.513832238262359797e-01,1.248698695255016533e+00,3.491489997152485980e-01,-1.073087094500915217e-01,6.960361737615258781e-02,-5.908880536715338527e-01,-1.656898832415713452e+00,1.004484344845384541e-01,-1.229791480961182515e+00
0.000000000000000000e+00,0.000000000000000000e+00,1.598119733302663381e-01,6.637130160529026712e-01,5.160312887948598507e-18,7.479873209633700615e-01,5.160312887948598507e-18,-2.967059567299998868e-01,4.737286330882503095e-03,-1.326690936689396347e-03,2.617993829956500318e-01,4.300042254408407982e-02,-4.824476482933573625e-03,-2.967059567299998868e-01,6.154305126327436030e-03,-3.144276505901493542e-03,2.617993829956500318e-01,7.750472236411277971e-02,-6.836346140805756900e-03,1.849534514881427108e-03,3.894717071273974367e-03,-3.242895019816425806e-01,3.870620555221654935e-01,1.693457734285187255e-01,-1.565786096964217888e-01,-5.902451051907594559e-01,1.299651891550602789e+00,1.513832238262359797e-01,1.248698695255016533e+00,3.491489997152485980e-01,-1.073087094500915217e-01,6.960361737615258781e-02,-5.908880536715338527e-01,-1.656898832415713452e+00,1.004484344845384541e-01,-1.229791480961182515e+00
0.000000000000000000e+00,0.000000000000000000e+00,1.598119733302663381e-01,6.637130160529026712e-01,5.160312887948598507e-18,7.479873209633700615e-01,5.160312887948598507e-18,-2.967059567299998868e-01,4.737286330882503095e-03,-1.326690936689396347e-03,2.617993829956500318e-01,4.300042254408407982e-02,-4.824476482933573625e-03,-2.967059567299998868e-01,6.154305126327436030e-03,-3.144276505901493542e-03,2.617993829956500318e-01,7.750472236411277971e-02,-6.836346140805756900e-03,1.849534514881427108e-03,3.894717071273974367e-03,-3.242895019816425806e-01,3.870620555221654935e-01,1.693457734285187255e-01,-1.565786096964217888e-01,-5.902451051907594559e-01,1.299651891550602789e+00,1.513832238262359797e-01,1.248698695255016533e+00,3.491489997152485980e-01,-1.073087094500915217e-01,6.960361737615258781e-02,-5.908880536715338527e-01,-1.656898832415713452e+00,1.004484344845384541e-01,-1.229791480961182515e+00
0.000000000000000000e+00,0.000000000000000000e+00,1.598119733302663381e-01,6.637130160529026712e-01,5.160312887948598507e-18,7.479873209633700615e-01,5.160312887948598507e-18,-2.967059567299998868e-01,4.737286330882503095e-03,-1.326690936689396347e-03,2.617993829956500318e-01,4.300042254408407982e-02,-4.824476482933573625e-03,-2.967059567299998868e-01,6.154305126327436030e-03,-3.144276505901493542e-03,2.617993829956500318e-01,7.750472236411277971e-02,-6.836346140805756900e-03,1.849534514881427108e-03,3.894717071273974367e-03,-3.242895019816425806e-01,3.870620555221654935e-01,1.693457734285187255e-01,-1.565786096964217888e-01,-5.902451051907594559e-01,1.299651891550602789e+00,1.513832238262359797e-01,1.248698695255016533e+00,3.491489997152485980e-01,-1.073087094500915217e-01,6.960361737615258781e-02,-5.908880536715338527e-01,-1.656898832415713452e+00,1.004484344845384541e-01,-1.229791480961182515e+00
0.000000000000000000e+00,0.000000000000000000e+00,1.598119733302663381e-01,6.637130160529026712e-01,5.160312887948598507e-18,7.479873209633700615e-01,5.160312887948598507e-18,-2.967059567299998868e-01,4.737286330882503095e-03,-1.326690936689396347e-03,2.617993829956500318e-01,4.300042254408407982e-02,-4.824476482933573625e-03,-2.967059567299998868e-01,6.154305126327436030e-03,-3.144276505901493542e-03,2.617993829956500318e-01,7.750472236411277971e-02,-6.836346140805756900e-03,1.849534514881427108e-03,3.894717071273974367e-03,-3.242895019816425806e-01,3.870620555221654935e-01,1.693457734285187255e-01,-1.565786096964217888e-01,-5.902451051907594559e-01,1.299651891550602789e+00,1.513832238262359797e-01,1.248698695255016533e+00,3.491489997152485980e-01,-1.073087094500915217e-01,6.960361737615258781e-02,-5.908880536715338527e-01,-1.656898832415713452e+00,1.004484344845384541e-01,-1.229791480961182515e+00
0.000000000000000000e+00,0.000000000000000000e+00,1.598119733302663381e-01,6.637130160529026712e-01,5.160312887948598507e-18,7.479873209633700615e-01,5.160312887948598507e-18,-2.967059567299998868e-01,4.737286330882503095e-03,-1.326690936689396347e-03,2.617993829956500318e-01,4.300042254408407982e-02,-4.824476482933573625e-03,-2.967059567299998868e-01,6.154305126327436030e-03,-3.144276505901493542e-03,2.617993829956500318e-01,7.750472236411277971e-02,-6.836346140805756900e-03,1.849534514881427108e-03,3.894717071273974367e-03,-3.242895019816425806e-01,3.870620555221654935e-01,1.693457734285187255e-01,-1.565786096964217888e-01,-5.902451051907594559e-01,1.299651891550602789e+00,1.513832238262359797e-01,1.248698695255016533e+00,3.491489997152485980e-01,-1.073087094500915217e-01,6.960361737615258781e-02,-5.908880536715338527e-01,-1.656898832415713452e+00,1.004484344845384541e-01,-1.229791480961182515e+00
0.000000000000000000e+00,0.000000000000000000e+00,1.598119733302663381e-01,6.637130160529026712e-01,5.160312887948598507e-18,7.479873209633700615e-01,5.160312887948598507e-18,-2.967059567299998868e-01,4.737286330882503095e-03,-1.326690936689396347e-03,2.617993829956500318e-01,4.300042254408407982e-02,-4.824476482933573625e-03,-2.967059567299998868e-01,6.154305126327436030e-03,-3.144276505901493542e-03,2.617993829956500318e-01,7.750472236411277971e-02,-6.836346140805756900e-03,1.849534514881427108e-03,3.894717071273974367e-03,-3.242895019816425806e-01,3.870620555221654935e-01,1.693457734285187255e-01,-1.565786096964217888e-01,-5.902451051907594559e-01,1.299651891550602789e+00,1.513832238262359797e-01,1.248698695255016533e+00,3.491489997152485980e-01,-1.073087094500915217e-01,6.960361737615258781e-02,-5.908880536715338527e-01,-1.656898832415713452e+00,1.004484344845384541e-01,-1.229791480961182515e+00
0.000000000000000000e+00,0.000000000000000000e+00,1.598119733302663381e-01,6.637130160529026712e-01,5.160312887948598507e-18,7.479873209633700615e-01,5.160312887948598507e-18,-2.967059567299998868e-01,4.737286330882503095e-03,-1.326690936689396347e-03,2.617993829956500318e-01,4.300042254408407982e-02,-4.824476482933573625e-03,-2.967059567299998868e-01,6.154305126327436030e-03,-3.144276505901493542e-03,2.617993829956500318e-01,7.750472236411277971e-02,-6.836346140805756900e-03,1.849534514881427108e-03,3.894717071273974367e-03,-3.242895019816425806e-01,3.870620555221654935e-01,1.693457734285187255e-01,-1.565786096964217888e-01,-5.902451051907594559e-01,1.299651891550602789e+00,1.513832238262359797e-01,1.248698695255016533e+00,3.491489997152485980e-01,-1.073087094500915217e-01,6.960361737615258781e-02,-5.908880536715338527e-01,-1.656898832415713452e+00,1.004484344845384541e-01,-1.229791480961182515e+00
0.000000000000000000e+00,0.000000000000000000e+00,1.598119733302663381e-01,6.637130160529026712e-01,5.160312887948598507e-18,7.479873209633700615e-01,5.160312887948598507e-18,-2.967059567299998868e-01,4.737286330882503095e-03,-1.326690936689396347e-03,2.617993829956500318e-01,4.300042254408407982e-02,-4.824476482933573625e-03,-2.967059567299998868e-01,6.154305126327436030e-03,-3.144276505901493542e-03,2.617993829956500318e-01,7.750472236411277971e-02,-6.836346140805756900e-03,1.849534514881427108e-03,3.894717071273974367e-03,-3.242895019816425806e-01,3.870620555221654935e-01,1.693457734285187255e-01,-1.565786096964217888e-01,-5.902451051907594559e-01,1.299651891550602789e+00,1.513832238262359797e-01,1.248698695255016533e+00,3.491489997152485980e-01,-1.073087094500915217e-01,6.960361737615258781e-02,-5.908880536715338527e-01,-1.656898832415713452e+00,1.004484344845384541e-01,-1.229791480961182515e+00
0.000000000000000000e+00,0.000000000000000000e+00,1.598119733302663381e-01,6.637130160529026712e-01,5.160312887948598507e-18,7.479873209633700615e-01,5.160312887948598507e-18,-2.967059567299998868e-01,4.737286330882503095e-03,-1.326690936689396347e-03,2.617993829956500318e-01,4.300042254408407982e-02,-4.824476482933573625e-03,-2.967059567299998868e-01,6.154305126327436030e-03,-3.144276505901493542e-03,2.617993829956500318e-01,7.750472236411277971e-02,-6.836346140805756900e-03,1.849534514881427108e-03,3.894717071273974367e-03,-3.242895019816425806e-01,3.870620555221654935e-01,1.693457734285187255e-01,-1.565786096964217888e-01,-5.902451051907594559e-01,1.299651891550602789e+00,1.513832238262359797e-01,1.248698695255016533e+00,3.491489997152485980e-01,-1.073087094500915217e-01,6.960361737615258781e-02,-5.908880536715338527e-01,-1.656898832415713452e+00,1.004484344845384541e-01,-1.229791480961182515e+00
0.000000000000000000e+00,0.000000000000000000e+00,1.598119733302663381e-01,6.637130160529026712e-01,5.160312887948598507e-18,7.479873209633700615e-01,5.160312887948598507e-18,-2.967059567299998868e-01,4.737286330882503095e-03,-1.326690936689396347e-03,2.617993829956500318e-01,4.300042254408407982e-02,-4.824476482933573625e-03,-2.967059567299998868e-01,6.154305126327436030e-03,-3.144276505901493542e-03,2.617993829956500318e-01,7.750472236411277971e-02,-6.836346140805756900e-03,1.849534514881427108e-03,3.894717071273974367e-03,-3.242895019816425806e-01,3.870620555221654935e-01,1.693457734285187255e-01,-1.565786096964217888e-01,-5.902451051907594559e-01,1.299651891550602789e+00,1.513832238262359797e-01,1.248698695255016533e+00,3.491489997152485980e-01,-1.073087094500915217e-01,6.960361737615258781e-02,-5.908880536715338527e-01,-1.656898832415713452e+00,1.004484344845384541e-01,-1.229791480961182515e+00
0.000000000000000000e+00,0.000000000000000000e+00,1.598119733302663381e-01,6.637130160529026712e-01,5.160312887948598507e-18,7.479873209633700615e-01,5.160312887948598507e-18,-2.967059567299998868e-01,4.737286330882503095e-03,-1.326690936689396347e-03,2.617993829956500318e-01,4.300042254408407982e-02,-4.824476482933573625e-03,-2.967059567299998868e-01,6.154305126327436030e-03,-3.144276505901493542e-03,2.617993829956500318e-01,7.750472236411277971e-02,-6.836346140805756900e-03,1.849534514881427108e-03,3.894717071273974367e-03,-3.242895019816425806e-01,3.870620555221654935e-01,1.693457734285187255e-01,-1.565786096964217888e-01,-5.902451051907594559e-01,1.299651891550602789e+00,1.513832238262359797e-01,1.248698695255016533e+00,3.491489997152485980e-01,-1.073087094500915217e-01,6.960361737615258781e-02,-5.908880536715338527e-01,-1.656898832415713452e+00,1.004484344845384541e-01,-1.229791480961182515e+00
0.000000000000000000e+00,0.000000000000000000e+00,1.598119733302663381e-01,6.637130160529026712e-01,5.160312887948598507e-18,7.479873209633700615e-01,5.160312887948598507e-18,-2.967059567299998868e-01,4.737286330882503095e-03,-1.326690936689396347e-03,2.617993829956500318e-01,4.300042254408407982e-02,-4.824476482933573625e-03,-2.967059567299998868e-01,6.154305126327436030e-03,-3.144276505901493542e-03,2.617993829956500318e-01,7.750472236411277971e-02,-6.836346140805756900e-03,1.849534514881427108e-03,3.894717071273974367e-03,-3.242895019816425806e-01,3.870620555221654935e-01,1.693457734285187255e-01,-1.565786096964217888e-01,-5.902451051907594559e-01,1.299651891550602789e+00,1.513832238262359797e-01,1.248698695255016533e+00,3.491489997152485980e-01,-1.073087094500915217e-01,6.960361737615258781e-02,-5.908880536715338527e-01,-1.656898832415713452e+00,1.004484344845384541e-01,-1.229791480961182515e+00
0.000000000000000000e+00,0.000000000000000000e+00,1.598119733302663381e-01,6.637130160529026712e-01,5.160312887948598507e-18,7.479873209633700615e-01,5.160312887948598507e-18,-2.967059567299998868e-01,4.737286330882503095e-03,-1.326690936689396347e-03,2.617993829956500318e-01,4.300042254408407982e-02,-4.824476482933573625e-03,-2.967059567299998868e-01,6.154305126327436030e-03,-3.144276505901493542e-03,2.617993829956500318e-01,7.750472236411277971e-02,-6.836346140805756900e-03,1.849534514881427108e-03,3.894717071273974367e-03,-3.242895019816425806e-01,3.870620555221654935e-01,1.693457734285187255e-01,-1.565786096964217888e-01,-5.902451051907594559e-01,1.299651891550602789e+00,1.513832238262359797e-01,1.248698695255016533e+00,3.491489997152485980e-01,-1.073087094500915217e-01,6.960361737615258781e-02,-5.908880536715338527e-01,-1.656898832415713452e+00,1.004484344845384541e-01,-1.229791480961182515e+00
0.000000000000000000e+00,0.000000000000000000e+00,1.598119733302663381e-01,6.637130160529026712e-01,5.160312887948598507e-18,7.479873209633700615e-01,5.160312887948598507e-18,-2.967059567299998868e-01,4.737286330882503095e-03,-1.326690936689396347e-03,2.617993829956500318e-01,4.300042254408407982e-02,-4.824476482933573625e-03,-2.967059567299998868e-01,6.154305126327436030e-03,-3.144276505901493542e-03,2.617993829956500318e-01,7.750472236411277971e-02,-6.836346140805756900e-03,1.849534514881427108e-03,3.894717071273974367e-03,-3.242895019816425806e-01,3.870620555221654935e-01,1.693457734285187255e-01,-1.565786096964217888e-01,-5.902451051907594559e-01,1.299651891550602789e+00,1.513832238262359797e-01,1.248698695255016533e+00,3.491489997152485980e-01,-1.073087094500915217e-01,6.960361737615258781e-02,-5.908880536715338527e-01,-1.656898832415713452e+00,1.004484344845384541e-01,-1.229791480961182515e+00
0.000000000000000000e+00,0.000000000000000000e+00,1.598119733302663381e-01,6.637130160529026712e-01,5.160312887948598507e-18,7.479873209633700615e-01,5.160312887948598507e-18,-2.967059567299998868e-01,4.737286330882503095e-03,-1.326690936689396347e-03,2.617993829956500318e-01,4.300042254408407982e-02,-4.824476482933573625e-03,-2.967059567299998868e-01,6.154305126327436030e-03,-3.144276505901493542e-03,2.617993829956500318e-01,7.750472236411277971e-02,-6.836346140805756900e-03,1.849534514881427108e-03,3.894717071273974367e-03,-3.242895019816425806e-01,3.870620555221654935e-01,1.693457734285187255e-01,-1.565786096964217888e-01,-5.902451051907594559e-01,1.299651891550602789e+00,1.513832238262359797e-01,1.248698695255016533e+00,3.491489997152485980e-01,-1.073087094500915217e-01,6.960361737615258781e-02,-5.908880536715338527e-01,-1.656898832415713452e+00,1.004484344845384541e-01,-1.229791480961182515e+00
0.000000000000000000e+00,0.000000000000000000e+00,1.598119733302663381e-01,6.637130160529026712e-01,5.160312887948598507e-18,7.479873209633700615e-01,5.160312887948598507e-18,-2.967059567299998868e-01,4.737286330882503095e-03,-1.326690936689396347e-03,2.617993829956500318e-01,4.300042254408407982e-02,-4.824476482933573625e-03,-2.967059567299998868e-01,6.154305126327436030e-03,-3.144276505901493542e-03,2.617993829956500318e-01,7.750472236411277971e-02,-6.836346140805756900e-03,1.849534514881427108e-03,3.894717071273974367e-03,-3.242895019816425806e-01,3.870620555221654935e-01,1.693457734285187255e-01,-1.565786096964217888e-01,-5.902451051907594559e-01,1.299651891550602789e+00,1.513832238262359797e-01,1.248698695255016533e+00,3.491489997152485980e-01,-1.073087094500915217e-01,6.960361737615258781e-02,-5.908880536715338527e-01,-1.656898832415713452e+00,1.004484344845384541e-01,-1.229791480961182515e+00
0.000000000000000000e+00,0.000000000000000000e+00,1.598119733302663381e-01,6.637130160529026712e-01,5.160312887948598507e-18,7.479873209633700615e-01,5.160312887948598507e-18,-2.967059567299998868e-01,4.737286330882503095e-03,-1.326690936689396347e-03,2.617993829956500318e-01,4.300042254408407982e-02,-4.824476482933573625e-03,-2.967059567299998868e-01,6.154305126327436030e-03,-3.144276505901493542e-03,2.617993829956500318e-01,7.750472236411277971e-02,-6.836346140805756900e-03,1.849534514881427108e-03,3.894717071273974367e-03,-3.242895019816425806e-01,3.870620555221654935e-01,1.693457734285187255e-01,-1.565786096964217888e-01,-5.902451051907594559e-01,1.299651891550602789e+00,1.513832238262359797e-01,1.248698695255016533e+00,3.491489997152485980e-01,-1.073087094500915217e-01,6.960361737615258781e-02,-5.908880536715338527e-01,-1.656898832415713452e+00,1.004484344845384541e-01,-1.229791480961182515e+00
0.000000000000000000e+00,0.000000000000000000e+00,1.598119733302663381e-01,6.637130160529026712e-01,5.160312887948598507e-18,7.479873209633700615e-01,5.160312887948598507e-18,-2.967059567299998868e-01,4.737286330882503095e-03,-1.326690936689396347e-03,2.617993829956500318e-01,4.300042254408407982e-02,-4.824476482933573625e-03,-2.967059567299998868e-01,6.154305126327436030e-03,-3.144276505901493542e-03,2.617993829956500318e-01,7.750472236411277971e-02,-6.836346140805756900e-03,1.849534514881427108e-03,3.894717071273974367e-03,-3.242895019816425806e-01,3.870620555221654935e-01,1.693457734285187255e-01,-1.565786096964217888e-01,-5.902451051907594559e-01,1.299651891550602789e+00,1.513832238262359797e-01,1.248698695255016533e+00,3.491489997152485980e-01,-1.073087094500915217e-01,6.960361737615258781e-02,-5.908880536715338527e-01,-1.656898832415713452e+00,1.004484344845384541e-01,-1.229791480961182515e+00
0.000000000000000000e+00,0.000000000000000000e+00,1.598119733302663381e-01,6.637130160529026712e-01,5.160312887948598507e-18,7.479873209633700615e-01,5.160312887948598507e-18,-2.967059567299998868e-01,4.737286330882503095e-03,-1.326690936689396347e-03,2.617993829956500318e-01,4.300042254408407982e-02,-4.824476482933573625e-03,-2.967059567299998868e-01,6.154305126327436030e-03,-3.144276505901493542e-03,2.617993829956500318e-01,7.750472236411277971e-02,-6.836346140805756900e-03,1.849534514881427108e-03,3.894717071273974367e-03,-3.242895019816425806e-01,3.870620555221654935e-01,1.693457734285187255e-01,-1.565786096964217888e-01,-5.902451051907594559e-01,1.299651891550602789e+00,1.513832238262359797e-01,1.248698695255016533e+00,3.491489997152485980e-01,-1.073087094500915217e-01,6.960361737615258781e-02,-5.908880536715338527e-01,-1.656898832415713452e+00,1.004484344845384541e-01,-1.229791480961182515e+00
0.000000000000000000e+00,0.000000000000000000e+00,1.598119733302663381e-01,6.637130160529026712e-01,5.160312887948598507e-18,7.479873209633700615e-01,5.160312887948598507e-18,-2.967059567299998868e-01,4.737286330882503095e-03,-1.326690936689396347e-03,2.617993829956500318e-01,4.300042254408407982e-02,-4.824476482933573625e-03,-2.967059567299998868e-01,6.154305126327436030e-03,-3.144276505901493542e-03,2.617993829956500318e-01,7.750472236411277971e-02,-6.836346140805756900e-03,1.849534514881427108e-03,3.894717071273974367e-03,-3.242895019816425806e-01,3.870620555221654935e-01,1.693457734285187255e-01,-1.565786096964217888e-01,-5.902451051907594559e-01,1.299651891550602789e+00,1.513832238262359797e-01,1.248698695255016533e+00,3.491489997152485980e-01,-1.073087094500915217e-01,6.960361737615258781e-02,-5.908880536715338527e-01,-1.656898832415713452e+00,1.004484344845384541e-01,-1.229791480961182515e+00
0.000000000000000000e+00,0.000000000000000000e+00,1.598119733302663381e-01,6.637130160529026712e-01,5.160312887948598507e-18,7.479873209633700615e-01,5.160312887948598507e-18,-2.967059567299998868e-01,4.737286330882503095e-03,-1.326690936689396347e-03,2.617993829956500318e-01,4.300042254408407982e-02,-4.824476482933573625e-03,-2.967059567299998868e-01,6.154305126327436030e-03,-3.144276505901493542e-03,2.617993829956500318e-01,7.750472236411277971e-02,-6.836346140805756900e-03,1.849534514881427108e-03,3.894717071273974367e-03,-3.242895019816425806e-01,3.870620555221654935e-01,1.693457734285187255e-01,-1.565786096964217888e-01,-5.902451051907594559e-01,1.299651891550602789e+00,1.513832238262359797e-01,1.248698695255016533e+00,3.491489997152485980e-01,-1.073087094500915217e-01,6.960361737615258781e-02,-5.908880536715338527e-01,-1.656898832415713452e+00,1.004484344845384541e-01,-1.229791480961182515e+00
0.000000000000000000e+00,0.000000000000000000e+00,1.598119733302663381e-01,6.637130160529026712e-01,5.160312887948598507e-18,7.479873209633700615e-01,5.160312887948598507e-18,-2.967059567299998868e-01,4.737286330882503095e-03,-1.326690936689396347e-03,2.617993829956500318e-01,4.300042254408407982e-02,-4.824476482933573625e-03,-2.967059567299998868e-01,6.154305126327436030e-03,-3.144276505901493542e-03,2.617993829956500318e-01,7.750472236411277971e-02,-6.836346140805756900e-03,1.849534514881427108e-03,3.894717071273974367e-03,-3.242895019816425806e-01,3.870620555221654935e-01,1.693457734285187255e-01,-1.565786096964217888e-01,-5.902451051907594559e-01,1.299651891550602789e+00,1.513832238262359797e-01,1.248698695255016533e+00,3.491489997152485980e-01,-1.073087094500915217e-01,6.960361737615258781e-02,-5.908880536715338527e-01,-1.656898832415713452e+00,1.004484344845384541e-01,-1.229791480961182515e+00
0.000000000000000000e+00,0.000000000000000000e+00,1.598119733302663381e-01,6.637130160529026712e-01,5.160312887948598507e-18,7.479873209633700615e-01,5.160312887948598507e-18,-2.967059567299998868e-01,4.737286330882503095e-03,-1.326690936689396347e-03,2.617993829956500318e-01,4.300042254408407982e-02,-4.824476482933573625e-03,-2.967059567299998868e-01,6.154305126327436030e-03,-3.144276505901493542e-03,2.617993829956500318e-01,7.750472236411277971e-02,-6.836346140805756900e-03,1.849534514881427108e-03,3.894717071273974367e-03,-3.242895019816425806e-01,3.870620555221654935e-01,1.693457734285187255e-01,-1.565786096964217888e-01,-5.902451051907594559e-01,1.299651891550602789e+00,1.513832238262359797e-01,1.248698695255016533e+00,3.491489997152485980e-01,-1.073087094500915217e-01,6.960361737615258781e-02,-5.908880536715338527e-01,-1.656898832415713452e+00,1.004484344845384541e-01,-1.229791480961182515e+00
0.000000000000000000e+00,0.000000000000000000e+00,1.598119733302663381e-01,6.637130160529026712e-01,5.160312887948598507e-18,7.479873209633700615e-01,5.160312887948598507e-18,-2.967059567299998868e-01,4.737286330882503095e-03,-1.326690936689396347e-03,2.617993829956500318e-01,4.300042254408407982e-02,-4.824476482933573625e-03,-2.967059567299998868e-01,6.154305126327436030e-03,-3.144276505901493542e-03,2.617993829956500318e-01,7.750472236411277971e-02,-6.836346140805756900e-03,1.849534514881427108e-03,3.894717071273974367e-03,-3.242895019816425806e-01,3.870620555221654935e-01,1.693457734285187255e-01,-1.565786096964217888e-01,-5.902451051907594559e-01,1.299651891550602789e+00,1.513832238262359797e-01,1.248698695255016533e+00,3.491489997152485980e-01,-1.073087094500915217e-01,6.960361737615258781e-02,-5.908880536715338527e-01,-1.656898832415713452e+00,1.004484344845384541e-01,-1.229791480961182515e+00
0.000000000000000000e+00,0.000000000000000000e+00,1.598119733302663381e-01,6.637130160529015610e-01,0.000000000000000000e+00,7.479873209633709497e-01,0.000000000000000000e+00,-2.967059567299998868e-01,4.737286330882503095e-03,-1.326690936689396347e-03,2.617993829956500318e-01,4.300042254408407982e-02,-4.824476482933573625e-03,-2.967059567299998868e-01,6.154305126327436030e-03,-3.144276505901493542e-03,2.617993829956500318e-01,7.750472236411277971e-02,-6.836346140805756900e-03,1.849534514881427108e-03,3.894717071273974367e-03,-3.242895019816425806e-01,3.870620555221654935e-01,1.693457734285187255e-01,-1.565786096964217888e-01,-5.902451051907594559e-01,1.299651891550602789e+00,1.513832238262359797e-01,1.248698695255016533e+00,3.491489997152485980e-01,-1.073087094500915217e-01,6.960361737615258781e-02,-5.908880536715338527e-01,-1.656898832415713452e+00,1.004484344845384541e-01,-1.229791480961182515e+00
-5.687563643672017893e-04,0.000000000000000000e+00,1.628453632956914088e-01,6.651084445186744576e-01,4.998906458916820028e-18,7.467467824034793589e-01,4.998906458916820028e-18,-2.967059567299998868e-01,4.737286330882503095e-03,-1.326690936689396347e-03,2.617993829956500318e-01,4.300042254408407982e-02,-4.824476482933573625e-03,-2.967059567299998868e-01,6.154305126327436030e-03,-3.144276505901493542e-03,2.617993829956500318e-01,7.750472236411277971e-02,-6.836346140805756900e-03,1.849534514881427108e-03,3.894717071273974367e-03,-3.242895019816425806e-01,3.688504300552423731e-01,1.690182079651961211e-01,-1.545030105681407806e-01,-5.682936449571683868e-01,1.297214669853368196e+00,1.507606375392641362e-01,1.252561573743947276e+00,3.313117586132925951e-01,-1.069945603329507389e-01,6.704577676864505176e-02,-5.682059916284031287e-01,-1.656223921769844676e+00,1.014935555158081038e-01,-1.234460754869180388e+00
-1.137512728734403579e-03,0.000000000000000000e+00,1.658787532611164794e-01,6.665015543123044006e-01,4.837482602914756661e-18,7.455036405674237976e-01,4.837482602914756661e-18,-2.967059567299998868e-01,4.737286330882503095e-03,-1.326690936689396347e-03,2.617993829956500318e-01,4.300042254408407982e-02,-4.824476482933573625e-03,-2.967059567299998868e-01,6.154305126327436030e-03,-3.144276505901493542e-03,2.617993829956500318e-01,7.750472236411277971e-02,-6.836346140805756900e-03,1.849534514881427108e-03,3.894717071273974367e-03,-3.242895019816425806e-01,3.506388045883192528e-01,1.686906425018735445e-01,-1.524274114398597446e-01,-5.463421847235773177e-01,1.294777448156133604e+00,1.501380512522923205e-01,1.256424452232878020e+00,3.134745175113365923e-01,-1.066804112158099421e-01,6.448793616113752958e-02,-5.455239295852724046e-01,-1.655549011123975678e+00,1.025386765470777534e-01,-1.239130028777178261e+00
-1.706269093101605260e-03,0.000000000000000000e+00,1.689121432265415501e-01,6.678923405771949318e-01,4.676041882691056184e-18,7.442578997889888193e-01,4.676041882691056184e-18,-2.967059567299998868e-01,4.737286330882503095e-03,-1.326690936689396347e-03,2.617993829956500318e-01,4.300042254408407982e-02,-4.824476482933573625e-03,-2.967059567299998868e-01,6.154305126327436030e-03,-3.144276505901493542e-03,2.617993829956500318e-01,7.750472236411277971e-02,-6.836346140805756900e-03,1.849534514881427108e-03,3.894717071273974367e-03,-3.242895019816425806e-01,3.324271791213961880e-01,1.683630770385509401e-01,-1.503518123115787364e-01,-5.243907244899863596e-01,1.292340226458899011e+00,1.495154649653204770e-01,1.260287330721808763e+00,2.956372764093806449e-01,-1.063662620986691593e-01,6.193009555362999352e-02,-5.228418675421416806e-01,-1.654874100478106902e+00,1.035837975783473891e-01,-1.243799302685176356e+00
-2.275025457468807157e-03,0.000000000000000000e+00,1.719455331919666208e-01,6.692807984648457831e-01,4.514584861053540187e-18,7.430095644110233932e-01,4.514584861053540187e-18,-2.967059567299998868e-01,4.737286330882503095e-03,-1.326690936689396347e-03,2.617993829956500318e-01,4.300042254408407982e-02,-4.824476482933573625e-03,-2.967059567299998868e-01,6.154305126327436030e-03,-3.144276505901493542e-03,2.617993829956500318e-01,7.750472236411277971e-02,-6.836346140805756900e-03,1.849534514881427108e-03,3.894717071273974367e-03,-3.242895019816425806e-01,3.142155536544730676e-01,1.680355115752283357e-01,-1.482762131832977281e-01,-5.024392642563952904e-01,1.289903004761664418e+00,1.488928786783486613e-01,1.264150209210739506e+00,2.778000353074246420e-01,-1.060521129815283625e-01,5.937225494612246440e-02,-5.001598054990108455e-01,-1.654199189832238126e+00,1.046289186096170387e-01,-1.248468576593174229e+00
-2.843781821836005586e-03,0.000000000000000000e+00,1.749789231573916637e-01,6.706669231348766358e-01,4.353112100866525490e-18,7.417586387854190333e-01,4.353112100866525490e-18,-2.989599633800107403e-01,4.738569378362132191e-03,-1.339558280114066515e-03,2.666522192283283799e-01,4.038525092531245614e-02,-4.829575609276834727e-03,-2.989659874803023976e-01,6.149866089451475233e-03,-3.159595728596000658e-03,2.666603151736967603e-01,7.488980922546741026e-02,-6.839485186438347582e-03,1.874175120673244894e-03,3.942115628088508662e-03,-3.245006921094428232e-01,2.919310762678978266e-01,1.657851751760812398e-01,-1.452677004991137777e-01,-4.963949426781798513e-01,1.290168212150978766e+00,1.553017099739277262e-01,1.248950499667716763e+00,2.559779721541861064e-01,-1.053940199055778820e-01,5.754056878199104857e-02,-4.923661371651658625e-01,-1.655329797770460187e+00,1.060018461414648228e-01,-1.234033202080508707e+00
-3.412538186203207483e-03,0.000000000000000000e+00,1.780123131228167344e-01,6.720507097550392217e-01,4.191624165049413588e-18,7.405051272730988066e-01,4.191624165049413588e-18,-2.993050410535076367e-01,4.738760952406698493e-03,-1.341525739239030545e-03,2.673904690344070523e-01,3.998957669975248402e-02,-4.830350527763806363e-03,-2.993119666872038342e-01,6.149185629262099613e-03,-3.161940246945892357e-03,2.673997593781524684e-01,7.449419663491343990e-02,-6.839964491328418515e-03,1.878252092408592673e-03,3.948427609150813138e-03,-3.245570265184619108e-01,2.732381223166446826e-01,1.652201581554604004e-01,-1.430447150466273298e-01,-4.768786477123536649e-01,1.288077808581009842e+00,1.557643733481076376e-01,1.250036959843007667e+00,2.376961593134974404e-01,-1.050405883281037012e-01,5.512302612635808230e-02,-4.719700256459088417e-01,-1.654903902922135961e+00,1.071098619856946654e-01,-1.235910512254460025e+00
-3.981294550570409381e-03,0.000000000000000000e+00,1.810457030882418050e-01,6.734321535012380844e-01,4.030121616574243185e-18,7.392490342439987927e-01,4.030121616574243185e-18,-2.996146172742158997e-01,4.738931171760703796e-03,-1.343289949697441896e-03,2.680511759688732898e-01,3.963620123779704185e-02,-4.831043779325580774e-03,-2.996223446653142330e-01,6.148574881378395147e-03,-3.164043297220634019e-03,2.680615225591844175e-01,7.414088394624354650e-02,-6.840394055663903683e-03,1.882014910223694156e-03,3.953800872070277472e-03,-3.246152865824960543e-01,2.546401533126123606e-01,1.646973148605351545e-01,-1.408366731667584359e-01,-4.571129757697083296e-01,1.285931089825780083e+00,1.561187304653711971e-01,1.251453351119655721e+00,2.195130501747287188e-01,-1.046942404313163100e-01,5.270150384656378112e-02,-4.513428906998677159e-01,-1.654444316998702647e+00,1.082152834184033491e-01,-1.238115421193482835e+00
-4.550050914937610845e-03,0.000000000000000000e+00,1.840790930536668757e-01,6.748112495575417924e-01,3.868605018464503817e-18,7.379903640770583140e-01,3.868605018464503817e-18,-2.998885835029885816e-01,4.739080176948564857e-03,-1.344850394806807554e-03,2.686343020673709892e-01,3.932505476012869428e-02,-4.831655357361526459e-03,-2.998970134492349726e-01,6.148034095598072998e-03,-3.165904174314536530e-03,2.686455682401550082e-01,7.382980044821968457e-02,-6.840773781133583677e-03,1.885448639096808533e-03,3.958279507726393358e-03,-3.246744080421773426e-01,2.361307279564941464e-01,1.642139497069968201e-01,-1.386441521612221950e-01,-4.370974467955193177e-01,1.283731221343729079e+00,1.563642424827462185e-01,1.253193685522461687e+00,2.014211559676899466e-01,-1.043540287247477077e-01,5.027488350973144393e-02,-4.304842151152279972e-01,-1.653952392434378416e+00,1.093174714560868482e-01,-1.240642103802657381e+00
-5.118807279304813176e-03,0.000000000000000000e+00,1.871124830190919464e-01,6.761879931162083635e-01,3.707074933791969624e-18,7.367291211601959544e-01,3.707074933791969624e-18,-3.001268327008943526e-01,4.739208109365721303e-03,-1.346206566457476593e-03,2.691398126118780265e-01,3.905606573045523194e-02,-4.832185258685458597e-03,-3.001358665778560142e-01,6.147563518767232282e-03,-3.167522183320679689e-03,2.691518631962874775e-01,7.356087367271976762e-02,-6.841103571519104899e-03,1.888537777990793344e-03,3.961904919224433150e-03,-3.247333728660856123e-01,2.177036253435564450e-01,1.637674863835619499e-01,-1.364676209505543414e-01,-4.168314833309672007e-01,1.281481196507769482e+00,1.565003592178701164e-01,1.255252279054579034e+00,1.834132461127376823e-01,-1.040191194341640035e-01,4.784199527839368832e-02,-4.093933303037783911e-01,-1.653429380071122390e+00,1.104158261535800600e-01,-1.243485104893104154e+00
-5.687563643672014640e-03,0.000000000000000000e+00,1.901458729845170170e-01,6.775623793776922588e-01,3.545531925676055321e-18,7.354653098903035646e-01,3.545531925676055321e-18,-3.003292593321674198e-01,4.739315111274468827e-03,-1.347357965126663249e-03,2.695676761315520253e-01,3.882916085755128838e-02,-4.832633483524925201e-03,-3.003387990973029886e-01,6.147163394773700468e-03,-3.168896639550082203e-03,2.695803774554986210e-01,7.333402939681837873e-02,-6.841383332698601667e-03,1.891266448298540388e-03,3.964716024939669327e-03,-3.247912016078183250e-01,1.993528385672311276e-01,1.633554658683103733e-01,-1.343074433137076140e-01,-3.963144158479395829e-01,1.279183843816506405e+00,1.565265105845566329e-01,1.257623743394393756e+00,1.654823371951228139e-01,-1.036887912655002769e-01,4.540162164030416003e-02,-3.880694224540299775e-01,-1.652876434138244033e+00,1.115097831305035536e-01,-1.246639328418760684e+00
-6.256320008039213502e-03,0.000000000000000000e+00,1.931792629499420599e-01,6.789344035506673647e-01,3.383976557281023982e-18,7.341989346732258337e-01,3.383976557281023982e-18,-3.004957593670922744e-01,4.739401325800023969e-03,-1.348304099891869121e-03,2.699178644035142849e-01,3.864426509737217685e-02,-4.833000035520478542e-03,-3.005057075638031261e-01,6.146833964540314790e-03,-3.170026868550526039e-03,2.699310842991359816e-01,7.314919164490468750e-02,-6.841612972649827387e-03,1.893618572458180809e-03,3.966749453367559956e-03,-3.248469463345713959e-01,1.810725676910291959e-01,1.629755443831116535e-01,-1.321638812021632414e-01,-3.755454883166954860e-01,1.276841834502969508e+00,1.564420991642515579e-01,1.260302976379056750e+00,1.476216816680405719e-01,-1.033624341968530785e-01,4.295250097460793365e-02,-3.665115386945589915e-01,-1.652294617178492686e+00,1.125988103294179588e-01,-1.250100025891501820e+00
-6.825076372406414967e-03,0.000000000000000000e+00,1.962126529153671306e-01,6.803040608520449783e-01,3.222409391813895866e-18,7.329299999237424146e-01,3.222409391813895866e-18,-3.006262302848659029e-01,4.739466896926568078e-03,-1.349044488444519621e-03,2.701903524535592682e-01,3.850130165517400699e-02,-4.833284921727206904e-03,-3.006364900465223200e-01,6.146575466018205404e-03,-3.170912206125000438e-03,2.702039602626258863e-01,7.300628269085061850e-02,-6.841792401450616859e-03,1.895578044803519595e-03,3.968039728460238773e-03,-3.248996840523816210e-01,1.628572123413329908e-01,1.626254913354191201e-01,-1.300370981014375427e-01,-3.545238640700297261e-01,1.274457690428864698e+00,1.562464938137213266e-01,1.263285151529145223e+00,1.298247565151641469e-01,-1.030395483113040467e-01,4.049333098744885978e-02,-3.447185933453406625e-01,-1.651684904899971107e+00,1.136824050019115406e-01,-1.253862784192617763e+00
-7.393832736773616431e-03,0.000000000000000000e+00,1.992460428807922013e-01,6.816713465069841327e-01,3.060830992523256654e-18,7.316585100655600415e-01,3.060830992523256654e-18,-3.007205710764312423e-01,4.739511969493126475e-03,-1.349578657103196223e-03,2.703851185567697768e-01,3.840019198770178166e-02,-4.833488152612875829e-03,-3.007310461303958626e-01,6.146388134180310985e-03,-3.171551998350066130e-03,2.703989851360754093e-01,7.290522306021415821e-02,-6.841921531283538804e-03,1.897128896622704780e-03,3.968619444561242472e-03,-3.249485105605265933e-01,1.447013641321052979e-01,1.623031872848795520e-01,-1.279271624193713819e-01,-3.332486320338512442e-01,1.272033792174804612e+00,1.559390242239521718e-01,1.266565706814280601e+00,1.120852520619273762e-01,-1.027197426785784601e-01,3.802277204713124664e-02,-3.226893743411774484e-01,-1.651048190940572313e+00,1.147600909177164397e-01,-1.257923512944636002e+00
-7.962589101140818762e-03,0.000000000000000000e+00,2.022794328462172719e-01,6.830362557489124686e-01,2.899241922696770300e-18,7.303844695312917690e-01,2.899241922696770300e-18,-3.007786822472677257e-01,4.739536689189569919e-03,-1.349906140826707393e-03,2.705021442380826646e-01,3.834085580540257804e-02,-4.833609742058908240e-03,-3.007892769188889037e-01,6.146272201014875251e-03,-3.171945601593997507e-03,2.705161419647666987e-01,7.284593153248142272e-02,-6.842000276437964525e-03,1.898255457318828157e-03,3.968519430379214251e-03,-3.249925346741788235e-01,1.265997990988546595e-01,1.620066219625808102e-01,-1.258340508860959772e-01,-3.117188134006106948e-01,1.269572387255703871e+00,1.555189763586256879e-01,1.270140332813470829e+00,9.439706109184053950e-02,-1.024027342896844661e-01,3.553945044656781765e-02,-3.004225499180133152e-01,-1.650385291537504573e+00,1.158314157911605191e-01,-1.262278431562208869e+00
-8.531345465508020226e-03,0.000000000000000000e+00,2.053128228116423426e-01,6.843987838195429996e-01,2.737642745659163739e-18,7.291078827624417613e-01,2.737642745659163739e-18,-3.008004658201401393e-01,4.739541202552594382e-03,-1.350026483226845304e-03,2.705414142727570748e-01,3.832321107469214422e-02,-4.833649707357858677e-03,-3.008110850367403111e-01,6.146227895518842008e-03,-3.172092382534328053e-03,2.705554170496105582e-01,7.282832514335192686e-02,-6.842028553310537144e-03,1.898942513500652841e-03,3.967768901687546666e-03,-3.250308727602703174e-01,1.085474702922175350e-01,1.617338923629634273e-01,-1.237576519552069515e-01,-2.899333688292539124e-01,1.267075598406151027e+00,1.549855887128328558e-01,1.274004960384978569e+00,7.675426839840834847e-02,-1.020883470455293957e-01,3.304196161889065564e-02,-2.779166756604132260e-01,-1.649696950099251991e+00,1.168959489187811757e-01,-1.266924056062649573e+00
-9.100101829875221690e-03,0.000000000000000000e+00,2.083462127770674133e-01,6.857589259688916528e-01,2.576034024770239713e-18,7.278287542093896390e-01,2.576034024770239713e-18,-3.007858253378250524e-01,4.739525656961420669e-03,-1.349939236581252072e-03,2.705029166867851664e-01,3.834717402024090394e-02,-4.833608069215318895e-03,-3.007963746326621224e-01,6.146255443691776670e-03,-3.171991718175858933e-03,2.705167999474898388e-01,7.285231918706810972e-02,-6.842006280409705307e-03,1.899175467780375541e-03,3.966395602611496457e-03,-3.250626435368289546e-01,9.053950066000925057e-02,1.614832009220623643e-01,-1.216977691996663086e-01,-2.678912062628611701e-01,1.264545431893574490e+00,1.543380493440487666e-01,1.278155747927372410e+00,5.915114088344418375e-02,-1.017765107979198003e-01,3.052887333075462312e-02,-2.551702020164887674e-01,-1.648983841681228135e+00,1.179532790216419602e-01,-1.271857185684290625e+00
-9.668858194242421419e-03,0.000000000000000000e+00,2.113796027424924562e-01,6.871166774552867063e-01,2.414416323423689625e-18,7.265470883313810413e-01,2.414416323423689625e-18,-3.007346658658071603e-01,4.739490200633929458e-03,-1.349643961845677304e-03,2.703866427572114706e-01,3.841265912732493015e-02,-4.833484851747980177e-03,-3.007450513820249527e-01,6.146355068529394013e-03,-3.171642995867565186e-03,2.704002834715503734e-01,7.291782721876910456e-02,-6.841933378356948765e-03,1.898940499019643752e-03,3.964425935489145070e-03,-3.250869630906553787e-01,7.257117632991225142e-02,1.612528537906062209e-01,-1.196541246993298585e-01,-2.455911894636221837e-01,1.261983785827871518e+00,1.535754936379717106e-01,1.282589068285024947e+00,4.158211829792768377e-02,-1.014672604391764765e-01,2.799872887697162083e-02,-2.321814823957455698e-01,-1.648246577369562038e+00,1.190030122857767964e-01,-1.277074889333002394e+00
-1.023761455860962115e-02,0.000000000000000000e+00,2.144129927079175268e-01,6.884720335453953233e-01,2.252790205043965065e-18,7.252628895965023137e-01,2.252790205043965065e-18,-3.006468939949080710e-01,4.739434982622486685e-03,-1.349140228666442743e-03,2.701925870123831896e-01,3.851957914420931633e-02,-4.833280082483979410e-03,-3.006570224894719590e-01,6.146526990017253320e-03,-3.171045613320067416e-03,2.702058636914125289e-01,7.302476105691615982e-02,-6.841809769889306732e-03,1.898224725740870183e-03,3.961885079367870842e-03,-3.251029400723838281e-01,5.463794039226949062e-02,1.610412592062930304e-01,-1.176263624199782448e-01,-2.230321473738236526e-01,1.259392458445190988e+00,1.526970027817414477e-01,1.287301495326845346e+00,2.404180471117932372e-02,-1.011607350347347584e-01,2.545005029967034593e-02,-2.089487819753708120e-01,-1.647485708580172847e+00,1.200447705941854737e-01,-1.282574491853012422e+00
-1.080637092297682435e-02,0.000000000000000000e+00,2.174463826733425975e-01,6.898249895142339883e-01,2.091156233084975102e-18,7.239761624816710706e-01,2.091156233084975102e-18,-3.005224178439159788e-01,4.739360152809648369e-03,-1.348427615392275899e-03,2.699207472321305534e-01,3.866784508455381464e-02,-4.832993792359835568e-03,-3.005321966915234233e-01,6.146771425124769248e-03,-3.170198978622262593e-03,2.699335399332908891e-01,7.317303078572423569e-02,-6.841635379861228834e-03,1.897016374414389750e-03,3.958797097240624417e-03,-3.251096710318042704e-01,3.673538727327160802e-02,1.608469259661176876e-01,-1.156140515863357532e-01,-2.002128844215704528e-01,1.256773156351095322e+00,1.517016029264601773e-01,1.292289790205658262e+00,6.524960787520019470e-03,-1.008571769914183569e-01,2.288134165517144436e-02,-1.854702873519366024e-01,-1.646701731282588677e+00,1.210781899439121595e-01,-1.288353560096770600e+00
-1.137512728734402581e-02,0.000000000000000000e+00,2.204797726387676682e-01,6.911755406451883799e-01,1.929514971027846822e-18,7.226869114726179877e-01,1.929514971027846822e-18,-3.003611470621599389e-01,4.739265861904048451e-03,-1.347505709086457880e-03,2.695711244478655733e-01,3.885736622987615713e-02,-4.832626015723249548e-03,-3.003704842591413127e-01,6.147088587799158510e-03,-3.169102510258016859e-03,2.695833147800677509e-01,7.336254475764335259e-02,-6.841410135246661119e-03,1.895304954333477043e-03,3.955185032135934489e-03,-3.251062358595726010e-01,1.885925778258339819e-02,1.606684619968034577e-01,-1.136166900539055252e-01,-1.771321919009071766e-01,1.254127502714570852e+00,1.505882650299051051e-01,1.297550887286803567e+00,-1.097350305388046683e-02,-1.005569312525623898e-01,2.029109235215835819e-02,-1.617441171882166573e-01,-1.645895090159982699e+00,1.221029190418624066e-01,-1.294409888749332493e+00
-1.194388365171122728e-02,0.000000000000000000e+00,2.235131626041927388e-01,6.925236822300244732e-01,1.767866982379479331e-18,7.213951410638750339e-01,1.767866982379479331e-18,-3.001629928320608265e-01,4.739152261436261476e-03,-1.346374105538093464e-03,2.691437229425997502e-01,3.908805013207638374e-02,-4.832176790328406545e-03,-3.001717970002588110e-01,6.147478688959281609e-03,-3.167755637122664485e-03,2.691551940712582081e-01,7.359320959590978650e-02,-6.841133965142211053e-03,1.893081440806608897e-03,3.951070992160706993e-03,-3.250916933046563706e-01,1.005434915862422288e-03,1.605045730190051700e-01,-1.116337076866214945e-01,-1.537888605679601506e-01,1.251457045409586577e+00,1.493559053790322610e-01,1.303081879717652880e+00,-2.845853252080363452e-02,-1.002604445096483554e-01,1.767778058553752529e-02,-1.377683340190460903e-01,-1.645066182718768699e+00,1.231186180732419672e-01,-1.300741485845010370e+00
-1.251264001607843047e-02,0.000000000000000000e+00,2.265465525696178095e-01,6.938694095689067476e-01,1.606212830670425817e-18,7.201008557587589287e-01,1.606212830670425817e-18,-2.999278678716389424e-01,4.739019503754649670e-03,-1.345032409273911114e-03,2.686385502508988887e-01,3.935980261595429380e-02,-4.831646157337747202e-03,-2.999360482622701052e-01,6.147941936489716153e-03,-3.166157798538945644e-03,2.686491869029195012e-01,7.386493019709679253e-02,-6.840806800768086879e-03,1.890338468421867788e-03,3.946476224560857733e-03,-3.250650765395676212e-01,-1.683005950866475406e-02,1.603540612989256264e-01,-1.096644697493441151e-01,-1.301816946079051018e-01,1.248763265105252040e+00,1.480033868003714226e-01,1.308880004594416224e+00,-4.593493429434740427e-02,-9.996826441862974311e-02,1.503987689159065957e-02,-1.135409573961711216e-01,-1.644215363362812488e+00,1.241249576366887930e-01,-1.307346557897375527e+00
-1.308139638044563194e-02,0.000000000000000000e+00,2.295799425350428802e-01,6.952127179704262749e-01,1.444553079451465581e-18,7.188040600693436089e-01,1.444553079451465581e-18,-2.996556864369642192e-01,4.738867742021109393e-03,-1.343480233569334641e-03,2.680556171587637482e-01,3.967252778179492650e-02,-4.831034161320220746e-03,-2.996631529344675471e-01,6.148478535234838845e-03,-3.164308444272939842e-03,2.680653056274985291e-01,7.417760973371370636e-02,-6.840428575468736859e-03,1.887070536174495234e-03,3.941421178807648015e-03,-3.250253887481678872e-01,-3.465106729964677335e-02,1.602158244792315223e-01,-1.077082803262063293e-01,-1.063095271418300625e-01,1.246047583309217943e+00,1.465295205748102236e-01,1.314942627668424180e+00,-6.340737975848177721e-02,-9.968103880753172163e-02,1.237584785163678425e-02,-8.905997856971631377e-02,-1.643342947449019320e+00,1.251216178404271906e-01,-1.314223494547626325e+00
-1.365015274481283167e-02,0.000000000000000000e+00,2.326133325004679508e-01,6.965536027515895068e-01,1.282888292295060433e-18,7.175047585164721076e-01,1.282888292295060433e-18,-2.993463643246395689e-01,4.738697130206524430e-03,-1.341717200459614486e-03,2.673949377033935648e-01,4.002612800799842246e-02,-4.830340850248436568e-03,-2.993530274505044608e-01,6.149088686993328147e-03,-3.162207034549936475e-03,2.674035658535449111e-01,7.453114965687901439e-02,-6.839999224718470647e-03,1.883274226290984317e-03,3.935925558648188313e-03,-3.249715987134261241e-01,-5.246129534552913115e-02,1.600888544795354973e-01,-1.057643857777511298e-01,-8.217123745821409975e-02,1.243311370372007341e+00,1.449330690817020317e-01,1.321267227520759535e+00,-8.088040752496362951e-02,-9.939951486021192384e-02,9.684159973460391632e-03,-6.432337692373420179e-02,-1.642449215342759894e+00,1.261082875539847326e-01,-1.321370852620558312e+00
-1.421890910918003487e-02,0.000000000000000000e+00,2.356467224658930215e-01,6.978920592378694554e-01,1.121219032789054197e-18,7.162029556297057065e-01,1.121219032789054197e-18,-2.989998188741466167e-01,4.738507823086960877e-03,-1.339742940750783149e-03,2.666565291729595111e-01,4.042050395372440846e-02,-4.829566275501022583e-03,-2.990055897907240023e-01,6.149772590512051981e-03,-3.159853040069644445e-03,2.666639864454419251e-01,7.492544969898326523e-02,-6.839518686120340391e-03,1.878948438631374788e-03,3.930008362971864830e-03,-3.249026363847054566e-01,-7.026431598410232127e-02,1.599722364552236820e-01,-1.038319782517900525e-01,-5.776577017059227048e-02,1.240555953462426420e+00,1.432127492056995133e-01,1.327851379121351760e+00,-9.835842465738681151e-02,-9.912453825926240136e-02,6.963283782195705575e-03,-3.932913840506698649e-02,-1.641534416493341419e+00,1.270846638102448301e-01,-1.328787339461489081e+00
-1.478766547354723633e-02,0.000000000000000000e+00,2.386801124313180922e-01,6.992280827631999207e-01,9.595458645374933532e-19,7.148986559473304858e-01,9.595458645374933532e-19,-2.967059567299998868e-01,4.737286330882503095e-03,-1.326690936689396347e-03,2.617993829956500318e-01,4.300042254408407982e-02,-4.824476482933573625e-03,-2.967059567299998868e-01,6.154305126327436030e-03,-3.144276505901493542e-03,2.617993829956500318e-01,7.750472236411277971e-02,-6.836346140805756900e-03,1.849534514881427108e-03,3.894717071273974367e-03,-3.242895019816425806e-01,-8.644020661783502479e-02,1.608290713821312612e-01,-1.026130323611154083e-01,-1.950713911739254680e-02,1.236284127422504042e+00,1.351959803649683545e-01,1.349133535967215636e+00,-1.146192689356067551e-01,-9.914083240443102851e-02,3.099761580956830742e-03,-1.154440550135027443e-03,-1.639351155623123057e+00,1.276215812975492470e-01,-1.351192602569128098e+00
-1.535642183791443259e-02,0.000000000000000000e+00,2.417135023967431073e-01,7.005616686699858153e-01,7.978693511593141324e-19,7.135918640163472215e-01,7.978693511593141324e-19,-2.967059567299998868e-01,4.737286330882503095e-03,-1.326690936689396347e-03,2.617993829956500318e-01,4.300042254408407982e-02,-4.824476482933573625e-03,-2.967059567299998868e-01,6.154305126327436030e-03,-3.144276505901493542e-03,2.617993829956500318e-01,7.750472236411277971e-02,-6.836346140805756900e-03,1.849534514881427108e-03,3.894717071273974367e-03,-3.242895019816425806e-01,-1.046518320847579231e-01,1.605015059188086846e-01,-1.005374332328344000e-01,2.444321116198300281e-03,1.233846905725269671e+00,1.345733940779965387e-01,1.352996414456146379e+00,-1.324565100375625359e-01,-9.882668328729024565e-02,5.419209734493363184e-04,2.152762149299547456e-02,-1.638676244977254282e+00,1.286667023288188827e-01,-1.355861876477125971e+00
-1.592517820228163405e-02,0.000000000000000000e+00,2.447468923621681780e-01,7.018928123091400240e-01,6.361900562838866831e-19,7.122825843924350808e-01,6.361900562838866831e-19,-2.967059567299998868e-01,4.737286330882503095e-03,-1.326690936689396347e-03,2.617993829956500318e-01,4.300042254408407982e-02,-4.824476482933573625e-03,-2.967059567299998868e-01,6.154305126327436030e-03,-3.144276505901493542e-03,2.617993829956500318e-01,7.750472236411277971e-02,-6.836346140805756900e-03,1.849534514881427108e-03,3.894717071273974367e-03,-3.242895019816425806e-01,-1.228634575516809879e-01,1.601739404554860802e-01,-9.846183410455339180e-02,2.439578134978925839e-02,1.231409684028035079e+00,1.339508077910246953e-01,1.356859292945077122e+00,-1.502937511395184833e-01,-9.851253417014946279e-02,-2.015919634058199739e-03,4.420968353612619861e-02,-1.638001334331385506e+00,1.297118233600885184e-01,-1.360531150385124066e+00
-1.649393456664883725e-02,0.000000000000000000e+00,2.477802823275932487e-01,7.032215090400893986e-01,4.745085435503124927e-19,7.109708216399457381e-01,4.745085435503124927e-19,-2.967059567299998868e-01,4.737286330882503095e-03,-1.326690936689396347e-03,2.617993829956500318e-01,4.300042254408407982e-02,-4.824476482933573625e-03,-2.967059567299998868e-01,6.154305126327436030e-03,-3.144276505901493542e-03,2.617993829956500318e-01,7.750472236411277971e-02,-6.836346140805756900e-03,1.849534514881427108e-03,3.894717071273974367e-03,-3.242895019816425806e-01,-1.410750830186041083e-01,1.598463749921635035e-01,-9.638623497627238357e-02,4.634724158338032751e-02,1.228972462330800486e+00,1.333282215040528795e-01,1.360722171434007866e+00,-1.681309922414745417e-01,-9.819838505300866605e-02,-4.573760241565735796e-03,6.689174557925692266e-02,-1.637326423685516508e+00,1.307569443913581819e-01,-1.365200424293121939e+00
-1.706269093101603698e-02,0.000000000000000000e+00,2.508136722930183193e-01,7.045477542307817531e-01,0.000000000000000000e+00,7.096565803318969357e-01,0.000000000000000000e+00,-2.967059567299998868e-01,4.737286330882503095e-03,-1.326690936689396347e-03,2.617993829956500318e-01,4.300042254408407982e-02,-4.824476482933573625e-03,-2.967059567299998868e-01,6.154305126327436030e-03,-3.144276505901493542e-03,2.617993829956500318e-01,7.750472236411277971e-02,-6.836346140805756900e-03,1.849534514881427108e-03,3.894717071273974367e-03,-3.242895019816425806e-01,-1.592867084855271731e-01,1.595188095288408991e-01,-9.431063584799136146e-02,6.829870181697138276e-02,1.226535240633565893e+00,1.327056352170810360e-01,1.364585049922938609e+00,-1.859682333434305446e-01,-9.788423593586788318e-02,-7.131600849073259710e-03,8.957380762238768834e-02,-1.636651513039647732e+00,1.318020654226278177e-01,-1.369869698201119812e+00
-1.766989403971142014e-02,0.000000000000000000e+00,2.526781500753358944e-01,7.053618599825147717e-01,2.134282029952080025e-19,7.088474070503518742e-01,2.134282029952080025e-19,-2.967059567299998868e-01,4.737286330882503095e-03,-1.326690936689396347e-03,2.617993829956500318e-01,4.300042254408407982e-02,-4.824476482933573625e-03,-2.967059567299998868e-01,6.154305126327436030e-03,-3.144276505901493542e-03,2.617993829956500318e-01,7.750472236411277971e-02,-6.836346140805756900e-03,1.849534514881427108e-03,3.894717071273974367e-03,-3.242895019816425806e-01,-1.592867084855271731e-01,1.595188095288408991e-01,-9.431063584799136146e-02,6.829870181697138276e-02,1.226535240633565893e+00,1.327056352170810360e-01,1.364585049922938609e+00,-1.859682333434305446e-01,-9.788423593586788318e-02,-7.131600849073259710e-03,8.957380762238768834e-02,-1.636651513039647732e+00,1.318020654226278177e-01,-1.369869698201119812e+00
-1.827709714840680330e-02,0.000000000000000000e+00,2.545426278576534695e-01,7.061750363991117219e-01,1.140307481889182087e-19,7.080372998414089514e-01,1.140307481889182087e-19,-2.970883783511285015e-01,4.737502583849792503e-03,-1.328873320334594084e-03,2.626213438450297200e-01,4.255811061575841964e-02,-4.825339923995417175e-03,-2.970893943005780136e-01,6.153551730589786745e-03,-3.146875381105717229e-03,2.626227041306455345e-01,7.706246080214132488e-02,-6.836878346574157619e-03,1.832745802653477094e-03,3.865886458632126869e-03,-3.234437435423005991e-01,-1.725178607725038893e-01,1.596211330997177325e-01,-9.319515881504419896e-02,8.770895382815410701e-02,1.224312641926399881e+00,1.309157804727313634e-01,1.368437215788482320e+00,-1.992653875212040127e-01,-9.777108718432751810e-02,-9.244638808343752512e-03,1.096940144119123994e-01,-1.635803729473628509e+00,1.326355685354460856e-01,-1.372559245151800722e+00
-1.888430025710218299e-02,0.000000000000000000e+00,2.564071056399710447e-01,7.069872824094115549e-01,2.799513136355213962e-19,7.072262597721856725e-01,2.799513136355213962e-19,-2.972594206871008726e-01,4.737598672045082761e-03,-1.329849093529599999e-03,2.629883622782006047e-01,4.236089437111523887e-02,-4.825725359597832741e-03,-2.972608883269360902e-01,6.153214653109886217e-03,-3.148037655055626726e-03,2.629903250887515309e-01,7.686526996297599057e-02,-6.837116216100418663e-03,1.824320003616919849e-03,3.851408065979993779e-03,-3.230194702766485682e-01,-1.791186415961112111e-01,1.596683867981935900e-01,-9.264120264967747043e-02,9.744498686123181930e-02,1.223200006320634081e+00,1.300078913121434365e-01,1.370407979273043697e+00,-2.058971623793237615e-01,-9.770803469676947461e-02,-1.029934100737953627e-02,1.197847436486759870e-01,-1.635381192643026171e+00,1.330557855898293618e-01,-1.373952308776874798e+00
-1.949150336579756615e-02,0.000000000000000000e+00,2.582715834222886753e-01,7.077985969426457968e-01,2.711286631869384730e-19,7.064142879118613383e-01,2.711286631869384730e-19,-2.974169840577421398e-01,4.737686778426053284e-03,-1.330747762665504498e-03,2.633260616205507221e-01,4.217961596351247483e-02,-4.826079937236722739e-03,-2.974188660436366538e-01,6.152904066001990170e-03,-3.149108270227511663e-03,2.633285756727843929e-01,7.668401682035823341e-02,-6.837335233361815923e-03,1.815873567057806493e-03,3.836888036125845908e-03,-3.225942749015821009e-01,-1.857094288544755833e-01,1.597130328539768385e-01,-9.208978172539791784e-02,1.072014565791526153e-01,1.222086499353251643e+00,1.290913747934793743e-01,1.372408495274819451e+00,-2.125176098854313911e-01,-9.764066267740681426e-02,-1.135281217648465013e-02,1.298957207772257483e-01,-1.634959566895916039e+00,1.334783058034143544e-01,-1.375377560006571187e+00
-2.009870647449294931e-02,0.000000000000000000e+00,2.601360612046062504e-01,7.086089789305546338e-01,2.607035574641854452e-19,7.056013853295618476e-01,2.607035574641854452e-19,-2.981711654497650743e-01,4.737231368555014366e-03,-1.334608274955187673e-03,2.649361312109147493e-01,4.132263379688461830e-02,-4.826726790898318992e-03,-2.981745236852079706e-01,6.151032655566635553e-03,-3.154040368537068800e-03,2.649409711123847377e-01,7.582633983900054220e-02,-6.837929537449044873e-03,1.815834722749109153e-03,3.836475360519777441e-03,-3.225908397178071096e-01,-2.057809766855628053e-01,1.599508724233374146e-01,-9.030820400166000850e-02,1.399914186344315969e-01,1.218328949818749951e+00,1.250955576110279466e-01,1.381100195460970737e+00,-2.328498457280792633e-01,-9.758990501879501178e-02,-1.473779109565839622e-02,1.634786139711999209e-01,-1.633404674267431300e+00,1.346221425075775080e-01,-1.382707687044416600e+00
-2.070590958318833247e-02,0.000000000000000000e+00,2.620005389869238255e-01,7.094184273051399314e-01,2.502781082421571269e-19,7.047875530966064561e-01,2.502781082421571269e-19,-2.983945900368301096e-01,4.737220737140387244e-03,-1.335815013252994151e-03,2.654130305432004788e-01,4.106821741739753728e-02,-4.827068182638654531e-03,-2.983984522856135135e-01,6.150533051599448367e-03,-3.155529197695884636e-03,2.654185906313601406e-01,7.557184154008275700e-02,-6.838171319895672978e-03,1.822407033334506659e-03,3.829220969842370408e-03,-3.221550305477548504e-01,-2.149707185514000141e-01,1.600375289188757655e-01,-8.952683200204927805e-02,1.535568425846155771e-01,1.216702512371329536e+00,1.234853625789296833e-01,1.384544976784222392e+00,-2.419953886083729133e-01,-9.755467129518480274e-02,-1.624158058528344870e-02,1.766177426013056384e-01,-1.632759142104584615e+00,1.351855218184740970e-01,-1.385324503245257910e+00
-2.131311269188371216e-02,0.000000000000000000e+00,2.638650167692414006e-01,7.102269409999667493e-01,2.398523292712814972e-19,7.039727922852060393e-01,2.398523292712814972e-19,-2.985947378597101354e-01,4.737210586913376785e-03,-1.336895845249542287e-03,2.658397643731225668e-01,4.084079044335416769e-02,-4.827373472507313912e-03,-2.985990489090386557e-01,6.150085352762253016e-03,-3.156862897025649369e-03,2.658459636410245852e-01,7.534434415481308656e-02,-6.838387969766216573e-03,1.817144454335925573e-03,3.816901015929539953e-03,-3.215819425159739398e-01,-2.237040993466495598e-01,1.601546015641185372e-01,-8.879189731734042634e-02,1.640651469029633658e-01,1.215145238013993767e+00,1.219952036476780743e-01,1.387728952506006364e+00,-2.507628797983554314e-01,-9.752067384227093572e-02,-1.768769396505856864e-02,1.874171019832492069e-01,-1.632134838993108961e+00,1.357333544619287735e-01,-1.387770613538844788e+00
-2.192031580057909532e-02,0.000000000000000000e+00,2.657294945515589757e-01,7.110345189497999652e-01,2.294262342881876326e-19,7.031571039688261360e-01,2.294262342881876326e-19,-2.993792977651922871e-01,4.736290714401288765e-03,-1.340684962499496527e-03,2.675092627457087424e-01,3.995694624235510833e-02,-4.827507792527022286e-03,-2.993848416381684197e-01,6.147943596069084179e-03,-3.161895531862172863e-03,2.675176261008070933e-01,7.445941296525530884e-02,-6.838777926049506919e-03,1.828943786863551505e-03,3.839344897511154115e-03,-3.221696875058402965e-01,-2.421888426177088161e-01,1.603834069207510926e-01,-8.709119414732600928e-02,1.981859267032725358e-01,1.211592920117017025e+00,1.173016331479789370e-01,1.397672080317739818e+00,-2.696094108570968317e-01,-9.760997425195459820e-02,-2.092648219140090179e-02,2.226301472139726734e-01,-1.630477130996062840e+00,1.367160601697595679e-01,-1.396774302439563575e+00
-2.252751890927447154e-02,0.000000000000000000e+00,2.675939723338765508e-01,7.118411600906227044e-01,2.189998370289499415e-19,7.023404892221695173e-01,2.189998370289499415e-19,-2.995775029428024427e-01,4.736213906247662385e-03,-1.341721862672078450e-03,2.679306235596949359e-01,3.973329270038869487e-02,-4.827730613759871614e-03,-2.995834442838886669e-01,6.147471180164242738e-03,-3.163201914151678867e-03,2.679395766667258538e-01,7.423563879296961321e-02,-6.838959272686217714e-03,1.843004476062722096e-03,3.836598552692906724e-03,-3.216176886389138789e-01,-2.516842041361262994e-01,1.605198223840876570e-01,-8.627156457045283278e-02,2.115371598053441826e-01,1.209830624567456603e+00,1.153311321028718806e-01,1.401772496921718236e+00,-2.789873141785623734e-01,-9.763085955990102871e-02,-2.255533463873465871e-02,2.352580306011793354e-01,-1.629735255999321897e+00,1.373142376677072563e-01,-1.399974329107293913e+00
-2.313472201796985470e-02,0.000000000000000000e+00,2.694584501161941259e-01,7.126468633596694247e-01,2.085731512310942134e-19,7.015229491211422141e-01,2.085731512310942134e-19,-2.997454565518728464e-01,4.736148310066455071e-03,-1.342600336536747038e-03,2.682871391340078682e-01,3.954431072320158114e-02,-4.827918999484845201e-03,-2.997517312004059353e-01,6.147070786170582765e-03,-3.164308899310166491e-03,2.682965841922035910e-01,7.404655867906814737e-02,-6.839113044541239583e-03,1.840227564909275443e-03,3.828238212887766310e-03,-3.209608888150345396e-01,-2.604310122585530296e-01,1.606906361709702913e-01,-8.550938761530348098e-02,2.223984638493947119e-01,1.208136076113973445e+00,1.134801012634014672e-01,1.405619836187051552e+00,-2.877726992448585985e-01,-9.764886786159518439e-02,-2.412650439447134795e-02,2.463783628978972184e-01,-1.629015200045283773e+00,1.379038785485624252e-01,-1.403047925177105082e+00
-2.374192512666523786e-02,0.000000000000000000e+00,2.713229278985117010e-01,7.134516276953959402e-01,1.981461906318211405e-19,7.007044847428837153e-01,1.981461906318211405e-19,-3.003896575286143511e-01,4.735198364937779139e-03,-1.345611044409041578e-03,2.696553291855071088e-01,3.882217786777021618e-02,-4.827792650988859194e-03,-3.003967797768445913e-01,6.145227316691109602e-03,-3.168397962517134018e-03,2.696663710635224809e-01,7.332340988553999461e-02,-6.839334645218826149e-03,1.847728017672473815e-03,3.851722655235027826e-03,-3.218301554893886474e-01,-2.780022935902369818e-01,1.607913086640488098e-01,-8.387515285679522647e-02,2.583326603850283343e-01,1.205016237508340415e+00,1.084793851572388029e-01,1.415926813003018037e+00,-3.058464885989900517e-01,-9.782710691322468732e-02,-2.720339904761386388e-02,2.837485618104668150e-01,-1.627328958770536182e+00,1.387632246895270094e-01,-1.412814341164742471e+00
-2.434912823536061754e-02,0.000000000000000000e+00,2.731874056808293316e-01,7.142554520374987392e-01,1.877189689689323054e-19,6.998850971657478715e-01,1.877189689689323054e-19,-3.005137580174650491e-01,4.735125529655771250e-03,-1.346247841771302470e-03,2.699176839377298021e-01,3.868373310549628324e-02,-4.827902815591937971e-03,-3.005211027844034710e-01,6.144921030300409988e-03,-3.169210700016904247e-03,2.699290587387325746e-01,7.318488233205000526e-02,-6.839436476673468011e-03,1.866560786265502540e-03,3.851399505909042665e-03,-3.211587008633444151e-01,-2.877133273008317116e-01,1.609695553865954087e-01,-8.307828089829590035e-02,2.709416054888638126e-01,1.203227552474223971e+00,1.062541755910982877e-01,1.420460408675538577e+00,-3.154056232693442374e-01,-9.790453199812228224e-02,-2.887100097717919603e-02,2.953473566366960346e-01,-1.626522833752145347e+00,1.393652103904632622e-01,-1.416432718350745246e+00
-2.495633134405600070e-02,0.000000000000000000e+00,2.750518834631469067e-01,7.150583353269178710e-01,1.772914999807192471e-19,6.990647874692996755e-01,1.772914999807192471e-19,-3.006027734228410297e-01,4.735072849302341888e-03,-1.346704406627534812e-03,2.701051053355086329e-01,3.858519123006158569e-02,-4.827981382816327535e-03,-3.006102723627505080e-01,6.144701344898170596e-03,-3.169793647469569455e-03,2.701167068400389670e-01,7.308628762184797567e-02,-6.839509575884868131e-03,1.865627002457268891e-03,3.843930435866553096e-03,-3.204473667131023662e-01,-2.970869498847692469e-01,1.611845883085337994e-01,-8.232734021853088668e-02,2.822364859180808705e-01,1.201464409760316432e+00,1.040441634504338797e-01,1.424965000633038326e+00,-3.248166558288171912e-01,-9.797533955398293748e-02,-3.052392708792441012e-02,3.068841991774299283e-01,-1.625699762386295877e+00,1.399559466597448121e-01,-1.420210003257481368e+00
-2.556353445275138386e-02,0.000000000000000000e+00,2.769163612454644818e-01,7.158602765058379447e-01,1.668637974058286463e-19,6.982435567343140415e-01,1.668637974058286463e-19,-3.010359714106117801e-01,4.734324702718862091e-03,-1.348671929579808599e-03,2.710234016435900672e-01,3.810186519995439197e-02,-4.827762546703568899e-03,-3.010439286609580267e-01,6.143414127215225153e-03,-3.172518726794275844e-03,2.710359357659604673e-01,7.260222974596522438e-02,-6.839602443273876987e-03,1.890389812930939276e-03,3.868525883180677291e-03,-3.214067854357289256e-01,-3.144675183641512106e-01,1.611355146882060274e-01,-8.063677125544092827e-02,3.203377794676831036e-01,1.198670222895423354e+00,9.867238311369500026e-02,1.435752633931976829e+00,-3.425471620376787096e-01,-9.824579761856162829e-02,-3.358894156635529316e-02,3.452169739387569991e-01,-1.623972915016051122e+00,1.407482090497927107e-01,-1.430543626729233742e+00
-2.617073756144676355e-02,0.000000000000000000e+00,2.787808390277820569e-01,7.166612745176694776e-01,1.564358749828840722e-19,6.974214060427953443e-01,1.564358749828840722e-19,-3.010564203110612236e-01,4.734309411105403972e-03,-1.348775174893261522e-03,2.710645403454536861e-01,3.808115634935758942e-02,-4.827776815621816382e-03,-3.010643964034009912e-01,6.143362764504107891e-03,-3.172652090917173293e-03,2.710770919359725695e-01,7.258152500591720513e-02,-6.839618165877628907e-03,1.890250879830234930e-03,3.861342341018903033e-03,-3.206413620710258372e-01,-3.240126189628051989e-01,1.613581051286619161e-01,-7.989073755321242365e-02,3.319682895379461041e-01,1.196912444559286026e+00,9.626699234064199640e-02,1.440580072005162915e+00,-3.521400554777927572e-01,-9.837032253452414332e-02,-3.529635640751961623e-02,3.570835676960607552e-01,-1.623090847636997625e+00,1.413400572566821389e-01,-1.434671196388823233e+00
-2.677794067014214671e-02,0.000000000000000000e+00,2.806453168100996320e-01,7.174613283070783165e-01,1.460077464510722363e-19,6.965983364779467779e-01,1.460077464510722363e-19,-3.013031264254860675e-01,4.733807755114696064e-03,-1.349856132728428915e-03,2.715860793729402700e-01,3.780769220563620636e-02,-4.827559115286809109e-03,-3.013112794514209991e-01,6.142596880922434992e-03,-3.174186785910444644e-03,2.715990503960597491e-01,7.230761769732799160e-02,-6.839631265985984636e-03,1.882808467293226821e-03,3.871466404058351071e-03,-3.215662044869191938e-01,-3.408028622638208383e-01,1.612502964408330519e-01,-7.817385650134005270e-02,3.685803361883741580e-01,1.194411942670467131e+00,9.083481445132059184e-02,1.451334047170823816e+00,-3.696540137558501082e-01,-9.867508804165138481e-02,-3.837541070220117784e-02,3.957707311358049096e-01,-1.621339472068546783e+00,1.420801429348643452e-01,-1.445411772755847313e+00
-2.738514377883752987e-02,0.000000000000000000e+00,2.825097945924172071e-01,7.182604368199650979e-01,1.355794255496884963e-19,6.957743491241921152e-01,1.355794255496884963e-19,-3.012433042600984323e-01,4.733852570525955671e-03,-1.349554100263839537e-03,2.714563351572909511e-01,3.787765282565314778e-02,-4.827517715196500900e-03,-3.012513327992706325e-01,6.142749659462883906e-03,-3.173797392485426441e-03,2.714690969209684335e-01,7.237765756298029929e-02,-6.839587884729944091e-03,1.911239189651074482e-03,3.873087720349157811e-03,-3.208078077506422154e-01,-3.510644004945290830e-01,1.614422604090495761e-01,-7.737371766324849243e-02,3.827271614618028006e-01,1.192634109917117380e+00,8.805305039353830687e-02,1.456819843074104837e+00,-3.796724115163844226e-01,-9.886375133562472217e-02,-4.015971207903687445e-02,4.083555779938797814e-01,-1.620392032357242496e+00,1.426723524098571505e-01,-1.449992079736425188e+00
-2.799234688753291303e-02,0.000000000000000000e+00,2.843742723747347823e-01,7.190585990034885633e-01,1.251509260184580055e-19,6.949494450671505064e-01,1.251509260184580055e-19,-3.013209540444831136e-01,4.733579293448786883e-03,-1.349834222814810065e-03,2.716185040888191571e-01,3.779412150787513774e-02,-4.827307278441380495e-03,-3.013289229030092775e-01,6.142458408146186065e-03,-3.174254139799646303e-03,2.716312552340076070e-01,7.229393174868395389e-02,-6.839530641078896481e-03,1.898435468191624976e-03,3.878466690512514907e-03,-3.216224609343313889e-01,-3.675879187353514599e-01,1.613092351988548445e-01,-7.561976454575070061e-02,4.178143671572229212e-01,1.190343146097274207e+00,8.246587298444807423e-02,1.467731088985239518e+00,-3.969917039438201067e-01,-9.922659180394419187e-02,-4.326933352546882827e-02,4.458023120801333783e-01,-1.618620314954449801e+00,1.433747842980623854e-01,-1.461061990059235871e+00
-2.859954999622829619e-02,0.000000000000000000e+00,2.862387501570524129e-01,7.198558138060413558e-01,1.147222615971699061e-19,6.941236253936627909e-01,1.147222615971699061e-19,-3.012944992972961811e-01,4.733460377910262210e-03,-1.349628440173427724e-03,2.715595130158333648e-01,3.782734721030133612e-02,-4.827118332683221283e-03,-3.013022788318779899e-01,6.142465419803042753e-03,-3.174050263847918215e-03,2.715720104486244457e-01,7.232712028507630453e-02,-6.839437400268219905e-03,1.912409591574259745e-03,3.891015372793558882e-03,-3.222578741982500827e-01,-3.836218600399937118e-01,1.611835345853781520e-01,-7.388259263044474889e-02,4.502623140616996422e-01,1.188194221847556076e+00,7.687587569410002375e-02,1.478549216275362621e+00,-4.134613244659258724e-01,-9.961696375929428304e-02,-4.628016040763575228e-02,4.787110435417419874e-01,-1.616919909188851534e+00,1.440535769314654213e-01,-1.471797239553484848e+00
-2.920675310492367588e-02,0.000000000000000000e+00,2.881032279393699880e-01,7.206520801772685614e-01,1.042934460258941889e-19,6.932968911917719579e-01,1.042934460258941889e-19,-3.011002418318468044e-01,4.733622703321798200e-03,-1.348656526489898063e-03,2.711441354300853090e-01,3.804852345264219532e-02,-4.827004455340581403e-03,-3.011076763030800518e-01,6.142967347153396353e-03,-3.172789227952221413e-03,2.711560705297307861e-01,7.254850639488837072e-02,-6.839303952498938799e-03,1.915004328581447956e-03,3.884107430015914728e-03,-3.216158060960452869e-01,-3.949840935906429040e-01,1.613260446975429141e-01,-7.293523806162265088e-02,4.687779462714425915e-01,1.186468990944505641e+00,7.348909126631020250e-02,1.485104537923873647e+00,-4.250101149998060102e-01,-9.991461391535078063e-02,-4.836676384411984359e-02,4.976196419096245438e-01,-1.615769519782974006e+00,1.446349533116957631e-01,-1.477881127683996709e+00
-2.981395621361905904e-02,0.000000000000000000e+00,2.899677057216875631e-01,7.214473970680670423e-01,9.386449304491802966e-20,6.924692435507233679e-01,9.386449304491802966e-20,-3.009387190880020158e-01,4.733671022793526674e-03,-1.347803374927313653e-03,2.707983897450641497e-01,3.823321440787302850e-02,-4.826803296306097883e-03,-3.009457819837585979e-01,6.143346724859395647e-03,-3.171720878524616604e-03,2.708097555003165513e-01,7.273332687901976068e-02,-6.839146741644396878e-03,1.923307693413908726e-03,3.894560735432808004e-03,-3.222248301388659919e-01,-4.114571599015108272e-01,1.611784733858201146e-01,-7.108702847636549915e-02,5.022897988142218662e-01,1.184467721111327920e+00,6.749745050388042400e-02,1.496574981159195072e+00,-4.420466523393937752e-01,-1.003904375128163301e-01,-5.153809320205421374e-02,5.318722471916647043e-01,-1.613982516193678940e+00,1.452856363566001341e-01,-1.489476031160837932e+00
-3.042115932231443526e-02,0.000000000000000000e+00,2.918321835040051382e-01,7.222417634305833278e-01,8.343541639469767661e-20,6.916406835609667514e-01,8.343541639469767661e-20,-3.006518014817904372e-01,4.733916670473829573e-03,-1.346371235265542794e-03,2.701864684351485968e-01,3.855827622136990401e-02,-4.826642996995319547e-03,-3.006583727719179810e-01,6.144090250580580212e-03,-3.169859792084543920e-03,2.701970376395164686e-01,7.305868656705712116e-02,-6.838953273220098501e-03,1.933139438968758212e-03,3.888949496094083400e-03,-3.215299319404383294e-01,-4.231848296247520680e-01,1.613137978913646298e-01,-7.010002511015729632e-02,5.216869780219947073e-01,1.182805840793272445e+00,6.383588237333560900e-02,1.503589961078151793e+00,-4.539135229092552959e-01,-1.007602586949735285e-01,-5.370780325288213031e-02,5.514501008484188338e-01,-1.612773467436538599e+00,1.458510468463765641e-01,-1.496025357266839162e+00
-3.102836243100981495e-02,0.000000000000000000e+00,2.936966612863227133e-01,7.230351782182163900e-01,7.300622981584910977e-20,6.908112123141546546e-01,7.300622981584910977e-20,-3.003659853975818583e-01,4.734110147295889602e-03,-1.344918162080130201e-03,2.695771193601294580e-01,3.888211779870228563e-02,-4.826420734115305540e-03,-3.003720168986162009e-01,6.144808375057437232e-03,-3.167994211792203498e-03,2.695868349203653369e-01,7.338279814929739298e-02,-6.838733579515051883e-03,1.929456710464768580e-03,3.894934909296197869e-03,-3.220913977840025311e-01,-4.401384943359071267e-01,1.611614197250753611e-01,-6.814365177624923109e-02,5.561470085583209988e-01,1.180969015110285181e+00,5.744076447144941255e-02,1.515731008469692442e+00,-4.716521675564366856e-01,-1.013363616857644589e-01,-5.707055436015279898e-02,5.872251259778298316e-01,-1.610889427130490992e+00,1.464637514588808809e-01,-1.508598740517234749e+00
-3.163556553970520158e-02,0.000000000000000000e+00,2.955611390686402884e-01,7.238276403856189756e-01,6.257694704913560670e-20,6.899808309031398856e-01,6.257694704913560670e-20,-3.000133332408944087e-01,4.734384843473620277e-03,-1.343144293572388513e-03,2.688261079536262144e-01,3.928068461606852579e-02,-4.826191428855995495e-03,-3.000187393575245998e-01,6.145710023535313864e-03,-3.165700792941632952e-03,2.688348240567888792e-01,7.378171057671639721e-02,-6.838482517219269911e-03,1.923658518911684854e-03,3.897783804169410900e-03,-3.224479014297049750e-01,-4.567025926215207421e-01,1.610582769345866583e-01,-6.625378180763710767e-02,5.887891546464507631e-01,1.179254384620851193e+00,5.114092746268467105e-02,1.527655802893120196e+00,-4.890103068498976580e-01,-1.019532077733300984e-01,-6.039434451955748989e-02,6.212661140507274027e-01,-1.609036749294034063e+00,1.470429570956376109e-01,-1.521010915609016578e+00
-3.224276864840058127e-02,0.000000000000000000e+00,2.974256168509578635e-01,7.246191488886988274e-01,5.214758183544502257e-20,6.891495404219739607e-01,5.214758183544502257e-20,-2.995816927642260263e-01,4.734763996802240048e-03,-1.340995814813489674e-03,2.679076906603408137e-01,3.976750740194590072e-02,-4.825964588810445141e-03,-2.995863854200601639e-01,6.146832273645502602e-03,-3.162903825318019117e-03,2.679152546735747986e-01,7.426896781744415921e-02,-6.838199435985990032e-03,1.948268171225686369e-03,3.898396736468518701e-03,-3.218524467946581313e-01,-4.699660050865553940e-01,1.611241349850972282e-01,-6.499570990980226004e-02,6.126377757701294557e-01,1.177735107912629253e+00,4.656061463665452788e-02,1.536284568223306835e+00,-5.024062877750110623e-01,-1.024891503358911493e-01,-6.291923858309150797e-02,6.450044746354343106e-01,-1.607647071862801313e+00,1.475826246488010640e-01,-1.529278908998128683e+00
-3.284997175709596096e-02,0.000000000000000000e+00,2.992900946332754386e-01,7.254097026846205720e-01,4.171814791577494237e-20,6.883173419659063264e-01,4.171814791577494237e-20,-2.991180429998815948e-01,4.735154813206089372e-03,-1.338679959690129836e-03,2.669217167054599993e-01,4.028996296541966643e-02,-4.825701888265377000e-03,-2.991219544012884701e-01,6.148030400686867007e-03,-3.159895994228365673e-03,2.669280257124622135e-01,7.479188074833827138e-02,-6.837887997561749309e-03,1.945737447919972281e-03,3.902267733241973711e-03,-3.221739533004871481e-01,-4.873907117309069781e-01,1.610093375133858640e-01,-6.293740469595399123e-02,6.472178067814764457e-01,1.176209637657146923e+00,3.969089486044142384e-02,1.549202746487569282e+00,-5.207154485843168423e-01,-1.032438664566764086e-01,-6.649901867063874594e-02,6.810917449529031442e-01,-1.605693068328187811e+00,1.481183633158605351e-01,-1.542883472131097999e+00
-3.345717486579134758e-02,0.000000000000000000e+00,3.011545724155930692e-01,7.261993007318052751e-01,3.128865903120922674e-20,6.874842366313843600e-01,3.128865903120922674e-20,-2.985884506316703324e-01,4.735623149533459836e-03,-1.336046718965565056e-03,2.657961803526622813e-01,4.088595043022594244e-02,-4.825430354956129070e-03,-2.985914986929151804e-01,6.149408406018435323e-03,-3.156465859179607460e-03,2.658010965658064717e-01,7.538839459836844947e-02,-6.837545965471173055e-03,1.982710207027916019e-03,3.905316870705085545e-03,-3.214720478318559560e-01,-5.011076987076574785e-01,1.610762066101397161e-01,-6.160815252374803735e-02,6.720415364591109109e-01,1.174828495847702436e+00,3.478782597361770867e-02,1.558373458229407316e+00,-5.344477004488137339e-01,-1.038829509403980111e-01,-6.912792314710615449e-02,7.054216310274558088e-01,-1.604260952707694532e+00,1.486283204160867288e-01,-1.551638510962921158e+00
-3.406437797448672727e-02,0.000000000000000000e+00,3.030190501979106443e-01,7.269879419899338835e-01,2.085912892290907446e-20,6.866502255160487067e-01,2.085912892290907446e-20,-2.980162656307764335e-01,4.736122630109961332e-03,-1.333199045051758087e-03,2.645807426739156809e-01,4.152928343012012025e-02,-4.825130800763721348e-03,-2.980183769535863503e-01,6.150894241567206842e-03,-3.152758878710420695e-03,2.645841501213649360e-01,7.603229154986521077e-02,-6.837175234676663542e-03,1.975319022121536060e-03,3.907417413743122063e-03,-3.217512293151297276e-01,-5.195360506625468222e-01,1.609601342584630890e-01,-5.934856252507916818e-02,7.088329282285509292e-01,1.173542394198218597e+00,2.728784576523368005e-02,1.572413848078095810e+00,-5.540022865918717843e-01,-1.048055024164618459e-01,-7.304216035457303247e-02,7.442575006818604733e-01,-1.602193637134005311e+00,1.491055700035303355e-01,-1.566728566398610356e+00
-3.467158108318210696e-02,0.000000000000000000e+00,3.048835279802282194e-01,7.277756254199481134e-01,1.042957133208880988e-20,6.858153097187342784e-01,1.042957133208880988e-20,-2.973884086719582598e-01,4.736678020938831640e-03,-1.330078944661828091e-03,2.632476917838113550e-01,4.223453033366017517e-02,-4.824813296940963850e-03,-2.973895040957536540e-01,6.152527716972121946e-03,-3.148693534651102188e-03,2.632494606401643011e-01,7.673815746236471724e-02,-6.836775164376618016e-03,1.994106159172419433e-03,3.917972203555643296e-03,-3.219680191815029735e-01,-5.386573273150150332e-01,1.608382679180327401e-01,-5.694144317154540419e-02,7.470854015234636991e-01,1.172428096684666077e+00,1.934919021533959560e-02,1.587232910316102030e+00,-5.739892363759904192e-01,-1.058360962339220945e-01,-7.710959381981156990e-02,7.836687410931166831e-01,-1.600111787585775769e+00,1.495513613469986181e-01,-1.582418571263873197e+00
-3.527878419187749359e-02,0.000000000000000000e+00,3.067480057625457945e-01,7.285623499840524486e-01,0.000000000000000000e+00,6.849794903394663681e-01,0.000000000000000000e+00,-2.967059567299998868e-01,4.737286330882503095e-03,-1.326690936689396347e-03,2.617993829956500318e-01,4.300042254408407982e-02,-4.824476482933573625e-03,-2.967059567299998868e-01,6.154305126327436030e-03,-3.144276505901493542e-03,2.617993829956500318e-01,7.750472236411277971e-02,-6.836346140805756900e-03,1.849534514881427108e-03,3.894717071273974367e-03,-3.242895019816425806e-01,-5.684993014326655825e-01,1.627593170634294428e-01,-5.865011767169658885e-02,8.103789275841905004e-01,1.165696133737095685e+00,7.887611727301480427e-03,1.614430000000000032e+00,-6.082365050138146545e-01,-1.073949517278840332e-01,-8.533321158999225553e-02,8.551692704936657563e-01,-1.597329174260381235e+00,1.494611114242437311e-01,-1.614430000000000032e+00
-3.467158108318211390e-02,0.000000000000000000e+00,3.048835279802282194e-01,7.277756254199481134e-01,1.042957133208883395e-20,6.858153097187342784e-01,1.042957133208883395e-20,-2.973884086719592590e-01,4.736678020938858528e-03,-1.330078944661901167e-03,2.632476917838129093e-01,4.223453033366176418e-02,-4.824813296941025433e-03,-2.973895040957554303e-01,6.152527716972108068e-03,-3.148693534651107392e-03,2.632494606401680759e-01,7.673815746236262170e-02,-6.836775164376607608e-03,1.994106159172420300e-03,3.917972203555645898e-03,-3.219680191815036396e-01,-5.386573273150151442e-01,1.608382679180326014e-01,-5.694144317154535562e-02,7.470854015234652534e-01,1.172428096684666077e+00,1.934919021533918621e-02,1.587232910316102696e+00,-5.739892363759909744e-01,-1.058360962339220529e-01,-7.710959381981166705e-02,7.836687410931189035e-01,-1.600111787585775547e+00,1.495513613469985903e-01,-1.582418571263873863e+00
-3.406437797448672727e-02,0.000000000000000000e+00,3.030190501979106443e-01,7.269879419899346606e-01,2.085912892290984784e-20,6.866502255160480406e-01,2.085912892290984784e-20,-2.980162656307745461e-01,4.736122630109960464e-03,-1.333199045051759388e-03,2.645807426739164581e-01,4.152928343011948187e-02,-4.825130800763717011e-03,-2.980183769535893479e-01,6.150894241567162607e-03,-3.152758878710670929e-03,2.645841501213746505e-01,7.603229154986825000e-02,-6.837175234676746809e-03,1.975319022121542565e-03,3.907417413743134206e-03,-3.217512293151275071e-01,-5.195360506625464891e-01,1.609601342584628947e-01,-5.934856252507873797e-02,7.088329282285508182e-01,1.173542394198219041e+00,2.728784576523352046e-02,1.572413848078095810e+00,-5.540022865918720063e-01,-1.048055024164616378e-01,-7.304216035457314349e-02,7.442575006818609173e-01,-1.602193637134005533e+00,1.491055700035303910e-01,-1.566728566398610578e+00
-3.345717486579134758e-02,0.000000000000000000e+00,3.011545724155930137e-01,7.261993007318058302e-01,3.128865903121027998e-20,6.874842366313835829e-01,3.128865903121027998e-20,-2.985884506316648923e-01,4.735623149533559582e-03,-1.336046718965523423e-03,2.657961803526555644e-01,4.088595043022645592e-02,-4.825430354956202796e-03,-2.985914986929155690e-01,6.149408406018312158e-03,-3.156465859179862464e-03,2.658010965658099134e-01,7.538839459837599899e-02,-6.837545965471190403e-03,1.982710207027947244e-03,3.905316870705092050e-03,-3.214720478318537911e-01,-5.011076987076581446e-01,1.610762066101398826e-01,-6.160815252374799572e-02,6.720415364591116880e-01,1.174828495847702214e+00,3.478782597361747969e-02,1.558373458229407760e+00,-5.344477004488147331e-01,-1.038829509403982748e-01,-6.912792314710612673e-02,7.054216310274570301e-01,-1.604260952707694532e+00,1.486283204160868399e-01,-1.551638510962921602e+00
-3.284997175709596789e-02,0.000000000000000000e+00,2.992900946332754941e-01,7.254097026846205720e-01,4.171814791577474977e-20,6.883173419659063264e-01,4.171814791577474977e-20,-2.991180429998798740e-01,4.735154813206139679e-03,-1.338679959690059797e-03,2.669217167054566686e-01,4.028996296541854233e-02,-4.825701888265390878e-03,-2.991219544012896914e-01,6.148030400686877416e-03,-3.159895994228383020e-03,2.669280257124646560e-01,7.479188074833702238e-02,-6.837887997561770993e-03,1.945737447919961005e-03,3.902267733241974144e-03,-3.221739533004870926e-01,-4.873907117309079773e-01,1.610093375133859195e-01,-6.293740469595383857e-02,6.472178067814781111e-01,1.176209637657146700e+00,3.969089486044092424e-02,1.549202746487570170e+00,-5.207154485843177305e-01,-1.032438664566765751e-01,-6.649901867063891248e-02,6.810917449529046985e-01,-1.605693068328187367e+00,1.481183633158602853e-01,-1.542883472131098666e+00
-3.224276864840058821e-02,0.000000000000000000e+00,2.974256168509579190e-01,7.246191488886996046e-01,5.214758183544714109e-20,6.891495404219731835e-01,5.214758183544714109e-20,-2.995816927642236394e-01,4.734763996802253058e-03,-1.340995814813495746e-03,2.679076906603413133e-01,3.976750740194531092e-02,-4.825964588810459019e-03,-2.995863854200562226e-01,6.146832273645467908e-03,-3.162903825317984422e-03,2.679152546735715235e-01,7.426896781744526943e-02,-6.838199435985953603e-03,1.948268171225660999e-03,3.898396736468536915e-03,-3.218524467946556888e-01,-4.699660050865567262e-01,1.611241349850966453e-01,-6.499570990980090002e-02,6.126377757701315652e-01,1.177735107912630141e+00,4.656061463665356337e-02,1.536284568223307279e+00,-5.024062877750119505e-01,-1.024891503358913852e-01,-6.291923858309181328e-02,6.450044746354356429e-01,-1.607647071862801091e+00,1.475826246488010918e-01,-1.529278908998129349e+00
-3.163556553970520158e-02,0.000000000000000000e+00,2.955611390686402884e-01,7.238276403856189756e-01,6.257694704913560670e-20,6.899808309031398856e-01,6.257694704913560670e-20,-3.000133332408944087e-01,4.734384843473621145e-03,-1.343144293572388947e-03,2.688261079536263809e-01,3.928068461606850498e-02,-4.826191428855996363e-03,-3.000187393575332040e-01,6.145710023534883652e-03,-3.165700792942956546e-03,2.688348240568031455e-01,7.378171057673203748e-02,-6.838482517219549202e-03,1.923658518911672928e-03,3.897783804169421742e-03,-3.224479014297051416e-01,-4.567025926215204090e-01,1.610582769345864362e-01,-6.625378180763709379e-02,5.887891546464502079e-01,1.179254384620851415e+00,5.114092746268487921e-02,1.527655802893119752e+00,-4.890103068498974359e-01,-1.019532077733299319e-01,-6.039434451955766336e-02,6.212661140507269586e-01,-1.609036749294034063e+00,1.470429570956375831e-01,-1.521010915609016356e+00
-3.102836243100982189e-02,0.000000000000000000e+00,2.936966612863227133e-01,7.230351782182163900e-01,7.300622981584910977e-20,6.908112123141546546e-01,7.300622981584910977e-20,-3.003659853975844118e-01,4.734110147295817611e-03,-1.344918162080325792e-03,2.695771193601332882e-01,3.888211779870686530e-02,-4.826420734115329826e-03,-3.003720168986162009e-01,6.144808375057440701e-03,-3.167994211792193524e-03,2.695868349203653369e-01,7.338279814929739298e-02,-6.838733579515040607e-03,1.929456710464779639e-03,3.894934909296202639e-03,-3.220913977840020315e-01,-4.401384943359067381e-01,1.611614197250758052e-01,-6.814365177624980008e-02,5.561470085583192224e-01,1.180969015110284737e+00,5.744076447145009257e-02,1.515731008469691776e+00,-4.716521675564362970e-01,-1.013363616857647087e-01,-5.707055436015239652e-02,5.872251259778286103e-01,-1.610889427130490326e+00,1.464637514588810197e-01,-1.508598740517234305e+00
-3.042115932231443873e-02,0.000000000000000000e+00,2.918321835040051382e-01,7.222417634305823286e-01,8.343541639469189882e-20,6.916406835609677506e-01,8.343541639469189882e-20,-3.006518014817916029e-01,4.733916670473900697e-03,-1.346371235265455624e-03,2.701864684351441559e-01,3.855827622136926564e-02,-4.826642996995351639e-03,-3.006583727718091237e-01,6.144090250616672001e-03,-3.169859791964271204e-03,2.701970376393367790e-01,7.305868656684709472e-02,-6.838953273191957817e-03,1.933139438968791389e-03,3.888949496094098578e-03,-3.215299319404414380e-01,-4.231848296247512353e-01,1.613137978913646853e-01,-7.010002511015740734e-02,5.216869780219937081e-01,1.182805840793272667e+00,6.383588237333583104e-02,1.503589961078151571e+00,-4.539135229092549628e-01,-1.007602586949732648e-01,-5.370780325288275481e-02,5.514501008484181677e-01,-1.612773467436539265e+00,1.458510468463762866e-01,-1.496025357266838940e+00
-2.981395621361905557e-02,0.000000000000000000e+00,2.899677057216875631e-01,7.214473970680670423e-01,9.386449304491764448e-20,6.924692435507233679e-01,9.386449304491764448e-20,-3.009387190880016827e-01,4.733671022793506725e-03,-1.347803374927315605e-03,2.707983897450632615e-01,3.823321440787373626e-02,-4.826803296306078801e-03,-3.009457819837586534e-01,6.143346724859395647e-03,-3.171720878524616604e-03,2.708097555003166068e-01,7.273332687901985782e-02,-6.839146741644397745e-03,1.923307693413867309e-03,3.894560735432789356e-03,-3.222248301388660474e-01,-4.114571599015112713e-01,1.611784733858205032e-01,-7.108702847636599875e-02,5.022897988142220882e-01,1.184467721111327254e+00,6.749745050388068768e-02,1.496574981159195072e+00,-4.420466523393934977e-01,-1.003904375128162885e-01,-5.153809320205442190e-02,5.318722471916643713e-01,-1.613982516193679162e+00,1.452856363565999676e-01,-1.489476031160837932e+00
-2.920675310492367588e-02,0.000000000000000000e+00,2.881032279393699880e-01,7.206520801772685614e-01,1.042934460258941889e-19,6.932968911917719579e-01,1.042934460258941889e-19,-3.011002418318468044e-01,4.733622703321798200e-03,-1.348656526489898063e-03,2.711441354300853090e-01,3.804852345264219532e-02,-4.827004455340581403e-03,-3.011076763030800518e-01,6.142967347153396353e-03,-3.172789227952221413e-03,2.711560705297307861e-01,7.254850639488837072e-02,-6.839303952498938799e-03,1.915004328581447956e-03,3.884107430015914728e-03,-3.216158060960452869e-01,-3.949840935906429040e-01,1.613260446975429141e-01,-7.293523806162265088e-02,4.687779462714425915e-01,1.186468990944505641e+00,7.348909126631020250e-02,1.485104537923873647e+00,-4.250101149998060102e-01,-9.991461391535078063e-02,-4.836676384411984359e-02,4.976196419096245438e-01,-1.615769519782974006e+00,1.446349533116957631e-01,-1.477881127683996709e+00
-2.859954999622829272e-02,0.000000000000000000e+00,2.862387501570523574e-01,7.198558138060413558e-01,1.147222615971699061e-19,6.941236253936627909e-01,1.147222615971699061e-19,-3.012944992972965141e-01,4.733460377910261342e-03,-1.349628440173429025e-03,2.715595130158341419e-01,3.782734721030080877e-02,-4.827118332683221283e-03,-3.013022788318912015e-01,6.142465419803424392e-03,-3.174050263846634086e-03,2.715720104486456510e-01,7.232712028510390745e-02,-6.839437400267908522e-03,1.912409591574205535e-03,3.891015372793553678e-03,-3.222578741982495276e-01,-3.836218600399933787e-01,1.611835345853784018e-01,-7.388259263044494318e-02,4.502623140616986985e-01,1.188194221847555854e+00,7.687587569410052335e-02,1.478549216275362621e+00,-4.134613244659254838e-01,-9.961696375929418590e-02,-4.628016040763587718e-02,4.787110435417408771e-01,-1.616919909188851756e+00,1.440535769314653936e-01,-1.471797239553484404e+00
-2.799234688753290956e-02,0.000000000000000000e+00,2.843742723747347823e-01,7.190585990034885633e-01,1.251509260184580055e-19,6.949494450671505064e-01,1.251509260184580055e-19,-3.013209540444794499e-01,4.733579293448912650e-03,-1.349834222814438401e-03,2.716185040888133839e-01,3.779412150786865682e-02,-4.827307278441318912e-03,-3.013289229029994520e-01,6.142458408146030807e-03,-3.174254139800310702e-03,2.716312552339921749e-01,7.229393174866392824e-02,-6.839530641079094239e-03,1.898435468191631047e-03,3.878466690512497560e-03,-3.216224609343315000e-01,-3.675879187353514599e-01,1.613092351988549833e-01,-7.561976454575104756e-02,4.178143671572227547e-01,1.190343146097273763e+00,8.246587298444843506e-02,1.467731088985239296e+00,-3.969917039438198292e-01,-9.922659180394410861e-02,-4.326933352546859929e-02,4.458023120801331007e-01,-1.618620314954450023e+00,1.433747842980627463e-01,-1.461061990059235871e+00
-2.738514377883752640e-02,0.000000000000000000e+00,2.825097945924172071e-01,7.182604368199674294e-01,1.355794255497177464e-19,6.957743491241895617e-01,1.355794255497177464e-19,-3.012433042600887734e-01,4.733852570525997304e-03,-1.349554100263843873e-03,2.714563351572868988e-01,3.787765282565424413e-02,-4.827517715196547737e-03,-3.012513327992687451e-01,6.142749659462942886e-03,-3.173797392485023551e-03,2.714690969209772597e-01,7.237765756299720243e-02,-6.839587884729794037e-03,1.911239189651115682e-03,3.873087720349193807e-03,-3.208078077506356651e-01,-3.510644004945299712e-01,1.614422604090496871e-01,-7.737371766324890876e-02,3.827271614618039663e-01,1.192634109917116936e+00,8.805305039353839014e-02,1.456819843074105725e+00,-3.796724115163858104e-01,-9.886375133562466666e-02,-4.015971207903719364e-02,4.083555779938817798e-01,-1.620392032357242496e+00,1.426723524098571227e-01,-1.449992079736426520e+00
-2.677794067014214324e-02,0.000000000000000000e+00,2.806453168100996320e-01,7.174613283070770953e-01,1.460077464510537714e-19,6.965983364779482212e-01,1.460077464510537714e-19,-3.013031264254883990e-01,4.733807755114736830e-03,-1.349856132728442576e-03,2.715860793729362732e-01,3.780769220563875294e-02,-4.827559115286852477e-03,-3.013112794514304360e-01,6.142596880922463615e-03,-3.174186785910209588e-03,2.715990503960674096e-01,7.230761769734318778e-02,-6.839631265985890961e-03,1.882808467293256311e-03,3.871466404058329387e-03,-3.215662044869231351e-01,-3.408028622638206162e-01,1.612502964408332184e-01,-7.817385650134020536e-02,3.685803361883743245e-01,1.194411942670466908e+00,9.083481445132048082e-02,1.451334047170823816e+00,-3.696540137558495531e-01,-9.867508804165150971e-02,-3.837541070220109457e-02,3.957707311358042435e-01,-1.621339472068546561e+00,1.420801429348640954e-01,-1.445411772755847091e+00
-2.617073756144676355e-02,0.000000000000000000e+00,2.787808390277820569e-01,7.166612745176681454e-01,1.564358749828617555e-19,6.974214060427968986e-01,1.564358749828617555e-19,-3.010564203110672743e-01,4.734309411105376217e-03,-1.348775174893256535e-03,2.710645403454562397e-01,3.808115634935702043e-02,-4.827776815621786025e-03,-3.010643964034077635e-01,6.143362764504156463e-03,-3.172652090917222733e-03,2.710770919359767883e-01,7.258152500591578959e-02,-6.839618165877693959e-03,1.890250879830242085e-03,3.861342341018854461e-03,-3.206413620710300005e-01,-3.240126189628039777e-01,1.613581051286618051e-01,-7.989073755321283998e-02,3.319682895379451049e-01,1.196912444559286470e+00,9.626699234064244048e-02,1.440580072005162693e+00,-3.521400554777918135e-01,-9.837032253452382413e-02,-3.529635640751944275e-02,3.570835676960600336e-01,-1.623090847636997847e+00,1.413400572566821944e-01,-1.434671196388822789e+00
-2.556353445275137692e-02,0.000000000000000000e+00,2.769163612454644818e-01,7.158602765058379447e-01,1.668637974058263352e-19,6.982435567343140415e-01,1.668637974058263352e-19,-3.010359714106117801e-01,4.734324702718862091e-03,-1.348671929579808599e-03,2.710234016435900672e-01,3.810186519995439197e-02,-4.827762546703568899e-03,-3.010439286609548071e-01,6.143414127215242500e-03,-3.172518726794336993e-03,2.710359357659550827e-01,7.260222974596085288e-02,-6.839602443273922958e-03,1.890389812930894607e-03,3.868525883180671653e-03,-3.214067854357288700e-01,-3.144675183641515437e-01,1.611355146882061939e-01,-8.063677125544078950e-02,3.203377794676834367e-01,1.198670222895423132e+00,9.867238311369470882e-02,1.435752633931977051e+00,-3.425471620376793203e-01,-9.824579761856178095e-02,-3.358894156635523071e-02,3.452169739387573877e-01,-1.623972915016051122e+00,1.407482090497927663e-01,-1.430543626729233742e+00
-2.495633134405599723e-02,0.000000000000000000e+00,2.750518834631469067e-01,7.150583353269178710e-01,1.772914999807192471e-19,6.990647874692996755e-01,1.772914999807192471e-19,-3.006027734228465809e-01,4.735072849301998413e-03,-1.346704406628632458e-03,2.701051053355168485e-01,3.858519123007408957e-02,-4.827981382816519222e-03,-3.006102723627512852e-01,6.144701344898168861e-03,-3.169793647469574226e-03,2.701167068400403548e-01,7.308628762184730954e-02,-6.839509575884867264e-03,1.865627002457255013e-03,3.843930435866508427e-03,-3.204473667131021442e-01,-2.970869498847689694e-01,1.611845883085340214e-01,-8.232734021853130302e-02,2.822364859180804819e-01,1.201464409760315988e+00,1.040441634504341989e-01,1.424965000633038104e+00,-3.248166558288169692e-01,-9.797533955398277095e-02,-3.052392708792425746e-02,3.068841991774294842e-01,-1.625699762386295877e+00,1.399559466597449509e-01,-1.420210003257481368e+00
-2.434912823536061408e-02,0.000000000000000000e+00,2.731874056808292761e-01,7.142554520374987392e-01,1.877189689689323054e-19,6.998850971657478715e-01,1.877189689689323054e-19,-3.005137580174691569e-01,4.735125529655511041e-03,-1.346247841772077458e-03,2.699176839377369075e-01,3.868373310550243110e-02,-4.827902815592048126e-03,-3.005211027844042482e-01,6.144921030300381365e-03,-3.169210700016894273e-03,2.699290587387339624e-01,7.318488233204926974e-02,-6.839436476673438521e-03,1.866560786265523790e-03,3.851399505909048303e-03,-3.211587008633432494e-01,-2.877133273008310455e-01,1.609695553865955753e-01,-8.307828089829569218e-02,2.709416054888619807e-01,1.203227552474224193e+00,1.062541755910983571e-01,1.420460408675538133e+00,-3.154056232693438488e-01,-9.790453199812240714e-02,-2.887100097717920644e-02,2.953473566366941472e-01,-1.626522833752145347e+00,1.393652103904632067e-01,-1.416432718350744135e+00
-2.374192512666523092e-02,0.000000000000000000e+00,2.713229278985117010e-01,7.134516276953959402e-01,1.981461906318211405e-19,7.007044847428837153e-01,1.981461906318211405e-19,-3.003896575286175152e-01,4.735198364937463419e-03,-1.345611044410205577e-03,2.696553291855118273e-01,3.882217786777948654e-02,-4.827792650989097718e-03,-3.003967797768445913e-01,6.145227316691109602e-03,-3.168397962517135319e-03,2.696663710635224809e-01,7.332340988553998073e-02,-6.839334645218827016e-03,1.847728017672485091e-03,3.851722655235046040e-03,-3.218301554893885363e-01,-2.780022935902366488e-01,1.607913086640487266e-01,-8.387515285679544852e-02,2.583326603850279457e-01,1.205016237508340193e+00,1.084793851572390389e-01,1.415926813003017815e+00,-3.058464885989896076e-01,-9.782710691322453467e-02,-2.720339904761373551e-02,2.837485618104664820e-01,-1.627328958770536405e+00,1.387632246895273147e-01,-1.412814341164742471e+00
-2.313472201796984776e-02,0.000000000000000000e+00,2.694584501161941259e-01,7.126468633596694247e-01,2.085731512310942134e-19,7.015229491211422141e-01,2.085731512310942134e-19,-2.997454565518728464e-01,4.736148310066455071e-03,-1.342600336536747038e-03,2.682871391340078682e-01,3.954431072320158114e-02,-4.827918999484845201e-03,-2.997517312004059353e-01,6.147070786170582765e-03,-3.164308899310166057e-03,2.682965841922035910e-01,7.404655867906814737e-02,-6.839113044541239583e-03,1.840227564909291272e-03,3.828238212887740723e-03,-3.209608888150345396e-01,-2.604310122585530296e-01,1.606906361709703746e-01,-8.550938761530370302e-02,2.223984638493948507e-01,1.208136076113973223e+00,1.134801012634015505e-01,1.405619836187051552e+00,-2.877726992448585430e-01,-9.764886786159511500e-02,-2.412650439447136530e-02,2.463783628978973572e-01,-1.629015200045283773e+00,1.379038785485623697e-01,-1.403047925177105082e+00
-2.252751890927446460e-02,0.000000000000000000e+00,2.675939723338765508e-01,7.118411600906285885e-01,2.189998370292149495e-19,7.023404892221636331e-01,2.189998370292149495e-19,-2.995775029427781289e-01,4.736213906248789955e-03,-1.341721862668428808e-03,2.679306235596874419e-01,3.973329270036887045e-02,-4.827730613759186398e-03,-2.995834442838728462e-01,6.147471180164202839e-03,-3.163201914151658484e-03,2.679395766667318490e-01,7.423563879296367352e-02,-6.838959272686171743e-03,1.843004476062655743e-03,3.836598552692933612e-03,-3.216176886388974476e-01,-2.516842041361299076e-01,1.605198223840880178e-01,-8.627156457045237481e-02,2.115371598053483182e-01,1.209830624567455715e+00,1.153311321028711034e-01,1.401772496921720013e+00,-2.789873141785650934e-01,-9.763085955990132014e-02,-2.255533463873542199e-02,2.352580306011826938e-01,-1.629735255999321453e+00,1.373142376677070342e-01,-1.399974329107295912e+00
-2.192031580057908491e-02,0.000000000000000000e+00,2.657294945515589757e-01,7.110345189498069596e-01,2.294262342885974705e-19,7.031571039688190305e-01,2.294262342885974705e-19,-2.993792977651716924e-01,4.736290714401294837e-03,-1.340684962499515392e-03,2.675092627457125727e-01,3.995694624235000131e-02,-4.827507792526980653e-03,-2.993848416381505451e-01,6.147943596069054689e-03,-3.161895531862150745e-03,2.675176261008157530e-01,7.445941296525487862e-02,-6.838777926049469623e-03,1.828943786863501415e-03,3.839344897511184906e-03,-3.221696875058213672e-01,-2.421888426177132847e-01,1.603834069207511759e-01,-8.709119414732556519e-02,1.981859267032793637e-01,1.211592920117016359e+00,1.173016331479779656e-01,1.397672080317742038e+00,-2.696094108571012171e-01,-9.760997425195465371e-02,-2.092648219140162691e-02,2.226301472139793625e-01,-1.630477130996062618e+00,1.367160601697598454e-01,-1.396774302439566462e+00
-2.131311269188371563e-02,0.000000000000000000e+00,2.638650167692414006e-01,7.102269409999667493e-01,2.398523292712722527e-19,7.039727922852060393e-01,2.398523292712722527e-19,-2.985947378597101354e-01,4.737210586913318672e-03,-1.336895845249753490e-03,2.658397643731225668e-01,4.084079044335417463e-02,-4.827373472507145644e-03,-2.985990489090357691e-01,6.150085352762259087e-03,-3.156862897025645032e-03,2.658459636410203109e-01,7.534434415480566194e-02,-6.838387969766218308e-03,1.817144454335966339e-03,3.816901015929537785e-03,-3.215819425159739398e-01,-2.237040993466494765e-01,1.601546015641185372e-01,-8.879189731734044022e-02,1.640651469029631992e-01,1.215145238013993767e+00,1.219952036476780743e-01,1.387728952506006364e+00,-2.507628797983555424e-01,-9.752067384227093572e-02,-1.768769396505861374e-02,1.874171019832492346e-01,-1.632134838993108961e+00,1.357333544619287735e-01,-1.387770613538844566e+00
-2.070590958318833247e-02,0.000000000000000000e+00,2.620005389869238255e-01,7.094184273051399314e-01,2.502781082421571269e-19,7.047875530966064561e-01,2.502781082421571269e-19,-2.983945900368301096e-01,4.737220737140387244e-03,-1.335815013252994151e-03,2.654130305432004788e-01,4.106821741739753728e-02,-4.827068182638654531e-03,-2.983984522856135135e-01,6.150533051599448367e-03,-3.155529197695884636e-03,2.654185906313601406e-01,7.557184154008275700e-02,-6.838171319895672978e-03,1.822407033334482373e-03,3.829220969842358265e-03,-3.221550305477544618e-01,-2.149707185513996532e-01,1.600375289188757100e-01,-8.952683200204929193e-02,1.535568425846149665e-01,1.216702512371329759e+00,1.234853625789296278e-01,1.384544976784222392e+00,-2.419953886083725525e-01,-9.755467129518476110e-02,-1.624158058528333073e-02,1.766177426013048335e-01,-1.632759142104584837e+00,1.351855218184741803e-01,-1.385324503245257910e+00
-2.009870647449294931e-02,0.000000000000000000e+00,2.601360612046062504e-01,7.086089789305546338e-01,2.607035574642100971e-19,7.056013853295618476e-01,2.607035574642100971e-19,-2.981711654497650743e-01,4.737231368555014366e-03,-1.334608274955187673e-03,2.649361312109147493e-01,4.132263379688461830e-02,-4.826726790898318992e-03,-2.981745236852079706e-01,6.151032655566635553e-03,-3.154040368537068366e-03,2.649409711123847377e-01,7.582633983900054220e-02,-6.837929537449044873e-03,1.815834722749098962e-03,3.836475360519776574e-03,-3.225908397178073317e-01,-2.057809766855630551e-01,1.599508724233374424e-01,-9.030820400165999462e-02,1.399914186344318190e-01,1.218328949818749951e+00,1.250955576110280021e-01,1.381100195460970737e+00,-2.328498457280792910e-01,-9.758990501879499790e-02,-1.473779109565840142e-02,1.634786139712001984e-01,-1.633404674267431300e+00,1.346221425075774802e-01,-1.382707687044416822e+00
-1.949150336579756962e-02,0.000000000000000000e+00,2.582715834222886753e-01,7.077985969426457968e-01,2.711286631869631249e-19,7.064142879118613383e-01,2.711286631869631249e-19,-2.974169840577421398e-01,4.737686778426053284e-03,-1.330747762665504498e-03,2.633260616205507221e-01,4.217961596351247483e-02,-4.826079937236722739e-03,-2.974188660436366538e-01,6.152904066001990170e-03,-3.149108270227511663e-03,2.633285756727843929e-01,7.668401682035823341e-02,-6.837335233361815923e-03,1.815873567057761824e-03,3.836888036125833332e-03,-3.225942749015817679e-01,-1.857094288544755001e-01,1.597130328539769217e-01,-9.208978172539795948e-02,1.072014565791520740e-01,1.222086499353251643e+00,1.290913747934794853e-01,1.372408495274819229e+00,-2.125176098854314743e-01,-9.764066267740685590e-02,-1.135281217648463625e-02,1.298957207772252487e-01,-1.634959566895916039e+00,1.334783058034143821e-01,-1.375377560006570965e+00
-1.888430025710218299e-02,0.000000000000000000e+00,2.564071056399710447e-01,7.069872824094115549e-01,2.799513136355213962e-19,7.072262597721856725e-01,2.799513136355213962e-19,-2.972594206870949329e-01,4.737598672044487751e-03,-1.329849093531620301e-03,2.629883622781914454e-01,4.236089437110032718e-02,-4.825725359598240401e-03,-2.972608883269360902e-01,6.153214653109886217e-03,-3.148037655055626726e-03,2.629903250887515309e-01,7.686526996297599057e-02,-6.837116216100418663e-03,1.824320003616919849e-03,3.851408065979993779e-03,-3.230194702766485682e-01,-1.791186415961112111e-01,1.596683867981935900e-01,-9.264120264967747043e-02,9.744498686123181930e-02,1.223200006320634081e+00,1.300078913121434365e-01,1.370407979273043697e+00,-2.058971623793237615e-01,-9.770803469676947461e-02,-1.029934100737953627e-02,1.197847436486759870e-01,-1.635381192643026171e+00,1.330557855898293618e-01,-1.373952308776874798e+00
-1.827709714840680330e-02,0.000000000000000000e+00,2.545426278576534695e-01,7.061750363991117219e-01,1.140307481889182087e-19,7.080372998414089514e-01,1.140307481889182087e-19,-2.970883783511261700e-01,4.737502583849611225e-03,-1.328873320335210127e-03,2.626213438450261117e-01,4.255811061575256321e-02,-4.825339923995549014e-03,-2.970893943005780136e-01,6.153551730589786745e-03,-3.146875381105717229e-03,2.626227041306455345e-01,7.706246080214132488e-02,-6.836878346574157619e-03,1.832745802653476877e-03,3.865886458632125568e-03,-3.234437435423007101e-01,-1.725178607725039170e-01,1.596211330997177325e-01,-9.319515881504421284e-02,8.770895382815427355e-02,1.224312641926399881e+00,1.309157804727313357e-01,1.368437215788482320e+00,-1.992653875212040404e-01,-9.777108718432750423e-02,-9.244638808343752512e-03,1.096940144119125660e-01,-1.635803729473628509e+00,1.326355685354460856e-01,-1.372559245151800722e+00
-1.766989403971142014e-02,0.000000000000000000e+00,2.526781500753358944e-01,7.053618599825227653e-01,2.134282029942342523e-19,7.088474070503439917e-01,2.134282029942342523e-19,-2.967059567299998868e-01,4.737286330882503095e-03,-1.326690936689396347e-03,2.617993829956500318e-01,4.300042254408407982e-02,-4.824476482933573625e-03,-2.967059567299998868e-01,6.154305126327436030e-03,-3.144276505901493542e-03,2.617993829956500318e-01,7.750472236411277971e-02,-6.836346140805756900e-03,1.849534514881427108e-03,3.894717071273974367e-03,-3.242895019816425806e-01,-1.592867084855271731e-01,1.595188095288408991e-01,-9.431063584799136146e-02,6.829870181697138276e-02,1.226535240633565893e+00,1.327056352170810360e-01,1.364585049922938609e+00,-1.859682333434305446e-01,-9.788423593586788318e-02,-7.131600849073259710e-03,8.957380762238768834e-02,-1.636651513039647732e+00,1.318020654226278177e-01,-1.369869698201119812e+00
-1.706269093101603698e-02,0.000000000000000000e+00,2.508136722930183193e-01,7.045477542307817531e-01,0.000000000000000000e+00,7.096565803318969357e-01,0.000000000000000000e+00,-2.967059567299998868e-01,4.737286330882503095e-03,-1.326690936689396347e-03,2.617993829956500318e-01,4.300042254408407982e-02,-4.824476482933573625e-03,-2.967059567299998868e-01,6.154305126327436030e-03,-3.144276505901493542e-03,2.617993829956500318e-01,7.750472236411277971e-02,-6.836346140805756900e-03,1.849534514881427108e-03,3.894717071273974367e-03,-3.242895019816425806e-01,-1.592867084855271731e-01,1.595188095288408991e-01,-9.431063584799136146e-02,6.829870181697138276e-02,1.226535240633565893e+00,1.327056352170810360e-01,1.364585049922938609e+00,-1.859682333434305446e-01,-9.788423593586788318e-02,-7.131600849073259710e-03,8.957380762238768834e-02,-1.636651513039647732e+00,1.318020654226278177e-01,-1.369869698201119812e+00
-1.641409736058141791e-02,0.000000000000000000e+00,2.482345906567565152e-01,7.033961675473302533e-01,4.532330146353859457e-19,7.107980243921110386e-01,4.532330146353859457e-19,-2.967059567299998868e-01,4.737286330882503095e-03,-1.326690936689396347e-03,2.617993829956500318e-01,4.300042254408407982e-02,-4.824476482933573625e-03,-2.967059567299998868e-01,6.154305126327436030e-03,-3.144276505901493542e-03,2.617993829956500318e-01,7.750472236411277971e-02,-6.836346140805756900e-03,1.849534514881427108e-03,3.894717071273974367e-03,-3.242895019816425806e-01,-1.409261075871260371e-01,1.596224179119010156e-01,-9.603576040915980105e-02,4.970643534257787599e-02,1.228498344457072289e+00,1.309979453568177188e-01,1.362210153788662170e+00,-1.678698397890724114e-01,-9.730038363063446549e-02,-3.791290203948662757e-03,7.004655595090727993e-02,-1.637407022172168158e+00,1.322801092294471903e-01,-1.365780232491597745e+00
-1.576550379014680231e-02,0.000000000000000000e+00,2.456555090204947389e-01,7.022427316026762512e-01,5.936394610957602561e-19,7.119375997313329707e-01,5.936394610957602561e-19,-2.967059567299998868e-01,4.737286330882503095e-03,-1.326690936689396347e-03,2.617993829956500318e-01,4.300042254408407982e-02,-4.824476482933573625e-03,-2.967059567299998868e-01,6.154305126327436030e-03,-3.144276505901493542e-03,2.617993829956500318e-01,7.750472236411277971e-02,-6.836346140805756900e-03,1.849534514881427108e-03,3.894717071273974367e-03,-3.242895019816425806e-01,-1.225655066887249012e-01,1.597260262949611320e-01,-9.776088497032824065e-02,3.111416886818436922e-02,1.230461448280578463e+00,1.292902554965544015e-01,1.359835257654385732e+00,-1.497714462347142783e-01,-9.671653132540104780e-02,-4.509795588240658043e-04,5.051930427942686458e-02,-1.638162531304688585e+00,1.327581530362665629e-01,-1.361690766782075679e+00
-1.511691021971218497e-02,0.000000000000000000e+00,2.430764273842329348e-01,7.010874494292783643e-01,7.340443468499059386e-19,7.130753033535441876e-01,7.340443468499059386e-19,-2.967059567299998868e-01,4.737286330882503095e-03,-1.326690936689396347e-03,2.617993829956500318e-01,4.300042254408407982e-02,-4.824476482933573625e-03,-2.967059567299998868e-01,6.154305126327436030e-03,-3.144276505901493542e-03,2.617993829956500318e-01,7.750472236411277971e-02,-6.836346140805756900e-03,1.849534514881427108e-03,3.894717071273974367e-03,-3.242895019816425806e-01,-1.042049057903237652e-01,1.598296346780212485e-01,-9.948600953149669412e-02,1.252190239379086245e-02,1.232424552104084858e+00,1.275825656362910843e-01,1.357460361520109293e+00,-1.316730526803561174e-01,-9.613267902016763011e-02,2.889331086300529414e-03,3.099205260794646311e-02,-1.638918040437209012e+00,1.332361968430859356e-01,-1.357601301072553612e+00
-1.446831664927756764e-02,0.000000000000000000e+00,2.404973457479711585e-01,6.999303240644251245e-01,8.744473027671256894e-19,7.142111322676711893e-01,8.744473027671256894e-19,-2.967059567299998868e-01,4.737286330882503095e-03,-1.326690936689396347e-03,2.617993829956500318e-01,4.300042254408407982e-02,-4.824476482933573625e-03,-2.967059567299998868e-01,6.154305126327436030e-03,-3.144276505901493542e-03,2.617993829956500318e-01,7.750472236411277971e-02,-6.836346140805756900e-03,1.849534514881427108e-03,3.894717071273974367e-03,-3.242895019816425806e-01,-8.584430489192261537e-02,1.599332430610813649e-01,-1.012111340926651337e-01,-6.070364080602644319e-03,1.234387655927591032e+00,1.258748757760277670e-01,1.355085465385832633e+00,-1.135746591259979843e-01,-9.554882671493421242e-02,6.229641731425128101e-03,1.146480093646604081e-02,-1.639673549569729438e+00,1.337142406499053082e-01,-1.353511835363031546e+00
-1.381972307884294857e-02,0.000000000000000000e+00,2.379182641117093544e-01,6.987713585502502989e-01,1.014847959721831311e-18,7.153450834875694220e-01,1.014847959721831311e-18,-2.984341285579953373e-01,4.738210699336032304e-03,-1.336526271042107151e-03,2.654626814148311476e-01,4.105276382456603257e-02,-4.828315932611489461e-03,-2.984384938510608598e-01,6.150891093095350350e-03,-3.156012365965828095e-03,2.654683377801685951e-01,7.555753160300648918e-02,-6.838737376686893597e-03,1.878507813921092813e-03,3.959770310785837646e-03,-3.249019739668207452e-01,-6.891233247256167704e-02,1.587686999679124578e-01,-1.026213645383077661e-01,-4.101017586347342758e-02,1.238684976804891313e+00,1.314556068246046094e-01,1.335859915460752223e+00,-9.686033352405577779e-02,-9.462741639500098223e-02,9.638419094338592993e-03,-2.345911910287493823e-02,-1.640802345646047877e+00,1.350546209746066872e-01,-1.332229042711317035e+00
-1.317112950840833296e-02,0.000000000000000000e+00,2.353391824754475781e-01,6.976105559337260065e-01,1.155245948594394205e-18,7.164771540320303833e-01,1.155245948594394205e-18,-2.986954060380506704e-01,4.738353579553186527e-03,-1.338014839036617528e-03,2.660195509451636076e-01,4.075527720891751471e-02,-4.828900102166704469e-03,-2.987004446617038678e-01,6.150375492093749889e-03,-3.157787181496596839e-03,2.660260915062289677e-01,7.526010152229829775e-02,-6.839099717922233340e-03,1.882837172242773915e-03,3.970139708030354098e-03,-3.249726423684605181e-01,-5.080920215074270080e-02,1.586424091599937525e-01,-1.042894169890830197e-01,-6.210487162785054138e-02,1.241016836930610490e+00,1.308217363038379211e-01,1.330867837011991739e+00,-7.903942340156688839e-02,-9.399509826935900647e-02,1.296843126067491470e-02,-4.532402130143692309e-02,-1.641647900685194505e+00,1.356715067895951088e-01,-1.325481940147737570e+00
-1.252253593797371389e-02,0.000000000000000000e+00,2.327601008391857740e-01,6.964479192666598317e-01,1.295640900271589104e-18,7.176073409247846202e-01,1.295640900271589104e-18,-2.989286894082930912e-01,4.738482224676416818e-03,-1.339344463266885481e-03,2.665177942663914390e-01,4.048862572775655672e-02,-4.829422949868187459e-03,-2.989343338036452580e-01,6.149915325493679474e-03,-3.159372010436516370e-03,2.665251342509185051e-01,7.499349563953083830e-02,-6.839423517177508141e-03,1.886663131073167739e-03,3.979551111724445242e-03,-3.250284102657449714e-01,-3.269388328167970731e-02,1.585268467747357468e-01,-1.059615762633589892e-01,-8.294054281580548471e-02,1.243314522676807643e+00,1.300629461652576813e-01,1.326132324107315075e+00,-6.121357038646859511e-02,-9.336735010107653776e-02,1.629253778296932409e-02,-6.694106941529209820e-02,-1.642496638799595399e+00,1.362766228097439802e-01,-1.318998890185128836e+00
-1.187394236753909656e-02,0.000000000000000000e+00,2.301810192029239699e-01,6.952834516056727310e-01,1.436032445649127247e-18,7.187356411945231560e-01,1.436032445649127247e-18,-2.991340339331733933e-01,4.738596533932079406e-03,-1.340515391941799351e-03,2.669574024371288434e-01,4.025287318064692255e-02,-4.829884444562280651e-03,-2.991402161244233748e-01,6.149510460900549889e-03,-3.160767207096057407e-03,2.669654560441437341e-01,7.475777836158430112e-02,-6.839708816875571425e-03,1.889984179516947249e-03,3.987975852744286148e-03,-3.250702479467298400e-01,-1.456499488017097381e-02,1.584233552051002858e-01,-1.076386063942923604e-01,-1.035161115888442313e-01,1.245577452738108049e+00,1.291806090979880917e-01,1.321655683112088697e+00,-4.338034248428852130e-02,-9.274361879222288441e-02,1.961166143857633395e-02,-8.831022470314939254e-02,-1.643347576626883910e+00,1.368696656813569446e-01,-1.312781492057118804e+00
-1.122534879710447922e-02,0.000000000000000000e+00,2.276019375666621936e-01,6.941171560122126882e-01,1.576420215630096186e-18,7.198620518748836128e-01,1.576420215630096186e-18,-2.993114957532074238e-01,4.738696407006832458e-03,-1.341527878251858735e-03,2.673383683651383569e-01,4.004808238774368312e-02,-4.830284557029902032e-03,-2.993181473498224276e-01,6.149160764187627110e-03,-3.161973131733942545e-03,2.673470487677575558e-01,7.455301311620757265e-02,-6.839955660650580242e-03,1.892800873590769857e-03,3.995387535883159445e-03,-3.250991055009211927e-01,3.578933781999100745e-03,1.583333410524054019e-01,-1.093211878348016586e-01,-1.238306471242648782e-01,1.247805065170864314e+00,1.281761245819314499e-01,1.317440193132305870e+00,-2.553720511299022167e-02,-9.212345952863615350e-02,2.292672973664293401e-02,-1.094315370087711875e-01,-1.644199646754955557e+00,1.374503060804274923e-01,-1.306831369169320745e+00
-1.057675522666986188e-02,0.000000000000000000e+00,2.250228559304003895e-01,6.929490355525182999e-01,1.716803841129349942e-18,7.209865700044869596e-01,1.716803841129349942e-18,-2.994611318838246716e-01,4.738781744049775854e-03,-1.342382180364245278e-03,2.676606868074106749e-01,3.987431518850161755e-02,-4.830623259991280276e-03,-2.994681840827242980e-01,6.148866099498882451e-03,-3.162990150549232441e-03,2.676699061556461756e-01,7.437926235071404268e-02,-6.840164093345126907e-03,1.895115644415064447e-03,4.001762032110257883e-03,-3.251159148332820603e-01,2.173946007392368873e-02,1.582582733027276534e-01,-1.110099135469808235e-01,-1.438833519347965662e-01,1.249996813563825526e+00,1.270509145752085900e-01,1.313488114003494855e+00,-7.681523564785623648e-03,-9.150653758722807063e-02,2.623867041725766111e-02,-1.303051322462391581e-01,-1.645051692592826020e+00,1.380181921014947688e-01,-1.301150178878684116e+00
-9.928161656235244548e-03,0.000000000000000000e+00,2.224437742941386131e-01,6.917790932976359830e-01,1.857182953071386052e-18,7.221091926269189720e-01,1.857182953071386052e-18,-2.995830002141006143e-01,4.738852445674717612e-03,-1.343078561416839603e-03,2.679243543702496400e-01,3.973163244039800562e-02,-4.830900528103422055e-03,-2.995903838018558751e-01,6.148626329251685729e-03,-3.163818635673477497e-03,2.679340237938515612e-01,7.423658753069271865e-02,-6.840334161009746332e-03,1.896932617645692015e-03,4.007077472739344580e-03,-3.251215917064101957e-01,3.991822535947668615e-02,1.581996814597043943e-01,-1.127052852161302687e-01,-1.636735491695646139e-01,1.252152163185090261e+00,1.258064196351104114e-01,1.309801693830221270e+00,1.018943509673292218e-02,-9.089263002200038966e-02,2.954840705785171523e-02,-1.509312009636583074e-01,-1.645902463322629572e+00,1.385729528804753308e-01,-1.295739621717340473e+00
-9.279568085800627211e-03,0.000000000000000000e+00,2.198646926578768090e-01,6.906073323233936634e-01,1.997557182393553206e-18,7.232299167907573212e-01,1.997557182393553206e-18,-2.996771595055650050e-01,4.738908412962004879e-03,-1.343617289512677579e-03,2.681293695093054374e-01,3.962009401767316308e-02,-4.831116337961506753e-03,-2.996848048606013393e-01,6.148441314140009294e-03,-3.164458965162987060e-03,2.681393991206170169e-01,7.412504913872396128e-02,-6.840465910902596841e-03,1.898257442899142257e-03,4.011314246365565300e-03,-3.251170378146631679e-01,5.811695276889584927e-02,1.581591536395485498e-01,-1.144077095781683567e-01,-1.832006708282360175e-01,1.254270587101142365e+00,1.244440954628974055e-01,1.306383176098347976e+00,2.807850065599807460e-02,-9.028162724363832103e-02,3.285685478228339562e-02,-1.713099878896729156e-01,-1.646750608937277427e+00,1.391142024554689327e-01,-1.290601450102180303e+00
-8.630974515366009875e-03,0.000000000000000000e+00,2.172856110216150327e-01,6.894337557104111003e-01,2.137926160044810755e-18,7.243487395495608050e-01,2.137926160044810755e-18,-2.997436693909162897e-01,4.738949547460675864e-03,-1.343998637714143539e-03,2.682757325295937467e-01,3.953975881008289783e-02,-4.831270668099499691e-03,-2.997515064857169675e-01,6.148310913137384863e-03,-3.164911522990592960e-03,2.682860314264090551e-01,7.404470667312992860e-02,-6.840559391488413264e-03,1.899097131880253010e-03,4.014454999366596187e-03,-3.251031428946094537e-01,7.633744535021340372e-02,1.581383346334067908e-01,-1.161174948498738396e-01,-2.024642468241759363e-01,1.256351562264400590e+00,1.229654098652924188e-01,1.303234806378440025e+00,4.598859883521524278e-02,-8.967353450641828150e-02,3.616491606876810067e-02,-1.914417823740730551e-01,-1.647594675369358663e+00,1.396415438698905831e-01,-1.285737476565794735e+00
-7.982380944931392538e-03,0.000000000000000000e+00,2.147065293853532286e-01,6.882583665440715759e-01,2.278289516989055756e-18,7.254656579618957712e-01,2.278289516989055756e-18,-2.997825903727810437e-01,4.738975751190722778e-03,-1.344222884037509598e-03,2.683634455854210232e-01,3.949068472167933941e-02,-4.831363498991342147e-03,-2.997905487761209353e-01,6.148234983499500407e-03,-3.165176699037466380e-03,2.683739218539109017e-01,7.399561864674460143e-02,-6.840614652435285555e-03,1.899459903878564703e-03,4.016484640708695153e-03,-3.250807868775226206e-01,9.458158456309910533e-02,1.581389239414873471e-01,-1.178348472521165702e-01,-2.214638948365259541e-01,1.258394565566442136e+00,1.213718401281072973e-01,1.300358838634663394e+00,6.392275080986048463e-02,-8.906847331509580579e-02,3.947347665356606278e-02,-2.113269096403384006e-01,-1.648433099718103367e+00,1.401545735226623068e-01,-1.281149581538692628e+00
-7.333787374496775202e-03,0.000000000000000000e+00,2.121274477490914245e-01,6.870811679145276685e-01,2.418646884204578509e-18,7.265806690913327870e-01,2.418646884204578509e-18,-2.997939838224289999e-01,4.738986926644746765e-03,-1.344290311446592412e-03,2.683925126803766714e-01,3.947292866959412061e-02,-4.831394813049062244e-03,-2.998019927015974084e-01,6.148213380767795361e-03,-3.165254889085128160e-03,2.684030733979941297e-01,7.397784258566766913e-02,-6.840631744617355417e-03,1.899355037245559642e-03,4.017390351749844553e-03,-3.250508420903603923e-01,1.128513290775002148e-01,1.581626737826659634e-01,-1.195598676168998509e-01,-2.401993108948364541e-01,1.260399069854869047e+00,1.196648708000569994e-01,1.297757541149214378e+00,8.188407310615876400e-02,-8.846668276345320825e-02,4.278340152804992191e-02,-2.309657227739551622e-01,-1.649264205582625875e+00,1.406528857705416358e-01,-1.276839720706794967e+00
-6.685193804062156131e-03,0.000000000000000000e+00,2.095483661128296482e-01,6.859021629166930367e-01,2.558997892684833704e-18,7.276937700064516346e-01,2.558997892684833704e-18,-2.997779119784627078e-01,4.738982976790476719e-03,-1.344201207847207057e-03,2.683629396672068679e-01,3.948654658285066787e-02,-4.831364594626338070e-03,-2.997859001015000802e-01,6.148245958771992453e-03,-3.165146494806858005e-03,2.683734909056261775e-01,7.399143502808501471e-02,-6.840610720111367678e-03,1.898792725409614380e-03,4.017161601688191454e-03,-3.250141755128554411e-01,1.311487138389823004e-01,1.582113870825121449e-01,-1.212925480697171904e-01,-2.586702606437842888e-01,1.262364539912785633e+00,1.178459918875831153e-01,1.295433202067612033e+00,9.987577783710394064e-02,-8.786852081523589819e-02,4.609553102747009773e-02,-2.503585953761490179e-01,-1.650086198511259816e+00,1.411360777880331097e-01,-1.272809931962040952e+00
-6.036600233627540529e-03,0.000000000000000000e+00,2.069692844765678441e-01,6.847213546502231019e-01,2.699342173440934110e-18,7.288049577808615176e-01,2.699342173440934110e-18,-2.997344379455306740e-01,4.738963805072434615e-03,-1.343955866080804923e-03,2.682747342476883845e-01,3.953159340118585219e-02,-4.831272830015711714e-03,-2.997423336834791896e-01,6.148332569633439652e-03,-3.164851923759202153e-03,2.682851810757739819e-01,7.403645152307340715e-02,-6.840551632194596422e-03,1.897783935916162170e-03,4.015790169264326498e-03,-3.249716510993038709e-01,1.494758493616925032e-01,1.582869154418509450e-01,-1.230327687794447594e-01,-2.768765712391135780e-01,1.264290428400940192e+00,1.159166974643046771e-01,1.293388134565160774e+00,1.179011732331295137e-01,-8.727446553725684564e-02,4.941067701043162091e-02,-2.695059148179184128e-01,-1.650897161578687156e+00,1.416037546906993294e-01,-1.269062341957446716e+00
-5.388006663192935336e-03,0.000000000000000000e+00,2.043902028403061233e-01,6.835387462195184893e-01,2.839679357501150991e-18,7.299142294931978414e-01,2.839679357501150991e-18,-2.996636256929922082e-01,4.738929315414105656e-03,-1.343554583918370529e-03,2.681279059724950287e-01,3.960812307390424586e-02,-4.831119507450987519e-03,-2.996713570221444245e-01,6.148473063768254351e-03,-3.164371589373710884e-03,2.681381524592755805e-01,7.411294662942045919e-02,-6.840454535346695945e-03,1.896340270901795402e-03,4.013270171292137797e-03,-3.249241321745868216e-01,1.678349212082378694e-01,1.583911570870781549e-01,-1.247802947686914576e-01,-2.948181238294481088e-01,1.266176171763872649e+00,1.138784847016829777e-01,1.291624681629341742e+00,1.359636644223315982e-01,-8.668511629352471104e-02,5.272961912875375606e-02,-2.884080760342369598e-01,-1.651695051104641765e+00,1.420555349279963298e-01,-1.265599172271029138e+00
-4.739413092758319734e-03,0.000000000000000000e+00,2.018111212040443192e-01,6.823543407337122613e-01,2.980009075912446763e-18,7.310215822271329822e-01,2.980009075912446763e-18,-2.995655400535664481e-01,4.738879412219998248e-03,-1.342997664054268459e-03,2.679224662409729896e-01,3.971618855872830617e-02,-4.830904617106173901e-03,-2.995730345577319875e-01,6.148667289890275868e-03,-3.163705910947962625e-03,2.679324154586515960e-01,7.422097391448810588e-02,-6.840319485246152374e-03,1.894473827320067305e-03,4.009598098559013883e-03,-3.248724839151752586e-01,1.862281896137367443e-01,1.585260548024457761e-01,-1.265347727783443510e-01,-3.124948465821726917e-01,1.268021186102883391e+00,1.117328533305631255e-01,1.290145220446829555e+00,1.540667544131658906e-01,-8.610119490825987598e-02,5.605310118805782726e-02,-3.070654758029917053e-01,-1.652477692530475606e+00,1.424910559521050391e-01,-1.262422745175492356e+00
-4.090819522323702398e-03,0.000000000000000000e+00,1.992320395677825429e-01,6.811681413066611457e-01,3.120330959741499586e-18,7.321270130713853908e-01,3.120330959741499586e-18,-2.994402467219922093e-01,4.738814000377632868e-03,-1.342285414099965175e-03,2.676584283009422749e-01,3.985584182067012510e-02,-4.830628151097035930e-03,-2.994474315947682208e-01,6.148915095014329327e-03,-3.162855313636889470e-03,2.676679823279207171e-01,7.436058595306535568e-02,-6.840146538769575901e-03,1.892197055129067954e-03,4.004772859606484277e-03,-3.248175759268894236e-01,2.046579892084322283e-01,1.586935938433995941e-01,-1.282957281808903283e-01,-3.299067082148592345e-01,1.269824863020349248e+00,1.094813055465084090e-01,1.288952166377159703e+00,1.722140452295380653e-01,-8.552354680463444825e-02,5.938182760007020694e-02,-3.254785074575194392e-01,-1.653242776472670261e+00,1.429099801694723448e-01,-1.259535489002446385e+00
-3.442225951889085062e-03,0.000000000000000000e+00,1.966529579315207388e-01,6.799801510569385421e-01,3.260644640075572343e-18,7.332305191197262539e-01,3.260644640075572343e-18,-2.992878122536520302e-01,4.738732985259427703e-03,-1.341418146577445748e-03,2.673358072484355308e-01,4.002713383094232136e-02,-4.830290103479693668e-03,-2.992946143007014781e-01,6.149216324459551124e-03,-3.161820228444126545e-03,2.673448671723568926e-01,7.453183432625587468e-02,-6.839935753992642739e-03,1.889522611526643376e-03,3.998795832871953997e-03,-3.247602849324145446e-01,2.231267287897113760e-01,1.588957998287727214e-01,-1.300625619380787745e-01,-3.470537119970106832e-01,1.271586565441885419e+00,1.071253463752937785e-01,1.288047976487623592e+00,1.904092391442353260e-01,-8.495314212491734962e-02,6.271645992828067673e-02,-3.436475559857143369e-01,-1.653987854975669691e+00,1.433120011820218642e-01,-1.256939943080903621e+00
-2.793632381454465990e-03,0.000000000000000000e+00,1.940738762952589624e-01,6.787903731078261949e-01,3.400949748023429001e-18,7.343320974709862670e-01,3.400949748023429001e-18,-2.991083040631750678e-01,4.738636272725002367e-03,-1.340396178912857394e-03,2.669546200273896219e-01,4.023011456586551848e-02,-4.829890470251872042e-03,-2.991146497045149011e-01,6.149570821852218261e-03,-3.160601092212594627e-03,2.669630859482091667e-01,7.473476962038190508e-02,-6.839687190184653293e-03,1.886463209174597897e-03,3.991670927642299027e-03,-3.247014975828028116e-01,2.416368910899730493e-01,1.591347366081776182e-01,-1.318345475995763016e-01,-3.639358901901451060e-01,1.273305623425140976e+00,1.046664845185702464e-01,1.287435152615703515e+00,2.086561399514540172e-01,-8.439107683643612412e-02,6.605761352922813467e-02,-3.615729934725769312e-01,-1.654710337990186630e+00,1.436968503251206397e-01,-1.254638762219812964e+00
-2.145038811019850389e-03,0.000000000000000000e+00,1.914947946589971584e-01,6.775988105873035350e-01,3.541245914716694314e-18,7.354317452290671797e-01,3.541245914716694314e-18,-2.989017904230620859e-01,4.738523769122812875e-03,-1.339219833429938994e-03,2.665148854293624137e-01,4.046483300579054032e-02,-4.829429249354043156e-03,-2.989076056953577365e-01,6.149978429129552594e-03,-3.159198347615847779e-03,2.665226564624297856e-01,7.496944142588773952e-02,-6.839400907811737061e-03,1.883031456189224705e-03,3.983404654238013876e-03,-3.246421134085728522e-01,2.601910324814027398e-01,1.594125040992364628e-01,-1.336108283405553210e-01,-3.805532988973381325e-01,1.274981329966682786e+00,1.021062337036426626e-01,1.287116243916078151e+00,2.269586542126752204e-01,-8.383857382628413790e-02,6.940585429232798420e-02,-3.792551748466340134e-01,-1.655407490107495994e+00,1.440643035094420765e-01,-1.252634720693213799e+00
-1.496445240585233052e-03,0.000000000000000000e+00,1.889157130227353543e-01,6.764054666280471251e-01,3.681532771309837647e-18,7.365294595029406866e-01,3.681532771309837647e-18,-2.986683404622340055e-01,4.738395381292258464e-03,-1.337889437343162645e-03,2.660166240931458592e-01,4.073133713405115153e-02,-4.828906440665996745e-03,-2.986735510211045996e-01,6.150438986542594404e-03,-3.157612443148735334e-03,2.660235983723182596e-01,7.523589833628883949e-02,-6.839076968532429961e-03,1.879239685482118546e-03,3.974006203811344083e-03,-3.245830479273795754e-01,2.787917825522428505e-01,1.597312360873486548e-01,-1.353904140376339105e-01,-3.969060132965352428e-01,1.276612936821510003e+00,9.944611456549098949e-02,1.287093848838781307e+00,2.453207924020829322e-01,-8.329698398599873210e-02,7.276169548177201241e-02,-3.966944338942385295e-01,-1.656076427585289057e+00,1.444141883737857235e-01,-1.250930715673940430e+00
-8.478516701506122466e-04,0.000000000000000000e+00,1.863366313864735502e-01,6.752103443674121186e-01,3.821809948982356596e-18,7.376252374066663009e-01,3.821809948982356596e-18,-2.984080241646337450e-01,4.738251016565881227e-03,-1.336405322751331665e-03,2.654598585043988490e-01,4.102967393593034973e-02,-4.828322046011359996e-03,-2.984125552869635878e-01,6.150952332659578164e-03,-3.155843833118018339e-03,2.654659331851678128e-01,7.553418794711967699e-02,-6.838715435198300559e-03,1.875099770820002959e-03,3.963487538102844314e-03,-3.245252359268677722e-01,2.974418434814590229e-01,1.600930979784195851e-01,-1.371721783843528331e-01,-4.129941232350513580e-01,1.278199650353349481e+00,9.668765709368726258e-02,1.287370616473330287e+00,2.637466698679915011e-01,-8.276778728541660246e-02,7.612559468467304524e-02,-4.138910795090528505e-01,-1.656714115706491963e+00,1.447463917556509605e-01,-1.249529770047536070e+00
-1.992580997159966449e-04,0.000000000000000000e+00,1.837575497502117738e-01,6.740134469474290402e-01,3.962077078939208008e-18,7.387190760593943528e-01,3.962077078939208008e-18,-2.967059567299998868e-01,4.737286330882503095e-03,-1.326690936689396347e-03,2.617993829956500318e-01,4.300042254408407982e-02,-4.824476482933573625e-03,-2.967059567299998868e-01,6.154305126327436030e-03,-3.144276505901493542e-03,2.617993829956500318e-01,7.750472236411277971e-02,-6.836346140805756900e-03,1.849534514881427108e-03,3.894717071273974367e-03,-3.242895019816425806e-01,3.180889148729020288e-01,1.622126274884039265e-01,-1.391638744383708326e-01,-4.151002265172593630e-01,1.277575940044729519e+00,8.830569885023478727e-02,1.302837750431750541e+00,2.845899990698806392e-01,-8.270407599979905100e-02,7.971647592416618300e-02,-4.181347358361025557e-01,-1.656294750485179490e+00,1.442312043999315618e-01,-1.263543589753545859e+00
4.493354707186189567e-04,0.000000000000000000e+00,1.811784681139499975e-01,6.728147775147994558e-01,4.102333792411288697e-18,7.398109725853698748e-01,4.102333792411288697e-18,-2.967059567299998868e-01,4.737286330882503095e-03,-1.326690936689396347e-03,2.617993829956500318e-01,4.300042254408407982e-02,-4.824476482933573625e-03,-2.967059567299998868e-01,6.154305126327436030e-03,-3.144276505901493542e-03,2.617993829956500318e-01,7.750472236411277971e-02,-6.836346140805756900e-03,1.849534514881427108e-03,3.894717071273974367e-03,-3.242895019816425806e-01,3.364495157713031648e-01,1.623162358714640430e-01,-1.408889989995392722e-01,-4.336924929916529114e-01,1.279539043868235693e+00,8.659800898997147001e-02,1.300462854297473880e+00,3.026883926242387446e-01,-8.212022369456563331e-02,8.305678656929077475e-02,-4.376619875075829502e-01,-1.657050259617699917e+00,1.447092482067509345e-01,-1.259454124044023793e+00
1.097929041153238028e-03,0.000000000000000000e+00,1.785993864776881934e-01,6.716143392208785423e-01,4.242579720657469225e-18,7.409009241139483670e-01,4.242579720657469225e-18,-2.967059567299998868e-01,4.737286330882503095e-03,-1.326690936689396347e-03,2.617993829956500318e-01,4.300042254408407982e-02,-4.824476482933573625e-03,-2.967059567299998868e-01,6.154305126327436030e-03,-3.144276505901493542e-03,2.617993829956500318e-01,7.750472236411277971e-02,-6.836346140805756900e-03,1.849534514881427108e-03,3.894717071273974367e-03,-3.242895019816425806e-01,3.548101166697043007e-01,1.624198442545241594e-01,-1.426141235607077118e-01,-4.522847594660464043e-01,1.281502147691742088e+00,8.489031912970815275e-02,1.298087958163197442e+00,3.207867861785968500e-01,-8.153637138933221562e-02,8.639709721441536650e-02,-4.571892391790632337e-01,-1.657805768750220343e+00,1.451872920135703071e-01,-1.255364658334501726e+00
1.746522611587857099e-03,0.000000000000000000e+00,1.760203048414263893e-01,6.704121352216754204e-01,4.382814494964556920e-18,7.419889277795956861e-01,4.382814494964556920e-18,-2.967059567299998868e-01,4.737286330882503095e-03,-1.326690936689396347e-03,2.617993829956500318e-01,4.300042254408407982e-02,-4.824476482933573625e-03,-2.967059567299998868e-01,6.154305126327436030e-03,-3.144276505901493542e-03,2.617993829956500318e-01,7.750472236411277971e-02,-6.836346140805756900e-03,1.849534514881427108e-03,3.894717071273974367e-03,-3.242895019816425806e-01,3.731707175681054922e-01,1.625234526375842758e-01,-1.443392481218761514e-01,-4.708770259404398972e-01,1.283465251515248262e+00,8.318262926944482161e-02,1.295713062028921003e+00,3.388851797329550108e-01,-8.095251908409879793e-02,8.973740785953997212e-02,-4.767164908505437393e-01,-1.658561277882740770e+00,1.456653358203896798e-01,-1.251275192624979660e+00
2.395116182022470966e-03,0.000000000000000000e+00,1.734412232051646130e-01,6.692081686778391658e-01,0.000000000000000000e+00,7.430749807219005909e-01,0.000000000000000000e+00,-2.967059567299998868e-01,4.737286330882503095e-03,-1.326690936689396347e-03,2.617993829956500318e-01,4.300042254408407982e-02,-4.824476482933573625e-03,-2.967059567299998868e-01,6.154305126327436030e-03,-3.144276505901493542e-03,2.617993829956500318e-01,7.750472236411277971e-02,-6.836346140805756900e-03,1.849534514881427108e-03,3.894717071273974367e-03,-3.242895019816425806e-01,3.915313184665065172e-01,1.626270610206443923e-01,-1.460643726830445910e-01,-4.894692924148334456e-01,1.285428355338754658e+00,8.147493940918150435e-02,1.293338165894644565e+00,3.569835732873132272e-01,-8.036866677886538024e-02,9.307771850466456387e-02,-4.962437425220241893e-01,-1.659316787015261196e+00,1.461433796272090524e-01,-1.247185726915457593e+00
1.746522611587853413e-03,0.000000000000000000e+00,1.760203048414264171e-01,6.704121352216754204e-01,4.382814494964556920e-18,7.419889277795956861e-01,4.382814494964556920e-18,-2.980559882407780581e-01,4.736086686403933287e-03,-1.333396089899286079e-03,2.646854670835186440e-01,4.146431732675391613e-02,-4.825149254271027775e-03,-2.980583398304662568e-01,6.150784930176280037e-03,-3.153014338123804119e-03,2.646893762520157178e-01,7.596705858588588545e-02,-6.837194196260883844e-03,1.862876790436185544e-03,3.931946886054178344e-03,-3.246473485205773613e-01,3.736126129741369484e-01,1.474467915509097837e-01,-1.316664294706148264e-01,-4.724271588332671357e-01,1.291590868924995528e+00,6.777516552455339904e-02,1.285935071827455145e+00,3.376232890168404666e-01,-8.228052147027292706e-02,9.106442889477454894e-02,-4.790215860729496455e-01,-1.658258730910065593e+00,1.480630550505257215e-01,-1.245814310219165888e+00
1.097929041153235859e-03,0.000000000000000000e+00,1.785993864776881934e-01,6.716143392208785423e-01,4.242579720657469225e-18,7.409009241139483670e-01,4.242579720657469225e-18,-2.993147044752416663e-01,4.734952525450306267e-03,-1.339643306582101673e-03,2.673746796718458607e-01,4.003384481321192734e-02,-4.825766974501226672e-03,-2.993191988438006490e-01,6.147496734384526838e-03,-3.161160632679432814e-03,2.673821289235476795e-01,7.453517730834224864e-02,-6.837990079911224726e-03,1.853474552666602724e-03,3.906310502589237232e-03,-3.243578564505762984e-01,3.562526518522023955e-01,1.279572657344817954e-01,-1.138157782505406640e-01,-4.613313092953648109e-01,1.300791596762425284e+00,4.989005399789006590e-02,1.275283727985477622e+00,3.187189584964896794e-01,-8.371519557864835759e-02,8.859970700190357429e-02,-4.676484453075827608e-01,-1.657615391372460723e+00,1.490750580656708402e-01,-1.242516033129395625e+00
4.493354707186185230e-04,0.000000000000000000e+00,1.811784681139499975e-01,6.728147775147994558e-01,4.102333792411288697e-18,7.398109725853698748e-01,4.102333792411288697e-18,-3.004633559158342293e-01,4.733923694359373942e-03,-1.345350573367893243e-03,2.698273651243404125e-01,3.872979791668885313e-02,-4.826346451846042808e-03,-3.004697915278756182e-01,6.144499372519920607e-03,-3.168598668297604656e-03,2.698379981257034155e-01,7.322988247982789578e-02,-6.838731144330178688e-03,1.853934324507319461e-03,3.908367497189375005e-03,-3.244021960941751437e-01,3.368526322047880051e-01,1.314751634081004206e-01,-1.156398801174019220e-01,-4.481026124627878193e-01,1.297982801840890321e+00,5.888484299171960895e-02,1.273315744169229324e+00,2.998877548317722685e-01,-8.305447194786731713e-02,8.424729097943019218e-02,-4.527669425421204652e-01,-1.657766573365969665e+00,1.475001462115302364e-01,-1.241040831250721510e+00
-1.992580997159992470e-04,0.000000000000000000e+00,1.837575497502117738e-01,6.740134469474290402e-01,3.962077078939208008e-18,7.387190760593943528e-01,3.962077078939208008e-18,-3.015118397940165784e-01,4.732983849301139467e-03,-1.350562388659950173e-03,2.720647120005104114e-01,3.754092277687155754e-02,-4.826881348720917474e-03,-3.015200256299733206e-01,6.141763645239338258e-03,-3.175390151601396090e-03,2.720781959950212547e-01,7.203990168742112343e-02,-6.839416823950120010e-03,1.852004392667701066e-03,3.907701542125131648e-03,-3.244499468432830436e-01,3.175599523752338227e-01,1.348761295040519781e-01,-1.173277194479783597e-01,-4.344452248269276007e-01,1.295088858563613554e+00,6.748134723920275191e-02,1.271794205168617964e+00,2.811716264454514058e-01,-8.253127785784220016e-02,7.998971034265432711e-02,-4.374549785642083410e-01,-1.657820717273178701e+00,1.460438384069344397e-01,-1.240093151273389926e+00
-8.478516701506165834e-04,0.000000000000000000e+00,1.863366313864735779e-01,6.752103443674112304e-01,3.821809948982449040e-18,7.376252374066670781e-01,3.821809948982449040e-18,-3.024626254932604175e-01,4.732130762281803842e-03,-1.355290319993005931e-03,2.740921345911895290e-01,3.646427509812170953e-02,-4.827371071974025270e-03,-3.024723785996581427e-01,6.139282999213132620e-03,-3.181550499276414919e-03,2.741081542341574639e-01,7.096228117939190616e-02,-6.840046188144684527e-03,1.851735900625146045e-03,3.907601861014414410e-03,-3.244598989901660846e-01,2.984306741703071086e-01,1.372845785227108650e-01,-1.181300864367731962e-01,-4.206170738381348473e-01,1.292622173750352044e+00,7.470247276984343099e-02,1.270301224855486577e+00,2.625355229621711417e-01,-8.234283118361773735e-02,7.600881362188917356e-02,-4.221198605895777889e-01,-1.657709563615592074e+00,1.449453987207381944e-01,-1.239442980612243783e+00
-1.496445240585233920e-03,0.000000000000000000e+00,1.889157130227353543e-01,6.764054666280471251e-01,3.681532771309837647e-18,7.365294595029406866e-01,3.681532771309837647e-18,-3.033176885716122873e-01,4.731362856996500915e-03,-1.359543667537880174e-03,2.759139998308387520e-01,3.549746310119191589e-02,-4.827815249260312969e-03,-3.033288332513475738e-01,6.137052271218344270e-03,-3.187092039085682484e-03,2.759322554422846685e-01,6.999462081286395021e-02,-6.840618392993541921e-03,1.851404505397435344e-03,3.907362267942436629e-03,-3.244692064823401223e-01,2.793860953959936277e-01,1.396911711930395594e-01,-1.188958548265695719e-01,-4.063692620572563752e-01,1.290033949490163367e+00,8.167352936056225532e-02,1.269273138075423857e+00,2.439960138389166144e-01,-8.224902087441793297e-02,7.209348907034258958e-02,-4.064077600765186316e-01,-1.657523881887766226e+00,1.439169472297233965e-01,-1.239273085398825414e+00
-2.145038811019851256e-03,0.000000000000000000e+00,1.914947946589971584e-01,6.775988105873035350e-01,3.541245914716694314e-18,7.354317452290671797e-01,3.541245914716694314e-18,-3.040788074602562285e-01,4.730678652297420385e-03,-1.363330782040139515e-03,2.775342573923881284e-01,3.463831552667424873e-02,-4.828213504230832905e-03,-3.040911743295653391e-01,6.135066786683815096e-03,-3.192025859065557216e-03,2.775544629637384242e-01,6.913474195934934952e-02,-6.841132693486018379e-03,1.851051063727591605e-03,3.906941725372171763e-03,-3.244778221932830831e-01,2.604249330096227166e-01,1.420923287755459785e-01,-1.196278493457011288e-01,-3.917034301760867199e-01,1.287323033419026430e+00,8.839152023533208835e-02,1.268706281033541217e+00,2.255502588472163839e-01,-8.224564544757476114e-02,6.824326843919904795e-02,-3.903197394579128177e-01,-1.657265812962621654e+00,1.429558970922069350e-01,-1.239578625525514122e+00
-2.793632381454469460e-03,0.000000000000000000e+00,1.940738762952589624e-01,6.787903731078261949e-01,3.400949748023429001e-18,7.343320974709862670e-01,3.400949748023429001e-18,-3.047475177073079022e-01,4.730076875746912213e-03,-1.366658870477323014e-03,2.789563424123773228e-01,3.388493279934649133e-02,-4.828565507669340534e-03,-3.047609429219810262e-01,6.133322509055181768e-03,-3.196361525543359693e-03,2.789782239624885585e-01,6.838073854177020849e-02,-6.841588431342877225e-03,1.850675650019613415e-03,3.906325511179584327e-03,-3.244858772817259540e-01,2.415437673544419406e-01,1.444838758251987820e-01,-1.203281630079450215e-01,-3.766201538825974526e-01,1.284489044977778383e+00,9.485327932327589084e-02,1.268596189294387999e+00,2.071925025768387441e-01,-8.232786506774220081e-02,6.445636480601361906e-02,-3.738555279648164142e-01,-1.656937869380560313e+00,1.420586407747573277e-01,-1.240354014835816088e+00
-3.442225951889085929e-03,0.000000000000000000e+00,1.966529579315207388e-01,6.799801510569385421e-01,3.260644640075572343e-18,7.332305191197262539e-01,3.260644640075572343e-18,-3.053251364969901682e-01,4.729556434686299320e-03,-1.369534110437254986e-03,2.801832274925518673e-01,3.323565957540209476e-02,-4.828870969088669418e-03,-3.053394610602214732e-01,6.131815971598193922e-03,-3.200107237893291216e-03,2.802065215974136603e-01,6.773094948478546040e-02,-6.841985029677080318e-03,1.850116739565023762e-03,3.905685999528550525e-03,-3.244930912934769762e-01,2.227443483587606965e-01,1.468623330265013960e-01,-1.209991442074696832e-01,-3.611215334249413544e-01,1.281531544761253860e+00,1.010549852125834785e-01,1.268940421043533995e+00,1.889196036727548988e-01,-8.249236435350230934e-02,6.073315173929740018e-02,-3.570156857569870557e-01,-1.656541901429689378e+00,1.412234853329724926e-01,-1.241594739708266060e+00
-4.090819522323704133e-03,0.000000000000000000e+00,1.992320395677825429e-01,6.811681413066611457e-01,3.120330959741499586e-18,7.321270130713853908e-01,3.120330959741499586e-18,-3.058123711917655196e-01,4.729117221175803930e-03,-1.371959935057986187e-03,2.812165910560548987e-01,3.268952282454925390e-02,-4.829129975520183443e-03,-3.058274405931969420e-01,6.130545494424006342e-03,-3.203267394643707563e-03,2.812410440214335727e-01,6.718439681447008205e-02,-6.842321950194393820e-03,1.848010351236514023e-03,3.914557294450358126e-03,-3.247773210427307156e-01,2.038840347099095118e-01,1.497961504060115745e-01,-1.219881395197099649e-01,-3.428259166187997420e-01,1.277909774042248703e+00,1.072381206487886124e-01,1.270784335487985750e+00,1.706592503806190486e-01,-8.276449790760717629e-02,5.712290251075095165e-02,-3.373076823768444421e-01,-1.655933049501841836e+00,1.405711012274307170e-01,-1.244253615465246376e+00
-4.739413092758320602e-03,0.000000000000000000e+00,2.018111212040443192e-01,6.823543407337122613e-01,2.980009075912446763e-18,7.310215822271329822e-01,2.980009075912446763e-18,-3.062110394438233296e-01,4.728756663654062886e-03,-1.373944597908556857e-03,2.820604712880753207e-01,3.224430682656808517e-02,-4.829341555870593494e-03,-3.062267022508978753e-01,6.129505869641221384e-03,-3.205853297520832017e-03,2.820858363481437703e-01,6.673886019918279233e-02,-6.842598848044004027e-03,1.846380657410526304e-03,3.912673208549822569e-03,-3.247875721118023695e-01,1.852101610814006760e-01,1.520881481030565974e-01,-1.225717805988899428e-01,-3.265065626068854310e-01,1.274725757272081594e+00,1.128611179721457636e-01,1.271995361552570980e+00,1.525106727055874078e-01,-8.307048060878993723e-02,5.350808319803392749e-02,-3.197071345151453192e-01,-1.655412205411143090e+00,1.398374079820744187e-01,-1.246404504888506626e+00
-5.388006663192938805e-03,0.000000000000000000e+00,2.043902028403061233e-01,6.835387462195184893e-01,2.839679357501150991e-18,7.299142294931978414e-01,2.839679357501150991e-18,-3.065216831912399575e-01,4.728474536371559019e-03,-1.375490687781650038e-03,2.827161975500811497e-01,3.189922336310332951e-02,-4.829505688076412249e-03,-3.065377913223863438e-01,6.128695742705835177e-03,-3.207868307149806895e-03,2.827422352854202514e-01,6.639354754059319241e-02,-6.842815347264918566e-03,1.844958403701505443e-03,3.910182019296683936e-03,-3.247957859193247865e-01,1.665957755852328637e-01,1.543525963450764482e-01,-1.231297883050639780e-01,-3.097808308006607669e-01,1.271425571372568619e+00,1.182166286393011717e-01,1.273640271900465804e+00,1.344272672267149971e-01,-8.344768575278081746e-02,4.995208230037813391e-02,-3.017379170545335110e-01,-1.654829246313911373e+00,1.391576301387447978e-01,-1.249003311400504579e+00
-6.036600233627542264e-03,0.000000000000000000e+00,2.069692844765678441e-01,6.847213546502231019e-01,2.699342173440934110e-18,7.288049577808615176e-01,2.699342173440934110e-18,-3.067452337737820445e-01,4.728269619647304176e-03,-1.376602451366659100e-03,2.831859274884523381e-01,3.165304829215558752e-02,-4.829621908452695102e-03,-3.067616417417547425e-01,6.128112466932269554e-03,-3.209318204469207691e-03,2.832124043000837643e-01,6.614723112331812038e-02,-6.842971191203112147e-03,1.842912289452128651e-03,3.907914912085989380e-03,-3.248014318105977294e-01,1.480509433695405552e-01,1.565863389515538828e-01,-1.236630100838863461e-01,-2.926517708875547297e-01,1.268010123925571886e+00,1.232989449148864380e-01,1.275719203478227426e+00,1.163999452604089074e-01,-8.389297800865085086e-02,4.645495630271297832e-02,-2.833978086341953362e-01,-1.654186622398142070e+00,1.385298694521500118e-01,-1.252044661899772704e+00
-6.685193804062159600e-03,0.000000000000000000e+00,2.095483661128296482e-01,6.859021629166930367e-01,2.558997892684833704e-18,7.276937700064516346e-01,2.558997892684833704e-18,-3.068776610735723387e-01,4.728150523282959039e-03,-1.377262294844231903e-03,2.834612799343853018e-01,3.151011013325281246e-02,-4.829693835775265322e-03,-3.068942284918404484e-01,6.127768675761824553e-03,-3.210177898128220055e-03,2.834879726499655583e-01,6.600423769989445522e-02,-6.843065723579693296e-03,1.845000281417353465e-03,3.912060350377967281e-03,-3.248863311209441718e-01,1.297387530931322086e-01,1.568143055943146957e-01,-1.221608627057281515e-01,-2.742250758845334313e-01,1.265869195198414232e+00,1.256026801619439248e-01,1.277851155775522329e+00,9.843597447869965877e-02,-8.432285713137623040e-02,4.294384662096579347e-02,-2.640467429408615563e-01,-1.653512477780767265e+00,1.378739174809198720e-01,-1.255785990749227254e+00
-7.333787374496776937e-03,0.000000000000000000e+00,2.121274477490914245e-01,6.870811679145291118e-01,2.418646884204405946e-18,7.265806690913314547e-01,2.418646884204405946e-18,-3.069208603419442127e-01,4.728113682163698726e-03,-1.377478599061631804e-03,2.835464622069571172e-01,3.146810577181910484e-02,-4.829719976978617477e-03,-3.069374468593791261e-01,6.127658573748775289e-03,-3.210459156739189478e-03,2.835731482258905811e-01,6.596226220395821904e-02,-6.843098937679671472e-03,1.833431373472073096e-03,3.907072539612852814e-03,-3.249957813084498603e-01,1.114557836499729809e-01,1.570541099612863256e-01,-1.206348594055424439e-01,-2.553350098275221636e-01,1.263670945656209632e+00,1.276976075093564089e-01,1.280412170486959544e+00,8.046149910783964576e-02,-8.480607921467582522e-02,3.947618629833637288e-02,-2.437977049213391201e-01,-1.652758858283690513e+00,1.372634486547754662e-01,-1.260087056579503262e+00
-7.982380944931394273e-03,0.000000000000000000e+00,2.147065293853532286e-01,6.882583665440715759e-01,2.278289516989055756e-18,7.254656579618957712e-01,2.278289516989055756e-18,-3.068737582970694211e-01,4.728161323918374584e-03,-1.377246653621481097e-03,2.834393764818580741e-01,3.152805424647642935e-02,-4.829701233288696133e-03,-3.068902248897258933e-01,6.127785469845577551e-03,-3.210155276495849346e-03,2.834658361000766957e-01,6.602232296447609061e-02,-6.843070622524876842e-03,1.836965091343544573e-03,3.912740320152896870e-03,-3.251600449537445647e-01,9.310330513879767900e-02,1.573640578369708554e-01,-1.191248304945856373e-01,-2.351305940905984992e-01,1.261304696573001927e+00,1.295658986048401351e-01,1.283615465109418263e+00,6.246618831905597496e-02,-8.534391222675402622e-02,3.604852795694393763e-02,-2.227779361459766294e-01,-1.651961608576154594e+00,1.367042080090566658e-01,-1.264891742967033217e+00
-8.630974515366011610e-03,0.000000000000000000e+00,2.172856110216150327e-01,6.894337557104111003e-01,2.137926160044810755e-18,7.243487395495608050e-01,2.137926160044810755e-18,-3.067345935525546685e-01,4.728296857075930948e-03,-1.376558671546663278e-03,2.831364641866737641e-01,3.169174454430224303e-02,-4.829638972557115384e-03,-3.067508017850538726e-01,6.128154716508426615e-03,-3.209255265863276540e-03,2.831624789489677885e-01,6.618620957916837577e-02,-6.842980583226848136e-03,1.840314913447072768e-03,3.918087061013828323e-03,-3.253242262390100281e-01,7.481100632651942195e-02,1.576655740367234049e-01,-1.175803222099694317e-01,-2.145362029940151016e-01,1.258884726649549979e+00,1.311873842168021498e-01,1.287252461768683132e+00,4.452243158555060920e-02,-8.593325198905192586e-02,3.267004231470072018e-02,-2.013967575029830537e-01,-1.651115301995412343e+00,1.361813404268731598e-01,-1.270142749719851860e+00
-9.279568085800630681e-03,0.000000000000000000e+00,2.198646926578768090e-01,6.906073323233936634e-01,1.997557182393553206e-18,7.232299167907573212e-01,1.997557182393553206e-18,-3.065007223435405326e-01,4.728525247718434223e-03,-1.375402929741335748e-03,2.826322933661855052e-01,3.196195294367162876e-02,-4.829535182832947818e-03,-3.065165333572480999e-01,6.128774305336308348e-03,-3.207742633515657440e-03,2.826576438131168656e-01,6.645670073468426531e-02,-6.842828627214168208e-03,1.844780724596413761e-03,3.921855099296581507e-03,-3.254923785709444295e-01,5.645843738953942176e-02,1.579506510999824087e-01,-1.159967863660758963e-01,-1.935205706954815086e-01,1.256417781931911559e+00,1.325765229276464063e-01,1.291294585728916866e+00,2.653448343979377885e-02,-8.657157958657382690e-02,2.932544805721863310e-02,-1.796261015247120063e-01,-1.650224377275580689e+00,1.356932418518310146e-01,-1.275817934323609348e+00
-9.928161656235246282e-03,0.000000000000000000e+00,2.224437742941386131e-01,6.917790932976359830e-01,1.857182953071386052e-18,7.221091926269189720e-01,1.857182953071386052e-18,-3.061683939430615009e-01,4.728853442901246804e-03,-1.373762770288832012e-03,2.819190817412873251e-01,3.234269419678783425e-02,-4.829392640389459403e-03,-3.061836670348412337e-01,6.129655550855936733e-03,-3.205593985554992288e-03,2.819435442621461285e-01,6.683781603216311373e-02,-6.842614550232340928e-03,1.847940209842105887e-03,3.926195835885191304e-03,-3.256620717613852301e-01,3.811272051065623528e-02,1.582212124014794608e-01,-1.143763900244383347e-01,-1.720919881737588697e-01,1.253904382116836302e+00,1.337240456831941815e-01,1.295754366318737860e+00,8.512315418846795254e-03,-8.725739628605568010e-02,2.601983060161193462e-02,-1.574619166084451627e-01,-1.649290069686219828e+00,1.352396625030172495e-01,-1.281917695694842152e+00
-1.057675522666986362e-02,0.000000000000000000e+00,2.250228559304003895e-01,6.929490355525182999e-01,1.716803841129349942e-18,7.209865700044869596e-01,1.716803841129349942e-18,-3.057325320529948320e-01,4.729290756266048626e-03,-1.371615616308969211e-03,2.809862326035785784e-01,3.283946589897750873e-02,-4.829215049527550013e-03,-3.057471226970804312e-01,6.130813745163477511e-03,-3.202777655954667721e-03,2.810095750963234607e-01,6.733506112675839705e-02,-6.842338123215387438e-03,1.853108256002531035e-03,3.928312416270036446e-03,-3.258324786276109997e-01,1.972893796158911930e-02,1.584738174861659854e-01,-1.127202294664979149e-01,-1.502331562121850816e-01,1.251349394406195970e+00,1.346312794961724013e-01,1.300624862593505515e+00,-9.499247137384501938e-03,-8.798798577976599256e-02,2.275131935766920577e-02,-1.349075602859845791e-01,-1.648307620319401812e+00,1.348163485613537160e-01,-1.288454730882456989e+00
-1.122534879710448096e-02,0.000000000000000000e+00,2.276019375666621936e-01,6.941171560122126882e-01,1.576420215630096186e-18,7.198620518748836128e-01,1.576420215630096186e-18,-3.051866052888728698e-01,4.729849021808793866e-03,-1.368932353413225989e-03,2.798200602646371271e-01,3.345939296265348917e-02,-4.829007052095398052e-03,-3.052003624886389654e-01,6.132268514334221661e-03,-3.199252882289325452e-03,2.798420364117143455e-01,6.795557293860812753e-02,-6.841999076862730240e-03,1.854533233891116116e-03,3.930622281628028125e-03,-3.260165039009034760e-01,1.098868201011220062e-03,1.586998537112285224e-01,-1.110129848795238239e-01,-1.278761045774371163e-01,1.248755216656994405e+00,1.353188786449126269e-01,1.305874177387124968e+00,-2.784371221427051762e-02,-8.876369260668966199e-02,1.949137076879493488e-02,-1.117501503945289298e-01,-1.647287742838071667e+00,1.344304181143724519e-01,-1.295387254252964970e+00
-1.187394236753910003e-02,0.000000000000000000e+00,2.301810192029239976e-01,6.952834516056727310e-01,1.436032445649127247e-18,7.187356411945231560e-01,1.436032445649127247e-18,-3.045227498845685665e-01,4.730542117562125740e-03,-1.365677755230481488e-03,2.784040520021843768e-01,3.421108954665056517e-02,-4.828773879745331017e-03,-3.045355128644920972e-01,6.134043340457600094e-03,-3.194970526418805783e-03,2.784243943240018448e-01,6.870798187472695884e-02,-6.841597061255460382e-03,1.850158616504562212e-03,3.929826156437814071e-03,-3.262647086954442721e-01,-1.759511666654714479e-02,1.589303701968908522e-01,-1.092759024387300743e-01,-1.039194157097364513e-01,1.246071321412630439e+00,1.357257613397010731e-01,1.311690531178106189e+00,-4.627636853272327350e-02,-8.957132960581176695e-02,1.624616750301463228e-02,-8.668826748700900198e-02,-1.646190660634478053e+00,1.340736636349126598e-01,-1.302958945792775713e+00
-1.252253593797371563e-02,0.000000000000000000e+00,2.327601008391857740e-01,6.964479192666598317e-01,1.295640900271589104e-18,7.176073409247846202e-01,1.295640900271589104e-18,-3.037324346328419966e-01,4.731384080838885002e-03,-1.361813120854534409e-03,2.767202838333683856e-01,3.510391366940758540e-02,-4.828520151400598863e-03,-3.037440291385331004e-01,6.136163264551049504e-03,-3.189877099346475741e-03,2.767386964614533262e-01,6.960166539425959031e-02,-6.841131492209333483e-03,1.858570961427001523e-03,3.929965466477652186e-03,-3.265288107759193315e-01,-3.678050508004847285e-02,1.591275457629325318e-01,-1.074736509307196719e-01,-7.904667860434259896e-02,1.243323834267254790e+00,1.358737877162482510e-01,1.317953560134996094e+00,-6.508421706182894451e-02,-9.042611758231620944e-02,1.298363976308747510e-02,-6.125770116665603393e-02,-1.645046965982541298e+00,1.337446177636965883e-01,-1.310942052511444578e+00
-1.317112950840833296e-02,0.000000000000000000e+00,2.353391824754475503e-01,6.976105559337260065e-01,1.155245948594394205e-18,7.164771540320303833e-01,1.155245948594394205e-18,-3.028081443857925659e-01,4.732384314011343907e-03,-1.357302926691066449e-03,2.747530056605211879e-01,3.614608081123914934e-02,-4.828246717884929901e-03,-3.028183792490464765e-01,6.138649053726787271e-03,-3.183924926700310108e-03,2.747691591936224920e-01,7.064485741922572892e-02,-6.840601004948235371e-03,1.864448212611725421e-03,3.931963726448491764e-03,-3.267848621546512455e-01,-5.625767112293605932e-02,1.592887157860239933e-01,-1.055843265937551900e-01,-5.378896319752588667e-02,1.240518451444667436e+00,1.357434429029769629e-01,1.324652753115728610e+00,-8.431708199512770452e-02,-9.133072697150662611e-02,9.686147462986327214e-03,-3.544400758748343649e-02,-1.643837466397922942e+00,1.334358246223290856e-01,-1.319375364832269693e+00
-1.381972307884295377e-02,0.000000000000000000e+00,2.379182641117093544e-01,6.987713585502451918e-01,1.014847959722435283e-18,7.153450834875743070e-01,1.014847959722435283e-18,-3.017468091789466400e-01,4.733536983066898712e-03,-1.352127942658196353e-03,2.724959501341796542e-01,3.734082121950092065e-02,-4.827943142615712113e-03,-3.017554741535294904e-01,6.141504942264325480e-03,-3.177092648717563892e-03,2.725094831408658713e-01,7.184079484938572790e-02,-6.840001744786137344e-03,1.875530037590130480e-03,3.930660491777776371e-03,-3.269974197746230993e-01,-7.596135925901559283e-02,1.594269451309309193e-01,-1.035878566985190541e-01,-2.812853448679189516e-02,1.237605536232062597e+00,1.352644827690650253e-01,1.331917546324981716e+00,-1.036026083897941957e-01,-9.229900423341368121e-02,6.313804378464037137e-03,-9.269059750915756291e-03,-1.642507118693762980e+00,1.331285326195093544e-01,-1.328447173870827447e+00
-1.446831664927756937e-02,0.000000000000000000e+00,2.404973457479711585e-01,6.999303240644251245e-01,8.744473027671256894e-19,7.142111322676711893e-01,8.744473027671256894e-19,-3.005560126603047943e-01,4.734799162167713758e-03,-1.346307672792860198e-03,2.699655815561055605e-01,3.867942313358820744e-02,-4.827570850029720001e-03,-3.005628783620274969e-01,6.144695246152032282e-03,-3.169421739570261326e-03,2.699761161527773345e-01,7.318073715821896141e-02,-6.839322670380582753e-03,1.882893022429117224e-03,3.930439833029517743e-03,-3.271320866358039536e-01,-9.734411292193204113e-02,1.595366696536865136e-01,-1.014114615692952026e-01,-1.860084132536091173e-03,1.234507893482515772e+00,1.344613546819416472e-01,1.339780761975545520e+00,-1.248176806225926028e-01,-9.338376490165482824e-02,2.741736765047075430e-03,1.753826619581957263e-02,-1.641042208109401823e+00,1.328728239639287712e-01,-1.338180178647200957e+00
-1.511691021971218497e-02,0.000000000000000000e+00,2.430764273842329626e-01,7.010874494292783643e-01,7.340443468499059386e-19,7.130753033535441876e-01,7.340443468499059386e-19,-2.992643674048618418e-01,4.736049081712779760e-03,-1.339935454497339935e-03,2.672232440967183265e-01,4.012963247360035179e-02,-4.827028921375610925e-03,-2.992691871845176155e-01,6.148102946173836236e-03,-3.161076448855710489e-03,2.672304262745379688e-01,7.463232019977886211e-02,-6.838534645095616961e-03,1.884706702569178931e-03,3.925853029556367751e-03,-3.269682545975915455e-01,-1.187030282768038736e-01,1.596586428628794241e-01,-9.903311838502604214e-02,2.484035918857032538e-02,1.231149842380746318e+00,1.331862793935938427e-01,1.348597102170496331e+00,-1.460264194229785872e-01,-9.464426619086974135e-02,-1.053665028037943565e-03,4.477128841470408988e-02,-1.639357424536224572e+00,1.326366684745621527e-01,-1.349051189250045413e+00
-1.576550379014680231e-02,0.000000000000000000e+00,2.456555090204947112e-01,7.022427316026762512e-01,5.936394610957602561e-19,7.119375997313329707e-01,5.936394610957602561e-19,-2.979379441889300484e-01,4.737021192171287677e-03,-1.333235237181361029e-03,2.644100140471883909e-01,4.161750679065029379e-02,-4.826102155362545394e-03,-2.979404605216911528e-01,6.151464616472838640e-03,-3.152439145029575958e-03,2.644135949382671602e-01,7.612133846414492755e-02,-6.837572808709551676e-03,1.874507804978990449e-03,3.907026594230979602e-03,-3.261785953157137485e-01,-1.433950691004693689e-01,1.597259443961470404e-01,-9.646169414336035197e-02,5.225591354225302826e-02,1.227794897512673344e+00,1.318911122179421969e-01,1.357910651184121242e+00,-1.703752741901357060e-01,-9.618211728768862046e-02,-4.949286820223644870e-03,7.276125420392640097e-02,-1.637586822873300374e+00,1.324320568624985095e-01,-1.360723283819192941e+00
-1.641409736058142138e-02,0.000000000000000000e+00,2.482345906567565152e-01,7.033961675473302533e-01,4.532330146353859457e-19,7.107980243921110386e-01,4.532330146353859457e-19,-2.967059567299998868e-01,4.737286330882503095e-03,-1.326690936689396347e-03,2.617993829956500318e-01,4.300042254408407982e-02,-4.824476482933573625e-03,-2.967059567299998868e-01,6.154305126327436030e-03,-3.144276505901493542e-03,2.617993829956500318e-01,7.750472236411277971e-02,-6.836346140805756900e-03,1.849534514881427108e-03,3.894717071273974367e-03,-3.242895019816425806e-01,-1.592867084855271731e-01,1.595188095288408991e-01,-9.431063584799136146e-02,6.829870181697138276e-02,1.226535240633565893e+00,1.327056352170810360e-01,1.364585049922938609e+00,-1.859682333434305446e-01,-9.788423593586788318e-02,-7.131600849073259710e-03,8.957380762238768834e-02,-1.636651513039647732e+00,1.318020654226278177e-01,-1.369869698201119812e+00
-1.706269093101603698e-02,0.000000000000000000e+00,2.508136722930183193e-01,7.045477542307817531e-01,0.000000000000000000e+00,7.096565803318969357e-01,0.000000000000000000e+00,-2.967059567299998868e-01,4.737286330882503095e-03,-1.326690936689396347e-03,2.617993829956500318e-01,4.300042254408407982e-02,-4.824476482933573625e-03,-2.967059567299998868e-01,6.154305126327436030e-03,-3.144276505901493542e-03,2.617993829956500318e-01,7.750472236411277971e-02,-6.836346140805756900e-03,1.849534514881427108e-03,3.894717071273974367e-03,-3.242895019816425806e-01,-1.592867084855271731e-01,1.595188095288408991e-01,-9.431063584799136146e-02,6.829870181697138276e-02,1.226535240633565893e+00,1.327056352170810360e-01,1.364585049922938609e+00,-1.859682333434305446e-01,-9.788423593586788318e-02,-7.131600849073259710e-03,8.957380762238768834e-02,-1.636651513039647732e+00,1.318020654226278177e-01,-1.369869698201119812e+00
-1.788085805011224022e-02,0.000000000000000000e+00,2.531523453251715572e-01,7.056030316526535895e-01,1.839608050325532213e-19,7.086073395912466655e-01,1.839608050325532213e-19,-2.967059567299998868e-01,4.737286330882503095e-03,-1.326690936689396347e-03,2.617993829956500318e-01,4.300042254408407982e-02,-4.824476482933573625e-03,-2.967059567299998868e-01,6.154305126327436030e-03,-3.144276505901493542e-03,2.617993829956500318e-01,7.750472236411277971e-02,-6.836346140805756900e-03,1.849534514881427108e-03,3.894717071273974367e-03,-3.242895019816425806e-01,-1.760382970023039728e-01,1.596780150517553287e-01,-9.292200939628753042e-02,9.989458707495804668e-02,1.224263937472748864e+00,1.269941292547676348e-01,1.372543589075688297e+00,-2.026055415786265357e-01,-9.828289447768254194e-02,-1.028664956737661632e-02,1.205788711193763879e-01,-1.635085376166407922e+00,1.325039773933232579e-01,-1.378021708261082390e+00
-1.869902516920844346e-02,0.000000000000000000e+00,2.554910183573248506e-01,7.066567465048856356e-01,2.548878141547705312e-19,7.075565296279371363e-01,2.548878141547705312e-19,-2.967059567299998868e-01,4.737286330882503095e-03,-1.326690936689396347e-03,2.617993829956500318e-01,4.300042254408407982e-02,-4.824476482933573625e-03,-2.967059567299998868e-01,6.154305126327436030e-03,-3.144276505901493542e-03,2.617993829956500318e-01,7.750472236411277971e-02,-6.836346140805756900e-03,1.849534514881427108e-03,3.894717071273974367e-03,-3.242895019816425806e-01,-1.927898855190807725e-01,1.598372205746697305e-01,-9.153338294458369939e-02,1.314904723329446967e-01,1.221992634311931836e+00,1.212826232924542613e-01,1.380502128228438208e+00,-2.192428498138225545e-01,-9.868155301949720071e-02,-1.344169828567997119e-02,1.515839346163650736e-01,-1.633519239293168335e+00,1.332058893640187258e-01,-1.386173718321045190e+00
-1.951719228830465017e-02,0.000000000000000000e+00,2.578296913894780884e-01,7.077088964539803850e-01,2.815606108415655625e-19,7.065041527690331113e-01,2.815606108415655625e-19,-2.967059567299998868e-01,4.737286330882503095e-03,-1.326690936689396347e-03,2.617993829956500318e-01,4.300042254408407982e-02,-4.824476482933573625e-03,-2.967059567299998868e-01,6.154305126327436030e-03,-3.144276505901493542e-03,2.617993829956500318e-01,7.750472236411277971e-02,-6.836346140805756900e-03,1.849534514881427108e-03,3.894717071273974367e-03,-3.242895019816425806e-01,-2.095414740358575445e-01,1.599964260975841601e-01,-9.014475649287986836e-02,1.630863575909313745e-01,1.219721331151115029e+00,1.155711173301408601e-01,1.388460667381187896e+00,-2.358801580490185734e-01,-9.908021156131185947e-02,-1.659674700398332606e-02,1.825889981133537732e-01,-1.631953102419928525e+00,1.339078013347141660e-01,-1.394325728381007767e+00
-2.033535940740085340e-02,0.000000000000000000e+00,2.601683644216313818e-01,7.087594791700950747e-01,2.711377444649695033e-19,7.054502113448798406e-01,2.711377444649695033e-19,-2.967059567299998868e-01,4.737286330882503095e-03,-1.326690936689396347e-03,2.617993829956500318e-01,4.300042254408407982e-02,-4.824476482933573625e-03,-2.967059567299998868e-01,6.154305126327436030e-03,-3.144276505901493542e-03,2.617993829956500318e-01,7.750472236411277971e-02,-6.836346140805756900e-03,1.849534514881427108e-03,3.894717071273974367e-03,-3.242895019816425806e-01,-2.262930625526343442e-01,1.601556316204985897e-01,-8.875613004117605120e-02,1.946822428489180523e-01,1.217450027990298000e+00,1.098596113678274727e-01,1.396419206533937585e+00,-2.525174662842145645e-01,-9.947887010312650435e-02,-1.975179572228668440e-02,2.135940616103424727e-01,-1.630386965546688716e+00,1.346097133054096062e-01,-1.402477738440970567e+00
-2.115352652649705664e-02,0.000000000000000000e+00,2.625070374537846196e-01,7.098084923265723933e-01,2.607142776318762630e-19,7.043947076895724635e-01,2.607142776318762630e-19,-2.981406620589811540e-01,4.738097574020709579e-03,-1.334878408269976483e-03,2.648830213899324160e-01,4.134108732486472398e-02,-4.827715727356407527e-03,-2.981444732783575802e-01,6.151478652089022690e-03,-3.154026520809138315e-03,2.648881241392504471e-01,7.584557636656699686e-02,-6.838342765925820889e-03,1.901356929721452049e-03,3.893017729732299679e-03,-3.256254892557881031e-01,-2.323064795467224553e-01,1.590500099170308046e-01,-8.589548432589025340e-02,1.997469083415360780e-01,1.215243966822184163e+00,1.110676342412674350e-01,1.389148682727850748e+00,-2.583575029091796371e-01,-9.804341046745569666e-02,-1.977454051008480096e-02,2.190483847022778596e-01,-1.630377943831426979e+00,1.356149963804194614e-01,-1.394501978655020347e+00
-2.197169364559325988e-02,0.000000000000000000e+00,2.648457104859379130e-01,7.108559336003940077e-01,2.502902334427000260e-19,7.033376441405025936e-01,2.502902334427000260e-19,-2.983599695961432485e-01,4.738219126502386802e-03,-1.336128688069449736e-03,2.653520096477260393e-01,4.108981643848699794e-02,-4.828207977218681134e-03,-2.983643529189609067e-01,6.151046163169885013e-03,-3.155516502741989235e-03,2.653578696290167516e-01,7.559434555460486926e-02,-6.838647327080281911e-03,1.910608424885963490e-03,3.893622579859562505e-03,-3.258954445799213673e-01,-2.471823878069986935e-01,1.590336949232133423e-01,-8.427271484260670520e-02,2.269427504805577867e-01,1.212927045308106244e+00,1.065112502281895801e-01,1.394646022642368477e+00,-2.731158799182215047e-01,-9.810420049197605963e-02,-2.240560941034078560e-02,2.458154582323072990e-01,-1.629061502599443045e+00,1.363698765240750066e-01,-1.400029554207757432e+00
-2.278986076468946659e-02,0.000000000000000000e+00,2.671843835180911508e-01,7.119018006719581848e-01,2.398656349803089843e-19,7.022790230385808075e-01,2.398656349803089843e-19,-2.985566046349502622e-01,4.738327279662977315e-03,-1.337249287576178138e-03,2.657717070849355823e-01,4.086532823384282642e-02,-4.828648353471438372e-03,-2.985614973595379640e-01,6.150658237531105715e-03,-3.156852312938252924e-03,2.657782382839941615e-01,7.536989706700458758e-02,-6.838920184462987488e-03,1.919423328957495104e-03,3.894588700917238789e-03,-3.261641271635722927e-01,-2.621726770198617995e-01,1.590411555176132752e-01,-8.267122983492776467e-02,2.544786007193642341e-01,1.210593954198402322e+00,1.018707828096877682e-01,1.400351384858455006e+00,-2.879906640983050936e-01,-9.817758034629825437e-02,-2.507493323018355688e-02,2.729097393966824492e-01,-1.627724210183851827e+00,1.371221948403165136e-01,-1.405773149708246184e+00
-2.360802788378564901e-02,0.000000000000000000e+00,2.695230565502443332e-01,7.129460912251871507e-01,2.294405053314139938e-19,7.012188467281290638e-01,2.294405053314139938e-19,-2.987305135343441553e-01,4.738422105461700083e-03,-1.338239952513405571e-03,2.661420973160685266e-01,4.066758584876432880e-02,-4.829036855750574661e-03,-2.987358532530239308e-01,6.150314999062769621e-03,-3.158033603323539759e-03,2.661492144766604562e-01,7.517219356974794153e-02,-6.839161290129184417e-03,1.927767519543529444e-03,3.895927501994388316e-03,-3.264302631438842917e-01,-2.772882606004889450e-01,1.590715354553007277e-01,-8.109151966162099490e-02,2.823724831747264630e-01,1.208246217317302307e+00,9.714217937530035540e-02,1.406271591848393232e+00,-3.029924522605380033e-01,-9.826519050021155499e-02,-2.778452657909087631e-02,3.003485543908492317e-01,-1.626365656739498844e+00,1.378719262896942188e-01,-1.411740654174452381e+00
-2.442619500288185572e-02,0.000000000000000000e+00,2.718617295823976265e-01,7.139888029474863451e-01,2.190148675828305362e-19,7.001571175569207828e-01,2.190148675828305362e-19,-2.988816432605627682e-01,4.738503676154169793e-03,-1.339100432246891894e-03,2.664631652661472172e-01,4.049655171332244841e-02,-4.829373485079795428e-03,-2.988873678613289120e-01,6.150016570459345029e-03,-3.159060029951584175e-03,2.664707838922849570e-01,7.500119702121056664e-02,-6.839370596980232607e-03,1.935603006637146711e-03,3.897645024876245524e-03,-3.266923650210147856e-01,-2.925404312348965918e-01,1.591239949649450591e-01,-7.953405595718952836e-02,3.106432306725279702e-01,1.205885433755268243e+00,9.232103339447257639e-02,1.412414010424952515e+00,-3.181322361077253413e-01,-9.836888261203034778e-02,-3.053653283040278638e-02,3.281500026767921741e-01,-1.624985295327550316e+00,1.386190143249925733e-01,-1.417940510702990320e+00
-2.524436212197805895e-02,0.000000000000000000e+00,2.742004026145508644e-01,7.150299335297550796e-01,2.085887448222955546e-19,6.990938378761709648e-01,2.085887448222955546e-19,-2.990099413880914492e-01,4.738572064342641381e-03,-1.339830479616471292e-03,2.667348971710091776e-01,4.035218755058448542e-02,-4.829658243850899237e-03,-2.990159890562493206e-01,6.149763073217796340e-03,-3.159931253010204739e-03,2.667429335291564008e-01,7.485686867287462409e-02,-6.839548058766459562e-03,1.942887394914510294e-03,3.899741066053667281e-03,-3.269487008476411050e-01,-3.079408459817313259e-01,1.591977158081746557e-01,-7.799928855161483710e-02,3.393103995886686541e-01,1.203513302351473246e+00,8.740259069165810801e-02,1.418786505374847851e+00,-3.334213856257541853e-01,-9.849073105425285024e-02,-3.333321943079800564e-02,3.563328754241710250e-01,-1.623582449455418297e+00,1.393633614349024941e-01,-1.424381675661365421e+00
-2.606252924107426219e-02,0.000000000000000000e+00,2.765390756467041578e-01,7.160694806663875367e-01,1.981621601384705346e-19,6.980290100405355247e-01,1.981621601384705346e-19,-2.991153561005966965e-01,4.738627342975073285e-03,-1.340429850941350339e-03,2.669572805775319857e-01,4.023445437733760843e-02,-4.829891135835982438e-03,-2.991216653203870313e-01,6.149554627635219622e-03,-3.160646936827390431e-03,2.669656516987892192e-01,7.473916906997425669e-02,-6.839693630083782012e-03,1.949573312090886572e-03,3.902208126910083463e-03,-3.271972600527347508e-01,-3.235014950140013834e-01,1.592919068255120307e-01,-7.648764309004367490e-02,3.683941469791033874e-01,1.201131648054539092e+00,8.238176330289360971e-02,1.425397376385655113e+00,-3.488716165594288876e-01,-9.863304397562008830e-02,-3.617696971668683814e-02,3.849165382817295589e-01,-1.622156322804296558e+00,1.401048198794899446e-01,-1.431073560552831747e+00
-2.688069636017046543e-02,0.000000000000000000e+00,2.788777486788573956e-01,7.171074420552884243e-01,1.877351366212070423e-19,6.969626364080940828e-01,1.877351366212070423e-19,-2.991978361918137819e-01,4.738669585344353757e-03,-1.340898306022807879e-03,2.671303043438428837e-01,4.014331250478112706e-02,-4.830072166185390460e-03,-2.992043457480283997e-01,6.149391352806888450e-03,-3.161206749876988801e-03,2.671389280261063370e-01,7.464805805225109558e-02,-6.839807266379770503e-03,1.955607807879187858e-03,3.905030175671065241e-03,-3.274357157449723221e-01,-3.392346498502362140e-01,1.594058099299991427e-01,-7.499951946560422245e-02,3.979150609555800466e-01,1.198742450197342935e+00,7.725315307964775169e-02,1.432255274029572867e+00,-3.644949379478225615e-01,-9.879837339754733716e-02,-3.907027034158198908e-02,4.139207699414031993e-01,-1.620706011648548550e+00,1.408431826615393068e-01,-1.438025952124080131e+00
-2.769886347926667214e-02,0.000000000000000000e+00,2.812164217110106890e-01,7.181438153978785266e-01,1.773076973614005459e-19,6.958947193403451914e-01,1.773076973614005459e-19,-2.992573310664308206e-01,4.738698865087434368e-03,-1.341235608146314857e-03,2.672539586394781508e-01,4.007872153920863378e-02,-4.830201341426107985e-03,-2.992639800460366595e-01,6.149273366624030852e-03,-3.161610364784581476e-03,2.672627534496093693e-01,7.458349475464616518e-02,-6.839888923949701167e-03,1.960931731995838034e-03,3.908181204929395657e-03,-3.276613834315919571e-01,-3.551527861057895974e-01,1.595387064826544743e-01,-7.353529120875855474e-02,4.278939336458631448e-01,1.196347872643355181e+00,7.201108764750277502e-02,1.439369089807962743e+00,-3.803035748992039111e-01,-9.898952369328646583e-02,-4.201569323579087273e-02,4.433655464303341565e-01,-1.619230520567326526e+00,1.415781748035165322e-01,-1.445248905472602985e+00
-2.851703059836287538e-02,0.000000000000000000e+00,2.835550947431639268e-01,7.191785983990888198e-01,1.668798654507315224e-19,6.948252612022119967e-01,1.668798654507315224e-19,-2.992937907410251341e-01,4.738715256182964713e-03,-1.341441524089373536e-03,2.673282349455723406e-01,4.004064038279332716e-02,-4.830278669462360029e-03,-2.993005185347532016e-01,6.149200785771648768e-03,-3.161857458334161111e-03,2.673371202215116815e-01,7.454543760801468633e-02,-6.839938559941033912e-03,1.965479104860296672e-03,3.911623569984507866e-03,-3.278711762225660076e-01,-3.712684748820489489e-01,1.596899239475186860e-01,-7.209530601031527430e-02,4.583514643143226097e-01,1.193950295651226678e+00,6.664967182558385883e-02,1.446747814429677259e+00,-3.963098608975145209e-01,-9.920955761542728235e-02,-4.501587081444105576e-02,4.732707593979705862e-01,-1.617728782155052336e+00,1.423094450322157645e-01,-1.452752604013364701e+00
-2.933519771745907861e-02,0.000000000000000000e+00,2.858937677753171647e-01,7.202117887673776808e-01,1.564516639818488066e-19,6.937542643620248084e-01,1.564516639818488066e-19,-3.011562879227311362e-01,4.737050156675404015e-03,-1.350724281162984583e-03,2.712896769511636830e-01,3.794186496782046142e-02,-4.831261582154036671e-03,-3.011662723765017868e-01,6.144345360120496632e-03,-3.173932815098398034e-03,2.713039007932914193e-01,7.244458611001856896e-02,-6.841168817046093878e-03,1.946041867390236810e-03,3.933955403796614465e-03,-3.274261586656690981e-01,-3.752922827707391717e-01,1.590056843993674085e-01,-7.025894825522130405e-02,4.594206755197136616e-01,1.192669241759084064e+00,6.851182123371914179e-02,1.438841580618914984e+00,-4.002210644292367725e-01,-9.800414264982187929e-02,-4.476771358562880998e-02,4.748065313101010321e-01,-1.618020500334803158e+00,1.433062792986301015e-01,-1.444101585605857219e+00
-3.015336483655528185e-02,0.000000000000000000e+00,2.882324408074704580e-01,7.212433842147286667e-01,1.460231160481801035e-19,6.926817311915230979e-01,1.460231160481801035e-19,-3.011389002006917281e-01,4.737047734676656623e-03,-1.350628528361127404e-03,2.712478118000275495e-01,3.796641442894375940e-02,-4.831230958585235220e-03,-3.011488197914594100e-01,6.144384056118222179e-03,-3.173816486223194830e-03,2.712619228923414672e-01,7.246917190267899989e-02,-6.841149302945522329e-03,1.949508520214829517e-03,3.938192222715405227e-03,-3.276048216668457358e-01,-3.914631376967496745e-01,1.592000659242653604e-01,-6.887879946142619336e-02,4.901478403046714560e-01,1.190241580414142630e+00,6.308713001943451470e-02,1.446449547104732503e+00,-4.162871376856349670e-01,-9.823632031125699438e-02,-4.780358239927078728e-02,5.049685689094706165e-01,-1.616495228280143692e+00,1.440363413096031608e-01,-1.451833528012457020e+00
-3.097153195565148509e-02,0.000000000000000000e+00,2.905711138396236959e-01,7.222733824566536232e-01,1.355942447438860306e-19,6.916076640658520569e-01,1.355942447438860306e-19,-3.010818913749245263e-01,4.737048038391830293e-03,-1.350318853707830431e-03,2.711215814641946276e-01,3.803586874749136787e-02,-4.831140252861657221e-03,-3.010916580875507842e-01,6.144511660810888717e-03,-3.173436093954699021e-03,2.711354551103123400e-01,7.253867590922316588e-02,-6.841086638309379006e-03,1.952315493509728566e-03,3.942430916357966310e-03,-3.277676298360324147e-01,-4.079692650899806594e-01,1.594195584300763524e-01,-6.752778486366080302e-02,5.216681323180325514e-01,1.187802935308527319e+00,5.746224919592409636e-02,1.454481532788812981e+00,-4.326884441657066760e-01,-9.851736183085554877e-02,-5.093036884243398732e-02,5.358942385515039764e-01,-1.614923839733412469e+00,1.447591617452322621e-01,-1.460016132067387895e+00
-3.178969907474769180e-02,0.000000000000000000e+00,2.929097868717769892e-01,7.233017812122073398e-01,1.251650731639015738e-19,6.905320653635486083e-01,1.251650731639015738e-19,-3.009851969188001020e-01,4.737051126472466983e-03,-1.349794959033050971e-03,2.709109767758706155e-01,3.815017316591199498e-02,-4.830989463090930996e-03,-3.009947232726010724e-01,6.144728310443462078e-03,-3.172791224249477387e-03,2.709244895751578563e-01,7.265304258102338320e-02,-6.840980787219717342e-03,1.954360885528478274e-03,3.946573374336433473e-03,-3.279100011076747090e-01,-4.248360047568380260e-01,1.596635419643737952e-01,-6.620588479723657493e-02,5.540274404904077521e-01,1.185357137153371987e+00,5.162383476069444532e-02,1.462958226038870713e+00,-4.494499507617145118e-01,-9.885295632016072309e-02,-5.415365080118755836e-02,5.676277062197564449e-01,-1.613303846888093362e+00,1.454738721138943980e-01,-1.468672619610552177e+00
-3.260786619384389851e-02,0.000000000000000000e+00,2.952484599039302271e-01,7.243285782039831089e-01,1.147356244037940980e-19,6.894549374665441821e-01,1.147356244037940980e-19,-3.008487520678403970e-01,4.737057028775544694e-03,-1.349056545219514888e-03,2.706159881406719481e-01,3.830927337322224263e-02,-4.830778575707324676e-03,-3.008579511059856215e-01,6.145034129151327393e-03,-3.171881464167266781e-03,2.706290179648117578e-01,7.281221681122566902e-02,-6.840831726519309465e-03,1.955522564388965153e-03,3.950494031956729504e-03,-3.280263268302890389e-01,-4.420893146080037694e-01,1.599314054250499106e-01,-6.491303145279631037e-02,5.872717749573097556e-01,1.182908848590136675e+00,4.555810702932504286e-02,1.471900534237797986e+00,-4.665972262618135469e-01,-9.924938403499820871e-02,-5.747913385195996261e-02,6.002132937840989335e-01,-1.611632751113539097e+00,1.461794523381458322e-01,-1.477826572623641699e+00
-3.342603331294009827e-02,0.000000000000000000e+00,2.975871329360835205e-01,7.253537711581183878e-01,1.043059215597261044e-19,6.883762827601601630e-01,1.043059215597261044e-19,-2.990260878303043768e-01,4.738547126784756376e-03,-1.339905290187984929e-03,2.667366432357149986e-01,4.036646942057807441e-02,-4.829654462508299953e-03,-2.990320329275102385e-01,6.149725194494748415e-03,-3.160035496225136777e-03,2.667444208517569804e-01,7.487130750643247734e-02,-6.839561630312046558e-03,1.971759506832143106e-03,3.934295602288169838e-03,-3.285604382882248986e-01,-4.727794206678826994e-01,1.609517674496013240e-01,-6.398155821912626662e-02,6.521766647057317678e-01,1.179670872655006031e+00,3.163989630980813123e-02,1.497043108916493726e+00,-4.971555438016692641e-01,-1.013398012166024514e-01,-6.431114195762055452e-02,6.633614944427197457e-01,-1.608105833794524653e+00,1.465878542622922887e-01,-1.504200190708696594e+00
-3.424420043203628417e-02,0.000000000000000000e+00,2.999258059682367028e-01,7.263773578043107859e-01,9.387598772847658475e-20,6.872961036330907936e-01,9.387598772847658475e-20,-2.988999531476232430e-01,4.738475397239079977e-03,-1.339185266608419701e-03,2.664651452842347057e-01,4.051274719609376102e-02,-4.829369197079192398e-03,-2.989055614340606626e-01,6.149973616405992639e-03,-3.159178240605423071e-03,2.664724704996803695e-01,7.501757049892633644e-02,-6.839385986963720729e-03,1.968341403701808282e-03,3.937290777573806966e-03,-3.285283406735485801e-01,-4.905935553928691961e-01,1.612176028074018275e-01,-6.271970101939026987e-02,6.864474339310748796e-01,1.177344133042578900e+00,2.528101768947062233e-02,1.506484988851666929e+00,-5.148561804983569079e-01,-1.018684154795225366e-01,-6.776348582867951220e-02,6.969362256662747779e-01,-1.606391263014397275e+00,1.472754449590515380e-01,-1.513913008854974152e+00
-3.506236755113251169e-02,0.000000000000000000e+00,3.022644790003900517e-01,7.273993358758090721e-01,8.344584600729542033e-20,6.862144024774122775e-01,8.344584600729542033e-20,-2.987504055282636517e-01,4.738391383043645197e-03,-1.338332117177846873e-03,2.661442484220578053e-01,4.068518073854513611e-02,-4.829032197235808010e-03,-2.987556188822153569e-01,6.150268333468049582e-03,-3.158162028234161485e-03,2.661510468191498058e-01,7.518998183452718642e-02,-6.839178009918354777e-03,1.963321299387386920e-03,3.939584143072817797e-03,-3.284351830875018585e-01,-5.086795394025017680e-01,1.614987386704587469e-01,-6.148457925074141128e-02,7.212876646929785585e-01,1.175045132600941455e+00,1.876228854356994102e-02,1.516233764686137464e+00,-5.328278970648664403e-01,-1.024585267218565965e-01,-7.128721273928785573e-02,7.310597942003427274e-01,-1.604643747361180539e+00,1.479530607917795559e-01,-1.523958480615415834e+00
-3.588053467022869064e-02,0.000000000000000000e+00,3.046031520325432340e-01,7.284197031094256092e-01,7.301551949390550098e-20,6.851311816885699013e-01,7.301551949390550098e-20,-2.985774005341007009e-01,4.738295161198797373e-03,-1.337345640260495646e-03,2.657739559385804418e-01,4.088372264692698155e-02,-4.828643483267712824e-03,-2.985821611518683638e-01,6.150609451421268879e-03,-3.156986573560810472e-03,2.657801538893229676e-01,7.538849364218414006e-02,-6.838937664010356042e-03,1.956561477423276151e-03,3.940924502951917256e-03,-3.282720982038336843e-01,-5.270366357623805786e-01,1.617951225836327667e-01,-6.027665285380326421e-02,7.566841636818065764e-01,1.172779538417131340e+00,1.208290099994750039e-02,1.526283841171500288e+00,-5.510701241973459119e-01,-1.031146300884250855e-01,-7.488235247098205816e-02,7.657200023013799317e-01,-1.602863601774803026e+00,1.486194765923689043e-01,-1.534332024792097737e+00
-3.669870178932491123e-02,0.000000000000000000e+00,3.069418250646965274e-01,7.294384572455412385e-01,6.258503128643879603e-20,6.840464436653734825e-01,6.258503128643879603e-20,-2.983808943472718300e-01,4.738186809033941536e-03,-1.336225637749002392e-03,2.653542724353280535e-01,4.110832482386344439e-02,-4.828203076839280260e-03,-2.983851447447376515e-01,6.150997074779912359e-03,-3.155651595247316917e-03,2.653597971034954428e-01,7.561305735469753264e-02,-6.838664914931481646e-03,1.947921373034931965e-03,3.941023795933420830e-03,-3.280294516818724748e-01,-5.456595102186075907e-01,1.621067517717555140e-01,-5.909648626048299991e-02,7.926131833392249249e-01,1.170553420896171426e+00,5.244222840457512386e-03,1.536624826692819079e+00,-5.695778056472391437e-01,-1.038410201687073736e-01,-7.854795077794055058e-02,8.008946380164804202e-01,-1.601051706192587076e+00,1.492733942934635072e-01,-1.545024084557238275e+00
-3.751686890842109712e-02,0.000000000000000000e+00,3.092804980968497652e-01,7.304555960281059468e-01,5.215440448338063485e-20,6.829601908099948160e-01,5.215440448338063485e-20,-2.981608437709644677e-01,4.738066404206204077e-03,-1.334971915068289489e-03,2.648852038258820429e-01,4.135893847646669036e-02,-4.827711000989457803e-03,-2.981645267851332770e-01,6.151431306830702946e-03,-3.154156816171475863e-03,2.648899831690017526e-01,7.586362370950491818e-02,-6.838359729231385797e-03,1.937261204919480707e-03,3.939555718915781039e-03,-3.276968919959511450e-01,-5.645372300981267299e-01,1.624336503870951465e-01,-5.794478034578759429e-02,8.290383598247226260e-01,1.168373202287615653e+00,-1.749671179293000103e-03,1.547240564332911905e+00,-5.883404137182108862e-01,-1.046416329834408687e-01,-8.228184314212633188e-02,8.365495044667590196e-01,-1.599209632161803230e+00,1.499134641156886771e-01,-1.556019089158737545e+00
-3.833503602751732464e-02,0.000000000000000000e+00,3.116191711290030586e-01,7.314711172046508558e-01,4.172366218353015299e-20,6.818724255279575708e-01,4.172366218353015299e-20,-2.967059567299998868e-01,4.737286330882503095e-03,-1.326690936689396347e-03,2.617993829956500318e-01,4.300042254408407982e-02,-4.824476482933573625e-03,-2.967059567299998868e-01,6.154305126327436030e-03,-3.144276505901493542e-03,2.617993829956500318e-01,7.750472236411277971e-02,-6.836346140805756900e-03,1.849534514881427108e-03,3.894717071273974367e-03,-3.242895019816425806e-01,-5.948280099217233552e-01,1.636581531246158461e-01,-5.820634810369183093e-02,8.897917185246239091e-01,1.167481358452324480e+00,-1.579351980306700765e-02,1.571507067894431842e+00,-6.185382474585263690e-01,-1.082493580230489555e-01,-8.916286752496042911e-02,8.957054585440930028e-01,-1.595931954335414904e+00,1.500517766607094572e-01,-1.581821959760149277e+00
-3.915320314661351053e-02,0.000000000000000000e+00,3.139578441611562964e-01,7.324850185262883340e-01,3.129282748594109395e-20,6.807831502281347369e-01,3.129282748594109395e-20,-2.967059567299998868e-01,4.737286330882503095e-03,-1.326690936689396347e-03,2.617993829956500318e-01,4.300042254408407982e-02,-4.824476482933573625e-03,-2.967059567299998868e-01,6.154305126327436030e-03,-3.144276505901493542e-03,2.617993829956500318e-01,7.750472236411277971e-02,-6.836346140805756900e-03,1.849534514881427108e-03,3.894717071273974367e-03,-3.242895019816425806e-01,-6.115795984384997386e-01,1.638173586475302757e-01,-5.681772165198803459e-02,9.213876037826097543e-01,1.165210055291507674e+00,-2.150502576538024235e-02,1.579465607047181308e+00,-6.351755556937219716e-01,-1.086480165648636004e-01,-9.231791624326370072e-02,9.267105220410809530e-01,-1.594365817462175094e+00,1.507536886314048696e-01,-1.589973969820111854e+00
-3.997137026570972418e-02,0.000000000000000000e+00,3.162965171933095898e-01,7.334972977477155487e-01,2.086192348986558406e-20,6.796923673227462936e-01,2.086192348986558406e-20,-2.967059567299998868e-01,4.737286330882503095e-03,-1.326690936689396347e-03,2.617993829956500318e-01,4.300042254408407982e-02,-4.824476482933573625e-03,-2.967059567299998868e-01,6.154305126327436030e-03,-3.144276505901493542e-03,2.617993829956500318e-01,7.750472236411277971e-02,-6.836346140805756900e-03,1.849534514881427108e-03,3.894717071273974367e-03,-3.242895019816425806e-01,-6.283311869552770101e-01,1.639765641704447052e-01,-5.542909520028417580e-02,9.529834890405971537e-01,1.162938752130690645e+00,-2.721653172769375462e-02,1.587424146199931219e+00,-6.518128639289182402e-01,-1.090466751066782591e-01,-9.547296496156713885e-02,9.577155855380703464e-01,-1.592799680588935285e+00,1.514556006021003376e-01,-1.598125979880074654e+00
-4.078953738480591701e-02,0.000000000000000000e+00,3.186351902254628277e-01,7.345079526272225712e-01,1.043097329471434996e-20,6.786000792273501059e-01,1.043097329471434996e-20,-2.967059567299998868e-01,4.737286330882503095e-03,-1.326690936689396347e-03,2.617993829956500318e-01,4.300042254408407982e-02,-4.824476482933573625e-03,-2.967059567299998868e-01,6.154305126327436030e-03,-3.144276505901493542e-03,2.617993829956500318e-01,7.750472236411277971e-02,-6.836346140805756900e-03,1.849534514881427108e-03,3.894717071273974367e-03,-3.242895019816425806e-01,-6.450827754720533935e-01,1.641357696933591070e-01,-5.404046874858037253e-02,9.845793742985831098e-01,1.160667448969873616e+00,-3.292803769000704484e-02,1.595382685352680907e+00,-6.684501721641139538e-01,-1.094453336484929040e-01,-9.862801367987042434e-02,9.887206490350584076e-01,-1.591233543715695697e+00,1.521575125727957778e-01,-1.606277989940037232e+00
-4.160770450390213759e-02,0.000000000000000000e+00,3.209738632576161210e-01,7.355169809267005920e-01,0.000000000000000000e+00,6.775062883608325981e-01,0.000000000000000000e+00,-2.967059567299998868e-01,4.737286330882503095e-03,-1.326690936689396347e-03,2.617993829956500318e-01,4.300042254408407982e-02,-4.824476482933573625e-03,-2.967059567299998868e-01,6.154305126327436030e-03,-3.144276505901493542e-03,2.617993829956500318e-01,7.750472236411277971e-02,-6.836346140805756900e-03,1.849534514881427108e-03,3.894717071273974367e-03,-3.242895019816425806e-01,-6.618343639888305541e-01,1.642949752162735366e-01,-5.265184229687651374e-02,1.016175259556570509e+00,1.158396145809056588e+00,-3.863954365232054322e-02,1.603341224505430818e+00,-6.850874803993103335e-01,-1.098439921903075767e-01,-1.017830623981738486e-01,1.019725712532047801e+00,-1.589667406842455888e+00,1.528594245434912458e-01,-1.614430000000000032e+00
