-0.002845284185,-0.04175221448,0.1212474229,-0.5156522282,-0.4710901956,0.519805967,-0.4919131668,0.00411925,0.3973295155,1.161253476,0.4994145344,0.1635973309,-0.008070753782,0.0176455,-0.5856599773,-1.183192996,0.5650454176,0.2683545785,0.0751258166,-0.02618,-0.09481688436,0.07016008341,-1.951679,1.61218995,-0.3727147542,-0.1672403511,0.003755262833,0.2656977598,0.1449764869,-2.0726306,-1.55459445,0.4975047663,-0.2595701471,-0.1309115264,0.4157839198,-0.0927635527
-0.002877593494,-0.04177312512,0.1210831117,-0.5148037808,-0.4714658472,0.5198681649,-0.4923759877,0.002289170603,0.3976613844,1.151127817,0.4959128846,0.1638261995,-0.008870519359,0.01603572762,-0.5901143901,-1.183543275,0.5780552307,0.2646798314,0.07484165836,-0.02579655883,-0.09300884772,0.07140390882,-1.949282059,1.611590712,-0.3720432911,-0.1655201134,0.003145554381,0.2628471224,0.1461560772,-2.070115848,-1.554282102,0.4970095637,-0.2584772063,-0.1307031588,0.4131444578,-0.09372315612
-0.002960006588,-0.04180317992,0.1199130587,-0.5133983541,-0.4722325603,0.5199887982,-0.4929809213,0.001776403058,0.4001564128,1.141380972,0.490681327,0.164040326,-0.009404129641,0.01491131503,-0.5932748379,-1.184933534,0.5901960592,0.2626254846,0.07448211901,-0.02465249957,-0.09034966139,0.07310651891,-1.947641275,1.611152815,-0.3714823743,-0.1641460089,0.002914918782,0.2609339514,0.1464427005,-2.067636813,-1.55439694,0.4964959285,-0.2577741969,-0.1310547709,0.4112909821,-0.09390847656
-0.003194897847,-0.04183197276,0.1177071839,-0.5122120374,-0.4726913624,0.5202640774,-0.4934845432,0.0006604171413,0.4005658351,1.127730517,0.482443625,0.164107928,-0.009804778009,0.01443185025,-0.5975589918,-1.187158203,0.6054474209,0.2591108287,0.07404021696,-0.02342235845,-0.08923187286,0.07462226734,-1.945424857,1.610576117,-0.3709718435,-0.1626788752,0.002413180658,0.2584274273,0.1475494882,-2.064984452,-1.554609376,0.4959677881,-0.2569690504,-0.130787681,0.4089505416,-0.09523178144
-0.003594693396,-0.04186904065,0.114450954,-0.5110508728,-0.4730874312,0.5207042405,-0.4938444915,-0.0001890629672,0.4005376244,1.113456347,0.4734203089,0.163810416,-0.01006730675,0.01432622438,-0.6014618895,-1.18937826,0.6209795632,0.2558646212,0.07361698088,-0.02179082,-0.08923581835,0.07585487709,-1.942922741,1.610158486,-0.3707020397,-0.1613454141,0.001886188497,0.2559824788,0.1487894268,-2.062286876,-1.55473426,0.4955400857,-0.2562058521,-0.1303909331,0.4066973283,-0.09679098034
-0.004030643096,-0.04189674346,0.1101264945,-0.5100305986,-0.4732749813,0.5212225769,-0.4941726479,-0.0004811803774,0.400960441,1.101278681,0.4670032335,0.1635679627,-0.0104938342,0.0146919983,-0.605362913,-1.188957247,0.6357486581,0.2513149358,0.07320154539,-0.02062787996,-0.08979470518,0.07675894219,-1.939363606,1.610774329,-0.3697839133,-0.1604720333,0.0006286050129,0.2532087976,0.1503904933,-2.060202388,-1.5544252,0.4957525483,-0.2550912754,-0.1290403074,0.4042285099,-0.09929803
-0.004392680536,-0.04219162786,0.1050983327,-0.509974951,-0.4744400447,0.5210337582,-0.4933112772,0.0003720078001,0.4011226028,1.097533545,0.4590492116,0.1630562578,-0.0115421285,0.01667956589,-0.607802707,-1.193144474,0.6447453982,0.2462929902,0.07341543215,-0.01946772718,-0.09065247361,0.07437050881,-1.934870023,1.613390587,-0.3680463111,-0.1610190014,-0.0006471829049,0.2505792459,0.152089319,-2.058316883,-1.55464912,0.4957025518,-0.2548513278,-0.1276231118,0.4018858358,-0.1019129597
-0.004711584341,-0.04300965098,0.1001684219,-0.5120909748,-0.4768237786,0.5185999998,-0.4913816824,-0.0009459271111,0.4008787057,1.101146295,0.4496464918,0.1617622199,-0.01326929784,0.01795693305,-0.6087858769,-1.201371673,0.6492225103,0.2392245353,0.0745239579,-0.01995851224,-0.09099220403,0.06852283755,-1.930931767,1.617269959,-0.3639756439,-0.1637613087,-0.002228433968,0.2465846973,0.1560920971,-2.057319894,-1.556405356,0.4931861794,-0.2561466316,-0.1262304711,0.3987860179,-0.1050013887
-0.005048680679,-0.04385494859,0.09662276264,-0.5145960759,-0.4787030121,0.5154142041,-0.4902881836,-0.002562295745,0.4011024794,1.106068688,0.4420434668,0.1603295541,-0.0146992616,0.02118950254,-0.6084713006,-1.209029625,0.6527290432,0.2320975665,0.07556217446,-0.02202265909,-0.09049711741,0.06408987625,-1.928216079,1.620745529,-0.3561448872,-0.1680199515,-0.002459647678,0.242345209,0.1622332298,-2.055068203,-1.558757203,0.4894067387,-0.2585255255,-0.128377921,0.3949986206,-0.1147952842
-0.005293766609,-0.04442962235,0.09523446042,-0.515756804,-0.479035818,0.5135254151,-0.4907252308,-0.0010986182,0.4014116494,1.109082553,0.4382085446,0.1590196186,-0.01560461461,0.02800182259,-0.608666608,-1.211967836,0.6580512164,0.2238345208,0.07667949062,-0.02474994524,-0.08982305817,0.062974157,-1.925088164,1.622197868,-0.3503719413,-0.1706582183,-0.002754845732,0.2384647847,0.1677740286,-2.051429611,-1.560457799,0.4876092339,-0.2596190644,-0.1306616541,0.3912434543,-0.1260350835
-0.0054392841,-0.04477785904,0.09504255892,-0.5162367843,-0.4786279435,0.5123959112,-0.4917980321,0.001312398861,0.4018079675,1.110078546,0.4377166016,0.1582360354,-0.0162017735,0.03583327757,-0.6101380756,-1.210609059,0.6650631647,0.2164168157,0.07755368509,-0.02755667076,-0.08902593909,0.06321854242,-1.921839123,1.622644529,-0.3463069825,-0.1721055254,-0.003057160843,0.2350641281,0.1725955384,-2.047679328,-1.561560188,0.4864248461,-0.2600663105,-0.1324034494,0.3880244733,-0.136187581
-0.005439991215,-0.04491834074,0.09545390111,-0.516605993,-0.4779639631,0.5117244138,-0.4927543224,0.002877345621,0.401803799,1.108246424,0.4396249254,0.1581716962,-0.01662449838,0.04238732733,-0.6138359921,-1.205429411,0.6749367236,0.2083483464,0.07892799948,-0.03002526535,-0.08845729011,0.06311334622,-1.918059288,1.622404734,-0.3430666181,-0.1720241553,-0.00391739787,0.23147842,0.1770923838,-2.044718405,-1.561720903,0.48584863,-0.2592009341,-0.1330889499,0.3845926432,-0.1450673155
-0.005393701204,-0.04490071036,0.09608077883,-0.5169831323,-0.4771509157,0.5112746654,-0.4936128656,0.003201193675,0.4018640955,1.103582384,0.4433482266,0.1586906039,-0.01685965097,0.04746607117,-0.6198815418,-1.197738553,0.6870109188,0.2014774796,0.08009087247,-0.03223935596,-0.08812471019,0.06245441625,-1.914076213,1.621412308,-0.3406131757,-0.1705736872,-0.005220538582,0.2275306583,0.1812679446,-2.042447351,-1.561353296,0.4853522791,-0.2569856572,-0.1329792162,0.3805731628,-0.151837393
-0.005289880733,-0.0447534894,0.09672127957,-0.5174239059,-0.4764379806,0.5110340185,-0.49408864,0.001870895173,0.4019295195,1.096057757,0.4479383145,0.1596665735,-0.01714541061,0.05040222257,-0.6287914946,-1.188985538,0.7023819042,0.1943891813,0.08121601246,-0.033834412,-0.08808488067,0.06072728934,-1.91000052,1.619758145,-0.3387284899,-0.1679992011,-0.006914324231,0.2227387542,0.185305834,-2.040759248,-1.56033772,0.4849838268,-0.2532689068,-0.1317822837,0.3756233337,-0.1566907515
-0.005206908869,-0.04454987314,0.09728828918,-0.5176647496,-0.4759021304,0.5110168154,-0.4943704923,-0.0003639060051,0.4026906241,1.08674876,0.4527484152,0.1608637882,-0.01734190932,0.05194280233,-0.6396095423,-1.180586352,0.7188837149,0.188507951,0.08205909951,-0.03451448282,-0.08801659272,0.05884882346,-1.906236623,1.617411878,-0.3374680041,-0.1649431399,-0.008653450542,0.2178706614,0.1888096815,-2.039465923,-1.558954569,0.4845713662,-0.2489159445,-0.1298929201,0.3700737733,-0.1597387408
-0.005082285968,-0.04431540246,0.09769647932,-0.5177462376,-0.4755845869,0.5111953051,-0.4944062036,-0.003132952677,0.4036595514,1.076174955,0.4569291424,0.1623034712,-0.0175743027,0.05189562833,-0.6522711799,-1.17283955,0.7373447771,0.1822532832,0.08302278831,-0.03427449257,-0.08780897845,0.05679204947,-1.902743883,1.614696756,-0.3363175871,-0.1618197006,-0.01092830545,0.212408247,0.1920271494,-2.037993288,-1.55716375,0.4834652911,-0.244470153,-0.1271219665,0.3640637215,-0.1615146258
-0.004939243479,-0.04409088707,0.09795694394,-0.5176419919,-0.4754454431,0.5113577749,-0.4944811675,-0.006066313229,0.4052643809,1.065352543,0.4600659447,0.163628224,-0.01775179472,0.05092425055,-0.6654460977,-1.166264069,0.7552839912,0.1768585385,0.08389071462,-0.03350915651,-0.08702394188,0.0551290254,-1.899704776,1.611786905,-0.3353441226,-0.1592715157,-0.01339868949,0.206955525,0.1946284602,-2.036119868,-1.55527302,0.4811695,-0.2404025421,-0.1244116251,0.358405651,-0.1626591003
-0.004774535189,-0.0438807714,0.09807732606,-0.5175712034,-0.4754495728,0.5113656929,-0.4945431035,-0.00927945609,0.4071092044,1.054559278,0.4622146562,0.1648626255,-0.01815845277,0.04872441207,-0.6795083003,-1.160685404,0.7740207357,0.170966593,0.0847841552,-0.03246913767,-0.08581522901,0.05349532367,-1.896555263,1.60884275,-0.3342015636,-0.1570541915,-0.01613326912,0.2008999736,0.1971357571,-2.03404491,-1.55325984,0.4777347545,-0.2365356815,-0.1216472173,0.3527319532,-0.1638582508
-0.004620111538,-0.04371979888,0.09811914617,-0.5175591874,-0.4755041865,0.5110903441,-0.4947877488,-0.01258493883,0.409313481,1.044397715,0.4632130311,0.1658379258,-0.01855678266,0.04590700518,-0.6932995485,-1.156220215,0.7913010173,0.1656959918,0.08560892911,-0.03163737592,-0.0841164548,0.05227566736,-1.893704917,1.605985465,-0.333248987,-0.1555534234,-0.01876100575,0.1950226491,0.1992371812,-2.032083462,-1.551699685,0.4737992363,-0.2331418927,-0.1192235264,0.3475856876,-0.1650329242
-0.004464949603,-0.04358490065,0.09812935278,-0.517727691,-0.475602263,0.5106119285,-0.4950110947,-0.01608198327,0.4112755008,1.034954859,0.4633996751,0.1668907592,-0.01884049954,0.04209050875,-0.7076244982,-1.152529819,0.8088045459,0.1598012441,0.08645635455,-0.03109910485,-0.08242984554,0.05111729176,-1.890812806,1.603328645,-0.3321854254,-0.1542129121,-0.02139170249,0.18879124,0.201573304,-2.03056421,-1.550660931,0.46992804,-0.2299286831,-0.1166623868,0.3424375905,-0.1665336304
-0.004322175591,-0.04349126056,0.09815823812,-0.5179827434,-0.4757503558,0.5099711857,-0.4952624216,-0.01960624087,0.4131599572,1.026473512,0.4629905982,0.1677863483,-0.01903483926,0.03791207995,-0.7212841286,-1.149578421,0.8242960424,0.1543392216,0.08726807445,-0.03103058566,-0.08079107063,0.05024496998,-1.888503317,1.601094158,-0.3311845489,-0.1534494163,-0.02378599464,0.1829522183,0.2035752301,-2.0295826,-1.550410248,0.4666912333,-0.2269694319,-0.1143559906,0.3378474051,-0.1680299309
-0.00415996581,-0.04339511845,0.09822421645,-0.518400061,-0.475993695,0.5092950925,-0.4952876819,-0.02338089973,0.4145608973,1.018580512,0.4623582676,0.1687151159,-0.01938011008,0.03310785562,-0.7350863229,-1.146846191,0.8393719495,0.1481719561,0.08809110044,-0.0312901537,-0.0795804341,0.04911444849,-1.886496767,1.59929361,-0.3299006274,-0.1526948355,-0.02612347063,0.1769034564,0.2056868455,-2.029064345,-1.550588224,0.464141656,-0.223962338,-0.1119239551,0.3331118929,-0.1697601289
-0.003989223506,-0.04331753705,0.09834688748,-0.5188116293,-0.4763396508,0.5086577294,-0.4951791037,-0.02710152051,0.4157818335,1.011392094,0.4616772673,0.1695436557,-0.01970513874,0.02842318429,-0.7480060525,-1.144463616,0.8524530114,0.1423956962,0.0888572752,-0.03175756617,-0.07862017285,0.04811523125,-1.885072139,1.598140579,-0.3283904424,-0.1523441229,-0.02826091107,0.1712913187,0.2074912703,-2.028827392,-1.55115474,0.4621472632,-0.221091827,-0.1097492865,0.32879787,-0.1713926568
-0.003779757853,-0.04322539131,0.09852333279,-0.5192920196,-0.4767615436,0.5081619491,-0.4947783972,-0.03091764967,0.4164491896,1.004439518,0.461055169,0.1705339555,-0.02008858642,0.02357954914,-0.7611851349,-1.142046728,0.8655892349,0.1360328647,0.08959213636,-0.03216923855,-0.07815350061,0.04693704728,-1.883754352,1.597424384,-0.3263693084,-0.1519755896,-0.03046674081,0.1653968074,0.2094874493,-2.028755908,-1.551749834,0.4604260561,-0.2181126151,-0.1074691189,0.3242384526,-0.1731496963
-0.003559505087,-0.04315364494,0.0987488443,-0.5196559219,-0.4772205596,0.5077829642,-0.4943427167,-0.03446629667,0.4171281747,0.9977695766,0.460553689,0.1714912384,-0.02041211674,0.01923051215,-0.7737768749,-1.139815355,0.8778048568,0.1302876336,0.0902055416,-0.03251443227,-0.07773027186,0.0461405911,-1.882651834,1.597310432,-0.3240737534,-0.1519689803,-0.03256245722,0.1598709895,0.2113512319,-2.028638722,-1.552388517,0.4586960601,-0.2153322722,-0.1054644588,0.3200061978,-0.1747850536
-0.003309187638,-0.04307236112,0.09901101125,-0.5199968824,-0.4776966276,0.5075300637,-0.4937837671,-0.03798591692,0.4176416527,0.9908153266,0.4603550119,0.1723920657,-0.02086042016,0.01479817703,-0.7869879022,-1.13746655,0.8910021373,0.124210781,0.09068847829,-0.03266345574,-0.07744471375,0.04530743332,-1.881195414,1.597295558,-0.3213722205,-0.1517422776,-0.03473927075,0.153971248,0.2134354876,-2.028183919,-1.552644278,0.4567847294,-0.2125726134,-0.1034088613,0.3153394228,-0.1765525417
-0.003063911339,-0.04301593782,0.09930600716,-0.5201505085,-0.478141595,0.5073490881,-0.4933771037,-0.04113063528,0.4185494743,0.9837803429,0.4603575754,0.1732189116,-0.02124869833,0.01080525829,-0.8000007029,-1.135187671,0.9040276755,0.1189325481,0.0910243839,-0.03270783143,-0.07688595946,0.04506164168,-1.879609721,1.597584031,-0.3185334816,-0.1517128962,-0.0368107709,0.1483612862,0.2154331667,-2.027352604,-1.552727964,0.4545634512,-0.210094933,-0.1016347908,0.3108944418,-0.1782229653
-0.002796308666,-0.04295694703,0.09963123736,-0.5202635824,-0.4785456911,0.5072467991,-0.4929711058,-0.04425532029,0.419414791,0.9763190158,0.4605465583,0.1740735265,-0.02179068247,0.006510777673,-0.8139317042,-1.132842728,0.9183057576,0.1135615247,0.09127043188,-0.0325216582,-0.0762966877,0.04500265953,-1.877653267,1.59789988,-0.3154891378,-0.1515158502,-0.03894677423,0.1423856581,0.2176746042,-2.026185156,-1.55254878,0.4519981035,-0.2075938528,-0.09986744388,0.3060138434,-0.1800468666
-0.002541642673,-0.04292620012,0.09999061733,-0.5201955769,-0.4788850363,0.5071665382,-0.4927958871,-0.04705609937,0.4207399894,0.9687594569,0.4607911539,0.1748749893,-0.02227275215,0.002410682202,-0.8277905827,-1.1305582,0.9322973587,0.1089810563,0.0914242776,-0.03228843783,-0.07536098342,0.0456610321,-1.875583095,1.59839998,-0.312390933,-0.1515448953,-0.04096670276,0.1366586141,0.2198119239,-2.024789913,-1.552389096,0.4492010203,-0.205302092,-0.09835503469,0.3014081824,-0.1817829681
-0.002270330957,-0.04289116868,0.1003777324,-0.520107375,-0.4792115914,0.5070995609,-0.4926404413,-0.04997153634,0.4221033072,0.9609143285,0.4610837139,0.1757415674,-0.0228521895,-0.002234607007,-0.8426232725,-1.1283686,0.9472115073,0.1041938296,0.09137562081,-0.03196546315,-0.07433676676,0.04641997639,-1.873251072,1.598908252,-0.3092129404,-0.1514697928,-0.04303553661,0.130531418,0.2221326953,-2.023252006,-1.552078767,0.4463168075,-0.2029381868,-0.09680002253,0.2964638238,-0.1836933631
-0.002013920806,-0.04288076651,0.1008075649,-0.5198627187,-0.4795013654,0.5070221682,-0.4926963722,-0.05266525141,0.4239156956,0.9531402233,0.4613124447,0.1765509004,-0.02335761126,-0.006837133915,-0.8573244026,-1.126318174,0.9613332974,0.1000096569,0.09126411148,-0.03167415094,-0.0730066513,0.04781197412,-1.870956711,1.599511584,-0.306051495,-0.1516481233,-0.04498285033,0.1246198524,0.2242954037,-2.021695841,-1.5519572,0.4434290943,-0.2007450757,-0.09543406039,0.2918577655,-0.1854906344
-0.001738801142,-0.04286201748,0.1012628116,-0.5196163885,-0.4798203147,0.5069708236,-0.4926985472,-0.05545111319,0.4256843748,0.9452352395,0.4614718617,0.1774433374,-0.02400900548,-0.01206032557,-0.8728914515,-1.124503567,0.975911484,0.09548427225,0.09094932692,-0.03127307631,-0.07169795429,0.04914620499,-1.868566659,1.600108579,-0.3029801652,-0.151778907,-0.04701821645,0.118324328,0.2266116093,-2.02019546,-1.551777701,0.4406943729,-0.1983563709,-0.09403196186,0.28693554,-0.1874324362
-0.001472373503,-0.04286460821,0.1017599132,-0.5192375484,-0.4801493678,0.5069297216,-0.4928196529,-0.05802291318,0.4277885388,0.9375091811,0.4615096771,0.1782702164,-0.02459556205,-0.01727468197,-0.8881875063,-1.122929339,0.9893159107,0.09141079732,0.0906210243,-0.03081348962,-0.07020072076,0.05093367799,-1.866289827,1.600746752,-0.2999813202,-0.1521906371,-0.04894999362,0.1122511405,0.2287490782,-2.018750391,-1.5518531,0.4380072496,-0.196066291,-0.09279670365,0.2823515502,-0.1892363509
-0.001180185183,-0.04285499987,0.102280766,-0.5188683173,-0.4805465647,0.5069386031,-0.4928122574,-0.06067231053,0.4298241957,0.9296265101,0.4613761441,0.179311204,-0.02532764249,-0.02312964958,-0.904364165,-1.121653536,1.00326594,0.08688663918,0.09003736378,-0.03022386333,-0.06880993284,0.05252212625,-1.863959985,1.601376278,-0.2970668677,-0.1526207423,-0.05101335747,0.1058243687,0.2310694182,-2.017274359,-1.551788297,0.4356824176,-0.1935935258,-0.0915276979,0.2774631382,-0.1911442861
-0.0008899069167,-0.04286719264,0.1028426689,-0.51836465,-0.4809881788,0.5069799587,-0.4928689308,-0.06308883248,0.4321954052,0.9218549265,0.4610769547,0.1803036035,-0.02598115728,-0.02900580969,-0.9202771306,-1.120626076,1.016195899,0.08278876086,0.089452413,-0.02950193926,-0.06726499086,0.05447044344,-1.861693591,1.602032518,-0.2941559584,-0.1533750157,-0.05298584814,0.09963433346,0.2332243321,-2.015713249,-1.551893168,0.4334123627,-0.1912459557,-0.09038748938,0.2728664622,-0.1928702093
-0.0005644994079,-0.04287213664,0.1034158721,-0.5178857716,-0.4814659624,0.5070905636,-0.4927920606,-0.06548755432,0.434384205,0.9137656949,0.4605686947,0.1815385491,-0.02676110112,-0.03556332911,-0.9369375662,-1.11968109,1.029924312,0.07830815487,0.08857890701,-0.02869804338,-0.06584892242,0.05621654814,-1.859208715,1.602816865,-0.2912705424,-0.1542093189,-0.05508587536,0.0932122054,0.2355671452,-2.014105913,-1.551738093,0.4314722927,-0.1887902164,-0.0891870795,0.2679692721,-0.1946893493
-0.0002336736813,-0.04290424478,0.104018131,-0.5172733225,-0.4819571064,0.5072441215,-0.492797178,-0.06757304792,0.4368529025,0.9055996939,0.4599131845,0.1827087183,-0.02744508454,-0.04219325504,-0.953249169,-1.118840984,1.042955957,0.07432362046,0.08771085786,-0.02778855552,-0.06425934281,0.05834053851,-1.856590115,1.603687373,-0.2882875783,-0.1553960883,-0.05708314934,0.08708019844,0.2377385912,-2.012347285,-1.55165928,0.4294426745,-0.1865098304,-0.08809076071,0.2633181091,-0.1963097616
0.000135674884,-0.04293349376,0.1046098796,-0.5167177324,-0.4823952829,0.5074382802,-0.492751426,-0.06956561487,0.4389865069,0.897031122,0.4592111183,0.1840995399,-0.0281696941,-0.04947541723,-0.9700749496,-1.11799689,1.05705993,0.06993267418,0.08646630056,-0.02705188019,-0.06277538326,0.06030678643,-1.853476286,1.604673637,-0.2850892192,-0.1566763268,-0.0591069323,0.08082531434,0.2400575623,-2.010518575,-1.551249384,0.4276668033,-0.1842159194,-0.08690587389,0.2583306804,-0.198094956
0.0005092092188,-0.04299088985,0.1052120459,-0.5160564483,-0.4827899815,0.5076767172,-0.4928122632,-0.07115874987,0.441274222,0.8883807101,0.4585305582,0.1854237671,-0.02879237487,-0.05680993273,-0.9862759914,-1.11721958,1.070535962,0.06601347909,0.08525169229,-0.02631343581,-0.06117281911,0.06263302513,-1.850055144,1.605697293,-0.2816344674,-0.1582771183,-0.06097759401,0.07490636584,0.2421771307,-2.008437827,-1.550864035,0.4256298975,-0.1821535392,-0.08581982521,0.2535247152,-0.1997043919
0.0009197884858,-0.04304707771,0.1057873986,-0.5155575429,-0.4829819747,0.5078704116,-0.4929467284,-0.07279738804,0.4429213246,0.8793561258,0.4579976558,0.1870243869,-0.02941963322,-0.06470893679,-1.00179797,-1.115467099,1.084104587,0.06151831145,0.08370575136,-0.02617816816,-0.05971290336,0.06481032367,-1.846047742,1.606713345,-0.2778751317,-0.1598456369,-0.06271398455,0.06893126677,0.2443269689,-2.006229735,-1.550150929,0.4236429114,-0.1801930836,-0.08464778602,0.2483480919,-0.2014621715
0.001336160076,-0.04311187708,0.106350384,-0.5150668209,-0.4830440942,0.5081166151,-0.4931450887,-0.07418602846,0.4442104419,0.8703375659,0.457637216,0.1885735782,-0.02995582107,-0.07228641389,-1.015779214,-1.11351442,1.096295699,0.0572753021,0.08226079067,-0.02615681706,-0.05838830061,0.06717400011,-1.841802439,1.607638081,-0.2739013478,-0.1615192021,-0.06425831819,0.06330032008,0.2462304655,-2.003785561,-1.549417383,0.4213062194,-0.1784699165,-0.08358283439,0.2433011749,-0.2030531647
0.001776355209,-0.0431564735,0.1068687622,-0.5149513517,-0.4827597596,0.5082901391,-0.4933652342,-0.07591555844,0.4439802782,0.8612089113,0.4574499073,0.1903956489,-0.0304508852,-0.08002423299,-1.027384178,-1.110122554,1.107242522,0.05211308491,0.08050586602,-0.02711107052,-0.05765869775,0.06914823518,-1.837095695,1.608334873,-0.26949849,-0.162931127,-0.06559203356,0.05756784244,0.2480815708,-2.001196588,-1.548355045,0.4189918303,-0.1768737426,-0.08245091766,0.2378238762,-0.2048368792
0.002185102628,-0.04316440304,0.1073388277,-0.5150186201,-0.4822937538,0.508585297,-0.4934466047,-0.07755956032,0.4425556085,0.8524220165,0.4574984941,0.1921519381,-0.03089213308,-0.086880388,-1.036550091,-1.107033907,1.116584639,0.04708529474,0.07886641011,-0.02816198599,-0.05768436801,0.0708878519,-1.832684758,1.608779143,-0.265250241,-0.1640472703,-0.06679754813,0.05207568288,0.2496769499,-1.998317616,-1.547202532,0.4163790743,-0.1754693786,-0.08143936222,0.2324597518,-0.2064961155
0.002577988827,-0.04315969722,0.107806873,-0.5154276839,-0.4817982955,0.5088806798,-0.4931989039,-0.07989135638,0.4391681829,0.8439574594,0.4572641487,0.193892693,-0.03133543111,-0.09324345821,-1.043459258,-1.104557096,1.124587804,0.04121286405,0.07699224514,-0.02954502291,-0.05856271553,0.07168837704,-1.828917114,1.608759122,-0.2614009609,-0.1643427044,-0.0678200861,0.04615050985,0.2512921223,-1.99506569,-1.545710104,0.4139829638,-0.1742222763,-0.08040919688,0.2267759323,-0.2085779489
0.002934651339,-0.04314880738,0.1083012451,-0.5158682445,-0.4814294801,0.5093354206,-0.4926287033,-0.08228369886,0.4346061719,0.8363131042,0.4570713677,0.1954465949,-0.03175531873,-0.09909378483,-1.048541054,-1.103369777,1.132031042,0.03585672515,0.07519313395,-0.0304984731,-0.05994165147,0.07212583395,-1.825898371,1.608670872,-0.2580580941,-0.1640989896,-0.06880962397,0.04031213852,0.2527736259,-1.991571441,-1.543967931,0.4115217137,-0.1731949949,-0.07954715988,0.221241689,-0.2105637676
0.00322376001,-0.04315260058,0.1089131018,-0.5165210235,-0.4812155606,0.5097000148,-0.4917758752,-0.08552727222,0.4286812159,0.8290019924,0.4561906633,0.1971055113,-0.03215598499,-0.1052720362,-1.052203064,-1.102860909,1.139555464,0.02994510434,0.07305265019,-0.03153436628,-0.06170603682,0.07186613841,-1.823468958,1.608374721,-0.2550650822,-0.1630481821,-0.06961505152,0.0339917519,0.2542527279,-1.987876632,-1.541831628,0.4091489762,-0.172404694,-0.07879346982,0.215444608,-0.2128651797
0.003449050438,-0.04318194391,0.1096530019,-0.5170690718,-0.4811322521,0.5101197623,-0.4908453514,-0.088856913,0.4221466045,0.8222064646,0.4552179129,0.1985861582,-0.0325181444,-0.1115364531,-1.054432005,-1.102893795,1.147217806,0.02473221593,0.07099191693,-0.03225054567,-0.06342952782,0.07184347844,-1.821554084,1.608177078,-0.2523676266,-0.1615154869,-0.07037712824,0.02775158251,0.2556185038,-1.984228955,-1.539416224,0.4066678094,-0.1718746059,-0.07824532372,0.2098438964,-0.2149963124
0.003578293269,-0.04324367552,0.1105933481,-0.5177560221,-0.4811188653,0.5103524054,-0.4898915813,-0.09310211678,0.414685155,0.8149997106,0.4535055266,0.2000683763,-0.03285752348,-0.1185298118,-1.055588685,-1.102667433,1.155255508,0.01897314852,0.06867124782,-0.03322561641,-0.06518275466,0.07165013549,-1.81994246,1.607785615,-0.2499172258,-0.1593520169,-0.07095679511,0.02103606835,0.2571485499,-1.980551398,-1.536722567,0.4043657276,-0.1714461083,-0.0778582061,0.2039366464,-0.2175104552
0.003627570333,-0.04335784529,0.1117317779,-0.5182471569,-0.4811400238,0.5105958703,-0.4890971469,-0.09748005784,0.4067651892,0.8072483109,0.4516331011,0.2013221856,-0.03314854701,-0.1257549875,-1.055366289,-1.102129449,1.163198707,0.01382923716,0.06648207464,-0.03403928322,-0.06662985679,0.07227196825,-1.818511963,1.607347824,-0.2474966158,-0.1568074198,-0.07148199855,0.01435068618,0.2586207053,-1.977005,-1.533848238,0.4019274409,-0.1712011894,-0.07765905711,0.1982387234,-0.2198507639
0.003592943171,-0.04351593515,0.1130873231,-0.5187574472,-0.481161077,0.510701189,-0.4884250449,-0.102826172,0.3978872335,0.7975074424,0.4490960158,0.2024297548,-0.03350685892,-0.1337086166,-1.054152957,-1.100667461,1.17117971,0.008061906412,0.06414169495,-0.03510726772,-0.06793548917,0.07314073113,-1.817039303,1.60657621,-0.2450925798,-0.1537518775,-0.07178577801,0.007215174464,0.2602858548,-1.973360642,-1.530775684,0.3995114528,-0.1709301992,-0.07767408597,0.1922309776,-0.2226872514
0.003475158719,-0.0437324619,0.1146299479,-0.5188963443,-0.4811728625,0.5109592908,-0.4879957617,-0.1081754861,0.388420229,0.7857675214,0.4464795167,0.2032840946,-0.03382103156,-0.1417812847,-1.051548994,-1.098359133,1.178695504,0.002792486457,0.06196010922,-0.03585373905,-0.06889932312,0.07521403864,-1.815510597,1.605580983,-0.2425503254,-0.1503054225,-0.07203976318,5.083383257e-05,0.2618630136,-1.969637535,-1.527486071,0.3968458962,-0.1707331584,-0.0778568683,0.1864551108,-0.2253993797
0.003264490681,-0.04399285848,0.1163244598,-0.518905239,-0.4811562317,0.5112746629,-0.48767228,-0.1142975605,0.3776169845,0.7710367663,0.443399422,0.2039197243,-0.03416415638,-0.1503633585,-1.048056238,-1.094961963,1.186127439,-0.003101051624,0.05969507778,-0.03648956168,-0.06984666827,0.07764760529,-1.813693508,1.604162348,-0.240115202,-0.146332531,-0.07215577455,-0.007608961814,0.263761753,-1.96553313,-1.523890453,0.3940706609,-0.1703271558,-0.07825872881,0.1803808235,-0.2285674761
0.002957711617,-0.04430373938,0.1181257499,-0.5184688054,-0.4811144935,0.5118643804,-0.4875590201,-0.1200898342,0.3662115385,0.7546186716,0.4404342472,0.2043430947,-0.0344476986,-0.1587558231,-1.043342725,-1.090843146,1.193063961,-0.008506686308,0.05760382733,-0.03668207836,-0.07061368474,0.08113991218,-1.811633544,1.602431801,-0.2376249386,-0.1419362064,-0.07227665409,-0.01536731143,0.2655735293,-1.961108761,-1.520068641,0.3912581545,-0.1699225987,-0.07879198829,0.1746192296,-0.2316040841
0.002574995701,-0.04463708508,0.1199647604,-0.5179312059,-0.481046227,0.512537647,-0.4874904655,-0.1262919938,0.3539299645,0.7367781774,0.4374913821,0.2046164835,-0.03481735656,-0.1671943531,-1.03814263,-1.086212801,1.199928996,-0.01447077398,0.05551686184,-0.03670069122,-0.07143738115,0.08453249547,-1.809052724,1.600318333,-0.2354641694,-0.137106134,-0.07230423876,-0.0235129947,0.2677032094,-1.956276106,-1.51603449,0.3887390553,-0.1692885332,-0.07946800788,0.168695462,-0.2350809134
0.002126556655,-0.04499858496,0.1218165336,-0.5171396223,-0.4809401845,0.5133805421,-0.4875485298,-0.1318454104,0.3417574142,0.7197371015,0.4348690859,0.2047812011,-0.03519465289,-0.175039049,-1.032325554,-1.081582707,1.20633889,-0.01992030774,0.05363724143,-0.03655738182,-0.07222685229,0.08824827156,-1.806047702,1.59788213,-0.2333557363,-0.132006688,-0.07230026626,-0.03166029996,0.2696990208,-1.951164429,-1.511921829,0.386670341,-0.1685859034,-0.08008388089,0.1631967756,-0.2384076207
0.001646591454,-0.04536325795,0.1236325658,-0.5164959781,-0.4807994004,0.5141416328,-0.4875676596,-0.1375517659,0.3296527973,0.703812704,0.432597364,0.2048155262,-0.03576047433,-0.1825887064,-1.02667488,-1.07719045,1.212732577,-0.02583200526,0.05188389606,-0.03653920554,-0.07316643024,0.09113276816,-1.802355864,1.59514799,-0.2316450605,-0.1267000427,-0.07218380456,-0.03998231851,0.271988274,-1.945787232,-1.507891223,0.3853426995,-0.1675831396,-0.0805483236,0.1575257105,-0.2420615121
0.001143337416,-0.0457360799,0.1254104535,-0.5158605191,-0.4806031181,0.5148965561,-0.4876372671,-0.1425249064,0.3183514273,0.6901650026,0.4306412981,0.2047880218,-0.03639139467,-0.1893711485,-1.021086806,-1.073299334,1.21876776,-0.03119401672,0.05034877469,-0.03669135244,-0.07419820151,0.09368248725,-1.798248037,1.592104733,-0.2300855169,-0.121364373,-0.07195745173,-0.04813481549,0.2741059476,-1.940257464,-1.503987953,0.3847716859,-0.1664945271,-0.0807880666,0.1523648092,-0.2455173642
0.0006579218595,-0.04609060894,0.1271187786,-0.5155599909,-0.4803628992,0.5154418852,-0.4876156723,-0.1476937319,0.3075226786,0.6776690519,0.4290294799,0.2045470242,-0.03730561998,-0.1958484682,-1.016255773,-1.06984732,1.224867156,-0.03690305693,0.04905044231,-0.03711423376,-0.07542473366,0.09504393133,-1.793550529,1.588797482,-0.2289047242,-0.1160616381,-0.0716427438,-0.05624010266,0.2764494157,-1.934560673,-1.500416923,0.3849484119,-0.1651038143,-0.08078905277,0.1470177535,-0.2491842071
0.0001858416186,-0.0464382428,0.1287701213,-0.5153417638,-0.480067804,0.5159444514,-0.4876054687,-0.1523805924,0.2974499202,0.6662993657,0.4277105325,0.2042532939,-0.03821225277,-0.2016869836,-1.011863484,-1.066730141,1.230649711,-0.04204975353,0.04794196574,-0.03764585603,-0.07676467611,0.0960078721,-1.788630081,1.585219038,-0.2279093106,-0.1109462916,-0.07119630459,-0.06401236673,0.2786017415,-1.928824532,-1.497120938,0.3857303246,-0.1636588491,-0.08057425329,0.1421600633,-0.2526142914
-0.0002223051168,-0.04671492717,0.1303105498,-0.5153427685,-0.4797399302,0.5163433428,-0.487504854,-0.1575046822,0.28838768,0.6544626173,0.4269620143,0.203723168,-0.03940587526,-0.2073760532,-1.008576911,-1.063535908,1.236699921,-0.04744399488,0.04704929302,-0.03812820691,-0.07816290753,0.09608254322,-1.783330199,1.581531532,-0.2272852828,-0.1059999461,-0.07055913221,-0.07158579551,0.2808455781,-1.922957968,-1.494162267,0.3869494433,-0.1619832067,-0.08022100788,0.1370388424,-0.2561470621
-0.0005698495171,-0.04694177896,0.1317510531,-0.5152897751,-0.4793539846,0.5168345283,-0.4874200195,-0.1623031234,0.2803846508,0.6423345296,0.4264832771,0.2031763818,-0.04050436493,-0.2125992719,-1.005951444,-1.060064995,1.24248787,-0.05227922091,0.04628017407,-0.03836482948,-0.07953823241,0.09611008732,-1.777930144,1.577743759,-0.2268789768,-0.1013345721,-0.06971160653,-0.07868071366,0.2828891059,-1.917231934,-1.491362974,0.3884901612,-0.1602588224,-0.07976965076,0.1323509614,-0.2594167288
-0.0007996993098,-0.04703024995,0.1330354805,-0.5152051735,-0.4789936042,0.5173490859,-0.4873178425,-0.1673722627,0.2742368125,0.6295475437,0.4269983336,0.2020561403,-0.04206723127,-0.2177274372,-1.004330239,-1.055982101,1.248713053,-0.05732086282,0.04580807749,-0.03814887127,-0.08056268666,0.09567801101,-1.772166881,1.573953154,-0.2267886047,-0.09676808551,-0.06869854449,-0.08543837845,0.2849970302,-1.911876148,-1.488567297,0.3904836717,-0.1579231784,-0.07932871854,0.1272929467,-0.262693501
-0.0009289882344,-0.04702976385,0.1341826602,-0.5150260551,-0.4785736679,0.5179695233,-0.4872606898,-0.1718321768,0.2694558399,0.6164264598,0.4274941679,0.2013839116,-0.0434117207,-0.2224697731,-1.003518926,-1.051410083,1.254712965,-0.06182167673,0.04543543184,-0.03758722776,-0.08140804431,0.0952962828,-1.766389035,1.570146697,-0.2270254745,-0.09240050179,-0.06762746645,-0.09165552772,0.2869261898,-1.906893495,-1.485738424,0.3925983341,-0.1553358373,-0.078908968,0.1226357856,-0.2656927876
-0.0009654605356,-0.04691034528,0.1351912556,-0.5149968434,-0.4781145369,0.5184798074,-0.4871995795,-0.1761418125,0.2657876253,0.6026890687,0.4280796356,0.2010995865,-0.04555278573,-0.2271867835,-1.003964356,-1.046444328,1.261076,-0.06647729108,0.04535916514,-0.03700653017,-0.08208623563,0.09431795833,-1.760504396,1.566228701,-0.2275498769,-0.08794567151,-0.06658944096,-0.09775462789,0.2888816595,-1.902195385,-1.482889627,0.3948510939,-0.1521869223,-0.07862460556,0.1174892541,-0.2685355078
-0.0009349709566,-0.04673149297,0.1360897415,-0.5150173659,-0.4775780926,0.5189847864,-0.4871663676,-0.1797339808,0.2627345511,0.5884790944,0.4287897714,0.2013255296,-0.04770585686,-0.2316242111,-1.005341223,-1.041245266,1.26708755,-0.07063607897,0.04533834084,-0.03633151186,-0.08273347778,0.09328562316,-1.754808522,1.562340409,-0.2283847676,-0.08362847577,-0.06566697484,-0.1034533532,0.2906665028,-1.897830128,-1.480145161,0.3969759631,-0.1489526242,-0.07840361051,0.1126942299,-0.2710530376
-0.0008631934087,-0.04647649511,0.1368890045,-0.5152032431,-0.4770588337,0.5193451569,-0.4870945448,-0.1832433261,0.2602651622,0.5733403309,0.4298254722,0.201585184,-0.05055501376,-0.2362677135,-1.007695946,-1.035709273,1.273300602,-0.0749644881,0.04561221187,-0.03569349947,-0.08334040967,0.09170952924,-1.749331406,1.558374751,-0.2294928796,-0.07926950653,-0.06485941929,-0.1091033956,0.2924164808,-1.893614958,-1.477517182,0.3989837167,-0.1452849925,-0.07834388665,0.1073888339,-0.2733322801
-0.0007741152003,-0.04619618905,0.1376114913,-0.5153844128,-0.4765196755,0.5197094664,-0.4870420684,-0.1862708187,0.2582048173,0.5576316911,0.4310798115,0.2018025852,-0.05327101077,-0.2407634426,-1.010598662,-1.029929303,1.279058915,-0.07885804556,0.04590007673,-0.03492516451,-0.08395075451,0.09025445457,-1.744254392,1.554598752,-0.2308566976,-0.07516133959,-0.06422639523,-0.1142925602,0.2939932099,-1.889688353,-1.475138137,0.4007366976,-0.1416902608,-0.07831995675,0.1024288963,-0.2752721146
-0.0006758452726,-0.04587725246,0.1382878348,-0.5156483313,-0.4760172765,0.5199790657,-0.4869662433,-0.189509707,0.256445697,0.5410724427,0.4323972207,0.2015914579,-0.05651513175,-0.2455008613,-1.013866881,-1.023803605,1.28479948,-0.08297943351,0.04643895062,-0.03407626331,-0.08452376601,0.08858911668,-1.739513152,1.550703805,-0.2324057604,-0.07097563858,-0.06360922363,-0.1195468135,0.2955260935,-1.886009924,-1.472929922,0.4022957186,-0.1378229491,-0.07846058636,0.09696107887,-0.2768901083
-0.0005836536377,-0.04555396135,0.1389295178,-0.5158310716,-0.4755175054,0.5202802206,-0.4869393182,-0.1925239396,0.2550068076,0.5242945616,0.4334648493,0.2009066898,-0.05952821676,-0.2500822186,-1.01716926,-1.017517119,1.290060151,-0.08671108934,0.04694904487,-0.03305593916,-0.08503669894,0.08729144328,-1.735227259,1.54699576,-0.2341034131,-0.06699578376,-0.06310878789,-0.124397771,0.2968928196,-1.882698631,-1.470964572,0.4036153149,-0.1341081526,-0.07861416668,0.0918363503,-0.2781611844
-0.0004875969656,-0.04519458223,0.1395450789,-0.5159411176,-0.4752171,0.5205540532,-0.4868233238,-0.1957667583,0.2543251232,0.5074942793,0.4336915833,0.1997071783,-0.06285696051,-0.254873065,-1.021209189,-1.011555023,1.295385018,-0.09067254248,0.04760442913,-0.0316811433,-0.08530665697,0.08582448457,-1.731295408,1.543142724,-0.2358007633,-0.06282611844,-0.06249071147,-0.1295061646,0.2982522176,-1.879688307,-1.469029091,0.4048828796,-0.130133625,-0.078926066,0.08618002141,-0.2790461132
-0.000404641725,-0.04483492558,0.1401547454,-0.5158693402,-0.4750701605,0.5208777596,-0.486696544,-0.1987325122,0.2543106943,0.4911650611,0.4333339141,0.1983579731,-0.06597722219,-0.2596364347,-1.025760037,-1.005975569,1.300377828,-0.09422995445,0.04819530921,-0.03001774573,-0.08534232906,0.08468606652,-1.727858123,1.539534873,-0.2374841669,-0.05881092599,-0.0619171915,-0.1342826493,0.2994684246,-1.877040085,-1.467166946,0.4060129446,-0.1262865634,-0.07924373538,0.08085663518,-0.2796081196
-0.0003388800092,-0.04445893144,0.1407667279,-0.5157305405,-0.4751301178,0.5211623265,-0.4864804314,-0.2017837996,0.2548058911,0.4750697976,0.432333145,0.1974424021,-0.06940191888,-0.2650270803,-1.031161527,-1.000732037,1.305870546,-0.09787230448,0.04883012089,-0.02809787613,-0.08514155353,0.08338481139,-1.724789231,1.5358108,-0.2391312188,-0.05449642461,-0.0611452609,-0.13940952,0.3006826584,-1.874706699,-1.465196092,0.4071442547,-0.1222021355,-0.0797443216,0.07497718599,-0.279836039
-0.0003167408045,-0.04410330157,0.1413903546,-0.5154047828,-0.4753004095,0.521438973,-0.4863628565,-0.2043319834,0.2558582891,0.4596481371,0.4314205346,0.1969616957,-0.07267490969,-0.2706915034,-1.037233354,-0.9958847473,1.311510987,-0.1009844217,0.04935768393,-0.02613476173,-0.08461919826,0.08251268607,-1.722183623,1.532319497,-0.2407110949,-0.05027277379,-0.06039097258,-0.1442124406,0.3017605202,-1.872656028,-1.463245411,0.4081875115,-0.1182818797,-0.08023497677,0.06943884564,-0.2798266772
-0.0003575667547,-0.04375403206,0.1420093219,-0.5150390576,-0.475533254,0.521577036,-0.4863746386,-0.2067973281,0.2573732535,0.4444359165,0.4305262415,0.1973472408,-0.07606721775,-0.2772234247,-1.044139624,-0.9910881831,1.318290355,-0.1040087958,0.04986837301,-0.02433505236,-0.08379066413,0.08166414954,-1.719907081,1.528639721,-0.2422529639,-0.04566467113,-0.05941406842,-0.14948717,0.3028784203,-1.870783103,-1.461299877,0.4092481858,-0.1142533015,-0.08082864817,0.0634034337,-0.2795242508
-0.0004773875385,-0.04344316525,0.1426255593,-0.5144801303,-0.4757622687,0.5216104399,-0.4867062853,-0.2087335272,0.2596009834,0.4298935739,0.4299077222,0.1982136857,-0.07915139797,-0.2840850028,-1.051508153,-0.9865419377,1.325469324,-0.1064745261,0.05027254615,-0.02283238806,-0.08247221932,0.08140898332,-1.717944402,1.525133067,-0.2437090998,-0.04111329831,-0.05846808263,-0.1544505495,0.3038936938,-1.869051037,-1.459489869,0.4102738016,-0.1104999832,-0.08133916124,0.05773636565,-0.2790554433
-0.0006885090817,-0.04315467028,0.1432233381,-0.5139618212,-0.4758808151,0.5213684944,-0.4873967472,-0.210809131,0.2622749338,0.4153921559,0.4293009045,0.2000557436,-0.0822451756,-0.2915395751,-1.05877173,-0.9814228717,1.333311662,-0.1090090575,0.05070343502,-0.02197375239,-0.08078963926,0.0813028176,-1.716274334,1.521409688,-0.2452388413,-0.03616729867,-0.05729790344,-0.1599417045,0.3049704004,-1.867341037,-1.457953589,0.4112950835,-0.10680842,-0.08191126773,0.05153401321,-0.2784384033
-0.0009769372327,-0.04290272977,0.1437976748,-0.5133521717,-0.4759329873,0.5210114049,-0.4883691794,-0.2126183533,0.2653717144,0.4016891909,0.4287527295,0.2024572116,-0.08497441355,-0.2986895486,-1.065489765,-0.9764890544,1.340646733,-0.111339444,0.05111170718,-0.02147920961,-0.07879712961,0.08157763365,-1.714792102,1.517879452,-0.2467975508,-0.03124352021,-0.05618166074,-0.1650995085,0.3059690631,-1.865690739,-1.456635434,0.4123699992,-0.1034564723,-0.08235094295,0.04569791727,-0.277752029
-0.001356453238,-0.04265481461,0.1443325244,-0.5128065761,-0.4760280137,0.5205601576,-0.4893300195,-0.2146930514,0.2687715547,0.3884436617,0.4284159258,0.2058045374,-0.08755736904,-0.305659482,-1.071448996,-0.9717287688,1.347304609,-0.1141867692,0.05169117934,-0.02106875525,-0.07687006683,0.08149228922,-1.713505097,1.514378628,-0.2485521189,-0.02586862188,-0.05483207184,-0.170893857,0.3071332433,-1.863939464,-1.455502723,0.4135757456,-0.1002159036,-0.08278746872,0.03943318494,-0.2769009475
-0.001790868748,-0.04241820048,0.1448372494,-0.5122354129,-0.4761885803,0.5201962012,-0.4901583724,-0.2166475907,0.2722500444,0.3763359174,0.428163956,0.2097292356,-0.08975529462,-0.311935196,-1.076463568,-0.9674731565,1.352692726,-0.11705407,0.05228915206,-0.02052422881,-0.07514000889,0.08128077258,-1.712332708,1.511317673,-0.2504359432,-0.02044781753,-0.0535473924,-0.1763313602,0.3082708793,-1.86228757,-1.454325948,0.4149974576,-0.09724446422,-0.08307682931,0.03356699509,-0.2760080419
-0.002287418383,-0.04217223404,0.1453307155,-0.511935024,-0.4762074011,0.5197512077,-0.4909253756,-0.2192745471,0.2751821268,0.3642609104,0.4283775071,0.2144951919,-0.09185543496,-0.3179239312,-1.079580201,-0.9621916867,1.357084823,-0.1204303985,0.05309312141,-0.02049258247,-0.07393037212,0.08063288242,-1.711529133,1.508342272,-0.2527868807,-0.01446736697,-0.05204859088,-0.1824102428,0.3095783603,-1.860618038,-1.453217239,0.4166943973,-0.09430185935,-0.08323729073,0.0276219472,-0.2747869867
-0.002784129016,-0.04193616852,0.1458269859,-0.51172416,-0.4761593597,0.5194321745,-0.4915291083,-0.2219716848,0.2774559171,0.3529509574,0.4287075009,0.2197277526,-0.09361332263,-0.3232251168,-1.081386978,-0.9569753931,1.360728579,-0.1235670118,0.05380980469,-0.02052401103,-0.07314178454,0.0799161459,-1.710744308,1.505736995,-0.2552369402,-0.008401121185,-0.0506281972,-0.1880670564,0.3108543679,-1.859189241,-1.451960046,0.418730159,-0.09151235531,-0.08328164919,0.02203331183,-0.2735823128
-0.00326158819,-0.0416798694,0.1463253745,-0.511632601,-0.476159104,0.5192202228,-0.4918485027,-0.2249682662,0.2793430902,0.3419906242,0.4295133175,0.2253622276,-0.09542163777,-0.3284071619,-1.082538295,-0.9517778339,1.364186485,-0.1268711553,0.05460177299,-0.0204715958,-0.07276628658,0.07875993694,-1.710080785,1.503415043,-0.2578510424,-0.00191878257,-0.04900885079,-0.1943178824,0.3123205358,-1.857975602,-1.450565972,0.4212349498,-0.08863136686,-0.08326417504,0.01638967525,-0.272131945
-0.003694769747,-0.04142771312,0.1468411933,-0.5115414713,-0.4761696505,0.5191850898,-0.4919701511,-0.2277940317,0.2808382137,0.331727353,0.430397406,0.2311607462,-0.09695672873,-0.3332278258,-1.083256341,-0.9469354614,1.367522232,-0.1297531407,0.05527708239,-0.02029209671,-0.07266173576,0.0776385314,-1.709381821,1.501523238,-0.2603912805,0.004499191977,-0.04750849785,-0.2000983894,0.3137236794,-1.857033496,-1.448932004,0.4240370101,-0.08578990801,-0.08323461084,0.0110093017,-0.2708683124
-0.004095748113,-0.04114649082,0.1473722964,-0.5115240195,-0.4762270492,0.5192220035,-0.4918937753,-0.2307927334,0.2821581693,0.3217011165,0.4317882277,0.2367462185,-0.09874441754,-0.3382698055,-1.08387298,-0.9419703695,1.37096793,-0.132711695,0.05604870168,-0.0201103058,-0.07280915832,0.07623621833,-1.70897214,1.49993761,-0.2631496926,0.01120282266,-0.04585237864,-0.2063857746,0.3153305287,-1.856325746,-1.447205727,0.4272521162,-0.0827885163,-0.0832714397,0.005522273388,-0.2695965552
-0.004470782112,-0.04085920187,0.1479215563,-0.5114956674,-0.4762387152,0.5193496966,-0.4917771457,-0.233585355,0.28333779,0.3120710221,0.4332093919,0.2420104289,-0.1003128249,-0.3430469206,-1.084434995,-0.9372059337,1.374443779,-0.1352669112,0.05672195337,-0.02000272525,-0.07309668662,0.07502023817,-1.708716681,1.498592313,-0.2659248462,0.01781309301,-0.04432535075,-0.2121371355,0.316866151,-1.855783438,-1.445372034,0.4306508351,-0.07978626193,-0.08337035419,0.0002179420591,-0.2687235844
-0.004840836947,-0.04053851143,0.14847116,-0.5115350997,-0.4762435602,0.5194837664,-0.491589798,-0.2364414489,0.2844861942,0.3025399173,0.4349917774,0.2463638189,-0.1021726311,-0.348085869,-1.085121187,-0.932233646,1.377976654,-0.1379083391,0.05747956538,-0.0200434054,-0.07357726184,0.07360469969,-1.708947957,1.497367592,-0.2691000689,0.02467589044,-0.04259898727,-0.2183726255,0.3186337,-1.855388054,-1.443578779,0.4343905497,-0.07658800886,-0.08360826233,-0.005189642456,-0.2680801736
-0.00521380172,-0.04020981689,0.1490241901,-0.5115639365,-0.4761685186,0.519650279,-0.4914564765,-0.2390848272,0.2856431817,0.2932438329,0.4366548058,0.2498349876,-0.1038410579,-0.3528471678,-1.085870902,-0.9274246528,1.3813788,-0.1402341253,0.05814818288,-0.02024376227,-0.07414748023,0.07240186093,-1.709402433,1.496157097,-0.2723785029,0.0314704607,-0.04096572873,-0.224025509,0.3203377932,-1.855037981,-1.441809934,0.4382495254,-0.07337889145,-0.08391974794,-0.01046595825,-0.2679756663
-0.005604921062,-0.03984943975,0.1495731147,-0.5116617302,-0.4760845135,0.5197870825,-0.4912913583,-0.2418178663,0.2868431857,0.2839736585,0.4386389427,0.2518285214,-0.1058134391,-0.3579410118,-1.086747572,-0.9223794765,1.384644168,-0.1426909843,0.05896307798,-0.02053703087,-0.07486397824,0.07101854706,-1.710446113,1.494924654,-0.2761763094,0.03855639871,-0.03908228963,-0.2300391178,0.322334842,-1.85480651,-1.440176968,0.442337761,-0.07001307649,-0.08438642134,-0.01583251248,-0.2682016345
-0.006011762484,-0.03948422193,0.1501237139,-0.5117458533,-0.4759300169,0.5199393134,-0.491192336,-0.2443919494,0.2880997158,0.2749084629,0.4404825028,0.252625837,-0.1076411916,-0.362790272,-1.087666571,-0.9175019877,1.387578904,-0.1449142818,0.05970874775,-0.02090089433,-0.07561801129,0.06985868096,-1.711674457,1.493603156,-0.2800732316,0.04562305564,-0.03727510908,-0.2353983989,0.3242733933,-1.854619436,-1.43861616,0.4464642917,-0.0666690687,-0.08490008292,-0.0211013376,-0.2689286548
-0.006439137491,-0.03909254206,0.1506749734,-0.5118830575,-0.4757894058,0.520070011,-0.491047208,-0.2470552655,0.2894053098,0.2658783173,0.4427497018,0.2518314618,-0.1097634187,-0.3680496467,-1.088646959,-0.9123677026,1.390219044,-0.1472753354,0.06061191547,-0.02120472829,-0.07646976015,0.06856041436,-1.713488755,1.492259484,-0.2845207314,0.05299068989,-0.03518983148,-0.2411354529,0.326559944,-1.854637028,-1.437233428,0.4507418408,-0.06321646493,-0.08554761458,-0.02644848777,-0.269813045
-0.006877166957,-0.03870071623,0.1512312964,-0.51199413,-0.4755988231,0.5202281295,-0.4909485345,-0.2495759931,0.2907505706,0.257089306,0.4449838107,0.2500048819,-0.1117516678,-0.3730984025,-1.089624091,-0.9074080154,1.392427507,-0.1494456607,0.06144358462,-0.0214555107,-0.07731045168,0.06751076295,-1.715397343,1.490853129,-0.2890191854,0.06032811055,-0.03318511926,-0.2462226278,0.3287755944,-1.854770896,-1.435924508,0.4550086991,-0.05981675392,-0.08620458206,-0.03171654426,-0.2709501186
-0.007325110844,-0.03828977959,0.1518023218,-0.5121443358,-0.475455705,0.52036628,-0.4907840528,-0.2522602628,0.2921132956,0.2483529772,0.4477106171,0.2467691946,-0.1139561076,-0.3786404813,-1.09053693,-0.9021254028,1.394282009,-0.1517538048,0.06244239099,-0.02156384145,-0.07819086635,0.06633139594,-1.717863841,1.489510417,-0.2941063178,0.06789104318,-0.03088973176,-0.2516885746,0.3312787372,-1.855163281,-1.434808313,0.4594726011,-0.05632125551,-0.08701110691,-0.03705243996,-0.2721468954
-0.007771651996,-0.03788373943,0.1523886574,-0.512258643,-0.4752764299,0.5205314742,-0.4906632065,-0.2548537167,0.2934765188,0.2398816462,0.4504580168,0.2428505362,-0.1159979139,-0.3839704011,-1.091373573,-0.8969944699,1.395724773,-0.1538879767,0.06336219802,-0.0215852129,-0.07900724597,0.06542017548,-1.720356397,1.48815333,-0.2992187664,0.07536432331,-0.02868480277,-0.2565120379,0.3336576355,-1.855692608,-1.433749988,0.4639350247,-0.0528722793,-0.08781958462,-0.0423169401,-0.273448831
-0.008225665296,-0.03745570474,0.1530113256,-0.5123900493,-0.4751626825,0.520667115,-0.49049222,-0.2577135139,0.2949259455,0.2314371819,0.4533896152,0.2380259089,-0.1181934575,-0.3898411894,-1.092040522,-0.8914382521,1.396978785,-0.1560613785,0.06447336029,-0.02159782951,-0.07980174367,0.06443913544,-1.723518166,1.486856738,-0.3048283547,0.08312895899,-0.02628062167,-0.2613798275,0.3361667348,-1.856416767,-1.432815823,0.4686771429,-0.04935012994,-0.0888594259,-0.04765450098,-0.2749889125
-0.008674530795,-0.03702832147,0.1536676817,-0.5124770978,-0.4750132896,0.5208122055,-0.4903919305,-0.2605400843,0.2963980254,0.2232252497,0.4561790282,0.2330444917,-0.1202051297,-0.3954808243,-1.09257948,-0.8859930496,1.397978752,-0.1580319226,0.06549843819,-0.02166595756,-0.08048153153,0.0637777417,-1.726754158,1.485494836,-0.3102961789,0.09087161078,-0.02401275997,-0.2655155738,0.3384823667,-1.857248508,-1.431851444,0.473429584,-0.04585600443,-0.08992136819,-0.05292071657,-0.2767331742
-0.009135106093,-0.03658678928,0.1543442523,-0.5125548172,-0.4749337309,0.5209509979,-0.490240317,-0.2635042355,0.2980274928,0.2150673576,0.4587724398,0.2276219461,-0.122143458,-0.4015868259,-1.092937597,-0.8801704405,1.398866527,-0.1599974357,0.06655919743,-0.02177246604,-0.08121531312,0.06303958866,-1.730485423,1.484246462,-0.3160522607,0.09878550429,-0.02185476062,-0.2701474621,0.3408306204,-1.858228274,-1.430881887,0.4784455587,-0.04221698219,-0.09105257509,-0.05813963157,-0.2790388705
-0.009590927634,-0.03615167108,0.1550381842,-0.5125838034,-0.4748233528,0.5211033993,-0.4901549504,-0.2663218293,0.2996934316,0.2071453471,0.4611036244,0.2224718125,-0.1238765716,-0.4074093569,-1.093185747,-0.8745174273,1.399571636,-0.1617645676,0.06749558091,-0.02199974783,-0.08190896204,0.06255866618,-1.734191496,1.482945758,-0.3215425666,0.1064745932,-0.0199399237,-0.2742649828,0.342981373,-1.859235454,-1.429880653,0.4834895031,-0.03860441215,-0.09210984633,-0.06318468152,-0.2816537574
-0.01005236419,-0.03570638429,0.1557567688,-0.512604267,-0.4748081413,0.5212251482,-0.4900188153,-0.269306877,0.3014942904,0.1993197471,0.4631277266,0.217569878,-0.1254385092,-0.4137698478,-1.093173369,-0.8684170162,1.400203057,-0.1635525144,0.06851748825,-0.02226523705,-0.08260274626,0.06193143405,-1.738469703,1.481727968,-0.3274517729,0.1142841766,-0.01812216088,-0.2785654696,0.3451909281,-1.860180053,-1.428905933,0.4887370093,-0.0349448945,-0.09331388157,-0.06815324625,-0.2849638462
-0.01049981482,-0.03527011496,0.1564953346,-0.5125822779,-0.4747682094,0.5213336721,-0.489965058,-0.2721497378,0.3032834492,0.1917888593,0.4650151845,0.2132905974,-0.1268271672,-0.4198123829,-1.093025443,-0.862490988,1.400697836,-0.1651690835,0.06943473895,-0.02267588776,-0.08319347862,0.0615156588,-1.742703317,1.480400347,-0.3331550695,0.1218848442,-0.01650065359,-0.2822649761,0.3472354709,-1.861062915,-1.427925432,0.493969999,-0.03136319338,-0.0944736181,-0.07292520181,-0.2884428195
-0.01092781348,-0.03483329104,0.1572723819,-0.5125901167,-0.4748058554,0.5213702589,-0.4898814398,-0.2753007677,0.3049230993,0.1845050062,0.4665948806,0.2096339709,-0.1280168768,-0.4263167485,-1.092584367,-0.8560920871,1.40113216,-0.1668100599,0.07045237552,-0.02318515494,-0.083718027,0.06094266541,-1.747464597,1.479125272,-0.3393134787,0.1295449674,-0.01474310204,-0.2862175388,0.3493980519,-1.861964892,-1.426965946,0.4993732201,-0.02777462775,-0.09572935204,-0.07750421647,-0.2923455853
-0.01131966842,-0.0344125411,0.1580799183,-0.512577181,-0.4748056468,0.5213574396,-0.4899088195,-0.2784097069,0.3063489925,0.1777095181,0.4681580307,0.2066721409,-0.1290844072,-0.4323756742,-1.091992773,-0.8499019034,1.401483122,-0.1682889844,0.07136800631,-0.02387469334,-0.08405814447,0.06058542221,-1.752115342,1.477708123,-0.3452857711,0.136984935,-0.01306157746,-0.2896312897,0.3514108672,-1.862858678,-1.425998449,0.5047015623,-0.02427361208,-0.09691874974,-0.081819633,-0.2961710171
-0.01167394268,-0.03399541033,0.158934174,-0.5126191449,-0.4748575229,0.5212435055,-0.4899358664,-0.2819233197,0.3074231835,0.1715400558,0.4697251867,0.2044268225,-0.1302089901,-0.4387134569,-1.091154479,-0.8433264792,1.40176254,-0.1698352461,0.07244318406,-0.02471226142,-0.0842921213,0.06009931371,-1.757229684,1.476320552,-0.3516660306,0.14445561,-0.01113087465,-0.293530518,0.353618598,-1.863891009,-1.425054724,0.5101879223,-0.02067615648,-0.09822198724,-0.08597636725,-0.3002764725
-0.01198704232,-0.03360097579,0.1598229299,-0.5126382096,-0.4748684626,0.5210734622,-0.4900861723,-0.2854251047,0.3082655312,0.1659861485,0.4715324723,0.2027484578,-0.1311189049,-0.4444979535,-1.090148127,-0.8369828187,1.401969246,-0.1712466426,0.07342448448,-0.02570116288,-0.08432782225,0.05985440681,-1.762202333,1.474771165,-0.3578641636,0.1516753379,-0.009238674632,-0.2969836469,0.3556970666,-1.864908138,-1.424129231,0.5155336751,-0.01712602223,-0.09948821487,-0.08990892712,-0.3042582684
-0.01229280376,-0.03320374019,0.1607532231,-0.5127172629,-0.4749611966,0.5208266609,-0.4901759474,-0.2894268968,0.3089936496,0.1608584976,0.4739559775,0.2016330547,-0.131831878,-0.4508009549,-1.088930603,-0.8302531844,1.402245709,-0.1726831792,0.07459532385,-0.02682054854,-0.0844056986,0.05936675449,-1.767513709,1.473433489,-0.3644221366,0.1588463475,-0.007445661198,-0.3005133322,0.3580482675,-1.865801519,-1.423330044,0.5209828707,-0.01361014886,-0.1008488516,-0.0937087335,-0.3088092986
-0.01258244269,-0.03282711463,0.1617167889,-0.5127543546,-0.4750134774,0.5205742596,-0.4903545741,-0.293422123,0.3096693927,0.1560677587,0.4768881826,0.200950568,-0.1322622202,-0.4566998568,-1.087559798,-0.8237122595,1.402523157,-0.1739730177,0.07566856767,-0.02805918901,-0.08442287176,0.05913740377,-1.772601329,1.472014254,-0.370738168,0.1657363165,-0.005842985144,-0.3035000141,0.3603032321,-1.86652963,-1.422629401,0.5262998694,-0.01023373981,-0.1021540987,-0.09729933534,-0.3134305666
-0.01288991402,-0.03245735076,0.1627444325,-0.5127511289,-0.4751548004,0.5203320694,-0.4904780657,-0.2977317213,0.3104571851,0.1514304632,0.4802954105,0.2008299572,-0.1327785292,-0.4631256107,-1.08574363,-0.8167065262,1.402702241,-0.1752918706,0.07678268003,-0.02913572195,-0.0844779461,0.05892590564,-1.778000308,1.470765402,-0.3774372082,0.1726313865,-0.003958582377,-0.3071548001,0.3628602433,-1.867262689,-1.421923469,0.5317300604,-0.006785476599,-0.1036710888,-0.1007133642,-0.3185073429
-0.01319637993,-0.03211212984,0.1638193861,-0.5126595416,-0.4752452461,0.5201308125,-0.4906995908,-0.3019200256,0.3112924002,0.1469122051,0.4839916162,0.201162611,-0.1331400109,-0.4691457298,-1.083658319,-0.8098606508,1.402785402,-0.1764911184,0.07776462201,-0.03017494275,-0.08447142805,0.05911027252,-1.783106652,1.469395358,-0.3839259219,0.1793100813,-0.002088552513,-0.3104449195,0.365310012,-1.867921723,-1.421200485,0.5370191501,-0.003368012997,-0.1051970519,-0.1039092928,-0.323517443
-0.01350568801,-0.03176362645,0.1649620073,-0.5125457429,-0.4754209411,0.5199120887,-0.4908800365,-0.3064351626,0.3121814431,0.1423871483,0.4880387024,0.2015690501,-0.1333758095,-0.4757037852,-1.081093764,-0.8025204139,1.402899002,-0.1777879962,0.07888131916,-0.03113460127,-0.08447186938,0.05922530907,-1.788508009,1.468150096,-0.390928702,0.1859322443,-0.0001239230335,-0.3140038517,0.3680160475,-1.868614841,-1.420493087,0.5425729547,0.0002386632951,-0.1068395968,-0.1069586628,-0.329165648
-0.01380192186,-0.03143180462,0.1661564503,-0.5123594946,-0.4755352884,0.5197167415,-0.4911704861,-0.3108365795,0.3130575275,0.1378325914,0.4922319535,0.2020713557,-0.1334251097,-0.4818367682,-1.078273702,-0.7953653225,1.403015493,-0.1789778884,0.07989043234,-0.03212309751,-0.08440962323,0.05967365184,-1.793596916,1.466688341,-0.3977879161,0.1923361586,0.00174700589,-0.3170573045,0.3705790081,-1.869230116,-1.419773396,0.5480840544,0.003897083409,-0.1084782085,-0.1098101948,-0.3348094219
-0.01409298616,-0.03109084133,0.1674302238,-0.5121206696,-0.4757551297,0.5195235221,-0.4914110157,-0.3154936067,0.3140023066,0.1331636359,0.4967150207,0.2022165529,-0.1335684671,-0.4885631299,-1.074865332,-0.7876924015,1.403175128,-0.1802725248,0.08094867095,-0.03296345962,-0.08434752849,0.06007173804,-1.798874733,1.465307522,-0.4050957996,0.1986054216,0.003834699987,-0.3207993212,0.3735976713,-1.869938585,-1.418938156,0.5538665449,0.007832817501,-0.1102763692,-0.11242885,-0.3409457412
-0.01436255636,-0.03076093942,0.1687652879,-0.5117962961,-0.4759141424,0.519368976,-0.4917582202,-0.3199976909,0.3148998817,0.1283819872,0.5012962469,0.2021044424,-0.1336344769,-0.4948790727,-1.071174884,-0.7802223784,1.403355208,-0.1814582343,0.08188033154,-0.03380862245,-0.08425136446,0.0608217097,-1.803783188,1.463655766,-0.412249798,0.2045814505,0.005870493544,-0.3241709455,0.3765162619,-1.870576564,-1.418023801,0.5595998554,0.01191155604,-0.1121277004,-0.114804949,-0.347045944
-0.01461839832,-0.03043275226,0.1702186794,-0.5114851215,-0.4761670308,0.5191889375,-0.4920272112,-0.3248147766,0.3155726807,0.1237409071,0.5058136343,0.2011981066,-0.1338730903,-0.501918341,-1.066779523,-0.77224887,1.403345896,-0.1827340148,0.08287499518,-0.03453412788,-0.08417343405,0.06154930505,-1.808991753,1.462044777,-0.4199116884,0.2104577508,0.00806647941,-0.3280543702,0.3797934513,-1.871586776,-1.416872477,0.5655977,0.01641365267,-0.1142359628,-0.1169648731,-0.3535189129
-0.01486411816,-0.03013202742,0.1717787669,-0.5111700248,-0.4763295803,0.5190075705,-0.4923885442,-0.3296187427,0.3159122116,0.11892742,0.5101798458,0.1998208401,-0.133972729,-0.508618166,-1.062062597,-0.7645870922,1.403253954,-0.183907197,0.08375358106,-0.03533289284,-0.08414875453,0.06267959801,-1.813960622,1.460104881,-0.4274105317,0.2160732986,0.0101822834,-0.3314845132,0.3828829334,-1.872652159,-1.415639746,0.5714469561,0.02108650416,-0.1164623028,-0.1189011018,-0.3599068327
-0.01509762724,-0.02989497873,0.1735052777,-0.5110520291,-0.4766386981,0.5186847574,-0.4925520252,-0.3352416461,0.3156924118,0.1146732978,0.5140845857,0.198234868,-0.1341868149,-0.5161321087,-1.056569322,-0.7567989612,1.402592237,-0.1852586353,0.08468133061,-0.0360858969,-0.08423871749,0.06335746115,-1.819206032,1.458050814,-0.4353175105,0.2216290322,0.01244654151,-0.3354306378,0.386449856,-1.873829662,-1.414117817,0.5772231705,0.02617950029,-0.1191589041,-0.1208040651,-0.3665300679
-0.0153263207,-0.02973633218,0.1754032432,-0.5109955352,-0.4768548262,0.5183339443,-0.4927706971,-0.341114422,0.31495931,0.1102038345,0.5177826567,0.1968491852,-0.1340216842,-0.5232634357,-1.050561459,-0.7493916984,1.401670741,-0.1865572483,0.08549801867,-0.03689650192,-0.08442008407,0.06449774269,-1.824242742,1.455695142,-0.442992775,0.2269306869,0.01460064809,-0.3389402745,0.3898498583,-1.875134253,-1.412624946,0.5827425947,0.03136099834,-0.1220439747,-0.1226272184,-0.3730522315
-0.01552679431,-0.02967017126,0.1774819271,-0.511070916,-0.4772214404,0.5178919735,-0.4928023127,-0.3479171723,0.3139839628,0.1062602122,0.5213701023,0.1963442054,-0.1335184358,-0.5309956109,-1.043578958,-0.7417587325,1.400195835,-0.1880883636,0.08641082328,-0.03741376881,-0.08458569493,0.06533469718,-1.829613776,1.453287299,-0.4512921629,0.2321970302,0.01691680526,-0.3430372162,0.3938186684,-1.876761154,-1.411068451,0.5883825922,0.036821555,-0.1253945467,-0.1244873877,-0.3796919439
-0.01570774094,-0.02971186196,0.1797451815,-0.511196492,-0.477410392,0.5174603071,-0.4929424863,-0.3550643789,0.3126434356,0.1020182268,0.5251596705,0.1970176264,-0.1324885289,-0.5381100466,-1.035959613,-0.7342024321,1.398496163,-0.1895864011,0.0872301987,-0.03795561196,-0.08481672943,0.0668370398,-1.834711011,1.450653807,-0.4595764709,0.2372138913,0.01912874078,-0.3467122964,0.397647983,-1.87864698,-1.409692647,0.5939817936,0.0422642927,-0.1289241796,-0.1263142703,-0.3862093391
-0.01588645535,-0.0299201676,0.1822621275,-0.5114793395,-0.4777048454,0.5169510738,-0.4928981165,-0.363563132,0.3112945856,0.09845469188,0.5291708652,0.199959835,-0.1309735589,-0.5461180463,-1.026882039,-0.7260465511,1.396335737,-0.1913591719,0.08800496355,-0.03821665918,-0.0850540627,0.0681652704,-1.839864211,1.448003142,-0.4684715886,0.2423040288,0.02164340083,-0.3510341976,0.4023723084,-1.880697979,-1.40829166,0.5998071955,0.04779945467,-0.1329868087,-0.1283271449,-0.3930328049
-0.01606004375,-0.03030483163,0.1850384952,-0.5118918356,-0.4776378375,0.5164449282,-0.4930653921,-0.3726588115,0.3095754959,0.0949324414,0.533606749,0.2053237495,-0.129024396,-0.5533719659,-1.016989319,-0.7177743188,1.394069926,-0.1930902372,0.08866491306,-0.03876675583,-0.08543644026,0.07048226927,-1.844458134,1.445182712,-0.4773825168,0.2472547307,0.0240744659,-0.3549322736,0.4070043015,-1.882993649,-1.40710998,0.6057318472,0.05317238709,-0.1372306905,-0.1304196442,-0.3998680023
-0.01624545891,-0.03091968423,0.1881376178,-0.5125452912,-0.4775728277,0.5158532109,-0.4930689439,-0.3832271238,0.3077555802,0.09245117757,0.5383103004,0.2137057674,-0.1265477643,-0.5615640089,-1.005246216,-0.7089248199,1.391411496,-0.1951622798,0.08938022039,-0.03931948092,-0.08594770806,0.07274925314,-1.84887134,1.442420158,-0.4867023447,0.2525176177,0.02661087488,-0.3592900221,0.4127712879,-1.885161928,-1.405856725,0.6117625378,0.05855293305,-0.1418372008,-0.1329561568,-0.4070786778
-0.01642769648,-0.03175843213,0.1915602439,-0.5134105575,-0.4770127884,0.5152624588,-0.4933284886,-0.3944262936,0.3053523175,0.09035599113,0.5432857431,0.2252790263,-0.1237363904,-0.5688027377,-0.9926499825,-0.7003168037,1.388808888,-0.1971585225,0.09002046512,-0.0404011255,-0.0867018842,0.07619274714,-1.852537056,1.439548405,-0.4959142691,0.2578366046,0.02891997818,-0.3631606082,0.4184258306,-1.887542436,-1.404782624,0.6179251978,0.06368780712,-0.1465245722,-0.1357361763,-0.4143738154
-0.01658740998,-0.0327712533,0.1952303611,-0.5144349249,-0.4763813691,0.5146930418,-0.4934658772,-0.406455505,0.3026824286,0.08937195957,0.5487322391,0.2395442894,-0.1202945892,-0.5763364672,-0.9785718784,-0.6915467358,1.385884623,-0.1994200722,0.09060116817,-0.04152617908,-0.08766636035,0.07982634967,-1.855939486,1.437134103,-0.505339242,0.2633453643,0.03127675903,-0.3676341186,0.4248166538,-1.889958957,-1.403860256,0.6243107919,0.06876978019,-0.1510338261,-0.1388958796,-0.4218634689
-0.01670372242,-0.03394708357,0.199129663,-0.5156008931,-0.4753048948,0.514204418,-0.4937963068,-0.4184595789,0.2991984181,0.08873352311,0.5543855905,0.2564440795,-0.1167189362,-0.5826916145,-0.964026013,-0.6834238528,1.383107355,-0.2015391942,0.09108894727,-0.04303244574,-0.08889289089,0.08449110816,-1.858605445,1.434796448,-0.5145643468,0.2688074268,0.03334833076,-0.3716937685,0.4308935987,-1.892631717,-1.403144124,0.6309695105,0.07363708324,-0.1554138594,-0.1422122923,-0.4294355899
-0.01677087239,-0.03520176181,0.2031076651,-0.5168372132,-0.4743040749,0.5137859544,-0.4939017439,-0.4306822331,0.2951415406,0.08849669771,0.5611040817,0.2742913197,-0.1128203384,-0.5894651811,-0.9486768936,-0.6753405588,1.379876133,-0.2038617417,0.09159186271,-0.04442109561,-0.09031343858,0.08886829034,-1.861062319,1.433135511,-0.5239565621,0.2742869345,0.03543484145,-0.3765796644,0.4376107748,-1.895305684,-1.402483327,0.6380743648,0.07855837707,-0.1597050971,-0.1458477949,-0.4374222994
-0.01677108826,-0.03653792753,0.2071442218,-0.5181636065,-0.4730417816,0.5134146061,-0.4941086844,-0.4422327207,0.2899925083,0.08824202684,0.5679958177,0.2924101253,-0.1092754559,-0.5954189695,-0.9331405675,-0.6677525967,1.376609958,-0.2060642447,0.09203970812,-0.04608974378,-0.09189030935,0.09362490277,-1.86281418,1.43155357,-0.5331602442,0.2795441738,0.0372171829,-0.3811311487,0.443997058,-1.897997613,-1.401972639,0.6455051646,0.08339013735,-0.1640002602,-0.1495817468,-0.4456547065
-0.01672076017,-0.03785640804,0.2111134953,-0.5194701743,-0.4720040236,0.5130321176,-0.4941264879,-0.4541790509,0.2845477881,0.08810267452,0.5766173649,0.3080194125,-0.1064469209,-0.6022364286,-0.9172562603,-0.6596511891,1.372602087,-0.2083981684,0.09231622917,-0.04755200171,-0.09334344998,0.09771205772,-1.864461961,1.430529258,-0.5425658148,0.2846593392,0.03903684887,-0.3862041426,0.4510499806,-1.90069241,-1.401332432,0.6533561768,0.08846701274,-0.1684656758,-0.1535424945,-0.4542213448
-0.01660698642,-0.03918159582,0.2150272529,-0.5207972168,-0.4707928674,0.5125898892,-0.4943439496,-0.4658364494,0.277899658,0.0881203489,0.5849374912,0.3196608408,-0.1047867974,-0.6084521742,-0.9015966666,-0.6516230584,1.368326349,-0.2106495734,0.09250460196,-0.04934800756,-0.09464942732,0.1020062357,-1.865555326,1.429393375,-0.5517540681,0.2894828484,0.0406015701,-0.3908234609,0.4577703138,-1.903365535,-1.40084353,0.661325652,0.09354229701,-0.1730748304,-0.1575160569,-0.4628565073
-0.01646238535,-0.04051101161,0.2189357262,-0.5220862305,-0.4698326033,0.5120338936,-0.4944740484,-0.4789399533,0.2705749703,0.08919918771,0.5934693032,0.3267680232,-0.1039708643,-0.6151262649,-0.8848745277,-0.6430228552,1.363254423,-0.2130824234,0.0925477774,-0.05096953374,-0.09557945177,0.1059068303,-1.866863925,1.428481867,-0.5612262748,0.2943905488,0.04236093231,-0.3961153548,0.464926823,-1.906131743,-1.40024125,0.6693711683,0.09892466399,-0.1779788858,-0.1617421529,-0.4716815795
-0.01632263377,-0.04185423113,0.2228144495,-0.5232890888,-0.4687206236,0.5114771739,-0.4948339187,-0.4920537826,0.2631342875,0.09071702638,0.6017125375,0.3326646402,-0.1027086041,-0.6208037841,-0.8679475224,-0.6345546789,1.358134329,-0.2154239831,0.09251650057,-0.05272195194,-0.09640579215,0.1103596921,-1.868041406,1.427226734,-0.5705433758,0.2992096068,0.0439869926,-0.4009472287,0.4715753209,-1.908769045,-1.399816599,0.6771558558,0.1042589236,-0.1830178683,-0.1659849258,-0.480437208
-0.01623150062,-0.04325640029,0.2267213887,-0.5243457559,-0.4678735707,0.5110088783,-0.4950007842,-0.505587907,0.2565749214,0.09263980208,0.610692355,0.3405914234,-0.1001285766,-0.6268607645,-0.8490270726,-0.6253652067,1.352329971,-0.2180483764,0.09240151172,-0.05404621144,-0.09718256178,0.1146215092,-1.869661691,1.425990383,-0.5801045109,0.3042862715,0.04612181178,-0.4059988599,0.4791289421,-1.910961475,-1.399140023,0.6845577165,0.1097628792,-0.1880649166,-0.1705594551,-0.4892521036
-0.01619674784,-0.044720518,0.2306117606,-0.5253761109,-0.466815204,0.5106879472,-0.4952386575,-0.5182300577,0.2502853904,0.09395719448,0.6198960826,0.3508229393,-0.09680612655,-0.632051996,-0.8296876777,-0.6163265091,1.346693032,-0.2205582815,0.09224035482,-0.05548144137,-0.09834490483,0.1193225137,-1.871065876,1.424399696,-0.5894145017,0.3095184497,0.04823432583,-0.4104141261,0.4862960217,-1.912686701,-1.398487463,0.6915545148,0.1150089505,-0.1930134148,-0.1751528111,-0.498070519
-0.01621584064,-0.0462053389,0.2344405724,-0.5263332651,-0.4659615987,0.5105296292,-0.4951894388,-0.5304966331,0.2444367641,0.09485759584,0.6301500046,0.3618375212,-0.09322476395,-0.637843654,-0.8094387354,-0.6068433144,1.340201809,-0.2230852398,0.09196407413,-0.05666786295,-0.09976954605,0.1234953484,-1.872811149,1.423038839,-0.5988643945,0.3155106934,0.05068060478,-0.4154334114,0.493851939,-1.91408378,-1.397510178,0.6985486174,0.1201718689,-0.1979339825,-0.1798981494,-0.5070956899
-0.01627058923,-0.0477166651,0.238187517,-0.5273562912,-0.4648928956,0.5104610089,-0.4951762274,-0.5416816515,0.2379566573,0.09527754693,0.6400956241,0.3727538472,-0.09023715681,-0.643101289,-0.7894472369,-0.5976174326,1.333682772,-0.2254650269,0.09166418165,-0.05822176899,-0.1015863637,0.1277020941,-1.874160832,1.421544394,-0.6078175712,0.3217844614,0.05295014704,-0.4200167947,0.5009312922,-1.915251814,-1.396480749,0.7056054484,0.1250480943,-0.2027534394,-0.1845334219,-0.5162090013
-0.01635112561,-0.04921254327,0.2418605375,-0.5283466921,-0.4640332162,0.5103869492,-0.4950031407,-0.5532380648,0.2313586557,0.09618937569,0.6506134476,0.3814253202,-0.08826159193,-0.6486846536,-0.7687777905,-0.5881710254,1.326499755,-0.2279412855,0.09122372194,-0.05972535279,-0.1033153526,0.1312643709,-1.875647917,1.420347588,-0.6166985696,0.3285410604,0.0555663276,-0.4254167792,0.5082230986,-1.9165216,-1.394930912,0.7130430492,0.1302676067,-0.2075735822,-0.1892418675,-0.5255361985
-0.01644840115,-0.05070618897,0.2454653694,-0.5294061963,-0.4629571703,0.5102441475,-0.4950259062,-0.5646510496,0.2236758529,0.09768649097,0.6601094893,0.3869077669,-0.08739085331,-0.6534857014,-0.7484368839,-0.5790857843,1.319427813,-0.2302983991,0.09077351041,-0.06173606947,-0.1050637734,0.1349557712,-1.876822348,1.418974658,-0.6250654638,0.3353944853,0.05806578179,-0.4305008526,0.5151752822,-1.917886039,-1.39331066,0.7207126176,0.1354841246,-0.2123808687,-0.1937794877,-0.534871153
-0.01659565211,-0.05219919794,0.2490465649,-0.5304125681,-0.4620828846,0.5100284397,-0.4949877838,-0.5766788231,0.2159809716,0.1001946974,0.6690987612,0.3912165772,-0.08630489351,-0.6584421847,-0.7266513739,-0.5695270325,1.31178472,-0.2328028612,0.09019599535,-0.06362917682,-0.1064738617,0.1381736774,-1.878367747,1.417654476,-0.6338799837,0.3429980304,0.06073736359,-0.4358322634,0.5218267116,-1.919323614,-1.391231172,0.7286393342,0.1410171658,-0.2172397153,-0.198398465,-0.5441705969
-0.01682870068,-0.05369944427,0.2525591612,-0.5314476847,-0.4609894773,0.5098121708,-0.4951197944,-0.5881295575,0.2083277243,0.1023582453,0.6777736427,0.3965139927,-0.08437019908,-0.662564523,-0.7047362341,-0.5601999359,1.304483908,-0.2351850687,0.08960587999,-0.0657699424,-0.108037807,0.1415412063,-1.879832001,1.415918892,-0.6425567046,0.3510308497,0.06345616698,-0.4407767862,0.5282029927,-1.920486647,-1.389061037,0.7365532034,0.1464352326,-0.2220814668,-0.2028426624,-0.55338415
-0.01714575657,-0.05517673271,0.2559959035,-0.5324031311,-0.460068535,0.5096085816,-0.4951595123,-0.599870671,0.2017377541,0.1043098972,0.6877373936,0.403231526,-0.08184454845,-0.666978466,-0.6818657774,-0.5502502169,1.296859575,-0.2375711274,0.08890054157,-0.06759412842,-0.109477788,0.1443507961,-1.881631777,1.414006744,-0.6517399345,0.3598991883,0.06615063941,-0.4458072786,0.5349655635,-1.921352422,-1.386410528,0.7444652754,0.1521847707,-0.2269678479,-0.2074148598,-0.5625395834
-0.01753346931,-0.05664631307,0.259327143,-0.5334183834,-0.4589020659,0.5094192476,-0.4953440746,-0.610887109,0.1951639412,0.1056929909,0.6977279885,0.4110862867,-0.07936285046,-0.6707297004,-0.6595029297,-0.5405184712,1.289681859,-0.239786178,0.08820429394,-0.06966405454,-0.1111146852,0.1471630546,-1.88315403,1.411607466,-0.6607248807,0.3692551701,0.06901088911,-0.4507028596,0.542131008,-1.921894655,-1.383645507,0.7522627066,0.1577807384,-0.2318229447,-0.2118208579,-0.5715481202
-0.0179774679,-0.05806266853,0.2625537579,-0.5343800429,-0.4578883326,0.5092282416,-0.4954420679,-0.6222333681,0.1891792154,0.107261779,0.7087064856,0.4187037895,-0.07736773068,-0.6745929943,-0.6368864313,-0.5306309328,1.282020954,-0.2417302913,0.08737688635,-0.07138267425,-0.1125824032,0.1493102862,-1.884860297,1.408924543,-0.6702519532,0.3793429196,0.07179371962,-0.4553800605,0.5493353502,-1.922344658,-1.380421028,0.7601689338,0.1637710309,-0.2366004245,-0.2162751336,-0.5804367894
-0.01845946018,-0.0594427886,0.2656658276,-0.5354061271,-0.4566413358,0.5089890168,-0.4957309253,-0.6331953449,0.1827049274,0.1089484519,0.7191391589,0.4253890612,-0.0760416535,-0.6777607464,-0.6150912479,-0.5210995883,1.274651984,-0.2434767841,0.08657876945,-0.07339663189,-0.1140464209,0.1514220321,-1.886279546,1.405726241,-0.6795727666,0.3898652347,0.07488240225,-0.4599868459,0.5569521089,-1.922733445,-1.377092015,0.7680916087,0.1696838702,-0.2413188782,-0.2204880927,-0.5890483425
-0.01902438644,-0.06074859508,0.2687069135,-0.5363110675,-0.4554953411,0.5088030782,-0.4959978435,-0.6444653839,0.1764395292,0.1111818528,0.7301240918,0.4305171234,-0.07496996224,-0.6809477697,-0.592726182,-0.5112704173,1.266822057,-0.2451291441,0.08565662916,-0.0753096005,-0.1155302861,0.1533558227,-1.888489443,1.402326409,-0.6892127477,0.400944075,0.07824713052,-0.463912292,0.5642019075,-1.923189915,-1.373421795,0.7761178282,0.1759482748,-0.2459983285,-0.2247860495,-0.5976323225
-0.01967556885,-0.0619982243,0.2716405387,-0.5372323011,-0.454115797,0.50862329,-0.4964500442,-0.6553158913,0.1698086687,0.1132382572,0.7406434777,0.4350930253,-0.07388497718,-0.6835277264,-0.57086471,-0.5017132951,1.259333361,-0.2466731266,0.08476769244,-0.07765783995,-0.1172825149,0.1554712352,-1.890928514,1.398473553,-0.698488983,0.4126152516,0.08218367378,-0.4684338069,0.5715911329,-1.923548375,-1.369715231,0.7841739646,0.1821003401,-0.2506390675,-0.2288376066,-0.6061307504
-0.02042391636,-0.06316880029,0.2744284202,-0.5380439606,-0.453004303,0.5085321202,-0.4966798573,-0.6663508616,0.1638340422,0.1150268701,0.7520391928,0.4390855903,-0.07239855467,-0.686519011,-0.5482817421,-0.4918403136,1.251120513,-0.2479482182,0.08384997175,-0.07949116641,-0.1192010704,0.1568761847,-1.893867946,1.394594914,-0.7078544865,0.4248978029,0.08670150889,-0.4740496369,0.5785976798,-1.92352367,-1.365623372,0.7920428249,0.188485425,-0.2552857856,-0.2328399869,-0.6144207333
-0.02126159939,-0.06427944806,0.2770457952,-0.5388959049,-0.4517493935,0.508492091,-0.4969401196,-0.6767087051,0.157721676,0.1161135885,0.7631222852,0.4431426424,-0.07080982411,-0.6892130125,-0.5262035238,-0.4821699859,1.243144855,-0.2491092889,0.0829929231,-0.08147601151,-0.1215340964,0.158121412,-1.896952473,1.390487465,-0.7169903969,0.4377983879,0.09171264488,-0.4807425872,0.5855316019,-1.923231002,-1.361557223,0.799800922,0.1946211519,-0.2598390326,-0.2365287944,-0.6226001569
-0.02221557321,-0.06527409591,0.2794284542,-0.5396575187,-0.4506807917,0.5085427627,-0.4970320361,-0.6871060289,0.1525295785,0.116576846,0.775646217,0.4455507049,-0.06917013522,-0.692333092,-0.5042538564,-0.4716790529,1.234849015,-0.2497793859,0.08198092013,-0.08317994079,-0.1241939111,0.1586381689,-1.900655225,1.386259195,-0.7266234588,0.45168703,0.09711690019,-0.488847251,0.5930777947,-1.922823841,-1.357374766,0.8076233799,0.2009126805,-0.2640009811,-0.2402575919,-0.6304808187
-0.0232614929,-0.06618487273,0.2815722934,-0.5404546477,-0.4494586198,0.5086110254,-0.497202723,-0.6968942783,0.1473765167,0.116669397,0.7876985737,0.4466364796,-0.06795375044,-0.695133762,-0.4835601108,-0.4611854902,1.226967124,-0.2503098483,0.08099780445,-0.08518842979,-0.127220544,0.1589457662,-1.904500205,1.381851113,-0.7363500709,0.4660751672,0.1028437125,-0.4974002135,0.6011018808,-1.922325271,-1.353396105,0.8155207928,0.206819028,-0.267818287,-0.2437100565,-0.6382052982
-0.02440436906,-0.06691512979,0.2834029019,-0.5412084727,-0.4481487808,0.508640288,-0.4975350407,-0.7071993797,0.1434625217,0.1160500629,0.8020582222,0.4451595768,-0.06694162651,-0.6981184416,-0.4657381223,-0.45080435,1.220352752,-0.2502158415,0.08011124668,-0.08766319259,-0.1304720686,0.1587570515,-1.908991418,1.377112586,-0.7467856823,0.4811873246,0.1087594474,-0.506225438,0.6095586748,-1.921707664,-1.349330397,0.8236807596,0.2128286296,-0.2712506141,-0.2470885599,-0.6458404754
-0.02562729239,-0.06751904948,0.2849330131,-0.5418595895,-0.4466861668,0.5087222413,-0.4980575617,-0.7171185126,0.1403904401,0.1152019495,0.8162392047,0.4425368282,-0.06639045376,-0.7005820911,-0.4510637068,-0.4411829792,1.214670871,-0.2499843998,0.07933711273,-0.09037589598,-0.1339270171,0.1585358994,-1.913552804,1.372167815,-0.7572571039,0.4962508308,0.1147320519,-0.5143475904,0.6177177237,-1.920857935,-1.345487202,0.8319244305,0.2184464152,-0.2743627965,-0.2501192397,-0.6533696102
-0.02691098497,-0.06790867922,0.2860853784,-0.5424907753,-0.4449198633,0.5088354513,-0.4988352007,-0.727493987,0.1390728234,0.1134645316,0.8331924079,0.4391211656,-0.06592987464,-0.7023029131,-0.4417437491,-0.4336112873,1.210717582,-0.2491429074,0.07874467684,-0.09370572183,-0.1379402513,0.1578951034,-1.918718583,1.366701939,-0.7683523792,0.5115608291,0.1205912419,-0.5219350809,0.6251012036,-1.919579611,-1.341532666,0.8404837998,0.2245256526,-0.2768326728,-0.2531141428,-0.6610596719
-0.02819804815,-0.06818032822,0.2869460931,-0.5429325512,-0.4431687654,0.5091928565,-0.4995481209,-0.7375498276,0.1393072863,0.1118285276,0.8504711903,0.4363018039,-0.06594618037,-0.7032564861,-0.4358216587,-0.4267194745,1.206786032,-0.2483988106,0.07831249378,-0.09661936226,-0.1423192741,0.1570573755,-1.923722056,1.36116869,-0.7792371292,0.5261994336,0.1262704148,-0.5283128999,0.6315964731,-1.917893964,-1.33774923,0.8490641307,0.2303687142,-0.2788752031,-0.2557634538,-0.6688026068
-0.02938511469,-0.06832750578,0.2875943709,-0.5432890256,-0.4415619014,0.5097447283,-0.5000204335,-0.747921504,0.1419958582,0.1097387063,0.8698721794,0.4333349766,-0.06642374628,-0.7039294635,-0.4328984234,-0.4199358645,1.202530616,-0.2474980193,0.07817990807,-0.09908807819,-0.1470400014,0.1555519011,-1.928820216,1.355605143,-0.7901376979,0.5403760152,0.1314053726,-0.5341167008,0.6369594407,-1.916108352,-1.333503974,0.8578718441,0.2368607578,-0.2804199802,-0.25817444,-0.6770209478
-0.03043214686,-0.06843589465,0.2881312438,-0.5435376347,-0.440115871,0.510584004,-0.500168806,-0.757946372,0.146385452,0.1077118191,0.8891623464,0.4301148908,-0.06733787925,-0.7044435925,-0.4317661568,-0.4120061713,1.197550199,-0.2468392856,0.07813969373,-0.1007711093,-0.1520928622,0.1539017495,-1.933581031,1.350210349,-0.8005232489,0.5534561511,0.1360628457,-0.5389402519,0.6416687255,-1.914235882,-1.329362231,0.8664760105,0.2432486309,-0.2816962368,-0.2601640658,-0.685300263
-0.03127097204,-0.0684647563,0.2886175491,-0.5438174276,-0.4388423592,0.5115786972,-0.4999672247,-0.7678172948,0.1523873942,0.1051273338,0.9092057629,0.422199981,-0.06875400325,-0.7053896554,-0.4320827318,-0.402999767,1.192256729,-0.2461889174,0.07848605107,-0.1019606995,-0.1573535992,0.1518036437,-1.938557979,1.34485588,-0.8107556426,0.5660556305,0.1401310093,-0.543577898,0.6457456874,-1.912740539,-1.324854859,0.8751155018,0.2501873353,-0.282825885,-0.2617982772,-0.6939303415
-0.03191492177,-0.06845494527,0.2891203138,-0.544183066,-0.4375255125,0.512626165,-0.4996505094,-0.7775433503,0.1595774772,0.1017282973,0.9268746585,0.4087262831,-0.07049567899,-0.7064605725,-0.43370942,-0.3929084796,1.186908354,-0.2456977936,0.07887056046,-0.1029643816,-0.1627583704,0.1499099391,-1.9435302,1.339341843,-0.8204655215,0.5777844353,0.1437826167,-0.5473935258,0.6494708812,-1.911574404,-1.320740975,0.8833752018,0.2570353238,-0.2839264572,-0.2629896951,-0.702232922
-0.03239034338,-0.06832187397,0.2896458754,-0.5445238821,-0.4364955649,0.5135744441,-0.4992060236,-0.7869769456,0.1673973772,0.09783807603,0.9404657496,0.3915722922,-0.07222742342,-0.7082254795,-0.4355779938,-0.3823850862,1.181736393,-0.2450635851,0.07962923225,-0.1033960088,-0.1675789046,0.14773728,-1.948904844,1.333364107,-0.8299038227,0.5894766476,0.1468870368,-0.5510694215,0.6524171474,-1.911207215,-1.316302694,0.8915769841,0.2646088999,-0.2853139934,-0.2636457534,-0.7106968447
-0.03265585082,-0.06810911728,0.290212916,-0.5448134451,-0.4355442806,0.5144146372,-0.4988557615,-0.7956309976,0.1748208091,0.09509045325,0.9533327016,0.3775901872,-0.07435406415,-0.7101060101,-0.4379581341,-0.3717335824,1.176964328,-0.2444698835,0.08038228968,-0.1035116572,-0.171668533,0.1459377051,-1.954169582,1.326963814,-0.838743743,0.6005406113,0.149658336,-0.5536828392,0.6551565678,-1.911589265,-1.312128817,0.8994572769,0.2723580218,-0.2870264892,-0.2638161901,-0.7183090035
-0.03282560095,-0.06783389677,0.2908408964,-0.5448888656,-0.4350211971,0.5150303191,-0.4985944772,-0.8034271166,0.1814964785,0.09519833209,0.9629197113,0.3689531176,-0.07661191584,-0.7123045806,-0.4396863131,-0.3614842072,1.172403809,-0.2437423022,0.08137804895,-0.1028379281,-0.1743902971,0.144184951,-1.95943727,1.320160185,-0.8472863091,0.6115512307,0.1517729176,-0.5560404311,0.6574351627,-1.91296327,-1.307953778,0.9072386468,0.2808217053,-0.2893726198,-0.2638647474,-0.7254277232
-0.03292221124,-0.06751590075,0.2915272221,-0.5447163328,-0.4348580975,0.5154129832,-0.4985298472,-0.8102486396,0.1872794087,0.09627106848,0.9713637658,0.3639181817,-0.07829676366,-0.7144893576,-0.4409645424,-0.3521473803,1.168284894,-0.2430574393,0.08231006909,-0.1015994617,-0.1757859988,0.1427275636,-1.964546119,1.313095762,-0.8554585764,0.6219161386,0.1535583127,-0.5571926753,0.6598183081,-1.914936367,-1.304146152,0.9146796084,0.2893967597,-0.2921976934,-0.2637435617,-0.7315433118
-0.03314587705,-0.06721261133,0.2923039943,-0.5443361902,-0.4351329598,0.5156548168,-0.4984551427,-0.816863807,0.1928657385,0.09747125801,0.9790932077,0.3622620978,-0.07907267301,-0.7173134603,-0.4408884876,-0.3432493724,1.164497493,-0.2425512667,0.0833782516,-0.09959721587,-0.1763807028,0.1412051951,-1.969606462,1.306022312,-0.8636704068,0.6322750152,0.1545037253,-0.5582822987,0.6619428389,-1.917313124,-1.300314783,0.921976135,0.2982313686,-0.2957237124,-0.2636807754,-0.7373440749
-0.03351108169,-0.06693862233,0.2931738685,-0.5437607956,-0.4356678282,0.5157728992,-0.4984937884,-0.8228168022,0.1980401854,0.09777814917,0.9859885468,0.3627557534,-0.07908660148,-0.7204218896,-0.4399771362,-0.3352007126,1.16130136,-0.2421432412,0.08434616953,-0.09720642379,-0.1763668417,0.1399570101,-1.974419287,1.299036616,-0.8717016324,0.6419571926,0.1550671386,-0.5581475025,0.6641570393,-1.919891789,-1.296691976,0.9290551342,0.3068749676,-0.2996023842,-0.2635622843,-0.7426387635
-0.03410750495,-0.06670867035,0.2941350124,-0.5430965786,-0.4363773453,0.5158412706,-0.4985265313,-0.8286927524,0.2031459277,0.09746235757,0.9921229668,0.3655405296,-0.07843204374,-0.724245595,-0.4378322196,-0.3272293141,1.15876171,-0.2417022711,0.08536109238,-0.09451927453,-0.1762650368,0.1387659978,-1.979075712,1.292355679,-0.8798492203,0.6514476872,0.1546866347,-0.5579024664,0.6659368479,-1.922640213,-1.293120891,0.9362109233,0.3153376162,-0.3037351813,-0.263447955,-0.7478432832
-0.03493055188,-0.0665334247,0.2951893364,-0.5423346288,-0.4370716896,0.5158589037,-0.4987294657,-0.8340213903,0.20794444,0.09619037423,0.9972504583,0.3700975848,-0.07731999488,-0.7282730182,-0.4350557787,-0.319940201,1.156982376,-0.2412392913,0.0862548544,-0.09190223109,-0.1761167895,0.1380545814,-1.983356022,1.285908913,-0.88773042,0.6602558827,0.1540162551,-0.5565163091,0.6677780811,-1.925491178,-1.289603551,0.9434223016,0.3234622214,-0.307897945,-0.2632182948,-0.7528667937
-0.03598747289,-0.06639392884,0.2962974197,-0.5415445016,-0.4376298439,0.5158899944,-0.4990663145,-0.8389409306,0.2126467631,0.09459780245,1.001510708,0.3764408766,-0.07582538066,-0.7325022315,-0.4316148912,-0.3127836116,1.15586798,-0.2410116144,0.08721254106,-0.08938152871,-0.1762020987,0.1376965476,-1.987421358,1.279594406,-0.8956828836,0.6690595739,0.1525212099,-0.5551315017,0.6692555038,-1.928397553,-1.286018256,0.9508603144,0.3313724083,-0.3119791247,-0.2628607498,-0.7578075499
-0.03726399474,-0.0662927109,0.2974449281,-0.540742352,-0.4379703386,0.5158781083,-0.4996493457,-0.8432915384,0.2170748086,0.09250511862,1.004731742,0.3843140397,-0.07411387812,-0.7365133027,-0.4278969183,-0.3063429376,1.155239541,-0.2408752092,0.08807244108,-0.08721745932,-0.1764254568,0.1377835735,-1.990968001,1.27335436,-0.9032992653,0.6773958492,0.1509299076,-0.5527109385,0.6708043716,-1.931269091,-1.282275539,0.9584822128,0.3390529335,-0.3159236311,-0.2622851472,-0.7626295563
-0.03870684234,-0.0661389194,0.2984938139,-0.5400171643,-0.4381061498,0.5158213194,-0.5003726913,-0.8471489575,0.2214401205,0.09053625931,1.007363866,0.392903831,-0.07228551138,-0.7404194521,-0.4239598733,-0.3000969042,1.155189641,-0.2411701868,0.08902699741,-0.0854582994,-0.1769107773,0.1375731693,-1.994050787,1.266987074,-0.9110117768,0.6859400683,0.1486407853,-0.5502803283,0.6720264058,-1.933856206,-1.278262923,0.9664851898,0.3463586688,-0.3197556794,-0.2610603867,-0.7673580928
-0.0403008234,-0.06593754478,0.2994435518,-0.5393843969,-0.4379854029,0.515665315,-0.5013207977,-0.8504650116,0.2255286119,0.08849239626,1.009267015,0.4018908725,-0.07044392828,-0.7436703043,-0.4199133585,-0.2944412856,1.155224987,-0.241646181,0.08990702816,-0.08424109932,-0.1775535712,0.1372011033,-1.996507959,1.260494555,-0.9184188488,0.6941987716,0.146448095,-0.5467749092,0.673142296,-1.936194592,-1.273952208,0.9747537271,0.353541082,-0.3234328561,-0.259322677,-0.7719502072
-0.04195688832,-0.0655834396,0.3002073161,-0.5389143798,-0.437661361,0.5153817859,-0.5023996807,-0.8534074521,0.2294875483,0.08683480655,1.011130425,0.4099620087,-0.06865215471,-0.7462081865,-0.4159943195,-0.2890286617,1.155015715,-0.2425852867,0.0908821362,-0.0836500578,-0.1783889633,0.136083426,-1.998764398,1.253549491,-0.9260286568,0.7029617838,0.1438620536,-0.5431608865,0.673898385,-1.938136719,-1.26926537,0.9835366006,0.3598877764,-0.3269584249,-0.2556367836,-0.776456419
-0.04362787769,-0.06511619886,0.3008683517,-0.5385475818,-0.4373032893,0.5150214033,-0.5034732262,-0.8561276751,0.2333163772,0.08537879827,1.012732705,0.4167770914,-0.06706829296,-0.7481757656,-0.4120070778,-0.284038272,1.154227647,-0.2436348791,0.09176218809,-0.08328507849,-0.1792291754,0.134414078,-2.000637386,1.246486444,-0.9332938754,0.7114782014,0.1415559064,-0.5383604986,0.6743090689,-1.939993485,-1.264100079,0.9924849405,0.3662383137,-0.3302568565,-0.2507746817,-0.780713302
-0.04523310368,-0.06455302309,0.3014626988,-0.5382694238,-0.4370751141,0.5146494382,-0.5043484191,-0.8588306261,0.2372418039,0.08450285159,1.01425841,0.421720688,-0.06573221011,-0.750010538,-0.4078707746,-0.2790219242,1.152814778,-0.2451585313,0.09272024882,-0.08237362632,-0.1800244878,0.1321200059,-2.001956988,1.239264667,-0.9404531576,0.7198977271,0.1390199869,-0.5334789101,0.6746591427,-1.941850357,-1.258867564,1.000953516,0.3743843963,-0.3326501514,-0.2479221402,-0.7843577419
-0.04673716128,-0.06392925681,0.302067865,-0.5380650018,-0.4370244907,0.5142557182,-0.5050115886,-0.8616980548,0.240996909,0.08381162748,1.015526858,0.4248464906,-0.06466742889,-0.7519541859,-0.4036161691,-0.274126487,1.1509745,-0.2466884946,0.09356932718,-0.08096676737,-0.1806117058,0.1294898518,-2.002908901,1.232243449,-0.9472002055,0.7277264842,0.1368662889,-0.52782204,0.6750242476,-1.943981644,-1.25360336,1.009070673,0.3834025198,-0.3346588228,-0.24567474,-0.7878269843
-0.048158459,-0.06324908917,0.3026958054,-0.5378961971,-0.4371621797,0.5139179006,-0.5054159685,-0.8649899133,0.2448889592,0.08344728026,1.016884389,0.4265177382,-0.0636788607,-0.7542056383,-0.3992143721,-0.2691876118,1.148956583,-0.2487709427,0.09452179439,-0.07873502651,-0.1813230787,0.1266241177,-2.003346153,1.225586057,-0.9537423382,0.7349032314,0.1346016538,-0.5224623154,0.6760023893,-1.946173849,-1.248847015,1.016871545,0.3930647415,-0.3367301317,-0.244168807,-0.7916335366
-0.04949153562,-0.06253031688,0.3033871301,-0.5377641811,-0.4373418655,0.5136244223,-0.5056992496,-0.8685189116,0.2484843625,0.08303987787,1.018304269,0.4272457779,-0.06282552549,-0.756574269,-0.3949202615,-0.2643470011,1.147021539,-0.2508162251,0.09538078475,-0.07606535915,-0.1821685928,0.1239842633,-2.003479114,1.219562703,-0.9600028659,0.741370641,0.1328279409,-0.5171472929,0.677581984,-1.94863335,-1.244655939,1.02444526,0.4028528412,-0.33896459,-0.2426391673,-0.7955879015
-0.0508107463,-0.06179395141,0.3041370437,-0.5375967871,-0.4375426877,0.5134161869,-0.5059149237,-0.8721865502,0.2522237361,0.08279404147,1.019753395,0.4278916069,-0.06192192437,-0.7589474466,-0.3904844373,-0.259730446,1.145178129,-0.2540675372,0.09644227598,-0.07274935552,-0.1832840826,0.1217021883,-2.003173934,1.214078948,-0.9663492974,0.7475243859,0.131080142,-0.5125996506,0.6798317532,-1.951124838,-1.241283702,1.031827036,0.4127533382,-0.3414361097,-0.2414657242,-0.7997447849
-0.05211934198,-0.06104599167,0.3049508412,-0.5374456859,-0.4376170182,0.5132591633,-0.506170437,-0.8758047439,0.2556507579,0.08242623554,1.021299228,0.4287683322,-0.06103556063,-0.7611191349,-0.3862444235,-0.2554781374,1.143579898,-0.2573402702,0.09744085533,-0.06923259435,-0.1847606413,0.1199610476,-2.002433029,1.209326182,-0.9727012828,0.7533443155,0.1298679745,-0.5082915908,0.6821335349,-1.953686243,-1.238668771,1.039096074,0.4224675522,-0.344090335,-0.2400634167,-0.8039026544
-0.05346686806,-0.06029960758,0.3058123474,-0.5373601236,-0.4375946542,0.5131110744,-0.5064306877,-0.879666772,0.2591358998,0.08231210437,1.022894972,0.4306005412,-0.05997043013,-0.7633521592,-0.3821430377,-0.2517477226,1.14183232,-0.2616448657,0.09874645914,-0.06541569557,-0.186561603,0.1184369624,-2.001056327,1.204933468,-0.9794235183,0.75931264,0.1285152771,-0.5043764464,0.6843490299,-1.956141246,-1.236681087,1.046239926,0.4320867003,-0.3468302125,-0.2387407173,-0.8079311573
-0.05485382196,-0.05955837864,0.3067284156,-0.5373402879,-0.4373609215,0.512985703,-0.5067805323,-0.8834334814,0.2623232822,0.08223824592,1.024520777,0.4333588221,-0.05886145292,-0.7653187334,-0.3783925781,-0.2485979724,1.140249955,-0.2657521596,0.09999668952,-0.0615917553,-0.1887654259,0.1173972785,-1.999072456,1.201094769,-0.9861443057,0.7651639707,0.1275175448,-0.5005671197,0.6864653868,-1.958541718,-1.235232004,1.053314954,0.4414017949,-0.34966,-0.23697174,-0.811836598
-0.05631314777,-0.0588393693,0.3076931571,-0.5373419251,-0.4369972306,0.5128764486,-0.5072029421,-0.8871708497,0.2656596415,0.08248467377,1.026046351,0.437285841,-0.0574672982,-0.7670021407,-0.3747040233,-0.2462038117,1.138985345,-0.2698357518,0.1014325595,-0.05748540913,-0.191069428,0.1166792011,-1.996480434,1.197493824,-0.9931459251,0.771289174,0.1263225542,-0.4972064881,0.6889178291,-1.960792667,-1.23403208,1.060303218,0.4503535258,-0.3526681854,-0.234549324,-0.8155334877
-0.05783505499,-0.05814489796,0.3087085653,-0.5373745929,-0.4364258689,0.5127691562,-0.5077684514,-0.890648502,0.2687616346,0.08275099189,1.027362899,0.4422233705,-0.05599258595,-0.768197457,-0.3712848173,-0.244325834,1.138302582,-0.2735676485,0.1026550877,-0.05338560447,-0.1934809589,0.1164327279,-1.993257885,1.194336987,-1.000074665,0.7773579008,0.1254037159,-0.4939651412,0.6917981794,-1.962965536,-1.233020622,1.06727911,0.4587872542,-0.3559037999,-0.2311209139,-0.8190904627
-0.05938153358,-0.05750922404,0.3097419576,-0.5374074349,-0.4358047916,0.5125597866,-0.5084780208,-0.8939562219,0.2718551161,0.08299397102,1.028397037,0.4477947674,-0.05427069283,-0.7689436115,-0.3678690086,-0.2426014973,1.137140621,-0.2763166991,0.1036852994,-0.04945771445,-0.1954341753,0.1163380743,-1.99040257,1.19105014,-1.007731218,0.7840934751,0.1246788464,-0.4902593021,0.6942811988,-1.965062659,-1.231919143,1.074267519,0.4662682721,-0.3596427169,-0.2270180347,-0.8224351937
-0.06095140009,-0.05692606978,0.310783884,-0.5374763111,-0.4350760917,0.512232399,-0.5093583991,-0.8969784462,0.2746682562,0.08307012142,1.028971304,0.453767706,-0.05251672999,-0.7691574481,-0.3646025016,-0.2410289225,1.136153838,-0.2784675997,0.1045642131,-0.04588395349,-0.1970069559,0.1163977381,-1.987586892,1.187776944,-1.015439499,0.7908604538,0.1243404084,-0.4857657198,0.6963107864,-1.967185717,-1.230645323,1.08124047,0.4733312213,-0.3636121546,-0.2225988676,-0.8254554327
-0.06241292374,-0.05649689685,0.3118113367,-0.5375068335,-0.4345377246,0.5117551712,-0.5102646516,-0.8999026246,0.277266711,0.0827939818,1.029190895,0.459606093,-0.05065192555,-0.7685279727,-0.3607968573,-0.2394844352,1.133403334,-0.2795113033,0.1054240555,-0.04274180142,-0.1974878854,0.116207529,-1.986270754,1.183783775,-1.023989717,0.7982356814,0.1241373589,-0.479860544,0.6966340359,-1.969427315,-1.228844011,1.088185584,0.479626643,-0.3678109642,-0.2180858211,-0.8279198197
-0.06378306764,-0.05619173061,0.3127953871,-0.5376107074,-0.4340388889,0.5111477779,-0.5111877536,-0.9025706621,0.2793485589,0.08236287562,1.028830605,0.4650926393,-0.04884278424,-0.7672843819,-0.3568760115,-0.237882967,1.129792543,-0.2800030244,0.1061964224,-0.04023136266,-0.1972580859,0.115720631,-1.985937791,1.179215208,-1.032405308,0.8053752796,0.1242560178,-0.472631932,0.6958221848,-1.97185866,-1.226440041,1.095188877,0.4854705044,-0.3720685027,-0.2136243464,-0.8299898104
-0.06497826064,-0.05607855424,0.3138596221,-0.537782364,-0.4337775348,0.5104583323,-0.5119174448,-0.9061137243,0.2808536985,0.08187288063,1.030007727,0.4692759445,-0.04691863372,-0.7654026781,-0.3521170776,-0.2359415962,1.123628838,-0.2794290709,0.1068763129,-0.03813559221,-0.1964384423,0.114951877,-1.986788276,1.174214349,-1.040405622,0.8120551765,0.1237042645,-0.4648692188,0.6945513391,-1.974387234,-1.223416435,1.102116996,0.4907851757,-0.3764665527,-0.2090774496,-0.8321478741
-0.06603844224,-0.05612320135,0.3149883708,-0.5381658897,-0.433460036,0.5097478613,-0.5124909661,-0.9100275859,0.2813569985,0.08185799978,1.03182345,0.4721571022,-0.04523174095,-0.7631460037,-0.3472686807,-0.2333144504,1.115777513,-0.2781958425,0.1072417145,-0.03660373896,-0.1956153082,0.1141029602,-1.987991743,1.169248935,-1.047914318,0.8181963915,0.1232613822,-0.4570734645,0.6945105305,-1.977067256,-1.220044476,1.108998854,0.4956990945,-0.3808502864,-0.2045634216,-0.834379721
-0.06693903702,-0.05636243716,0.3162708267,-0.5387132167,-0.4332252166,0.5090000383,-0.5128576244,-0.9149355574,0.2811749095,0.082477975,1.035528047,0.4727249068,-0.04369568168,-0.760448458,-0.3418341626,-0.2296443993,1.105324915,-0.2762805536,0.1073240169,-0.03543283917,-0.1947342422,0.1133228068,-1.98973203,1.164431655,-1.05509601,0.8238760422,0.122552815,-0.4494957235,0.6953068662,-1.979841527,-1.21663519,1.115699889,0.5000298287,-0.3853267067,-0.2000417499,-0.8368581262
-0.06770117606,-0.05676668543,0.3177126274,-0.5395014038,-0.4328855793,0.5082629536,-0.51304686,-0.9205140595,0.2800173731,0.08436285864,1.039700646,0.4711234477,-0.04269478107,-0.7576353274,-0.3367505102,-0.2253682153,1.093151473,-0.2736812694,0.1070792841,-0.03472693367,-0.1941125163,0.1128084276,-1.991602934,1.159953652,-1.061907935,0.8290748844,0.1221712971,-0.4419077119,0.6972903362,-1.982887193,-1.213315352,1.122266085,0.5039041385,-0.3897333428,-0.1956472726,-0.8394306021
-0.06831281105,-0.05732934209,0.3193338505,-0.5404091482,-0.4325964242,0.507487378,-0.5131031548,-0.9272462208,0.2786359475,0.08715223797,1.045106543,0.4669160397,-0.04205262929,-0.7545520328,-0.3316476338,-0.2205583232,1.078979492,-0.2704027209,0.1065909059,-0.03436024777,-0.1934053685,0.1126118025,-1.993909748,1.155764122,-1.06858428,0.8338046613,0.1212325238,-0.4342872496,0.699502772,-1.986227738,-1.210241927,1.128744547,0.507062714,-0.3941973664,-0.1912513208,-0.8420557087
-0.06879493108,-0.05802566745,0.3211378405,-0.5414612629,-0.4322301854,0.5067903967,-0.5129914828,-0.9346574623,0.2767724077,0.09091302305,1.050560248,0.4615300425,-0.04174043552,-0.7515395457,-0.3272262576,-0.2155747918,1.063692256,-0.2663604253,0.1058692825,-0.03425351085,-0.1929554024,0.1129211497,-1.996390008,1.151939463,-1.074894201,0.838036157,0.1205597937,-0.4263277034,0.7023589892,-1.989966024,-1.207323292,1.135118845,0.5098340122,-0.3985996839,-0.1870075533,-0.8446883626
-0.06916126596,-0.05882251574,0.3230728706,-0.5425291238,-0.431961975,0.5061126618,-0.5127582039,-0.9430840651,0.275382325,0.09480347211,1.057166999,0.4556372241,-0.04118241705,-0.7484618721,-0.3228644981,-0.2102950628,1.047331931,-0.2617001009,0.1049572718,-0.03426949422,-0.1923629964,0.1134859736,-1.999048799,1.148463674,-1.080866821,0.8418015333,0.1193519341,-0.4183185234,0.7049456441,-1.993867754,-1.204412312,1.141318448,0.5121477056,-0.40295518,-0.1827863919,-0.8471977093
-0.06943216707,-0.05970466814,0.325137181,-0.5436552648,-0.4316453223,0.5056060506,-0.5123317191,-0.9517857696,0.274024772,0.09888837302,1.063929184,0.4506143684,-0.04061577218,-0.7456147691,-0.3192035493,-0.2049250253,1.030617871,-0.2563545689,0.1039119679,-0.03427774101,-0.1921002919,0.1144997346,-2.001725329,1.145367761,-1.086391645,0.845080003,0.1184353914,-0.4100218474,0.7079930449,-1.997989572,-1.201433437,1.147330618,0.5143073097,-0.4072262114,-0.1786778829,-0.8497194325
-0.06962088235,-0.06062981152,0.3272501638,-0.5447268766,-0.4313786042,0.5051668605,-0.5118511236,-0.9611142683,0.2734605425,0.1023098982,1.071827368,0.4461698906,-0.03986861604,-0.7426599663,-0.3158415679,-0.1995820573,1.013640937,-0.2505424366,0.102807209,-0.03435835231,-0.1917356317,0.115769898,-2.00451009,1.142693153,-1.091757627,0.8478253347,0.116934439,-0.4016848605,0.7108867974,-2.002212414,-1.198373121,1.153256851,0.5161915089,-0.4113868176,-0.1745795528,-0.8521500719
-0.06974343577,-0.06159208431,0.3294149281,-0.5458221146,-0.4310190529,0.5049086867,-0.5112416389,-0.9704608033,0.2731534939,0.1057325406,1.079827497,0.4425064104,-0.03933881175,-0.7399059724,-0.313258378,-0.1942404467,0.9969301258,-0.2442027221,0.1016862617,-0.03442502533,-0.1917313668,0.1174251317,-2.007269973,1.140327955,-1.096771896,0.8500836927,0.1157620493,-0.3929725971,0.7141907081,-2.006537593,-1.195201938,1.159040495,0.5180543984,-0.4154240815,-0.1705653351,-0.8546506271
-0.0698331806,-0.06252572667,0.3315405723,-0.5468618155,-0.4307512139,0.5046539585,-0.5106074115,-0.9805163006,0.2740998214,0.1082413999,1.088454976,0.4389576981,-0.03877394565,-0.7370881179,-0.3108914645,-0.1890994254,0.9803570376,-0.2377563173,0.1007123185,-0.03456192109,-0.1915788155,0.1190160326,-2.009904482,1.138066486,-1.101045317,0.8518519997,0.1144683298,-0.3838391487,0.7169490195,-2.010834786,-1.191910337,1.164721136,0.5196968078,-0.4192338628,-0.1664801525,-0.8569676917
-0.06990847669,-0.06342827547,0.3336437512,-0.5479343341,-0.4303777742,0.5045355445,-0.5098890284,-0.9906936044,0.2756052816,0.1105481765,1.096810609,0.4353600403,-0.03851598066,-0.7344515473,-0.3091920396,-0.1839521014,0.9643324752,-0.2311798179,0.09985670518,-0.03473051865,-0.1918249255,0.1208252218,-2.01252583,1.13584251,-1.1047956,0.8531388231,0.1135962031,-0.3739123152,0.7199621621,-2.015154793,-1.188510173,1.170200186,0.5213578487,-0.4228223915,-0.1624185135,-0.8592701886
-0.0699846011,-0.0642691835,0.3356636515,-0.5489249148,-0.4300654914,0.5044214214,-0.5091995097,-1.001493809,0.2784043661,0.1118525459,1.105556961,0.4311854697,-0.03822547807,-0.7318390971,-0.307629259,-0.1790280898,0.9488414031,-0.2245622948,0.09909816562,-0.03492391693,-0.1919436413,0.1225289766,-2.014771121,1.133579657,-1.107770401,0.8535026655,0.1123995586,-0.3627876477,0.7225450397,-2.019333334,-1.184920579,1.175544049,0.5230642982,-0.4260136859,-0.1583303935,-0.8614680115
-0.07007908001,-0.06505016393,0.337618229,-0.5499186827,-0.429606268,0.5044431113,-0.5084929148,-1.012313319,0.2817837144,0.112727027,1.113912403,0.4268931037,-0.03814486772,-0.7293754852,-0.3066277008,-0.1740560504,0.9342293148,-0.2179315194,0.0984292796,-0.03512609501,-0.1924773384,0.1244484093,-2.016903171,1.13113398,-1.110319926,0.8531340737,0.1115898798,-0.3501415935,0.7256841273,-2.02339284,-1.181223186,1.180645169,0.5248958181,-0.4288738684,-0.1542595763,-0.8636656334
-0.07019735414,-0.06574658801,0.3394852514,-0.5508715296,-0.429145671,0.5044407943,-0.5078523762,-1.023597409,0.2861385599,0.1126695633,1.122411773,0.4222868079,-0.03813825261,-0.7269606636,-0.3058405903,-0.1693491024,0.9203719389,-0.2114245034,0.09792743069,-0.03519359908,-0.1929915923,0.1263246865,-2.018245502,1.128558555,-1.112325738,0.8498083721,0.1110599555,-0.3350645814,0.7299277556,-2.027237201,-1.177577637,1.185475709,0.5269268319,-0.4312958994,-0.1501597077,-0.865859906
-0.07034711408,-0.06636651208,0.3412792092,-0.5518411305,-0.4285160126,0.504536454,-0.5072360004,-1.03472625,0.2908675989,0.112229503,1.130623831,0.4182713368,-0.03826675521,-0.7246597283,-0.3055677934,-0.1645964954,0.9075114192,-0.2051040772,0.09751217632,-0.03525848421,-0.1939060137,0.1284340092,-2.019510326,1.125325076,-1.113890631,0.8463269075,0.1106679246,-0.3190754873,0.7347554973,-2.030938922,-1.173969884,1.189946291,0.5290771276,-0.4333855275,-0.1460708095,-0.8679793748
-0.07051894688,-0.06689288356,0.3429925865,-0.5527848549,-0.427890095,0.5045852836,-0.5066879338,-1.046209011,0.2963810888,0.111196358,1.139187285,0.4144539771,-0.03831079584,-0.7224630502,-0.3054814826,-0.1601453117,0.8954446821,-0.1990595553,0.09723432889,-0.03530399497,-0.1947505322,0.1305002142,-2.020200251,1.12112625,-1.114141765,0.8431565381,0.1096539375,-0.3027529436,0.7393903163,-2.034468522,-1.170352586,1.193927006,0.5314380851,-0.435138737,-0.1419917743,-0.8699073426
-0.07072243501,-0.0673355526,0.3446417404,-0.5537491544,-0.427114576,0.504696948,-0.506177838,-1.057465973,0.3021273409,0.1099217557,1.147479512,0.4110514659,-0.03840818606,-0.7203937255,-0.3058259073,-0.1556801672,0.8843336096,-0.1933349288,0.09700805091,-0.03550777186,-0.1959007251,0.1328195122,-2.020949552,1.11615732,-1.113660002,0.8411263144,0.1085728886,-0.2865997167,0.7445298497,-2.038030277,-1.166745065,1.197455131,0.5338369354,-0.4366419832,-0.1379332696,-0.8715696123
-0.07094135907,-0.06769578874,0.3462036916,-0.5547365197,-0.4263677328,0.504740812,-0.5056823735,-1.069052902,0.3083331319,0.1082417381,1.155862525,0.4070861969,-0.03836297871,-0.7185032707,-0.3063718532,-0.1515320887,0.8738635351,-0.1879843611,0.09687839932,-0.03566577778,-0.1970424231,0.1349209449,-2.021172868,1.110551883,-1.112405634,0.8390814634,0.1065718284,-0.2703174057,0.7501071514,-2.041498012,-1.163304408,1.200559252,0.5364474202,-0.4380384071,-0.1340687619,-0.8730829995
-0.07118411433,-0.06798102004,0.3476996843,-0.5557569224,-0.4255073166,0.5048210383,-0.5052063797,-1.080463364,0.3145772409,0.1063858039,1.163703502,0.4029030406,-0.03836582564,-0.7167345971,-0.3072873522,-0.147400425,0.8641493862,-0.1830200161,0.09675584651,-0.03595926466,-0.1984455338,0.1371796415,-2.021538749,1.104466976,-1.110803615,0.8379596783,0.1045798802,-0.2543438007,0.7565004137,-2.045135043,-1.160018152,1.203380699,0.5390495397,-0.4393215141,-0.130344004,-0.8743058872
-0.07141943926,-0.06819164114,0.3490996689,-0.5567567365,-0.4246916693,0.5048100099,-0.5048027103,-1.092222909,0.3212257687,0.1040619204,1.171668131,0.3983301885,-0.03833001771,-0.7149383262,-0.308290242,-0.1436367338,0.8548779761,-0.1785011133,0.09676055065,-0.03612435033,-0.1996946272,0.1392840251,-2.021411279,1.097902557,-1.108726176,0.8364221982,0.1020561976,-0.2382001196,0.7636090993,-2.048820094,-1.157174606,1.206022475,0.5419293715,-0.4405611665,-0.1270349319,-0.8754236636
-0.07165659093,-0.06833693291,0.3504220094,-0.5577594738,-0.4237850748,0.5048160269,-0.5044515425,-1.103784995,0.3278634337,0.1016108011,1.17928993,0.3940199768,-0.03835169095,-0.7131395539,-0.3095591927,-0.1398921251,0.8461974951,-0.1744115873,0.09678471388,-0.03639713488,-0.2011145508,0.1415412611,-2.021529981,1.091010004,-1.106548572,0.8356031947,0.09976496482,-0.2224215815,0.7712632955,-2.052696321,-1.154656766,1.208562167,0.5447876051,-0.4417414405,-0.1239830515,-0.8762963189
-0.07186756146,-0.06841353445,0.3516378393,-0.558737802,-0.4230021825,0.504705071,-0.5041368996,-1.115860245,0.3349006206,0.09869707452,1.187452417,0.3894132397,-0.03826991428,-0.7113793231,-0.3107846421,-0.1365495813,0.8377617113,-0.1707873328,0.09686337305,-0.03647534227,-0.2023279753,0.1434911957,-2.021222077,1.083803686,-1.104141549,0.8339107726,0.09691185676,-0.2062917219,0.7794212426,-2.056693278,-1.152760212,1.21117833,0.5477845689,-0.4430379069,-0.1213883392,-0.8771416029
-0.07206842695,-0.06843165971,0.352772124,-0.5597155009,-0.422176757,0.504599726,-0.5038496408,-1.127817706,0.3419114924,0.09564693236,1.195362782,0.3848142204,-0.03823080403,-0.709649065,-0.3121886022,-0.1332388728,0.8297630316,-0.1676048037,0.09694148581,-0.03665811125,-0.2037247035,0.1455110013,-2.021260668,1.07645715,-1.101789777,0.8327639678,0.09434954623,-0.190555584,0.7877145263,-2.060877249,-1.151304531,1.213811025,0.5506626525,-0.4443818919,-0.1190849552,-0.8778126687
-0.0722228485,-0.06837671515,0.353809153,-0.5606577899,-0.4214630667,0.5043987198,-0.5036006926,-1.139997842,0.3489193596,0.09220337095,1.203455235,0.3789477401,-0.0382659752,-0.7080269969,-0.3135593879,-0.1302555802,0.8221178275,-0.1648949811,0.09725360813,-0.03651616375,-0.2048649322,0.1472787372,-2.020864869,1.068866661,-1.099341645,0.8305811966,0.0912676921,-0.1744308614,0.7962159105,-2.065213445,-1.150505438,1.216539669,0.5537500174,-0.4459289543,-0.1173270641,-0.8784170599
-0.07234925371,-0.06825719353,0.3547736114,-0.5615716372,-0.4207232587,0.5042009263,-0.5033991079,-1.15191446,0.3556737976,0.08873879542,1.211052026,0.3726325773,-0.03841959106,-0.7064579665,-0.3150361061,-0.127312736,0.814993759,-0.1626452328,0.09761235362,-0.03638120017,-0.2060587431,0.149134878,-2.020759726,1.061285112,-1.097048047,0.8288867553,0.0885553183,-0.1588152086,0.8045568196,-2.069747452,-1.150137822,1.219307144,0.5567797626,-0.4476192869,-0.1158890355,-0.8788342542
-0.07236242058,-0.06808490402,0.3556137797,-0.562402423,-0.4201272421,0.5038889259,-0.5032817952,-1.16417942,0.3622381108,0.08519626004,1.219760491,0.3656132884,-0.038519215,-0.7049820919,-0.3163688967,-0.1246501439,0.8082894036,-0.1606442124,0.09817299548,-0.03590258341,-0.2066256659,0.150550482,-2.02029639,1.053642828,-1.095245913,0.8260164245,0.08511104239,-0.1425448301,0.8128257998,-2.074313555,-1.150377733,1.222339473,0.5598996429,-0.4494860175,-0.1150564983,-0.8790056854
-0.07229406879,-0.06787623846,0.3563581454,-0.5631681925,-0.4195186179,0.5035746006,-0.5032477896,-1.176117465,0.3683582362,0.08198841504,1.228469178,0.3586951614,-0.03867716419,-0.7034868216,-0.3177404166,-0.1220094617,0.8021740153,-0.1589286483,0.09874530903,-0.03537588472,-0.2069819666,0.1518915324,-2.019968517,1.046166183,-1.093910823,0.8236448447,0.08203692519,-0.1267364122,0.8205436719,-2.078827763,-1.15096234,1.225478777,0.5629275299,-0.4515286083,-0.1145669816,-0.8789884447
-0.07208641258,-0.06764835883,0.3570051572,-0.5638778373,-0.4189449462,0.5031988394,-0.503306909,-1.188021168,0.3738500524,0.07907782518,1.238224367,0.3508963144,-0.03881348267,-0.7020887639,-0.3192792142,-0.1197165963,0.7966942922,-0.1572374057,0.09946899262,-0.03441182636,-0.2067562837,0.1529589118,-2.019082088,1.038527387,-1.092850414,0.8202341758,0.07821819318,-0.1104230776,0.8278318511,-2.083274799,-1.152087457,1.22886026,0.5660516622,-0.4536641088,-0.1146312532,-0.8787688011
-0.07177371189,-0.0674165706,0.3575788508,-0.5645262418,-0.4183175351,0.5028438211,-0.5034567049,-1.19936259,0.3786667508,0.07677490735,1.247842873,0.3431923645,-0.03901637866,-0.7006567757,-0.3209796958,-0.1174586872,0.791920557,-0.1556324369,0.1001167411,-0.03330130239,-0.2062586795,0.1540007188,-2.0180779,1.03106962,-1.092157092,0.8173645854,0.07481275026,-0.09470531381,0.8345841733,-2.087513007,-1.153441219,1.232288109,0.5691335094,-0.455976811,-0.1149759438,-0.8784588158
-0.07128281868,-0.06720086736,0.3580921581,-0.5651631478,-0.4176944917,0.5024008143,-0.5037016475,-1.210833904,0.3827422019,0.07499965651,1.259000377,0.3347681683,-0.03908782432,-0.6993781865,-0.3230187208,-0.1155816926,0.7877550185,-0.1537730367,0.1008043407,-0.03189598225,-0.2051793987,0.1547652985,-2.016646229,1.023514468,-1.0920172,0.8132860266,0.07053921955,-0.07841165413,0.8413050935,-2.091558486,-1.155219671,1.235848382,0.5723492826,-0.4582746596,-0.1157603814,-0.8780939593
-0.07065329759,-0.067018574,0.3585712557,-0.5657658884,-0.4170035276,0.5019661165,-0.5040307881,-1.221816977,0.3860938241,0.07399302657,1.270173398,0.3266461037,-0.03919270825,-0.6980912153,-0.3253110266,-0.1136876712,0.7841898209,-0.1517174183,0.1013392284,-0.03042453537,-0.2038316299,0.1555056321,-2.015072556,1.016155832,-1.092345542,0.8097011609,0.06667555783,-0.062712952,0.8476765071,-2.095246106,-1.157168778,1.239335543,0.5755269634,-0.4606909413,-0.1167234419,-0.8777684757
-0.06981589853,-0.06687972549,0.3589938764,-0.5663461303,-0.416298399,0.5014613301,-0.504464308,-1.2328235,0.3887179582,0.07342818412,1.282821447,0.3180232283,-0.03903862767,-0.6968553793,-0.3280699879,-0.1121483093,0.7813632138,-0.14909932,0.1017700695,-0.02871393509,-0.2017862159,0.1559723875,-2.013180523,1.008697645,-1.093323598,0.8049057021,0.06171459237,-0.04625067834,0.8538460056,-2.098688309,-1.159468287,1.242957806,0.5786045684,-0.4630459077,-0.11800173,-0.877260946
-0.06881735946,-0.06679882669,0.3593859584,-0.5668878096,-0.4155243252,0.5009855452,-0.5049665632,-1.243263651,0.3906790162,0.073574177,1.295332241,0.3097848647,-0.03892274289,-0.695594492,-0.3310951033,-0.1105029362,0.7789748051,-0.1460518755,0.1020460388,-0.026938643,-0.1993979502,0.1563572529,-2.011072309,1.0014118,-1.09476301,0.8006819483,0.05708560599,-0.03025608018,0.8595829531,-2.101680944,-1.161824217,1.246481132,0.581551112,-0.4654902978,-0.1193913992,-0.8767495871
-0.06761457274,-0.06675362123,0.3597279594,-0.5674109123,-0.4147459051,0.500439881,-0.505559706,-1.253719076,0.3920397632,0.0742244899,1.308982996,0.3011980951,-0.03852596646,-0.6944032246,-0.3343770074,-0.1090024347,0.7769242362,-0.1426014048,0.1023316847,-0.0249344142,-0.1963314762,0.1564617561,-2.008670824,0.9939583155,-1.096630566,0.7955228141,0.05195405321,-0.01350951425,0.8650807718,-2.104387248,-1.164456077,1.24995767,0.5844589959,-0.4677161587,-0.1210586677,-0.8760214354
-0.06625052962,-0.06675802515,0.360043444,-0.5678986249,-0.4139089601,0.4999239206,-0.5062080582,-1.263601901,0.3928202142,0.07553717295,1.322261249,0.2931960679,-0.03816844461,-0.6931853588,-0.3378510731,-0.1072851679,0.7751921476,-0.1387573819,0.1024553698,-0.02288474726,-0.1929335331,0.1564693869,-2.006028257,0.9866594055,-1.098808365,0.7910284148,0.04732387977,0.002714893434,0.870257618,-2.106626924,-1.167043894,1.253210137,0.5873017139,-0.4699405598,-0.1227807815,-0.8753070751
-0.06469343947,-0.06678613566,0.3603232813,-0.5683680716,-0.4130784025,0.4993533691,-0.5069222636,-1.273684439,0.3931255465,0.07696966758,1.336789267,0.2850211709,-0.03734111131,-0.6920477958,-0.3416077377,-0.1057352357,0.7737684927,-0.1345178397,0.1026576133,-0.02064684944,-0.1889909533,0.1562835195,-2.003093186,0.9791184388,-1.100840447,0.7859346101,0.04305208692,0.01947345147,0.8750286868,-2.108596316,-1.169886793,1.256228394,0.5901498487,-0.4719036303,-0.1247541046,-0.8744158265
-0.06298827373,-0.06685359874,0.3605923122,-0.5688095474,-0.4121975038,0.4988361526,-0.5076528434,-1.283320499,0.3929835392,0.07883064762,1.35099562,0.2775703884,-0.03656112636,-0.690915576,-0.3455677791,-0.1039436281,0.77262591,-0.1299239973,0.1027398654,-0.01842120701,-0.1848958486,0.1560858394,-1.9999984,0.9717663714,-1.102921676,0.7814978254,0.03945548165,0.03554164291,0.8796766314,-2.110145584,-1.172681921,1.258879509,0.5929288789,-0.4738322912,-0.1267285467,-0.8735992485
-0.06111268201,-0.06694009583,0.3608472804,-0.5692322481,-0.4113901924,0.4982891003,-0.5083706619,-1.293044254,0.3924793487,0.08066474868,1.366060587,0.2699216774,-0.03538883935,-0.6899917001,-0.3497457042,-0.1024053285,0.7716659516,-0.1249542218,0.102856055,-0.01619205132,-0.1804395434,0.155768434,-1.996963858,0.9643715326,-1.104348109,0.776515675,0.03645527161,0.05208659173,0.8834719634,-2.111548364,-1.175681575,1.261067735,0.595544376,-0.4754953488,-0.1289317052,-0.8725264656
-0.05910871488,-0.06705681216,0.3611127464,-0.5696260628,-0.4105982503,0.4978147201,-0.5090341147,-1.302295509,0.3916476223,0.08286122285,1.380532588,0.262761206,-0.0343802052,-0.6892127234,-0.3540582553,-0.1006938464,0.7708497401,-0.1196204617,0.1028462474,-0.01408760005,-0.1759717501,0.1555206653,-1.994036191,0.9573388065,-1.10558222,0.7720462434,0.03401054436,0.0679483485,0.8873496662,-2.112753169,-1.178606465,1.262802333,0.5979775877,-0.4770716374,-0.1311116816,-0.871519851
-0.05697685787,-0.06715183273,0.3613542207,-0.5700103478,-0.4099237867,0.4973136612,-0.5096369443,-1.311578751,0.3906531143,0.08510366083,1.395539189,0.2548967977,-0.03318535736,-0.6888476887,-0.3585091681,-0.09921074067,0.7703418181,-0.1140503515,0.1029058327,-0.0120361391,-0.1712976535,0.1551517905,-1.991269961,0.9504387566,-1.106015213,0.7670688921,0.03229459456,0.08411510449,0.8906031671,-2.114020336,-1.181690437,1.264057168,0.6002239471,-0.4783032321,-0.1334714518,-0.8702358788
-0.05475338465,-0.0672364956,0.3615975017,-0.5703619399,-0.4093036485,0.4968726908,-0.5101718436,-1.320427156,0.3894752825,0.08768768712,1.409723136,0.2471789486,-0.03225355994,-0.6887238205,-0.3629976137,-0.09760575424,0.7700340217,-0.1082698479,0.1028741618,-0.01017016353,-0.1666785504,0.1549031686,-1.988754729,0.9440165361,-1.106203653,0.7625131099,0.03104041071,0.09951974527,0.8942556572,-2.115330654,-1.184660906,1.264882855,0.6023029791,-0.4793596302,-0.1357558729,-0.8689831
-0.05246743705,-0.06723190397,0.3617831575,-0.570606412,-0.4089306417,0.4963549,-0.5107013473,-1.328920457,0.3886028467,0.09059797943,1.422562855,0.2397212311,-0.03105622731,-0.6890561857,-0.3670856416,-0.096235526,0.7702815928,-0.1026576404,0.1028933944,-0.008265502881,-0.1616365353,0.1545310431,-1.986447202,0.9378229336,-1.105609571,0.7573749679,0.03065529815,0.1151742072,0.8974857285,-2.117002656,-1.187749577,1.265324159,0.604356102,-0.4800276719,-0.1382508761,-0.8674157751
-0.05014708114,-0.06714843962,0.3619231898,-0.5707415944,-0.4087290526,0.4958540083,-0.5111980012,-1.336653373,0.387812557,0.09339758118,1.433886601,0.2332673916,-0.02985662093,-0.6896469445,-0.3708061226,-0.09490961915,0.7708938749,-0.09726774169,0.102895239,-0.006483706485,-0.1564996987,0.1542182416,-1.984508127,0.9321499183,-1.104782149,0.7525894482,0.03065495172,0.1300337969,0.9012161338,-2.118931033,-1.190636285,1.265433039,0.6063844639,-0.4804717474,-0.1406564311,-0.8658126028
-0.04788526189,-0.06693715101,0.3619923946,-0.5707900857,-0.4088317648,0.495264432,-0.51163308,-1.343747451,0.3875295181,0.09575915437,1.443577472,0.2278176604,-0.02825171953,-0.690891583,-0.3739177733,-0.09379685825,0.7722206293,-0.09257343148,0.1031167197,-0.00450771067,-0.1511350176,0.1536390484,-1.982856099,0.9265236241,-1.103238862,0.747567718,0.03150243477,0.1450060228,0.9045361493,-2.121212599,-1.193456596,1.265089927,0.6086771166,-0.480614949,-0.1433380168,-0.8639405605
-0.04570539146,-0.06661608336,0.3620092996,-0.5707849238,-0.4091206255,0.4946442736,-0.5120077412,-1.349951667,0.3874376173,0.0975734153,1.452216832,0.222823765,-0.02680954241,-0.692507955,-0.3765664292,-0.09283811335,0.7739510841,-0.08862804243,0.1034381931,-0.002679389317,-0.1458717436,0.1530125507,-1.98173066,0.92131866,-1.101457445,0.7430581937,0.03261772069,0.1591650846,0.9081591368,-2.123823264,-1.195989447,1.264419652,0.6110129552,-0.4805729124,-0.1459207638,-0.8619665557
-0.04366136728,-0.06621813425,0.3620127195,-0.5707410524,-0.4096284938,0.4939058533,-0.512363305,-1.355551162,0.3877255547,0.09905872764,1.459695696,0.2181043449,-0.02508843158,-0.6947295988,-0.3786244279,-0.09224411918,0.7762673368,-0.08538805003,0.1038342185,-0.0005494326815,-0.140515607,0.1522157972,-1.980663295,0.9158140875,-1.099044407,0.738684514,0.03453673877,0.1731454291,0.9115363841,-2.12665368,-1.198577606,1.263359852,0.6137720392,-0.480430666,-0.1488273877,-0.8599490272
-0.04176567186,-0.06575634447,0.3620199059,-0.5706814653,-0.4102491319,0.493077097,-0.5127312077,-1.360425136,0.3881078521,0.1002432339,1.46617372,0.2131959257,-0.0236201639,-0.6972303328,-0.3802321783,-0.09196218746,0.7788533059,-0.08283808317,0.1042540531,0.001393177587,-0.135278339,0.1514487118,-1.980008115,0.9105622192,-1.096494114,0.7349461884,0.03665314224,0.1862129648,0.9150664457,-2.129770894,-1.201015459,1.262093697,0.6165705575,-0.4802252964,-0.1516757943,-0.8578479965
-0.0400910843,-0.06531027039,0.3620478228,-0.5705632697,-0.4109422951,0.4921657782,-0.5131830396,-1.364828392,0.3888250725,0.1012411111,1.471262822,0.2087593228,-0.02179527168,-0.7003642526,-0.3812789769,-0.09193250016,0.782554281,-0.08071725198,0.1045640408,0.003967471374,-0.129861159,0.1505911907,-1.977961688,0.9047258775,-1.092868741,0.7317244121,0.04019594417,0.1984833366,0.9186662537,-2.132800989,-1.203725209,1.260707451,0.6196725697,-0.4805135493,-0.1550739929,-0.8556854848
-0.03864487068,-0.06489373387,0.3621049087,-0.5703922994,-0.4116127666,0.4911930226,-0.5137674277,-1.368610396,0.3896169721,0.1019800628,1.47516412,0.2046447522,-0.02008079343,-0.7035905681,-0.3818827273,-0.09218984299,0.7868964631,-0.07897532836,0.1048337455,0.006497826202,-0.1244569241,0.1498526413,-1.975396101,0.8991560236,-1.089218602,0.729123612,0.04415116805,0.2095210501,0.922805294,-2.135789589,-1.206353062,1.25937657,0.6226854242,-0.4811069409,-0.1585856811,-0.853433607
-0.03751389229,-0.06459537099,0.3623043965,-0.5700980452,-0.4122351256,0.4901686457,-0.5145727537,-1.372116962,0.3905897874,0.1024375499,1.477561014,0.2018049876,-0.01767277134,-0.7069517983,-0.3811587503,-0.09275730808,0.7936165782,-0.07835970318,0.1049955573,0.01028277497,-0.1188450573,0.1493543738,-1.970361799,0.8930238532,-1.084862879,0.7270283899,0.04961911584,0.2189271595,0.9284565185,-2.138229697,-1.209667442,1.257959412,0.6263153676,-0.4828435527,-0.1629623232,-0.8515152634
-0.03670161575,-0.06442519367,0.3626471971,-0.5697522938,-0.4126984945,0.4891309422,-0.5155707495,-1.375059082,0.3914674056,0.1026005465,1.478726852,0.2001529009,-0.01512634992,-0.710021757,-0.3796258788,-0.09377405288,0.8011496538,-0.0785174989,0.1050989018,0.01454897755,-0.1134467939,0.1491421023,-1.963669043,0.8873620332,-1.081425422,0.724857131,0.05536642403,0.226814518,0.9360984425,-2.140112926,-1.213366756,1.256744408,0.6299385238,-0.4852959964,-0.1676114452,-0.849801232
-0.03622972742,-0.06439550557,0.3631510389,-0.5693133292,-0.413193219,0.4880127218,-0.5167177956,-1.37814896,0.3926822906,0.1022714829,1.478886412,0.1999997729,-0.01182571683,-0.7131898287,-0.3763127595,-0.09532436408,0.8099773509,-0.07980187179,0.1052425062,0.01987774256,-0.107902368,0.14885659,-1.954461006,0.8815289253,-1.078448836,0.7227999721,0.06183951485,0.2337492517,0.9448433131,-2.141006996,-1.217737491,1.255121728,0.6335875076,-0.4890227488,-0.1731005128,-0.8479126456
-0.0361200763,-0.06450772886,0.3638225724,-0.5689146064,-0.4135172131,0.4869007305,-0.5179453289,-1.38080795,0.3938605048,0.1017990158,1.477958984,0.2013054266,-0.008409154052,-0.7163475746,-0.3717651964,-0.09763398295,0.8185540864,-0.08219205206,0.1057514924,0.02550445615,-0.1029373347,0.1486795541,-1.943472005,0.8762685569,-1.077076747,0.7206895797,0.06790709166,0.2397864008,0.9534223855,-2.141091606,-1.222452688,1.253567483,0.6368721337,-0.4934516641,-0.1787797094,-0.8462013152
-0.03631743678,-0.06470930061,0.3646015196,-0.5684856022,-0.4138142182,0.4858166094,-0.5191956615,-1.383428116,0.3955062908,0.1011950532,1.4763637,0.2039520426,-0.004413492928,-0.7199422013,-0.3657810153,-0.1008814483,0.8265976702,-0.08529852634,0.106614119,0.03182566387,-0.09824520225,0.1482904912,-1.929924255,0.8706371695,-1.07504563,0.7195543449,0.07464889116,0.2445519659,0.9593889986,-2.139778754,-1.227382109,1.251046624,0.6401211756,-0.4987848085,-0.1851374691,-0.8440983507
-0.03683622975,-0.06499095836,0.3654873239,-0.5681453387,-0.4138491389,0.4848421623,-0.5204496537,-1.385396628,0.3971360348,0.1008455628,1.473869224,0.207931145,-0.0004405750768,-0.7237939237,-0.3591783201,-0.1049562614,0.8338159685,-0.08872037348,0.1075447369,0.03808615297,-0.09449291042,0.1480519952,-1.915031037,0.8655401537,-1.073563737,0.718615489,0.08129528214,0.2483805932,0.9657432343,-2.137605721,-1.232207383,1.248386454,0.6430950293,-0.5045567294,-0.191426295,-0.8423079704
-0.03758247602,-0.06527726031,0.3663689286,-0.56778071,-0.4136393664,0.4840121326,-0.5217852005,-1.387001245,0.3988609384,0.1005188471,1.47103054,0.2130485474,0.004419936256,-0.7278922423,-0.3531327058,-0.109248524,0.8416106713,-0.0908464516,0.1078519413,0.04518844569,-0.09129710223,0.1478022683,-1.897493432,0.8604813153,-1.071973374,0.7173041844,0.08795732611,0.2515309112,0.9747772488,-2.134596506,-1.237645189,1.245581124,0.6465223223,-0.5106958414,-0.1984934322,-0.8405710512
-0.03855634854,-0.06557583206,0.3672315132,-0.5674076793,-0.4131124096,0.4833152665,-0.5232523441,-1.387971167,0.4004566127,0.1001819978,1.467792192,0.2192779544,0.009289366086,-0.7316032783,-0.3479808826,-0.113378466,0.8496514462,-0.09164734133,0.1075894398,0.05252583537,-0.08881085763,0.147678123,-1.878033038,0.8559634821,-1.071804185,0.7157860783,0.09365452806,0.2543612382,0.9845260019,-2.130885899,-1.243302126,1.243269827,0.6500544952,-0.5170418895,-0.2055203537,-0.8393789993
-0.03958728975,-0.06577324936,0.3679575061,-0.5669012202,-0.4123999538,0.4827902771,-0.5248455324,-1.388974596,0.401970841,0.09932029671,1.465214256,0.2262784682,0.01496222827,-0.7349911817,-0.3443973567,-0.1169299944,0.8580330852,-0.09111864279,0.1066730556,0.06086655073,-0.08624597296,0.1473594238,-1.85567968,0.8511055813,-1.071731776,0.7153476592,0.09926027692,0.2573558388,0.9915436412,-2.126300724,-1.249089536,1.240315851,0.6545660778,-0.5239038697,-0.2134701238,-0.8376191841
-0.040725799,-0.06588858189,0.3685396538,-0.5662966753,-0.4114640817,0.4824257543,-0.5265650735,-1.389713813,0.4034043479,0.0979840501,1.463198098,0.2339157044,0.02049859894,-0.7376255168,-0.3419409821,-0.1196088296,0.8666957604,-0.08951989237,0.1057680516,0.06956760449,-0.08402271526,0.1470054801,-1.831544142,0.8467361974,-1.072658439,0.7154728302,0.1042751993,0.2603178618,0.9977776801,-2.121039641,-1.254893912,1.23754421,0.6593056087,-0.5311390315,-0.2212833515,-0.8361375987
-0.04188385114,-0.06591107603,0.3689480363,-0.5656103168,-0.410688766,0.4819853383,-0.5283084712,-1.391283986,0.4051855682,0.09592880059,1.462128342,0.2418493129,0.02647066278,-0.7398914474,-0.3398771526,-0.1217821248,0.8751112752,-0.08690170305,0.1051901222,0.07753834788,-0.08160935311,0.1461447734,-1.808464697,0.842788268,-1.074224886,0.7170175377,0.1076838963,0.2637148932,1.001802925,-2.115162523,-1.259862029,1.233912746,0.6639759829,-0.5378996001,-0.2289877477,-0.8339902268
-0.04311489208,-0.0658640542,0.3691869481,-0.564932964,-0.4099519513,0.4815194081,-0.5300275497,-1.393125864,0.4071397626,0.0934695129,1.461668933,0.2498445112,0.03208401113,-0.7415871527,-0.3380440249,-0.1235087736,0.8833606031,-0.08389700483,0.1051169444,0.08457611055,-0.07959061051,0.1450236461,-1.786751538,0.8396209126,-1.076272772,0.7193382805,0.110152008,0.2672161392,1.005107191,-2.108972934,-1.264272566,1.230212425,0.6680464201,-0.544035222,-0.2359382936,-0.8321006389
-0.04432454339,-0.06576809833,0.369176698,-0.5644380803,-0.4095844041,0.4808841051,-0.5314139129,-1.39603833,0.4095500092,0.09082476652,1.461935017,0.2575897988,0.03789113493,-0.7436116953,-0.33639117,-0.1252155137,0.8910260903,-0.08080770052,0.105454508,0.08996900795,-0.07778554408,0.142507938,-1.76764163,0.8371331893,-1.078191489,0.723250116,0.1114117357,0.270117578,1.004700748,-2.10200367,-1.267008598,1.225380965,0.6713163741,-0.5490053633,-0.2424373788,-0.8294990866
-0.04554867088,-0.06564299763,0.36895636,-0.5640963259,-0.4093843614,0.4802285219,-0.5325226254,-1.399203398,0.4121672996,0.08821744848,1.462584348,0.2648346667,0.04317135141,-0.7454814041,-0.3349060782,-0.1268742901,0.8979915284,-0.07804635477,0.1060902293,0.09391801453,-0.07647700143,0.1394290426,-1.7513985,0.8354404443,-1.079758054,0.7276663956,0.1123101999,0.2726302325,1.003250108,-2.095063219,-1.268565152,1.220413861,0.6734504663,-0.5527370353,-0.2480721277,-0.8269281233
-0.04664705454,-0.06553272452,0.3685543127,-0.5638358413,-0.4095036367,0.479495033,-0.5333670677,-1.40304483,0.4149349984,0.08546735986,1.464277681,0.2708691471,0.04829601755,-0.7472361711,-0.3333753246,-0.1286181974,0.9034218,-0.07487231178,0.107058721,0.09576044784,-0.07528055592,0.1357584629,-1.740693984,0.8340856417,-1.080260235,0.7348280062,0.1145842665,0.2727648426,0.9949049305,-2.087630519,-1.268042286,1.214136932,0.6749919181,-0.5550709744,-0.2531492599,-0.8241549315
-0.04764692668,-0.06544072864,0.3679978341,-0.563674275,-0.4097736773,0.4787871521,-0.5339660178,-1.406977674,0.4176356374,0.08291105429,1.466409965,0.2757392886,0.05277862874,-0.7487764943,-0.331965249,-0.1303301268,0.9076042293,-0.07153422391,0.10812102,0.09627744287,-0.07430379073,0.131933409,-1.734107719,0.8331515498,-1.080302209,0.7416974399,0.1170390188,0.2725265096,0.9868944328,-2.080592094,-1.266443478,1.207789411,0.6755006467,-0.5560080293,-0.257394361,-0.8214847473
-0.04860182121,-0.06529656069,0.3673051634,-0.5636819632,-0.4101091228,0.4781393044,-0.5342807851,-1.412106126,0.4205289434,0.07985664499,1.471363261,0.2778813092,0.0569894669,-0.7504514265,-0.3309023897,-0.1317776983,0.9109180192,-0.06808724326,0.1088782015,0.09552636919,-0.0741190186,0.1280085014,-1.730315333,0.8323826381,-1.078706036,0.7486854462,0.1206562434,0.2718126782,0.9796709954,-2.073239734,-1.26373295,1.200433237,0.6754398184,-0.5556992166,-0.2610674815,-0.8185770712
-0.04953040918,-0.06511850153,0.3665288523,-0.5638347453,-0.4103385581,0.4775758914,-0.5344472993,-1.41785952,0.4233361928,0.07706396367,1.477454017,0.2782155005,0.06042382743,-0.751853595,-0.3302695007,-0.1329713037,0.913675285,-0.06487620958,0.1094950117,0.09408153667,-0.07449265215,0.1244890183,-1.728093363,0.8315571883,-1.076903652,0.7545973778,0.1237074332,0.2717380056,0.9765756226,-2.06642457,-1.260898138,1.193048102,0.6744330351,-0.5542043029,-0.2640648534,-0.8155071066
-0.05041846661,-0.06492641209,0.365733223,-0.5641803049,-0.410471723,0.4770499733,-0.5344500642,-1.425058069,0.426239176,0.07449643187,1.486021498,0.2758034637,0.06352332905,-0.7532201098,-0.3301596445,-0.1338286996,0.9157792502,-0.06158044499,0.1101356586,0.09192592,-0.07570926772,0.1211671199,-1.72626064,0.8305653911,-1.073525718,0.7611809971,0.1284376559,0.2710032685,0.9749740855,-2.05906949,-1.257688232,1.184425353,0.6734991041,-0.5519459482,-0.2669221482,-0.8125309499
-0.0512760192,-0.06473711048,0.3649711007,-0.5646513866,-0.4103922754,0.4765734788,-0.5344386879,-1.433289008,0.4290044776,0.0727738555,1.495191793,0.2716005918,0.065839411,-0.7541517703,-0.3304974225,-0.134392424,0.9174854205,-0.05849741428,0.1107372346,0.08918523786,-0.07749652059,0.1186479173,-1.72516484,0.8294875371,-1.069617318,0.7675586691,0.1332702152,0.270093489,0.9756723719,-2.052145552,-1.254864984,1.175576335,0.6719885285,-0.5489578022,-0.2694019207,-0.8096404726
-0.05213511379,-0.06453966268,0.3642080669,-0.5652309222,-0.4102412404,0.4761302106,-0.5343371144,-1.442569556,0.4320828561,0.07153973691,1.505353149,0.2650834091,0.06785328518,-0.7552279175,-0.3310292153,-0.1345523791,0.9192272831,-0.05552003282,0.1111405572,0.08581311946,-0.07995630403,0.1163785686,-1.723532622,0.8285116539,-1.062724618,0.7757274225,0.1404258313,0.2666343551,0.9758047771,-2.044945764,-1.251997319,1.165965069,0.6702468019,-0.5454493396,-0.2719228702,-0.8065802941
-0.05299830925,-0.06435370728,0.3634807965,-0.5658495983,-0.4099278298,0.4757538428,-0.534258072,-1.45239127,0.4351495548,0.07072178697,1.515323694,0.2584245771,0.06949020647,-0.7560063538,-0.3317545796,-0.1344462416,0.9209881112,-0.05278680468,0.1114304397,0.08190942803,-0.08291563919,0.1149224382,-1.722411416,0.8279259864,-1.054894715,0.7839553234,0.1481924036,0.2619696753,0.9768205796,-2.038161021,-1.249603591,1.156345811,0.6678487502,-0.5413969133,-0.2742384817,-0.8035682801
-0.0538489395,-0.0641612893,0.3627636647,-0.5664680567,-0.4095788398,0.4754115517,-0.5341750381,-1.462879127,0.438537212,0.06946777535,1.526454909,0.2514753423,0.07124619701,-0.7568606583,-0.3325278546,-0.1341053551,0.9229714778,-0.05012377932,0.1117391063,0.07742266136,-0.08633969594,0.1137669249,-1.720880501,0.8281631156,-1.045271068,0.792629437,0.1596166082,0.2560183296,0.9764945534,-2.031075905,-1.246896202,1.14630938,0.6654432535,-0.5373819473,-0.2762195863,-0.801090696
-0.05469232119,-0.06398668641,0.3620864508,-0.5670788966,-0.4091066622,0.4751110957,-0.5341560734,-1.473461633,0.4419146469,0.06800976814,1.537606838,0.2455432072,0.07282829856,-0.7574806963,-0.3334288395,-0.1336424872,0.9250594346,-0.04757026056,0.1120288659,0.07253266792,-0.09020758337,0.1133129218,-1.719957725,0.82909026,-1.035417708,0.8004994453,0.1717821552,0.2492273478,0.9766661627,-2.024200806,-1.244660243,1.136404333,0.6626649578,-0.5332203393,-0.2778117517,-0.7990458033
-0.05548403934,-0.06381586626,0.361392662,-0.5676831322,-0.4086124927,0.4748547308,-0.5341204703,-1.484149523,0.4455801123,0.06593907913,1.549690135,0.2394713631,0.07466963167,-0.7581155249,-0.3345009023,-0.1331100538,0.9273235182,-0.04513610061,0.1124272443,0.06743472942,-0.09440601946,0.1129056999,-1.718348014,0.8301371173,-1.023343612,0.8083641169,0.1866445036,0.2410779469,0.9754496688,-2.016812562,-1.24241264,1.126080836,0.6599120592,-0.5290526178,-0.279186968,-0.7971183371
-0.05622850212,-0.06366624979,0.3607143973,-0.5682824468,-0.4080243688,0.4746026737,-0.5341567909,-1.494680422,0.4492397408,0.06383869342,1.561465879,0.2334358531,0.07616318039,-0.7585079677,-0.335760273,-0.1325842352,0.929621081,-0.04281881974,0.1128259095,0.06218361975,-0.09885329757,0.1128796457,-1.717192185,0.8312841717,-1.010997929,0.8151771731,0.2014977665,0.2323229825,0.974679288,-2.009412464,-1.24083453,1.115833714,0.6568126322,-0.5247458664,-0.280318528,-0.795425815
-0.05690366033,-0.06350408211,0.3600123187,-0.5688253503,-0.4074546596,0.4743316774,-0.5342545096,-1.505308806,0.45310617,0.0614607336,1.573695958,0.2257676843,0.07766505657,-0.7588110998,-0.3370461927,-0.1321929102,0.9320561728,-0.04066141492,0.1132805181,0.05680490953,-0.1033038152,0.1127717192,-1.715514875,0.8318710579,-0.9967544163,0.8216763618,0.2193565764,0.2238614832,0.9725265882,-2.001843818,-1.239397631,1.105829102,0.6536188464,-0.5199858009,-0.2810937619,-0.7938705604
-0.0575192471,-0.06334164416,0.3593179535,-0.5693122969,-0.4068265685,0.4740191098,-0.5344918477,-1.515898932,0.4569244709,0.05932893901,1.585067378,0.2171090261,0.07869551161,-0.7587950899,-0.3383725563,-0.131938856,0.9345214532,-0.03864580732,0.1137132667,0.05133914444,-0.1077361814,0.1129265837,-1.714280625,0.832005297,-0.9821173178,0.8274825226,0.2365178317,0.2143063164,0.9711481852,-1.994274335,-1.238561107,1.096085332,0.6502035785,-0.514871751,-0.2815938503,-0.7925900736
-0.0580507894,-0.06314470808,0.3585621796,-0.5697350342,-0.4062478235,0.4736548068,-0.5348044697,-1.526660277,0.4609193393,0.05730432866,1.596699381,0.2069569156,0.07980347459,-0.7586288547,-0.3396467749,-0.1318499055,0.9371238036,-0.03692089641,0.1143390206,0.04598032982,-0.1120064041,0.1127308339,-1.71251936,0.8307205069,-0.9653683327,0.833764597,0.2558577128,0.2048741661,0.9689083895,-1.986586296,-1.237941961,1.086774374,0.6470900545,-0.5091463812,-0.2821338773,-0.7914781831
-0.05851324446,-0.06292991612,0.3577741056,-0.5700967909,-0.4056414591,0.4732533198,-0.5352344823,-1.537234447,0.4648079976,0.055562239,1.607581239,0.1970972182,0.08071865232,-0.7581319541,-0.340889388,-0.1318660692,0.9397647774,-0.03549165594,0.1149855746,0.04068657533,-0.1162077836,0.1125585857,-1.711174738,0.8285212744,-0.9482239553,0.8397616815,0.273921212,0.1947212611,0.9675323048,-1.978747303,-1.237783639,1.077734666,0.644019902,-0.5030823244,-0.2826088254,-0.7907227829
-0.05886779411,-0.06266469858,0.3569516416,-0.5703997301,-0.405053153,0.4728411475,-0.5357213272,-1.547752609,0.4687554593,0.05369238632,1.619305224,0.1867355062,0.08195913587,-0.7574299218,-0.3421357227,-0.1319134582,0.9424008934,-0.03440758409,0.1157243203,0.03551678194,-0.1202847776,0.1121156708,-1.709601807,0.8246355167,-0.9292243274,0.8470251403,0.2944856147,0.1851073134,0.9655829677,-1.970400757,-1.237426825,1.068749034,0.6411487666,-0.4968698218,-0.2823975117,-0.7903883921
-0.05912883357,-0.06236675415,0.3561223688,-0.5706698382,-0.404432026,0.4724035377,-0.5362887,-1.557899264,0.4725130231,0.05197790349,1.630691955,0.1771115054,0.08306164183,-0.7564691766,-0.3434116684,-0.1319348486,0.9449746646,-0.03366227047,0.1164332033,0.03038559609,-0.1243272776,0.1116822252,-1.708618119,0.8197789385,-0.9100541507,0.8542344159,0.3137398114,0.1751368362,0.9644534902,-1.96178599,-1.237239016,1.059712485,0.6384199469,-0.4906625506,-0.2817130684,-0.7904338291
-0.0592361809,-0.06203607426,0.3552883307,-0.5709685558,-0.403800255,0.4719001427,-0.5368896699,-1.568070818,0.4761362764,0.05055639895,1.643290221,0.1666344405,0.08449859163,-0.7552922645,-0.3449350017,-0.1320152954,0.94727095,-0.03324610204,0.1172974281,0.02543855368,-0.1281535283,0.1108960591,-1.707297076,0.8130758254,-0.8887994551,0.8631193144,0.3357096416,0.1648777265,0.9628739664,-1.953031031,-1.237056238,1.05087004,0.6361238196,-0.4839305622,-0.2805150422,-0.7905973964
-0.05920774495,-0.06168537097,0.3544831189,-0.5712894335,-0.4031247789,0.4713250942,-0.537560649,-1.578051976,0.4794661567,0.04974269853,1.655612774,0.1562797457,0.08565795308,-0.7538740832,-0.3466028296,-0.1320103026,0.9492733195,-0.03312131769,0.1181225664,0.02052858223,-0.1318027389,0.1100955082,-1.706487931,0.8055371316,-0.8673826914,0.8719771643,0.3561763915,0.1537499153,0.9620945632,-1.944289717,-1.237141622,1.042027654,0.6340545446,-0.4770229989,-0.2789971797,-0.7909158988
-0.0589889323,-0.06133395697,0.3537554132,-0.5716165428,-0.4024563821,0.4706821408,-0.5382766119,-1.588004793,0.4826827816,0.04969177378,1.668856751,0.1446378372,0.0868762561,-0.7522915178,-0.3484428346,-0.1319405353,0.9507327577,-0.0330060715,0.1190951235,0.01578213561,-0.1350992202,0.1091533195,-1.705344671,0.7957286792,-0.843052474,0.882614948,0.3793833266,0.1420139783,0.9609306946,-1.935304466,-1.237275353,1.03325576,0.6319312912,-0.4697908008,-0.2763935715,-0.791418575
-0.05859693938,-0.06098647696,0.3531330939,-0.5719369044,-0.4017759657,0.4699659771,-0.5390697832,-1.597815716,0.4856086806,0.05054043563,1.681573591,0.1329698996,0.08773711537,-0.7505684861,-0.3503496304,-0.1317103162,0.9517379357,-0.0328321971,0.1200014341,0.01101568766,-0.1380692046,0.1083796549,-1.704751198,0.7849478678,-0.8182850828,0.8931015212,0.4007725243,0.1296669198,0.9608351395,-1.92639885,-1.237568974,1.024334119,0.6299796748,-0.4625583214,-0.2732158478,-0.7921335609
-0.05799602297,-0.06065019376,0.3525925093,-0.5722940519,-0.4011255372,0.4692185883,-0.5398256551,-1.607517433,0.4882309976,0.05209214253,1.695237229,0.1197105881,0.08882486068,-0.7487462035,-0.352477067,-0.1313400622,0.952108516,-0.03252710022,0.121051256,0.006494537821,-0.1407486883,0.1073678857,-1.703889802,0.7721489751,-0.7903761763,0.9048895622,0.424879343,0.117048012,0.9606139374,-1.917416615,-1.237654818,1.014959877,0.6288161018,-0.4545778397,-0.2696921759,-0.7922792317
-0.05720357833,-0.06032392984,0.3521658877,-0.5726516714,-0.4004890522,0.4684594387,-0.5405777804,-1.616984658,0.4904568383,0.05439227353,1.708376226,0.1065293488,0.08964144976,-0.7468510637,-0.354692544,-0.1307157156,0.9519473759,-0.03205055641,0.1220038859,0.002081278016,-0.1431047064,0.1065001441,-1.703502838,0.7587290155,-0.762304345,0.9161314386,0.4469441683,0.1042853966,0.9612369853,-1.908825597,-1.237715119,1.005666264,0.6278575309,-0.4464576555,-0.2653094576,-0.792700848
-0.05624873734,-0.05999098994,0.3517856125,-0.5730117434,-0.3998708514,0.4677098911,-0.5413024127,-1.62635885,0.4926185706,0.05736694172,1.722376514,0.09121532061,0.09050355422,-0.7447450009,-0.3569950906,-0.129893174,0.9513485885,-0.03156786636,0.1232231576,-0.002254365569,-0.1451868099,0.1055381238,-1.702878562,0.7433595697,-0.7294665091,0.9285621366,0.4714325521,0.09077077685,0.9625977685,-1.90051119,-1.237575786,0.996581958,0.6272057482,-0.4380652551,-0.2607538309,-0.7933141467
-0.05514811739,-0.0596504331,0.3514789651,-0.5733541036,-0.3992610525,0.4669780681,-0.542021372,-1.635554343,0.4945352862,0.06088199621,1.73576282,0.07609664114,0.09111166085,-0.742502554,-0.3592991551,-0.1288033437,0.9503403146,-0.03102608799,0.1243511189,-0.00665703341,-0.1469967735,0.1047862974,-1.702959352,0.7276290124,-0.6968077736,0.9399250758,0.4939098025,0.07813923984,0.9655727838,-1.892811447,-1.237219546,0.9879532235,0.6265396023,-0.4298176192,-0.2552438935,-0.7944693172
-0.05392429687,-0.05929711362,0.3511327845,-0.5737247457,-0.398630632,0.4662617481,-0.5427094228,-1.6446145,0.4961433312,0.06474944179,1.750779091,0.05985090706,0.09204864225,-0.7396534827,-0.3615080556,-0.1274007148,0.9486869003,-0.03102224198,0.1256864443,-0.01112737234,-0.1487339071,0.1040227062,-1.703081846,0.7102552717,-0.6605320604,0.9509308074,0.5186122976,0.06670045288,0.9685278622,-1.885614448,-1.237182031,0.9801687296,0.6252975684,-0.421683135,-0.2493310362,-0.7959061697
-0.05259525129,-0.05892847107,0.3507752796,-0.5741364188,-0.3979961693,0.4655577475,-0.5433437269,-1.653487795,0.4973584961,0.06901231111,1.765625233,0.04418154548,0.09278518943,-0.7365310616,-0.3636593278,-0.1256318212,0.9464245072,-0.03142191615,0.1268856323,-0.01587109282,-0.1504650834,0.1033785354,-1.704177026,0.69270027,-0.6251868981,0.9605362379,0.5408949784,0.05700019897,0.9713683056,-1.879083714,-1.237108961,0.9728588986,0.6239883817,-0.4136563008,-0.2433113619,-0.7975624293
-0.05106126818,-0.0585265545,0.3502712315,-0.5746799363,-0.3972507249,0.4648257876,-0.5439410074,-1.662326085,0.497562815,0.07346967809,1.783636958,0.02722336856,0.09378926251,-0.7329573036,-0.3661153022,-0.1232969386,0.9437211968,-0.03258353072,0.1283041123,-0.02052340304,-0.1519808523,0.1023878441,-1.705575068,0.6735786164,-0.5876377057,0.9698165669,0.564239044,0.04859401024,0.9723168266,-1.873387483,-1.237842894,0.9669571634,0.6222000099,-0.4051049806,-0.2372012158,-0.7989525596
-0.04935176402,-0.05809429557,0.3496677035,-0.575310365,-0.3964438662,0.4640666456,-0.5445111508,-1.671155557,0.4970302442,0.07893680471,1.802197955,0.0102618592,0.09424765749,-0.729157791,-0.368722021,-0.1203872086,0.9406955069,-0.03436338977,0.1295561386,-0.02526910875,-0.1532237914,0.1012331808,-1.707654364,0.6543863907,-0.5515519986,0.9776871866,0.5848332534,0.04198968987,0.973828343,-1.86832084,-1.238813447,0.9615901432,0.6203356174,-0.3963804242,-0.2312863161,-0.7999831119
-0.04738269605,-0.05755879821,0.3488319423,-0.5759959345,-0.3955498319,0.4632526145,-0.5451293691,-1.680139339,0.4955853845,0.08509555973,1.824129385,-0.009174480909,0.09450318725,-0.7249441477,-0.3716619761,-0.117025133,0.9379020468,-0.03729716726,0.131009495,-0.03011822289,-0.1537855681,0.09948185631,-1.710253589,0.6336114992,-0.5129530711,0.9847533462,0.6056669088,0.03729037326,0.9765082373,-1.863943847,-1.240017653,0.9570903559,0.6181267862,-0.3867548508,-0.2254957352,-0.7997496841
-0.04518546315,-0.05693980935,0.347817104,-0.5766648612,-0.3946564306,0.4623920328,-0.5457999153,-1.689358185,0.4935736869,0.09278613995,1.846447666,-0.02899516741,0.09403812108,-0.7204585343,-0.3746493192,-0.1132580813,0.9353953011,-0.0412624343,0.1323328226,-0.03524255559,-0.1535555026,0.09740247081,-1.714146266,0.6128149963,-0.4755396391,0.9907983415,0.6234761831,0.03471433542,0.9793276312,-1.860214949,-1.240782134,0.9527361769,0.6160809748,-0.3771067919,-0.2200440145,-0.7990509658
-0.04274737558,-0.05614972339,0.3464820993,-0.577122361,-0.3938054408,0.4615602451,-0.5466344256,-1.698473369,0.490901494,0.1009675369,1.871653781,-0.05170963694,0.09320114528,-0.7153172392,-0.3772820095,-0.1091730174,0.9338384637,-0.04687212276,0.1338942902,-0.04114237988,-0.1521874433,0.09463770252,-1.719243822,0.5910661182,-0.4342962325,0.9965315451,0.6415622196,0.03415835561,0.9789199628,-1.856995985,-1.240681521,0.9486255219,0.6127761252,-0.3645802756,-0.2150594401,-0.7946330136
-0.04011949716,-0.05522365577,0.3448739178,-0.5774002795,-0.3930594156,0.4607896367,-0.5475272813,-1.707360738,0.4878148636,0.1096442743,1.89680937,-0.07420627523,0.09211906291,-0.7098450202,-0.3795906138,-0.10486491,0.9331341902,-0.05396202947,0.1353808525,-0.04738132214,-0.1498325911,0.09130932246,-1.725738587,0.5702194627,-0.3943915332,1.002165426,0.6578169954,0.03617337284,0.9754513295,-1.854070965,-1.238947174,0.9444400097,0.6092539982,-0.3508519809,-0.2097959618,-0.7896868369
-0.03732487533,-0.05422870585,0.3430140933,-0.5775722057,-0.3924473733,0.4602887024,-0.5482059074,-1.714543856,0.4838490777,0.1175968811,1.92300908,-0.09835539276,0.09109826411,-0.7041210465,-0.3818593727,-0.1004000779,0.9326793069,-0.06245874373,0.1369368457,-0.05437618542,-0.1470462303,0.08692211123,-1.73221362,0.5499594584,-0.3502457035,1.007045854,0.6765440734,0.04148216034,0.9718545166,-1.85121649,-1.234108896,0.9403450416,0.6053627153,-0.3346535829,-0.2036468573,-0.7836013889
-0.03440508402,-0.05316800726,0.3409517861,-0.5776340622,-0.3920243657,0.4600678368,-0.5486286288,-1.720264352,0.479449918,0.1251477667,1.948071163,-0.1220963941,0.08989517367,-0.6984568,-0.3840799782,-0.09581795058,0.9324735217,-0.07211607338,0.1383167809,-0.06028773906,-0.1436175637,0.08150489044,-1.737513085,0.5316412202,-0.3098046043,1.012837958,0.6958648095,0.04950595652,0.9655585596,-1.848233274,-1.226929364,0.9367205792,0.6017921571,-0.3176008922,-0.1954978335,-0.7790588101
-0.03147467068,-0.05196569969,0.338714,-0.5775777101,-0.3916635911,0.4602413342,-0.5488000861,-1.723894768,0.4744665547,0.1315824728,1.974017081,-0.1493988529,0.08834619594,-0.6925661792,-0.3862050901,-0.09088926807,0.9324473494,-0.08331861702,0.1397562037,-0.06532674222,-0.1402197235,0.074915663,-1.739811395,0.5146773864,-0.2680767528,1.017859953,0.7189687311,0.05883508198,0.9590251353,-1.845087359,-1.21792732,0.9363700569,0.5954898833,-0.2993511148,-0.1828462998,-0.777148538
-0.02855843654,-0.05061154812,0.3363619283,-0.5773592604,-0.3914087097,0.4607522463,-0.5487830846,-1.726033747,0.4693220684,0.1379975851,1.998538907,-0.1773056152,0.08621948059,-0.6865987667,-0.3882239469,-0.08596378557,0.9326546342,-0.09586377656,0.14107424,-0.06812118507,-0.1365801135,0.06728653002,-1.738946217,0.4993958932,-0.2306760352,1.022347088,0.742342944,0.06844096618,0.9529827783,-1.841483698,-1.207151423,0.9375167124,0.5907467162,-0.2811884996,-0.1679562759,-0.7777778055
-0.02577208337,-0.0490875375,0.3338910481,-0.5770990119,-0.3910116815,0.4617317099,-0.5485165662,-1.725724272,0.4640427211,0.1434756601,2.024248083,-0.2099815987,0.08353067332,-0.6809783175,-0.3903591419,-0.08010224315,0.9337249526,-0.1096380787,0.1423479499,-0.07051848038,-0.133744011,0.05860541377,-1.7344238,0.4853183496,-0.1915236207,1.024669528,0.7684699413,0.07758948179,0.9455565955,-1.837498369,-1.194845893,0.9406459046,0.5874659891,-0.2632290352,-0.1525076747,-0.779003092
-0.0231100168,-0.0474134673,0.3313450425,-0.5766991547,-0.390636841,0.463030822,-0.5481089319,-1.723855068,0.458973489,0.1489519991,2.048799549,-0.2426536039,0.08033482877,-0.6755779785,-0.3924241498,-0.07412258281,0.9355901239,-0.1245142457,0.1434781065,-0.07229613097,-0.1311433891,0.04920968277,-1.728352601,0.4733055912,-0.1550461889,1.026227849,0.7939629719,0.08630698633,0.9384533135,-1.833398899,-1.180879672,0.9448632688,0.5868982483,-0.2464804086,-0.1374377365,-0.7809276762
-0.02057475857,-0.04552954622,0.328732373,-0.5763179572,-0.3899915006,0.4646363146,-0.5476105704,-1.721084633,0.4549830513,0.1546857203,2.073790843,-0.2802750798,0.07598759497,-0.6705901511,-0.3949337914,-0.06730503802,0.9389180839,-0.1404145433,0.1445806842,-0.07548160718,-0.1288872865,0.03945640797,-1.720262419,0.4632675943,-0.1157557321,1.025072112,0.8211057043,0.0950925577,0.9299642155,-1.829671377,-1.167298377,0.9521537828,0.5845808493,-0.2284545027,-0.1243792557,-0.7844302473
-0.01816092525,-0.04347106769,0.3260968024,-0.575830255,-0.3892317106,0.4664612303,-0.5471125236,-1.717930394,0.4519605932,0.160258898,2.097400437,-0.3159393739,0.07160569107,-0.6656586886,-0.3975886117,-0.06040012963,0.9433962814,-0.1573517457,0.145598029,-0.07995922471,-0.1264904669,0.02967073186,-1.712186734,0.456260714,-0.07787377049,1.023404954,0.8466492677,0.1043158434,0.921573052,-1.825408968,-1.153273754,0.961774732,0.5814617536,-0.2112529864,-0.1141273526,-0.7904051584
-0.01584178623,-0.04122437258,0.3233264197,-0.5754118047,-0.3880204932,0.468357984,-0.5467926031,-1.714789852,0.4500987138,0.1656351798,2.121339685,-0.354833227,0.06680429326,-0.6606551195,-0.4007906445,-0.05273855292,0.9497480128,-0.1753596936,0.1467015584,-0.08730206771,-0.1241190344,0.01987742575,-1.703630895,0.4512769318,-0.03713380464,1.020872656,0.8725849027,0.1138740356,0.9110096744,-1.820288439,-1.140968865,0.9766941175,0.5735383256,-0.1931950272,-0.1073799448,-0.7984963996
-0.01361892245,-0.03883592178,0.3204728317,-0.5749450682,-0.3865269989,0.4703107497,-0.546665205,-1.711923424,0.4493024334,0.1701100179,2.14400461,-0.3905753281,0.06240381605,-0.6552541008,-0.4042369497,-0.04494186938,0.9574115634,-0.1944227621,0.147760276,-0.09717746159,-0.1214632327,0.01029497682,-1.695775098,0.4494791752,0.00239712848,1.018666922,0.89630824,0.124357368,0.8986902152,-1.812966539,-1.129011761,0.9962132335,0.562873661,-0.1772403089,-0.1047303354,-0.8032236602
-0.01148881784,-0.03635550436,0.3174652071,-0.5745403747,-0.3848152159,0.4718678753,-0.5469564111,-1.709376792,0.449472489,0.1743039564,2.164469438,-0.427054538,0.05814397227,-0.6487282665,-0.4073479903,-0.03702584193,0.9655352202,-0.2148712273,0.1489934098,-0.1096643331,-0.1180855291,0.000510076931,-1.688083555,0.4491985862,0.04282204323,1.01650618,0.9215705736,0.1340593209,0.8824708401,-1.803434091,-1.120059387,1.021116133,0.5474732117,-0.1613076871,-0.1041241968,-0.811317536
-0.009427545078,-0.03377990658,0.3143569809,-0.5741054276,-0.3830333471,0.4731240157,-0.5475783769,-1.707414313,0.4505939249,0.1776505807,2.182297575,-0.4600096002,0.05438136185,-0.6413190005,-0.410131877,-0.02948783259,0.9737349622,-0.2364773544,0.1502490923,-0.1237013006,-0.1136791185,-0.009269722358,-1.680196675,0.4510282648,0.08015676089,1.013959164,0.9463206862,0.1439165331,0.8683680897,-1.791644791,-1.112429804,1.047076744,0.5301508124,-0.1481406605,-0.1063019084,-0.8269955081
-0.007465284264,-0.03116350638,0.3110884496,-0.5736562032,-0.3810992818,0.4739044636,-0.5487225686,-1.705775132,0.4520781894,0.1811035328,2.197641346,-0.4931118487,0.05086018364,-0.6338173767,-0.4130338277,-0.02318753532,0.9833695604,-0.2585073866,0.1518956945,-0.1386923802,-0.1087623471,-0.01904864588,-1.671027594,0.4524591333,0.1167404123,1.009334709,0.9726132167,0.1528849612,0.8551923413,-1.777716978,-1.108930454,1.075863421,0.5095997965,-0.1345493567,-0.1090638663,-0.8485041107
-0.005312601046,-0.02880450301,0.3083203873,-0.5724295294,-0.3809279631,0.4748526671,-0.5493025262,-1.706056969,0.4558727751,0.1826632621,2.209802895,-0.5231073974,0.04778113634,-0.6293104828,-0.4143732605,-0.01967732234,0.9923309873,-0.2789752804,0.1536206956,-0.150402653,-0.1008645293,-0.02849337971,-1.659724766,0.4549108974,0.1502996033,1.00064176,0.9976926008,0.1620192893,0.8434328006,-1.762326766,-1.107257968,1.104359248,0.4887284434,-0.1231826538,-0.1134210196,-0.8697337308
-0.002667120384,-0.02689790949,0.3064133945,-0.5704080061,-0.3830238577,0.4759671216,-0.5489833606,-1.708158825,0.4611334487,0.1839325026,2.218026004,-0.5507169748,0.04508800698,-0.6289329493,-0.4134336276,-0.01814933569,0.9996587078,-0.2965808736,0.1554207691,-0.1565679847,-0.08895145897,-0.03714440027,-1.64572083,0.4558166244,0.1842070492,0.9863612973,1.02266257,0.1705275267,0.8317453159,-1.747301837,-1.109000471,1.132127814,0.4663748082,-0.1116695753,-0.1175405803,-0.8957085437
0.0003584703957,-0.02535584267,0.3053261035,-0.5678089614,-0.3862562158,0.4773913426,-0.5481757246,-1.709979783,0.4663064762,0.1853899827,2.223580859,-0.5752599596,0.04285466838,-0.6305566641,-0.4112854442,-0.01763714141,1.004865833,-0.3112455722,0.1571984091,-0.159243082,-0.07479292779,-0.04373758162,-1.630270906,0.4565810968,0.2157028576,0.9677226619,1.045096244,0.1788559695,0.8204954191,-1.731962583,-1.111959558,1.156205806,0.4452030951,-0.1022096866,-0.1225785334,-0.9234635393
0.003674266081,-0.02412559386,0.3047483332,-0.5651950735,-0.3897315422,0.4788656401,-0.5471302886,-1.710475245,0.4701511099,0.187346585,2.22838355,-0.5985237235,0.04131121459,-0.6329479004,-0.4095925746,-0.01813823055,1.008406239,-0.3234403772,0.1592061902,-0.1596792566,-0.06042218853,-0.04880966564,-1.614402696,0.4551496866,0.2472212439,0.9462526215,1.066617698,0.1855263634,0.8088749559,-1.717181543,-1.117331363,1.179220304,0.4242049386,-0.09171947581,-0.1264082475,-0.9517922024
0.007166891609,-0.02309926631,0.3045450463,-0.5626831569,-0.3929237054,0.4804510353,-0.5460452631,-1.709146509,0.4725805582,0.1893543973,2.233319529,-0.6207062447,0.04009503051,-0.6352053069,-0.4091052038,-0.01918384214,1.010780051,-0.3335080289,0.1609469483,-0.1595748124,-0.04689173691,-0.05218728431,-1.599134841,0.4530710709,0.2763612023,0.9234159625,1.08539525,0.1912286279,0.7971496285,-1.702296822,-1.122967685,1.198886153,0.4056027123,-0.08243654872,-0.1299144564,-0.9774705706
0.01067466809,-0.02229689649,0.3044752535,-0.560537603,-0.3956961771,0.4818662498,-0.5450018792,-1.706676944,0.4737912617,0.191997168,2.237863527,-0.6411837495,0.03916772247,-0.6370982211,-0.4099992823,-0.02081832242,1.012563107,-0.3424905452,0.1626381806,-0.1586802983,-0.03475397848,-0.05468701521,-1.585106612,0.44856741,0.3054620237,0.900515972,1.103069566,0.1946988149,0.7844312502,-1.68912883,-1.130240889,1.218070651,0.3877864094,-0.07136131064,-0.1314345681,-1.005023995
0.01412510741,-0.02164213784,0.3044329307,-0.5586990044,-0.3979187294,0.4831474729,-0.5441365883,-1.703258702,0.4741572931,0.195157859,2.242467181,-0.6600387497,0.03821858419,-0.6382501152,-0.4122771874,-0.02302576564,1.014272777,-0.3502963201,0.1641549026,-0.1581719333,-0.02426518833,-0.05628716473,-1.572888694,0.4433169889,0.3320333966,0.8785301568,1.118096573,0.1970323763,0.771314582,-1.676765225,-1.137224906,1.234721166,0.3727320705,-0.06111941385,-0.1320248424,-1.030955007
0.01737393375,-0.02119202559,0.3042426068,-0.5572815724,-0.3996223707,0.4842489615,-0.5433618989,-1.699571145,0.4740844101,0.1988130532,2.246990881,-0.676618944,0.03755273693,-0.6387736787,-0.4156607439,-0.02557943111,1.016170538,-0.357103069,0.1655330755,-0.1569539992,-0.01599400796,-0.05781336808,-1.562178152,0.4355463565,0.3576738677,0.8578281028,1.131976443,0.1971574336,0.7576739478,-1.666891453,-1.145222847,1.252054878,0.3586176776,-0.04866337281,-0.1305263219,-1.057095317
0.02038798806,-0.02091606878,0.3038704534,-0.5561815857,-0.400853047,0.4851808143,-0.5427508231,-1.695809679,0.4737840112,0.2026726776,2.251634334,-0.690858897,0.03696124339,-0.638606265,-0.4198087826,-0.02843406076,1.018324837,-0.362801816,0.1667352364,-0.1557477068,-0.00981235717,-0.05927577539,-1.55295796,0.4266803362,0.380111781,0.8386431416,1.143664531,0.1962646455,0.7452246585,-1.658307674,-1.152631271,1.267553374,0.3473312307,-0.03682129586,-0.1279050326,-1.079752192
0.02309535457,-0.02084481613,0.3032894958,-0.5554679076,-0.4017222042,0.4859173781,-0.5421798373,-1.692732006,0.4739778695,0.206852433,2.256375947,-0.7020462135,0.03662299158,-0.6379830327,-0.4243166127,-0.0312382121,1.021191326,-0.3688398892,0.1679784604,-0.1532279396,-0.005751683359,-0.06118784329,-1.54444335,0.4151832814,0.4006308724,0.8205795163,1.154688783,0.1936319145,0.7339529566,-1.65390125,-1.159645125,1.283258371,0.3375217508,-0.02315974175,-0.1194914245,-1.098253062
0.02546519601,-0.02097052284,0.3025658353,-0.5551262201,-0.4022870901,0.4863161493,-0.5417532463,-1.690646079,0.4739484084,0.2108562832,2.261099357,-0.7102597858,0.03652878711,-0.6369586007,-0.4289615445,-0.03423728514,1.024353408,-0.3742659764,0.1691128959,-0.1504640064,-0.003591488557,-0.06354172217,-1.536661132,0.4025708923,0.4174962995,0.8037973241,1.164226962,0.1902057403,0.7249992386,-1.651138166,-1.166552263,1.29718043,0.3309672235,-0.0105347015,-0.1124455891,-1.115158162
0.02751580146,-0.02123846221,0.3017751905,-0.5551589704,-0.402671909,0.4865225703,-0.5412482239,-1.689739458,0.4733836632,0.2143942577,2.265910563,-0.7156492214,0.03707577797,-0.6361946295,-0.4336647499,-0.03699175987,1.028140598,-0.3791210565,0.170096336,-0.1465194705,-0.003039545214,-0.06670782803,-1.528592117,0.388202867,0.4323501402,0.7878672446,1.173248835,0.1855246272,0.717290911,-1.651267389,-1.175260811,1.312567778,0.3244362039,0.002814299961,-0.1064853967,-1.132688148
0.02914318612,-0.02162938884,0.3010473805,-0.5556616609,-0.4028754153,0.4861501886,-0.5409154393,-1.689783784,0.4719817137,0.2177522212,2.269885045,-0.7188730449,0.03789446706,-0.6356944804,-0.4382235638,-0.0401544021,1.032102211,-0.3831759446,0.1709464962,-0.1431966717,-0.003866115231,-0.07066640601,-1.520639748,0.3737788302,0.4438033913,0.7733268362,1.181143349,0.1802198165,0.7113820499,-1.651728243,-1.18530839,1.327558614,0.3175581727,0.0155603792,-0.1007238798,-1.149060101
0.03035357668,-0.02204008582,0.3004506778,-0.556578279,-0.4029928523,0.4852888254,-0.5406589834,-1.690529084,0.4699945849,0.2210713091,2.272843584,-0.7207913426,0.03891319217,-0.6359014347,-0.4424775778,-0.04354189371,1.037134586,-0.3874230735,0.1716524361,-0.1401522522,-0.005742377825,-0.07539751043,-1.512469926,0.3588366175,0.4535074688,0.759748257,1.188783661,0.1741092669,0.706689663,-1.654291954,-1.197013168,1.344613124,0.3095850087,0.02930688189,-0.09443415137,-1.165061922
0.03112639202,-0.02247061405,0.3000202563,-0.5576689069,-0.4029846609,0.4841496249,-0.5405625719,-1.691374362,0.4678836722,0.224311792,2.274489751,-0.7216720848,0.03989954253,-0.6363020026,-0.4460798274,-0.04708306799,1.042647804,-0.391153905,0.1722483707,-0.1378026857,-0.008730124066,-0.08022325467,-1.504227259,0.3444307331,0.4605206626,0.7476570172,1.195595269,0.1677307027,0.7038029359,-1.656799744,-1.208874763,1.361631389,0.3011902961,0.04317010187,-0.08719578805,-1.179723588
0.03163217108,-0.02281166742,0.2997220701,-0.5588347761,-0.4028761496,0.4829870857,-0.5404793947,-1.692341795,0.465763144,0.2274416774,2.27588302,-0.7220812307,0.04100015618,-0.6372006314,-0.4493341015,-0.05040815539,1.049485726,-0.3952983953,0.1727276384,-0.1356593436,-0.01258606071,-0.08495054602,-1.495611974,0.3301227364,0.4665965394,0.7366782829,1.201848054,0.1605729577,0.7024987243,-1.660976786,-1.221078614,1.380236454,0.2914761281,0.05901093366,-0.07849507376,-1.19359813
0.03189107975,-0.02309026492,0.2995538637,-0.5598466723,-0.4026616384,0.4820453617,-0.5404327689,-1.692948138,0.4640764999,0.2303649453,2.276959626,-0.7220618371,0.0419681899,-0.6381141536,-0.451955165,-0.05341175709,1.056801627,-0.3989824375,0.1731215998,-0.1336323936,-0.01731891816,-0.08905464211,-1.486663491,0.3163938396,0.4708700033,0.7270666738,1.2071912,0.1533229407,0.703090685,-1.66474026,-1.231692488,1.398319627,0.2822892409,0.0748842777,-0.0671268803,-1.206868275
0.03208674792,-0.02327296072,0.2994256547,-0.5608033144,-0.4023995008,0.481318704,-0.5402838045,-1.693620666,0.4626796401,0.2323594857,2.278440667,-0.722829264,0.04299962627,-0.639276739,-0.4548559083,-0.05639770017,1.065139733,-0.4032694027,0.1735415854,-0.1316373444,-0.02234028934,-0.09292053081,-1.477185778,0.3028709909,0.4744398335,0.7180692545,1.211259951,0.1455221166,0.7047139504,-1.670173456,-1.240872188,1.417842554,0.2725925504,0.09108270658,-0.0512855066,-1.220742359
0.03222851658,-0.02338515015,0.2993538855,-0.5615594454,-0.4021017107,0.4809349352,-0.5400618407,-1.694047914,0.4617428467,0.2335805828,2.280070134,-0.7242698898,0.04382346446,-0.6404270239,-0.4576875851,-0.05915892407,1.073679697,-0.4071429706,0.1739298487,-0.1296906335,-0.02765241397,-0.09622193899,-1.467426303,0.2898514816,0.4768987649,0.7097500652,1.214396057,0.137875405,0.7079897926,-1.67527123,-1.247570909,1.43653802,0.2630389878,0.1061834035,-0.03037873832,-1.234775187
0.03232183462,-0.02342813079,0.2993062359,-0.5622229288,-0.4017818326,0.4809239712,-0.539619191,-1.694192962,0.4615451804,0.2346722911,2.281488105,-0.7269697275,0.04440104326,-0.6417174803,-0.4605793648,-0.06138218992,1.082859674,-0.4122054009,0.1744492856,-0.1270119573,-0.03318508127,-0.09919624308,-1.457187974,0.2773775199,0.4795914714,0.7016649158,1.216590095,0.1303667598,0.7117589859,-1.681637687,-1.253168379,1.45573838,0.2526704561,0.1206938131,-0.005034949985,-1.249157556
0.03238398162,-0.02342140463,0.2992922391,-0.5626917607,-0.4014431705,0.4812511113,-0.5390906522,-1.693974039,0.4619800521,0.2356163564,2.282495543,-0.7307650077,0.0446674541,-0.6428805521,-0.4632803633,-0.0632563685,1.092016282,-0.4169761245,0.1749538772,-0.1239373157,-0.03870896378,-0.101677209,-1.446674725,0.2657361831,0.4818641283,0.6941548952,1.218044718,0.1233605384,0.715867787,-1.68751015,-1.257198136,1.473728727,0.2435253547,0.1342931585,0.01990091794,-1.263198035
0.03246224706,-0.02335769593,0.2992526706,-0.5631577906,-0.4011329917,0.4817361466,-0.5384012545,-1.693631309,0.462909789,0.2356725955,2.281680529,-0.7360459092,0.04448674476,-0.6442257649,-0.4662893743,-0.06477834546,1.101791984,-0.4227194219,0.1753785847,-0.1207127174,-0.04400211398,-0.1042135253,-1.436127127,0.2546914091,0.4841616853,0.6867375703,1.218973399,0.116247545,0.7182599162,-1.69567257,-1.260491489,1.493424693,0.2360692967,0.148523605,0.04074222705,-1.277465676
0.0325522844,-0.02325295776,0.2992064566,-0.5635249046,-0.4008344864,0.4823502103,-0.5376891956,-1.693179129,0.4641322748,0.2349784958,2.279667434,-0.742186327,0.04404324175,-0.6454985471,-0.4693405082,-0.06609390245,1.111532837,-0.4280176091,0.1757371931,-0.1175495067,-0.04894423345,-0.1065192313,-1.425872121,0.2444055686,0.4860383213,0.6796592979,1.219600449,0.1095278364,0.7203923247,-1.703936863,-1.262396902,1.512442793,0.2301841712,0.1624581211,0.06014644077,-1.290536146
0.03270580971,-0.02309501703,0.2991291935,-0.5640546974,-0.4005199763,0.4829898134,-0.5367931511,-1.692997665,0.4654704703,0.2340031594,2.278207656,-0.7507010719,0.04395567738,-0.6472903482,-0.4730171155,-0.06694586578,1.122212581,-0.434360758,0.1762247614,-0.114491084,-0.05380108929,-0.1089734203,-1.416025763,0.2348848875,0.4883442378,0.6728052565,1.219511262,0.1020580038,0.722278384,-1.712712776,-1.263804519,1.530898426,0.224927021,0.1761630341,0.07883443005,-1.302266593
0.03292283998,-0.02289775419,0.2990386996,-0.5645790668,-0.4001863009,0.4836620374,-0.5358847222,-1.692926751,0.4668056265,0.2327597125,2.27703186,-0.7603966905,0.04378690177,-0.6491667098,-0.477006247,-0.06765794859,1.133000387,-0.4401968941,0.1766996972,-0.1116784724,-0.05826535474,-0.1111774269,-1.406720005,0.2263059574,0.4903302786,0.6663615763,1.219083889,0.09466579598,0.7245239405,-1.720860915,-1.264316328,1.547437583,0.2201475844,0.1888576384,0.09816942693,-1.312443369
0.03319515825,-0.02266438964,0.2989241739,-0.5652665803,-0.3998976901,0.4841227581,-0.5349585832,-1.693180625,0.4686085569,0.2329514001,2.275475067,-0.7715678791,0.04327362699,-0.6514223006,-0.4813570712,-0.06845035041,1.144695898,-0.4472693618,0.1770431793,-0.1099324361,-0.06222054589,-0.113684524,-1.398472656,0.2191865986,0.4925346483,0.6607514184,1.218930718,0.08704223229,0.7258739092,-1.72918558,-1.263969274,1.562566333,0.2152691311,0.2022944226,0.1155557711,-1.321817133
0.03353720514,-0.02240756068,0.2987908858,-0.5658896784,-0.3996618107,0.4844370469,-0.5341910301,-1.693707075,0.4708488076,0.2339959529,2.273714736,-0.7829561702,0.04250892446,-0.6534591037,-0.4857021735,-0.06959792007,1.156390789,-0.4538330366,0.1773247888,-0.1090067421,-0.06530629729,-0.1159620902,-1.391335914,0.2133315336,0.494521055,0.6557970056,1.218787112,0.07983056675,0.7270406631,-1.73688642,-1.262465298,1.575742656,0.2109045023,0.2151979283,0.1330757195,-1.33048252
0.0340070759,-0.02212554592,0.2986788933,-0.5664549286,-0.3995316296,0.4847383804,-0.5334154041,-1.693886274,0.4723996463,0.2353051573,2.270500109,-0.7935724495,0.04142859578,-0.6557094982,-0.4901058427,-0.07045409816,1.169310266,-0.4616250574,0.1780430266,-0.1082934988,-0.06744779958,-0.1180282307,-1.385056992,0.208631596,0.4967969927,0.6512513003,1.218812143,0.07259738085,0.7277748307,-1.745516239,-1.260066762,1.58815563,0.2063318171,0.2289574959,0.1500280575,-1.339098094
0.03458284244,-0.0218272594,0.2985795921,-0.5668785035,-0.399479318,0.4849953373,-0.5327706444,-1.693989128,0.4734525615,0.2367213081,2.267172231,-0.8029884073,0.04023777387,-0.65778841,-0.4943593327,-0.07128585391,1.18241167,-0.4688158997,0.1788199508,-0.107776815,-0.06857441542,-0.1196926454,-1.379622106,0.2047929319,0.4989070793,0.6470698908,1.218748524,0.06590086241,0.7287332865,-1.753900712,-1.256471407,1.59914658,0.2023102617,0.2421206287,0.1686798382,-1.347415762
0.03521316299,-0.02157370941,0.2985634283,-0.5673956806,-0.3994873192,0.4850578975,-0.5321567997,-1.693993376,0.473569114,0.2385576626,2.263200765,-0.8101781951,0.03920589631,-0.6602977041,-0.4985463407,-0.07204512831,1.196631837,-0.476800411,0.179452153,-0.1072461583,-0.06869640444,-0.121255078,-1.374918226,0.2015372487,0.5015791925,0.6432266081,1.218161758,0.05917814964,0.7294896861,-1.761802728,-1.252954485,1.607843483,0.1964930264,0.2557680596,0.1872633011,-1.355288364
0.03586580084,-0.02136333093,0.2986140815,-0.5679122913,-0.3994743203,0.4849767603,-0.5316892314,-1.693950824,0.4729666895,0.2404018534,2.259760892,-0.8158072867,0.03836096177,-0.6627683525,-0.5026186707,-0.07293952151,1.210944626,-0.484021517,0.1799847992,-0.1067705652,-0.0678914392,-0.1224552206,-1.370768425,0.1987431806,0.5042310642,0.6397498318,1.217238214,0.05301594837,0.7303295259,-1.768814071,-1.249231956,1.614650218,0.1910323844,0.2688762813,0.2049957513,-1.363080037
0.03645900513,-0.02125889229,0.2988225814,-0.5685746752,-0.399451095,0.4847136493,-0.531238496,-1.693681634,0.4713787393,0.2421287597,2.255705651,-0.8199093289,0.03737859551,-0.6658389578,-0.5065450141,-0.07378273346,1.226278546,-0.4921461059,0.1805771194,-0.1058630555,-0.06625468551,-0.1234961085,-1.367062222,0.1959826019,0.5076591979,0.6367030137,1.215600841,0.0467921778,0.730571686,-1.774949706,-1.245934618,1.619055217,0.1839169936,0.2827154922,0.2216434566,-1.371289493
0.03698505806,-0.02126162668,0.2991552482,-0.5692212593,-0.3993757802,0.4844163303,-0.5308737733,-1.693016192,0.4692270118,0.2436148964,2.251673544,-0.8229943881,0.03649276369,-0.6690261005,-0.5102007649,-0.07468415075,1.241564756,-0.4995321396,0.1811310486,-0.1045052551,-0.0637680841,-0.1240773593,-1.363531824,0.1934300318,0.5112409577,0.6341160026,1.213619162,0.04114279872,0.730510348,-1.780178184,-1.242479951,1.621785786,0.1771210219,0.2960386284,0.2370470134,-1.379744031
0.03741431755,-0.02145411484,0.2996926302,-0.5699781802,-0.3994321191,0.4842330198,-0.5301860417,-1.691864638,0.4670711393,0.245035872,2.246864901,-0.8251879927,0.03542593661,-0.6735727315,-0.5138641933,-0.07543387439,1.257116871,-0.507324446,0.1816031952,-0.1015534607,-0.06101828177,-0.1247792358,-1.360148287,0.1905994569,0.5157715332,0.6324827314,1.210959373,0.03505774207,0.7299331833,-1.784850756,-1.23890246,1.623962221,0.1706042895,0.3085353636,0.2522233027,-1.389497867
0.03777656954,-0.02185205374,0.300428488,-0.5705968131,-0.3995970394,0.4842834261,-0.5293496446,-1.689941732,0.4650883743,0.2461819352,2.241468188,-0.8267248154,0.03443119321,-0.6788869629,-0.5172630297,-0.07627927879,1.272136779,-0.5142318431,0.1820037193,-0.0973308867,-0.05756069283,-0.1250863874,-1.356444495,0.1879445949,0.5204620562,0.6314815244,1.208061184,0.02937927353,0.7290411944,-1.789106204,-1.235217466,1.625572258,0.1647556252,0.3196157672,0.2666950789,-1.398692298
0.03804242176,-0.02245767649,0.3013869683,-0.5711512323,-0.4000451516,0.484594924,-0.5281267899,-1.687505813,0.4634500888,0.2468666727,2.23492575,-0.8277502579,0.03310194291,-0.6860388424,-0.5204096211,-0.07671766033,1.287849374,-0.5212919759,0.1819766344,-0.0913825838,-0.05353499469,-0.1257288369,-1.352666747,0.1852175638,0.5263816641,0.631859228,1.204964306,0.0235150425,0.7278390459,-1.793255879,-1.231152367,1.627086213,0.1590880169,0.3291133569,0.2812499467,-1.406910829
0.03823380545,-0.02329127636,0.3025746022,-0.5714009598,-0.400627458,0.4852276546,-0.5268327118,-1.684116151,0.4620133117,0.2469381132,2.22735042,-0.8283790771,0.0318827769,-0.6942983206,-0.5232584409,-0.07722180609,1.303516936,-0.5273395038,0.1818246925,-0.08431895373,-0.04846394546,-0.125901643,-1.34836001,0.1828591096,0.5326642056,0.632966558,1.201793064,0.01832295864,0.7260888478,-1.797336486,-1.226603023,1.6284861,0.1539397556,0.3370735948,0.2950373572,-1.413551046
0.03831053804,-0.02436949453,0.3039860642,-0.571512789,-0.4014512519,0.4860154894,-0.5253560397,-1.680493666,0.4607780484,0.2462835046,2.218364153,-0.8282447902,0.03028769812,-0.704755162,-0.5261439894,-0.07738671437,1.320569973,-0.5326440868,0.1810898701,-0.07628812626,-0.04227200664,-0.1263763973,-1.34369693,0.1808306615,0.5401882821,0.6351086671,1.198053578,0.01343703033,0.7235400844,-1.800785993,-1.220834406,1.629491816,0.1491474602,0.3428834827,0.3087659178,-1.418708471
0.03828934799,-0.02571745312,0.305632256,-0.571202571,-0.4023347534,0.4870745966,-0.5240350241,-1.676020477,0.4595344806,0.2446321212,2.208346125,-0.8274360874,0.02895877134,-0.7164342796,-0.5290703124,-0.07777463952,1.337924861,-0.5367589839,0.180262959,-0.06755779738,-0.03452493614,-0.1260555103,-1.338405015,0.1793048223,0.548229448,0.6377777519,1.194128986,0.009558321696,0.7202361713,-1.80391137,-1.213770677,1.630462074,0.1453711995,0.3468983678,0.3214657724,-1.422984696
0.03810068715,-0.02735932784,0.3076229195,-0.5706921423,-0.4034778363,0.4880533551,-0.5228001883,-1.671327495,0.4580077193,0.2421768431,2.196055036,-0.8261378318,0.02690811944,-0.730359264,-0.5316338202,-0.07686932237,1.356076649,-0.5388481059,0.179253802,-0.05807606495,-0.02516442931,-0.1257130493,-1.333083612,0.1773989361,0.5575673917,0.6412304,1.18929898,0.006058531345,0.7162045473,-1.804397105,-1.20484884,1.629150441,0.1429635088,0.347600498,0.3341961358,-1.426190291
0.037765491,-0.02931379446,0.3099468067,-0.5697004329,-0.4046892275,0.4891252763,-0.5219430141,-1.665872289,0.4559302865,0.2385714591,2.182245813,-0.8244934621,0.02517033565,-0.745215616,-0.5339865421,-0.07549284618,1.373866397,-0.5397731717,0.1782854816,-0.04794770835,-0.0138247763,-0.1242687573,-1.327497277,0.175462605,0.5674019254,0.6451489965,1.184258938,0.003722599434,0.7112901601,-1.8037042,-1.19448405,1.62687769,0.142091037,0.3456901693,0.3461301563,-1.429086273
0.03721214296,-0.03157674563,0.3124464176,-0.5685051316,-0.4061910918,0.4901879724,-0.5210820127,-1.660268261,0.4532910968,0.2332554622,2.167235672,-0.8226149293,0.02290988143,-0.7631826064,-0.5365412623,-0.0735920936,1.392901544,-0.5403974729,0.1766633859,-0.0371541334,-0.001490122784,-0.1230353491,-1.321255309,0.1735849558,0.5782015504,0.6495885455,1.177935892,0.001046138705,0.7057765111,-1.802500081,-1.183555286,1.624613446,0.141814012,0.3431548173,0.3565429338,-1.432617723
0.03644666939,-0.03417724361,0.3151206708,-0.5668116163,-0.4077447253,0.4914522397,-0.5205223594,-1.653742473,0.4500538765,0.2261312966,2.151457795,-0.8205764306,0.0211325704,-0.7821855641,-0.5391334461,-0.07181395531,1.411339289,-0.5407663131,0.1750500511,-0.02586731485,0.01211032329,-0.1207499944,-1.314191769,0.1721052754,0.5889375068,0.6542140191,1.171626911,-0.001105874347,0.6996107342,-1.801211102,-1.171862158,1.622936674,0.1421670218,0.3402651215,0.3654970685,-1.436881817
0.03535272712,-0.03707850621,0.3178515722,-0.565084961,-0.4095785991,0.4927095589,-0.5197707655,-1.647428898,0.4466999299,0.2174276229,2.134636735,-0.8181741615,0.01893803821,-0.8035695814,-0.541666442,-0.06839272817,1.431355102,-0.5403226836,0.1730516528,-0.01408655101,0.0264235966,-0.1190371228,-1.306744077,0.1714433941,0.6011199634,0.6597534902,1.164151379,-0.003527317991,0.6926264946,-1.799038395,-1.159025495,1.62063562,0.141218602,0.3368035227,0.3744773023,-1.440925451
0.03394833815,-0.0403215533,0.3206390246,-0.5630549685,-0.4114520153,0.4940825702,-0.5191904808,-1.64055369,0.4431462122,0.2071288574,2.117107403,-0.8153244883,0.01732296104,-0.8249082747,-0.5440903636,-0.06444525015,1.450808202,-0.5396042188,0.1711744617,-0.002127385297,0.04187342227,-0.1167432382,-1.298501304,0.1716950765,0.6136058164,0.6656166532,1.156785177,-0.005334455126,0.6848860093,-1.796468725,-1.145155405,1.618428757,0.1393490412,0.3335565142,0.3827305223,-1.445666587
0.03211595632,-0.04386544373,0.323258124,-0.56123151,-0.4135062045,0.4954734985,-0.518206352,-1.633031942,0.4399993628,0.1953523803,2.098822464,-0.8124477574,0.01601761079,-0.8485598698,-0.5470829645,-0.05863641916,1.471982724,-0.5377674452,0.1679258754,0.008961294782,0.05671798559,-0.1159987475,-1.289196538,0.1735362439,0.626677732,0.672062728,1.148024288,-0.006688740085,0.6769489692,-1.789796307,-1.128796018,1.613665945,0.1375886457,0.3294003728,0.39024062,-1.449868618
0.02990603971,-0.04774659518,0.3257252897,-0.5592013275,-0.4155770329,0.4969318897,-0.5173473708,-1.624442035,0.4372057914,0.1817264313,2.079917904,-0.8092890389,0.01547967135,-0.871840167,-0.5503346304,-0.05246496363,1.492724706,-0.5356191112,0.1646414691,0.01941313342,0.07200398807,-0.1153142438,-1.278845936,0.1763608035,0.6399270459,0.6787299388,1.139414369,-0.00718722922,0.6690187255,-1.780691541,-1.110801993,1.607941179,0.1355719526,0.3253012052,0.3963691848,-1.455828386
0.02735531912,-0.05190184545,0.3279425568,-0.557465278,-0.4179248248,0.4981087321,-0.5161966638,-1.616727854,0.4350396132,0.1675343734,2.060144568,-0.8048773645,0.01443031434,-0.8974882255,-0.5536721386,-0.04546988991,1.514510499,-0.5333367312,0.1604837529,0.02978008706,0.08686205643,-0.1168108756,-1.267679891,0.178701458,0.6547884752,0.686557126,1.131715959,-0.008182362912,0.6621278428,-1.768461809,-1.09050896,1.600733542,0.1340368045,0.3225508844,0.4017442865,-1.464721215
0.02450034131,-0.0563668824,0.3299616564,-0.5555894342,-0.4202460139,0.4991746553,-0.5153041159,-1.608827694,0.4334103661,0.1525219597,2.039870204,-0.7989796026,0.01389923983,-0.9224196882,-0.5569674038,-0.03888845011,1.535323153,-0.5312268125,0.1565607513,0.04002091525,0.1021343983,-0.1184857691,-1.255846378,0.1807131221,0.6696813559,0.6948893182,1.124785603,-0.008735311011,0.6558770045,-1.754373864,-1.068726354,1.593391836,0.1326621058,0.3215823117,0.4062755126,-1.477581994
0.02147885482,-0.06090914064,0.3316848995,-0.5540013878,-0.4227524296,0.5000670041,-0.5140971085,-1.601556168,0.4322364315,0.1372275949,2.019701629,-0.7925135891,0.01358650918,-0.9494303479,-0.5621566283,-0.03209574335,1.555839213,-0.528981054,0.1524236731,0.05193688608,0.1159118425,-0.1218429028,-1.244590212,0.1804380523,0.6844203632,0.703953876,1.117464128,-0.01000154137,0.650031179,-1.737375172,-1.046854271,1.58478044,0.1337806465,0.3239692108,0.4083943185,-1.4962235
0.0183242042,-0.06555716218,0.3331812558,-0.552198661,-0.4252243573,0.5009301861,-0.5131567338,-1.594059596,0.431570031,0.1212916919,2.000081259,-0.7854321885,0.01382565776,-0.9755983838,-0.5683827443,-0.02582790498,1.574620311,-0.5269503296,0.1487264847,0.0649391825,0.1294466049,-0.1249192047,-1.233712959,0.1787266561,0.697779403,0.7130039788,1.110540648,-0.01102703812,0.6437786264,-1.719342516,-1.025325402,1.576440576,0.1363368932,0.3279325952,0.4102381579,-1.518370149
0.01521000566,-0.07005203484,0.334414528,-0.5505317004,-0.4277228634,0.5016178655,-0.5121987076,-1.587036019,0.4308198539,0.1057699535,1.981277918,-0.7784388068,0.01283991544,-1.003703127,-0.5766083864,-0.01902783946,1.594907375,-0.5243631718,0.1451481605,0.07984324341,0.1418711138,-0.1290771699,-1.22482924,0.1742654004,0.7109918943,0.7230955291,1.103448218,-0.01313142731,0.6370589763,-1.698664504,-1.005238106,1.566355609,0.1429148869,0.3310967979,0.4105436321,-1.542451429
0.01217126355,-0.07442839231,0.3354629404,-0.5484619056,-0.4301092457,0.5023106283,-0.5117417391,-1.579749304,0.4303307108,0.09009786734,1.963802905,-0.7716520989,0.01192881702,-1.030981726,-0.5858736485,-0.01246066496,1.614667298,-0.5217528459,0.1420368926,0.0953797471,0.1547088375,-0.1326158787,-1.216674563,0.1685285396,0.7226182301,0.7328946294,1.096843187,-0.01507666511,0.6296400946,-1.678753245,-0.9879471999,1.556372974,0.1484009133,0.3320704036,0.4122616472,-1.564132649
0.009246859883,-0.07846186909,0.3362863273,-0.5463757111,-0.4325473355,0.5027192949,-0.5115170529,-1.573450431,0.4296612069,0.07449045021,1.947929012,-0.7656388553,0.01045530251,-1.058943598,-0.5951645046,-0.004875027394,1.635890958,-0.5196513992,0.1392316104,0.1109469704,0.1672371425,-0.1371087484,-1.209792435,0.1620622987,0.7333065963,0.7429326505,1.090519954,-0.01723945098,0.6214897844,-1.657983199,-0.9745180551,1.544310665,0.1517523122,0.3294070744,0.4147698204,-1.579698881
0.006455538249,-0.08219560532,0.3369681089,-0.5439543478,-0.4348567836,0.5030517967,-0.5118125977,-1.567298363,0.4292215988,0.05885869487,1.93377242,-0.7604689627,0.009281868224,-1.085334674,-0.6041919432,0.002998227825,1.656486509,-0.5179237233,0.1368439385,0.1255564535,0.1803000909,-0.1411427615,-1.203212474,0.1558644559,0.7423803135,0.7522168889,1.084821784,-0.01891080476,0.6126514277,-1.638993671,-0.9641210651,1.532582001,0.1524392946,0.3249622644,0.417972839,-1.590772308
0.003876157211,-0.08547091357,0.3374677582,-0.5416466474,-0.4372300097,0.5030903235,-0.5122001116,-1.56230768,0.4286551159,0.04337809898,1.92189113,-0.7575783561,0.00763922113,-1.112165095,-0.6122037854,0.01268662302,1.67905789,-0.5182883888,0.1350206531,0.1396581374,0.1930489485,-0.1466465753,-1.19738713,0.1487546553,0.7516696578,0.761182971,1.079486591,-0.0213871562,0.6041876086,-1.619276662,-0.9563745838,1.519597177,0.1520718054,0.3178933719,0.4201449993,-1.597025725
0.001531164196,-0.08834136031,0.3378896075,-0.5392122034,-0.4394559319,0.5030280201,-0.5129244531,-1.557763626,0.4282439599,0.02846304088,1.911738183,-0.7564643331,0.006122127549,-1.137079754,-0.6193355143,0.02307770569,1.701220948,-0.5193834583,0.1335657495,0.1526910104,0.2061330218,-0.1520841316,-1.19172147,0.1415063714,0.7596748434,0.7690830439,1.074768058,-0.02375735495,0.5963761498,-1.601064169,-0.9500140078,1.507195358,0.151423444,0.3095896067,0.421147295,-1.600802376
-0.0006260077912,-0.09075325037,0.3382822208,-0.5371233281,-0.4416071547,0.5028005691,-0.5134912258,-1.554452093,0.4270053099,0.01404842296,1.903300186,-0.7578949538,0.00381635537,-1.161106816,-0.625525063,0.03465608966,1.723101643,-0.5220484594,0.1323447672,0.1658605905,0.2179785873,-0.1588408225,-1.186390231,0.1326634312,0.7670415198,0.7768919613,1.070903286,-0.02743246831,0.5909240905,-1.581139759,-0.9457241674,1.492994547,0.1517829255,0.2985276858,0.4190580945,-1.601405843
-0.002599119908,-0.09271925311,0.3387229843,-0.5350571703,-0.4434313865,0.5026195495,-0.5142528741,-1.551745716,0.4254709316,0.0006473659622,1.896136479,-0.7612084144,0.001470249788,-1.183202859,-0.6312799329,0.04646770462,1.743950632,-0.5246619126,0.1312567663,0.1784868656,0.2293745352,-0.1651121083,-1.181146974,0.1230398167,0.7721363863,0.7840021023,1.067753515,-0.03183273444,0.5864725419,-1.562219316,-0.9422839065,1.478639705,0.1532407377,0.286108034,0.4148694281,-1.600595212
-0.004429605975,-0.09416974448,0.3391816031,-0.5331132573,-0.445132262,0.5025650769,-0.514855191,-1.550413184,0.4228979126,-0.01275573538,1.889111418,-0.7647602367,-0.001113454534,-1.206051985,-0.6369800024,0.05903987511,1.765736606,-0.5273740316,0.1299921522,0.1917889458,0.2394891446,-0.1717971705,-1.176132006,0.1118801503,0.7756601584,0.7915498868,1.065780457,-0.03797748698,0.5829554439,-1.541633429,-0.9401477229,1.461452831,0.1558849334,0.2712650204,0.4081174556,-1.596862353
-0.006135210156,-0.09512228785,0.3397104901,-0.530852203,-0.4464389102,0.5028535228,-0.5157776387,-1.549325776,0.4200791075,-0.02617383206,1.882985139,-0.7684310678,-0.003274232868,-1.228581904,-0.6430339062,0.07138131858,1.787413511,-0.529285489,0.1287338957,0.2049089645,0.2494163554,-0.176947656,-1.171231149,0.0998097928,0.7766441981,0.798567508,1.06438584,-0.04511892233,0.5792646324,-1.522292076,-0.9384256514,1.443515683,0.1596804672,0.2555171064,0.3998166507,-1.59190271
-0.007888281738,-0.09554729767,0.3403382447,-0.5283967455,-0.4475181405,0.5036460573,-0.5165898202,-1.548979754,0.4166161699,-0.04111722473,1.877986377,-0.7712539754,-0.005475489341,-1.253627116,-0.6493319548,0.08401869999,1.81041978,-0.5314600631,0.1272022876,0.2189471461,0.2577392588,-0.1811247112,-1.166886835,0.08628360126,0.7771517979,0.8062337745,1.06361984,-0.05384710919,0.5766797147,-1.501163239,-0.9376751335,1.422407306,0.1651281327,0.2373570068,0.388788561,-1.584442022
-0.009708691385,-0.09548329148,0.3410941014,-0.5253817315,-0.4481064417,0.5049726838,-0.5178583221,-1.548176991,0.4133700095,-0.05714275147,1.874733074,-0.7734152839,-0.007233820027,-1.279919341,-0.6562967354,0.09586368769,1.833349549,-0.5329378802,0.1257050858,0.2328261651,0.2658039356,-0.1827868768,-1.162764351,0.07181914745,0.7761009029,0.8133057135,1.062961317,-0.06326016548,0.5751961964,-1.48128267,-0.9371276487,1.400424399,0.1719084368,0.2184830128,0.3762488115,-1.576245834
-0.01181018517,-0.09501384521,0.3417911606,-0.5217992252,-0.4485085967,0.5072241934,-0.5189308479,-1.546497412,0.41059702,-0.07572736167,1.873445755,-0.7748191594,-0.008618514454,-1.310105378,-0.6641490279,0.1070450418,1.855877971,-0.5340743066,0.1238066479,0.2477584507,0.2720626577,-0.182853558,-1.158483086,0.05691427236,0.7751558401,0.8216382875,1.063713439,-0.0734605232,0.5751247645,-1.459227736,-0.9380406553,1.375625712,0.1801563627,0.1985639227,0.3579867949,-1.566587342
-0.01420913233,-0.09417870736,0.3424606048,-0.5174233997,-0.4484640602,0.5100887072,-0.5205406064,-1.543495068,0.4094256787,-0.09563286808,1.873977266,-0.7758302691,-0.009708392568,-1.342321676,-0.673165851,0.1165095723,1.876947826,-0.5346297844,0.1220222216,0.2624953476,0.2781680022,-0.1803175069,-1.153820168,0.04159906542,0.7730926145,0.8300397565,1.064595353,-0.08395350231,0.5749737232,-1.437865731,-0.9391712764,1.3500801,0.1892602493,0.1790392865,0.3364695667,-1.557005233
-0.0170750242,-0.09307363646,0.3429460819,-0.5125883468,-0.4479561644,0.5131401428,-0.5227577406,-1.540457268,0.4100702311,-0.1164470613,1.876575433,-0.7756122387,-0.01097417354,-1.376084602,-0.6809334077,0.1247662402,1.897701369,-0.5348774875,0.1199243509,0.275961658,0.2829107235,-0.1766104977,-1.148932867,0.02584894644,0.7723939173,0.8403577398,1.06656346,-0.09535947259,0.5755920045,-1.412903604,-0.9405091311,1.321092791,0.1999566395,0.1587627357,0.3095573516,-1.546085608
-0.02036268217,-0.09173315924,0.3432985854,-0.5073108032,-0.4467776679,0.5160168287,-0.5260723305,-1.537035587,0.4127597564,-0.1369847824,1.880270912,-0.7746043541,-0.01215356194,-1.40958253,-0.6882703064,0.1310261783,1.916835783,-0.5349329716,0.1180326161,0.2875281122,0.2874814998,-0.1713313091,-1.143552998,0.009420638275,0.7712932245,0.8509901559,1.068327954,-0.1068464132,0.5764051644,-1.387730933,-0.9414784404,1.291243761,0.2114077337,0.1393696235,0.2803735027,-1.536178698
-0.02406026525,-0.0901630284,0.3432347921,-0.5019873043,-0.4446355651,0.5184375474,-0.5305944496,-1.53354302,0.416441617,-0.157832328,1.885819445,-0.7729206678,-0.01341119776,-1.442128102,-0.6953949049,0.135172664,1.934284789,-0.5346746056,0.1161486694,0.2969136357,0.2901462528,-0.1652071073,-1.138532432,-0.007654149206,0.7715475454,0.8641628695,1.071889267,-0.1194053621,0.5777862595,-1.357605017,-0.9434947097,1.256857806,0.2212438477,0.117757337,0.2513763407,-1.524748117
-0.02810926086,-0.08837402783,0.3427965016,-0.4965760341,-0.4415333994,0.5203790707,-0.5363451523,-1.529700364,0.4203811155,-0.1787870612,1.892159274,-0.7708600442,-0.01443419049,-1.4730362,-0.7020769591,0.1374092262,1.949369094,-0.5343797439,0.1145387259,0.3038031714,0.291643657,-0.1579862718,-1.132991365,-0.024985647,0.7712467812,0.8779168878,1.07534635,-0.1320279908,0.5777571688,-1.326727492,-0.9467631296,1.221974571,0.2302264086,0.09657523938,0.2218584692,-1.515429991
-0.03247476792,-0.08640826951,0.3417102786,-0.4914606898,-0.4375804212,0.5220280484,-0.5426568733,-1.525623394,0.4252170541,-0.1981933599,1.899675015,-0.7690934867,-0.01546146964,-1.500103259,-0.710731077,0.1366065135,1.961511161,-0.5359574607,0.1134858006,0.3094027161,0.2895264375,-0.1512746503,-1.127139317,-0.04275752134,0.7727894859,0.8940615647,1.080282989,-0.1461223496,0.57753599,-1.291126182,-0.9521527765,1.183546254,0.2370171103,0.07609161861,0.1916783077,-1.506500999
-0.03677581001,-0.08431232727,0.3403884054,-0.4874672883,-0.4339306915,0.5237723842,-0.5474872486,-1.522916952,0.4314457118,-0.2142547935,1.906893979,-0.7676493733,-0.01643002452,-1.521317045,-0.7181094702,0.132546572,1.969578574,-0.5408326592,0.1130983649,0.316350566,0.2826411935,-0.1469168272,-1.119659275,-0.06027289676,0.7742410156,0.9097674647,1.084769637,-0.1603110019,0.5756663301,-1.256203764,-0.9588472746,1.146221828,0.2430488076,0.05861393941,0.1588583097,-1.500160655
-0.04038443188,-0.08231503567,0.3392875302,-0.4852547796,-0.4314456269,0.5255584529,-0.5497006299,-1.522979419,0.4383721134,-0.2248094775,1.914002112,-0.7681450099,-0.01771710249,-1.535724317,-0.7207084953,0.1297227059,1.975011527,-0.5431516213,0.1108594221,0.3256501969,0.2703713608,-0.1465205547,-1.110833075,-0.07807971781,0.7785963281,0.9253537486,1.090681914,-0.1750537008,0.5747186351,-1.219786479,-0.9690177315,1.10737396,0.2501806921,0.04377489715,0.1182932419,-1.491303052
-0.04291517825,-0.08046223849,0.3387295987,-0.4841121098,-0.4303649401,0.5273906414,-0.5498005046,-1.525842848,0.4452829314,-0.2312932156,1.920658077,-0.7703356092,-0.01922499832,-1.547824577,-0.7191458688,0.1306890135,1.982447997,-0.5449056078,0.1077809667,0.3369117961,0.2567176167,-0.1486548186,-1.099997849,-0.09602285675,0.7834277393,0.9390241122,1.095841043,-0.189631772,0.5757814911,-1.187831586,-0.9813156462,1.070602992,0.2562958957,0.03341760739,0.07619897763,-1.477348877
-0.04440284653,-0.0788141843,0.3386258784,-0.4836862451,-0.4296885675,0.5287349656,-0.5494130391,-1.530668731,0.4508911696,-0.2334740982,1.927343204,-0.7742626795,-0.02072394699,-1.558086891,-0.71736183,0.1343169693,1.990506827,-0.5461470049,0.1046534921,0.3474297098,0.2430188227,-0.1513518433,-1.088737241,-0.114711874,0.7916320088,0.9532818472,1.101785469,-0.2052891977,0.5806651459,-1.155626308,-0.9971484248,1.031653884,0.2614631071,0.02289606221,0.03139132241,-1.451435243
-0.04501232142,-0.07732420521,0.3388251465,-0.4833854742,-0.4290431194,0.5294946934,-0.5494505025,-1.537161697,0.4548983651,-0.2331562846,1.933913577,-0.7787873409,-0.02221587325,-1.565718387,-0.7170978054,0.138840829,1.998492677,-0.5469601946,0.101983866,0.3555825427,0.2308054272,-0.1534165367,-1.076426224,-0.1332175758,0.7997945036,0.96759069,1.10705191,-0.2203696317,0.5873220131,-1.125770017,-1.016009589,0.9939045581,0.2684698686,0.01267308149,-0.01528141626,-1.417644961
-0.04488281307,-0.07599496149,0.3391908957,-0.4829603161,-0.4280383019,0.5297305244,-0.5503799749,-1.544884365,0.4570764444,-0.2294302925,1.939728416,-0.7826677948,-0.02382501713,-1.570267206,-0.719296107,0.143802184,2.0060194,-0.5474910706,0.09988613351,0.3616083515,0.220699565,-0.15441382,-1.06421992,-0.1525133188,0.8102664913,0.983542891,1.113421108,-0.2350560911,0.5966569142,-1.094524995,-1.037054143,0.9532033946,0.2773620509,-0.0006214051495,-0.06090831843,-1.374740224
-0.04415412214,-0.07478687778,0.3395533972,-0.4820726444,-0.4266449007,0.5296535277,-0.5523108136,-1.553581937,0.4582825459,-0.2239664484,1.945341724,-0.7848664967,-0.02504872691,-1.57127913,-0.7240932607,0.1482848422,2.013045432,-0.5477974809,0.098462634,0.3652796484,0.21293431,-0.1540205848,-1.051150898,-0.1715913499,0.8205867413,1.000192983,1.119130122,-0.2493020157,0.6074339829,-1.064208954,-1.060505755,0.9137335322,0.2886463719,-0.01613048314,-0.1066152778,-1.330791075
-0.0430244293,-0.0737292093,0.3398274114,-0.4809194324,-0.4248836247,0.5295294242,-0.5547873411,-1.562044647,0.4589251981,-0.2161559113,1.950830459,-0.7829897406,-0.02561636921,-1.569992427,-0.7307358227,0.1526315102,2.019473097,-0.548036859,0.09738772918,0.3681073956,0.2065796392,-0.1527451272,-1.038072446,-0.1908203066,0.8332137051,1.019139178,1.126279181,-0.2653728174,0.6212386106,-1.033077221,-1.083888226,0.8723228852,0.3010142291,-0.03454797197,-0.1505042536,-1.28637576
-0.04160318038,-0.07283869734,0.3399327654,-0.4795725462,-0.4228680339,0.529434534,-0.5575767868,-1.569138346,0.4595962499,-0.209561284,1.958734092,-0.7789236699,-0.02464446507,-1.566939951,-0.7387834965,0.156731612,2.02523675,-0.5482692659,0.09671861012,0.3698039537,0.201156944,-0.150839304,-1.023746427,-0.2092521119,0.8455733908,1.039221796,1.132880746,-0.2811454732,0.6351323332,-1.003256077,-1.107229465,0.8327577144,0.3151924946,-0.05308387419,-0.1949665454,-1.24450592
-0.04011570787,-0.07211544834,0.3399064529,-0.4784498299,-0.4207218068,0.529449669,-0.560144597,-1.574207757,0.4600696181,-0.2040609037,1.96812692,-0.7736685457,-0.02281972181,-1.563876504,-0.7470956877,0.1612248034,2.030222814,-0.5487760023,0.09605493372,0.37155005,0.1957401922,-0.148869876,-1.009455873,-0.2263139472,0.8594520906,1.061937982,1.141678991,-0.2975877068,0.6507398283,-0.9736964489,-1.127973805,0.7921995633,0.3304755822,-0.0723763437,-0.2365089038,-1.20278982
-0.03857218278,-0.07155253381,0.3397423985,-0.4774882859,-0.4186214991,0.5294701826,-0.5625142693,-1.577605763,0.4604908675,-0.1995413689,1.978368511,-0.7681222123,-0.0210650275,-1.560692756,-0.7555438972,0.1655102497,2.034170347,-0.549451942,0.09553529487,0.3729768895,0.1908237175,-0.1470772353,-0.994261364,-0.2418335084,0.8726750027,1.085380811,1.150059805,-0.3133465373,0.6658876789,-0.9468635829,-1.147083291,0.7538158388,0.3471028285,-0.09070377848,-0.2779436967,-1.16307803
-0.03721452245,-0.07112334608,0.3395043073,-0.4768697901,-0.4167999746,0.5295145803,-0.564346785,-1.579270474,0.4606764348,-0.1957699551,1.987672226,-0.7632184773,-0.01976781981,-1.558527978,-0.7625589845,0.1703338033,2.037523307,-0.5502644496,0.09533712678,0.3746543049,0.1860093575,-0.1459040383,-0.9797734116,-0.2542171174,0.8867044812,1.111256051,1.160972008,-0.3286055927,0.6819562671,-0.9218163681,-1.16185822,0.7153984334,0.3633967722,-0.1082207887,-0.3158331727,-1.124138657
-0.03600110532,-0.07081295735,0.3392107357,-0.4764440465,-0.4153514581,0.5295125598,-0.5657744125,-1.579826304,0.4605760048,-0.1928374994,1.995685393,-0.7592527962,-0.01895813006,-1.556850192,-0.7683100485,0.1749605783,2.040216362,-0.5510434317,0.09523731948,0.3763879941,0.1820421284,-0.1453097312,-0.9653824232,-0.2640920429,0.8997861998,1.13738714,1.171469967,-0.3420343052,0.6965682645,-0.9003093393,-1.173968003,0.6793839132,0.3797089509,-0.12398402,-0.3529758048,-1.087269908
-0.03513261622,-0.07058834586,0.3389680356,-0.4763051982,-0.414550976,0.5295324096,-0.5664594192,-1.579903639,0.4601643072,-0.1909526538,2.001286768,-0.7562314332,-0.01803109059,-1.556817359,-0.7716364391,0.1791326936,2.043912973,-0.5525761115,0.09521875996,0.3788602489,0.1788144443,-0.1453803506,-0.9533962242,-0.2692845297,0.9132091006,1.165581488,1.184484366,-0.3534812253,0.7106296412,-0.8821758845,-1.181376813,0.6435106835,0.3947773347,-0.1416408836,-0.3830386124,-1.051044357
-0.03455023558,-0.07044336756,0.3387869414,-0.4763298622,-0.4142827565,0.5295390575,-0.5666286673,-1.57971753,0.4592194036,-0.1901967003,2.004474439,-0.7539468066,-0.01704594957,-1.5575961,-0.7729533094,0.1825003892,2.048085055,-0.5541520557,0.09521498688,0.3816682841,0.1769666061,-0.1457697386,-0.9431779071,-0.2710130244,0.9254136003,1.19317214,1.19704108,-0.3627457269,0.7224140198,-0.8681237513,-1.186072175,0.6099847892,0.4084430045,-0.1590966061,-0.4119546419,-1.017898369
-0.03418413019,-0.07025671181,0.3385406244,-0.4764769624,-0.4145085794,0.529590791,-0.5662913879,-1.579766844,0.4575331135,-0.1907020946,2.006389477,-0.7526539634,-0.01574779449,-1.559740918,-0.7723566482,0.1853825649,2.054371169,-0.5573190346,0.09545856407,0.3845571353,0.1761822861,-0.1467222261,-0.9371087836,-0.2675984729,0.9379776443,1.221968876,1.211868168,-0.3699143552,0.7328657392,-0.8563362345,-1.185784985,0.5762370679,0.4196458091,-0.178758706,-0.4353878796,-0.9872621079
-0.03398380505,-0.07004628954,0.3382468575,-0.4766931566,-0.4150988823,0.529694239,-0.5655798489,-1.57984751,0.4551644931,-0.1924153473,2.007304382,-0.7522855248,-0.01427908857,-1.562629334,-0.7703073696,0.1875563016,2.061652342,-0.5606022494,0.09574162234,0.3875129882,0.1767974806,-0.1479252763,-0.9343903463,-0.2605893418,0.9491154985,1.249311994,1.226177115,-0.375956539,0.7405145832,-0.8478977284,-1.182624268,0.5443780399,0.4285557868,-0.1977770604,-0.4579926011,-0.9595706125
-0.03402756985,-0.06969905423,0.3378653418,-0.4770608679,-0.4159554611,0.5299233472,-0.5644246883,-1.580668068,0.451905497,-0.1957472475,2.008192268,-0.7524303097,-0.01248255693,-1.567223126,-0.7669333317,0.189279216,2.070911609,-0.5644976811,0.09594581657,0.3902572077,0.1777841031,-0.1490086908,-0.9363049939,-0.2488224326,0.9606909423,1.276030224,1.242335218,-0.382088406,0.7460732456,-0.8413983386,-1.175332025,0.5123714699,0.433615821,-0.2172128463,-0.4752161294,-0.9333325648
-0.03425455147,-0.06927567424,0.3374731942,-0.4774852211,-0.4168784818,0.5303035165,-0.5630260877,-1.581625129,0.4482619446,-0.2000992557,2.009098601,-0.7529593216,-0.01059314174,-1.572551488,-0.762762729,0.1902906717,2.080790768,-0.5680639156,0.09610540346,0.3934278667,0.1796836304,-0.1498862437,-0.9404346363,-0.2350003445,0.9713252232,1.302806127,1.257641329,-0.3903198786,0.7542867512,-0.8371272265,-1.166553856,0.4818721511,0.4355304649,-0.2350059971,-0.4903448696,-0.9084322801
-0.0346500544,-0.06869613965,0.3370376146,-0.4780875821,-0.4176845967,0.5309482869,-0.561307187,-1.58332065,0.4445376356,-0.2047235502,2.011236259,-0.7533663137,-0.008698857873,-1.579233778,-0.7578913215,0.1907263306,2.091759341,-0.5728669017,0.09601806976,0.3968439122,0.1813623741,-0.1506043201,-0.946137758,-0.2189235698,0.9826639152,1.331589276,1.274556718,-0.4005976986,0.7671757888,-0.8332946222,-1.155090611,0.4511016129,0.4331145607,-0.2528635651,-0.4983912232,-0.8836958134
-0.03515754945,-0.06798581491,0.3366334113,-0.4788403105,-0.4182471597,0.5317597389,-0.5594755138,-1.585462892,0.4417041908,-0.2086113261,2.014139412,-0.7535256215,-0.007086368865,-1.586740955,-0.7530419867,0.1904159326,2.102696858,-0.5774654471,0.09588569628,0.4000899242,0.183441854,-0.1508862965,-0.9523637991,-0.2018314821,0.9931224204,1.36096889,1.290591248,-0.4112689416,0.7816947522,-0.8311831417,-1.142771495,0.4217792936,0.4272260259,-0.2692303358,-0.5025467517,-0.858145981
-0.03587289059,-0.06708775819,0.3363128714,-0.4798220461,-0.4186635861,0.5327917529,-0.5573370199,-1.588841372,0.4395877903,-0.2116628947,2.020137016,-0.7537691648,-0.005702202081,-1.595622665,-0.7472018806,0.1897860586,2.113963374,-0.5828973762,0.09569611966,0.4027217327,0.1846803435,-0.1506519388,-0.9591584215,-0.1828797675,1.004260119,1.39086742,1.307964976,-0.4215936341,0.7969882613,-0.8300784031,-1.128179118,0.392959423,0.4170246185,-0.284913514,-0.4992714106,-0.830164766
-0.03674342459,-0.06602189246,0.3361548758,-0.4810391632,-0.4188247449,0.5338337552,-0.5551654514,-1.592941824,0.4385045423,-0.2128609063,2.027622216,-0.7544072184,-0.004889634239,-1.605415542,-0.7413700335,0.1885599976,2.124668903,-0.5879415433,0.09552830924,0.4045191815,0.1857699425,-0.1497114527,-0.9662403701,-0.1631717293,1.014500431,1.41974157,1.324358085,-0.4306786208,0.8102807485,-0.8311764199,-1.112785499,0.3660326672,0.404018957,-0.2991117778,-0.4916235404,-0.800521306
-0.0378852699,-0.06489057196,0.336153647,-0.4825044554,-0.418959143,0.5349143126,-0.5527471078,-1.597668324,0.4388597904,-0.2117580253,2.035651925,-0.7550492971,-0.004670826844,-1.616080434,-0.7345807256,0.1871862828,2.134681826,-0.5933442363,0.0953018467,0.4052088931,0.1857612613,-0.1484453731,-0.973045172,-0.1419163257,1.025264826,1.447729341,1.341768154,-0.4389050971,0.8222492521,-0.8332415124,-1.094867049,0.3400494473,0.3877182906,-0.3137628763,-0.476808606,-0.7685891719
-0.03921754702,-0.06369083634,0.3363695015,-0.4841099432,-0.4189923216,0.5358721705,-0.5503853324,-1.602982133,0.439920934,-0.2077162782,2.043418065,-0.756013745,-0.005321055348,-1.6268483,-0.7275817036,0.1853141587,2.143567505,-0.5982780361,0.09509848754,0.4049770021,0.1855707948,-0.1466889256,-0.9797211642,-0.12024625,1.035230995,1.473751827,1.358010411,-0.4459198118,0.8307568171,-0.837270618,-1.076428925,0.3165015005,0.3696124378,-0.3277611646,-0.4580454071,-0.7357459884
-0.0407950969,-0.06246279165,0.3366624841,-0.4857498411,-0.4190290018,0.5369022398,-0.5479030684,-1.608882745,0.4422010947,-0.2014053312,2.051708997,-0.7571929479,-0.00614357586,-1.637610714,-0.7200698313,0.1827994914,2.151115572,-0.6033513738,0.09504400682,0.4034077974,0.1839887207,-0.1448060345,-0.9858521035,-0.09729360104,1.046146835,1.498256083,1.374418477,-0.4523392998,0.8364623227,-0.8413617364,-1.05614438,0.2945066249,0.3489201018,-0.3420258212,-0.4331055412,-0.7003920733
-0.04254700371,-0.06119957881,0.3370964371,-0.4873121245,-0.4189857875,0.5379599654,-0.5455060758,-1.615231816,0.4446746316,-0.1928955476,2.05978003,-0.7585473642,-0.007387254322,-1.647737015,-0.7123077034,0.1796025883,2.157274533,-0.6079848393,0.09505500314,0.4008161438,0.1817052045,-0.1425803755,-0.9915420361,-0.07396478184,1.056591214,1.520643581,1.389226139,-0.4578918966,0.8384807227,-0.8461766022,-1.035730646,0.2755648689,0.3265220256,-0.3548094987,-0.4040509846,-0.6642370947
-0.04446883102,-0.05999582522,0.3375463595,-0.4887030325,-0.4189100963,0.5391592824,-0.5431306892,-1.621949766,0.4474271709,-0.1840440845,2.068366115,-0.7593592562,-0.008399457845,-1.657000025,-0.7040941367,0.1763566897,2.162181302,-0.6135197513,0.09531958063,0.3966159092,0.1777998046,-0.140257413,-0.9960736804,-0.0498036486,1.067844869,1.541387361,1.403702741,-0.4634096716,0.8384612071,-0.8483482033,-1.013453214,0.2569298226,0.3009996316,-0.3683877108,-0.36895019,-0.6252345682
-0.04649888851,-0.05884389572,0.3380659928,-0.4898308719,-0.4187388975,0.5405549498,-0.540854693,-1.628737649,0.4495273036,-0.1753382302,2.076865001,-0.75957022,-0.009232451084,-1.664969734,-0.6954656526,0.1730123497,2.165919518,-0.6188925907,0.09562279393,0.3912485807,0.1727766607,-0.1376394146,-0.9995944667,-0.02543490556,1.078677388,1.560059256,1.416430573,-0.4686306103,0.8355390019,-0.8497573432,-0.9909054367,0.2410872942,0.2742560853,-0.3811855096,-0.3302735229,-0.5867813132
-0.04858737567,-0.05778504326,0.3386169651,-0.4906234214,-0.4185248806,0.5420406184,-0.5388112386,-1.635873524,0.451489434,-0.1676823834,2.085884444,-0.758923797,-0.009717837968,-1.67123958,-0.6866032586,0.1702280729,2.168420547,-0.6247472622,0.09634545809,0.3836446567,0.1668396463,-0.1348049121,-1.001998938,-0.000357186034,1.090547188,1.577235885,1.428316856,-0.4739560111,0.831394165,-0.8469439506,-0.9657789778,0.2252238231,0.2444845298,-0.3956126041,-0.2892368254,-0.5494022089
-0.05069363507,-0.05681219109,0.3392415253,-0.4910502127,-0.4182138621,0.5436958339,-0.5369931977,-1.642951516,0.4526747094,-0.1614469389,2.094856002,-0.7574282483,-0.00982396641,-1.675740187,-0.6774811942,0.1679611296,2.169925494,-0.6302695498,0.09707705828,0.3744423101,0.1601584557,-0.1316715961,-1.003381741,0.02487209975,1.102040856,1.592628149,1.438359451,-0.4789102166,0.8256417169,-0.8413875539,-0.9402295797,0.2133110286,0.2148534822,-0.4091665043,-0.2484566028,-0.5163963551
-0.05273685268,-0.05592259539,0.3398312343,-0.4912654013,-0.4178469835,0.5454435657,-0.5353069404,-1.650006401,0.4533406276,-0.1580724796,2.104948517,-0.75493728,-0.008910398081,-1.679284788,-0.6686401047,0.1659776909,2.170532505,-0.6360273347,0.09798417965,0.3635684576,0.1526423525,-0.1288639705,-1.003780539,0.05060122647,1.114165772,1.60738444,1.447422082,-0.4835916895,0.8197627076,-0.8303404761,-0.9122949435,0.2011886877,0.1840007666,-0.4233062167,-0.2079692228,-0.4890163782
-0.05468119802,-0.05511112879,0.3404403339,-0.4911884437,-0.4173344458,0.5473758858,-0.5338028782,-1.656559161,0.4532436105,-0.156828378,2.115262013,-0.7519375275,-0.007796720734,-1.681589999,-0.6600435732,0.1643746376,2.170599733,-0.6412458297,0.09877880914,0.3514277654,0.1446995359,-0.1260821571,-1.003141677,0.07631544612,1.125648923,1.620984174,1.454911109,-0.4876083599,0.8133634494,-0.8157326919,-0.8836419461,0.1904423318,0.1564447258,-0.4353090946,-0.1702292766,-0.4674666457
-0.05644512809,-0.05438403761,0.3410104276,-0.4909075957,-0.4168019032,0.5492289059,-0.5325725443,-1.663864164,0.4525575584,-0.1575951671,2.126320917,-0.7487711934,-0.006445346106,-1.682856283,-0.6521819181,0.1633915736,2.170386202,-0.6467660215,0.09986412402,0.3382337777,0.136647829,-0.1239923448,-1.001606689,0.1019857734,1.137222318,1.634569372,1.461725312,-0.4915129254,0.8076621334,-0.7963498357,-0.8528820623,0.176492378,0.1307401723,-0.4463781466,-0.1355584467,-0.4514246483
-0.05801359954,-0.05372914097,0.34159382,-0.4902973729,-0.4161123985,0.5511713451,-0.5316663487,-1.67126044,0.4512832594,-0.1595548016,2.137263849,-0.7458990934,-0.00525030267,-1.68274721,-0.6450047704,0.1628676705,2.170212874,-0.651885393,0.1009702372,0.3243323856,0.1288862144,-0.1219260891,-0.9992203085,0.1271675204,1.147906547,1.647407845,1.467425213,-0.4950649313,0.8018551035,-0.7742297837,-0.8221619387,0.1619847057,0.1091766072,-0.4553954894,-0.1042938366,-0.4399532307
-0.05932668393,-0.05312877923,0.3421103974,-0.4894911763,-0.4153489063,0.5529522209,-0.5311567714,-1.679516101,0.4495063341,-0.1627408133,2.148530001,-0.7434593274,-0.003819639469,-1.681815662,-0.6393024175,0.1621343774,2.170928825,-0.6563473778,0.1024979979,0.3103716531,0.1212505435,-0.1205381555,-0.9965206873,0.1517168039,1.158295885,1.660843019,1.472818761,-0.4987846935,0.7965570585,-0.7487168378,-0.7902913152,0.1434004425,0.09024265853,-0.4634573891,-0.07551014579,-0.4316143266
-0.06037865249,-0.05257180014,0.3426044778,-0.4883526269,-0.4143668477,0.5548092709,-0.5310353098,-1.687919805,0.4473815533,-0.1665175739,2.159383252,-0.741519108,-0.002510167794,-1.679711701,-0.6348145734,0.1614763322,2.172275776,-0.6602193767,0.1040010069,0.2966660844,0.1140054499,-0.119024195,-0.9935174398,0.175209455,1.167378228,1.673831367,1.477635632,-0.5024201727,0.7908941621,-0.7218665208,-0.7594338156,0.1240293584,0.07463942809,-0.4701369337,-0.05043871781,-0.4263899588
-0.06114079557,-0.0520365702,0.3430064354,-0.48704105,-0.4132884758,0.5565273515,-0.5312823716,-1.697479361,0.4451168603,-0.1710692299,2.170353263,-0.74005883,-0.0007452347031,-1.677056446,-0.6319145837,0.1607414295,2.174332786,-0.6629794798,0.1057617198,0.2836344072,0.1068409829,-0.1179914391,-0.9905998266,0.1975774993,1.175594926,1.687276588,1.482271959,-0.5062855498,0.7852499512,-0.6931707331,-0.728326003,0.101861985,0.06016335801,-0.4760114783,-0.02801372852,-0.4229693141
-0.06161345484,-0.0515167983,0.3433574036,-0.4854323716,-0.4119526572,0.5583625786,-0.5318661971,-1.707358243,0.4429081482,-0.1759130031,2.180833453,-0.7387297549,0.0009973338905,-1.673525173,-0.6303012333,0.1602235325,2.176777812,-0.6649504223,0.1074204387,0.2714270033,0.0998656453,-0.1166279856,-0.9877250298,0.2185693754,1.182274544,1.700198192,1.486564918,-0.5102153068,0.7787851039,-0.6643673689,-0.698727924,0.07976902778,0.04790158612,-0.4809553916,-0.00837764127,-0.4214807594
-0.06178342045,-0.05104188893,0.3436242241,-0.483736745,-0.4104891716,0.5601094574,-0.5327051692,-1.718157848,0.4410647581,-0.1811257897,2.191694286,-0.7368917447,0.003324604979,-1.669540301,-0.6303010264,0.1595024415,2.178649362,-0.666226797,0.1094319256,0.2601010197,0.09265683148,-0.1155315442,-0.9852021788,0.2381702391,1.187819204,1.713236158,1.490630267,-0.5143397501,0.7720405274,-0.6349297933,-0.6694747338,0.05635720018,0.03674815401,-0.4851176976,0.009899933355,-0.4203753587
-0.06166600995,-0.05060983221,0.3438410771,-0.4818860058,-0.4087433974,0.5619352053,-0.533801028,-1.728958294,0.4397172909,-0.1863638023,2.202377737,-0.7345320483,0.005639624462,-1.664952776,-0.6316837993,0.1591048429,2.180227243,-0.6670331939,0.111330982,0.2496394208,0.08522807812,-0.1140857393,-0.9829629099,0.2562890214,1.191863571,1.725675068,1.494437083,-0.5185668004,0.7643259941,-0.6060011588,-0.6419678463,0.03370292296,0.02804607786,-0.4885363898,0.02688361531,-0.4201323956
-0.06131730753,-0.05023154192,0.3439795483,-0.480083968,-0.4068964967,0.5636829305,-0.5349917555,-1.74064272,0.4390498633,-0.1914587887,2.213304886,-0.7323324189,0.0083844784,-1.660388039,-0.634169641,0.1592033514,2.181243366,-0.667258885,0.1132121811,0.2399225389,0.07716046579,-0.1130110404,-0.9812148277,0.273037261,1.194560666,1.737938567,1.497635982,-0.5227621958,0.7564171152,-0.5769751362,-0.6149142935,0.01130273164,0.02040617568,-0.4904714125,0.0429284504,-0.4194708897
-0.06074685178,-0.04990990314,0.3440775322,-0.478219874,-0.4048307084,0.5654488237,-0.5363631954,-1.752346209,0.4389905745,-0.196352433,2.224072933,-0.7297562756,0.01101419152,-1.655490236,-0.6376747268,0.1600132937,2.182105467,-0.6671222977,0.1148789442,0.230899887,0.06871585545,-0.1117399109,-0.9798692776,0.288392807,1.196069064,1.749534968,1.500474324,-0.5268854143,0.7476447924,-0.5486606271,-0.5895628297,-0.009408779117,0.01457799094,-0.491849648,0.0575777574,-0.4193636991
-0.0600414982,-0.0497193483,0.3441738465,-0.4765836045,-0.4028832598,0.5670754929,-0.5375672351,-1.765004573,0.4393096494,-0.2008824841,2.235100363,-0.7277297591,0.01414431572,-1.650855751,-0.6416207504,0.1610217601,2.181460969,-0.6667025766,0.116735669,0.2225299721,0.05959883069,-0.1111768084,-0.9791343997,0.3026531688,1.196146875,1.760596989,1.502745261,-0.5302708098,0.7389783865,-0.5210650013,-0.5647657639,-0.02844322539,0.009040933338,-0.4911421358,0.07131408677,-0.4181826154
-0.05922861752,-0.04966029015,0.3442943815,-0.4750217332,-0.4008523001,0.5686478643,-0.5388055242,-1.777695716,0.439874261,-0.2050260746,2.24586195,-0.7258197777,0.01709174432,-1.645963024,-0.6460963222,0.1624767044,2.180271981,-0.6661767575,0.1184615247,0.2146695037,0.05007662872,-0.1105428278,-0.978947046,0.3159162612,1.195505492,1.771076756,1.504598794,-0.5331099647,0.7294741436,-0.4944871454,-0.5414642526,-0.04508912671,0.004861172118,-0.4899046132,0.08421897351,-0.4168887866
-0.0583557808,-0.04966798584,0.3443464807,-0.4737481347,-0.3988280872,0.5697521752,-0.5402604192,-1.791602474,0.4395001766,-0.2086737643,2.256638674,-0.7254523242,0.01979665286,-1.641619458,-0.6517456696,0.164396215,2.179740494,-0.6653135083,0.1199701719,0.2066669154,0.04007405266,-0.1110122838,-0.979503888,0.3279103701,1.195017088,1.781712795,1.505184744,-0.5355193002,0.719506415,-0.468584895,-0.5183505592,-0.05867790826,0.0006203873621,-0.4855734916,0.0959331789,-0.4123164671
-0.05745971438,-0.04974455155,0.3443783952,-0.472484744,-0.3966898461,0.5706729649,-0.5419665117,-1.805830472,0.4388475699,-0.2118205154,2.266847999,-0.725866407,0.02208916156,-1.636950423,-0.6582007456,0.1665947037,2.179777733,-0.6642286326,0.1213045959,0.1990943935,0.02967950936,-0.1115075679,-0.9809222493,0.3386407086,1.194349864,1.791916232,1.50510379,-0.5372912168,0.7087781947,-0.4433121369,-0.4961072228,-0.06902142261,-0.002681308237,-0.4808266239,0.1067336523,-0.4068291259
-0.05656278138,-0.0498138485,0.3443910429,-0.4714831444,-0.3945833686,0.5713892768,-0.543619264,-1.820925748,0.4364357039,-0.2146166518,2.277890839,-0.7274682428,0.02505755602,-1.633472556,-0.6646148733,0.1696869035,2.180250443,-0.6623735314,0.1224889854,0.1917339232,0.01854856614,-0.1126665278,-0.983248174,0.3482274726,1.194059633,1.802012157,1.50329005,-0.5385093064,0.6976499012,-0.4190506302,-0.4743875686,-0.07687556183,-0.005169441567,-0.4732880134,0.1170692799,-0.3997099166
-0.05569683389,-0.04988354609,0.3444224332,-0.4704487047,-0.3924278843,0.5721330553,-0.5452908755,-1.836195808,0.4331431359,-0.217024834,2.288811868,-0.7296503238,0.02787341185,-1.630122193,-0.670767613,0.173177546,2.180974111,-0.6598811714,0.1234537129,0.1850400166,0.006963623726,-0.1135452509,-0.9864263673,0.3568217555,1.193649884,1.811428339,1.500765892,-0.538949697,0.6862709706,-0.3958100273,-0.4535229565,-0.08302260833,-0.006939922862,-0.4661551289,0.1262768708,-0.3935949312
-0.05476482911,-0.05007723003,0.3448488901,-0.4695671785,-0.3907564442,0.5729555386,-0.5463863257,-1.851709052,0.4283438566,-0.2186892879,2.299650696,-0.7320040337,0.03099626702,-1.629191432,-0.6751443219,0.1768096687,2.179994506,-0.6548118979,0.1236825093,0.1789052881,-0.004616387498,-0.1140932486,-0.9904597137,0.3647064357,1.193180435,1.819631488,1.496472102,-0.5386929364,0.6745662501,-0.3741808447,-0.4332930949,-0.08800204742,-0.008597584549,-0.4572620238,0.1344074336,-0.3888589913
-0.05379463228,-0.05039954879,0.345670612,-0.4685653324,-0.3893991354,0.5739136126,-0.5472092907,-1.866915846,0.422479513,-0.2195256991,2.309715916,-0.7347397271,0.03380053359,-1.629668227,-0.6776527895,0.1805357616,2.177844745,-0.6468550976,0.1231769222,0.1733427397,-0.01571628362,-0.1135163687,-0.9952629537,0.3721130012,1.19251966,1.826647039,1.491608928,-0.5376707125,0.6631682039,-0.3538715008,-0.4142546677,-0.09151058934,-0.009544735485,-0.4486979621,0.142848862,-0.3828457148
-0.05274336787,-0.05091512912,0.3470695773,-0.4677908565,-0.3887716484,0.5749399905,-0.5472406484,-1.881927393,0.4158657735,-0.21901658,2.318750705,-0.7378679117,0.03673669137,-1.63347119,-0.6775165704,0.184003245,2.173780657,-0.6356570612,0.121641701,0.1684530364,-0.02625406531,-0.1123065535,-1.000635607,0.3794105318,1.191598699,1.832684786,1.485405288,-0.5363304077,0.6523441285,-0.3354120631,-0.3963415323,-0.09243132818,-0.01040877538,-0.4375093583,0.1517759211,-0.377720871
-0.05162097554,-0.05163220587,0.3490273051,-0.4669581423,-0.3886608309,0.5759670127,-0.5469505025,-1.896339579,0.40846164,-0.2171194866,2.326419829,-0.7416176348,0.03920919107,-1.639026514,-0.6748961137,0.1872888566,2.168518192,-0.6210274454,0.1191580354,0.1640585389,-0.0355381794,-0.109693375,-1.006615292,0.3865318004,1.190602857,1.83773541,1.479075385,-0.534641374,0.6423560395,-0.3182680903,-0.3797253405,-0.0916692733,-0.01040295829,-0.4266466041,0.1604004044,-0.3710438897
-0.05031701238,-0.0526464651,0.35155248,-0.4662803827,-0.3890637759,0.5769230351,-0.5462341938,-1.911223003,0.400568069,-0.2142264867,2.333898953,-0.7467081824,0.04252512159,-1.647248564,-0.6708411915,0.1906873642,2.161824881,-0.6023800449,0.1148502279,0.1600254654,-0.04385289841,-0.1060565171,-1.012773085,0.3933732867,1.189464025,1.84227009,1.472068545,-0.5333222069,0.6331822055,-0.3024616835,-0.3637261983,-0.08966289922,-0.009751746078,-0.4150249784,0.1683115691,-0.365632619
-0.04884739228,-0.05395639555,0.3546416321,-0.4655445813,-0.3898085379,0.57789783,-0.5452995918,-1.926031323,0.3924986065,-0.210336824,2.340713985,-0.7522204388,0.04557708035,-1.656687916,-0.6660531795,0.1937386437,2.153747245,-0.5798348853,0.1095545421,0.1565222283,-0.05100238172,-0.1006708813,-1.019328894,0.3999212683,1.188310118,1.846121225,1.46545163,-0.5322441302,0.6247952748,-0.2877129059,-0.3484773884,-0.08692050403,-0.008463540809,-0.4044783634,0.1751046067,-0.3603694102
-0.04751290008,-0.05525007709,0.3579633838,-0.4647957463,-0.3910296125,0.5788454709,-0.5440576047,-1.941749444,0.3850516449,-0.2058158385,2.346879987,-0.7579191442,0.04904083779,-1.668204754,-0.660822967,0.1958073966,2.146124385,-0.5539922908,0.1037032752,0.1535692178,-0.05761651776,-0.09461791781,-1.02604831,0.4065952588,1.187033027,1.849194936,1.458288725,-0.5319885096,0.616951478,-0.2741478834,-0.333166129,-0.08292335286,-0.006441918147,-0.3930507306,0.1810807963,-0.3561581653
-0.04632347966,-0.05653602689,0.36152975,-0.4638979557,-0.3925035239,0.5798440873,-0.5426974339,-1.957498101,0.3781690533,-0.2008138602,2.352276378,-0.7631264625,0.05221207497,-1.680472321,-0.6556797075,0.1965770997,2.138532575,-0.5252028094,0.09770707114,0.1512816073,-0.06363966724,-0.08717725438,-1.033193298,0.4132854407,1.185896574,1.851397156,1.451632751,-0.5323929394,0.6099529761,-0.261444098,-0.3179411626,-0.0780726545,-0.00366358668,-0.3824474077,0.1867574307,-0.3506925626
-0.04533915892,-0.05772549729,0.3648179253,-0.4630019855,-0.3941695772,0.580637602,-0.5414050988,-1.974989147,0.3726682698,-0.1957020411,2.356472381,-0.7683876858,0.05585182379,-1.692894578,-0.6506053665,0.1968187551,2.132205476,-0.4946782835,0.09143022839,0.1499217234,-0.06895474506,-0.08058154724,-1.040198845,0.4197054684,1.184045355,1.854159827,1.444858312,-0.5337882948,0.6042046934,-0.2490124539,-0.3024832835,-0.07332329935,-0.001564029576,-0.3725705891,0.1920529081,-0.3464716458
-0.04456601822,-0.05882243449,0.3678675565,-0.4620138719,-0.3957127617,0.5813487543,-0.5403593418,-1.993006497,0.3682040404,-0.1904683346,2.359599937,-0.7731929026,0.05918016541,-1.704412575,-0.6460515583,0.1965852472,2.12682049,-0.46317678,0.08534514824,0.1492354759,-0.07363729512,-0.07384083943,-1.047110116,0.4257838647,1.182170989,1.85687342,1.438663202,-0.5355512589,0.5987642488,-0.2370239471,-0.2870088889,-0.06853158582,0.00082885591,-0.363725203,0.1973889502,-0.3423676158
-0.04400016066,-0.0597148013,0.3705697225,-0.4611609091,-0.3973540433,0.5818552379,-0.5393374291,-2.01162187,0.3639258145,-0.1853380049,2.3617957,-0.7780752112,0.06286375905,-1.716714196,-0.6410231265,0.1967534247,2.127358294,-0.4359012509,0.07878789366,0.1490253312,-0.07726768322,-0.06823514798,-1.053421176,0.4315014288,1.180438086,1.85969868,1.431934965,-0.5378956481,0.5934251791,-0.2256258205,-0.2716292904,-0.06170563347,0.004498594369,-0.3530518177,0.2074754609,-0.3380470898
-0.04361666953,-0.06041637096,0.3729967838,-0.4602423533,-0.3989061024,0.5823115418,-0.5384832086,-2.029854395,0.3598407256,-0.1803393686,2.363233975,-0.7825490542,0.06622558881,-1.729002053,-0.6359061751,0.1963947757,2.131709045,-0.4133090745,0.07309419302,0.1493230331,-0.07956248651,-0.06267830425,-1.059223025,0.4367373004,1.179172949,1.861866962,1.425471834,-0.5401918866,0.5877917763,-0.2148544833,-0.2562947228,-0.05429288816,0.00782696026,-0.3436179321,0.2167223777,-0.3352633026
-0.04347564319,-0.06088327123,0.3751268431,-0.4595325454,-0.4005712216,0.5826410969,-0.5374959427,-2.047875225,0.3555258601,-0.1751305728,2.364224615,-0.787286675,0.07023698079,-1.743054527,-0.6303845597,0.192992079,2.142345568,-0.4023034514,0.06906353987,0.1500915872,-0.08119532424,-0.0582172949,-1.064806239,0.441710475,1.177947659,1.863774891,1.418457041,-0.5421614002,0.5823117745,-0.205427502,-0.2410909712,-0.04706817276,0.0120065763,-0.3337525515,0.222231604,-0.3343261791
-0.04362147,-0.06106944193,0.3770672661,-0.4589062669,-0.4016513978,0.5833082847,-0.5365003615,-2.063657327,0.3513864116,-0.1692259375,2.364836475,-0.7916314281,0.07393851927,-1.760882286,-0.6249416051,0.182413236,2.154268433,-0.4058796531,0.06917990608,0.1512563398,-0.08302353937,-0.05263319508,-1.070781617,0.4467784805,1.177039796,1.865085759,1.411724596,-0.5433823153,0.5769079673,-0.1976800548,-0.2260146377,-0.04034323701,0.01568614872,-0.325237147,0.2252520625,-0.33448893
-0.04399674621,-0.06097926866,0.3787527545,-0.4585547499,-0.4023015924,0.5840404476,-0.5355163169,-2.07825573,0.3471175101,-0.1626831635,2.365540843,-0.7959296304,0.07777574086,-1.781683092,-0.6189172959,0.1686443812,2.168206306,-0.4203817004,0.07048387164,0.1522077344,-0.08477405473,-0.04709332287,-1.076816716,0.4518513877,1.176372093,1.866239646,1.404320448,-0.5440342702,0.5716383267,-0.1925622955,-0.2118773286,-0.03433548857,0.01979645776,-0.3161988542,0.2267137597,-0.335336414
-0.04450904956,-0.06068493183,0.3802076366,-0.4581261194,-0.4026872063,0.584699616,-0.5348736595,-2.091654701,0.3423627404,-0.1561128163,2.366343884,-0.7997861103,0.08123285955,-1.802240335,-0.612037446,0.1576254431,2.183468901,-0.4332790707,0.06970320133,0.1529847926,-0.0850090677,-0.0413289444,-1.082489745,0.4563110086,1.176206047,1.866477463,1.397147103,-0.5435317454,0.5665065908,-0.1895185915,-0.199279213,-0.0290033349,0.02367708313,-0.3080013301,0.227409187,-0.3360728107
-0.04511531139,-0.06025626227,0.3813671986,-0.4579412116,-0.4033086258,0.5849352934,-0.5343058128,-2.105756176,0.3372059146,-0.1498256377,2.366809998,-0.8033673877,0.0851780117,-1.821008905,-0.6041090013,0.1507450088,2.200935783,-0.4483829226,0.06829479228,0.1533880035,-0.08372647731,-0.03741124794,-1.087277973,0.4603224356,1.176104,1.866384946,1.389530159,-0.5424138557,0.5617118641,-0.1885858142,-0.1885957172,-0.02475193306,0.02798191492,-0.299051155,0.2273220165,-0.3363838478
-0.04585083364,-0.05968423684,0.3823052479,-0.4578810155,-0.4038579608,0.5850105959,-0.5338598373,-2.119263639,0.3321623973,-0.1436017223,2.366991678,-0.8065709997,0.08880887381,-1.838651923,-0.5959474722,0.1445758352,2.218070151,-0.4665667426,0.06816037054,0.1537090954,-0.08134108062,-0.0341156687,-1.091916603,0.4640465186,1.176432907,1.865957774,1.382171696,-0.5395885114,0.5571928336,-0.189566664,-0.1797599672,-0.02167453527,0.03177624971,-0.2909529761,0.2265317877,-0.3365575082
-0.04677157251,-0.05894104764,0.3829066215,-0.4581346215,-0.4042975388,0.5849386257,-0.533388201,-2.133157275,0.3270168238,-0.1372071001,2.366777041,-0.8097024698,0.09266776377,-1.856421408,-0.5876042832,0.1365217391,2.235469156,-0.4938117043,0.07038380301,0.1540691015,-0.07905337247,-0.03236652003,-1.096724105,0.4679757192,1.177096425,1.86649763,1.374369468,-0.5350859545,0.5527441319,-0.1931377384,-0.1728129759,-0.02024823077,0.03608963097,-0.2828269009,0.2246586205,-0.3372682431
-0.04792227541,-0.05800587045,0.3832439015,-0.4585258894,-0.4040278775,0.5850612921,-0.5331217191,-2.145627701,0.3220730653,-0.1303430894,2.366326071,-0.8125131296,0.09612143748,-1.875011028,-0.5795658113,0.1254257989,2.25053085,-0.5264660528,0.07442607471,0.154231621,-0.07742779844,-0.03036500728,-1.102249638,0.4722193827,1.177962325,1.867352829,1.367069921,-0.5276431118,0.5482619896,-0.1971421771,-0.1673423063,-0.01919192017,0.03828950497,-0.2754263524,0.2233331391,-0.3387940494
-0.04916276597,-0.05690447387,0.3831621544,-0.4589579387,-0.403534951,0.5851776611,-0.5329955523,-2.158949399,0.3167656155,-0.1236734509,2.365398999,-0.8145546184,0.09998545818,-1.892915199,-0.5708747964,0.1161305804,2.26675618,-0.5606012013,0.0779469766,0.1543408061,-0.07574510645,-0.03008234332,-1.107488231,0.476812336,1.178890898,1.869810569,1.35897375,-0.518471578,0.5434633644,-0.200551752,-0.1634973389,-0.01833793889,0.03902284166,-0.2673780407,0.2225145263,-0.3404771486
-0.05048592035,-0.0556496717,0.3827461374,-0.4591205275,-0.4026206243,0.5855071726,-0.5331850758,-2.172165913,0.3113634523,-0.1173520561,2.364223819,-0.8161386695,0.1035325026,-1.909098964,-0.5619652863,0.108787523,2.282845437,-0.5925612668,0.08077818104,0.1543626966,-0.07373563506,-0.03026959999,-1.112517719,0.4814960792,1.179745149,1.872408133,1.351495272,-0.5061944625,0.5383415754,-0.2028091145,-0.1610481156,-0.01707461605,0.03794287043,-0.2598877088,0.2227354397,-0.341701426
-0.05171785589,-0.05438662356,0.3820814819,-0.459256825,-0.4015115715,0.5857924432,-0.5335905173,-2.186616784,0.3053000932,-0.1108334761,2.363291149,-0.8171832267,0.1074429663,-1.921734068,-0.5536735802,0.1044996755,2.291291981,-0.6183278086,0.08298284072,0.1540349569,-0.07162923514,-0.03202096683,-1.117632881,0.486102862,1.180496596,1.876096496,1.343941208,-0.4905730555,0.5331155582,-0.2042885013,-0.1598479488,-0.01583243585,0.03713262203,-0.2520539577,0.2229348493,-0.3424597422
-0.05288870235,-0.05311693614,0.3812153589,-0.4592615363,-0.4001557034,0.5862146005,-0.534141083,-2.201856169,0.2991647747,-0.1043890407,2.362546213,-0.8179458018,0.1110053535,-1.929831998,-0.5459390216,0.1035497826,2.297238975,-0.6398125925,0.08461718638,0.1536716305,-0.06961654064,-0.03477161112,-1.123033733,0.4904703253,1.1808653,1.879782443,1.337479696,-0.4703184045,0.5276232155,-0.2051659909,-0.1596439616,-0.01447071872,0.03672531986,-0.2447732766,0.2237304569,-0.3423397787
-0.0537252603,-0.05214825893,0.3803130086,-0.4592399761,-0.399000151,0.5865708072,-0.5346327824,-2.219562099,0.2927524233,-0.09785057701,2.361063227,-0.8174410332,0.114759111,-1.933415243,-0.5384112287,0.1059082119,2.300308446,-0.6569738973,0.08648719537,0.1534466878,-0.06744164727,-0.0394204776,-1.12785163,0.4944944182,1.181029581,1.885303793,1.329742551,-0.4496506534,0.5216342016,-0.2054537778,-0.1604587597,-0.01338573604,0.0384282803,-0.2370902242,0.223666856,-0.3417804369
-0.05427297477,-0.05146075231,0.3794239863,-0.4592119739,-0.3977114446,0.5871285727,-0.5350046813,-2.238570316,0.2866183399,-0.09107578625,2.359120845,-0.8166206214,0.1181033954,-1.932751335,-0.5314623342,0.1100325361,2.302301185,-0.6727966096,0.08873243113,0.1533001612,-0.06583867811,-0.04484398189,-1.132133756,0.4983416504,1.180638309,1.891183211,1.322159963,-0.428130798,0.5145745394,-0.2056307285,-0.1619190811,-0.01250243317,0.0417721921,-0.2298493351,0.2240215001,-0.3404495215
-0.05442430453,-0.05111764729,0.378584559,-0.4590023044,-0.3966129377,0.5878427142,-0.5352158495,-2.260383884,0.2810065435,-0.08329522307,2.354330529,-0.8155250847,0.1211364947,-1.928601617,-0.5243861718,0.1150683518,2.303219535,-0.6878703598,0.09184029687,0.1535111667,-0.06435816747,-0.0511425072,-1.13497921,0.5015820749,1.180030572,1.897928966,1.313218141,-0.4073082403,0.5070626243,-0.2064359263,-0.1642743369,-0.01184634291,0.04683044465,-0.2222835221,0.2261156614,-0.3385707907
-0.05420843718,-0.05110479686,0.3778109612,-0.4586260681,-0.3952710701,0.5889385777,-0.535326314,-2.283345864,0.2759692983,-0.07482514996,2.348241238,-0.8144741039,0.1237672375,-1.921508847,-0.5176685845,0.1209999388,2.303184204,-0.7029803585,0.09516264245,0.1539054106,-0.06364772925,-0.05717200299,-1.136747651,0.5044009603,1.178854362,1.904379108,1.304829701,-0.3867904147,0.4988266405,-0.2078364706,-0.1671078755,-0.01154237688,0.05329413935,-0.2149612489,0.2290924919,-0.3359657628
-0.0536196563,-0.05139677576,0.3770774826,-0.4581121097,-0.3939710746,0.5902219642,-0.5353112368,-2.307013815,0.2712438707,-0.0664127397,2.340888215,-0.8120305584,0.12674675,-1.913071596,-0.5106451155,0.1279406751,2.302457488,-0.7175587529,0.09901619946,0.1546933343,-0.06351056207,-0.06370088777,-1.137502665,0.5070758749,1.177441944,1.911483991,1.29657426,-0.3670579605,0.4897282112,-0.209839031,-0.1708395999,-0.01189640211,0.06293077981,-0.207074071,0.2314823924,-0.3329313709
-0.05272439948,-0.05198753226,0.3764536301,-0.4578715981,-0.3924012677,0.5914488144,-0.5353159299,-2.328971946,0.266462833,-0.0591447314,2.336705801,-0.809384346,0.1301151085,-1.904326502,-0.5042205307,0.1364771975,2.300907093,-0.7316166089,0.1026522188,0.1550968896,-0.06464382072,-0.07046710348,-1.137998722,0.5096999508,1.175565464,1.918342651,1.289369108,-0.3475874991,0.4781746689,-0.2122572031,-0.1749756517,-0.01301936188,0.07415843197,-0.1994172198,0.2353557307,-0.3292460281
-0.05159252957,-0.05277048964,0.3759381291,-0.4579188985,-0.3908893929,0.5924182754,-0.5353095851,-2.349244359,0.2618551772,-0.05216579545,2.333347051,-0.8056604804,0.133725727,-1.896559872,-0.4978370406,0.1463836714,2.298904586,-0.7444401733,0.1063288011,0.155638947,-0.06653637528,-0.0780682228,-1.137943996,0.5125588003,1.173376125,1.923356164,1.281217107,-0.3288805915,0.4572983868,-0.214808152,-0.1802620117,-0.01498800879,0.08766800642,-0.1908544851,0.2381907449,-0.3253129025
-0.05020866878,-0.05371700373,0.3755412644,-0.457983132,-0.389380406,0.5932571463,-0.5354253529,-2.367881032,0.2575085722,-0.04529812471,2.330542071,-0.8026559043,0.1366966567,-1.889113773,-0.4918222013,0.1571702846,2.296270425,-0.7557308818,0.109464294,0.1557722157,-0.0688722658,-0.08544599805,-1.137669376,0.515349176,1.170038653,1.928206016,1.275397742,-0.3110314857,0.4369416543,-0.217980833,-0.1862343512,-0.01743677459,0.1020526011,-0.1823893878,0.2422732274,-0.3207269229
-0.04851293669,-0.05476586948,0.3752483175,-0.4579540483,-0.3881354567,0.5940544587,-0.5354701271,-2.38531419,0.2529927146,-0.03780270288,2.326384051,-0.7992607838,0.1393171248,-1.8827255,-0.4857778591,0.1683707333,2.292990655,-0.7648405263,0.112463389,0.1559986897,-0.07110298586,-0.09280384694,-1.136314581,0.5178364803,1.165587339,1.933720251,1.270758671,-0.2954636606,0.4176667711,-0.2216396302,-0.1936849581,-0.0200562941,0.1179911419,-0.1732506401,0.2452548116,-0.3157213425
-0.04649699625,-0.05590160928,0.3750436284,-0.4575319697,-0.3870480335,0.5950509263,-0.5355116353,-2.401508665,0.2485101536,-0.02990198786,2.321039428,-0.796519164,0.1413099334,-1.876616865,-0.4798824561,0.1795345729,2.289080514,-0.7714613724,0.1148540669,0.1566457145,-0.07299370571,-0.09927771739,-1.133778822,0.5196419346,1.16053797,1.939888514,1.267761442,-0.2825359292,0.3998180803,-0.2258668801,-0.2019917586,-0.02313170521,0.1341357027,-0.1642293983,0.2493240764,-0.3098465712
-0.04412522342,-0.05704863325,0.3749449591,-0.45686706,-0.386259761,0.5961806065,-0.5353919788,-2.416502228,0.2434029882,-0.02121484392,2.31364217,-0.7932801848,0.1429927211,-1.871819475,-0.4741433848,0.1905654665,2.28465907,-0.7753533009,0.1171228506,0.1579071419,-0.07448761018,-0.1052434882,-1.12960944,0.520516843,1.155207586,1.946895875,1.265422123,-0.2731899189,0.3832700839,-0.2306486106,-0.2118595271,-0.02645011738,0.1512335501,-0.15473458,0.2529143042,-0.3033150985
-0.04142417067,-0.05819197026,0.3749438086,-0.4558589404,-0.385656106,0.597570262,-0.5351371566,-2.429877533,0.2379555353,-0.01252578285,2.306216993,-0.7912447053,0.1444113908,-1.867918886,-0.4687095967,0.2012520265,2.279798222,-0.7764802335,0.1188199043,0.159842025,-0.07573950793,-0.110225667,-1.124124472,0.5202786007,1.150106932,1.954644075,1.264210364,-0.2668821811,0.3679698158,-0.2360529069,-0.2224013156,-0.03045029158,0.1683396994,-0.1453046904,0.2567050216,-0.2957827559
-0.03835292485,-0.05930296313,0.3750399068,-0.4548393569,-0.3854075964,0.5989569375,-0.5346332678,-2.441909075,0.2324405249,-0.003433910494,2.299336121,-0.7908353592,0.1460913573,-1.865647256,-0.4636918404,0.211776774,2.274154269,-0.7752238308,0.1201710926,0.1616814155,-0.07659368649,-0.1150571301,-1.117457662,0.5189982658,1.145451687,1.962450068,1.263093615,-0.2636805445,0.3540272036,-0.2417849919,-0.2337410519,-0.03448529232,0.1868490521,-0.135767997,0.2588505687,-0.2877569935
-0.03492875185,-0.06035776613,0.3752191483,-0.4536052617,-0.3854290086,0.6005054449,-0.5339287934,-2.452539318,0.2270944773,0.005677712191,2.293023058,-0.7915911203,0.1475589338,-1.86436146,-0.4591096789,0.2218355181,2.267852451,-0.7717589339,0.1209707714,0.1637042274,-0.07699316855,-0.1191077759,-1.110102678,0.5166102958,1.141495588,1.970301726,1.26245726,-0.2625071985,0.3414698456,-0.2481825698,-0.2451403684,-0.03925317134,0.2053670827,-0.1264717502,0.260381667,-0.2788355195
-0.03115935899,-0.06129135698,0.3754655576,-0.4523783634,-0.3858544258,0.6020294761,-0.5329452957,-2.46261816,0.2222839647,0.01562344624,2.285097889,-0.7919857681,0.14937126,-1.864499727,-0.4551427869,0.231393747,2.260935796,-0.7667592734,0.1216318196,0.1660471426,-0.07695959212,-0.1230582093,-1.101849658,0.5130900325,1.137711831,1.977601059,1.261372496,-0.2625292772,0.3307737918,-0.2548873802,-0.2572249951,-0.04415388567,0.2249070784,-0.1174440879,0.2601452178,-0.2696148114
-0.0270594444,-0.06207935955,0.3757593087,-0.4509167077,-0.3865654516,0.6037309704,-0.5317425973,-2.471869353,0.2180403405,0.02570619804,2.276766022,-0.7930578268,0.1509628483,-1.865407949,-0.4516999032,0.2401830604,2.253450798,-0.7603783699,0.1219438624,0.1688960552,-0.07641524593,-0.1261843902,-1.093075688,0.5087432923,1.134616343,1.984387461,1.260299117,-0.2635214537,0.321853154,-0.2622909407,-0.2692329715,-0.04995030997,0.2440827672,-0.1088344204,0.259313452,-0.2597314435
-0.02264183172,-0.06274483733,0.3760622932,-0.4495461518,-0.3875270587,0.6054481082,-0.530248644,-2.480125042,0.2145620435,0.0362118548,2.267702847,-0.7949937927,0.1513912825,-1.867171722,-0.44894599,0.2485808375,2.245125276,-0.7535072489,0.1220388811,0.1720366734,-0.07583780233,-0.1296142824,-1.083239077,0.5026782584,1.132424065,1.990976431,1.25848516,-0.2652239116,0.3141625824,-0.2697292543,-0.2811869241,-0.0563990644,0.2642794041,-0.1005632141,0.2566767998,-0.2494199953
-0.01792116916,-0.06325434304,0.3763535758,-0.4480451821,-0.3886591481,0.607319306,-0.5285478615,-2.487230093,0.2117272579,0.04666021917,2.258960778,-0.7980281036,0.1512890351,-1.869321993,-0.4467596169,0.2564069827,2.236063946,-0.7462774735,0.1218391331,0.1755818862,-0.07506141319,-0.1327525671,-1.072991762,0.495427809,1.131420752,1.997152613,1.256501548,-0.2679474667,0.3081764271,-0.2777196659,-0.2926808219,-0.06387166334,0.284333871,-0.09277851742,0.2535064786,-0.2385436072
-0.01298247319,-0.0636410441,0.3766353428,-0.44668253,-0.3900728516,0.6090333982,-0.5266841632,-2.492960481,0.2095458338,0.05803817144,2.250123144,-0.8005037653,0.1505955908,-1.871544461,-0.4449599713,0.2634416475,2.226003035,-0.739549676,0.1214865716,0.1791346034,-0.07462005814,-0.1366366954,-1.06232265,0.4873925712,1.132402704,2.002571592,1.253816335,-0.2719361446,0.3038885998,-0.2857008814,-0.3036842141,-0.07170233949,0.3053528983,-0.08569286875,0.2491961633,-0.2276110975
-0.007847059141,-0.0638501378,0.3768814992,-0.4452834284,-0.391741188,0.6106403165,-0.5247665327,-2.497444724,0.2075285742,0.06958406346,2.241919567,-0.8036502262,0.1497323387,-1.873681887,-0.4434625613,0.2696577364,2.215224504,-0.7333751326,0.1209634695,0.1827090083,-0.07434764657,-0.1408034773,-1.05263802,0.4795737662,1.135372696,2.007078246,1.251186348,-0.2766399004,0.3004273828,-0.2941727779,-0.3139580579,-0.08038847341,0.3264154419,-0.07914154765,0.24486471,-0.2165449146
-0.002679035286,-0.06394631281,0.377057163,-0.4441209313,-0.3936255382,0.6118973862,-0.5228739072,-2.500886184,0.2062427026,0.08062031514,2.23463534,-0.8051941069,0.1484743475,-1.875878604,-0.4423318827,0.2751767736,2.203935324,-0.7279056052,0.1203765631,0.1850639102,-0.07505642757,-0.1460353064,-1.044045083,0.4726085374,1.139944618,2.010375391,1.248170595,-0.2819411815,0.2976150561,-0.3025383452,-0.3230052185,-0.08951161993,0.3482890081,-0.07299597973,0.2398121704,-0.2051823456
0.002532246467,-0.06389001562,0.3771612869,-0.4429731646,-0.3956829784,0.6128950754,-0.5211231933,-2.503461177,0.2050320076,0.09109860389,2.228531243,-0.8065839445,0.1471273458,-1.877789282,-0.4414847382,0.2800591425,2.192457769,-0.7231734794,0.1197221021,0.1868506704,-0.07636565412,-0.1517160285,-1.037205173,0.4670768412,1.144833051,2.013496881,1.245636672,-0.2876831028,0.2948086466,-0.3111261415,-0.3311828397,-0.09937216209,0.3702945014,-0.06715742862,0.2350226631,-0.1936217639
0.007603103225,-0.06380957676,0.3771988084,-0.4420022492,-0.3978150002,0.6136247125,-0.5194631359,-2.5056192,0.2044641901,0.1010070852,2.223955646,-0.8079219555,0.1449810644,-1.87958619,-0.4407371749,0.2840837948,2.180893987,-0.7190453652,0.119090447,0.1870036346,-0.07898912972,-0.1583836024,-1.031191953,0.4632810897,1.149449559,2.016426091,1.243501323,-0.2937292729,0.29210529,-0.319194076,-0.3381139923,-0.1092774411,0.3930248521,-0.0615103531,0.2296606577,-0.181341172
0.01257054765,-0.06368574379,0.3771926873,-0.44096667,-0.3999522394,0.6141762809,-0.518048355,-2.507427946,0.2039782562,0.110660559,2.22065633,-0.8096155032,0.142894799,-1.880743159,-0.4401651522,0.2875655107,2.169630287,-0.7155223591,0.1184061077,0.1868876618,-0.08234017572,-0.1653820791,-1.026280568,0.4610580733,1.153030561,2.020819969,1.241865505,-0.3005868066,0.2894268174,-0.3268491202,-0.344645695,-0.1194547058,0.4160240804,-0.05598448254,0.2246405785,-0.1687241003
0.01727971757,-0.06358759165,0.3770968901,-0.4399496425,-0.4019880513,0.6145514836,-0.516891084,-2.509389938,0.2042282446,0.1201179303,2.218805331,-0.8113129084,0.1405218356,-1.881950187,-0.4395680541,0.2909100272,2.159516644,-0.7119502426,0.1172390294,0.1857447453,-0.08673626697,-0.1731820887,-1.021416779,0.4602395862,1.155873388,2.026412372,1.240219914,-0.3082138216,0.286957101,-0.3337437862,-0.3504218946,-0.1291137957,0.4401060248,-0.05059095768,0.2192499277,-0.1556903783
0.02177416184,-0.06350351529,0.376935123,-0.4387430325,-0.4039392443,0.6148028506,-0.5160960117,-2.511353368,0.20488825,0.129531127,2.218115692,-0.8129036575,0.1384984589,-1.882615174,-0.4390626389,0.2941176061,2.150651777,-0.7082589936,0.1159048643,0.1845412979,-0.09161503982,-0.181142265,-1.016816067,0.4596607126,1.158123257,2.032495061,1.238833004,-0.3163089151,0.2844615989,-0.3402498643,-0.3560167289,-0.1383640846,0.4647669533,-0.04530363111,0.214402644,-0.1426706581
0.02583293333,-0.06353489382,0.3768777605,-0.4374026862,-0.4059221565,0.6149476414,-0.5155050837,-2.513026169,0.2065692731,0.1382236272,2.218039251,-0.8141636068,0.1361899982,-1.884017364,-0.4381264,0.2964568265,2.143350975,-0.702747504,0.1140081233,0.1814996616,-0.09736814086,-0.189657401,-1.011599101,0.459900124,1.160608582,2.037472772,1.237274956,-0.3236270304,0.2819793545,-0.3463904424,-0.361008951,-0.146363339,0.4910838504,-0.04016236307,0.2089715511,-0.1290021588
0.02949554581,-0.06367727594,0.3769533713,-0.4357583652,-0.4079645762,0.614999779,-0.5152230813,-2.51426639,0.2087627673,0.1461403542,2.218312454,-0.8148596376,0.134147618,-1.885335872,-0.4370030913,0.2977247638,2.137502101,-0.6953089417,0.1119316959,0.1772521444,-0.1035733482,-0.1981953141,-1.006279812,0.4605147431,1.163027097,2.041204916,1.235682347,-0.3297338012,0.2794643157,-0.3511614561,-0.3654494957,-0.1537094593,0.5163647753,-0.03531071029,0.2045905646,-0.1158656421
0.03257852112,-0.06394135845,0.3773273088,-0.433891519,-0.4102103363,0.6149823084,-0.5150362998,-2.514773753,0.2115383329,0.1522670454,2.218028373,-0.8150053752,0.1316672859,-1.888456743,-0.4354089441,0.2971902406,2.133635448,-0.6840160531,0.1091476981,0.1707879184,-0.1105550556,-0.2070636169,-1.000385627,0.4627254984,1.165669954,2.043076794,1.233995231,-0.3344810265,0.2766221229,-0.3542680829,-0.3680057438,-0.1606267571,0.5405331333,-0.03113013197,0.2012084542,-0.1029990618
0.03513110089,-0.06432925443,0.3780205374,-0.431618894,-0.4126158585,0.6149723184,-0.5150362428,-2.514338718,0.2145899717,0.1565998942,2.21716691,-0.8144791602,0.129471137,-1.892172123,-0.4335612934,0.294541244,2.131270305,-0.6688017445,0.106163136,0.1628538604,-0.1180288703,-0.2156214849,-0.9944781783,0.4660662973,1.168034568,2.04337229,1.232453214,-0.3379155514,0.2736799423,-0.3551155077,-0.3693862169,-0.1672886758,0.5628765288,-0.02775664473,0.1994390141,-0.09203544251
0.03705521954,-0.06471703998,0.3790170207,-0.4290869089,-0.415219906,0.6150377001,-0.5149810499,-2.513128161,0.2180198243,0.1582730302,2.215173663,-0.8136899598,0.1266170412,-1.8983392,-0.4308978902,0.2897731064,2.131235207,-0.6488336048,0.1021041648,0.1535759856,-0.1260476053,-0.2243698891,-0.9880694007,0.4710316521,1.170760817,2.041748177,1.230697745,-0.3402940454,0.2699849013,-0.3546999686,-0.3697232319,-0.1739147005,0.5852254274,-0.02570375252,0.1987275872,-0.08249494447
0.03840845092,-0.06511446823,0.3803303648,-0.4261431474,-0.41792352,0.6152319276,-0.5150064316,-2.510932396,0.2216426693,0.1577872,2.212316125,-0.8128316783,0.1240481198,-1.905483491,-0.4278303859,0.2826831096,2.132719759,-0.6243529131,0.09781098377,0.1434256948,-0.1343406285,-0.2326666941,-0.9816064141,0.4769049074,1.173343931,2.038521794,1.229003168,-0.341840686,0.2661499596,-0.3523734164,-0.3696065128,-0.1803650536,0.6061907131,-0.02428147283,0.1988630785,-0.07453719995
0.03924149258,-0.06537915307,0.3818759749,-0.4231052916,-0.4206070155,0.6156530183,-0.5148232822,-2.508417619,0.2250995922,0.1547686436,2.208635114,-0.8122326555,0.1207872468,-1.915400989,-0.4235864889,0.2741109925,2.137827329,-0.5970260021,0.09248390456,0.1328426756,-0.1426309708,-0.2409382792,-0.9746439635,0.4836514517,1.176521471,2.033723032,1.226937359,-0.3427661542,0.261815707,-0.3494670098,-0.3694130489,-0.1866670996,0.6274036888,-0.02361062841,0.198505361,-0.06628362568
0.03961782905,-0.0655278309,0.3836811568,-0.4198602427,-0.4232085203,0.6163053292,-0.5145674554,-2.505397249,0.2282421969,0.1498229032,2.204343411,-0.8120539398,0.1178229447,-1.926684367,-0.4186909893,0.2635272604,2.1456469,-0.5686025266,0.08751264246,0.1220487505,-0.1505955967,-0.2486383941,-0.9674865688,0.4905546816,1.179732276,2.027285438,1.224854408,-0.3433010889,0.257571264,-0.3455076751,-0.3694534082,-0.1926642159,0.6472908196,-0.02321839096,0.1983154225,-0.05883409685
0.039653139,-0.06548988376,0.3856835416,-0.4167006531,-0.4257688454,0.6172714225,-0.5138652031,-2.50294545,0.231049174,0.1425579483,2.19975927,-0.8122675313,0.1139248491,-1.94114543,-0.4127952748,0.2514518994,2.156199316,-0.5443463714,0.08296390306,0.1114288716,-0.1579672477,-0.2562099583,-0.9598471673,0.4979382654,1.18365612,2.019383893,1.222368619,-0.3435262612,0.252968773,-0.3418039355,-0.3699483475,-0.1987352895,0.6679777988,-0.02359950794,0.1975040773,-0.05079917297
0.03936639245,-0.06523839753,0.387922173,-0.4135142864,-0.4278385313,0.6186597212,-0.5130499736,-2.500006433,0.2335372948,0.1338106794,2.194873487,-0.8126500016,0.1100667285,-1.958701983,-0.4065505036,0.2358914827,2.166986276,-0.5266539341,0.0805173527,0.1008159903,-0.1649374688,-0.2621832173,-0.952385121,0.5053599337,1.187588865,2.010029553,1.219853105,-0.3436103636,0.2485745521,-0.3379885937,-0.3709812614,-0.2047169719,0.6876070613,-0.02416148589,0.1968865342,-0.04347990365
0.03881931257,-0.06473413675,0.3902297649,-0.4105473503,-0.4291446665,0.6204856382,-0.5121360182,-2.497404651,0.2357862783,0.1237315064,2.190517403,-0.8125173391,0.104742428,-1.981008538,-0.3998694254,0.217044811,2.175976453,-0.5193417921,0.07999803175,0.08994980567,-0.1718427633,-0.2666349897,-0.9451497205,0.5134309415,1.192004453,1.999686456,1.216724006,-0.3431923657,0.2437756791,-0.3350399824,-0.3725064675,-0.2110142552,0.7081977514,-0.02551988967,0.1957496997,-0.03562789691
0.03805452307,-0.06397670689,0.3926086862,-0.4075881817,-0.4294415504,0.622712009,-0.5115482213,-2.494199971,0.2374858624,0.113094474,2.186587396,-0.8112745589,0.09907582736,-2.006678391,-0.3930618588,0.1964458745,2.183274457,-0.5164608427,0.08016100694,0.0787722563,-0.1782800615,-0.268497918,-0.9384334587,0.5213265311,1.196316752,1.988220818,1.213571508,-0.3423461955,0.239133557,-0.3322907186,-0.3747810509,-0.2173287395,0.7277612183,-0.02696632098,0.1948865395,-0.02850605792
0.0371782146,-0.06305024149,0.3948552288,-0.4047593755,-0.4292244487,0.6250969387,-0.5110675473,-2.491868389,0.2385268893,0.101367307,2.183657174,-0.8086449828,0.09154701728,-2.034161089,-0.3856075245,0.1785309257,2.189887429,-0.5146206324,0.07856583305,0.06758212355,-0.1835481991,-0.2695632857,-0.9313979241,0.5290134781,1.201251315,1.975843626,1.209735076,-0.3408231762,0.2340241889,-0.3299676729,-0.3777478622,-0.2238682082,0.7482466357,-0.02924251528,0.1934971079,-0.02084018296
0.03624244193,-0.06198155685,0.3969895179,-0.4018117905,-0.4287078972,0.6275274632,-0.5108484187,-2.490117694,0.2388043543,0.08882760541,2.181361445,-0.8041919894,0.08386439519,-2.061584725,-0.3778172125,0.1642333765,2.197274247,-0.5116066144,0.07598440982,0.05674638077,-0.1867738587,-0.2695188206,-0.9241611845,0.535690252,1.206175778,1.962436436,1.205927817,-0.3387978668,0.2290935202,-0.3273939969,-0.3816256438,-0.2303361016,0.7677316857,-0.03152068523,0.1923876556,-0.01387823401
0.03525214636,-0.06082649298,0.3989206683,-0.3990025087,-0.4280876062,0.6298781887,-0.5106774587,-2.489303638,0.2391157165,0.07446027894,2.180473871,-0.7998969679,0.0753217319,-2.088984064,-0.3702369148,0.152386948,2.203163291,-0.5110399024,0.0734801977,0.04617278629,-0.1882525719,-0.2694825236,-0.9164781351,0.5418013751,1.211381089,1.948347062,1.201246645,-0.3361929911,0.2238144234,-0.3248521323,-0.3859096523,-0.2369118221,0.7877166684,-0.03452361173,0.1908423681,-0.006593759465
0.03418569734,-0.05954247553,0.4006739029,-0.3962267661,-0.4269162207,0.6322267828,-0.5109170045,-2.48808661,0.2395699526,0.05915223371,2.180450766,-0.7956335119,0.06749623967,-2.116769026,-0.3634941116,0.1414310394,2.206112775,-0.5150751483,0.07235035134,0.03562719588,-0.1883518567,-0.2680145478,-0.9091141362,0.5472723971,1.216323563,1.933838092,1.196657364,-0.3327163574,0.2187741765,-0.3219537542,-0.3905961504,-0.2433121451,0.8064627873,-0.03741944884,0.1896016884,-5.922337901e-05
0.03295692888,-0.05816927932,0.4021642924,-0.3935952233,-0.4252221321,0.6345188961,-0.5115219536,-2.486906057,0.2401265304,0.04194304949,2.180643527,-0.79133413,0.05937677461,-2.144838119,-0.3575013869,0.1312792193,2.205524769,-0.5233100058,0.07163007683,0.02510543257,-0.1877859507,-0.2659671833,-0.9017071327,0.5524531441,1.221059982,1.918868661,1.191262783,-0.3285208071,0.2131578631,-0.31885027,-0.3950862027,-0.249657495,0.8252863673,-0.04093790409,0.1879877081,0.006706560372
0.0315538409,-0.05669618537,0.4033716192,-0.3909863088,-0.4226793921,0.6368346064,-0.5127509356,-2.484497891,0.2406894234,0.02313856377,2.18058533,-0.7866722714,0.0523921695,-2.172991931,-0.3524149324,0.1219862509,2.201998808,-0.5338294011,0.07148807658,0.01447434572,-0.1868437342,-0.2624049366,-0.8948784983,0.5577355264,1.225337017,1.90399992,1.186297897,-0.3228715964,0.2071997195,-0.3151081238,-0.3993901087,-0.2555792609,0.8428095368,-0.04425242829,0.1866712236,0.01278035198
0.03003109752,-0.05519306211,0.4043570183,-0.3887365362,-0.419373842,0.639196478,-0.5142347214,-2.480186014,0.2405606757,0.003168414365,2.180359178,-0.78263186,0.0449134719,-2.200349157,-0.348183935,0.1120891577,2.191534477,-0.5493363919,0.07191730237,0.003446165279,-0.1864513224,-0.2581708295,-0.8881844037,0.5645730415,1.228919398,1.889821376,1.181050204,-0.3169949646,0.1995760855,-0.3109463661,-0.4030010795,-0.2611696207,0.8601357586,-0.04802747018,0.1850107698,0.01904756549
0.02841853138,-0.05367844871,0.4050770715,-0.3867559576,-0.415529382,0.6415661389,-0.515895388,-2.474259509,0.239842718,-0.0174700839,2.179999422,-0.7796212947,0.03817035926,-2.225747499,-0.3443579634,0.1039185034,2.179898551,-0.5649638385,0.07182329091,-0.007574390674,-0.1861998588,-0.2536167109,-0.8817646954,0.5725387613,1.231721251,1.876531237,1.176664833,-0.3100658361,0.1905849026,-0.3058472479,-0.4061262197,-0.2661389853,0.8761730856,-0.05151085585,0.1836289142,0.02470590161
0.02661400822,-0.05218336616,0.4054818038,-0.3849787452,-0.4118785238,0.6437549279,-0.5174234631,-2.468881231,0.2387540393,-0.03876165364,2.178056128,-0.7775596251,0.03061507266,-2.247321892,-0.3398768656,0.09713734259,2.17057238,-0.5784763477,0.07046230186,-0.01778730484,-0.1859618087,-0.2505699945,-0.8749337789,0.5809251312,1.23392378,1.863202627,1.171382682,-0.3029855421,0.179133371,-0.3004040318,-0.4087597284,-0.2713764256,0.8913138463,-0.05503451735,0.1818125046,0.03087161329
0.02463230896,-0.05067415787,0.4055731071,-0.3833672464,-0.4082104698,0.6457985152,-0.5189778844,-2.463759467,0.2377411119,-0.05939538354,2.175535543,-0.7769862372,0.02343208645,-2.265675458,-0.3353618008,0.09117072456,2.162489491,-0.5914890259,0.06927491757,-0.02747609594,-0.1857995986,-0.2483270186,-0.8680015968,0.5891558422,1.235480434,1.850198459,1.166571657,-0.2958175007,0.1665718287,-0.294612774,-0.4109622875,-0.2759427111,0.9051984956,-0.05836516818,0.1802483514,0.03646365912
0.02236783654,-0.04909644423,0.4053978563,-0.3817434026,-0.4046851367,0.6477465555,-0.5205058257,-2.45972874,0.2371259096,-0.07848997377,2.171783716,-0.7747182412,0.01576771413,-2.280728836,-0.330538605,0.08458127008,2.155376032,-0.5983013075,0.06747337118,-0.03633505457,-0.1859238817,-0.2466166394,-0.8610306335,0.5971851339,1.236753281,1.837847403,1.161459325,-0.2891202794,0.1536669525,-0.2890033193,-0.4126098361,-0.2797105916,0.9188549963,-0.06228797828,0.178635192,0.04210273124
0.01984284334,-0.04743696348,0.4049653977,-0.3801731182,-0.401225028,0.6495207661,-0.5221203419,-2.456574434,0.2369201387,-0.09571627741,2.168098452,-0.7726872543,0.008678315442,-2.292702731,-0.3258597164,0.07797985663,2.149671171,-0.6029525957,0.06574311754,-0.04461659284,-0.186234801,-0.2452797826,-0.8541294386,0.6044750239,1.237806037,1.82597331,1.156644988,-0.283009407,0.1412665263,-0.2834013256,-0.4136900455,-0.2827748602,0.9314150716,-0.06595605849,0.1773489365,0.04717470447
0.01718107126,-0.04575832906,0.4044135527,-0.3785384837,-0.3978868732,0.6513113553,-0.5236298034,-2.453990499,0.2373474076,-0.1108828018,2.165608845,-0.7696493908,0.001100014867,-2.300140046,-0.3216473564,0.07171329254,2.142513483,-0.6014393457,0.06334579709,-0.05246502769,-0.1865744176,-0.2443932182,-0.846432644,0.6105480276,1.238240287,1.813753372,1.150630716,-0.277994328,0.1295903174,-0.2780887813,-0.4143109702,-0.2856528117,0.9434542287,-0.06990744802,0.1761376037,0.05243670177
0.01439515092,-0.04405563053,0.4037594833,-0.3770866195,-0.394857845,0.6529969882,-0.5248694096,-2.452341514,0.238273131,-0.124377731,2.164006989,-0.7664343144,-0.00589667717,-2.303282008,-0.3178921446,0.06627815062,2.137773778,-0.5997918374,0.06119074262,-0.05985393497,-0.1869090343,-0.24466002,-0.8381367348,0.6154370966,1.238666088,1.801393117,1.144654499,-0.2739455352,0.1193269517,-0.2727551985,-0.4145260167,-0.2882115086,0.9543328526,-0.07350328611,0.1751942189,0.05720558618
0.01153476126,-0.04235678603,0.4032170216,-0.3756354519,-0.3923723875,0.654603791,-0.5257716174,-2.450684433,0.2399787805,-0.1362789927,2.162152624,-0.7636594767,-0.01242909946,-2.30195551,-0.3140706919,0.06066938752,2.135042317,-0.6003375669,0.05998815622,-0.06681666192,-0.1869034023,-0.2461381062,-0.8290761695,0.6190587743,1.238976128,1.788726953,1.137532006,-0.2708897749,0.1107882722,-0.2677806051,-0.4142208658,-0.2908187558,0.9643604288,-0.07727334318,0.1743720407,0.06214932732
0.008591518798,-0.04063797451,0.4027661252,-0.3744114552,-0.3902467464,0.6560757819,-0.5263915915,-2.448930376,0.2420110599,-0.1469756838,2.159855715,-0.7618431853,-0.01817795649,-2.297608116,-0.3104835555,0.05473701918,2.133647321,-0.6048841613,0.05996395026,-0.07370371754,-0.1870469195,-0.2488568674,-0.8197625056,0.6219922249,1.239537948,1.775894378,1.130547963,-0.2684790601,0.1040263595,-0.2629149912,-0.4134577785,-0.2931916779,0.9731450026,-0.08066378644,0.1737332583,0.06663574835
0.005585726751,-0.03892073151,0.4026425177,-0.3730321108,-0.3884396779,0.6575077419,-0.526920516,-2.446183633,0.2447108931,-0.1568220061,2.156395967,-0.7609451662,-0.02344572768,-2.290411016,-0.3066861593,0.04805353942,2.132647053,-0.6130791621,0.06106094671,-0.0803696068,-0.1869744455,-0.2519375755,-0.8099059845,0.6234979795,1.239998246,1.762126417,1.122365322,-0.2667785787,0.09911735793,-0.2586582509,-0.4120418482,-0.2956548968,0.9807336524,-0.08416242821,0.1732375676,0.07125803336
0.002498581126,-0.03719206015,0.4027799339,-0.3717246975,-0.3867874929,0.6588325149,-0.5274048749,-2.442563107,0.2473106349,-0.1661415298,2.151888145,-0.7611745281,-0.02839290357,-2.281827075,-0.3029476481,0.04080005209,2.131729044,-0.6245062562,0.06262883282,-0.08738611472,-0.187266211,-0.2555802669,-0.8000947661,0.624864406,1.240729027,1.747840987,1.114550666,-0.2652695039,0.09566115481,-0.2548145945,-0.4099951181,-0.2977721393,0.9870767297,-0.08727430497,0.172824666,0.0754773076
-0.0006035530669,-0.03544389543,0.4034073418,-0.3702238828,-0.385252083,0.6601098079,-0.527986885,-2.437718371,0.249800194,-0.175127545,2.145959263,-0.7619979888,-0.03372755536,-2.271702724,-0.299054524,0.03289742773,2.13025396,-0.6381005598,0.06442900847,-0.09470047485,-0.1875599119,-0.2587048428,-0.7908064727,0.6263332892,1.241947561,1.733154906,1.106325274,-0.2633117885,0.09332299622,-0.2518837514,-0.4071499572,-0.2998171424,0.9922627642,-0.09042480789,0.1724808429,0.07979631033
-0.00373668231,-0.03369402673,0.4044221821,-0.3687349841,-0.3837547183,0.6613349216,-0.5285858011,-2.431942006,0.2519211961,-0.1839052962,2.138814204,-0.763259951,-0.03925174814,-2.261239494,-0.2951055945,0.02461722412,2.128310496,-0.6529120115,0.06615329701,-0.1026418754,-0.1884380736,-0.2618380678,-0.7821867701,0.6286102193,1.242790215,1.718389979,1.09867949,-0.2607690814,0.09188799198,-0.249554664,-0.4035369701,-0.3013925731,0.9964040998,-0.09319698023,0.1721390413,0.08375513238
-0.006756072171,-0.03193296336,0.4059945,-0.367116649,-0.3823688963,0.6624108832,-0.5293686948,-2.425074382,0.2533758309,-0.1923404761,2.130060611,-0.7643557237,-0.04564079695,-2.24982814,-0.2910580058,0.01614015815,2.12513464,-0.6682785764,0.06769349422,-0.1101899637,-0.1892551418,-0.2638287123,-0.7742900407,0.6313748645,1.242712737,1.703919288,1.090594064,-0.2579869495,0.09044564743,-0.2476741726,-0.399453592,-0.302979766,0.9996080324,-0.09597434789,0.1719454322,0.08764596891
-0.009678815015,-0.03018908341,0.4080236597,-0.3655306337,-0.3810543649,0.6633084255,-0.5302894109,-2.41783835,0.2545154819,-0.2000351632,2.119987071,-0.7645497962,-0.0522435786,-2.238409177,-0.2870682963,0.007808359583,2.120933891,-0.6832481273,0.0691380791,-0.1174781814,-0.1902736877,-0.265339914,-0.7669296493,0.6345009404,1.241954943,1.690253153,1.083039393,-0.2548445835,0.08953052907,-0.2459088888,-0.3950046404,-0.3042693552,1.002103615,-0.09842601982,0.1717962732,0.09112989691
-0.01228203397,-0.02851483269,0.4106336959,-0.3638881162,-0.3796788152,0.6641031627,-0.531409847,-2.409219102,0.2537504023,-0.2071146606,2.108593255,-0.7630326816,-0.05896748822,-2.226024392,-0.2831280356,2.935044086e-05,2.114812222,-0.6973590694,0.07050047058,-0.1230795201,-0.1911856695,-0.265715722,-0.7600507668,0.6363739249,1.239826263,1.678776239,1.075101815,-0.2522292286,0.08714694978,-0.2438810285,-0.3907368444,-0.3058031934,1.004034255,-0.1008955491,0.171937014,0.09427004749
-0.01460925287,-0.02695945463,0.4137021471,-0.3623847209,-0.3781557698,0.6648404181,-0.5325999871,-2.399713276,0.2519692815,-0.2130992097,2.096154221,-0.7590697001,-0.06519028895,-2.213640419,-0.2792093082,-0.006883857583,2.106791024,-0.7092179586,0.0712693278,-0.1272286874,-0.1924227968,-0.2659174521,-0.7530370419,0.6369967858,1.236965,1.670094511,1.068021857,-0.2498554986,0.08434222216,-0.241420006,-0.3865504196,-0.3072077084,1.005774145,-0.1031042241,0.1722054596,0.09696123572
-0.01655465135,-0.02556455813,0.4172465149,-0.3609414814,-0.3763408917,0.6655868927,-0.5339315204,-2.387922179,0.2489444296,-0.2175668517,2.082284391,-0.7528514489,-0.07067578852,-2.200331934,-0.2752230012,-0.01248887001,2.095860311,-0.7178138551,0.07133492519,-0.1284795827,-0.1937237484,-0.2655100814,-0.7459653824,0.6350202625,1.232217867,1.664489474,1.06041937,-0.2487567366,0.08114093651,-0.2378281111,-0.3830702546,-0.3090691958,1.007409356,-0.1053866701,0.172947857,0.09910709405
-0.01812922739,-0.02442392593,0.4211154142,-0.3596219693,-0.3741956865,0.6664253495,-0.5352820574,-2.374297437,0.2462970559,-0.21999465,2.067558826,-0.7447176227,-0.07528758238,-2.18665607,-0.2713410854,-0.01658707465,2.08228814,-0.7218592269,0.07060086732,-0.1269463234,-0.1949186766,-0.2656049412,-0.7373196029,0.6287678664,1.226113424,1.661996701,1.053080912,-0.24892369,0.07888690229,-0.2331125798,-0.3803041656,-0.3110048398,1.009397505,-0.1074884891,0.1739437223,0.1007997283
-0.01927693489,-0.02355948363,0.4252354125,-0.3582063333,-0.371740259,0.667385763,-0.536743557,-2.358287002,0.2447490755,-0.2201142059,2.052148274,-0.7363089827,-0.07918277999,-2.171573633,-0.2677252652,-0.01928517836,2.066471901,-0.7225763932,0.06963300573,-0.1219785588,-0.1953158883,-0.2657511709,-0.7271231054,0.616882761,1.2176296,1.662144611,1.044654142,-0.2507083481,0.07753437629,-0.2269996916,-0.3787486891,-0.3133787062,1.011678,-0.1097281859,0.1755897314,0.1018675277
-0.02001680849,-0.02301456668,0.4294903493,-0.3567979036,-0.3690985785,0.6684029329,-0.5382369503,-2.340826467,0.2444192668,-0.2181619699,2.036705556,-0.7284934837,-0.08258942874,-2.155765203,-0.264540909,-0.02073032257,2.049856353,-0.7215327484,0.06854212979,-0.1143745455,-0.1944683104,-0.2670797502,-0.7145041474,0.5997941644,1.208778884,1.66529041,1.036747393,-0.2530057749,0.07680837219,-0.2199376822,-0.3782243094,-0.315761064,1.014609886,-0.1118177353,0.1775209862,0.1025866306
-0.02037272411,-0.02274633788,0.4338561791,-0.3551611513,-0.3663180368,0.6695034572,-0.539848843,-2.321686016,0.245632895,-0.2142973966,2.021264586,-0.7224878005,-0.08568238512,-2.13840323,-0.2618880437,-0.02133552964,2.03300779,-0.7206434526,0.06801289368,-0.1043774842,-0.1920099722,-0.2689749699,-0.7005057632,0.5781447942,1.199038532,1.670123279,1.028050973,-0.2551429517,0.07610595231,-0.2120841747,-0.3786732888,-0.318225284,1.017769627,-0.1140343895,0.1800647062,0.1027801774
-0.02039523676,-0.0227411775,0.4382496798,-0.3534427978,-0.3635362878,0.6705727677,-0.5415272102,-2.301983319,0.2472345618,-0.2092559018,2.006326957,-0.7181988017,-0.08865732804,-2.120473717,-0.2597524613,-0.02114183826,2.016572666,-0.7204346488,0.06795288813,-0.09310483332,-0.1878025302,-0.2723161339,-0.6849021224,0.5546242429,1.190395762,1.676531122,1.020598592,-0.2563839162,0.07467453688,-0.2039882208,-0.3797562355,-0.320462213,1.021367012,-0.1160783477,0.1827512326,0.1027913561
-0.02017437961,-0.02289652717,0.4426822547,-0.3514453341,-0.3607654397,0.6716398627,-0.5433547364,-2.281572181,0.2488054731,-0.2036244702,1.991784831,-0.7158089049,-0.0914305721,-2.101371776,-0.2580401476,-0.02054582361,2.000398166,-0.721486175,0.06882567256,-0.08112478071,-0.1821611432,-0.2761152153,-0.6692403157,0.5310444321,1.181710559,1.682908506,1.013042687,-0.2559414817,0.07155172462,-0.1958046319,-0.3811149069,-0.3224366789,1.024619495,-0.1181837724,0.1859078081,0.1024248737
-0.01978798303,-0.02317681685,0.4470877917,-0.349349041,-0.3580524873,0.672629507,-0.5452735187,-2.261703581,0.2496848756,-0.197880551,1.978171711,-0.7143681095,-0.09384038197,-2.082176938,-0.2565943027,-0.01947571846,1.984800755,-0.7234743104,0.07025290904,-0.06954695195,-0.1753514808,-0.2809391439,-0.6530517321,0.5094474317,1.173949216,1.686332163,1.005481276,-0.2533685204,0.06687668612,-0.1880940117,-0.3823312758,-0.3239977314,1.027790597,-0.1200861501,0.1889926362,0.1020109985
-0.01940931813,-0.02342436849,0.451523445,-0.3471129081,-0.3552197389,0.6735902744,-0.5473643287,-2.242481847,0.2495988706,-0.1924018436,1.965479645,-0.7129394536,-0.09555462233,-2.062472011,-0.2551800772,-0.01810511971,1.969461779,-0.7265347434,0.0723819724,-0.05975684585,-0.1685168602,-0.2853223603,-0.6366274585,0.4911853207,1.164959819,1.680256765,0.9950775159,-0.2476025465,0.05963543965,-0.181439582,-0.3825087868,-0.3248573268,1.029910687,-0.1219414576,0.1923091609,0.1014014352
-0.0190491861,-0.02366849448,0.4559099625,-0.3448462642,-0.3523603416,0.674529475,-0.549484514,-2.224333357,0.2491506306,-0.1870764379,1.953784563,-0.7109518653,-0.09646339871,-2.043100381,-0.2537719889,-0.01654471323,1.954641837,-0.7301209351,0.07473510797,-0.05130919411,-0.1617161298,-0.2899395428,-0.6203206253,0.4770976869,1.155931902,1.669906929,0.9845480249,-0.2414500119,0.05306940249,-0.1754185942,-0.3818915635,-0.3253098918,1.031353201,-0.1235705072,0.1953241016,0.1008162562
-0.01868812083,-0.02390082928,0.4602900378,-0.3422751338,-0.3494198909,0.6755839162,-0.5516700507,-2.205798799,0.2497362191,-0.1812490827,1.942218525,-0.7089975465,-0.09639851757,-2.022956432,-0.2525517703,-0.01531615085,1.939923914,-0.7342885568,0.07744199487,-0.04294124791,-0.154952324,-0.2938431046,-0.6058280133,0.465054302,1.145979896,1.660161802,0.9735238036,-0.2357515763,0.0485644009,-0.1690959301,-0.380860695,-0.3254561605,1.031224502,-0.1251094749,0.1984398995,0.1000221705
-0.01823885869,-0.02421091057,0.464564728,-0.3394181743,-0.3466219777,0.6766633104,-0.5538729745,-2.187274834,0.2519920071,-0.174496633,1.930711463,-0.7071786963,-0.09536788456,-2.002685363,-0.251787004,-0.01461942876,1.925614296,-0.7384362399,0.0801248285,-0.03404820719,-0.1473457825,-0.2981909747,-0.5932651166,0.4530735114,1.137143592,1.65505128,0.9635806525,-0.2317110231,0.04682702682,-0.162149985,-0.3801491577,-0.325591705,1.03051158,-0.1264731254,0.2012270133,0.09922210893
-0.01770941515,-0.02455412045,0.4687933122,-0.3361577161,-0.3438046237,0.6778208905,-0.5561970973,-2.167863809,0.2555443937,-0.1669332814,1.91884697,-0.705769041,-0.09373423114,-1.981514397,-0.2513627905,-0.01443083572,1.911351255,-0.7425820161,0.08289507722,-0.02483401898,-0.1391313797,-0.3020373953,-0.5826212063,0.4396437789,1.127461536,1.652662555,0.9533553231,-0.2274067063,0.04599680862,-0.1546255971,-0.3795942837,-0.3254298722,1.028435698,-0.127705564,0.2041233554,0.09827539519
-0.01712187789,-0.02494780745,0.4728850515,-0.3327168367,-0.3411006728,0.6789263408,-0.5585775339,-2.148630265,0.2594632637,-0.1591649884,1.907084797,-0.7044144462,-0.09185281868,-1.960543251,-0.2512285482,-0.01458890789,1.897504246,-0.746164845,0.08542255197,-0.01607659887,-0.1302104485,-0.3063949254,-0.5728719844,0.4256147181,1.118459506,1.651460629,0.9442022322,-0.2230643544,0.04493338691,-0.1470642741,-0.3791497992,-0.3250727505,1.026081844,-0.1287683734,0.2066881909,0.09740817366
-0.01657664735,-0.02529064943,0.4769212356,-0.3291293336,-0.338188507,0.6800962048,-0.5610450674,-2.128999279,0.2624882084,-0.1520006024,1.895460065,-0.7028488889,-0.0901383633,-1.93933075,-0.2508476176,-0.01466738753,1.883770426,-0.7492669412,0.08780580501,-0.008695020735,-0.1216529267,-0.3099308888,-0.5628957847,0.4119541275,1.10790964,1.646444252,0.9345045148,-0.2165915012,0.0418725109,-0.1399055282,-0.3780541637,-0.3240979472,1.022333192,-0.1296088565,0.2092876433,0.09651337938
-0.01612087746,-0.02559104159,0.4808130871,-0.3256327769,-0.3352126688,0.6812598266,-0.5634543548,-2.110037338,0.2644165207,-0.1457919423,1.884424829,-0.7006958564,-0.08857897453,-1.918943545,-0.2501908863,-0.01462020859,1.870501968,-0.7515402708,0.08980345997,-0.002916874129,-0.1136910095,-0.3135165692,-0.5523336116,0.4003070017,1.098090792,1.63842165,0.9253866208,-0.2094722048,0.03787523098,-0.1333106471,-0.3762873985,-0.3227822904,1.018179234,-0.1302662355,0.2114713025,0.09575660987
-0.01576109034,-0.02580899942,0.4846365,-0.3220770249,-0.3319462093,0.6825412754,-0.5658758799,-2.090671718,0.2660322245,-0.1399290202,1.873601288,-0.6982642223,-0.08721984046,-1.89854006,-0.2491406843,-0.01429508309,1.857489886,-0.7532449766,0.09162037869,0.001798671022,-0.1066561443,-0.3159583692,-0.5415508498,0.389668961,1.087366539,1.627738485,0.9152047925,-0.2011485317,0.03404619757,-0.12681246,-0.3738443651,-0.3209721976,1.012383768,-0.1306495268,0.2136372322,0.0949625354
-0.01546097298,-0.02600024313,0.4883037571,-0.3185692588,-0.3286628841,0.6838311007,-0.5682159464,-2.071734381,0.267786741,-0.1342352574,1.863167419,-0.6956513796,-0.08594299794,-1.878832291,-0.2479916449,-0.01394040184,1.845049955,-0.7542899926,0.09315918689,0.005881889305,-0.1001034984,-0.3184087463,-0.5310263423,0.3797698968,1.077779046,1.618319932,0.9057627348,-0.193610836,0.03156625935,-0.1202529893,-0.3712270702,-0.319063309,1.006228299,-0.1308929255,0.2153882589,0.09426643599
-0.01517665496,-0.02615275589,0.4919176619,-0.3149020961,-0.3251651396,0.6852248598,-0.5705884623,-2.052067301,0.2700992974,-0.128212302,1.852724814,-0.693305671,-0.08486813138,-1.858803712,-0.2467218951,-0.01341034398,1.832885307,-0.755008701,0.09466304764,0.009661746545,-0.09390629994,-0.3199107761,-0.52079196,0.3686999313,1.06702205,1.609513076,0.8956864915,-0.1859604976,0.02956773755,-0.1134132269,-0.3685096709,-0.3168236819,0.9986659957,-0.1308459985,0.2170628672,0.09352481082
-0.01491553097,-0.02629666944,0.4953947301,-0.3112819738,-0.3217091266,0.6865849595,-0.572894287,-2.032814201,0.2725581111,-0.1222365768,1.842596384,-0.6911430486,-0.08398105193,-1.839415098,-0.2454887031,-0.0128453847,1.821315358,-0.7553727626,0.09602742088,0.01291585827,-0.08786386719,-0.3216303222,-0.5105454512,0.3571261604,1.057286488,1.601711378,0.8863584931,-0.1788775603,0.02776689593,-0.1065913823,-0.3658510311,-0.3145211611,0.9910474689,-0.1307027774,0.2183510098,0.09288289268
-0.01471446878,-0.0263594271,0.4988400858,-0.3076174353,-0.3180603158,0.6879947325,-0.5752150877,-2.013296482,0.2745096382,-0.1166377236,1.832621322,-0.689097957,-0.08335690081,-1.819993102,-0.2439744012,-0.01192915936,1.810023408,-0.7556930771,0.09741293136,0.01515367469,-0.08232716079,-0.3223267815,-0.4992861595,0.344877215,1.046654824,1.590177526,0.875644465,-0.1706439623,0.02525338699,-0.1000563272,-0.3628239915,-0.3117854334,0.9821867182,-0.1302444498,0.2195428858,0.0922135277
-0.01460631052,-0.02635671825,0.5021723153,-0.3041293527,-0.3144436254,0.6893579726,-0.5774219678,-1.994628994,0.2758902294,-0.1116575298,1.823085682,-0.6868791203,-0.08289118191,-1.801533182,-0.2422903236,-0.01083601677,1.799294522,-0.7558664359,0.09866406269,0.0163760306,-0.07739484618,-0.3230293297,-0.487213559,0.3334195153,1.037465565,1.576500528,0.8651369589,-0.1627403084,0.02355260753,-0.09391302331,-0.359521898,-0.3089338397,0.9733149628,-0.1297124344,0.2203507316,0.09165381347
-0.01458002353,-0.02624868189,0.5054962975,-0.3005975387,-0.3106314307,0.6907952305,-0.5796129601,-1.975729973,0.2768829255,-0.1070560456,1.813651542,-0.6845746352,-0.08247821635,-1.783001938,-0.2403105799,-0.009469004356,1.788747314,-0.756131896,0.09993193353,0.01682187069,-0.07315684134,-0.3225245688,-0.4742719036,0.3220902519,1.027298302,1.559699633,0.8534136237,-0.1548431658,0.02215004405,-0.0879608741,-0.3558375706,-0.3057262599,0.9632049146,-0.1288537052,0.2210408804,0.09104948653
-0.01462720924,-0.02607919297,0.5087321713,-0.2971889685,-0.3068705691,0.6922151626,-0.5816763185,-1.957502866,0.2777615819,-0.1028003133,1.804468159,-0.6820173075,-0.08205237627,-1.765249957,-0.2382488228,-0.008108366314,1.778624907,-0.756303066,0.1010725721,0.01681695196,-0.06948108511,-0.3219756419,-0.4611118918,0.3115047273,1.018106665,1.543555963,0.8426392423,-0.1481255562,0.02154415895,-0.08211574431,-0.3520959128,-0.3025286071,0.9531806906,-0.1279663829,0.2213853192,0.09052993083
-0.01470477637,-0.02583117781,0.5119832492,-0.2936485722,-0.3029359793,0.693730377,-0.583728081,-1.938661292,0.2786108267,-0.09863746504,1.795106052,-0.6794781141,-0.08157279126,-1.747103012,-0.2360853666,-0.006703562131,1.768490059,-0.7565864305,0.1022757562,0.01670888597,-0.06622770127,-0.3202482552,-0.4473870389,0.3004872302,1.007489534,1.527073218,0.8312816743,-0.1419079973,0.02069006692,-0.07618777304,-0.3482897314,-0.2991079468,0.9421425337,-0.1267682702,0.2216029632,0.08993331923
-0.01481190324,-0.0255500294,0.5151673328,-0.2901871637,-0.2990727877,0.6952338357,-0.5856592792,-1.920209646,0.2795048356,-0.09463789202,1.785764203,-0.6768261275,-0.08106528252,-1.729537771,-0.2339786634,-0.005454104451,1.758610335,-0.7567328861,0.1033670627,0.01660374262,-0.06329865368,-0.3186082162,-0.4334744425,0.2895265451,0.9976370748,1.512689196,0.8210808633,-0.1367141804,0.01973466971,-0.07022298721,-0.3446490421,-0.2957745037,0.9314246658,-0.1255900025,0.2215398179,0.08940745212
-0.01492505177,-0.02521240044,0.5183737901,-0.2865866133,-0.2950594408,0.6968081338,-0.5875937918,-1.900946054,0.2802177959,-0.0907455276,1.776053366,-0.6744344699,-0.08052038563,-1.711510309,-0.2318979228,-0.004249270391,1.748601706,-0.7569046988,0.1045261425,0.01655121485,-0.06061403754,-0.3160129893,-0.4188531085,0.2779389116,0.9864831315,1.497660578,0.8099591107,-0.1315448856,0.01754010426,-0.06416612375,-0.3410519305,-0.292257799,0.9199769662,-0.1241273259,0.2213880146,0.08878331757
-0.0150650355,-0.02485194975,0.5215189889,-0.2830830963,-0.291135458,0.6983488454,-0.5894175055,-1.882010529,0.2807698308,-0.08713022192,1.766263,-0.6721669555,-0.08002005138,-1.694076745,-0.2299028978,-0.003223789021,1.738768067,-0.7568420778,0.1055547043,0.01656768241,-0.05820183525,-0.3137067684,-0.4039555017,0.2666254558,0.9764302597,1.48376184,0.7996092056,-0.126954594,0.01468847486,-0.05809157756,-0.3376063568,-0.2888416649,0.909027606,-0.1227214583,0.22102404,0.08822886472
-0.01520627759,-0.02443930902,0.5246912719,-0.2794545636,-0.2870851664,0.6999255944,-0.5912625613,-1.862297246,0.2809533651,-0.08373369291,1.756073514,-0.6703888262,-0.07960883674,-1.676161888,-0.2279774763,-0.002261592083,1.728687894,-0.7567266965,0.106637576,0.01662346393,-0.05599993793,-0.3106328807,-0.388560656,0.2551152495,0.9650497641,1.46877707,0.7882325541,-0.1221961915,0.009873272224,-0.05194457765,-0.3341944232,-0.2852612494,0.897570508,-0.1210602791,0.2205882494,0.08756852553
-0.0153679251,-0.02400887668,0.5278085049,-0.2759236273,-0.2831383349,0.7014520701,-0.5930125028,-1.842954293,0.2809338103,-0.0806416599,1.745819721,-0.668919344,-0.07933643553,-1.658794608,-0.2261466537,-0.001474988744,1.718700379,-0.7563321512,0.1075886456,0.01678468842,-0.05404431274,-0.3079973877,-0.3732088715,0.2442182584,0.954647469,1.454967303,0.7777668407,-0.1179995389,0.004145830675,-0.04576715029,-0.3309161277,-0.2817995314,0.8867310365,-0.1194875177,0.2199965474,0.08697985498
-0.01551709556,-0.02352614761,0.5309541186,-0.2722848867,-0.2790650623,0.7030108717,-0.5947767192,-1.822903137,0.2804773649,-0.07780415416,1.735213719,-0.6680492062,-0.07924340373,-1.640960759,-0.2243869401,-0.0006982486694,1.708391949,-0.7558811269,0.1085902036,0.01690850069,-0.05231838232,-0.3047048015,-0.357676277,0.2331682006,0.9425963481,1.440199214,0.7663766589,-0.1135815334,-0.003138500332,-0.03956460597,-0.327665899,-0.2781868943,0.8755532201,-0.1176776899,0.2193421139,0.08626425646
-0.01567020776,-0.02302725109,0.5340477587,-0.2687497275,-0.2750877688,0.7045338642,-0.5964330119,-1.803289281,0.2798371961,-0.07524777996,1.724620479,-0.6674997469,-0.07931458108,-1.623667782,-0.222705799,-3.827821057e-05,1.698131576,-0.7551793175,0.1094764899,0.01708523013,-0.05084580741,-0.3019188421,-0.3424217051,0.2226256795,0.93148955,1.42662466,0.7559489332,-0.1097193197,-0.01024990221,-0.03336801186,-0.3245363162,-0.2746992766,0.8650502833,-0.1159794699,0.2185771081,0.08562077085
-0.01579638509,-0.02247628557,0.5371816398,-0.2651026153,-0.2709942915,0.7060736491,-0.5981159581,-1.783066373,0.2787696784,-0.07289537768,1.713703746,-0.6674551248,-0.07955983168,-1.605843596,-0.2210633044,0.0006806550549,1.68747182,-0.7544819969,0.1104342402,0.01711726399,-0.04956795976,-0.2985397709,-0.3271638528,0.2117748742,0.9187955875,1.41175798,0.7445068713,-0.1056523458,-0.01784222392,-0.02719879339,-0.3214289491,-0.2710462698,0.8543351567,-0.1140858667,0.2177447999,0.0848550932
-0.01591401996,-0.02190815119,0.5402756045,-0.2615533243,-0.2670039658,0.7075709537,-0.5997016644,-1.763379177,0.277536061,-0.07077362767,1.702835514,-0.6675382173,-0.07992520165,-1.588516708,-0.2194649989,0.001344476487,1.676811488,-0.7535974798,0.1113055389,0.01711747207,-0.04852345919,-0.2957094669,-0.3123952801,0.2013559059,0.9071938374,1.397764907,0.7339746086,-0.1021203808,-0.02478258262,-0.02105338514,-0.3184157955,-0.2675142958,0.8443076541,-0.1123258611,0.2168342494,0.08417033787
-0.01598940062,-0.02128405369,0.5434173506,-0.2579019543,-0.2628891983,0.7090722258,-0.6013255608,-1.743210215,0.2757848536,-0.06884695026,1.691699937,-0.6678069532,-0.08043754542,-1.570675133,-0.2179724741,0.002111316587,1.665743354,-0.7527728715,0.11226149,0.01689839389,-0.04768164579,-0.2923087553,-0.2977642271,0.1906145752,0.8940336135,1.382007601,0.7222327456,-0.09830488942,-0.03215504297,-0.01496274418,-0.3154195745,-0.263824005,0.8341489896,-0.1103669439,0.2158331431,0.08335990444
-0.01604445523,-0.02063762391,0.5465277331,-0.2543523303,-0.2588705514,0.7105354279,-0.6028518353,-1.723682764,0.273836393,-0.06713250922,1.680674704,-0.6678272241,-0.08099941034,-1.553352724,-0.2165339494,0.002864467145,1.654670512,-0.7517810396,0.1131472652,0.0166176129,-0.04709777721,-0.2894601801,-0.2838253089,0.1803974993,0.8820841601,1.366805923,0.7113536771,-0.0950207373,-0.03891394245,-0.008899782562,-0.312485761,-0.2602606446,0.8246649254,-0.1085479105,0.2147754838,0.08263519146
-0.01605829946,-0.01992884102,0.5496965894,-0.2507056563,-0.2547243686,0.711989217,-0.6044282628,-1.703704869,0.2713134549,-0.06558826556,1.66932653,-0.6676768253,-0.08158706549,-1.53552688,-0.2152192699,0.003743650251,1.643195194,-0.7508551034,0.1141488186,0.01618407944,-0.04675032577,-0.2860252469,-0.2700504065,0.1702569333,0.8688534171,1.349478041,0.6992399327,-0.09141449275,-0.04626077229,-0.002894646661,-0.3095401497,-0.2565330268,0.8151275641,-0.1065623112,0.2135937282,0.0817842699
-0.01604345253,-0.01919750286,0.5528450631,-0.247148769,-0.2506716719,0.7134117777,-0.6059082722,-1.6843487,0.2686410076,-0.064187519,1.658050519,-0.6669555955,-0.08210173433,-1.518203484,-0.2139513064,0.004611483242,1.631710631,-0.7497159219,0.1150958675,0.01582624041,-0.04664285885,-0.2831211592,-0.2570171671,0.1608614799,0.8567834599,1.332878188,0.6881225563,-0.08837164817,-0.05278268769,0.003114348041,-0.3066559228,-0.2529396066,0.806250707,-0.1047305398,0.2123791734,0.08102412908
-0.01598902845,-0.01840402823,0.5560566704,-0.2434716298,-0.2465161008,0.7148376705,-0.6074195275,-1.664499349,0.2654053343,-0.06302576664,1.64637198,-0.6658730574,-0.08248949555,-1.500352799,-0.2127404187,0.005514228457,1.619789677,-0.7485851235,0.1161548491,0.01546782109,-0.04674092069,-0.2796356709,-0.2441145286,0.1519262682,0.8432734691,1.314342814,0.6758170873,-0.08490115654,-0.05947893561,0.009057952482,-0.3037630243,-0.2491813724,0.7974026973,-0.102716468,0.2110476192,0.08013830668
-0.01589596685,-0.0175956435,0.5592526474,-0.2398573923,-0.2424664891,0.7162550156,-0.6088162166,-1.645164692,0.2621056827,-0.06200964647,1.634704441,-0.6641548081,-0.08271051869,-1.482971246,-0.2115340333,0.006333467732,1.60783805,-0.747136172,0.117145261,0.01534831661,-0.04700698978,-0.2766838764,-0.2318724147,0.1438026411,0.8306433686,1.297001988,0.6646578239,-0.08197083223,-0.06508354244,0.01502429387,-0.3009633606,-0.2455659194,0.7892039246,-0.1008560272,0.2097215778,0.07934911667
-0.01575813396,-0.0167302963,0.562495849,-0.2360858044,-0.2383325566,0.7176745952,-0.6102493431,-1.625260678,0.2582498018,-0.06132471859,1.62261385,-0.6621954343,-0.08281569888,-1.464988597,-0.2102820873,0.007182808064,1.59544041,-0.7456599263,0.1182047909,0.01539278874,-0.04733682582,-0.2731302271,-0.2197031885,0.1364938879,0.8166136316,1.278158209,0.6525109902,-0.07864470062,-0.07059661658,0.02088994647,-0.2982134577,-0.2418222641,0.7810756407,-0.09884024574,0.2082213807,0.07839434674
-0.01557682915,-0.01585757641,0.5657075577,-0.2323597262,-0.2343163686,0.7190803811,-0.6115784517,-1.605826793,0.2543654582,-0.06082317984,1.610558538,-0.6598206505,-0.0828107443,-1.447450016,-0.2089817463,0.007967781349,1.583037986,-0.7438243837,0.1191715551,0.01579177145,-0.04771606856,-0.2701119064,-0.2080370788,0.1302260222,0.8034018761,1.260615962,0.6415655038,-0.07586438072,-0.07522761124,0.02676086536,-0.2955941334,-0.238243478,0.7735504892,-0.09698822735,0.2067349828,0.07752905857
-0.01534535735,-0.01494085263,0.5689558023,-0.2284630838,-0.2302149561,0.7204755011,-0.6129606396,-1.585881019,0.2501100096,-0.06053074968,1.598224819,-0.6573853061,-0.08275011855,-1.429299047,-0.2075647121,0.008891818074,1.570250876,-0.7418942202,0.1202144968,0.01642522454,-0.04803413191,-0.2665533548,-0.1962954491,0.1249305147,0.7887521164,1.241629293,0.6295474391,-0.07267140002,-0.08025353592,0.03248246946,-0.2930418399,-0.2345428059,0.7661272704,-0.09498043481,0.2050616274,0.0764788574
-0.01507072279,-0.01402448039,0.5721641461,-0.2246116593,-0.2262386636,0.7218217531,-0.6142792739,-1.566488998,0.2458959887,-0.06034731566,1.58604468,-0.6547081894,-0.08265231714,-1.411609823,-0.2060974083,0.009828470921,1.557548766,-0.7395545207,0.1211818195,0.01743094876,-0.04829108072,-0.2635951967,-0.1849944029,0.1208906836,0.7750609146,1.223561386,0.6185548264,-0.07008648079,-0.08494748419,0.03819431668,-0.2906082289,-0.2310126926,0.7592557336,-0.09313527383,0.2034217801,0.07552127309
-0.01475656443,-0.01306768861,0.5753401526,-0.2206627274,-0.2222203917,0.723111037,-0.6156593916,-1.546910155,0.2416699546,-0.06006816918,1.57378692,-0.6522362272,-0.08254604981,-1.393615466,-0.2046075347,0.0109100305,1.544722564,-0.7372250236,0.1220836546,0.01852521251,-0.04846586579,-0.2602771078,-0.1737692803,0.1175805815,0.760567154,1.204034847,0.6066683251,-0.06716600594,-0.09052889278,0.04369629688,-0.2882011551,-0.2274462644,0.7524728499,-0.09118063808,0.2017210169,0.07443344765
-0.01440518921,-0.01210759702,0.578417272,-0.2168020929,-0.2183597344,0.7243045231,-0.6170079714,-1.528149365,0.2376648118,-0.05970394649,1.56186409,-0.6497309803,-0.08245402749,-1.376291409,-0.2031834032,0.01200134966,1.532225112,-0.7346285158,0.1228753134,0.01983641195,-0.04852183603,-0.2576033991,-0.1631684711,0.1152697473,0.7472627837,1.185354682,0.5958113542,-0.06484876425,-0.09582116338,0.04912149837,-0.2858982528,-0.2240816353,0.7461823383,-0.08939673142,0.2001060989,0.07345565304
-0.01403026415,-0.0111129043,0.5814516927,-0.2128748585,-0.2144646699,0.7254132656,-0.6184373809,-1.50941659,0.2338202064,-0.05909515633,1.550022851,-0.6473818427,-0.08238749357,-1.358778678,-0.201844609,0.01321133716,1.519801343,-0.7321313814,0.1236469275,0.02109503729,-0.04845767893,-0.2545918805,-0.1526930407,0.1133661317,0.7332937092,1.165486013,0.5840838299,-0.06203503838,-0.1014927819,0.054308884,-0.2836192656,-0.2206587582,0.7399873967,-0.08750430924,0.1983836969,0.07232547978
-0.01363043961,-0.01011765602,0.5843840829,-0.2090619628,-0.2107240821,0.7264121712,-0.6198498322,-1.491607888,0.2302106437,-0.05834179632,1.538608424,-0.6449044995,-0.08233139827,-1.342008557,-0.2006539243,0.01440513438,1.507842406,-0.7294522791,0.1243473288,0.02245028059,-0.04825026479,-0.252181795,-0.1428673553,0.1121116934,0.7205298057,1.146648425,0.573403392,-0.0596613993,-0.1066185398,0.05938820632,-0.2814400271,-0.2174178375,0.7342302997,-0.08577665321,0.196735718,0.07130168072
-0.01321249262,-0.009087862227,0.5873004653,-0.2051706984,-0.2068947117,0.7273582742,-0.6213288209,-1.473820073,0.2267538184,-0.05731161555,1.527403337,-0.6422800618,-0.08223158086,-1.325005382,-0.1995468438,0.01573813423,1.496018234,-0.7268464865,0.1250499665,0.02368683561,-0.04795832198,-0.2492649485,-0.1332261761,0.1109004866,0.707334841,1.126948841,0.5620619425,-0.05673020757,-0.1120243092,0.06415874426,-0.279254445,-0.2141433458,0.7285176768,-0.08394559235,0.1950215961,0.07016965469
-0.01277395766,-0.008061901868,0.5901420769,-0.2013986904,-0.2031882063,0.7282236006,-0.6227708309,-1.456830992,0.2234592372,-0.05614173886,1.516581266,-0.6392959118,-0.08204374699,-1.308692707,-0.1985404641,0.01708469003,1.484624131,-0.7240278969,0.1256661545,0.02496330214,-0.04754291775,-0.2468552003,-0.1242229141,0.1099291123,0.6953394572,1.108472054,0.5517863244,-0.05421329237,-0.1168986753,0.06879239935,-0.2771520236,-0.2110418406,0.7231669571,-0.08227355907,0.1933966133,0.06915822543
-0.01233672936,-0.007013088131,0.5929699314,-0.1975747082,-0.1994188619,0.729046004,-0.6242501712,-1.439834244,0.2202902129,-0.0548095919,1.505868828,-0.6360239583,-0.08183892942,-1.292204806,-0.1975342482,0.01854830094,1.473371442,-0.721283001,0.1262902946,0.02614787378,-0.04701966957,-0.2439707208,-0.1153476996,0.1088035752,0.6827518476,1.089511436,0.540785152,-0.05124416061,-0.1217506056,0.07317749397,-0.2750946176,-0.2078344941,0.7178781434,-0.08052380119,0.1916265708,0.06800113782
-0.01189851745,-0.005978865563,0.5957264893,-0.1938917374,-0.1957902803,0.729796993,-0.6256744436,-1.42354418,0.2172462902,-0.05342689663,1.495387905,-0.6323321504,-0.08154798213,-1.276405676,-0.1965325483,0.02001779397,1.462497883,-0.7183413024,0.1267965022,0.02737490752,-0.04635101632,-0.2415897619,-0.1070199543,0.1076539473,0.6712266296,1.071914707,0.5307949263,-0.04871264999,-0.1260571579,0.07748253865,-0.2731514304,-0.2047667377,0.7129156304,-0.07893325546,0.1899275904,0.06695627064
-0.01146519129,-0.004926443876,0.5984745083,-0.1901522588,-0.1920822246,0.730536988,-0.6271062483,-1.407187092,0.2142415883,-0.05197484666,1.484995483,-0.628179135,-0.08119839215,-1.26043462,-0.1954366414,0.02163445066,1.451739244,-0.7153492518,0.12728438,0.02853470562,-0.04562155426,-0.2387122018,-0.09880642657,0.1062340057,0.6592754298,1.053974154,0.520260789,-0.04579231092,-0.1303929686,0.0815476765,-0.2712342767,-0.2016407293,0.7079747546,-0.07726722395,0.1881556874,0.06581462587
-0.01103617721,-0.003895297806,0.6011564384,-0.1865514598,-0.1885042039,0.7312286025,-0.6284659489,-1.391426961,0.2113163763,-0.05053111927,1.474768763,-0.6235539298,-0.080729247,-1.245095938,-0.1942545467,0.02329294292,1.441285365,-0.7120929647,0.127612293,0.02973036617,-0.04478151768,-0.2363288152,-0.09107110559,0.1046526869,0.6483469733,1.037390873,0.5107377632,-0.04331137014,-0.1342713341,0.08555703386,-0.2694148471,-0.1986658059,0.7033108507,-0.07575193151,0.1864828812,0.06479813464
-0.01061931511,-0.002852660489,0.6038230796,-0.1829030741,-0.1848643073,0.7319147384,-0.629819394,-1.375555852,0.2084836902,-0.04905543998,1.464569829,-0.6185678587,-0.08022764043,-1.229571919,-0.1930104061,0.02499896956,1.430893164,-0.7088032622,0.1278405777,0.03084631705,-0.04387448591,-0.2334520106,-0.08342030248,0.1028503677,0.6368911194,1.02061047,0.5006516071,-0.04056106508,-0.1380375267,0.08935742455,-0.2676317632,-0.1956099573,0.6986561431,-0.07417061226,0.1846739703,0.06367447086
-0.01021494755,-0.001837141486,0.6064176428,-0.1794045961,-0.1813666518,0.7325545367,-0.6310974404,-1.360240043,0.2057782559,-0.0475972352,1.454486539,-0.6132888188,-0.07964514127,-1.214646176,-0.1917037629,0.02669095168,1.420739194,-0.705319758,0.1278735718,0.03196650425,-0.04286332132,-0.2310557305,-0.07619271893,0.1008885714,0.6263389839,1.005145515,0.4915209766,-0.03826039721,-0.1413777099,0.09313642839,-0.2659454741,-0.1926917474,0.6942348738,-0.07273395469,0.1829448635,0.06267037315
-0.009833664291,-0.0008073474751,0.6089976394,-0.1758595858,-0.1777992787,0.7331939503,-0.6323665502,-1.344766084,0.2031906615,-0.04610594132,1.444393513,-0.6077848298,-0.07905897114,-1.199553373,-0.1903264237,0.02843736522,1.410660833,-0.7018028499,0.1278164657,0.03300299628,-0.04183236389,-0.228117522,-0.06906739398,0.09881114192,0.6153268787,0.9895529041,0.4819222055,-0.03574779409,-0.1446259538,0.09670077206,-0.2642678564,-0.1897242156,0.6898014313,-0.0712321108,0.1811069692,0.06157982095
-0.009475407665,0.0001972699079,0.6115071586,-0.1724672268,-0.174372102,0.7337854441,-0.6335679504,-1.32981782,0.200746884,-0.04463132354,1.434389153,-0.6021567076,-0.07843224688,-1.185044498,-0.1888910354,0.03017014082,1.40081053,-0.69813963,0.1275919899,0.03402152378,-0.04073214354,-0.225617561,-0.06233932268,0.0966405434,0.6051692146,0.9751918417,0.4732515953,-0.03366362543,-0.147520037,0.1002499872,-0.2626680898,-0.1868995307,0.6855667512,-0.06986647946,0.1793618206,0.06061049746
-0.009146756445,0.001223787196,0.6140051347,-0.1690014675,-0.1708373655,0.7343879098,-0.634765702,-1.314616947,0.198433886,-0.04310099496,1.424389432,-0.5964251352,-0.07781041201,-1.170321452,-0.1874137926,0.03196858134,1.391074724,-0.6944243208,0.1273371588,0.03495201519,-0.03966147691,-0.2224627721,-0.055749531,0.09447151245,0.594623452,0.9607467082,0.4641956322,-0.03137377269,-0.1503680497,0.1035508765,-0.2610603605,-0.1840520755,0.6813221846,-0.06844864818,0.1775585179,0.05957355543
-0.008847600724,0.002229485056,0.6164358827,-0.1656743756,-0.1674245655,0.7349456914,-0.6359055329,-1.299889378,0.1962671111,-0.04157851025,1.414485204,-0.5906888256,-0.07716977042,-1.156133013,-0.1858990865,0.03375286179,1.38157367,-0.6905879722,0.1269611394,0.03584852115,-0.03855529344,-0.219692301,-0.04953435139,0.09229103881,0.5848893695,0.9474427306,0.4560314942,-0.02947334802,-0.1529267941,0.106834141,-0.2595217054,-0.1813475575,0.677260643,-0.06716198359,0.1758652766,0.05865673368
-0.008582978387,0.003256783892,0.6188733385,-0.1622690347,-0.1639152763,0.7355085403,-0.637046097,-1.284868954,0.1942538556,-0.03999663094,1.404525963,-0.5849613305,-0.07653395013,-1.141661702,-0.1844025369,0.0355175544,1.372100845,-0.686734228,0.1266280923,0.03665626588,-0.03746175126,-0.2162863832,-0.0434439733,0.09024109581,0.5747016976,0.9340712053,0.4474257515,-0.02746417912,-0.1553254783,0.1098542792,-0.2579769443,-0.1786116251,0.6732018515,-0.06580281697,0.1740352476,0.05764895024
-0.00835341293,0.004262920139,0.6212607556,-0.1590048876,-0.1605382962,0.736022515,-0.6381345928,-1.270294143,0.1923932033,-0.0384189446,1.39459164,-0.5793057721,-0.07588775985,-1.127664845,-0.1829062355,0.03719938391,1.362762541,-0.6828111441,0.1262190549,0.0374302199,-0.03633349343,-0.2132909626,-0.03769064425,0.08827271401,0.5652500879,0.9217214286,0.4396438943,-0.02584049309,-0.1574526329,0.1128571449,-0.256498648,-0.1760049205,0.6692975044,-0.06456221003,0.1722897584,0.0567500776
-0.0081657809,0.005288456974,0.6236447557,-0.1556787924,-0.1570846747,0.7365432123,-0.639212496,-1.255477505,0.1907197433,-0.03678205507,1.384597678,-0.5737475246,-0.07524970981,-1.113451602,-0.1814203238,0.03883454922,1.353464433,-0.6789387747,0.1258599289,0.03814083003,-0.03521052528,-0.2097551426,-0.03205875189,0.08653570645,0.5553853632,0.9093926446,0.4314643334,-0.02409417115,-0.1594097198,0.1156020805,-0.2550312437,-0.1733621197,0.6654188681,-0.0632717405,0.1704386126,0.05577337479
-0.008020339503,0.006292860876,0.6259708221,-0.1525027073,-0.1537729825,0.7370155815,-0.6402381016,-1.241145732,0.1892076374,-0.03515516314,1.374634951,-0.5683077754,-0.07461178833,-1.099742306,-0.179930644,0.04036940753,1.344310411,-0.675072533,0.1254279767,0.03882603964,-0.03404950757,-0.2066739244,-0.02673179477,0.08494563727,0.5462341132,0.898027207,0.4240748103,-0.02267993985,-0.1611440326,0.1183318081,-0.2536413622,-0.170841732,0.6616910962,-0.06209974303,0.1686884436,0.05490546037
-0.007918596785,0.007317385519,0.6282945214,-0.1492773217,-0.1504076546,0.7374894125,-0.6412512652,-1.226632347,0.1878524843,-0.03350298083,1.36460332,-0.5629849807,-0.07397785518,-1.085845768,-0.1784196074,0.0418426308,1.335157887,-0.6713043973,0.1250164994,0.03945269521,-0.03287036584,-0.2030996269,-0.02154939127,0.08364308974,0.5367283408,0.8867790974,0.4163179778,-0.02118135281,-0.1626762934,0.120796193,-0.252271518,-0.1682896713,0.6580030915,-0.06087938501,0.1668240452,0.05396206991
-0.007861105452,0.00832331764,0.6305625426,-0.1462097915,-0.147194253,0.737912467,-0.6422162718,-1.212644031,0.1866260967,-0.03188539578,1.354596832,-0.5577600602,-0.07334311522,-1.072466544,-0.1768865139,0.04321501667,1.326120736,-0.6675805688,0.1245112453,0.04005142123,-0.03164718604,-0.1999813016,-0.01665914718,0.08251729015,0.5279194849,0.8764342524,0.4093131296,-0.0199810475,-0.1640241934,0.1232366579,-0.2509812508,-0.1658569236,0.6544515325,-0.05977063384,0.165060515,0.05312345268
-0.007852870431,0.009351650782,0.6328268689,-0.1430804242,-0.1439060827,0.7383445747,-0.6431689674,-1.198441047,0.1855034323,-0.0302688264,1.344536996,-0.552593732,-0.0726837143,-1.058876913,-0.175244297,0.04459890895,1.317114568,-0.6639856167,0.1240305545,0.04061366835,-0.03042156808,-0.1963478102,-0.0119471961,0.08170222121,0.5188636277,0.8662871408,0.4020270947,-0.01869072546,-0.1652138539,0.1253888771,-0.2497051989,-0.1634106127,0.6509516539,-0.05862673987,0.163228538,0.05222850206
-0.007894140144,0.01036252816,0.6350349491,-0.140099675,-0.140753177,0.7387290079,-0.6440808002,-1.1847391,0.1844635352,-0.0287115715,1.3345157,-0.5474523068,-0.07200507043,-1.045783021,-0.1735263082,0.04593885252,1.308255958,-0.6604614757,0.1234531501,0.04115355701,-0.02916293259,-0.1931559124,-0.007504728275,0.0810659487,0.5105018553,0.8569879342,0.3954670372,-0.01765075387,-0.1662714151,0.1275100344,-0.2485057003,-0.1610827445,0.6475791663,-0.05759031152,0.1615136387,0.05143817666
-0.007986507921,0.01139447311,0.6372406381,-0.1370370671,-0.137508533,0.7391289985,-0.6449810611,-1.170757148,0.1835117558,-0.0271743306,1.324448531,-0.5423316389,-0.07128291572,-1.032433207,-0.1716827606,0.04730432795,1.299448498,-0.6570640208,0.122895576,0.04166431101,-0.02788984109,-0.1894213083,-0.003249741127,0.08074325776,0.5019216055,0.8479315443,0.3886357949,-0.01652971519,-0.1671493955,0.1293375724,-0.2473300471,-0.1587408348,0.6442698508,-0.05652441803,0.1597270882,0.05058439644
-0.008130656619,0.01240629113,0.6393916332,-0.1341115151,-0.1343885311,0.739484223,-0.6458458858,-1.157235069,0.1826270532,-0.02571231831,1.314424243,-0.5371962847,-0.07053839239,-1.019546046,-0.1697548284,0.04863614102,1.290804876,-0.6537355435,0.1222358075,0.04214885582,-0.02657629119,-0.1861231783,0.0007723441503,0.08058396216,0.4940014542,0.8396507359,0.3824838484,-0.01562510608,-0.1679233732,0.1311469079,-0.2462361985,-0.1565109122,0.6410745432,-0.05555959111,0.1580539125,0.04982760026
-0.008333107766,0.01343166223,0.6415347847,-0.1311249277,-0.1312010488,0.739849065,-0.6466961412,-1.143467628,0.1818426603,-0.02428325853,1.304334806,-0.5321118498,-0.06974358924,-1.006475229,-0.1676844704,0.04998288214,1.282259109,-0.6505884528,0.1216036987,0.04261047691,-0.02523370087,-0.1823829358,0.004642725998,0.0807335011,0.4858604297,0.8316328565,0.3760563828,-0.01464929425,-0.1684663354,0.1326987634,-0.2451784156,-0.1542579431,0.6379555909,-0.05456657398,0.1563021737,0.04900318947
-0.008594276105,0.01443212579,0.6436200119,-0.1282863181,-0.1281506839,0.7401625012,-0.6475179493,-1.130186106,0.1811244727,-0.02294597409,1.294283463,-0.5270334587,-0.06894223194,-0.9938993484,-0.1655252164,0.05128692183,1.27391073,-0.6475547147,0.1208802627,0.04304023051,-0.02384066424,-0.1791229397,0.008327626341,0.08102460567,0.4783414836,0.8243139446,0.370262909,-0.0138617408,-0.1689249723,0.1342607356,-0.2442082188,-0.1521116757,0.634942459,-0.05366755985,0.1546597668,0.04827014014
-0.008921928064,0.01544282908,0.6456828136,-0.1254013835,-0.1250383141,0.7404914567,-0.6483149818,-1.116707069,0.1805010409,-0.02166523205,1.28421487,-0.5220461491,-0.0681124537,-0.9812312114,-0.1631347824,0.05266958571,1.26575569,-0.6447359017,0.1201971538,0.04346209639,-0.02243426896,-0.17548016,0.0118646132,0.08158419436,0.4706746524,0.8172582607,0.3642668723,-0.01301095162,-0.1692063887,0.1355863831,-0.243274825,-0.1499563943,0.6320024991,-0.05275451634,0.1529650084,0.04748676355
-0.009315870945,0.01642709412,0.6476767866,-0.1226692874,-0.1220593451,0.7407678052,-0.6490892242,-1.103747198,0.1799254958,-0.02049962575,1.274241458,-0.5170932295,-0.06731050934,-0.9690962605,-0.1606136513,0.05405715172,1.25787553,-0.6420547857,0.1194327809,0.04384006687,-0.0209881316,-0.1723274783,0.01523661877,0.08224059484,0.4636153259,0.8108306758,0.3588791067,-0.01232209702,-0.1694473435,0.1369372483,-0.2424291386,-0.1479129437,0.6291591691,-0.05193154398,0.1513843736,0.04679378267
-0.009784026335,0.0174221819,0.6496468121,-0.1198951734,-0.1190192944,0.7410546226,-0.64984429,-1.090627477,0.1794292758,-0.01941514266,1.264288609,-0.512227098,-0.06651596032,-0.9568832517,-0.1577971018,0.05556678838,1.250229605,-0.6396238236,0.1187220252,0.04420057386,-0.01953492516,-0.1687996625,0.01844271822,0.08310786014,0.4564563631,0.8046397276,0.3533288162,-0.01157837467,-0.1695448327,0.1380465194,-0.2416078712,-0.1458753958,0.6263940626,-0.05110009464,0.1497652747,0.04605641241
-0.01032568994,0.01839189932,0.6515487785,-0.1172754703,-0.1161072257,0.7412800462,-0.6505916302,-1.078042994,0.1789534207,-0.01846264034,1.254454243,-0.5073813264,-0.06578086576,-0.9451928505,-0.1548256476,0.05711178028,1.242881436,-0.6373526042,0.117937166,0.04449540459,-0.01805263593,-0.165745034,0.02148358216,0.0840166473,0.4498729146,0.798997607,0.3483493568,-0.0109766028,-0.1696309709,0.1391823322,-0.2408635575,-0.1439518593,0.6237171616,-0.05035184846,0.1482592203,0.04540416982
-0.01093774155,0.01938315662,0.653472358,-0.1144844818,-0.1130335783,0.7415275744,-0.6513475033,-1.064941729,0.1784922211,-0.01763575241,1.244616485,-0.5025050145,-0.06502538063,-0.9329327921,-0.1515324416,0.05877028887,1.235537526,-0.6351449741,0.1171955913,0.04474778599,-0.01656583605,-0.1619184007,0.02425776839,0.08505792413,0.4432298469,0.7935503974,0.3432050326,-0.01033559825,-0.1695904731,0.1399778407,-0.240115248,-0.1420571167,0.6211282952,-0.04958981783,0.1467360933,0.04468436553
-0.01162255341,0.02034675881,0.655364637,-0.1117916806,-0.1100388626,0.741717571,-0.6521112741,-1.05214285,0.1780041382,-0.01694975239,1.234807377,-0.4975479662,-0.06428277896,-0.9209081121,-0.1480706547,0.0604627785,1.228289895,-0.6329505539,0.1163468683,0.04491504647,-0.01509112329,-0.1584330204,0.02686838286,0.08608440025,0.4371143737,0.7885534926,0.338585498,-0.009824030255,-0.1695604394,0.1408014921,-0.2394164476,-0.1402670021,0.6186020134,-0.04890183644,0.1453277291,0.04403962332
-0.0123945078,0.02131570493,0.6572347508,-0.1090830834,-0.1070035672,0.7419108725,-0.6528547884,-1.039198243,0.1776379212,-0.01632575021,1.224944923,-0.4926465154,-0.06356518931,-0.9088661513,-0.1442924625,0.06229123018,1.221267002,-0.630971308,0.1155884167,0.04504832991,-0.01364440129,-0.1546823919,0.02936253731,0.08723087482,0.4308458871,0.7836598776,0.3337746769,-0.009283000013,-0.1693848525,0.1414310185,-0.2387195884,-0.1384478577,0.6161217489,-0.04820787369,0.1438461731,0.04335747197
-0.01325103722,0.02225467581,0.6590388648,-0.1065480988,-0.1041100302,0.7420305004,-0.6536048812,-1.026783614,0.1773047399,-0.01581536794,1.215112909,-0.4877476348,-0.06290600558,-0.8973767208,-0.1403993811,0.06412997309,1.214520122,-0.6291008231,0.1147570342,0.04508826538,-0.01219901613,-0.1514790519,0.03174509496,0.08832610316,0.425032626,0.779136843,0.3294436906,-0.008865665202,-0.1692268779,0.1421428463,-0.2380836023,-0.1367117248,0.6136740039,-0.04758257307,0.1424490024,0.04275607147
-0.01418606251,0.02319682149,0.6608110508,-0.1039796827,-0.1011751138,0.7421449398,-0.6543490737,-1.014283898,0.1770209074,-0.01542392337,1.205334166,-0.4829211613,-0.06224553897,-0.8857993297,-0.1362573313,0.06606805982,1.207904814,-0.6272582538,0.1139667805,0.04507069824,-0.0107764415,-0.1479729027,0.03397409252,0.08947420608,0.41920139,0.77469074,0.3250079676,-0.008418130094,-0.1689932944,0.1426599361,-0.237443435,-0.134974467,0.611238679,-0.0469538249,0.1410230321,0.04214779276
-0.01519910055,0.02410728558,0.6625097579,-0.1015718134,-0.09837144647,0.7421860545,-0.6551076902,-1.002340901,0.1767225701,-0.01517971144,1.195685887,-0.4781155306,-0.06162549121,-0.8747286992,-0.132061851,0.06799663326,1.201527569,-0.6254020601,0.1130869487,0.04495213365,-0.00938342789,-0.1449626151,0.03607784125,0.09054367171,0.4138369889,0.7705637657,0.321034826,-0.008076539569,-0.1688007499,0.1432514633,-0.2368470805,-0.1333269862,0.6088228588,-0.04638755921,0.1396896475,0.04162024117
-0.01626960265,0.025004198,0.6641492606,-0.09916346892,-0.09553995502,0.7422240771,-0.6558522264,-0.9904329721,0.1763895905,-0.01507557477,1.186262333,-0.4735318848,-0.0610211058,-0.8636773515,-0.1278540122,0.06997896285,1.195247978,-0.6233025486,0.1122456119,0.0447499334,-0.008062774559,-0.1417379685,0.03805957361,0.09166678157,0.4084441821,0.7664910468,0.3169341952,-0.007695169812,-0.168501685,0.1436992933,-0.2362559798,-0.1316697768,0.6064202494,-0.04582135968,0.138312435,0.04107751845
-0.01739796951,0.02585767353,0.665694607,-0.0969226497,-0.09283839262,0.742209039,-0.6565917873,-0.979133298,0.1760125006,-0.01512590384,1.177135424,-0.4691143262,-0.06046047632,-0.8532070791,-0.123758513,0.07190847972,1.189257786,-0.6210613749,0.1113546713,0.04445609224,-0.006814397729,-0.1390024171,0.03993480533,0.09272158048,0.4034791292,0.7627011108,0.3132515034,-0.007405412312,-0.1682367426,0.1442303387,-0.2357048826,-0.1300972092,0.6040516843,-0.04531257486,0.1370176546,0.04060444617
-0.01855676636,0.02668878074,0.6671619926,-0.09465273461,-0.09006917037,0.7421990662,-0.6573195193,-0.9678405315,0.1754787392,-0.0153451685,1.168430455,-0.4650556035,-0.05991373821,-0.8427408035,-0.1198665388,0.07385212398,1.183456809,-0.6183903785,0.1105917714,0.04407050378,-0.005680046364,-0.1359576197,0.04164590122,0.09381538749,0.3985524762,0.7589750729,0.3094849065,-0.007082676119,-0.1678975273,0.1446067438,-0.2351615573,-0.1285401846,0.6017209301,-0.04479812876,0.1356973647,0.04012592958
-0.01974689459,0.02746659271,0.6685227317,-0.09252069256,-0.0874029185,0.7421662244,-0.658019716,-0.9571080806,0.1748579701,-0.01573369168,1.160195946,-0.4613034354,-0.05937798124,-0.8328549089,-0.1162370737,0.07569199171,1.17806917,-0.6155367979,0.1098502917,0.04363509436,-0.004645404423,-0.133323855,0.04324772601,0.09484166053,0.394043035,0.75551611,0.3061110699,-0.006840627526,-0.1676012708,0.1450450613,-0.2346549392,-0.127071999,0.5994584077,-0.04433437341,0.1344651859,0.03971201645
-0.02092747516,0.02821001834,0.6697706046,-0.09034253925,-0.08466023487,0.7421448432,-0.6587047153,-0.946467768,0.1739454452,-0.01635212363,1.152683409,-0.4581666582,-0.05887333014,-0.8230731716,-0.1130276275,0.07744982518,1.173144404,-0.6124058973,0.1093151926,0.04314013355,-0.00371703362,-0.1303965798,0.04466189914,0.09588139869,0.3896103704,0.752153476,0.3027100909,-0.006541100125,-0.1672808755,0.1453364665,-0.2341918386,-0.1256257414,0.5972730582,-0.04388525656,0.1332289317,0.03932329469
-0.02210133884,0.02888972923,0.6708881835,-0.08827416153,-0.08201128281,0.7421340328,-0.6593321616,-0.9364021926,0.172904517,-0.01718029757,1.145891662,-0.4555670721,-0.05839459399,-0.8139153285,-0.1101965086,0.07903803335,1.168844668,-0.6092917216,0.1088866647,0.04267209154,-0.002875996138,-0.1278598145,0.04597647913,0.09684813029,0.3855720616,0.7490656131,0.2996778073,-0.006301689961,-0.1670120356,0.1456598928,-0.2337746925,-0.1242644454,0.5952152319,-0.0434869663,0.1320880582,0.03899890554
-0.0232327643,0.02952633775,0.6718783523,-0.08620650489,-0.07934389101,0.7421517457,-0.6599119425,-0.9266419053,0.1715718423,-0.01822548097,1.140013379,-0.4538200206,-0.05795487626,-0.8050925167,-0.1079294483,0.08043200851,1.165194379,-0.6062511745,0.1087685041,0.04220885874,-0.002128424026,-0.1252017913,0.04715571436,0.09782805048,0.3815777366,0.7460950946,0.2965661431,-0.005989521579,-0.1666473698,0.1458618062,-0.2334268501,-0.1229130037,0.5933200429,-0.04310199603,0.1309372277,0.03868411908
-0.02432781201,0.03009759926,0.6727349786,-0.08425623251,-0.07680033423,0.742210593,-0.6603983885,-0.9175312574,0.1701592278,-0.01946058986,1.134969835,-0.452763172,-0.05756677456,-0.7969753805,-0.1060406259,0.08160444611,1.162250161,-0.6035249406,0.1088196866,0.04183826041,-0.001448352186,-0.1229570099,0.0482724148,0.09874837913,0.3779395015,0.7433980645,0.2937750048,-0.005725804162,-0.1663106529,0.146068499,-0.2331174255,-0.1216409157,0.5916245553,-0.04276203093,0.1298839296,0.03841936218
-0.02536080936,0.03062977587,0.6734672423,-0.08231424206,-0.0742602865,0.7423087793,-0.6608233134,-0.9087827426,0.1685451495,-0.0208418344,1.130832187,-0.4524438414,-0.05718498589,-0.7892381208,-0.1046180049,0.08259841674,1.160008756,-0.6011621366,0.1091896679,0.04151678677,-0.0008499094518,-0.1206248114,0.0492513121,0.09966913899,0.3744199552,0.7408297571,0.2909789415,-0.00540981974,-0.1659353907,0.1461322357,-0.2328573695,-0.120404236,0.5901196934,-0.04243053928,0.1288444801,0.03818017782
-0.02633747726,0.03110285978,0.6740750712,-0.08047860172,-0.07185040506,0.7424577644,-0.6611483813,-0.9006614213,0.1669114943,-0.02234903367,1.127480926,-0.4526773416,-0.05684016764,-0.7821615145,-0.1034537296,0.08341887072,1.15843742,-0.599304527,0.109710492,0.04131115097,-0.0002983123917,-0.1186675799,0.05017387743,0.1005322533,0.3712524621,0.7385227179,0.2884900252,-0.005140661883,-0.1656015777,0.1461666863,-0.2326150761,-0.1192524564,0.5888262328,-0.04213720912,0.1279087613,0.03798618748
-0.02723301845,0.03154807799,0.674589018,-0.0785669382,-0.06938754944,0.7426404201,-0.6614361728,-0.8926326478,0.1650901469,-0.02395485559,1.124875187,-0.4533493776,-0.05649507966,-0.7751456354,-0.1026287939,0.08411452373,1.15744921,-0.5979352386,0.1104925981,0.04113742643,0.0002119385618,-0.1163893559,0.0509045471,0.1013691787,0.3682405121,0.7363638548,0.2860258162,-0.004803141309,-0.1652769651,0.1459996305,-0.2324107924,-0.1181560009,0.5877280244,-0.04185597869,0.1270166268,0.03782172792
-0.02805279475,0.03193855419,0.6750070427,-0.07671291756,-0.06702536329,0.7428693947,-0.661640228,-0.8850364378,0.1632465948,-0.02563455681,1.122888919,-0.4543092953,-0.05615396866,-0.7685526851,-0.1019604526,0.08470045573,1.156957005,-0.5971097834,0.1113527578,0.04107035078,0.0007049504962,-0.1143826002,0.05158936207,0.1021348894,0.3655470198,0.7344492924,0.283841236,-0.004498951064,-0.1650019505,0.1457956368,-0.2322187968,-0.1171390832,0.5868185678,-0.04160863571,0.1262316884,0.03769529227
-0.02878979621,0.03229290571,0.675324553,-0.07485800899,-0.06471356355,0.743102135,-0.661821464,-0.877772103,0.1613572533,-0.02734365326,1.12149837,-0.4554518276,-0.05571909601,-0.7622011645,-0.1015387635,0.08515764331,1.156946049,-0.5968629103,0.1124046634,0.04101753257,0.001228200899,-0.112363711,0.05219145739,0.1028942281,0.3628892363,0.7326520111,0.2816031044,-0.004149179301,-0.1646521758,0.1454865409,-0.2320885154,-0.1161481761,0.5860794902,-0.04136227713,0.1254302796,0.03758212556
-0.02944796065,0.03259432797,0.6755447041,-0.0730901235,-0.06254969161,0.7433557116,-0.6619423359,-0.8710494542,0.159538942,-0.02906768777,1.120608666,-0.4566550603,-0.05528353666,-0.7563326158,-0.1012198863,0.0855107931,1.157337027,-0.5971739052,0.1134770524,0.04104706492,0.00178819194,-0.1107119851,0.0527888187,0.1035923732,0.3604739482,0.7310619129,0.2795964488,-0.003841118397,-0.1643275234,0.1451777987,-0.2319839232,-0.1152277958,0.5854965512,-0.04114308626,0.1247060475,0.03749478872
-0.03003011243,0.03286057087,0.6756784658,-0.07136707303,-0.06048697609,0.7436014623,-0.6620460195,-0.8647448867,0.1578607934,-0.03070504948,1.12012448,-0.457769812,-0.05475223566,-0.7507847202,-0.1010732185,0.08575487468,1.15807483,-0.5980261166,0.114663806,0.04108175456,0.002389223068,-0.1091642103,0.05331875474,0.104271409,0.3581533669,0.7295799657,0.2775949982,-0.003482242596,-0.1639701159,0.1447874885,-0.2319232501,-0.1143596048,0.5850458473,-0.04092554015,0.123989605,0.03742423543
-0.0305379886,0.03308086171,0.6757315515,-0.06974713988,-0.05858669194,0.7438501745,-0.6621101524,-0.8590037235,0.1563507402,-0.03226958002,1.120009822,-0.4587761413,-0.05428059673,-0.7457235106,-0.1009988795,0.08591353064,1.159099965,-0.5993407162,0.1158156632,0.04116648994,0.003032977894,-0.1079643215,0.05382786049,0.1048857065,0.3560740846,0.7282859027,0.2758163399,-0.003157066001,-0.163647751,0.1443944802,-0.2318822466,-0.1135747611,0.5847117494,-0.04073241533,0.1233505052,0.03737250568
-0.03097748644,0.03327345452,0.6757319445,-0.06818661047,-0.05680317138,0.7440782977,-0.662171785,-0.8536645158,0.1550383305,-0.03369374959,1.120130335,-0.4595670888,-0.05379482743,-0.740969052,-0.1010489431,0.08597707471,1.160314442,-0.6010277506,0.1170256561,0.04122550258,0.003720591291,-0.1068489611,0.05425308865,0.1054718743,0.3540986175,0.7270977068,0.2740588454,-0.002799147408,-0.1633118666,0.1439283627,-0.2318641015,-0.1128555999,0.5844639385,-0.04053636421,0.1227149618,0.03733073863
-0.03134991957,0.03342982643,0.6756845246,-0.06673205963,-0.05517765108,0.7442934722,-0.6622155889,-0.8488429248,0.153912368,-0.03499564283,1.120485555,-0.460201674,-0.05341969171,-0.736647005,-0.1011574059,0.0859687201,1.161665323,-0.6029729743,0.1181624768,0.04129592346,0.004440393692,-0.1060018329,0.05463196756,0.1059938587,0.3523352726,0.7260712531,0.2725019538,-0.002476086889,-0.1630136712,0.1434613468,-0.2318523821,-0.1122189797,0.5842851674,-0.04036094199,0.1221449808,0.03729990923
-0.03165685347,0.03357411297,0.6756440007,-0.0652566679,-0.05358045964,0.7444794821,-0.6622846838,-0.8440610252,0.1528440159,-0.0361811269,1.120862088,-0.4605357463,-0.05311914065,-0.7322896207,-0.1013695138,0.08590169922,1.162990077,-0.6049906307,0.1193139538,0.04129935534,0.005176940137,-0.1049357156,0.05484845023,0.1064644652,0.3506910375,0.7251316816,0.2709886744,-0.002118373006,-0.1627461809,0.1428784434,-0.2318328172,-0.1116610909,0.5841492017,-0.04018344877,0.1215927144,0.03727805852
-0.03190092358,0.03368916573,0.6756065085,-0.06385032551,-0.05209063734,0.744647221,-0.6623520346,-0.8395508787,0.1518644822,-0.03724591626,1.121277868,-0.460700928,-0.05291652203,-0.7281295932,-0.1016315926,0.08579364804,1.164217581,-0.6069625309,0.1203578939,0.04129610029,0.005907404195,-0.1040071535,0.05500484528,0.1068662797,0.3492240233,0.7243044131,0.2696557165,-0.001792541135,-0.1625246778,0.1423081762,-0.231801272,-0.1111690792,0.5840277529,-0.04002424066,0.121101457,0.03726470783
