0,0,0.1598119733,0,0.747987321,0,0.6637130161,-0.2967059567,0.004737286331,-0.001326690937,0.261799383,0.04300042254,-0.004824476483,-0.2967059567,0.006154305126,-0.003144276506,0.261799383,0.07750472236,-0.006836346141,0.001849534515,0.003894717071,-0.324289502,0.3870620555,0.1693457734,-0.1565786097,-0.5902451052,1.299651892,0.1513832238,1.248698695,0.3491489997,-0.1073087095,0.06960361738,-0.5908880537,-1.656898832,0.1004484345,-1.229791481
1.960194247e-05,-5.704077316e-05,0.1589806408,2.300563516e-06,0.7480163201,-1.641689915e-05,0.6636803331,-0.2981716386,0.004556692751,-0.001778665437,0.2652946343,0.04018228893,-0.004838773677,-0.2981933712,0.006833454343,-0.002415214798,0.2649032705,0.07522589454,-0.006906209762,0.001580557461,0.003343822896,-0.3240314383,0.3864016269,0.1691327984,-0.1557313302,-0.5853000937,1.299010582,0.151817324,1.252488773,0.3482577538,-0.1074023745,0.06720478206,-0.5821327866,-1.656174853,0.101521687,-1.232013612
6.340452641e-05,-0.0001632710541,0.1572666946,1.523731515e-05,0.7480173725,-5.740871079e-05,0.6636791446,-0.3001590312,0.00426936862,-0.00228336099,0.2700714165,0.0369436303,-0.004853939826,-0.3002844797,0.007905793781,-0.001666380111,0.2691345463,0.07262664847,-0.00698277213,0.001184109294,0.002261095447,-0.3233636508,0.3854521593,0.1688167646,-0.1543690283,-0.5769099793,1.298039413,0.1525516521,1.257030507,0.3471666481,-0.1077537976,0.06315182018,-0.5672473667,-1.655080129,0.103003755,-1.234389466
0.0001727950109,-0.0001829674268,0.1547338807,-4.547456169e-05,0.7477483812,-0.0006058278375,0.6639819194,-0.3005573873,0.003103172983,-0.002680599098,0.2753467914,0.03445209455,-0.004897826185,-0.3025659767,0.007633002608,-0.001035954405,0.2719448999,0.07164499975,-0.007275907533,0.001307798225,0.001386250896,-0.3225426772,0.380926433,0.1685277199,-0.1524485819,-0.5590330402,1.294482826,0.1541442034,1.183414694,0.3436986069,-0.1086115474,0.06164350891,-0.5478833899,-1.652943799,0.1017637,-1.230750972
0.0003301903618,-9.494641698e-05,0.151351105,-0.000351748756,0.7472896334,-0.001652276114,0.6644963131,-0.2993840548,0.00154568861,-0.002687803802,0.2807140836,0.03261760457,-0.004925934731,-0.3052432147,0.006577946102,-0.0001066294723,0.2743652133,0.0719635275,-0.007573103605,0.0005354817111,0.001839891242,-0.3219957972,0.3726564062,0.1687717625,-0.1502261852,-0.5345659612,1.291133612,0.154811831,1.143011177,0.3434763126,-0.1098499455,0.06274942475,-0.5371035615,-1.651927277,0.1005684535,-1.224625704
0.0004866168681,-1.413120541e-05,0.1470760475,-0.0004716591535,0.7467602153,-0.002163684494,0.6650896758,-0.2971732791,0.002412863093,-0.001104647967,0.286177265,0.03020477203,-0.003868876149,-0.3054496996,0.005603823629,0.0008524489049,0.2811382635,0.07099787412,-0.007864138175,-0.001084031166,0.002845542897,-0.3233597495,0.3771443754,0.1699059661,-0.1497420668,-0.5264062418,1.289806332,0.1558533248,1.121023152,0.3547648604,-0.111124316,0.06587158196,-0.5388643846,-1.651398474,0.09977835384,-1.219702987
0.0007235011108,9.474298893e-05,0.141942396,-0.0005121257489,0.7461276131,-0.002370958609,0.665798544,-0.2930450883,0.003550131215,-0.000979373665,0.2930832157,0.02691763134,-0.003485224876,-0.3023182777,0.004921748985,0.002107517013,0.2905612675,0.0679952004,-0.007824431945,-0.002513061886,0.00404052647,-0.3269623664,0.3949277592,0.1714188912,-0.1510686167,-0.5317024199,1.290177493,0.1565816478,1.111472491,0.3751819372,-0.1123748437,0.0699127484,-0.549099413,-1.651201426,0.09905156454,-1.218269147
0.001039752912,0.0001084459543,0.1360050662,-0.000492814857,0.7455484115,-0.002528434511,0.6664464946,-0.2872928986,0.00439606394,-0.00173944147,0.3012182043,0.02264513401,-0.003786532082,-0.2967005105,0.004453927865,0.003164122799,0.301002426,0.0630775034,-0.00757448618,-0.003256198403,0.003997771126,-0.3332105534,0.4221780974,0.1718680047,-0.1538895249,-0.544839779,1.292028248,0.1563729973,1.118960439,0.4032772792,-0.1134468542,0.0743772498,-0.5649331198,-1.650974149,0.09847383263,-1.219287293
0.001476460739,4.688206049e-05,0.1293614711,-0.0004688061289,0.7449987378,-0.00268628926,0.6670603007,-0.2797002725,0.004959413564,-0.002819829205,0.3096708718,0.01745120839,-0.00438694109,-0.2886611307,0.004145328575,0.003846635056,0.3109604044,0.05672121673,-0.007224745418,-0.003296539043,0.002984101301,-0.3419846536,0.4557424461,0.1716922578,-0.1576203255,-0.5626619101,1.294970832,0.1550244676,1.134016304,0.4371735073,-0.1143244126,0.07902075657,-0.5841036582,-1.650641315,0.097957314,-1.221921194
0.002042981471,-7.431627871e-05,0.1221404329,-0.0004921344426,0.7444736773,-0.002888789526,0.6676453823,-0.2704969501,0.005395455615,-0.003459702324,0.3177440709,0.01168828977,-0.005237489336,-0.2787758663,0.003926155231,0.003524890728,0.3198496091,0.0495317423,-0.006705843296,-0.002685547089,0.001252192497,-0.3525384625,0.4936312941,0.1711984171,-0.1618848449,-0.5834643551,1.298600222,0.152584798,1.151932766,0.4755169434,-0.1152098764,0.08383207035,-0.6054375362,-1.650154311,0.09754043676,-1.225807641
0.002743071933,-0.0002389170251,0.1145673906,-0.0006010205374,0.7441821344,-0.003165810955,0.6679689867,-0.2606670426,0.005863879051,-0.003495544748,0.3246190732,0.005976518338,-0.005967898725,-0.2681513173,0.003768253597,0.002625571024,0.3269590069,0.04225814919,-0.006347321963,-0.001529198392,-0.0009765633235,-0.3649973843,0.5340453665,0.170674227,-0.166492099,-0.6057241265,1.302727494,0.1493579396,1.170377748,0.5167178977,-0.1160403893,0.08867487241,-0.6276913331,-1.649501205,0.09713763043,-1.230726924
0.003622968415,-0.0003892015899,0.1085548204,-0.0005792835333,0.7471737823,-0.003189116351,0.664620819,-0.259824144,0.006281673109,-0.00327272676,0.3240947896,0.002538904406,-0.00637331248,-0.2666772663,0.003743199711,0.001727649454,0.3266972621,0.03740793477,-0.006554667023,-0.0005833784885,-0.003277739377,-0.3831046281,0.5713038524,0.1691551763,-0.1707969779,-0.6272339809,1.307226533,0.1456149217,1.18918665,0.5554250963,-0.1164068814,0.09296789619,-0.6489538595,-1.648647795,0.09703191475,-1.237380872
0.00452539759,-0.0005289990076,0.1042811368,-0.0005123529829,0.7516789107,-0.003092657309,0.6595217874,-0.2643378166,0.00678253385,-0.00314315122,0.3181120504,0.001502087534,-0.0063029869,-0.2706986736,0.003771123926,0.001250381631,0.3208563754,0.03563446483,-0.007146981834,0.0002713138319,-0.00566917478,-0.4001892831,0.6032281111,0.1667384637,-0.1744722039,-0.6473774707,1.312014733,0.1417425114,1.208321092,0.5892960354,-0.1160019843,0.09639762573,-0.6685947591,-1.647632972,0.09727183429,-1.246148235
0.005340297019,-0.0006698201678,0.1015738058,-0.0004128635359,0.7560478158,-0.002937008555,0.6545096666,-0.2699621681,0.007381461511,-0.002959190397,0.3097907561,0.002080806544,-0.005824798374,-0.2759126497,0.003946021998,0.0007921702071,0.312580019,0.03658631494,-0.007859483736,0.0009754284552,-0.008196466265,-0.4117345075,0.6288368046,0.1635418723,-0.1772850085,-0.6655051939,1.316834623,0.1378699977,1.227380343,0.6166611151,-0.1148865247,0.09897667273,-0.6853597696,-1.646400894,0.0979914875,-1.257502421
0.006004805672,-0.0008179940173,0.1001191759,-0.0002982371219,0.7596557108,-0.002775368237,0.6503194672,-0.274879948,0.008095709748,-0.002687992779,0.3015528234,0.002813299468,-0.005236376857,-0.2805142882,0.00419224275,0.0003210525228,0.3043238321,0.03820237185,-0.008518785228,0.001650189012,-0.01086942705,-0.4166212662,0.6478634779,0.1598754849,-0.1795123284,-0.6810471757,1.321436782,0.1341397831,1.246467206,0.6373005238,-0.1130832422,0.1006164724,-0.6988131997,-1.644788978,0.09904274592,-1.271648053
0.006524826215,-0.0009612829464,0.09963236707,-0.0001912013771,0.7621999438,-0.002606122118,0.647336402,-0.2779887701,0.008759243538,-0.002167235653,0.2949786568,0.002960328837,-0.004876824367,-0.2833589699,0.004660600402,-0.0004247450224,0.2975215687,0.03965878666,-0.009062985802,0.002298871023,-0.01350896218,-0.4151291931,0.6599449918,0.1558979453,-0.181387052,-0.6930464968,1.325187237,0.1303779025,1.26676673,0.6508858898,-0.1109280131,0.1012789119,-0.708554229,-1.642804118,0.100332031,-1.28709756
0.006911065752,-0.001104022321,0.09979720886,-0.0001029024568,0.7637786473,-0.002482135602,0.6454734745,-0.2793629526,0.00934614945,-0.001373274454,0.2902833105,0.002949474108,-0.004631492,-0.2845746344,0.005270957298,-0.00140463131,0.2925047236,0.04094867222,-0.009504024925,0.002895258577,-0.01610444439,-0.4086585563,0.6660328509,0.1518466093,-0.1833466936,-0.7017613473,1.327903801,0.1268504529,1.288220968,0.6587678419,-0.1086549223,0.1012136407,-0.7154632635,-1.640542736,0.1017439477,-1.301311071
0.007187525486,-0.001222107505,0.1003934157,-5.359335668e-05,0.7645064689,-0.002453133146,0.6446113854,-0.2791391188,0.009624209173,-0.0002928044569,0.2873573414,0.002411478336,-0.004485329618,-0.2843584501,0.006000292868,-0.002577129461,0.2893970793,0.0416555186,-0.009843240354,0.00339560312,-0.01847084097,-0.3988579851,0.6672569225,0.1479266167,-0.1853400254,-0.7074155417,1.329693652,0.1238035433,1.309980244,0.6618597649,-0.1065799574,0.10059973,-0.719671057,-1.638200553,0.103154383,-1.31381276
0.007370925151,-0.001316710849,0.1011842006,-2.506488739e-05,0.7645535564,-0.002487404192,0.6445554061,-0.2777463605,0.009610135984,0.0009756364623,0.2860447273,0.00188418266,-0.004391689455,-0.2831133778,0.006822637697,-0.003978953323,0.288014462,0.04223699518,-0.01010661287,0.003670067733,-0.02053312807,-0.3872855925,0.665905302,0.144383751,-0.1872619343,-0.7113676573,1.330855025,0.1214396573,1.329996967,0.6625503825,-0.104883243,0.09978176501,-0.7225579215,-1.635926015,0.1045172384,-1.323958002
0.007473415253,-0.001372483502,0.1020409087,-1.912236789e-05,0.7640382517,-0.002566516039,0.6451658411,-0.2756479977,0.009174827504,0.002191190132,0.286282802,0.001037357854,-0.004384268533,-0.2812480182,0.007732315491,-0.005357064988,0.2882896422,0.04278763227,-0.01034347794,0.003806880585,-0.0221511959,-0.375279521,0.6632998473,0.1414649172,-0.1888209877,-0.7141576335,1.331560121,0.1196993563,1.346933706,0.661813315,-0.1036258676,0.09883017765,-0.7245297152,-1.633858074,0.1056987887,-1.332001046
0.007521032099,-0.001393684443,0.1028520869,-3.044377823e-05,0.7631019751,-0.002668855124,0.6462725833,-0.2731848434,0.008310585612,0.003176466012,0.2875577364,0.0003243131512,-0.00440717017,-0.2790757884,0.008780724958,-0.006615732865,0.2896730319,0.04343965742,-0.01054364256,0.003810165904,-0.02335154864,-0.3638288726,0.6607688148,0.1393640897,-0.1900749992,-0.7164646321,1.331846411,0.1185100563,1.360074629,0.6605727693,-0.1027779787,0.09789400695,-0.7259271825,-1.632025042,0.1066572137,-1.337966858
0.007526432222,-0.001368445759,0.1036481684,-6.719130426e-05,0.7618751482,-0.002791470605,0.6477178875,-0.2709543286,0.00693440716,0.003864279047,0.2891745817,-0.0007491031116,-0.0043982187,-0.2771346456,0.009942896759,-0.007530753705,0.2916650837,0.04353713083,-0.0107501013,0.003799896887,-0.02411310386,-0.3535800572,0.657975689,0.1380041823,-0.1909715539,-0.7178410912,1.331769818,0.1177302633,1.369837914,0.6583559051,-0.1022924485,0.096922397,-0.7263177441,-1.630448752,0.1073784455,-1.342063716
0.007490530171,-0.001298439965,0.1044267722,-0.0001307841436,0.7604583296,-0.002899764422,0.6493802455,-0.2691298247,0.005146936364,0.004309440129,0.2906648411,-0.001807927036,-0.00438637516,-0.2755437206,0.01123902673,-0.008222586851,0.2936491859,0.0434908367,-0.01093439195,0.003770253813,-0.02441560982,-0.3448221567,0.6548630845,0.1373564084,-0.1916102138,-0.718289309,1.331184379,0.1172578512,1.376362603,0.6551222763,-0.1021054746,0.09590125502,-0.7256796916,-1.629160908,0.1078523665,-1.344108235
0.007385119059,-0.001169366826,0.1052931188,-0.0002195090467,0.7589608018,-0.002963904964,0.6511295327,-0.2681991389,0.003139144132,0.004718270686,0.2914555919,-0.003178397043,-0.004484012072,-0.2747704425,0.01243047821,-0.008806047921,0.2951015515,0.0430620432,-0.01103397963,0.003776940487,-0.02418486553,-0.3374626305,0.6505300867,0.1372589114,-0.1919682006,-0.7174948837,1.329943713,0.1170179562,1.379320691,0.6502508045,-0.1022260773,0.09469557292,-0.7239237258,-1.628172928,0.1081241985,-1.344080134
0.007187890156,-0.0009867297477,0.106293404,-0.0003303771401,0.7574361108,-0.002960971417,0.6529024901,-0.2682115299,0.0009991307302,0.005148603872,0.2914138368,-0.004607692888,-0.004610278545,-0.2748251476,0.01351191638,-0.009414108924,0.2957737012,0.0424742177,-0.01109636073,0.003767870032,-0.02342910453,-0.3313771584,0.6446851296,0.1375386108,-0.1921196744,-0.7154707622,1.327944786,0.1170339843,1.378500624,0.6435547182,-0.1026065221,0.093294422,-0.7210936037,-1.627505932,0.1082400354,-1.341918864
0.006842529453,-0.0007588679229,0.1075794995,-0.000431086327,0.7559274078,-0.002860327302,0.6546490562,-0.2696548319,-0.00105644432,0.005680728611,0.2902038897,-0.005206978175,-0.004687390386,-0.2761959587,0.01426441213,-0.01012811916,0.2955307866,0.04194512189,-0.01115077184,0.003717178903,-0.02225171384,-0.3259755217,0.6363393928,0.1379767612,-0.1919447457,-0.7120539192,1.325320488,0.1171816609,1.374880937,0.634370365,-0.1032171509,0.09156471593,-0.7171914085,-1.627106388,0.1082924432,-1.337927585
0.006383452461,-0.0005638854088,0.1090669941,-0.0005387713078,0.7544497494,-0.002824675785,0.6563515115,-0.2711924531,-0.002566339202,0.006167291244,0.2911044548,-0.005188765033,-0.004098124468,-0.278155041,0.0146909154,-0.01063543156,0.2961234713,0.04257343165,-0.01127578112,0.003648496414,-0.02113608111,-0.3215741214,0.626049381,0.1386789691,-0.1913820763,-0.7074764216,1.322194803,0.1175447784,1.369531735,0.6231285006,-0.1038143664,0.08979037681,-0.7120949751,-1.627006173,0.1082877047,-1.332292388
0.00588366169,-0.0004132750628,0.1107128817,-0.0006123852539,0.7530018457,-0.002889580388,0.6580117748,-0.2723463167,-0.003530474003,0.006526218641,0.2946167921,-0.005564882245,-0.003241582975,-0.2799585246,0.01467855003,-0.01083187458,0.2993275269,0.04299083352,-0.01142297082,0.003584398129,-0.0203067744,-0.3182243236,0.6138486819,0.1395360807,-0.190389504,-0.7014568033,1.31872934,0.1180725012,1.363778643,0.6100191375,-0.1043599964,0.08801860986,-0.7055053961,-1.627114661,0.1082647816,-1.325766972
0.005426034712,-0.0002904187621,0.1123603289,-0.0006619624464,0.7515461609,-0.003005026071,0.6596733279,-0.2728082022,-0.004151276132,0.006719715012,0.2998407995,-0.00639919313,-0.002640799351,-0.2810939382,0.01445215944,-0.01078225034,0.3046030201,0.04287392607,-0.01138781318,0.003524796436,-0.01964750389,-0.316370335,0.6008335811,0.1404112057,-0.1892433075,-0.6940339812,1.315091696,0.1188019517,1.35782426,0.5961243523,-0.1049609669,0.08633884567,-0.6974659909,-1.627400642,0.1082056886,-1.318450806
0.00502436605,-0.0001830337068,0.1140250924,-0.0006705630144,0.7500147082,-0.003163337391,0.6614132454,-0.2725128625,-0.004635426994,0.00677304626,0.3058834916,-0.0076051042,-0.00235511371,-0.28152329,0.01404876248,-0.01061571187,0.3111439049,0.04222139,-0.01116309512,0.003519045591,-0.01918069546,-0.3155949909,0.5870090555,0.1413292726,-0.1879679758,-0.6851679519,1.311304639,0.1196678847,1.3517244,0.5815205275,-0.1055997215,0.08471394075,-0.6879847431,-1.627777245,0.1081250199,-1.310667979
0.004715394129,-7.337930674e-05,0.1156382487,-0.0006301889743,0.7484652228,-0.003294197168,0.6631655611,-0.271652636,-0.005062800585,0.006718101829,0.312069718,-0.00895432716,-0.002359539693,-0.281352941,0.01355855482,-0.01036236143,0.3181069223,0.04127472872,-0.010887258,0.00349110783,-0.01876026013,-0.3162469675,0.5730591434,0.1421348264,-0.1867666922,-0.6749621186,1.307487235,0.1206745793,1.345227645,0.5669031959,-0.1063635897,0.08317427011,-0.6772145264,-1.628220488,0.1080181039,-1.30243567
0.004543377926,6.053963187e-05,0.1173508138,-0.0005184357084,0.7468028276,-0.003407526502,0.6650365829,-0.2702894107,-0.005542055274,0.006659402318,0.3179836695,-0.01005256731,-0.002588899686,-0.2806444184,0.01288371229,-0.01012982716,0.3249961749,0.0404212454,-0.01052161994,0.003424255609,-0.01846665678,-0.3177104974,0.558270271,0.1427142448,-0.1852846476,-0.6626894533,1.303464854,0.121323644,1.338725772,0.5514697144,-0.1071644191,0.08156874363,-0.6644318524,-1.628533037,0.1079142686,-1.294455187
0.004500380296,0.0002318632937,0.1191278267,-0.000352450339,0.7450973009,-0.003455482806,0.6669467352,-0.2686888979,-0.006043797739,0.006638012413,0.3232456279,-0.01067007407,-0.00292694299,-0.2796325822,0.01209186368,-0.00991216832,0.3313541892,0.0399785303,-0.01021912575,0.00329150825,-0.01815229796,-0.320146959,0.5429753127,0.1430099079,-0.1839173487,-0.6486088688,1.299434314,0.1218964161,1.331977957,0.5356789929,-0.1080801994,0.07991264132,-0.6499347203,-1.628732203,0.1078412587,-1.286482317
0.004504810251,0.0004340377443,0.1210539471,-0.0001606603634,0.7433207898,-0.003487478748,0.6689260161,-0.267022056,-0.006599156567,0.006641639532,0.3278633905,-0.01104589537,-0.003163629651,-0.2786891219,0.01118874835,-0.009834069429,0.3373244364,0.0398521563,-0.009969913865,0.003249547031,-0.01784103875,-0.3229604494,0.5267446047,0.1429308985,-0.1823701437,-0.6327265243,1.295337598,0.1221738827,1.325169044,0.5192547467,-0.1088926214,0.07818154217,-0.633953893,-1.628708101,0.1078483228,-1.278580549
0.004540959901,0.0006679971646,0.123101505,4.303126664e-05,0.7415230801,-0.003476561204,0.6709183507,-0.2654447004,-0.00713047969,0.00668956352,0.3317278679,-0.01117573946,-0.003343891573,-0.2778827175,0.01019754793,-0.009905721368,0.3426803651,0.04016657229,-0.009823313082,0.003219085523,-0.0174515112,-0.3262057852,0.5098745813,0.142476341,-0.1809155643,-0.6154282526,1.291350435,0.1224405913,1.318325108,0.5023922579,-0.1096822658,0.07638651767,-0.6167518192,-1.628508781,0.1079418537,-1.270695571
0.004547231493,0.0009105267201,0.125324694,0.0002643265046,0.7396205262,-0.003412449125,0.6730154252,-0.2638856187,-0.007550654429,0.006676181715,0.3350776649,-0.01125155761,-0.003619909701,-0.2772858443,0.00910371986,-0.01014397996,0.3479368281,0.04080156531,-0.009648881433,0.003099604344,-0.01707298592,-0.3291850534,0.4921641516,0.1418486781,-0.1793354838,-0.5971172465,1.287322194,0.1226023941,1.311482024,0.4847581853,-0.1103017954,0.07455512158,-0.5985373215,-1.628149045,0.1082333013,-1.262866584
0.004516371483,0.001162220561,0.1276763244,0.0004911603535,0.7376876744,-0.003282488996,0.6751339712,-0.2624666111,-0.007865779433,0.006580090675,0.3380148292,-0.01129765661,-0.003925999823,-0.276866794,0.007984433061,-0.01046939159,0.3529713614,0.04173306906,-0.009492940656,0.002862415919,-0.01665848055,-0.3321233317,0.4739490206,0.1410369991,-0.177828971,-0.5780910762,1.283402411,0.1228665434,1.304781632,0.4666309735,-0.1108147674,0.07265177095,-0.5795208823,-1.627639861,0.108662254,-1.255224936
0.004436578551,0.001403533475,0.1302525411,0.0006858805855,0.7357097582,-0.003141591674,0.6772893117,-0.2611077717,-0.008097295841,0.006289348976,0.3404704612,-0.01126848265,-0.004199963138,-0.2767889308,0.006920391962,-0.01085960343,0.358025526,0.04299540604,-0.009319331929,0.002681071024,-0.01636244198,-0.3347163343,0.4546140721,0.1402258797,-0.1760933894,-0.5580738852,1.279408074,0.122944797,1.298496639,0.4475042494,-0.111132675,0.07058253082,-0.5594209162,-1.626983448,0.109217785,-1.24815437
0.004301040135,0.00163642037,0.1330007609,0.0008533360488,0.7337619193,-0.002960811401,0.6793996991,-0.2599389747,-0.008250322574,0.00584600512,0.3425980021,-0.01119601037,-0.004469526028,-0.2769711976,0.005961096577,-0.0113094341,0.3629296476,0.0445007484,-0.009151604782,0.002456903278,-0.01611990089,-0.3371960622,0.4346030007,0.1393922562,-0.1743859666,-0.5374296002,1.27549728,0.1231057537,1.29248153,0.4277529621,-0.111351041,0.0683792635,-0.5384992578,-1.626176812,0.1098763279,-1.241514592
0.004102474322,0.001853037816,0.1360111674,0.0009967371139,0.7318038725,-0.002746783386,0.681509027,-0.2588488681,-0.008336396944,0.005161420302,0.3442299652,-0.01091448212,-0.004754816536,-0.2773837358,0.005115068642,-0.01185147389,0.3677275203,0.04617861332,-0.008954598394,0.002249188685,-0.01597863778,-0.3392325744,0.4134003513,0.1386279448,-0.1724903655,-0.5158754701,1.27151668,0.1231523076,1.286823532,0.4068947766,-0.1114080677,0.0659787553,-0.5164937674,-1.625231878,0.1106661242,-1.235495726
0.003829890504,0.00205620861,0.1392336523,0.001116415833,0.7299193202,-0.002486314764,0.6835278765,-0.2580502162,-0.008351753558,0.004343251036,0.3454661353,-0.01052597119,-0.005043802976,-0.2780665041,0.004394268026,-0.01248126296,0.3721693068,0.04795714139,-0.008773213604,0.001983020982,-0.01588677505,-0.3410579241,0.3914470705,0.1378896497,-0.1706209332,-0.4937806087,1.267605957,0.1233315502,1.281321617,0.3853473994,-0.1114007271,0.06341773309,-0.4937347866,-1.624144102,0.1115552179,-1.229854505
0.003494851483,0.002254112481,0.14274311,0.001203707434,0.7280834757,-0.002224074666,0.6854838124,-0.25745027,-0.008360821583,0.003348418914,0.3460071051,-0.009838481932,-0.005288850504,-0.2789304338,0.003766775999,-0.01320323455,0.3760433143,0.04971607005,-0.008629691519,0.001855460486,-0.01584286595,-0.3425822954,0.368236364,0.1372163654,-0.1686077624,-0.4705767763,1.263621205,0.1234346002,1.27624189,0.3625542333,-0.1111609705,0.06060680229,-0.4696724034,-1.62299034,0.1125936573,-1.224941953
0.003077880142,0.002449013725,0.1465003474,0.001251594579,0.726364567,-0.001960883703,0.6873056847,-0.2573111733,-0.008334592043,0.002310366523,0.3460097788,-0.008963941345,-0.005508023914,-0.280141403,0.003220291132,-0.01399180222,0.3791991688,0.05142590727,-0.008539590322,0.001759175934,-0.01579050126,-0.3439216415,0.3441739074,0.136536904,-0.1665978197,-0.446664111,1.259686912,0.1237037835,1.271396167,0.3389376543,-0.1108376057,0.05759649559,-0.4447471527,-1.621771272,0.1137295124,-1.220632464
0.002614126176,0.002648106604,0.1505633273,0.001272263881,0.7246944722,-0.001674775642,0.6890671218,-0.2575198019,-0.008253412526,0.001213345738,0.3453350389,-0.007566298699,-0.005757564227,-0.2815096376,0.002734309413,-0.01477993446,0.3815109569,0.05308406903,-0.008439212438,0.001739235231,-0.01565181628,-0.3450102908,0.3188008971,0.1358840085,-0.1643627042,-0.4212965123,1.255649375,0.1238644136,1.267184085,0.3139897377,-0.1102021714,0.0542285744,-0.4182509249,-1.620609747,0.1149397983,-1.21772599
0.002078358316,0.002852430455,0.1548946031,0.001251099715,0.7231278576,-0.001388248895,0.6907116685,-0.2582971513,-0.00811257249,0.0001427086824,0.3442179128,-0.005778421139,-0.005997913512,-0.2832625978,0.002306817193,-0.01551886085,0.3830165349,0.05467425907,-0.008358548963,0.001694330227,-0.01538816098,-0.3458927695,0.292515718,0.1351981123,-0.1620600829,-0.3949179887,1.25163458,0.1242094559,1.263400771,0.2881032168,-0.1094625681,0.05062493879,-0.3906674981,-1.619510674,0.1161917742,-1.215864854
0.001494419331,0.003048909315,0.1595103776,0.001182871309,0.7216143428,-0.001061198158,0.6922934457,-0.2594577187,-0.007822829268,-0.0008592981153,0.3425250623,-0.003417958326,-0.006248313757,-0.2850974895,0.002037280709,-0.01610790073,0.3835420091,0.05609349049,-0.008262518145,0.001741165122,-0.01501758791,-0.3463542483,0.2651001545,0.1346461684,-0.1595508055,-0.3672014932,1.24745975,0.1244415747,1.260363244,0.2612664772,-0.1085912413,0.04672551308,-0.3619253503,-1.618752392,0.1173904216,-1.216085145
0.0008362237,0.003236867058,0.1643722389,0.001066240461,0.7202100871,-0.0007237532539,0.693754834,-0.2612228136,-0.007412395978,-0.001771123453,0.3405162717,-0.0006392132957,-0.006458586749,-0.2873136689,0.00189288698,-0.01655688804,0.3832855466,0.05732410037,-0.008158478884,0.00173577839,-0.01452272369,-0.3464585788,0.2369305858,0.1341522536,-0.1569631232,-0.3386337872,1.243270661,0.1248596879,1.25789297,0.233668211,-0.1077541987,0.04265596024,-0.332284229,-1.618021331,0.1186381835,-1.217512037
0.0001323261654,0.003411898354,0.1694616803,0.0009189787807,0.7188340612,-0.0003802211753,0.695180986,-0.2632661375,-0.006904823677,-0.002510683818,0.3381475108,0.002699945192,-0.006630580119,-0.2894691088,0.0018771942,-0.01677176972,0.382012042,0.05849866015,-0.008014674395,0.001719909461,-0.01385911217,-0.3461234706,0.2078707906,0.1338590964,-0.1540522815,-0.3087321361,1.238904377,0.1251235125,1.256089465,0.2053446301,-0.1069423957,0.03854041242,-0.3018898914,-1.617682595,0.1198226644,-1.221520464
-0.0006427023172,0.003570892908,0.1747388268,0.0007414757138,0.7175503447,-6.387770522e-05,0.6965062447,-0.2658180951,-0.006328760151,-0.003103014923,0.335613871,0.006451697502,-0.00674410774,-0.2919348707,0.001946472572,-0.01680360101,0.3800778543,0.059569938,-0.007855432506,0.001619082005,-0.01307257649,-0.3454349048,0.1783259465,0.1336713616,-0.151013759,-0.2780807775,1.234533855,0.1255772284,1.25494142,0.1763031976,-0.1063128321,0.03442218285,-0.2706349635,-1.61743118,0.1209800517,-1.22621393
-0.001446968502,0.003707613983,0.1801501884,0.0005325768091,0.7163171749,0.0002448954838,0.6977745777,-0.2686209038,-0.005647362562,-0.003463109558,0.3328064091,0.01077303333,-0.006802092948,-0.2943197536,0.002170015168,-0.01659305725,0.3772243284,0.06070747298,-0.007664136667,0.001495605525,-0.01215837828,-0.3441208776,0.1485845526,0.1336694478,-0.1476888255,-0.2467651145,1.230127018,0.1258175776,1.254963522,0.146946914,-0.1056071932,0.03020931877,-0.2390071675,-1.617124717,0.1221486693,-1.232353229
-0.002304467927,0.003818936367,0.1856573688,0.0003016520548,0.7151974741,0.0005198694613,0.6989221787,-0.2719090781,-0.004896635116,-0.003667733039,0.3298941574,0.01553543421,-0.006792465759,-0.2970087838,0.002481710145,-0.01623251712,0.3738754799,0.06183303469,-0.007459559501,0.001302950992,-0.01118238041,-0.3422926098,0.1189358922,0.1337513184,-0.1442673968,-0.2153822204,1.225851922,0.1261797916,1.25599497,0.1172912888,-0.1050295517,0.02601498889,-0.2070232833,-1.616757973,0.123285175,-1.238465514
-0.003210949434,0.00389789387,0.1911835982,8.001541723e-05,0.7140907497,0.0007685291125,0.7000527152,-0.2752488296,-0.004125353812,-0.003653553295,0.3269760325,0.02060913265,-0.006737537872,-0.2994896664,0.002864312141,-0.01569146946,0.3698702899,0.06314144804,-0.007208874333,0.001037044281,-0.01020088733,-0.3400626001,0.08946192381,0.1339023732,-0.1405336504,-0.1838195286,1.221541855,0.1263477469,1.257936326,0.08756355611,-0.1043359779,0.02184400734,-0.17487661,-1.61638667,0.1244491361,-1.245111136
-0.004185534958,0.003943969195,0.1966913065,-0.0001312415862,0.7130633136,0.0009683306041,0.701098963,-0.2788525509,-0.003354261282,-0.003506018121,0.3241195779,0.02587440108,-0.006632914753,-0.3021412461,0.003269645198,-0.01505146203,0.3656317607,0.06450013271,-0.006951392874,0.000702134184,-0.009256186981,-0.3375572968,0.06037778421,0.1340536142,-0.1367038949,-0.1525591699,1.21737656,0.1266603458,1.260571028,0.0578851007,-0.1037316959,0.01777231672,-0.1427142701,-1.61598185,0.1255943529,-1.251343744
-0.005165836174,0.003956387465,0.2021252916,-0.0003926312489,0.7120705251,0.001179041445,0.7021068458,-0.282580296,-0.002397562791,-0.003201319858,0.3213504141,0.03149013996,-0.006503667132,-0.3045889328,0.003876324218,-0.0142982955,0.3611483318,0.06576011837,-0.006699728017,0.0003443412588,-0.008256024637,-0.3345506246,0.03177263987,0.1343960852,-0.1327534894,-0.1215436448,1.213992913,0.1265354265,1.265335278,0.02872838705,-0.1030126018,0.01373756184,-0.1109574556,-1.615627319,0.1267433299,-1.258419582
-0.006166438959,0.003931150515,0.20744786,-0.0006852318029,0.7111746159,0.001364969625,0.7030137503,-0.2865832472,-0.001325093255,-0.002837422569,0.3187333923,0.03734657494,-0.006320745846,-0.3071597329,0.004594423402,-0.01351302297,0.3566685184,0.06683474078,-0.006439629872,-4.384855969e-05,-0.007313145268,-0.3312147697,0.003958896987,0.1348373131,-0.1288504415,-0.09129561264,1.211093623,0.1264582438,1.271233855,0.0001967418128,-0.1023841698,0.009850724154,-0.07973006626,-1.615270546,0.1278860678,-1.265125582
-0.007168953828,0.003873802833,0.2125989731,-0.0009835336247,0.7103143312,0.001531493221,0.7038822616,-0.2905508218,-0.0001957420151,-0.002369966091,0.3163346108,0.04330615768,-0.006118222917,-0.3095637555,0.005373897222,-0.01269483157,0.3520336722,0.0678723511,-0.006172868233,-0.0004650281402,-0.006430162781,-0.3273026178,-0.02272445561,0.1355449957,-0.1249206725,-0.06227060924,1.208802553,0.1260491925,1.278174364,-0.02726755728,-0.1016913128,0.006023906611,-0.04972368338,-1.614901893,0.1289791845,-1.271832586
-0.008180045405,0.003784843874,0.2175450756,-0.001281074832,0.7095480096,0.00165575336,0.7046539856,-0.2946075612,0.0009498961686,-0.001883934163,0.3141377785,0.04928013033,-0.005885588494,-0.3120843322,0.006159320974,-0.01189598698,0.3475149886,0.068767619,-0.005909838002,-0.0008962241205,-0.005661201652,-0.3230356707,-0.0480915654,0.1364226891,-0.1211000118,-0.03483977097,1.206724717,0.1257169148,1.285089124,-0.05356376647,-0.1011428767,0.002417144129,-0.02112212127,-1.61450594,0.1300379798,-1.277880407
-0.009211489855,0.003670160542,0.2222407061,-0.00154778901,0.7087974886,0.001719377337,0.7054082281,-0.2983726166,0.002006919494,-0.001354213568,0.3122414661,0.05484185823,-0.005664494921,-0.314439708,0.006873276386,-0.01109373136,0.3429856639,0.06979556894,-0.005633932487,-0.001375957008,-0.005062958329,-0.3186123905,-0.07221476937,0.1375410495,-0.1172105601,-0.008766175245,1.204671859,0.1251611109,1.291825969,-0.07864187889,-0.1005868248,-0.0009941849257,0.0060382836,-1.61406189,0.1310653395,-1.283730927
-0.0102647974,0.003534008341,0.2266581876,-0.001782400714,0.7081130345,0.001729506363,0.7060947261,-0.3019685729,0.002977476007,-0.0008411203177,0.3105334966,0.05996593924,-0.005445046757,-0.3168242462,0.007508160583,-0.01032836596,0.3387429307,0.07079493762,-0.005371581941,-0.00186405808,-0.004619075556,-0.3142333772,-0.09490280351,0.1388690645,-0.113535711,0.01559309667,1.20276452,0.1246262868,1.298034175,-0.1023781137,-0.1002007705,-0.004105669037,0.03163690892,-1.61358638,0.1320434471,-1.288939258
-0.01131955598,0.003379865669,0.2307860972,-0.001991984304,0.7074378679,0.001720592057,0.7067706379,-0.305208903,0.003901937618,-0.0003576296217,0.3089941743,0.06456120045,-0.005247136314,-0.318940283,0.008107682864,-0.009621722347,0.3347426054,0.07165025928,-0.005136164243,-0.002367846724,-0.004272890767,-0.3099483848,-0.1161597973,0.1404221797,-0.1099615663,0.03853104184,1.200966626,0.1237724428,1.304169298,-0.1247207964,-0.09981191845,-0.007023004221,0.05576647663,-1.613068701,0.1329579071,-1.294283245
-0.01237559129,0.003211730457,0.2346020635,-0.002172137555,0.7068200332,0.001704110396,0.7073880254,-0.3082351804,0.004779770546,5.799168868e-05,0.30756608,0.06863703312,-0.005055739897,-0.320939857,0.008664994224,-0.008995488421,0.3311393153,0.07225752694,-0.004923849557,-0.002855021036,-0.004011472758,-0.3059537136,-0.1358808596,0.1421088864,-0.1067312897,0.05982003603,1.199281076,0.1229016441,1.309813155,-0.1455685756,-0.09958534336,-0.009643436024,0.07837242059,-1.612536876,0.1338154064,-1.29915805
-0.01341967964,0.003038011744,0.2381299112,-0.002313869006,0.7062016271,0.001675206798,0.7080050152,-0.3108108813,0.005567734206,0.0003977181375,0.3061848473,0.07202320556,-0.004899986305,-0.3225999947,0.009134714695,-0.008467092942,0.3277527199,0.07273373367,-0.004740260556,-0.00332774572,-0.003836730533,-0.3022791174,-0.1542901162,0.1440176951,-0.103718786,0.07993071623,1.197972597,0.121556634,1.315925407,-0.1651061181,-0.09931092003,-0.01213789333,0.09974272477,-1.612031476,0.1345857103,-1.304418941
-0.01445269696,0.002862688731,0.2413533373,-0.002419201678,0.7056307659,0.001643706982,0.7085736856,-0.3131132273,0.00627433442,0.0006532356794,0.3048439816,0.07475749544,-0.004764401269,-0.3240877257,0.009524072785,-0.008022235385,0.3247055063,0.07296852841,-0.0045861787,-0.003766524382,-0.003726680313,-0.29909188,-0.1713349214,0.1459834233,-0.1010970574,0.09876130901,1.196713742,0.1201959369,1.321737827,-0.1832350631,-0.09914765715,-0.01439025147,0.119859448,-1.611546089,0.1353102713,-1.309310419
-0.01546505832,0.002690934078,0.2443203032,-0.002489931965,0.7050346068,0.001604571948,0.7091667144,-0.3150037419,0.006882954217,0.0008269094037,0.3036194346,0.07679706109,-0.004666329553,-0.3252823279,0.009816005257,-0.007676378098,0.3219818991,0.0731200157,-0.004467721528,-0.004151943156,-0.003686897813,-0.2964453937,-0.1874099049,0.1479804845,-0.0985574944,0.1170869345,1.195487502,0.1183658082,1.32775239,-0.2003301832,-0.09890520717,-0.01660816755,0.1393188467,-1.611069148,0.1359865127,-1.314378291
-0.01645610455,0.002525801635,0.2470164011,-0.002529277497,0.7044533368,0.001566040901,0.7097440712,-0.3166079552,0.007405071928,0.0009296483647,0.3025106669,0.07819384063,-0.004590849654,-0.3262876157,0.01002287323,-0.007399273729,0.3196423654,0.07308342112,-0.004379342167,-0.004489992201,-0.003692154067,-0.2944420586,-0.2024404529,0.1498823914,-0.09635029303,0.1347787331,1.19415621,0.1165356116,1.333359977,-0.2162623727,-0.09872434454,-0.01866343487,0.158068775,-1.610599421,0.1366422828,-1.319013732
-0.0174093048,0.002363237472,0.2495117114,-0.002553069391,0.7037892449,0.001530383477,0.7104025891,-0.3177672734,0.007891607061,0.0009819070449,0.3015969631,0.07908440159,-0.004555888954,-0.3269173472,0.01017169475,-0.007202676125,0.3176634134,0.07298712337,-0.004326536828,-0.004779131557,-0.003718333372,-0.2930208197,-0.2168856307,0.1517576351,-0.09419433276,0.1527128725,1.192870451,0.1142457754,1.339507658,-0.2315040582,-0.09842433417,-0.02070484001,0.1768206165,-1.610146792,0.1372886522,-1.32426529
-0.0183240843,0.002205150688,0.2517889375,-0.002560762068,0.7030957207,0.001499101369,0.7110890259,-0.318612397,0.008336312239,0.0009877862625,0.3008769495,0.07951932226,-0.004537215053,-0.3272949735,0.01026908312,-0.007046323832,0.3160619667,0.0727615841,-0.004291490299,-0.005032399906,-0.003757339819,-0.2922874558,-0.2306524708,0.1534939157,-0.09236067996,0.1707635546,1.191487187,0.1120054543,1.345354732,-0.2459383675,-0.09813982378,-0.02262458226,0.1955820918,-1.609697201,0.1379242976,-1.329244667
-0.019195514,0.002041862604,0.2539502683,-0.002564269033,0.7023365779,0.001480432532,0.7118388612,-0.3192340514,0.008803451553,0.0009701304616,0.3003585579,0.07974621145,-0.004555631432,-0.3274815476,0.01035766228,-0.006924126728,0.3148528889,0.07239767238,-0.004261272796,-0.005244175725,-0.003813003403,-0.2919340029,-0.2441585368,0.1551307118,-0.09047502674,0.189388153,1.190044965,0.1093861885,1.351856014,-0.2600375671,-0.09775146249,-0.02461138872,0.2147730337,-1.609187501,0.1385417779,-1.334796318
-0.02002204882,0.001875006525,0.2559749037,-0.002560522466,0.7015595472,0.001473745023,0.7126047105,-0.3197046001,0.009270917508,0.0009149059092,0.3000449208,0.07978646395,-0.004583067839,-0.3275454702,0.01043768742,-0.006815504052,0.3139771334,0.07189827174,-0.004228522746,-0.005429626586,-0.003882891167,-0.2920430748,-0.257314876,0.1565973935,-0.08884164103,0.2084173792,1.188498332,0.106872611,1.358004397,-0.2736719547,-0.09740260147,-0.02652190318,0.2343174535,-1.608641902,0.1391398029,-1.340019483
-0.02081445579,0.001700335058,0.2579555138,-0.002561120057,0.7007318389,0.001483823695,0.713418621,-0.3199457377,0.009760169287,0.0008378233876,0.2997661168,0.07979444303,-0.00462861914,-0.3273436947,0.01055792188,-0.006707425842,0.3131213763,0.07130401113,-0.004208578812,-0.005595599831,-0.003926915915,-0.2924129629,-0.2705896606,0.1580018319,-0.08702957127,0.2283513789,1.186890666,0.10392998,1.364733424,-0.2873981774,-0.09698424833,-0.02854889576,0.2545911505,-1.608087924,0.1396691974,-1.345950171
-0.02157660884,0.001518394744,0.2598736848,-0.002561127147,0.6999099827,0.001499749419,0.7142248998,-0.3201041583,0.01025167304,0.0007511422777,0.2995338676,0.07976982516,-0.004664891487,-0.3270680924,0.0106965306,-0.006595999656,0.3123007267,0.0706402735,-0.004186709048,-0.005739670523,-0.003967434133,-0.2931191584,-0.2838474473,0.1592868601,-0.08540833573,0.2489117064,1.185178434,0.1011059744,1.371036442,-0.3010362083,-0.0966371803,-0.03052908743,0.2754593833,-1.607508702,0.1401665376,-1.351558516
-0.02232473576,0.001329471698,0.2618206085,-0.002560515623,0.6990611987,0.001522821274,0.7150556378,-0.3201695338,0.01074071296,0.0006651464237,0.2992546687,0.07978528874,-0.004708487201,-0.32664153,0.0108622762,-0.00646534791,0.3112784542,0.06996036293,-0.004164830077,-0.005875064905,-0.003987127609,-0.293936668,-0.2974922708,0.1605822526,-0.08358799083,0.2705013936,1.183397829,0.09785944337,1.377887597,-0.3151127394,-0.09621517028,-0.03266642806,0.2972576572,-1.606935432,0.1406432893,-1.357914792
-0.02306580144,0.00113416304,0.2637775005,-0.002556633386,0.69823819,0.001541070325,0.715859287,-0.3202965537,0.01121738784,0.0005929906531,0.298935687,0.07984777816,-0.004735815227,-0.326287887,0.01103403322,-0.006319043815,0.3101536038,0.06928638606,-0.004138030065,-0.005989275812,-0.004007838641,-0.2949120753,-0.3113989854,0.1618177451,-0.08194394123,0.2928087946,1.181521339,0.09475315211,1.384273774,-0.3294266434,-0.09587666627,-0.03480414334,0.3197951588,-1.606341611,0.1411282201,-1.363916348
-0.02380780532,0.0009352190568,0.2658221729,-0.002549579088,0.6974048849,0.001554637246,0.7166711305,-0.3204718553,0.01166388207,0.0005250101683,0.2985470684,0.07998011033,-0.004758410118,-0.3259365787,0.01121438043,-0.006147343834,0.3087331487,0.06879357509,-0.004106790473,-0.006107248022,-0.004028476117,-0.2959019897,-0.3259420532,0.1631323203,-0.08011345054,0.3163045658,1.179570627,0.09124797619,1.391214612,-0.3444664737,-0.09543940175,-0.03718685841,0.3434765389,-1.605770814,0.1416175328,-1.370658694
-0.02455943769,0.0007336005067,0.2679324637,-0.002537689914,0.6966073177,0.001554689538,0.7174464357,-0.320827951,0.01207986481,0.0004784351981,0.2980895131,0.08019773103,-0.004762541709,-0.3257924543,0.0113869434,-0.005957329302,0.307197449,0.06845977262,-0.004071084511,-0.006211796968,-0.004064699546,-0.29691659,-0.3410177435,0.1644278145,-0.07846211014,0.34068505,1.177533061,0.08791146273,1.397683546,-0.3600351286,-0.09509735385,-0.03963999849,0.368102115,-1.605174108,0.1421406402,-1.377010851
-0.02531608944,0.0005382714921,0.2701460151,-0.002520860224,0.6957787093,0.001537422328,0.7182501439,-0.3212494683,0.0124296542,0.0004248861837,0.2976803948,0.08042296614,-0.004759182199,-0.3257119857,0.01153580724,-0.005752960975,0.3055074296,0.06851696227,-0.00404122679,-0.00633437017,-0.0041227428,-0.2978589718,-0.3568311035,0.1658239557,-0.07667228523,0.366380154,1.175408827,0.08421664697,1.40472124,-0.3764868634,-0.09462740711,-0.04241875422,0.3940898435,-1.604607615,0.1426988485,-1.384060007
-0.0260848552,0.0003508775355,0.2724326956,-0.002498757987,0.6949727412,0.001500422015,0.719030176,-0.321854385,0.01272312789,0.0003900861941,0.2972709073,0.08068179284,-0.004744345348,-0.3258660778,0.0116538882,-0.005540304485,0.3038425746,0.06887274278,-0.004013573369,-0.006450931527,-0.004206902918,-0.2987603732,-0.3732891926,0.1671904079,-0.07509972763,0.3931046218,1.173207008,0.08072578399,1.411291354,-0.3936109776,-0.09426880034,-0.04532368323,0.4212342676,-1.604002823,0.1433152749,-1.390681844
-0.02685357005,0.0001781587134,0.274781113,-0.002458589907,0.6941126989,0.001454713191,0.7198606812,-0.3224810208,0.01291229619,0.0003211648381,0.2970817377,0.08082285986,-0.00472156272,-0.3260463451,0.01171880135,-0.005335540663,0.3022929597,0.0696508327,-0.004005780286,-0.006610216433,-0.004336220367,-0.2996662859,-0.3904303788,0.1686385152,-0.07353015763,0.4212487296,1.171002375,0.07694302932,1.418521756,-0.4115469897,-0.09377090013,-0.0486524185,0.4498857484,-1.60345248,0.1439188982,-1.398095867
-0.02762594126,2.274862611e-05,0.277154979,-0.002406228862,0.6932616346,0.001398385105,0.7206806231,-0.3232200775,0.01301985346,0.0002649156542,0.2969903137,0.08087729431,-0.0046977231,-0.3263839765,0.01173270358,-0.005140468319,0.3009346548,0.07071969716,-0.004008746177,-0.006773907749,-0.004501269752,-0.3006205824,-0.4081534959,0.1700034061,-0.07226899373,0.4505259908,1.1687721,0.07341448834,1.425306846,-0.4300708627,-0.09342221244,-0.05212483383,0.4798244236,-1.602846407,0.1445709686,-1.405088989
-0.02839040788,-0.0001067044062,0.279513922,-0.002356778339,0.6923389431,0.00133572917,0.7215673561,-0.3238350953,0.01305558475,0.0001464812705,0.2971837456,0.08069776466,-0.004685057702,-0.3266092424,0.01170779733,-0.004993981032,0.2998495161,0.07209452381,-0.004020723518,-0.00691611265,-0.004669763793,-0.3016331068,-0.4263551005,0.1713312459,-0.07117930285,0.4810761649,1.166548857,0.06981745431,1.432417017,-0.4491823021,-0.09305431485,-0.05597069643,0.5111892821,-1.602241313,0.1452246656,-1.41247752
-0.02914756487,-0.0002087890329,0.2818206131,-0.002310897968,0.691421201,0.001262885687,0.722447083,-0.3244381258,0.013029275,2.682950957e-05,0.2974958792,0.08032454495,-0.004681862025,-0.3268670509,0.01164124182,-0.004874569706,0.2990053659,0.07365822382,-0.004038809894,-0.007018160934,-0.004843564856,-0.3027813306,-0.4448671974,0.1724625368,-0.07044662801,0.5125283128,1.164347986,0.06658226055,1.438962806,-0.4685854666,-0.09292194534,-0.05987410528,0.5436166869,-1.60154992,0.1459209217,-1.419285577
-0.02987442877,-0.0002785712647,0.2840027184,-0.002275014522,0.6904461785,0.001187661139,0.7233792148,-0.3247766466,0.01293903384,-0.0001372322886,0.2980402296,0.07965871984,-0.004679644574,-0.3268926457,0.01154505346,-0.004814569085,0.2984536434,0.07540632599,-0.004085645143,-0.007072227463,-0.004994039314,-0.3039790338,-0.4632125009,0.1734381344,-0.06995124056,0.54439169,1.162285491,0.06342794067,1.445626024,-0.4878623412,-0.09283358422,-0.06402127751,0.5765572924,-1.600862439,0.1465605902,-1.426245229
-0.03056948604,-0.0003157807653,0.2860293765,-0.002246375032,0.6894923874,0.001106696439,0.7242886004,-0.3249870314,0.01279231588,-0.0002841330197,0.2986649847,0.0787432619,-0.004683136471,-0.3268446567,0.01140959582,-0.004786803162,0.2981149934,0.0772562439,-0.00414582025,-0.00707641231,-0.005128409026,-0.3053364292,-0.4812094831,0.1741385038,-0.06978334518,0.5762492212,1.160337584,0.06067542147,1.451682648,-0.5067216454,-0.09300016003,-0.06805103295,0.6095771076,-1.600096238,0.1472110428,-1.432564325
-0.03121886699,-0.0003174496241,0.2878366031,-0.002229285837,0.688558534,0.001048055956,0.7251765834,-0.3250175838,0.01261793846,-0.0004463512056,0.2993628357,0.07765327988,-0.004673628212,-0.3266017351,0.01126338483,-0.004828124789,0.2979743239,0.07912901805,-0.004210809438,-0.007018697339,-0.005193124533,-0.3065657976,-0.4981123176,0.1745309799,-0.06980512991,0.6067663863,1.158639356,0.05819715061,1.457333064,-0.5244048214,-0.09328739366,-0.07204106194,0.6412420919,-1.599393996,0.1478088945,-1.438556625
-0.03181847892,-0.0002854710434,0.2894082022,-0.002218746692,0.6876937121,0.001000683073,0.7259968555,-0.3249451524,0.01241158534,-0.0005740367058,0.3000735154,0.0763931107,-0.004664428848,-0.32627345,0.01109000903,-0.004895776956,0.2979500349,0.08098642015,-0.004279780049,-0.006910089882,-0.005213639895,-0.307795792,-0.5137574907,0.1746022908,-0.07000651681,0.6355467257,1.157137006,0.05613510091,1.462295187,-0.5406859422,-0.09380497193,-0.07567026718,0.6711293386,-1.598683643,0.1484333317,-1.443807326
-0.03236123318,-0.000207848117,0.2906857812,-0.002219749923,0.686936179,0.0009761238614,0.7267137028,-0.3248329151,0.01219467896,-0.0006693212469,0.3008171483,0.075033351,-0.004642505606,-0.32583814,0.01088241604,-0.005002978781,0.2979693446,0.08273809216,-0.00432999768,-0.006711813291,-0.005115304618,-0.3085899125,-0.5270726922,0.1742716253,-0.07029674896,0.6604562076,1.156026554,0.05454872081,1.466078887,-0.5544547313,-0.09446625104,-0.07887090257,0.6969973236,-1.598143477,0.1490729559,-1.447869404
-0.03283969431,-8.914773769e-05,0.2916732378,-0.002228738847,0.6862894761,0.0009525730594,0.7273244671,-0.3246403545,0.01194992931,-0.0007074242764,0.3015648934,0.07355706901,-0.004624180231,-0.3253286598,0.01062748283,-0.005094286781,0.2979942307,0.08438012502,-0.004377392398,-0.006450864715,-0.004938594575,-0.309141871,-0.5380053576,0.1736740113,-0.07056274656,0.6813545257,1.155201891,0.05333013683,1.46907397,-0.5656608124,-0.09522793703,-0.08147578275,0.7186346488,-1.597716831,0.1497893283,-1.451109786
-0.03324476658,6.995591961e-05,0.2923197143,-0.002224705656,0.6858099373,0.0009460717328,0.7277766729,-0.324533244,0.01164300404,-0.0007118580731,0.3023544191,0.07209964426,-0.00456788868,-0.3247752726,0.01030730768,-0.005169380711,0.2979737143,0.08576615067,-0.004375608454,-0.006148796682,-0.004682731036,-0.3089792799,-0.5453460679,0.1728126349,-0.07100784313,0.6957019931,1.154759186,0.05285910524,1.470858856,-0.5729329089,-0.09594826008,-0.08340050174,0.7333915265,-1.597689571,0.1505100639,-1.452905024
-0.03356695103,0.000265519179,0.2926484481,-0.002219070063,0.6854569875,0.0009260554037,0.7281091515,-0.3243488627,0.01127940446,-0.0006517524248,0.3031729809,0.07061393036,-0.004514297423,-0.3241317486,0.009925423184,-0.005190672725,0.2979077631,0.08693553011,-0.004368879611,-0.005811958849,-0.004370196728,-0.3083903203,-0.5493365846,0.1718905391,-0.07133861586,0.7040649413,1.154668085,0.05262898924,1.471859648,-0.5766392034,-0.09652859071,-0.08461828034,0.7417427361,-1.59792946,0.1513389567,-1.453821438
-0.03381485119,0.000505385197,0.2926231138,-0.002240281358,0.6853159609,0.0009909903601,0.7282417407,-0.3243580818,0.01108794872,-0.0005687885186,0.3041134448,0.06900906861,-0.004532392934,-0.3234783563,0.009563195509,-0.005254799389,0.2976444263,0.08783377862,-0.004524686256,-0.005647546268,-0.003853502785,-0.3073433951,-0.5491113169,0.1708094918,-0.07186613368,0.7047089729,1.154960712,0.05321465556,1.471034589,-0.5762279377,-0.09697405312,-0.08487267552,0.7425653662,-1.598725162,0.1523343692,-1.452429094
-0.03398048732,0.0007829117792,0.2922839101,-0.002286647208,0.6853028304,0.001077152124,0.7282538305,-0.3242669855,0.01097838972,-0.0004736437488,0.3050931282,0.0672636072,-0.004580804206,-0.3227160913,0.009189331054,-0.005254767631,0.2972734021,0.08849300373,-0.004713923898,-0.005559383314,-0.00327063934,-0.3060677501,-0.5453344694,0.1697852006,-0.07223004455,0.6989288165,1.15565405,0.05385354126,1.469180619,-0.5723102208,-0.09718463235,-0.08444038998,0.7368949916,-1.599907695,0.1534934523,-1.44980419
-0.03402897789,0.001132084613,0.2915875904,-0.002341922267,0.6854692309,0.001055342733,0.7280970644,-0.3242623751,0.01078898683,-0.0003949845019,0.306324083,0.06542609646,-0.004690456245,-0.3220646239,0.008527808732,-0.005215710223,0.2968558012,0.0891002087,-0.004601250325,-0.005339580522,-0.002785186043,-0.3043324283,-0.5373102112,0.1690050645,-0.07386248981,0.6851994828,1.156606083,0.05556282139,1.466086724,-0.5641100422,-0.09715559965,-0.08343830695,0.7234809974,-1.601495527,0.1547220852,-1.445668578
-0.03395416427,0.001554146099,0.2905748213,-0.002431564561,0.6857268894,0.0009170499584,0.7278542984,-0.3240451827,0.01051039463,-0.0003606404571,0.3076733187,0.06351881678,-0.004856744303,-0.3213389185,0.007682856908,-0.005035489818,0.2965035134,0.08966400118,-0.004399776212,-0.004961867986,-0.002359733346,-0.3023802532,-0.5259498511,0.1684555522,-0.07573013691,0.6655369277,1.158108013,0.05710362833,1.462409444,-0.5526283338,-0.09687710165,-0.08202845582,0.7040217788,-1.603348641,0.1560534563,-1.440708876
-0.0337651917,0.002051616816,0.289259135,-0.002529254137,0.6861252317,0.0007656790007,0.7274786478,-0.3238425724,0.01005765322,-0.0004781104079,0.3091461902,0.06142442519,-0.005019731623,-0.3206621117,0.006812182954,-0.004735325148,0.2962613051,0.09013113562,-0.004402850451,-0.004685674012,-0.00192645641,-0.3002978626,-0.5115711398,0.1678907223,-0.0779304402,0.6403907329,1.160323012,0.05883384498,1.457794738,-0.5382640502,-0.09637357233,-0.08016206013,0.6791997266,-1.605403434,0.1576033548,-1.434665501
-0.03345886606,0.002627171223,0.2876757636,-0.002662673901,0.6865949337,0.0005866812292,0.7270350493,-0.3234289607,0.009493308592,-0.0006190729993,0.3106276183,0.05921004509,-0.005188907378,-0.3198770111,0.005921309265,-0.004381917918,0.2961699695,0.0905228216,-0.004493782692,-0.004430774811,-0.00146938043,-0.2982389131,-0.495100461,0.1672834624,-0.07989482889,0.6116365388,1.163039755,0.06008618756,1.453043229,-0.5218965868,-0.09567963422,-0.07814682272,0.6506450753,-1.607548866,0.1592906426,-1.428559807
-0.03307004226,0.003268023875,0.2858814514,-0.00278114027,0.6872520809,0.0004431800422,0.7264135504,-0.323345855,0.008836421439,-0.000828464258,0.3120459668,0.05708146168,-0.005371781579,-0.3193482922,0.004940391708,-0.004081161362,0.2962346206,0.09063042124,-0.004406234273,-0.004387652077,-0.0009267019854,-0.2964130564,-0.4773331025,0.1665364886,-0.08204981735,0.5802861839,1.165988835,0.06169006764,1.447348186,-0.50423202,-0.09490834134,-0.07600596978,0.6194581685,-1.609766335,0.1610327289,-1.421523656
-0.03259666216,0.003977855553,0.2839096261,-0.002927560193,0.6880023765,0.0003021296205,0.7257024652,-0.3232795202,0.008133051828,-0.001030480738,0.3133847478,0.05504387215,-0.00556917174,-0.3188447891,0.003924851814,-0.003785800628,0.2963808787,0.09056642632,-0.004286015454,-0.004407979284,-0.0002805367007,-0.2947258294,-0.4589011515,0.1656283586,-0.0839315993,0.5477236349,1.169110359,0.0630380086,1.441641451,-0.4859579145,-0.09409819254,-0.07397683113,0.5868828992,-1.611919156,0.1627737027,-1.414691884
-0.0320654556,0.004740778743,0.2818016794,-0.003080639922,0.6888787075,0.0002485878816,0.7248700395,-0.3234941159,0.007462648259,-0.001311170489,0.3146896405,0.05322478437,-0.005823783608,-0.3184567185,0.002926203876,-0.003559485205,0.2965585335,0.09020405998,-0.004160586694,-0.004682794776,0.0005496796029,-0.293280913,-0.4403399787,0.1645613462,-0.08607657148,0.5147279366,1.172360237,0.06488236712,1.435348957,-0.4677206438,-0.09332205846,-0.07214712438,0.5540958941,-1.614080872,0.1643908351,-1.407183807
-0.03147260685,0.005559009608,0.2795857197,-0.003276203847,0.689803651,0.0002231110742,0.7239890467,-0.3236926492,0.006826547299,-0.001583444057,0.3159609054,0.05157922121,-0.006091480557,-0.3180409633,0.001960054583,-0.003331664205,0.2967043502,0.08969936528,-0.004057834296,-0.005003202373,0.001518506063,-0.2919500805,-0.4218700089,0.1633296997,-0.08808148796,0.4819995646,1.175660542,0.06664550163,1.429318572,-0.4498008305,-0.09262328553,-0.07057851555,0.5217299912,-1.616072291,0.1659390823,-1.400052915
-0.0308460192,0.006420993646,0.2773061415,-0.003472951219,0.6908170296,0.0002567938206,0.7230212336,-0.3240737367,0.006180742462,-0.001938885583,0.3172174444,0.05000694915,-0.006367885391,-0.3177071995,0.000996050101,-0.003121826936,0.2966968173,0.08900956587,-0.003998886302,-0.005508726805,0.002561556945,-0.2908523849,-0.4037481507,0.1619887837,-0.09045479118,0.4498847657,1.179006148,0.06890619295,1.422697334,-0.4325489314,-0.0919774894,-0.06925798069,0.4904956754,-1.617927829,0.1674778027,-1.392451919
-0.030181635,0.007328997353,0.274991853,-0.003707902984,0.6918463332,0.0002940315221,0.7220351905,-0.324375668,0.005542745359,-0.002272182893,0.3184088944,0.04851089983,-0.006638942029,-0.3173635987,5.015434287e-05,-0.002879686123,0.296561982,0.08827899838,-0.003974022332,-0.006012818387,0.003640185175,-0.2898253065,-0.3859105301,0.1605286202,-0.09277608144,0.4185175166,1.182329149,0.07109889564,1.416389305,-0.4158750608,-0.09139191768,-0.06821413499,0.4603832034,-1.619609501,0.1690249695,-1.38533675
-0.02950044241,0.00828726523,0.2726655183,-0.003918416648,0.6929449215,0.0003677228133,0.7209797823,-0.3247955132,0.004833370972,-0.002662393528,0.3194824731,0.04702656786,-0.006929144112,-0.3171225658,-0.001010195301,-0.002665543834,0.2962128361,0.0874688285,-0.003812019179,-0.006653142607,0.004759564666,-0.288989603,-0.3683722819,0.1589963658,-0.09551898567,0.3878427742,1.185712107,0.07368938347,1.409679076,-0.3996965518,-0.09092102059,-0.06730229504,0.4313761196,-1.621190047,0.1706234121,-1.377673126
-0.02880159588,0.009298522512,0.2703564784,-0.004153240218,0.6940435842,0.0004329958834,0.719920875,-0.3251308847,0.004094420473,-0.00302746795,0.3203951657,0.04558898139,-0.007227701429,-0.3169142681,-0.002116239098,-0.002400770806,0.2957453546,0.08668949006,-0.003638704679,-0.007290771837,0.00592258082,-0.2881607158,-0.3511105498,0.157379133,-0.09823170028,0.3579343179,1.189058368,0.07614509985,1.403411695,-0.3839480317,-0.09053731984,-0.06658619772,0.4032909378,-1.62267507,0.1722334189,-1.370498148
-0.02810423254,0.0103575999,0.2680827349,-0.004377016487,0.6951928648,0.0005391451454,0.7188097326,-0.3256125854,0.003294950263,-0.003476561769,0.3211271907,0.04420149131,-0.007527701855,-0.3167864547,-0.00326086181,-0.002132513968,0.2950552338,0.08583714648,-0.003516604504,-0.008088781481,0.007127966193,-0.2874782568,-0.3342250391,0.1557002283,-0.1012925995,0.3288173208,1.192448923,0.07891083634,1.396972478,-0.3687283259,-0.09011543947,-0.06613343766,0.3762783492,-1.624089001,0.1739410058,-1.363035902
-0.02740990251,0.01146816896,0.265869747,-0.004640607232,0.6963330648,0.0006365750655,0.717703506,-0.3260765639,0.002487400082,-0.003900806273,0.3216810249,0.04288674794,-0.007822828646,-0.31670919,-0.004399475236,-0.001819837101,0.2942573133,0.08500595087,-0.003443348391,-0.008901761363,0.00837528473,-0.2867532339,-0.317795389,0.1539442442,-0.1042871219,0.3006354349,1.195785616,0.0815109536,1.3910776,-0.3540962994,-0.08970722026,-0.06597062403,0.3502916918,-1.625431778,0.1756853419,-1.356185173
-0.02673817165,0.01263231139,0.2637096037,-0.004892925195,0.6975175088,0.0007583485142,0.7165506326,-0.3267332868,0.001625688218,-0.004388908281,0.3221124833,0.0415806264,-0.008123598769,-0.3167676461,-0.005637475363,-0.001525857541,0.2933427952,0.0840561878,-0.003305817211,-0.009846328335,0.00966151506,-0.2861287867,-0.3018812631,0.1521737976,-0.1076882719,0.2733567114,1.199081754,0.08443221451,1.384906164,-0.3400588554,-0.08936639977,-0.06602273542,0.3253947719,-1.626702831,0.1775042537,-1.348899902
-0.02608864742,0.01385419328,0.2616237875,-0.005191192388,0.6986890141,0.0008553391652,0.7154061654,-0.3274037643,0.0007592001091,-0.004855342268,0.3224275307,0.04028417069,-0.008429704105,-0.3169137375,-0.006900098076,-0.001175941049,0.2923912312,0.08307173949,-0.003179216174,-0.01077830659,0.01100124493,-0.2854177212,-0.2865344257,0.1503471368,-0.1110540679,0.2470801579,1.202304544,0.08718242691,1.379220266,-0.326724593,-0.08912376838,-0.06634356249,0.301562559,-1.627905252,0.1793101151,-1.342167457
-0.0254733441,0.01513303085,0.2595933195,-0.005474615982,0.6998964201,0.000976667355,0.7142227075,-0.3282887706,-0.0001609221958,-0.005376802759,0.3227281428,0.03892664796,-0.008748938241,-0.3171856377,-0.008284640626,-0.0008312930052,0.291359569,0.08193992453,-0.003022628058,-0.01186925642,0.01235245859,-0.2848392691,-0.2717365517,0.1485206788,-0.1147595132,0.2218106779,1.205620793,0.09003278516,1.373091721,-0.314101678,-0.08895547026,-0.06683627859,0.2789780216,-1.629023567,0.1812597845,-1.335060858
-0.02488998133,0.0164735309,0.2576375455,-0.005808095098,0.7010830953,0.001066437481,0.7130551326,-0.3291783251,-0.001084527833,-0.005871479587,0.3229849475,0.03750148699,-0.009078719883,-0.3175320509,-0.009705723736,-0.0004089902367,0.2903130212,0.08073750364,-0.002891688973,-0.01294967631,0.01372911702,-0.284199872,-0.2575063341,0.1466433021,-0.1184387869,0.1975318249,1.20890418,0.0926344995,1.367372646,-0.302249027,-0.0888826331,-0.06760665787,0.2575632974,-1.630086321,0.1832179943,-1.328510087
-0.02434078264,0.01787065942,0.2557225205,-0.006115360101,0.7022932467,0.001191642175,0.7118605046,-0.3302697144,-0.002079092374,-0.006434789324,0.3233257278,0.03596328541,-0.009421222636,-0.3179620626,-0.01126021776,-6.232767627e-06,0.2892381805,0.07935194935,-0.002725671639,-0.01419720797,0.01511364153,-0.2837333786,-0.2437606882,0.144734707,-0.1224875605,0.1741975116,1.212216996,0.09538216501,1.361348096,-0.2909529152,-0.0889436526,-0.06855102911,0.2372807197,-1.631088105,0.1852021116,-1.321596508
-0.02382194207,0.01932911003,0.2538664892,-0.006470205957,0.7034713276,0.001286858044,0.7106930221,-0.3313242898,-0.003084737731,-0.006966660711,0.3236785393,0.03430667207,-0.00977553935,-0.3184236759,-0.01285558853,0.0004719199724,0.2881824727,0.07786319521,-0.002589290462,-0.01543058686,0.01652216616,-0.2832468233,-0.2304847044,0.1427445004,-0.1265374904,0.1517684834,1.215478489,0.09791183156,1.355761966,-0.2802966678,-0.08912798495,-0.06975235618,0.2180586486,-1.632038029,0.1871213886,-1.315220981
-0.02332819928,0.02084644946,0.252026515,-0.0067893711,0.7046473027,0.001408067818,0.7095238548,-0.3324761138,-0.004204144018,-0.007575914916,0.3241567573,0.0325196818,-0.0101405837,-0.3188624463,-0.01461714206,0.0009449424841,0.2871240335,0.07615561005,-0.002332143829,-0.01679559805,0.017931327,-0.2829047275,-0.2175221429,0.1407644733,-0.1309688765,0.1301452082,1.218826082,0.1004450154,1.349946441,-0.2699988575,-0.08944894206,-0.07107868569,0.1997671267,-1.633022122,0.1890486131,-1.308448332
-0.02285509828,0.02242756748,0.2502193938,-0.007156781924,0.7057776834,0.001487764613,0.7083956724,-0.3335118175,-0.005356104505,-0.008145510073,0.3246661796,0.03059936278,-0.01052055655,-0.3192650309,-0.01643141885,0.001507879365,0.2861020302,0.07432304627,-0.002090536376,-0.01811745738,0.01937249539,-0.2825572092,-0.2048676651,0.1387339438,-0.1354497885,0.1092939525,1.222136601,0.1026958163,1.344565419,-0.2601727792,-0.0898770902,-0.0726291113,0.1823580006,-1.633997291,0.1909123689,-1.302178234
-0.0223946905,0.02406047426,0.2484013914,-0.007495028215,0.7069340116,0.001579677667,0.7072380309,-0.3346496024,-0.00661146199,-0.008753266028,0.3252380565,0.02855551777,-0.0109323563,-0.3197570352,-0.01839725012,0.002087321001,0.285119201,0.07237024719,-0.001755386734,-0.01962002054,0.02083623186,-0.2824659348,-0.1923087833,0.1368204138,-0.1402604143,0.08906859113,1.225532713,0.1048456496,1.338834478,-0.2505362891,-0.09046084138,-0.07410736321,0.1656475742,-1.634880586,0.1928641228,-1.295703771
-0.02194282983,0.0257505224,0.2465924953,-0.007886998997,0.7080576107,0.001627387984,0.70610875,-0.3356519704,-0.007880216874,-0.009302088526,0.3257861527,0.02638848468,-0.01135878183,-0.3202549911,-0.02039420215,0.002756989672,0.2842105783,0.07038243875,-0.001452182305,-0.02111734437,0.02236028647,-0.2824203677,-0.1798743954,0.1349464307,-0.1451375393,0.06941664066,1.228866395,0.1066904683,1.333446557,-0.2412564288,-0.09113958364,-0.07571809488,0.1496642096,-1.635699005,0.194743692,-1.289763786
-0.02149706542,0.02748224152,0.2447563708,-0.008237863021,0.7092173773,0.00168658869,0.7049397171,-0.3366922929,-0.009247081052,-0.009886175009,0.3262663539,0.02408284571,-0.01179163437,-0.3207834253,-0.02255987057,0.003435017721,0.2832580067,0.06830338825,-0.00104076225,-0.02280529625,0.02383989853,-0.2826087095,-0.1674071693,0.1332243605,-0.1503660351,0.05012985403,1.23232636,0.1083839348,1.327764776,-0.2320720235,-0.09191421666,-0.07722654549,0.1342448951,-1.636553518,0.1967172114,-1.283545743
-0.02105498382,0.02926215714,0.2429162969,-0.008636519389,0.7103555762,0.001704446672,0.7037879373,-0.3375806572,-0.01061301959,-0.01042317854,0.3266343039,0.02164584606,-0.01223112175,-0.3212905776,-0.02475826354,0.004198002562,0.2823185858,0.06621520442,-0.0006678011435,-0.02449206806,0.0253271973,-0.2828157172,-0.1549631106,0.1315626162,-0.1556998189,0.03117174141,1.235742215,0.1097728918,1.322431923,-0.2231525581,-0.0927270099,-0.07887542582,0.1194043729,-1.637421294,0.1986357243,-1.277764279
-0.02062384624,0.03107357113,0.2410440352,-0.00899064662,0.7115321383,0.001757170215,0.7025938349,-0.3385107443,-0.01208832975,-0.01104523432,0.3268459884,0.01910665771,-0.01266978896,-0.3217416165,-0.0270381161,0.004971101674,0.2812748484,0.0639219655,-0.0003638578294,-0.02639217731,0.02682621781,-0.2831027265,-0.1424114959,0.1299835702,-0.1613654502,0.01223593677,1.239174941,0.111196306,1.316848419,-0.2142238023,-0.09357677257,-0.08057266466,0.10475424,-1.638276766,0.2004649675,-1.271682662
-0.02020144411,0.03292285951,0.239163947,-0.009396434865,0.712697147,0.001775143148,0.7014066812,-0.3393291549,-0.01356096918,-0.01162393489,0.3269201122,0.0164629877,-0.0131083177,-0.3221533801,-0.02930071556,0.005791623023,0.2801840153,0.06152313004,-0.0001560085481,-0.02828257105,0.02836793426,-0.283294667,-0.1298098095,0.1284105986,-0.1670923561,-0.006660181742,1.242553856,0.1124146002,1.311668169,-0.2054703448,-0.09441408422,-0.08244811015,0.09034745079,-1.639116896,0.202165095,-1.265961215
-0.01980834052,0.03480114111,0.2372675847,-0.009770181548,0.7139699798,0.001819152774,0.7001057793,-0.3403664718,-0.01507808323,-0.01224112971,0.3267881124,0.01357838466,-0.01357392506,-0.3227547279,-0.03171122701,0.006580922748,0.2788606244,0.05901755991,0.0002022047151,-0.030363973,0.02995428236,-0.2836323408,-0.1170895655,0.1269067091,-0.1729289454,-0.02565928882,1.24636911,0.1132925996,1.306183187,-0.1967217286,-0.09551766153,-0.08398188764,0.07594525094,-1.64003834,0.2039960756,-1.259645582
-0.01944266576,0.03671225235,0.235385053,-0.01020203206,0.7152710619,0.001822062201,0.6987702817,-0.3414030598,-0.01655357147,-0.0128211021,0.3264748386,0.01046491342,-0.01404941891,-0.3234914468,-0.03413560617,0.007453912886,0.2774266592,0.05647088797,0.0005382851,-0.03242854904,0.03159321514,-0.2838342464,-0.1043821475,0.1254798899,-0.1787807243,-0.0447834583,1.25033613,0.1138655262,1.301121418,-0.18818548,-0.09670765401,-0.08555069087,0.0615714433,-1.64098109,0.2057751026,-1.2535437
-0.01910039684,0.03863646429,0.2335468662,-0.01064450047,0.7166291263,0.001810761354,0.6973708562,-0.3425328322,-0.01801922367,-0.01337115918,0.3256925097,0.00755386253,-0.01444672118,-0.3242869282,-0.03659572243,0.008402973157,0.275675611,0.0538178849,0.0007608435197,-0.0344315245,0.03325337524,-0.2837676787,-0.09187023554,0.12393386,-0.1848330217,-0.06420194569,1.254414642,0.1147295808,1.295427375,-0.1797543196,-0.09809260152,-0.08724238937,0.04697812543,-1.641745584,0.2074264935,-1.24685392
-0.01878268791,0.04057614237,0.2317770548,-0.0111697388,0.7179950435,0.001738738037,0.6959564147,-0.3436966015,-0.01939819116,-0.01387188031,0.3246567631,0.004793277419,-0.0148098754,-0.3252026726,-0.03900074404,0.00945075639,0.2737530588,0.0511455282,0.0008906557801,-0.03625995237,0.03495700986,-0.2832910006,-0.07962706417,0.1223673662,-0.1908603209,-0.08377353617,1.258547013,0.1155861591,1.290038582,-0.171654147,-0.09950512755,-0.08916969498,0.03228251303,-1.642357888,0.2089312218,-1.240473105
-0.01849215323,0.04246900995,0.2300403671,-0.0116536164,0.719405094,0.001687992594,0.694490932,-0.3449692023,-0.02082666272,-0.01442031536,0.3232849405,0.002341893521,-0.01520590189,-0.3262054527,-0.04134123698,0.01061240167,0.2716935654,0.04842129705,0.001289161955,-0.03842117284,0.03661179464,-0.2826313312,-0.06730127645,0.121013017,-0.196644536,-0.1038329986,1.262639867,0.1164881028,1.284477323,-0.1637525489,-0.1007348611,-0.0908105098,0.0174422878,-1.642959863,0.2105403215,-1.233411174
-0.01822916315,0.0443194771,0.2283576,-0.01217706836,0.7208104682,0.001607302593,0.6930233795,-0.346262605,-0.02219966515,-0.01494060696,0.3217990892,8.706200784e-05,-0.01559997668,-0.3273221755,-0.04353213682,0.01183806871,0.2696080714,0.04569466219,0.001707262776,-0.04064297875,0.03820859747,-0.2816708937,-0.05515282342,0.1199491669,-0.2022347616,-0.1240480698,1.266701003,0.1172415484,1.279457827,-0.1562374356,-0.1016589592,-0.09253486113,0.002635747211,-1.643485794,0.2121141033,-1.226655603
-0.01799129908,0.04608445355,0.2266941034,-0.01257798562,0.7222046384,0.001523499359,0.6915633981,-0.3475131358,-0.02377076311,-0.01548383318,0.320203619,-0.002141371817,-0.01593736279,-0.3284377572,-0.04576201195,0.01305387781,0.2675515391,0.04309575788,0.002175667792,-0.04298924073,0.03955139724,-0.2804454796,-0.04305909023,0.1188738503,-0.2073761943,-0.1442641862,1.271034314,0.1176422971,1.275596341,-0.14851354,-0.1023361695,-0.0940591693,-0.01268158861,-1.643965494,0.2136999391,-1.219538368
-0.01777734417,0.04776958592,0.2250635667,-0.01294945195,0.7235640768,0.001398695116,0.6901343218,-0.3486860555,-0.02538768005,-0.01595837949,0.3186282283,-0.004386860434,-0.01626113407,-0.3296025485,-0.047935722,0.01420690135,0.2656089243,0.04062056994,0.002555894068,-0.04525945548,0.04071241403,-0.2789492949,-0.03127674871,0.1180109252,-0.2122991807,-0.1641771785,1.275521882,0.1177737557,1.273146403,-0.1409225576,-0.1026082086,-0.09567112601,-0.02815118588,-1.644310842,0.2152253452,-1.212887663
-0.01758842991,0.04934202312,0.2234636168,-0.0132224603,0.7249436669,0.001273127035,0.6886800604,-0.3499383113,-0.0271409983,-0.01654360951,0.3167910045,-0.006261977932,-0.01656435456,-0.3306243735,-0.04998847658,0.0153619026,0.2636396363,0.03785118805,0.002979102897,-0.04744783456,0.04180138841,-0.2773444652,-0.01982526125,0.1173078861,-0.2170067506,-0.1838274246,1.280047942,0.1179067914,1.271363225,-0.1332385099,-0.1026045225,-0.09680882297,-0.04432184954,-1.644414699,0.217197555,-1.204933387
-0.01742670068,0.05080981897,0.2219118058,-0.01348695407,0.7263170572,0.001099980833,0.6872266181,-0.3512511886,-0.02888531865,-0.01708739351,0.3149254513,-0.007896367265,-0.01686325889,-0.3316163387,-0.05187121094,0.01640715997,0.2616296606,0.03483796728,0.003324886877,-0.04935779275,0.04290612302,-0.2755960946,-0.008844984126,0.1169876683,-0.221554404,-0.2029832097,1.284411408,0.1179814958,1.270009701,-0.125780375,-0.1020700642,-0.09794467984,-0.06075285644,-1.644323095,0.2192918144,-1.198297421
-0.01729477876,0.05215498039,0.2203757387,-0.0137007189,0.7276862077,0.0008661823845,0.6857727927,-0.3524870225,-0.03065665355,-0.01763924809,0.3129261784,-0.009460720294,-0.01715377931,-0.3323186813,-0.05371963535,0.01734077336,0.2593039301,0.03163084163,0.003584719214,-0.05104036189,0.04393108749,-0.2738699348,0.001897680538,0.1168314097,-0.2258158261,-0.2217756353,1.288639839,0.1180544041,1.268396596,-0.1185280723,-0.1013867677,-0.09862755955,-0.07713257248,-1.64388915,0.2217585745,-1.193365963
-0.01719431301,0.0533800682,0.2188764571,-0.01393458314,0.729034691,0.0005247105485,0.6843346925,-0.3536756204,-0.03235604033,-0.01810850947,0.310950144,-0.01102070477,-0.01744282325,-0.3329501078,-0.05547140412,0.01817306341,0.2567948564,0.028216886,0.003750474996,-0.05233162447,0.04490422783,-0.2721447011,0.01227792194,0.1170800147,-0.2298534007,-0.2400514024,1.292557837,0.1180782552,1.266661307,-0.1116314978,-0.100233218,-0.09930803456,-0.09328363019,-1.643274031,0.2242245714,-1.189616018
-0.01711542775,0.05444502933,0.2173880821,-0.01414088212,0.7303550948,0.000106975713,0.6829212689,-0.3546600878,-0.03399481828,-0.01856512423,0.3087977419,-0.01262802937,-0.01769123601,-0.3333412298,-0.05705442292,0.01902660315,0.2541033085,0.02487849153,0.003790596426,-0.05341830233,0.04567574758,-0.2705594632,0.02251498396,0.1175014396,-0.233511123,-0.2579552413,1.296276891,0.1181172097,1.264486871,-0.1048897249,-0.0988321844,-0.09953641082,-0.1090729142,-1.642393037,0.2268535655,-1.186356731
-0.01706020932,0.05535092985,0.2159322094,-0.01435090414,0.7316340593,-0.0003945432906,0.6815464028,-0.3555349513,-0.03550599266,-0.01895611215,0.3066393049,-0.01429845372,-0.01792110469,-0.3336498327,-0.05843190901,0.01983739646,0.2513993441,0.021540888,0.003780350979,-0.05420639863,0.04626202617,-0.2690914556,0.03244278506,0.1183357787,-0.2368587654,-0.2752986582,1.29967907,0.1181188935,1.262281666,-0.09832421778,-0.09689738376,-0.0997177611,-0.1245114915,-1.641490414,0.2293437845,-1.182989319
-0.01702835689,0.05604297937,0.2144715245,-0.01447052734,0.7328613201,-0.0009374530243,0.6802235004,-0.3561336989,-0.03694009972,-0.01933081463,0.3043108335,-0.01603475246,-0.01812574511,-0.3334899119,-0.05939596659,0.02077408302,0.249139382,0.01864240701,0.003877282462,-0.05496822331,0.04651753304,-0.2679466448,0.0422389971,0.11948993,-0.2395732852,-0.292111735,1.302771276,0.1180213123,1.259887362,-0.09162616484,-0.09478317514,-0.09918112456,-0.1396221028,-1.640469876,0.2319924688,-1.179068257
-0.01702292732,0.05652441884,0.2130222582,-0.01449991173,0.7340379833,-0.001507597023,0.6789519267,-0.3566117004,-0.03828607416,-0.01966629523,0.3019973012,-0.01783402641,-0.01832482371,-0.3329089687,-0.0600004637,0.02162167951,0.2473115284,0.01623255752,0.004002836319,-0.05561413732,0.04645578582,-0.2671552609,0.05172570496,0.1211934782,-0.2418394917,-0.3082141581,1.305447992,0.1178532418,1.257555065,-0.08480665834,-0.09219271108,-0.09840587366,-0.1544208019,-1.639495911,0.2344438604,-1.174688693
-0.01703322579,0.05677619512,0.2115740767,-0.01439098991,0.7351697817,-0.00206570525,0.6777271016,-0.3567686879,-0.0395718269,-0.01997502248,0.2993872309,-0.01973913933,-0.01852931933,-0.3316266234,-0.06023551008,0.02237165446,0.2458928343,0.01489336568,0.004119007424,-0.05622725968,0.04606661098,-0.2668584571,0.06097942394,0.1229424961,-0.243378118,-0.3233648116,1.308132005,0.1174918346,1.255202776,-0.07765878268,-0.08923150393,-0.09706055152,-0.1688225702,-1.638398343,0.236810213,-1.170190443
-0.01706556644,0.05680213702,0.2101454413,-0.0141407358,0.7362690632,-0.002598594456,0.6765361435,-0.3568534484,-0.04079527063,-0.02024092743,0.2967061107,-0.02171276439,-0.01873581275,-0.3297341755,-0.06015137721,0.02290332612,0.2448783926,0.01409013174,0.004224721083,-0.05671050564,0.04537252761,-0.2670830073,0.0698311334,0.1250295115,-0.2443086259,-0.3374797992,1.310603173,0.1166806137,1.252838602,-0.0702844279,-0.08565763142,-0.09551350873,-0.1828432824,-1.637348713,0.2388831774,-1.165675112
-0.01715866164,0.05660578272,0.2087474547,-0.01372564985,0.7373944781,-0.003093081522,0.675315795,-0.3570458835,-0.04198004545,-0.02054680476,0.2939257086,-0.02375551061,-0.01893991504,-0.327513499,-0.05988396818,0.02327330574,0.244411865,0.0140678886,0.004237934403,-0.05721222299,0.0443728996,-0.267909836,0.07821896072,0.1275628519,-0.2445387523,-0.3509373161,1.312599828,0.1156895176,1.249993783,-0.06282508931,-0.08184352556,-0.09349967899,-0.1965629472,-1.636352748,0.2407746809,-1.160979384
-0.0173153978,0.05619303902,0.207399733,-0.01315801404,0.738519306,-0.003549363021,0.6740945804,-0.3573911723,-0.04312151086,-0.02086268058,0.2912105809,-0.02589248641,-0.01914982001,-0.3248877082,-0.05944573146,0.02345071339,0.2443335743,0.01436432223,0.004227352852,-0.05759511807,0.04308397146,-0.2692213388,0.08597515398,0.1306644052,-0.2442966896,-0.3636340453,1.314044721,0.1146765234,1.246789043,-0.0553571692,-0.07759318835,-0.09128734614,-0.2099945071,-1.635497988,0.2423583404,-1.15623402
-0.0175398074,0.05558108659,0.2061395152,-0.01247967343,0.7396336816,-0.003965594748,0.6728822697,-0.3577708733,-0.04414477083,-0.02125792342,0.2883975711,-0.02816188935,-0.01938574987,-0.3219537524,-0.05902264574,0.02350748217,0.2444980159,0.01521504035,0.004221755897,-0.05778375588,0.04159278545,-0.2709813078,0.09290836257,0.133900646,-0.2432760908,-0.3752786563,1.315043516,0.1133766999,1.24325419,-0.04797477406,-0.07325266711,-0.08882864426,-0.2229455522,-1.634726552,0.2435366246,-1.151556833
-0.01783535471,0.0547725839,0.2049833975,-0.01169633199,0.7407245807,-0.004337242687,0.6716929952,-0.3582801004,-0.04505088771,-0.02170876302,0.2856395457,-0.03057827797,-0.01962859285,-0.3187035662,-0.05859923469,0.02347070714,0.2448500851,0.01619904685,0.004220326411,-0.05771759126,0.03992176683,-0.2730956846,0.09889997333,0.1373986965,-0.241711278,-0.3858589361,1.315578868,0.1120516484,1.23938028,-0.04078856238,-0.06865067416,-0.08620040877,-0.2354305193,-1.634123528,0.2443487435,-1.146885033
-0.01821964535,0.05379048286,0.2039960995,-0.01086196519,0.7418131664,-0.004668709377,0.670502384,-0.3590576753,-0.04575226941,-0.0222663327,0.2829288899,-0.03317733519,-0.01991965881,-0.3155332509,-0.05834501361,0.02340856449,0.2453158812,0.01763129362,0.004255290101,-0.05722715025,0.03814043237,-0.2755774457,0.1034812371,0.1409457529,-0.2395323902,-0.3950452735,1.315619092,0.1106709535,1.235162184,-0.03407420489,-0.0641238148,-0.08325757586,-0.2471806923,-1.63381772,0.2450508899,-1.142223476
-0.01869351597,0.0526346094,0.2031895704,-0.009969533346,0.7428688109,-0.004944298557,0.6693445242,-0.3600813604,-0.04626252336,-0.02291765862,0.2803578873,-0.03597592073,-0.02021270816,-0.312345128,-0.05823236522,0.02336516609,0.2458552936,0.01908439853,0.004295672072,-0.05637983898,0.03627746179,-0.2782499908,0.1066872352,0.1445533433,-0.2367170108,-0.4028887699,1.315164622,0.1093384914,1.230521106,-0.02791730317,-0.05948522671,-0.0801602093,-0.2582611903,-1.633811636,0.2454402284,-1.137526595
-0.01924866375,0.05131816196,0.2026382616,-0.009112606256,0.7438488374,-0.005161218826,0.6682658373,-0.3614088783,-0.0464083108,-0.02373124673,0.2781080126,-0.03898662769,-0.02055277691,-0.3094225266,-0.0582556732,0.0233528712,0.2465829723,0.02086926819,0.004417654473,-0.05512202497,0.0343441162,-0.2808996849,0.1082008389,0.1477687351,-0.233049861,-0.4090540693,1.314336877,0.1077442142,1.22546052,-0.0226707754,-0.05502510263,-0.07676368499,-0.268106956,-1.634051738,0.2462161693,-1.133192768
-0.0198826677,0.04983613474,0.2023385371,-0.008257568525,0.7447419139,-0.005308346445,0.6672803876,-0.3629644632,-0.04624525786,-0.02466912931,0.2761625603,-0.04219762279,-0.02087319212,-0.3066636917,-0.05843875106,0.02340554575,0.2473749624,0.02259690485,0.004547368915,-0.05356398736,0.03232734299,-0.2834455808,0.1080939291,0.1506453787,-0.2285418899,-0.4136281951,1.313215374,0.1061295779,1.219938835,-0.01834736097,-0.05056966096,-0.0731640491,-0.2768180933,-1.634521066,0.2470467909,-1.128990269
-0.02058640534,0.04820068334,0.2023419082,-0.007496953483,0.7454948707,-0.005397012803,0.6664473465,-0.3647486733,-0.0456164825,-0.02577141448,0.2747428655,-0.04561976671,-0.02122232084,-0.3043160991,-0.05873502863,0.02349070236,0.2483266461,0.02474155575,0.004777864694,-0.05144378393,0.03019315005,-0.285737983,0.1059472217,0.1530626694,-0.2230771786,-0.4161898461,1.311699989,0.1042149071,1.214039962,-0.0151131555,-0.04625903839,-0.06959436027,-0.2839861553,-1.635323591,0.2480056982,-1.125125697
-0.02135609972,0.04640376131,0.2026306082,-0.006764850385,0.7461165325,-0.005402395943,0.6657590937,-0.3666683001,-0.04461665094,-0.02699841152,0.2737091375,-0.04921575765,-0.02153053499,-0.302282462,-0.05920306685,0.02364897524,0.2492845426,0.02681236987,0.005008909863,-0.04903772084,0.02793815601,-0.2877799595,0.1019337272,0.1550578874,-0.2167719898,-0.4168967263,1.309967445,0.1021510208,1.207743989,-0.01298649974,-0.04199958094,-0.06598375495,-0.2896775185,-1.636359433,0.2489246168,-1.12146473
-0.02217316944,0.04446229394,0.2032555761,-0.00616214593,0.7465368852,-0.005361651126,0.6652938897,-0.3687227093,-0.04311315207,-0.02835325106,0.2733395394,-0.05294423533,-0.02188921405,-0.3008122404,-0.05971402213,0.02379664226,0.2503258174,0.02929212718,0.005301257277,-0.04623612857,0.02558087801,-0.2894705704,0.0957146736,0.1570300531,-0.209736453,-0.4153511036,1.307662121,0.09999399641,1.201324647,-0.01238887598,-0.03803770357,-0.06245730573,-0.293097364,-1.63769912,0.2497988866,-1.118510956
-0.02303363405,0.0423677267,0.2041867033,-0.005600000517,0.7467788137,-0.005242570064,0.6650282392,-0.3707925481,-0.04122912213,-0.02979284605,0.2733846014,-0.05673719372,-0.02219746679,-0.2998118923,-0.06035862972,0.02398963801,0.2512984458,0.03164889153,0.00557641295,-0.04334778849,0.02310269593,-0.2908584705,0.08756768347,0.1588113904,-0.2019647351,-0.4117180231,1.30500626,0.09800281368,1.194654541,-0.01322689062,-0.03432189282,-0.05890008319,-0.294401231,-1.639148393,0.250469553,-1.116055358
-0.02389835429,0.04012574885,0.2054502109,-0.005218254409,0.7467198458,-0.005103972848,0.6650986326,-0.3727372571,-0.03877668418,-0.03123029168,0.2742346762,-0.06059548237,-0.02252036835,-0.2992538388,-0.06086651705,0.02412834499,0.252492015,0.03418463286,0.005943895227,-0.04016739676,0.02057574866,-0.2917130305,0.0774439566,0.1602148251,-0.1933383873,-0.4054535132,1.302258861,0.09580732763,1.18803736,-0.01571066126,-0.0310109544,-0.05536610148,-0.2928892696,-1.6405674,0.2508626159,-1.114654787
-0.02476415967,0.03772446414,0.2070004913,-0.00488638315,0.7464220496,-0.004905833815,0.6654368339,-0.3744966803,-0.03592928997,-0.03264597708,0.2755547417,-0.06439566919,-0.02275213028,-0.2991069858,-0.06140782023,0.02425038142,0.253651116,0.03651921618,0.006297554867,-0.03703696845,0.01794040756,-0.2922431729,0.06563178935,0.1611891565,-0.1839247694,-0.3967866329,1.299626202,0.09386896635,1.181380522,-0.01965936466,-0.02801955483,-0.05176914269,-0.288800767,-1.641777333,0.2507536476,-1.114015359
-0.02560262183,0.03519331569,0.2087843681,-0.004665924837,0.7458442149,-0.004676836865,0.6660876545,-0.3758941491,-0.03263955869,-0.03393179894,0.2773936459,-0.06806387887,-0.02297625613,-0.299256143,-0.06178756541,0.02428642197,0.2549522565,0.03910829247,0.006643103301,-0.03373851755,0.01528742478,-0.2923942724,0.05243034255,0.162917692,-0.1743087512,-0.385975234,1.296210302,0.09235763616,1.174993473,-0.02501030639,-0.02540767174,-0.04831049082,-0.2820331317,-1.642876896,0.2505282753,-1.11446088
-0.02641397435,0.03252632305,0.2107579585,-0.004420659648,0.7450583798,-0.004347114233,0.6669704425,-0.3769853162,-0.02907824808,-0.03514455915,0.2794605653,-0.07147669361,-0.02309882565,-0.2997010937,-0.06216223557,0.02426249373,0.2561676198,0.04151488534,0.006949989988,-0.03066732885,0.01260245758,-0.2923816959,0.03804963714,0.164971192,-0.1645532067,-0.3731488531,1.292380391,0.09158794427,1.168892211,-0.03148705254,-0.02315236436,-0.04477741199,-0.2729523368,-1.643736647,0.2501417296,-1.11564163
-0.02716336183,0.02975616971,0.2128166567,-0.004244596778,0.7440811651,-0.004005547759,0.6680637385,-0.3776082152,-0.02520396361,-0.03623343835,0.2816393081,-0.07457343104,-0.02321163315,-0.3003407883,-0.06228047916,0.02411964778,0.2574631894,0.04427907709,0.007226093251,-0.02751355465,0.01003407157,-0.2922257748,0.02330433248,0.1679158569,-0.155191228,-0.3589407987,1.287674204,0.09182300148,1.163260458,-0.03864638431,-0.02128958926,-0.04117627481,-0.2620537841,-1.644494936,0.2496679722,-1.117546088
-0.02785459999,0.02687975464,0.2149285624,-0.00399712857,0.742970707,-0.003566160906,0.6693024981,-0.3779030029,-0.0211945535,-0.03728192251,0.2837659199,-0.07723176349,-0.02323377693,-0.30115333,-0.06230760276,0.02386200532,0.2586537527,0.04687617236,0.007467705874,-0.02468904557,0.00757206979,-0.2920667972,0.00822172936,0.1712131025,-0.1462256149,-0.3434099985,1.282610173,0.09339664563,1.158276101,-0.04624231088,-0.01974568197,-0.03735707679,-0.2497436916,-1.645037597,0.2490231397,-1.119984805
-0.02844217348,0.02398110359,0.2169726692,-0.003782075049,0.7417337315,-0.003118011731,0.6706765581,-0.3775539499,-0.01707543592,-0.03826596063,0.2855908405,-0.07936410056,-0.023295026,-0.3018472632,-0.06194139379,0.02345969587,0.2598423721,0.04980156593,0.007576701218,-0.02162047979,0.005412082933,-0.2920851698,-0.006321616564,0.1750065262,-0.1380575198,-0.3270196344,1.276796077,0.09516116903,1.15386683,-0.05388003597,-0.01861143405,-0.0336069908,-0.2362837672,-1.645570838,0.2483350168,-1.123361943
-0.02893366162,0.02105598699,0.2189324414,-0.003459133195,0.740421005,-0.002574891255,0.6721295557,-0.3768251697,-0.01303116874,-0.03925064713,0.2871450767,-0.08086447511,-0.02330816768,-0.3024399197,-0.06137079814,0.02288449252,0.2609256759,0.05253130896,0.007643427208,-0.01877400245,0.003527041589,-0.2923525269,-0.02046168127,0.1787598169,-0.1303656975,-0.3096874376,1.270651033,0.09712472994,1.150291226,-0.06126687557,-0.01776092748,-0.02972935195,-0.2221976123,-1.646045594,0.2475163399,-1.127146494
-0.02931073081,0.01814860505,0.2207188202,-0.003174272674,0.7390692078,-0.002069830432,0.6736188432,-0.3754189265,-0.008971141353,-0.04010831255,0.2881117294,-0.08184442412,-0.02337140511,-0.3029254621,-0.06039200087,0.02220979159,0.2618626851,0.05568141843,0.007533474611,-0.01573282885,0.001942973531,-0.2931060278,-0.0335408204,0.1824893883,-0.1233112862,-0.2917840569,1.264033458,0.09896364801,1.147570958,-0.06805221782,-0.01707104313,-0.02574124212,-0.2078062179,-1.646590345,0.2466722587,-1.131265512
-0.02958383206,0.01525350491,0.2223327541,-0.002787645186,0.7377027071,-0.001512631701,0.675118254,-0.3736458634,-0.005074552701,-0.04092505411,0.2886833033,-0.08222536905,-0.02339170904,-0.303294807,-0.05920541148,0.0213685982,0.2626615434,0.05863370755,0.007394178104,-0.01296132575,0.0006175207594,-0.2942843855,-0.04576887575,0.185901052,-0.1167307624,-0.2733595292,1.257323108,0.1008782457,1.145793731,-0.07409659949,-0.01642604825,-0.02152697264,-0.1934905937,-1.647191212,0.2457090267,-1.135370708
-0.0297435381,0.0124140004,0.2236976772,-0.002464223365,0.7363130812,-0.001034802689,0.6766357242,-0.3711008594,-0.001201921633,-0.04157767789,0.2886447218,-0.08224582017,-0.02346033715,-0.3034071144,-0.0576285471,0.02038076351,0.2633478435,0.06202346331,0.007102143353,-0.01021436156,-0.0004566671612,-0.2959693641,-0.05616821069,0.1892153944,-0.1108547091,-0.2551248762,1.250456783,0.1026395592,1.144778268,-0.07939123999,-0.01579245626,-0.01707002282,-0.1792412604,-1.647940478,0.2447872274,-1.139576211
-0.0298007172,0.00962387573,0.2248243298,-0.002068435572,0.7349261304,-0.0005554551661,0.6781437871,-0.3681591513,0.00246822491,-0.04215887908,0.2882808838,-0.08184462006,-0.02348274449,-0.3032988833,-0.0558645965,0.0192059067,0.2639573939,0.06520177238,0.006809633843,-0.007810638568,-0.001367884163,-0.2981025658,-0.0651155716,0.1922762747,-0.1055725191,-0.2371106577,1.243655548,0.1044299717,1.144543986,-0.08378945248,-0.01507014943,-0.01238640322,-0.165355464,-1.648814472,0.243784158,-1.143681842
-0.02972730306,0.006948330412,0.2257325673,-0.001764724933,0.7335324808,-0.0002137051716,0.6796520725,-0.3645921622,0.006026495587,-0.04241375173,0.2873742717,-0.0810104077,-0.02352703259,-0.3030121696,-0.05365983572,0.01801036768,0.2645826593,0.06888284097,0.006299857035,-0.005421849294,-0.002053029193,-0.3006343126,-0.07166254417,0.194166543,-0.1011573165,-0.2202368391,1.237182982,0.106134482,1.14412721,-0.08768777674,-0.01428136448,-0.007665059618,-0.1513521372,-1.649811077,0.2426767476,-1.148262018
-0.02953399917,0.004377126742,0.2264390936,-0.001411543155,0.7321442113,7.626165419e-05,0.6811481891,-0.3607469512,0.00930279862,-0.04248518143,0.2862862676,-0.07968035676,-0.02351167693,-0.3025273389,-0.05125246636,0.01665538244,0.2652053106,0.07235361354,0.005795809481,-0.003257625697,-0.002640456508,-0.3034741608,-0.07634403423,0.1949935524,-0.09754875298,-0.2044817527,1.230835435,0.1078302465,1.143648777,-0.09083959603,-0.01340250838,-0.002894671494,-0.1376018167,-1.650947622,0.241474417,-1.152868742
-0.02920144605,0.001940915977,0.2269803396,-0.001157888764,0.7307315499,0.0002405766244,0.6826639023,-0.356475803,0.01247743674,-0.04211774989,0.285016879,-0.07784629541,-0.02350478455,-0.3018389202,-0.04843016812,0.01531130433,0.2657997737,0.0760369373,0.005028354208,-0.001185128551,-0.003041882372,-0.3064650129,-0.07865132388,0.1946731134,-0.09486705937,-0.1903231345,1.224424341,0.1093142439,1.142885963,-0.09358839939,-0.01249808527,0.001918578589,-0.1237555591,-1.652113152,0.2402383977,-1.157770086
-0.02873947957,-0.0003731660273,0.2273698896,-0.0008742085602,0.7293126022,0.0003352253894,0.6841799848,-0.3520521508,0.01538282995,-0.04149949828,0.2838480196,-0.07545413627,-0.02342363569,-0.3009750749,-0.04545302734,0.01383059063,0.266374266,0.07940840636,0.004281919065,0.0006812070196,-0.003440413794,-0.3095640432,-0.07928636818,0.1932850447,-0.09300615721,-0.1774320107,1.217875677,0.1106954251,1.142055154,-0.09569262596,-0.01153871846,0.006730053776,-0.1101278734,-1.653322112,0.2389744763,-1.162673438
-0.02818335481,-0.002566970548,0.2276628639,-0.0006507435268,0.7278743389,0.0003152082121,0.6857101603,-0.3474373711,0.0181504341,-0.04045608574,0.2828202417,-0.07270974067,-0.02331216254,-0.3000869518,-0.04214231476,0.01239917456,0.266973948,0.08307643059,0.003322294454,0.002316072593,-0.003997355257,-0.3124618022,-0.07791393044,0.1907646673,-0.09157715251,-0.1657488514,1.21202895,0.1116909602,1.142153209,-0.0975672296,-0.01058756078,0.01152421172,-0.09654369312,-1.654331847,0.2378012314,-1.167850905
-0.02754190705,-0.004652705297,0.2278676269,-0.0003786734991,0.7264376947,0.000219879496,0.6872321907,-0.3428236588,0.02063186929,-0.03920486327,0.2820519383,-0.06955566846,-0.0231215933,-0.2992017779,-0.03874499286,0.01085780623,0.2675719627,0.08646781778,0.00241931034,0.003690514743,-0.004882027744,-0.3151483636,-0.07491541488,0.187424604,-0.09082348407,-0.1550020009,1.206837333,0.1124057488,1.143328641,-0.09900128287,-0.009578572285,0.01619007378,-0.08328044907,-1.655171815,0.2367004715,-1.173130053
-0.02684087605,-0.006645696983,0.2280060853,-0.00013401465,0.7249891223,5.567310982e-05,0.6887603005,-0.3380912651,0.02299560632,-0.0375950835,0.2814457406,-0.06612738347,-0.02289969526,-0.2983518366,-0.03514244423,0.009367454799,0.26823897,0.09013785269,0.001406722338,0.004611377874,-0.00594373289,-0.3175885618,-0.07114259416,0.1836527374,-0.09019974762,-0.144004156,1.202546838,0.1129194674,1.146166603,-0.1003292867,-0.008636305394,0.02097461727,-0.07013105166,-1.655543673,0.2356974043,-1.178539856
-0.02608846438,-0.008554380348,0.2280813564,0.0001612345784,0.7235567535,-0.0001576065851,0.6902648576,-0.3334242656,0.02512320203,-0.03585742447,0.281040338,-0.06238403579,-0.02260318656,-0.2975868945,-0.03154297199,0.007793496122,0.2689167799,0.09353124729,0.0004862034399,0.005096081177,-0.007319268641,-0.319785474,-0.06672977582,0.1797062186,-0.09004375283,-0.1328465089,1.198860769,0.1132790371,1.150172948,-0.1014390568,-0.007633841645,0.02572025335,-0.05726869133,-1.655536493,0.2347120313,-1.184034137
-0.02531318106,-0.01038458926,0.2280984579,0.0004084315809,0.722115923,-0.0004288945336,0.6917718143,-0.3286117972,0.0272129362,-0.03388452418,0.2806807613,-0.05850137935,-0.02233256045,-0.2968459728,-0.02800027308,0.006356182284,0.2697124213,0.09731273486,-0.0005874148925,0.005002307385,-0.008753974718,-0.3217701171,-0.06290820821,0.1757505939,-0.08984466918,-0.1204987972,1.19582547,0.1136174241,1.155783779,-0.1026749334,-0.006666291945,0.03069617065,-0.04443253129,-1.655020934,0.2336723824,-1.189533094
-0.02452196394,-0.0121417534,0.2280543686,0.000661111257,0.7207091013,-0.0007394268692,0.6932369058,-0.3238868986,0.02917538911,-0.0319189089,0.2804154308,-0.05447427646,-0.02201185437,-0.2962086745,-0.02465520932,0.00494339296,0.270531106,0.1008503105,-0.001579242292,0.004396157128,-0.01035518746,-0.3235957714,-0.05958385319,0.1719336507,-0.08974498541,-0.107694467,1.193129141,0.114037111,1.162654469,-0.103927599,-0.005615792842,0.03572685552,-0.0317651462,-1.654107339,0.2325108929,-1.195055154
-0.02373187845,-0.01381468894,0.2279422302,0.0008755802829,0.7193113233,-0.001034650274,0.6946865358,-0.3191288598,0.03112685635,-0.02992413646,0.2802064982,-0.05043831017,-0.0217485108,-0.2955376627,-0.02149475219,0.003681686043,0.2713564179,0.1046696708,-0.002633670103,0.003265438492,-0.01185580507,-0.3254058742,-0.05795210788,0.168189063,-0.0892654603,-0.09385214511,1.190414182,0.1144928432,1.171044991,-0.1053230851,-0.004742776225,0.04100902811,-0.01907900567,-1.652680863,0.2312855526,-1.20054208
-0.02294763958,-0.01540868041,0.2277578101,0.00108118184,0.7179609623,-0.001323589613,0.6960812709,-0.3145089211,0.03299571641,-0.02806578366,0.280098156,-0.04641287735,-0.02145785699,-0.2949340933,-0.0186221798,0.002508285048,0.2721510179,0.1081996479,-0.003585239321,0.001688917017,-0.01335921903,-0.3272266292,-0.05744884904,0.1646403965,-0.08865795911,-0.07963331905,1.187632136,0.1151931557,1.181409907,-0.1067376847,-0.003867701104,0.04635179943,-0.006555107534,-1.650879348,0.2299078448,-1.206007243
-0.02220358735,-0.01693857817,0.2274879352,0.001242512964,0.7166248911,-0.001570894439,0.6974559154,-0.3098633568,0.03491026002,-0.02623983893,0.280089182,-0.0426247128,-0.02125169218,-0.2942161771,-0.01596900269,0.001570148127,0.273187252,0.112122251,-0.004578780191,-0.0003129024183,-0.0147756192,-0.3291698644,-0.05885386044,0.1610488728,-0.08784895662,-0.06430125683,1.184130556,0.1158961452,1.194942905,-0.1081871624,-0.003190501354,0.05195000975,0.005856344772,-1.648620339,0.22844862,-1.211287146
-0.02150041558,-0.01840911521,0.2271268848,0.001383420933,0.7153433299,-0.001790006166,0.6987694916,-0.3053347805,0.0368052059,-0.02458396507,0.2802018015,-0.03911015309,-0.0210236542,-0.2934544725,-0.01363395168,0.0007713865411,0.2742995779,0.1158049985,-0.005472946573,-0.002717809943,-0.01617918797,-0.331262702,-0.06138899984,0.1575388749,-0.08698715589,-0.04839721171,1.180322029,0.116920347,1.210718167,-0.1095617082,-0.002495894948,0.05763092861,0.01797146517,-1.646044503,0.2268073949,-1.21641381
-0.0208502841,-0.01979457536,0.2266863415,0.001507125862,0.7140821414,-0.002035731773,0.7000573403,-0.3008445226,0.03856751709,-0.02301941391,0.2805116931,-0.03591457726,-0.02082463758,-0.2925110551,-0.01172172977,2.680494682e-05,0.275109519,0.1200716093,-0.006378133794,-0.005114979633,-0.01759418056,-0.3335769,-0.06507624623,0.1541102999,-0.08585530776,-0.03203547408,1.176262052,0.1179515846,1.227156856,-0.1108642936,-0.001970147381,0.0633212083,0.02986781234,-1.643087506,0.2251915921,-1.221485179
-0.02025301687,-0.02109998815,0.2261688297,0.0016193942,0.7128644075,-0.002314387748,0.7012961982,-0.2964536241,0.04018402456,-0.021628813,0.2810052031,-0.03307418799,-0.02061372889,-0.2914999956,-0.01021429327,-0.0005885096555,0.2757525974,0.1240899239,-0.007187981882,-0.00745047218,-0.0190384171,-0.3360894257,-0.06890887205,0.1510513506,-0.08436348288,-0.0162170534,1.172828819,0.1193712137,1.242480525,-0.1119450444,-0.001417697916,0.06883922433,0.0412951375,-1.639944041,0.2234975786,-1.226325234
-0.01972006578,-0.02232244534,0.2256076391,0.001616361454,0.7116514977,-0.002685244687,0.702525674,-0.2920347437,0.04180280752,-0.02023348655,0.2816975413,-0.03067322841,-0.02046316815,-0.290402203,-0.009322325789,-0.001652917535,0.276188561,0.1285886253,-0.008219020474,-0.009202412528,-0.02048108727,-0.3386707672,-0.07255605859,0.1482069416,-0.08211920917,-0.001661527042,1.170389984,0.120836456,1.254993909,-0.1127563905,-0.0009686107723,0.07417231627,0.05214702844,-1.636599323,0.2219634865,-1.230838232
-0.01924627255,-0.02346517295,0.2250138825,0.001550801182,0.7104470639,-0.003072645044,0.7037422278,-0.2876475524,0.04340320674,-0.01899750416,0.2825767992,-0.02872930942,-0.02029848767,-0.2892075897,-0.008874992587,-0.002721143129,0.2765680027,0.1328673543,-0.009188183359,-0.01037791407,-0.02188139771,-0.341295419,-0.07482756665,0.1460173713,-0.07961960631,0.01031118696,1.169027079,0.12244146,1.263337597,-0.1131494836,-0.000509354298,0.07905406502,0.06222159302,-1.633244686,0.2204922089,-1.234923007
-0.01884661951,-0.02453616039,0.224461183,0.001373190799,0.7092481943,-0.003530879105,0.7049486833,-0.2833510076,0.04503476432,-0.01778462092,0.2836958702,-0.02728098562,-0.0201897485,-0.288111812,-0.008706501291,-0.003975839073,0.2764720809,0.1366771174,-0.01033381836,-0.01066504301,-0.02325034679,-0.3438141543,-0.07621390275,0.1442410102,-0.07679797533,0.02028894834,1.168585758,0.123741545,1.268513286,-0.1132528427,-0.0001219312248,0.08344608231,0.07147689247,-1.629886104,0.2192364596,-1.238480226
-0.01849762366,-0.02554621625,0.2239339828,0.001249255813,0.7080685312,-0.0037902026,0.7061324443,-0.2792847625,0.04667198579,-0.0168796067,0.2849788749,-0.02628080101,-0.0200860968,-0.2866430525,-0.008321778735,-0.004877913814,0.277264912,0.1403889007,-0.01115281302,-0.0105850693,-0.02444439591,-0.3463528531,-0.07661220509,0.1431076481,-0.07427660024,0.02838436152,1.16863325,0.1247100137,1.270938252,-0.112945309,0.0002661842206,0.08717326159,0.07993531757,-1.626661695,0.2181194022,-1.241610209
-0.01820616329,-0.02652623493,0.2234961906,0.00111866117,0.7069354495,-0.003855390125,0.7072666787,-0.2756745899,0.04847079344,-0.01614854248,0.286534077,-0.02564388937,-0.02001976477,-0.2848381508,-0.007500693374,-0.005604861137,0.2790239427,0.1433700905,-0.0118271304,-0.01010486573,-0.02541943765,-0.3488007955,-0.07705707609,0.1421624123,-0.07176142624,0.03579993344,1.169096651,0.1251170733,1.271991523,-0.112404177,0.000637901816,0.09034519476,0.08763084033,-1.62353426,0.2172456357,-1.244226265
-0.01796167131,-0.02748231225,0.2231361864,0.001066560998,0.7058897178,-0.003705459413,0.7083112581,-0.2725709399,0.05029554673,-0.01561454865,0.2881619756,-0.0252584546,-0.0199309458,-0.2825910389,-0.006426310957,-0.006327178904,0.2812405668,0.1455621292,-0.0123533453,-0.009500426701,-0.02624542448,-0.3513094308,-0.07771801833,0.141577401,-0.06958191703,0.04281891465,1.169697257,0.1251851591,1.271971732,-0.1117429065,0.001086608907,0.09291874041,0.09475661754,-1.62058351,0.2165148104,-1.246533085
-0.01779165302,-0.02841298455,0.2229183429,0.0009933934326,0.7049286148,-0.003453838702,0.7092691535,-0.2701051255,0.05222962792,-0.01506509197,0.29005128,-0.02512542673,-0.01985033121,-0.2802699394,-0.005110593988,-0.006960762449,0.2836050951,0.1469672782,-0.01277495203,-0.008628474173,-0.02690863438,-0.3534937833,-0.07930994993,0.1409170742,-0.0672296764,0.05004983518,1.170538246,0.1247089734,1.271460358,-0.1113113385,0.00161269663,0.09502619704,0.1013102634,-1.617787454,0.2160763472,-1.248493001
-0.01769312737,-0.02932890614,0.2228326879,0.0009563082226,0.7040843354,-0.003144403253,0.710108757,-0.2682408388,0.05414128663,-0.01450790521,0.2919559683,-0.02515043706,-0.01972301857,-0.2779738458,-0.003735088773,-0.007563855151,0.2856709929,0.1476457477,-0.01310113762,-0.007703273374,-0.02752797381,-0.3554538137,-0.08178448091,0.1404386391,-0.06496454326,0.05742657978,1.171454935,0.1241000929,1.270557417,-0.1112888072,0.002320942276,0.09665854458,0.1075060204,-1.615199521,0.215779653,-1.250293864
-0.01769245701,-0.03024098352,0.222918947,0.0008556649367,0.7033147794,-0.002863147666,0.7108722749,-0.2670161359,0.05616109546,-0.01381326145,0.2941701245,-0.02539950462,-0.01957760609,-0.2760445135,-0.002235735411,-0.007964164603,0.2874740192,0.147673575,-0.01334485475,-0.006643777112,-0.02811145253,-0.3568140034,-0.08546488846,0.1399597448,-0.06234587883,0.06513796978,1.172542754,0.1232110905,1.269677329,-0.1119437707,0.003203561259,0.09803258306,0.1133842256,-1.612765999,0.2157905535,-1.251856569
-0.01778227656,-0.03115799047,0.2231608293,0.0007494964553,0.7026411027,-0.002628462776,0.7115391839,-0.2663222027,0.05817766606,-0.01305843384,0.2964138979,-0.02580412575,-0.01937453921,-0.2745303756,-0.0007452598427,-0.008243642575,0.2888594987,0.147098836,-0.01350094919,-0.005612775557,-0.02874811463,-0.3576763391,-0.08998564564,0.1397170671,-0.05965149483,0.07278205116,1.173690403,0.1224148593,1.268776592,-0.1133591707,0.004336112286,0.09908093205,0.1191013916,-1.610515507,0.2159141861,-1.25336362
-0.01796934092,-0.03205927139,0.223579887,0.0005637562899,0.7019894267,-0.002461313612,0.7121828901,-0.26608207,0.06025918239,-0.01222939342,0.2989773037,-0.02642725317,-0.01914315511,-0.2735302167,0.0008415556435,-0.00827205564,0.2900561004,0.1459322735,-0.01353929904,-0.004410369942,-0.02936841727,-0.357796877,-0.09542227547,0.1394557066,-0.05660524212,0.08053163167,1.17499561,0.1213554092,1.268052833,-0.11563635,0.005663862202,0.09976924955,0.1247963493,-1.608410458,0.2162827803,-1.254888629
-0.01823897179,-0.03295104133,0.2241501532,0.0003687339671,0.7013881611,-0.002332677308,0.71277561,-0.2662023451,0.06231737523,-0.01142453728,0.3015554644,-0.02720091309,-0.01886804903,-0.272986601,0.002428406122,-0.008191833432,0.2910857525,0.1442751469,-0.01348365552,-0.003226926055,-0.03001330225,-0.3573578332,-0.1013742677,0.1394030505,-0.0535513692,0.08796790023,1.176343315,0.120388415,1.267299263,-0.1187139893,0.007201385456,0.1000794385,0.1305269374,-1.60647235,0.2167521683,-1.256465882
-0.01858230239,-0.03382888372,0.2248555897,9.967631825e-05,0.7007706223,-0.002243551516,0.7133831309,-0.2665273318,0.0644418421,-0.01063171837,0.3043384066,-0.02813420188,-0.0185983987,-0.2728222251,0.004177747513,-0.007930073747,0.2922868453,0.1421041314,-0.01332792121,-0.001905500629,-0.03062408748,-0.3563878053,-0.1078915597,0.1394102703,-0.05032890005,0.09545191502,1.17777839,0.1192364368,1.266669163,-0.1224732225,0.008867704147,0.1001023462,0.1364309127,-1.604672175,0.2174639788,-1.258014781
-0.01898182876,-0.03469611977,0.2256656713,-0.0001631647745,0.7001760251,-0.002137605368,0.7139670426,-0.2670332066,0.06654866242,-0.00994383716,0.3070408717,-0.02915101595,-0.01830611601,-0.2728984189,0.005981159238,-0.007677616771,0.2936126938,0.1395572328,-0.0131065094,-0.0006670828733,-0.03121754794,-0.3551176039,-0.1146946615,0.1396473124,-0.04723354219,0.1027319811,1.179192102,0.1181835198,1.265898492,-0.1267989467,0.01065875289,0.0998104036,0.1425272995,-1.603008866,0.2182669033,-1.259581974
-0.01940975978,-0.03552418454,0.22655216,-0.0004572651454,0.6995228247,-0.002023291781,0.7146072452,-0.2674610538,0.06862932251,-0.009325594148,0.3097719126,-0.03014800151,-0.01803773902,-0.2730163683,0.007882624498,-0.007388542636,0.2952522399,0.1366713529,-0.01281949757,0.0007067842551,-0.03173008315,-0.3536564812,-0.1218838267,0.1398022852,-0.04411766671,0.1104510052,1.180707934,0.116873255,1.265152244,-0.1315182473,0.0124836349,0.09913489054,0.1490578767,-1.60149593,0.2192176557,-1.261228892
-0.01985374633,-0.03631556465,0.2274863158,-0.0007202295349,0.698867997,-0.00185425576,0.7152479051,-0.2678950118,0.07062083686,-0.008835910096,0.312316014,-0.03105093801,-0.01776751279,-0.2731129623,0.009780394171,-0.007211468347,0.2970243828,0.133543357,-0.01251425613,0.001979416171,-0.03215522227,-0.3522512614,-0.1292784679,0.1400630334,-0.04126733802,0.1184482024,1.182211671,0.1156332642,1.26430474,-0.1365565004,0.01431706522,0.09814089383,0.1560396146,-1.600106006,0.2202168175,-1.262957662
-0.02027910956,-0.03706916621,0.2284340469,-0.001021253934,0.6981550414,-0.001668838883,0.7159439295,-0.2680896069,0.07257219682,-0.00842249949,0.3147075403,-0.03162527941,-0.01749630019,-0.2730660376,0.01177865246,-0.007074672266,0.2989792994,0.1302314765,-0.01216930046,0.003345969015,-0.03246270308,-0.3511064522,-0.136987257,0.1401769798,-0.03844879924,0.1274402057,1.183852927,0.1141905493,1.263711901,-0.1417300963,0.01608886771,0.09691328156,0.1637470863,-1.598819528,0.2213029662,-1.264768089
-0.02068244019,-0.0377877285,0.2293755952,-0.0013056141,0.6974348356,-0.00143222657,0.7166455848,-0.2681844357,0.07443602294,-0.008113341182,0.3168350936,-0.03183237657,-0.01721265683,-0.272875299,0.01378229188,-0.007075179662,0.3009179353,0.1268085483,-0.01182427399,0.004577343885,-0.03265003004,-0.3503654613,-0.1448166828,0.1403666741,-0.03594008205,0.1371630273,1.185510661,0.1128903085,1.263243852,-0.147054276,0.01779776006,0.09550605884,0.1722114747,-1.597586433,0.2223709523,-1.266732123
-0.02103376419,-0.03844730151,0.2302903258,-0.001631826543,0.6966306065,-0.001198570803,0.7174271382,-0.2679753641,0.07614302644,-0.007921427425,0.3191374678,-0.03123031481,-0.01697071254,-0.2724035363,0.01582928754,-0.007090320389,0.3028759405,0.1233728522,-0.01149760934,0.005976301417,-0.03270231891,-0.3500153777,-0.1528168287,0.1403941923,-0.03359894159,0.1481163805,1.187271562,0.1113912433,1.263150781,-0.1523877005,0.0193539399,0.09376811669,0.1816062234,-1.596439721,0.22333372,-1.268947751
-0.02133557699,-0.03905116154,0.2311616818,-0.001962044581,0.6957941669,-0.0009399141494,0.718237944,-0.2675893073,0.07769827381,-0.007804504227,0.3213258882,-0.02989261633,-0.01673002425,-0.2717111347,0.01785662011,-0.007200563517,0.3047374992,0.1199854059,-0.01119063186,0.00730634833,-0.03259468703,-0.3501591183,-0.160770666,0.1404914992,-0.03167977303,0.1599425086,1.189001389,0.1100432857,1.263355272,-0.1577778482,0.02075395284,0.0918744826,0.1919266295,-1.595315638,0.2241889116,-1.271459011
-0.02158888221,-0.03960196028,0.2319880719,-0.00234632722,0.6948949458,-0.0007008255806,0.7191070977,-0.2667682966,0.07910162285,-0.007681703674,0.3232881737,-0.02780298287,-0.01643695131,-0.2707740877,0.01991781071,-0.007310247917,0.3065314274,0.1166971919,-0.01079453714,0.008743699818,-0.0323450949,-0.3506746075,-0.1687793706,0.1404973661,-0.02983365502,0.1728944228,1.190838925,0.1084863001,1.26413745,-0.1631537128,0.02187879701,0.08991813148,0.203077308,-1.594180316,0.2249379867,-1.274210053
-0.02180125178,-0.04010146318,0.2327594235,-0.002748634046,0.6939817332,-0.0004359624652,0.7199872283,-0.2657425815,0.08035094346,-0.00759902975,0.3249607996,-0.02494503086,-0.01613051312,-0.2696718566,0.02198076982,-0.007503358111,0.3082062934,0.1135400715,-0.0103847755,0.01006055291,-0.03190452161,-0.3516251695,-0.1766086706,0.140641546,-0.02836436626,0.1864885535,1.192627281,0.107081625,1.265328097,-0.168534586,0.02277580884,0.08799576458,0.2149568625,-1.592997632,0.2255593678,-1.277219501
-0.02197058468,-0.04053129389,0.2334991291,-0.003150624884,0.6930315168,-0.0001641631843,0.7209003838,-0.2644193033,0.08155982453,-0.007429200119,0.3258068932,-0.02156915491,-0.01578813714,-0.2683765974,0.02392873748,-0.007718128106,0.3097611127,0.1105858341,-0.009983988575,0.0114425177,-0.03129696261,-0.3526445632,-0.1842429434,0.1407697956,-0.02711266394,0.2005341192,1.194371991,0.1055199161,1.266856668,-0.1738516897,0.02332139831,0.08592599208,0.2272187436,-1.59181076,0.2258961105,-1.280576553
-0.0221053434,-0.04089395376,0.2342009332,-0.003522942092,0.6920893771,0.0001518777807,0.7218032002,-0.2630966342,0.08268600505,-0.00730821845,0.3262173969,-0.01774822682,-0.01545961905,-0.2669873419,0.02574821741,-0.007983686946,0.3111856944,0.107834104,-0.009613920188,0.01267345624,-0.03048523503,-0.3538018951,-0.1915549548,0.1410517199,-0.02628591919,0.2146726963,1.195936584,0.1040815718,1.268709807,-0.1790795285,0.02357546517,0.08391625945,0.2396771673,-1.590607454,0.2260557112,-1.284136492
-0.02221365371,-0.04120126882,0.2348775936,-0.003896592221,0.6911413609,0.0004662199197,0.7227089445,-0.2617139638,0.08378336112,-0.00718313615,0.3263275795,-0.01347316024,-0.01512760696,-0.2655272456,0.02747052163,-0.008176712353,0.3125686768,0.1052112168,-0.009167920343,0.01388126193,-0.02953425968,-0.3547827758,-0.1985454203,0.1414379078,-0.02567495602,0.2286156533,1.197329932,0.1025995867,1.270839837,-0.1841092349,0.02339813715,0.08205061098,0.2518577479,-1.589339618,0.2259581594,-1.287717801
-0.02229718135,-0.04145885294,0.2355188801,-0.004247789827,0.6902273185,0.0007873142079,0.723579702,-0.2604106068,0.08482196368,-0.00709540086,0.3264155285,-0.008978521337,-0.01481431062,-0.2640681494,0.02907872892,-0.008326709369,0.3138620233,0.1027133156,-0.00871751649,0.01491910225,-0.02846105795,-0.3556993225,-0.205102407,0.1420360366,-0.02539127619,0.2421108218,1.198470338,0.1012514904,1.273254513,-0.1889031695,0.02295193867,0.08043235313,0.2636478916,-1.588030408,0.2256755384,-1.291302081
-0.02237290423,-0.04165565342,0.2361493373,-0.00457034572,0.6893151462,0.001083829915,0.7244463862,-0.2590075285,0.08578816805,-0.006933266595,0.3264336186,-0.004591480198,-0.01455052406,-0.2625484929,0.03050664448,-0.008348058359,0.3150825311,0.1002717995,-0.008225935635,0.01595342635,-0.02734082117,-0.3561605416,-0.2113028973,0.1426347139,-0.02516954625,0.2549140417,1.19945496,0.0997412656,1.275766419,-0.1934689311,0.02213563584,0.07891248254,0.2746955174,-1.586682328,0.2251070399,-1.294932089
-0.02243941312,-0.0417965624,0.236757325,-0.004853350047,0.6884610294,0.001363417476,0.725255815,-0.2576797465,0.08664401468,-0.006787195903,0.3264803479,-0.0003785574709,-0.01433841984,-0.261105576,0.03175824698,-0.008288631658,0.3161780027,0.09788133326,-0.007752647247,0.01685322077,-0.02617089441,-0.3563794796,-0.2170560217,0.1433458359,-0.02516142139,0.2668575883,1.20022156,0.09828187512,1.278429602,-0.197755174,0.02111408657,0.0776096044,0.2849368103,-1.58534354,0.224375558,-1.298484007
-0.02250064374,-0.04190669624,0.2373268251,-0.005112522231,0.6876853873,0.001679402735,0.7259888772,-0.2564165977,0.08750305542,-0.006621894814,0.3263723467,0.003599225706,-0.01412338519,-0.2597619446,0.03297056943,-0.008109986169,0.3171727266,0.09551127386,-0.007421011398,0.01755653363,-0.0249584523,-0.3563310022,-0.2222562417,0.144284641,-0.02557158367,0.2775319952,1.200588784,0.09714476834,1.281079669,-0.2015487446,0.01981462672,0.07646364507,0.293997685,-1.583973006,0.223220549,-1.301768859
-0.02255635704,-0.0419888686,0.2378560711,-0.0053342709,0.6870103842,0.002033728766,0.7266251726,-0.2553325162,0.08832407865,-0.006497414598,0.326177006,0.007352431589,-0.0139249504,-0.2585804857,0.03411787236,-0.007890066972,0.3180133242,0.09315366378,-0.00714427695,0.01802004427,-0.02373119229,-0.3561151486,-0.2268890613,0.1453726652,-0.02621897696,0.2869461076,1.200638448,0.09619948883,1.283704026,-0.2048790942,0.01838271637,0.0755764804,0.3019201442,-1.582606449,0.221847372,-1.304812563
-0.02260736716,-0.04205361087,0.2383418675,-0.005536266744,0.686398608,0.002327414619,0.7272007177,-0.2542913874,0.08908947546,-0.006331539622,0.3258476045,0.01091935887,-0.01372134477,-0.2574917958,0.03510585845,-0.00762707437,0.3187755425,0.09075900022,-0.00677133403,0.01853856409,-0.02260498212,-0.3555589756,-0.2309680288,0.1464495572,-0.02689385919,0.2950379513,1.20042511,0.0953210665,1.286134701,-0.2076584024,0.01682465174,0.0748777668,0.3084799846,-1.581245698,0.2202412497,-1.307533013
-0.02265223767,-0.04210179938,0.2387821491,-0.005715556069,0.685873475,0.002578168907,0.7276937967,-0.2534152794,0.08977770867,-0.006214543751,0.3254714774,0.01432172879,-0.01354577866,-0.256556167,0.03596173739,-0.007357466415,0.3194055099,0.08833109007,-0.006387733571,0.01902838676,-0.02154848164,-0.3547943396,-0.2344848991,0.1474978413,-0.02755014442,0.3018418087,1.200031966,0.09450109031,1.288408434,-0.2099402597,0.01526337261,0.07441520813,0.3138000493,-1.579950718,0.2185577965,-1.309985644
-0.02270228596,-0.04212400288,0.2391958484,-0.005858328686,0.6853865758,0.002792845941,0.7281504802,-0.2526020154,0.09035251052,-0.006100215439,0.3250446898,0.01752394977,-0.01339590131,-0.255632665,0.0366448777,-0.007057449903,0.3199340331,0.0857925081,-0.005885740399,0.01961920556,-0.0205725393,-0.3536725058,-0.2376387755,0.1481753565,-0.02780350629,0.3075958225,1.199713713,0.09340580782,1.290392286,-0.211850632,0.01368010317,0.07395569902,0.3179781275,-1.578730693,0.2168119103,-1.312311614
-0.02275425022,-0.04212269665,0.2395784214,-0.005973490887,0.6849688612,0.002975100308,0.7285417801,-0.2519573272,0.09081662985,-0.006024916518,0.324638362,0.02053956002,-0.01328377025,-0.2548220113,0.03719221551,-0.006747334655,0.3203275568,0.08316425202,-0.005392906653,0.02022799595,-0.01964579685,-0.3523629139,-0.2404183789,0.1486349565,-0.02788118126,0.3123234687,1.199454392,0.09227026746,1.292178479,-0.2133906168,0.01215595712,0.07358391776,0.3211132461,-1.577642125,0.2151258788,-1.314388734
