0,0,0.5048291891,0,0.1574020795,0,0.9875345996,-1.224453386,3.795335355e-06,-1.022260827e-05,2.225649855,-0.6490616799,-2.846422372e-05,-1.612045363,5.033335898e-05,3.517062953e-05,1.817379589,-0.4886429289,3.883717253e-05,-0.3716002567,0.118270895,0.02204726424,0.08680502096,0.3527573525,0.08841370154,0.8782566228,-0.06390129092,-0.1497334277,-0.1663925193,0.2,-0.2,0,0.6,0,0,0
-4.80160777e-05,-1.006039919e-05,0.504185459,-0.0003146259035,0.1570126666,0.0001849265412,0.9875965215,-1.224671602,0.0004949961387,0.002225923065,2.219588476,-0.6512811407,-0.001117275132,-1.603636816,0.0006724816569,-0.0002152285607,1.806685297,-0.4904494681,0.0007705633975,-0.3719159319,0.1184732234,0.02286820621,0.08886784887,0.3459777066,0.08541363418,0.866213723,-0.063438056,-0.1443238094,-0.1629613992,0.2009885238,-0.1998541604,-2.342295702e-05,0.5992929328,0.0004109465283,-0.0008177438283,0.0002630838067
-7.916921546e-05,-4.132998421e-05,0.5028236954,-0.0009373326488,0.1565625523,0.0006282863009,0.9876674004,-1.225691525,0.001072665699,0.00553744691,2.210847492,-0.6540831052,-0.002205569502,-1.591282663,0.001702404483,-0.0004187412132,1.794860447,-0.5010202605,0.001468745248,-0.3726286837,0.1191639101,0.02347351393,0.09084945298,0.3394081558,0.0829144569,0.8575854494,-0.063634653,-0.1423751118,-0.1615539247,0.2031829196,-0.1997321688,4.032561382e-05,0.5980508954,0.0009056901343,-0.001947068043,0.0006040049262
-0.0001008395089,-0.0002097519587,0.5007267125,-0.001708030217,0.1552288102,0.00178188985,0.9878754598,-1.225839188,0.001105288956,0.007295532366,2.206360888,-0.6660998523,-0.001823218472,-1.583021902,0.003984922273,0.000462141887,1.790427395,-0.5142074317,0.002598548616,-0.3746397801,0.119253655,0.02529046598,0.09287262363,0.3337467171,0.08068332073,0.8500312979,-0.06365454452,-0.13985245,-0.1602520565,0.2057307903,-0.1991338341,0.0001420024736,0.5973949793,0.001169693982,-0.002672798884,0.0007688578878
-0.0001316224432,-0.0003691662448,0.4980322672,-0.00239634664,0.1530883597,0.003069866191,0.9882048308,-1.223977152,0.0009139741172,0.007961352267,2.207283527,-0.6796706505,-0.0008000656726,-1.580225884,0.004859970627,0.0009265131491,1.793483368,-0.5265799603,0.003546205112,-0.3768246422,0.1185330685,0.02827127243,0.09450616307,0.3284049445,0.07878452423,0.8441229583,-0.06361330944,-0.1373146221,-0.1590823381,0.2082467473,-0.1984316505,0.0001879324108,0.5974882608,0.001336425915,-0.003104197405,0.0008478202565
-0.0001699614776,-0.00056513011,0.4947274488,-0.003132386434,0.1504326372,0.004249803064,0.9886061648,-1.220235117,0.001137268093,0.007603533994,2.212894888,-0.6941854576,0.0003388890045,-1.581565386,0.005819825755,0.000895796526,1.802947026,-0.5381812552,0.004604811103,-0.3789650956,0.1176108349,0.03241921574,0.0961649379,0.3233071349,0.0771796749,0.838086854,-0.06355747676,-0.133825505,-0.1576718207,0.210052529,-0.1975298394,0.0001724618817,0.5983331019,0.001526653761,-0.003515040774,0.0008847724376
-0.0002338721128,-0.0007538495907,0.4909255892,-0.003987640484,0.1475847347,0.005220513764,0.9890275987,-1.215260273,0.001843502204,0.006540790014,2.222190904,-0.710588133,0.001405605203,-1.585944413,0.006726138878,0.0002918757829,1.816875527,-0.5487119056,0.005591681358,-0.3807331737,0.1169751999,0.03728319223,0.09747428276,0.3181996952,0.07580450115,0.8328792782,-0.06350533683,-0.1303753313,-0.1563031162,0.2110888922,-0.1965734679,7.674592626e-05,0.5998526708,0.001703774504,-0.003777995125,0.0008906793199
-0.0003257654103,-0.0009759293728,0.4866024749,-0.004970372077,0.14461264,0.005924394375,0.9894581251,-1.208920066,0.003042905479,0.004908525742,2.234289305,-0.7297002356,0.00258132418,-1.592627365,0.008015678548,-0.001042125821,1.834335993,-0.5585502148,0.006722363466,-0.3824661648,0.1166858091,0.04327219467,0.09867973404,0.3129461663,0.07418913312,0.8276116405,-0.06333258521,-0.1263054925,-0.1550803303,0.2110368953,-0.1954552155,-3.188740304e-05,0.601883266,0.00188539406,-0.003944291593,0.0008545448731
-0.0004546539034,-0.001206261066,0.4818463756,-0.00604308491,0.1417359629,0.00632344329,0.9898658556,-1.201800376,0.004575622235,0.002830399196,2.24841912,-0.7517863714,0.003655174954,-1.601333301,0.009430522812,-0.002933411586,1.854017988,-0.567226306,0.00780571206,-0.3839602998,0.1168915751,0.0499844012,0.09945356745,0.3073783199,0.07243007171,0.823074983,-0.06311797549,-0.1224336023,-0.1540576455,0.2099924339,-0.1942331446,-0.0001749199209,0.6042862073,0.002049435452,-0.003973350852,0.0007955761352
-0.0006030245209,-0.001451675242,0.4766336727,-0.007205546045,0.1387952203,0.006403976494,0.9902741822,-1.19364643,0.006366269052,0.0003428256702,2.26434911,-0.7769270954,0.004788247827,-1.611895236,0.01092920929,-0.006023755157,1.876088996,-0.5748945838,0.008880636447,-0.3855030313,0.1176549137,0.05787490628,0.09986253219,0.3017203034,0.07023471795,0.8186926922,-0.06276156883,-0.1184639908,-0.1534594648,0.207796464,-0.192865282,-0.0003168954903,0.6067512314,0.00220943781,-0.004003955411,0.0006957724131
-0.0007727171362,-0.001704342652,0.4710452329,-0.008375381269,0.1360058884,0.00610634393,0.9906538063,-1.184988546,0.008310131748,-0.002410477538,2.281627531,-0.8050029749,0.005847815075,-1.623946714,0.01259046431,-0.009573199154,1.899099053,-0.5810182121,0.01002930193,-0.3868606565,0.1189710882,0.06645295048,0.09969673252,0.2958441642,0.06781063295,0.8149893185,-0.06236820436,-0.1148507532,-0.1531113482,0.2045863112,-0.1913461025,-0.0004578065738,0.60925097,0.002351860764,-0.003988886034,0.0005824257902
-0.0009768200027,-0.00193255392,0.4652447058,-0.009533943075,0.1332479947,0.005382625057,0.9910222516,-1.176405203,0.01027672948,-0.005330440502,2.300252454,-0.8348648826,0.006924026856,-1.636634032,0.01391717617,-0.01346802149,1.922102824,-0.5853684059,0.01131790193,-0.3883803298,0.1206968105,0.07615993283,0.09913768442,0.2898684799,0.0655318813,0.8118972744,-0.06175785093,-0.1113090491,-0.1522193806,0.2003033872,-0.1896328464,-0.0005894604579,0.6114974736,0.002492988219,-0.004060430234,0.0003994178126
-0.001211419632,-0.002167980312,0.4592949854,-0.01052727139,0.1306651541,0.004181026186,0.9913618477,-1.168051247,0.0121031452,-0.008232504944,2.319801808,-0.8660716049,0.007894758839,-1.650012791,0.01531939678,-0.01741986841,1.944645522,-0.5879355043,0.01282087873,-0.3897268438,0.1225306184,0.08649394786,0.0979440651,0.2839984288,0.06440278715,0.8096510884,-0.06126605122,-0.1082305307,-0.1498113977,0.1952368532,-0.187575843,-0.0007128064861,0.613539729,0.002621282615,-0.004164364949,0.0001943452012
-0.001567371088,-0.002416478282,0.4534201166,-0.01143825801,0.1282133752,0.002638751088,0.9916771318,-1.161129508,0.01403699475,-0.01102968149,2.340228348,-0.8970920682,0.008849562509,-1.662988753,0.01754211051,-0.02136627248,1.965849499,-0.5893708313,0.01487586173,-0.3900909006,0.1241769727,0.09799413118,0.0964313121,0.2788284623,0.06545729755,0.8072182878,-0.06132049564,-0.1064227833,-0.1462723038,0.1896157128,-0.185022325,-0.000900610507,0.6152509496,0.002757628616,-0.004427010889,-0.0001965949324
-0.002054733474,-0.002663447748,0.4477331139,-0.01193407993,0.1249906248,0.0003509323528,0.9920860841,-1.161885214,0.01545198958,-0.0134873393,2.366125232,-0.918914973,0.009695042374,-1.673663028,0.02088581768,-0.02516997401,1.985531665,-0.5898805092,0.01720551747,-0.3882667554,0.1245576363,0.1121309335,0.09543981559,0.2753381109,0.07216239741,0.801300078,-0.06371153209,-0.1088919907,-0.1412902226,0.1835895629,-0.181848831,-0.001389461547,0.6165517798,0.002886074265,-0.004757382559,-0.0007007034973
-0.002815144765,-0.0029398313,0.4423716015,-0.01192423716,0.1215439214,-0.00229005708,0.992511785,-1.168012573,0.01705706177,-0.01455214224,2.394536414,-0.9322180371,0.01115130404,-1.682576358,0.02670523655,-0.02817156478,2.00485297,-0.5961682143,0.01970845228,-0.3834144081,0.1232352058,0.1284532627,0.09398292911,0.2743443991,0.08233327567,0.7923528854,-0.06786024363,-0.1148464112,-0.1362292421,0.1772116466,-0.1779554476,-0.002064060205,0.6177453937,0.00298717789,-0.005254361325,-0.001528552138
-0.003841695996,-0.003222602354,0.4373625828,-0.01142300997,0.1181587805,-0.004804082647,0.9929173874,-1.17710126,0.01836058254,-0.01352083172,2.420508946,-0.937763318,0.01301850704,-1.69003654,0.03367368694,-0.03003076859,2.022427551,-0.6050940932,0.02158589123,-0.3767713934,0.1206897801,0.1463742339,0.09120867994,0.2756847214,0.09282232295,0.7818592741,-0.07259843316,-0.1222569422,-0.132267199,0.1702984075,-0.1737387674,-0.002512474058,0.618828993,0.003076316681,-0.005706276718,-0.002357525615
-0.00507431678,-0.003507128336,0.4327292069,-0.01098361505,0.1150421585,-0.006675233974,0.9932774553,-1.186856496,0.01993560131,-0.01053645174,2.43646859,-0.9372397801,0.01448031841,-1.696862598,0.04011266552,-0.03133396205,2.038376213,-0.6156009137,0.02266672934,-0.3699714847,0.118487691,0.1658095862,0.08646671766,0.2784292031,0.1008088025,0.7719777317,-0.07637680577,-0.1287611227,-0.1297944136,0.1628466152,-0.1696070245,-0.002507495669,0.6193962682,0.003370999119,-0.00620580575,-0.003207433059
-0.006499479432,-0.003811437994,0.4284659785,-0.01061850423,0.1122575619,-0.007723881982,0.9935923856,-1.197169006,0.0213060612,-0.006886289018,2.44674172,-0.9328620282,0.01589292654,-1.703618982,0.04567711487,-0.03217661098,2.052547342,-0.6255582298,0.02315513854,-0.3637750724,0.1166482429,0.1865991136,0.07982078401,0.2822710861,0.1058635932,0.7639895875,-0.07860879616,-0.1330432246,-0.1283893338,0.1546616993,-0.1655963423,-0.001979883682,0.6195304259,0.003690470776,-0.006682147441,-0.003907220627
-0.008030807566,-0.00415874065,0.4246970027,-0.0101822487,0.1098299072,-0.008129731573,0.9938649912,-1.206473959,0.02228557905,-0.00402640591,2.456237222,-0.9271370981,0.01741070095,-1.71056035,0.04957303403,-0.03253444963,2.065160733,-0.6347980223,0.02335717458,-0.3588316376,0.1149698044,0.2081588392,0.07191331089,0.2867146176,0.1088347831,0.758287053,-0.07977048965,-0.1355024523,-0.1275856055,0.1457549149,-0.1614673715,-0.00117417511,0.619117411,0.004208538173,-0.007429193309,-0.004706452002
-0.009655792412,-0.004562466539,0.4214519697,-0.009555129364,0.1078290047,-0.008008199083,0.9940912805,-1.215277746,0.02292433319,-0.001636502594,2.466025486,-0.9214026415,0.01877524473,-1.717790123,0.05216780738,-0.03234499428,2.07619278,-0.6427540198,0.02336991302,-0.3549293841,0.1131950053,0.2302219407,0.06317067617,0.2914246385,0.1107583344,0.7542994027,-0.08043345866,-0.1368664041,-0.1270023008,0.1361802529,-0.157213451,-0.0001446509776,0.6182295376,0.004730088461,-0.008277359771,-0.005426993012
-0.0113117672,-0.005006883902,0.4187164439,-0.00881506236,0.1061462663,-0.007612042571,0.9942823149,-1.223030413,0.02363476902,0.0004934098562,2.475557745,-0.9164521532,0.0200297415,-1.725031301,0.05343084443,-0.03182748659,2.086029917,-0.6503425246,0.02350000205,-0.3518276141,0.1115525867,0.2526901231,0.05399927662,0.2960798193,0.1123338721,0.751552163,-0.08097586467,-0.1379139035,-0.1262763018,0.126223683,-0.1530703648,0.0008094466735,0.6164115563,0.005414121601,-0.009298517309,-0.006070900448
-0.01297484886,-0.005494595322,0.4164900444,-0.00791320498,0.1048983656,-0.007069514951,0.9944263352,-1.230109374,0.02441461607,0.002649563596,2.484018814,-0.9125171013,0.02105202729,-1.732222944,0.05377725613,-0.0310288954,2.094434186,-0.6574130921,0.02375092808,-0.3492040643,0.1100059109,0.2751724808,0.04479982932,0.3005649785,0.1143549963,0.7493514212,-0.08167867456,-0.138944407,-0.1251396126,0.1162011308,-0.1494656097,0.001587413745,0.6138198815,0.005833792836,-0.01041347384,-0.006446674067
-0.01461088191,-0.006001405132,0.4147382981,-0.006836626646,0.1039515438,-0.006591667615,0.9945370214,-1.236612327,0.02550631915,0.005066217506,2.491145542,-0.9092219635,0.02189547201,-1.738995444,0.05334543626,-0.03003490286,2.101483789,-0.6644417805,0.02407145211,-0.3468933001,0.1085056665,0.2977329806,0.03559810772,0.304905865,0.1167255914,0.7475590547,-0.08257958486,-0.1399949261,-0.1236715601,0.1065094636,-0.1469780063,0.001888457812,0.610074423,0.005996321332,-0.01185332712,-0.006515408436
-0.01619721798,-0.006537713986,0.4134426201,-0.00552423277,0.1034432857,-0.006219939944,0.994600564,-1.242693696,0.02676514975,0.007884694677,2.496352725,-0.9065387692,0.02247153406,-1.745440372,0.05240125286,-0.02878123328,2.107011474,-0.6713518497,0.02446533227,-0.3448405868,0.1069385566,0.3199110651,0.026657876,0.3091772999,0.1194580747,0.7460365808,-0.08351023197,-0.1408719591,-0.1219134391,0.09739370493,-0.145974668,0.00170606077,0.6054369979,0.005873026247,-0.01342909301,-0.006291687009
-0.01773282837,-0.007090585073,0.4125888767,-0.004025276691,0.1034001984,-0.006011215409,0.9946135236,-1.248666947,0.028281334,0.01111225153,2.499376391,-0.9040634639,0.02290388857,-1.75154189,0.05090811393,-0.02735522078,2.110802284,-0.6778592016,0.02492674276,-0.3431499706,0.1053731502,0.3417491612,0.01784217911,0.3133986157,0.122042751,0.7449679692,-0.08435242537,-0.141500463,-0.1200338038,0.08890188321,-0.1465873967,0.001037929411,0.6000576158,0.005731519696,-0.01534538808,-0.006014398522
-0.01920807047,-0.007669072805,0.4121527104,-0.002414968585,0.1039089507,-0.00598834344,0.9945658538,-1.254538873,0.03004459058,0.01456393982,2.499911519,-0.9017648833,0.02309823974,-1.757505102,0.0490590889,-0.02594800992,2.112913339,-0.684092651,0.02538482518,-0.3418307815,0.1039437385,0.3630577451,0.009277312811,0.3175670914,0.1242306507,0.7443792322,-0.08492901741,-0.1416296814,-0.118271225,0.08076424947,-0.1484950824,7.071933054e-05,0.5943914587,0.005783214786,-0.01736454661,-0.005908013571
-0.02058270835,-0.008259724779,0.4121051598,-0.0008256046495,0.1049943711,-0.006184129106,0.9944532452,-1.260524898,0.0320676256,0.01793350062,2.498120484,-0.8992887011,0.02313614727,-1.7634427,0.04667581321,-0.0248143913,2.11332888,-0.6897296002,0.02579369513,-0.3411428178,0.1030231398,0.3836651164,0.001047762381,0.3214036015,0.1256474127,0.7444594983,-0.08524207502,-0.1414037759,-0.1167753348,0.07285136378,-0.1513806143,-0.001077430328,0.5888618187,0.00609252282,-0.01974163917,-0.006102964168
-0.02185362437,-0.0088724793,0.4124202094,0.0007224077315,0.1066441695,-0.006638718969,0.9942748245,-1.266457687,0.03429690222,0.02109315129,2.494201564,-0.8968049048,0.02301715758,-1.769463919,0.04398703832,-0.02406753406,2.112301001,-0.695078874,0.02614891536,-0.3409429884,0.1025798073,0.4035768941,-0.006800037725,0.3248771269,0.1264239776,0.745058575,-0.08530296336,-0.1407248724,-0.1154883324,0.06499113561,-0.1548360422,-0.002344423137,0.5837015013,0.00656417221,-0.02213838697,-0.006557105455
-0.02295056426,-0.009450112609,0.4131171588,0.002128181965,0.1090254356,-0.007431693033,0.994008901,-1.272602408,0.0365127029,0.02383097784,2.488603703,-0.8943478495,0.02290151473,-1.775671912,0.04068478222,-0.02380278838,2.109658875,-0.7001451817,0.02644516841,-0.3414608463,0.103128013,0.422079764,-0.01400364766,0.3275476821,0.126604301,0.7463611255,-0.0852884748,-0.1400236004,-0.1143839735,0.05742439314,-0.1586412037,-0.003641089427,0.5792436658,0.007025454964,-0.0247263174,-0.007231735365
-0.02388316725,-0.01001149877,0.4141689435,0.003492210631,0.1119871406,-0.008637654973,0.9936659779,-1.278641212,0.03869284988,0.02622108125,2.481648891,-0.8921016069,0.02273357959,-1.781996276,0.03709709999,-0.02397407191,2.105730483,-0.7052291007,0.02670868805,-0.3424031506,0.1042512692,0.439431978,-0.02063774315,0.3295615779,0.126352086,0.7480387493,-0.08518358486,-0.1390920047,-0.1133598802,0.05015735387,-0.1624862901,-0.004985400138,0.5753988768,0.007455222743,-0.02717836779,-0.007998235677
-0.02456909476,-0.0103369137,0.4154787148,0.004649992197,0.1157993797,-0.01030977844,0.9932082308,-1.285603596,0.04032827376,0.02833014188,2.474623832,-0.8902448453,0.02206956467,-1.788393043,0.03293287819,-0.02432405154,2.100353061,-0.7112225821,0.02668130804,-0.3440337195,0.1066347002,0.4541007312,-0.02634701314,0.3304018117,0.1258505741,0.750242116,-0.08517236945,-0.1383352367,-0.1122396418,0.04355314228,-0.1662901381,-0.00627052318,0.5722410836,0.007740331983,-0.02970931487,-0.008841938932
-0.02503940511,-0.01045846953,0.4170305518,0.005742292424,0.1200885729,-0.01252247149,0.9926675921,-1.292512147,0.04156999513,0.03040248517,2.467328789,-0.8887146591,0.0212174907,-1.794792735,0.02857835669,-0.024773728,2.093917637,-0.7175184159,0.02647413378,-0.3460672764,0.1095482367,0.4668919998,-0.03136156575,0.3304582546,0.1249776813,0.7525801382,-0.08511243919,-0.1374723381,-0.1112374714,0.03753825982,-0.1697493699,-0.007528134986,0.5696094641,0.007956409941,-0.03203207945,-0.009662761342
-0.02524669125,-0.01032065852,0.4187813068,0.006724527396,0.1250421025,-0.01498407072,0.9920154893,-1.29976796,0.04165231587,0.03261770852,2.46025983,-0.8877796204,0.02067382319,-1.801429991,0.02367249686,-0.02501313627,2.086563757,-0.723973234,0.02563711999,-0.3488379406,0.1131062577,0.4766393516,-0.03539953761,0.3293759065,0.1240478885,0.7552922537,-0.08529469714,-0.1366822784,-0.1099730996,0.03263080778,-0.1728481179,-0.008616888257,0.5674443183,0.007874709707,-0.03444545725,-0.01041577184
-0.02523260085,-0.00995307663,0.4207320005,0.00763723665,0.130269264,-0.01784055101,0.9912887098,-1.306386087,0.04108073708,0.03524301905,2.453646442,-0.8872334624,0.02023983708,-1.808090173,0.0187435878,-0.02519298187,2.078671171,-0.7302615911,0.02455494607,-0.3519298138,0.1167806377,0.484332233,-0.03877127293,0.3275564471,0.1228693394,0.7579868536,-0.08548370856,-0.1358506226,-0.1088380197,0.02865713178,-0.1753852815,-0.009576544588,0.5656240102,0.007715961167,-0.03666257347,-0.01108125944
-0.02501272594,-0.009415639033,0.4228332284,0.008592740985,0.1356668037,-0.02055849727,0.990503928,-1.314612008,0.0395102374,0.03841878723,2.44874966,-0.8852797592,0.0197166687,-1.814408534,0.01362066938,-0.02481680523,2.070433522,-0.7359058726,0.02293064582,-0.3550406246,0.1200876981,0.4893692068,-0.04144131018,0.3249663381,0.1216371131,0.7605102631,-0.08569341549,-0.1353203077,-0.1075626035,0.02579023216,-0.1773872977,-0.01036764854,0.5641594736,0.007378553155,-0.03879471766,-0.01164696981
-0.02463797358,-0.008728373298,0.4251095883,0.009565333156,0.140881151,-0.02331093119,0.989705818,-1.32328525,0.03748961825,0.0423239164,2.445179122,-0.8811314299,0.01910696324,-1.81990074,0.008823116305,-0.02407149593,2.062098136,-0.7412087409,0.02119572175,-0.3578163836,0.1226869169,0.4927578137,-0.04372667924,0.3219311982,0.1204189642,0.7627064638,-0.08589910353,-0.1348828914,-0.1063159713,0.0237445671,-0.1787238969,-0.01099405616,0.5629611186,0.007027223871,-0.04067998332,-0.0121261303
-0.02412095828,-0.007988160272,0.4273638865,0.01060768783,0.1458089929,-0.02574965366,0.9889207096,-1.334840065,0.03573736513,0.04647451648,2.441823765,-0.8723222027,0.01826544952,-1.824835651,0.004643183294,-0.02284127514,2.054420882,-0.7465241644,0.01913366214,-0.3599543294,0.1244866633,0.4943212134,-0.04562604744,0.3185740028,0.1195967036,0.7644749877,-0.0862177978,-0.1348780097,-0.1049092692,0.02279204197,-0.1794619147,-0.01159707424,0.5619317169,0.006623993996,-0.04247378635,-0.01266236853
-0.02351189484,-0.007188595422,0.4296270127,0.01163911925,0.1501592536,-0.0279586799,0.9881978758,-1.347831544,0.03438244776,0.05127571276,2.438637577,-0.8586852014,0.01711738826,-1.828440994,0.001256188828,-0.02118332615,2.047297409,-0.7519168889,0.01707999425,-0.3614013837,0.1253566891,0.4949857319,-0.04739064639,0.3151455359,0.119143672,0.7658434867,-0.08658488244,-0.1349696574,-0.1034216508,0.02254836876,-0.1796252426,-0.01209307779,0.5610237429,0.006254239743,-0.04405004482,-0.01316887652
-0.02281501214,-0.006447275804,0.4317355841,0.01256947137,0.1538468109,-0.02968493806,0.9875687174,-1.363578016,0.03375752686,0.05617755232,2.433111343,-0.8419113022,0.01543420446,-1.83080326,-0.001267603751,-0.01936929965,2.041279147,-0.7577159721,0.01465602177,-0.3620357813,0.1252852337,0.4945924886,-0.04881430673,0.3120550558,0.1191528924,0.7669128466,-0.08675840137,-0.135381124,-0.1018157657,0.02305719453,-0.1792304455,-0.01266332433,0.5601856521,0.006127358213,-0.04534912293,-0.01359747023
-0.02206005674,-0.005742390023,0.4336946888,0.01328764467,0.1565923705,-0.03100011422,0.987087261,-1.381234217,0.0338274998,0.06093226071,2.42617706,-0.8258719385,0.01365400584,-1.831172839,-0.002911153012,-0.0174990207,2.036185607,-0.7636585484,0.01223627967,-0.3619084214,0.1242308477,0.493946952,-0.05000794357,0.3094189931,0.1192413501,0.7675393546,-0.08685913956,-0.1359990218,-0.1006248703,0.0239946719,-0.1784128869,-0.01312882973,0.5593901178,0.006093172069,-0.04640531468,-0.01395920191
-0.02121882631,-0.005126644962,0.435392361,0.01373453996,0.1584977745,-0.03190573355,0.9867481148,-1.401030923,0.03453238593,0.06436425505,2.416187407,-0.8121043879,0.0117203207,-1.830005002,-0.003808129515,-0.01590761987,2.032369007,-0.7700063175,0.009366474238,-0.3608841164,0.1223628159,0.4925926126,-0.05056846521,0.307584223,0.1193579981,0.7678086914,-0.08670331454,-0.1367286402,-0.09992422422,0.02555656789,-0.1773277853,-0.01361613211,0.5585744861,0.00625583387,-0.04705064253,-0.0142693787
-0.02030205556,-0.004572448386,0.436824395,0.01386578639,0.1593264564,-0.03245346499,0.9865949487,-1.422163603,0.03581807807,0.06656032113,2.404684797,-0.800739473,0.009959972836,-1.826744335,-0.0040193507,-0.01456025256,2.029682355,-0.7762372083,0.006514960142,-0.3591188619,0.1195528338,0.4911340529,-0.05055801093,0.3065028292,0.1190486686,0.7676990982,-0.08633955492,-0.1375401902,-0.09998046208,0.02742574418,-0.1760999015,-0.0139759525,0.5578176455,0.006461719157,-0.04746482314,-0.01452524321
-0.01927802229,-0.004079937895,0.4379553281,0.01373125784,0.1593386071,-0.03268028408,0.9865873808,-1.444163743,0.03733362475,0.06676837705,2.390627799,-0.7918885695,0.008015128123,-1.822113749,-0.003835054825,-0.0135107898,2.028317094,-0.7825580799,0.003306146407,-0.3567544399,0.1159989927,0.4890440435,-0.04971830281,0.3063625729,0.1180322802,0.7674732908,-0.08545767192,-0.138195722,-0.1007608167,0.02979562808,-0.1748272749,-0.0142835224,0.557112881,0.006875401611,-0.04748645516,-0.01465732949
-0.01814319982,-0.003619071439,0.4387803216,0.01329773275,0.1583663139,-0.03264120932,0.9867511502,-1.466381678,0.03915250652,0.06546244603,2.375652936,-0.7850207362,0.0062707624,-1.815746854,-0.003297757694,-0.01272347438,2.028145232,-0.7883695174,0.0002132955717,-0.3539322351,0.1116344903,0.4867501298,-0.04807546766,0.3068989605,0.1163129389,0.7671734728,-0.08429873427,-0.1387500953,-0.1021366489,0.03239619518,-0.1736255864,-0.0144570112,0.5565462111,0.007304782634,-0.04733477106,-0.01472277109
-0.01684357977,-0.003182944851,0.4393089519,0.01263861666,0.1568181954,-0.0324696383,0.9870126856,-1.48804495,0.0406756679,0.06252733586,2.358249652,-0.7799311875,0.004341901892,-1.808553829,-0.002472024107,-0.01239023279,2.029318684,-0.7941899073,-0.003758330766,-0.350492825,0.1067820892,0.4832646889,-0.04535014661,0.3079943518,0.1139142129,0.7671371736,-0.08264219572,-0.1389081949,-0.1038409376,0.03555896591,-0.172612361,-0.01453147496,0.5562733908,0.007894809551,-0.04663832896,-0.01460773167
-0.01537505024,-0.002739655656,0.4395396172,0.01165242193,0.1545714396,-0.03220269126,0.9873879065,-1.508715274,0.04208992252,0.05842256916,2.340262003,-0.7762157382,0.002630895385,-1.800171024,-0.0014034722,-0.01250592806,2.031601713,-0.7993955773,-0.007818383355,-0.346609042,0.1015626681,0.47901006,-0.04151213788,0.3093728686,0.111400882,0.767366839,-0.08096526075,-0.1388760089,-0.1055518807,0.03902637206,-0.1718880435,-0.01449664934,0.556300668,0.008463783814,-0.0457496229,-0.01442729677
-0.01370291185,-0.002235093009,0.4395268056,0.01051870669,0.1522116927,-0.03190527894,0.987776802,-1.527985376,0.04322646232,0.05236748691,2.320781414,-0.7737401907,0.0005229126916,-1.791813701,-0.0004412831437,-0.01280726157,2.035019738,-0.8046967144,-0.01245529007,-0.3422929453,0.09655763025,0.473032621,-0.03652888333,0.3108654519,0.1088451299,0.7679739471,-0.07907586855,-0.1382266992,-0.1069852373,0.04323527513,-0.1715570464,-0.01427352351,0.5567108523,0.009037482359,-0.04437292755,-0.01402805931
-0.01183550335,-0.001642097049,0.4392805614,0.009177321258,0.1495815814,-0.03161312082,0.9882012638,-1.545433412,0.04432545192,0.0450690449,2.301472352,-0.7722104869,-0.001397061234,-1.783018735,0.0004249805636,-0.01324269571,2.039256697,-0.809470856,-0.0169292804,-0.3377149755,0.09174035225,0.4658556192,-0.03041482496,0.3123842734,0.1065808106,0.7689329254,-0.07731762033,-0.1373715453,-0.1081878418,0.04788413811,-0.1715991914,-0.01394831562,0.5574788107,0.009540463854,-0.04287571141,-0.01357423226
-0.009777183097,-0.0009664111123,0.4388213352,0.007727525312,0.1470216618,-0.0314174582,0.9886039954,-1.560615513,0.04491308126,0.03628124788,2.28030506,-0.7721187552,-0.003567524899,-1.774594355,0.001592243123,-0.01392965899,2.044390232,-0.814314721,-0.0221970952,-0.3326469625,0.08729320714,0.4569718463,-0.02351559728,0.3138727884,0.104408074,0.7701679772,-0.07552309502,-0.1359849799,-0.1091490706,0.05302927245,-0.171987099,-0.01351796448,0.5586716681,0.01001954082,-0.04097253827,-0.01297663216
-0.007534339812,-0.0001770631231,0.438155876,0.006054366808,0.1444312322,-0.03130647833,0.9890009445,-1.573366053,0.04526652523,0.02669958911,2.259501558,-0.7731322031,-0.005523056533,-1.766117717,0.00294395672,-0.01479369797,2.050062918,-0.8186764284,-0.02736906715,-0.3273616776,0.08336251742,0.4468256671,-0.01579720098,0.3152373787,0.1025618391,0.7716469761,-0.0739110435,-0.1345057278,-0.1099269508,0.05840910259,-0.1727367442,-0.01305182351,0.5601839244,0.01042978851,-0.03901715049,-0.01237043476
-0.005136069793,0.0007400894068,0.4373481904,0.004281269084,0.1422223165,-0.03123205561,0.9893326246,-1.584222048,0.04478352436,0.01649402866,2.23925858,-0.7766049699,-0.007477047783,-1.758365105,0.004451922457,-0.01573589006,2.056124076,-0.8230191613,-0.03335793104,-0.3219526048,0.07993279736,0.4349779165,-0.00773198112,0.3164632466,0.1007816617,0.7731841504,-0.07226989066,-0.1324468833,-0.1104302761,0.06419852353,-0.1737579859,-0.01243253026,0.5620008906,0.01071639574,-0.0367643286,-0.01162216511
-0.002602616943,0.00180460693,0.4364249438,0.002335406946,0.1402487462,-0.03117265683,0.9896227062,-1.592936134,0.04380865543,0.006387588868,2.221224811,-0.7817649924,-0.009210591752,-1.750886151,0.006024139212,-0.01659564622,2.062278515,-0.8269397159,-0.03913143092,-0.3166425918,0.07700956748,0.4219998619,0.0005963843351,0.3175228317,0.09925850497,0.7748277533,-0.07079710815,-0.1303537846,-0.1107878752,0.07011594595,-0.1749747866,-0.01178852783,0.564048556,0.01092476277,-0.03454626981,-0.01088432741
-4.790018804e-06,0.003017407769,0.4354679107,0.0003712938484,0.1387771741,-0.03107821245,0.9898357959,-1.599743821,0.04228064337,-0.003570792255,2.204009104,-0.786898481,-0.01105620268,-1.744302112,0.007590674022,-0.01717993801,2.068502937,-0.8310911121,-0.04532549374,-0.3114385026,0.07444981555,0.408008718,0.008537238548,0.3185053533,0.09774310924,0.7763099248,-0.0693020873,-0.127777843,-0.1108621895,0.07612502654,-0.176202585,-0.01109221003,0.5661383691,0.01105942328,-0.0322792868,-0.01009245396
0.00263599943,0.004393946426,0.4345020162,-0.001690272826,0.1377142686,-0.03091063889,0.9899881088,-1.604519245,0.04045978509,-0.01267423836,2.189473563,-0.7936602208,-0.01289888992,-1.738271819,0.009059072193,-0.01738355173,2.074472594,-0.8350695391,-0.05100466824,-0.3065515615,0.07231570832,0.3934460759,0.01603503279,0.3193523189,0.09642378858,0.7777299967,-0.06796203025,-0.1252758717,-0.1108336704,0.08198598328,-0.1773961219,-0.01041554259,0.5682515479,0.01115072424,-0.03017072438,-0.009352083481
0.005255540386,0.0059315835,0.4335650984,-0.003699582175,0.1372049897,-0.03060109299,0.9900629662,-1.607948052,0.03789426657,-0.02045221446,2.177797719,-0.8034130026,-0.01525445623,-1.733201114,0.01023993501,-0.0171579436,2.080111064,-0.8390594422,-0.05745103853,-0.301875877,0.07018919199,0.3784999854,0.02263033633,0.3201697368,0.09508818101,0.7787811366,-0.06654618831,-0.1224247305,-0.1104696105,0.08771098375,-0.1784002925,-0.009723346021,0.5701670401,0.01124436609,-0.02815865433,-0.008519614964
0.007834343835,0.007636668863,0.4326779284,-0.005783811204,0.1371549224,-0.03013938698,0.9900740842,-1.610022156,0.03492174345,-0.0266864643,2.169149339,-0.8141850241,-0.01760733568,-1.728797232,0.01119698829,-0.01646286343,2.085221406,-0.8428568371,-0.06345847559,-0.2975324381,0.06821475722,0.3636061534,0.02829305246,0.3209010573,0.09391305866,0.7796176672,-0.06526269411,-0.1197515453,-0.1100325656,0.09308359022,-0.1791885902,-0.009039989465,0.5719434689,0.01132415765,-0.02636442425,-0.00773285559
0.01032717993,0.009563329331,0.4318875018,-0.007843976373,0.1375498912,-0.02953114971,0.9900234394,-1.611468723,0.03092342664,-0.03110963487,2.163750799,-0.8257862608,-0.02046103326,-1.725028201,0.0121356649,-0.01518762122,2.089587049,-0.8463311402,-0.06994654062,-0.2934532313,0.06607925976,0.3493099877,0.03263810374,0.3216075822,0.0928071636,0.779909808,-0.06402559855,-0.1167819795,-0.1092901367,0.09808177554,-0.1797912079,-0.008342511158,0.5733631508,0.01132466078,-0.02477895888,-0.006941946594
0.01273083084,0.0116979815,0.4312090953,-0.01000825272,0.1382920435,-0.02878587679,0.9899224812,-1.612428363,0.02660054345,-0.03361810444,2.16166407,-0.8355651117,-0.02298275119,-1.721668712,0.01315607807,-0.01335708885,2.093237683,-0.8496021951,-0.07575908708,-0.2896907173,0.06390301683,0.3359407159,0.03571471078,0.322281742,0.09187917393,0.7799005445,-0.06294302932,-0.1140497373,-0.1085190415,0.1025594603,-0.1801275862,-0.007643042536,0.5746009397,0.01129668757,-0.02343352719,-0.006222071914
0.0150041079,0.01386719388,0.4306859581,-0.0121621139,0.1394662898,-0.02763307415,0.9897664625,-1.613098678,0.022422605,-0.03467290005,2.161094715,-0.8447712169,-0.02638603017,-1.719211299,0.01433276321,-0.01135970366,2.096547015,-0.8527180023,-0.08190767902,-0.2862029668,0.06161343466,0.3238609009,0.03725679537,0.3230408164,0.09093306411,0.7792026239,-0.06187683781,-0.1112301351,-0.1075568858,0.1064955768,-0.1800742564,-0.007051391987,0.5754843377,0.01130545477,-0.02237234559,-0.005587888242
0.01716354755,0.01609733604,0.4303153564,-0.01438627415,0.1408688893,-0.02628290238,0.9895747573,-1.614499413,0.01841579996,-0.03469443659,2.162164272,-0.852617915,-0.02907122734,-1.717001119,0.01592625501,-0.009198170105,2.099342348,-0.8558279874,-0.0875765008,-0.2828090828,0.05919134104,0.3135054953,0.03743971615,0.323764667,0.09012276305,0.7780645142,-0.06094151449,-0.1087559444,-0.1066254721,0.1096981709,-0.179747314,-0.006450812786,0.5761257695,0.01132295528,-0.02152488327,-0.005034551095
0.01924642629,0.0183746254,0.4301486141,-0.01649025752,0.1424414384,-0.02488513585,0.9893529391,-1.61632262,0.01463866173,-0.03401496577,2.164458099,-0.8600311462,-0.03231668802,-1.714876217,0.01801068485,-0.006911196801,2.10143529,-0.8585074208,-0.09415239023,-0.2794147935,0.05644245105,0.3049347562,0.03635046525,0.3245846097,0.08943897908,0.7762233125,-0.06007010015,-0.1061870925,-0.1054575573,0.1122599465,-0.1791841862,-0.005877549786,0.5764084639,0.0113505679,-0.02093422201,-0.004515722846
0.02126415452,0.02070887786,0.4301788771,-0.01853579841,0.1442608862,-0.02339814378,0.9890893528,-1.618821293,0.01100895323,-0.03266555857,2.167270653,-0.8666013758,-0.03528672411,-1.712694483,0.02046739242,-0.004260550817,2.102734941,-0.8611710786,-0.1006338348,-0.276246812,0.05356094306,0.2979626881,0.0341865715,0.3254323372,0.08893684563,0.7739968393,-0.0593274489,-0.1039548523,-0.1043212754,0.1141181204,-0.1784509584,-0.005257773885,0.5764522651,0.01137581767,-0.02051734563,-0.004045847123
0.02328725971,0.02292509719,0.4304402812,-0.02035062766,0.1461532007,-0.02178988776,0.988812568,-1.620803697,0.008364912537,-0.03117588488,2.170702953,-0.8753412204,-0.0395779879,-1.710343952,0.02354770525,-0.001662386248,2.103808246,-0.8638729245,-0.1080455839,-0.2729089954,0.0503929334,0.2924422644,0.03109813251,0.3263589138,0.08851238903,0.7711995392,-0.05865641809,-0.1016393162,-0.1030225577,0.1154910432,-0.1775231547,-0.004702095226,0.5762051619,0.01140389963,-0.02036514301,-0.003665401928
0.02529043108,0.02504888925,0.4309223742,-0.02207890562,0.1484188729,-0.01976073629,0.9884805883,-1.623316844,0.00578918037,-0.02919240775,2.172662349,-0.8815256155,-0.0435588297,-1.707952345,0.02669429727,0.001148742189,2.104282599,-0.8667274624,-0.1153840219,-0.2700619297,0.04754361614,0.2879225018,0.02718061924,0.3272551915,0.08819880023,0.7680771795,-0.0580936016,-0.09964780105,-0.1017983449,0.1163023581,-0.176582704,-0.00414480049,0.5756424593,0.01143099795,-0.02036081144,-0.003342998871
0.02735393118,0.02699448939,0.4316097471,-0.02368146697,0.1508029699,-0.01748412071,0.9881254768,-1.625008961,0.00388904022,-0.02722761884,2.173221724,-0.8863710692,-0.04826089021,-1.705234991,0.02986062627,0.003376506257,2.104420504,-0.8692426838,-0.1234239906,-0.2673745354,0.04485279058,0.2842117536,0.02261015272,0.3281979092,0.08794040147,0.7644026327,-0.05757421882,-0.09752391358,-0.1004096757,0.1168820635,-0.1756910707,-0.003658558982,0.5746946616,0.01147160631,-0.02055241556,-0.003049164158
0.02950646694,0.02877674714,0.4324738456,-0.02523073144,0.1534488829,-0.01489704048,0.9877220908,-1.62628284,0.002536962978,-0.02526649196,2.172345858,-0.889963925,-0.05309527136,-1.702317248,0.03285315368,0.004925533618,2.10435582,-0.8714006424,-0.130950304,-0.2651111221,0.04260727728,0.2809305181,0.01765390435,0.3290884635,0.08777274362,0.7604993524,-0.05713924969,-0.09570355074,-0.09910399323,0.1172262068,-0.174970529,-0.003170924672,0.5734949417,0.01151000093,-0.0208444468,-0.002780152858
0.03182708356,0.03044940191,0.4335761462,-0.02659520423,0.1560630542,-0.01228142806,0.9873126074,-1.62579595,0.001616541016,-0.0231957943,2.170194159,-0.8930108481,-0.05865590458,-1.698896729,0.03558989041,0.004998560309,2.104208977,-0.8722931802,-0.1387496558,-0.2631000856,0.04078704028,0.2780858915,0.01236806859,0.3297414142,0.08763875801,0.7563377496,-0.05695575454,-0.09363108181,-0.09781015613,0.1176750022,-0.1746459638,-0.002715020932,0.5720341812,0.01132334397,-0.02133142131,-0.00259427263
0.03434637416,0.03202619668,0.4348832299,-0.02779180335,0.1588515837,-0.009645477029,0.9868641015,-1.624321268,0.001010687972,-0.02080080163,2.16694933,-0.8955364033,-0.06377964336,-1.695165937,0.03796675098,0.003340449222,2.10416848,-0.8724370337,-0.1457101863,-0.2614946308,0.03956466562,0.2751092448,0.007100850839,0.3301061771,0.08754042547,0.7521797633,-0.05688266209,-0.09179707,-0.09664612354,0.1182204311,-0.1747521064,-0.002282600619,0.5704766886,0.01108319675,-0.02188110466,-0.00243785161
0.03709382665,0.03353186512,0.4363790664,-0.02879257552,0.1616011641,-0.007383165729,0.9864084044,-1.621293898,0.001164043529,-0.01834206769,2.163090652,-0.897986309,-0.06886259066,-1.690422633,0.04017743174,-0.0004282317023,2.103296822,-0.8720189276,-0.1528532918,-0.2597289155,0.03873899897,0.2720160393,0.001954102804,0.3300712325,0.08743147712,0.7479742311,-0.05699866758,-0.0896847014,-0.09548920904,0.119116356,-0.175369662,-0.001835011479,0.5688383146,0.01062751745,-0.02252752149,-0.002287266897
0.04009087553,0.03496958251,0.4380252994,-0.02943023646,0.164546456,-0.005428985727,0.9859152353,-1.617439968,0.00162873749,-0.0152102585,2.158702559,-0.900382533,-0.07297946991,-1.685101109,0.04183761013,-0.006647482308,2.10180813,-0.8716251576,-0.1589056923,-0.2581385781,0.03810065817,0.2680996426,-0.0027187523,0.3297231708,0.08730256849,0.7439239471,-0.05717145061,-0.08778424483,-0.09445349854,0.1203653679,-0.1763938186,-0.001407808073,0.5672660406,0.01014755579,-0.02316840536,-0.002136147328
0.04333815173,0.03633083986,0.4398319454,-0.02963111175,0.1673316508,-0.004013066453,0.9854471123,-1.611835903,0.002786978417,-0.01166194199,2.1539322,-0.9027187437,-0.0771372324,-1.678576037,0.04307545885,-0.01449039307,2.098792971,-0.8715211304,-0.1650631207,-0.2563996179,0.03728255484,0.2637106964,-0.006961201945,0.3291023305,0.08720909972,0.7400542565,-0.05757170834,-0.08552559136,-0.0934538243,0.1221377189,-0.1778597029,-0.0009266870243,0.5658005848,0.009425190599,-0.0237857127,-0.001957370171
0.04684737612,0.03760819141,0.441759545,-0.02934667355,0.1702524788,-0.002886896829,0.9849591525,-1.605309274,0.003963015211,-0.007170080404,2.148776019,-0.9052607527,-0.08034165945,-1.671629231,0.04367055647,-0.02338217427,2.094875061,-0.871699323,-0.1704134338,-0.2550908611,0.03642005623,0.2581393927,-0.01050921132,0.3282831203,0.08709802478,0.7365183963,-0.05800454118,-0.08342460879,-0.09257031617,0.1244969917,-0.1796728563,-0.0004855142035,0.5644959881,0.008700154664,-0.02434204293,-0.001773093008
0.05059055925,0.03881044065,0.4436612123,-0.02878085423,0.1729000014,-0.002308177791,0.9845160863,-1.59754335,0.005498269004,-0.002327878833,2.143940032,-0.9077616016,-0.08307941447,-1.664025166,0.04452663312,-0.03233135707,2.089722286,-0.87209829,-0.1759477566,-0.253523267,0.03563944131,0.251716126,-0.01335919519,0.3271228848,0.08699554135,0.7334330419,-0.05864031008,-0.08083633984,-0.09166597588,0.1276820023,-0.1819975562,4.393046464e-05,0.5633059577,0.007669255648,-0.02487817468,-0.001547208159
0.05454916979,0.03991812831,0.4455296364,-0.02802562196,0.1755233897,-0.001828048846,0.9840745716,-1.589289682,0.006671565041,0.003007060654,2.139406081,-0.9106894713,-0.084514928,-1.656433385,0.04531595882,-0.04017997884,2.084429908,-0.8721869444,-0.1810803878,-0.2525811998,0.03535104514,0.2440951704,-0.01541697794,0.3257332672,0.08686485694,0.7308560964,-0.05927190509,-0.0783421966,-0.09084613316,0.1315823349,-0.1846888733,0.0004984374064,0.5623233768,0.006650222979,-0.02535773836,-0.001319048521
0.05861722144,0.04088867319,0.4473758214,-0.02727522085,0.1779273137,-0.001430993032,0.9836645188,-1.580682551,0.007092079757,0.007978923182,2.135491879,-0.9138558216,-0.08517301374,-1.648778843,0.04647948369,-0.04644384366,2.078867029,-0.8723740434,-0.1868461988,-0.2515612832,0.03548572679,0.2360285055,-0.01704115947,0.3239337675,0.08668557662,0.7286434857,-0.06013098368,-0.07551446744,-0.09016829764,0.1360461311,-0.187836134,0.0009751174448,0.5614332659,0.005360891078,-0.02582748814,-0.001086239266
0.06277306189,0.04170149152,0.4492064275,-0.0265545214,0.1802906565,-0.000882101208,0.9832544729,-1.572185924,0.006633385675,0.01247560344,2.132072435,-0.9174269782,-0.08507853565,-1.641444673,0.04761373948,-0.05107709284,2.073656784,-0.8723243157,-0.1921746586,-0.2509899041,0.03617466807,0.2272793205,-0.01812895587,0.3218893134,0.08644274415,0.7268116795,-0.0609674592,-0.07286048588,-0.08960890345,0.1408844901,-0.1912399323,0.001346280233,0.5607706575,0.004121918765,-0.02624158264,-0.0008666689243
0.06696197188,0.04234341015,0.4510368829,-0.02592471091,0.1822429548,-0.0006727684082,0.9829114722,-1.563702389,0.005722648864,0.01567659061,2.129913285,-0.9203356618,-0.08449678696,-1.633990156,0.04937182391,-0.054178997,2.068703965,-0.8715524174,-0.1978422399,-0.2500068191,0.03703555097,0.2186530458,-0.01888746137,0.3196496703,0.08617734139,0.7252694044,-0.06183593565,-0.06986474748,-0.08899905496,0.1460474803,-0.1949043749,0.001793367982,0.5603022318,0.002741756836,-0.0265546875,-0.0005237871778
0.07118515934,0.0428038509,0.452871942,-0.02529913724,0.1839771938,-0.0006959843275,0.9826046313,-1.555250552,0.004437768786,0.01764902348,2.128685922,-0.9227095995,-0.08421882338,-1.626762738,0.05116170648,-0.05632445283,2.064277526,-0.8706489412,-0.2028259935,-0.2490148553,0.03797197718,0.2097301515,-0.01908276718,0.3173379376,0.08591752942,0.7240732215,-0.06262257219,-0.0670549626,-0.0884292692,0.1513804601,-0.1986377058,0.00221733501,0.5601630374,0.001457999781,-0.02676566745,-0.0001556358776
0.07541018213,0.04309321803,0.4546210708,-0.02464769325,0.1853458374,-0.0009443690503,0.9823637412,-1.547190605,0.002465363836,0.0183756267,2.128985544,-0.9238863229,-0.08449497722,-1.619494075,0.05349223954,-0.05928772515,2.061081425,-0.8711501939,-0.2080576899,-0.2472462156,0.03868820674,0.2011379572,-0.01898701836,0.3147627321,0.08562422843,0.7229843746,-0.06342968681,-0.06397452738,-0.08782614879,0.1568687167,-0.2025568507,0.002742366219,0.5600591003,5.002387601e-05,-0.02697897862,0.000283973125
0.07964572716,0.04320572024,0.456288286,-0.02382627494,0.1865210156,-0.001392083712,0.9821610262,-1.539122464,4.430472755e-05,0.01822097573,2.130114813,-0.9240979194,-0.0856849676,-1.612611094,0.05602879012,-0.06295629366,2.058679715,-0.872518018,-0.2127311644,-0.2450569005,0.0389382452,0.1924315718,-0.01829941091,0.3120652677,0.08533425619,0.7221126577,-0.06416108747,-0.06113117676,-0.08726732396,0.1623119504,-0.2064541716,0.003281872128,0.5601711343,-0.00125573514,-0.02714081274,0.0007286939801
0.08378894854,0.04306057557,0.4580301514,-0.02305063079,0.1875793753,-0.00210432657,0.9819766892,-1.531409289,-0.001858069941,0.01675590726,2.131351615,-0.9225647015,-0.08750791711,-1.60515624,0.0592077453,-0.06665790745,2.056498719,-0.8754784251,-0.2181119054,-0.2419758842,0.03886866236,0.1841211446,-0.01747848193,0.3093062161,0.08511057011,0.7213997863,-0.06482049863,-0.05808046384,-0.08650756388,0.1673766989,-0.2102932613,0.003873637458,0.5604615727,-0.002565055638,-0.02717577792,0.0011991503
0.08786333243,0.0426613442,0.4598120837,-0.02211640358,0.1886823962,-0.003024130719,0.9817844329,-1.523574302,-0.003424347698,0.01438397485,2.131997981,-0.9198782823,-0.09053673652,-1.59789945,0.06237815075,-0.07060272773,2.053651714,-0.8772765017,-0.2230297558,-0.2384465801,0.03817683347,0.1756453154,-0.0161193758,0.3065991246,0.08494341831,0.7208718706,-0.06539301366,-0.05527721892,-0.08575028991,0.1720612039,-0.2139712013,0.004487769022,0.5609006983,-0.003744354213,-0.02711571067,0.001657868832
0.09182862603,0.04202388347,0.4615660774,-0.02121832512,0.1897697613,-0.004015105374,0.981591106,-1.517219481,-0.004434271859,0.01134622091,2.133164955,-0.9148019721,-0.09388468026,-1.590111173,0.06551786059,-0.07499337651,2.050405084,-0.8785058589,-0.2281637532,-0.2342813133,0.03725069387,0.1675610746,-0.0145372024,0.3037948708,0.08468698849,0.7202740064,-0.06587404934,-0.05240294249,-0.08500386048,0.1764315327,-0.2176527874,0.00508381361,0.5612644576,-0.004911023346,-0.0269675526,0.00208425703
0.09570609875,0.04114359484,0.4632723839,-0.0201603316,0.1909541341,-0.005017702794,0.9813790819,-1.511387313,-0.005088646253,0.007960578008,2.134103553,-0.9083847891,-0.09814154776,-1.582275653,0.06828612129,-0.07963146462,2.046872418,-0.8793045281,-0.2326905203,-0.2298962889,0.03575212542,0.159444939,-0.01244190864,0.3010193497,0.08439171425,0.7197498469,-0.06627276938,-0.04980885072,-0.08432834479,0.1804338045,-0.2211941999,0.005637986824,0.5616466584,-0.005956587446,-0.02678188567,0.002475470307
0.09947765698,0.04003440341,0.4649274581,-0.01915501712,0.1922054398,-0.006041809973,0.9811491481,-1.506829497,-0.005186087179,0.004275557455,2.135415855,-0.9000679223,-0.1019304372,-1.574375674,0.07069017222,-0.0846690646,2.043396133,-0.8801285169,-0.2376257061,-0.2250068389,0.03419434189,0.1515897259,-0.01013230564,0.2981302871,0.08381217819,0.7190791042,-0.06650494007,-0.04725921436,-0.0837309509,0.1841085427,-0.2246978942,0.006020239164,0.5620055148,-0.006869571915,-0.02652242039,0.00285701233
0.1031458812,0.03868788216,0.4665288112,-0.01802056398,0.193544465,-0.007041254145,0.9809007188,-1.50309455,-0.004979231233,0.0004488983082,2.13687578,-0.8904484561,-0.1059210013,-1.56665601,0.07255955054,-0.08976880229,2.04003904,-0.880919229,-0.2420374317,-0.219998688,0.03218528709,0.1438709165,-0.007452571187,0.2952705376,0.08314310523,0.7184194953,-0.06666422652,-0.04500765638,-0.08319219247,0.1873029624,-0.2280140076,0.006286865184,0.5624188387,-0.007649517409,-0.02623596359,0.003202174498
0.1066692454,0.03713569833,0.468087656,-0.01693758283,0.1949323366,-0.007981211486,0.980637957,-1.500858058,-0.004201226649,-0.003321652188,2.138946767,-0.8790042081,-0.1088015804,-1.559179106,0.07384667742,-0.09469773867,2.036810602,-0.8819534563,-0.2466163314,-0.214722588,0.03029000894,0.1368507806,-0.004811840596,0.2923282873,0.08217061606,0.7175158242,-0.0666733435,-0.04290697336,-0.08280306668,0.1900055695,-0.2312144562,0.00628842647,0.5628732832,-0.008285954831,-0.02593836263,0.003479101278
0.1100501286,0.03536282875,0.4696057234,-0.01573214246,0.1963566382,-0.008852784741,0.9803663593,-1.499607392,-0.003099430228,-0.007083349234,2.141335284,-0.8661316749,-0.111512181,-1.552089062,0.07453404626,-0.09924914574,2.033775215,-0.8830573846,-0.2506180134,-0.2094636899,0.02808901879,0.130464036,-0.002094379815,0.2894469978,0.08116418264,0.7165263139,-0.06666648752,-0.04114482609,-0.08245439557,0.1920917684,-0.2341590402,0.006152243499,0.5634081791,-0.008813182353,-0.02563349715,0.003699997922
0.113329604,0.0334408982,0.4709184118,-0.01453204058,0.1977800668,-0.009636377346,0.9800913249,-1.499952233,-0.001781962378,-0.01058448267,2.144971631,-0.8516848363,-0.1130597045,-1.545048451,0.07511771327,-0.1038195114,2.03061745,-0.8844781365,-0.2541021215,-0.2040962673,0.02611265293,0.1246108437,0.0005189659516,0.2864953979,0.07995841828,0.7152867884,-0.06656725038,-0.0395524559,-0.08220784324,0.1938018142,-0.2370284829,0.005749178471,0.564046775,-0.00922681795,-0.02529759839,0.003815010717
0.1165023558,0.03134991954,0.4720393696,-0.01314643484,0.1991595354,-0.01030983789,0.9798246567,-1.501247039,-0.0004294669053,-0.01385930978,2.149366772,-0.8359528091,-0.114365912,-1.538312647,0.0754931014,-0.1080480078,2.027737465,-0.8860325893,-0.2568359206,-0.1988888208,0.02388269966,0.1193342106,0.003062376858,0.2836512069,0.07881443606,0.7139561386,-0.06649239173,-0.03826943902,-0.08195562456,0.1950044436,-0.2396557139,0.005212610515,0.5648094044,-0.009562996262,-0.02494424065,0.003869156178
0.1195184753,0.02911958683,0.4729406596,-0.01166738187,0.2005207233,-0.01080172402,0.9795604292,-1.503756395,0.001001449212,-0.01665019843,2.154514809,-0.8190692831,-0.1146525159,-1.531575063,0.07620355412,-0.112030151,2.024572851,-0.8881731885,-0.2594429916,-0.1937016673,0.02157021035,0.1151910351,0.005233145374,0.280830193,0.07764341379,0.7123634853,-0.0663568853,-0.03727989423,-0.08165312053,0.1957472641,-0.2419672084,0.004419563157,0.5656618312,-0.009765507835,-0.02469077195,0.003789600698
0.1223760988,0.02674040455,0.4736345503,-0.009995582086,0.2018456787,-0.01109543114,0.9793034779,-1.50701947,0.002370347782,-0.01913151647,2.159981664,-0.8013277292,-0.1148246009,-1.525504766,0.07701132423,-0.1154334368,2.021943162,-0.8907027614,-0.2613375034,-0.1887289869,0.01895355338,0.1121870772,0.007057532764,0.2781354999,0.07664453862,0.7106897915,-0.06625614201,-0.03657631915,-0.08128038439,0.1959532888,-0.2439301476,0.003545464153,0.5665532055,-0.009903884279,-0.0244632943,0.003656059315
0.1250814334,0.0243986581,0.4740578454,-0.008230338951,0.2031213116,-0.01142945103,0.9790522774,-1.51197986,0.00353397321,-0.02113223175,2.167205599,-0.7826028413,-0.1145933779,-1.518501847,0.07916995057,-0.1176928363,2.017904699,-0.8954166652,-0.2652840293,-0.1837328302,0.01620462218,0.1104795771,0.008395321064,0.2755334992,0.07584898376,0.7087815741,-0.0660972208,-0.03620921266,-0.08067084624,0.1955827704,-0.2456361837,0.002466722948,0.5674250842,-0.00983539893,-0.02426156716,0.00349836089
0.1276278654,0.02208873456,0.4742430482,-0.006286648782,0.2043085794,-0.01173068072,0.9788160571,-1.517899937,0.004365973896,-0.02266882159,2.175375938,-0.7630647184,-0.1143416372,-1.512329094,0.08179518288,-0.1185625243,2.01473899,-0.9015612423,-0.267842502,-0.17898413,0.01316056448,0.1101777645,0.009196028473,0.273123612,0.07518007435,0.7068715152,-0.0659202921,-0.03603218722,-0.0800893406,0.1945244792,-0.2470586551,0.001346178606,0.5682785275,-0.009709723095,-0.02406444545,0.003328257761
0.1301164902,0.0199241017,0.4741564507,-0.004214608608,0.205135897,-0.01220390451,0.978648336,-1.5242801,0.004137765701,-0.02346718401,2.185365005,-0.7423776131,-0.1132712459,-1.507427814,0.08528896861,-0.1185468257,2.013783624,-0.9084593369,-0.2699518793,-0.1750763603,0.01027519051,0.1109973247,0.009559964326,0.2709340388,0.0743809463,0.7049383757,-0.06562030953,-0.03601200911,-0.07972260454,0.1933065669,-0.2481564109,0.0001625852356,0.5692402683,-0.009492342455,-0.02385628417,0.003140557808
0.13252651,0.01790886306,0.473867627,-0.00211289843,0.2057269604,-0.01291932234,0.9785218672,-1.530655325,0.003185850107,-0.02395751612,2.196298383,-0.720865913,-0.1120126485,-1.504008409,0.08935263243,-0.1179672972,2.01507733,-0.915570598,-0.2715602251,-0.1718868991,0.007783374017,0.1128592488,0.009355384367,0.2688767553,0.07334596723,0.7031929496,-0.06524010029,-0.03604621498,-0.07969115246,0.1917437629,-0.2489415484,-0.0009787404121,0.5703630738,-0.009269133274,-0.02362354772,0.002948966693
0.1349109977,0.01596685792,0.4733659507,-0.000314275655,0.2060499274,-0.01376083783,0.9784446678,-1.537348302,0.0002005312605,-0.02259317083,2.209433969,-0.7020580009,-0.1103454315,-1.501939785,0.09540603159,-0.117008209,2.018563953,-0.9221992394,-0.2731399553,-0.1693203952,0.005601503024,0.1153210573,0.00893235343,0.2670267635,0.07206552257,0.7015447857,-0.06471905117,-0.03617182624,-0.07983224322,0.1903002909,-0.2492107253,-0.002025249193,0.5716198322,-0.009062334056,-0.02342353906,0.002683844859
0.1372482779,0.01409220287,0.472719444,0.001103008095,0.2061744705,-0.01471184149,0.9784040233,-1.544199115,-0.004402616975,-0.01992564756,2.223691915,-0.6858726689,-0.1085350605,-1.500763083,0.1029563777,-0.1159897278,2.023531485,-0.9280539449,-0.2745819204,-0.1673824731,0.003895143759,0.1184312265,0.008124235888,0.2653101549,0.07072343183,0.7001264748,-0.06419763678,-0.03632779165,-0.08005905718,0.1888027211,-0.2489455571,-0.002913969965,0.5730557502,-0.008881252442,-0.0232110415,0.002411541707
0.1395916889,0.01222331967,0.4719136007,0.002329086042,0.2060058985,-0.01560596568,0.9784235274,-1.551978028,-0.01037349849,-0.01638569096,2.236766505,-0.6738998293,-0.1058204048,-1.499742671,0.111999533,-0.1144973846,2.029733447,-0.9331348472,-0.2762072538,-0.1658510738,0.002016909331,0.1218358436,0.007364178247,0.2638198331,0.06938350593,0.6988738809,-0.06358384826,-0.03661630851,-0.08017211796,0.1875643721,-0.2481187581,-0.003708263324,0.5745670552,-0.008574110384,-0.02298472672,0.002192462018
0.1419340989,0.01038497978,0.47095928,0.003089927236,0.2054717303,-0.01641656666,0.9785204733,-1.560849019,-0.01718340799,-0.01133221777,2.24710477,-0.6635752611,-0.1036207784,-1.498206366,0.1223564519,-0.1130787091,2.036466349,-0.9373261476,-0.2778353136,-0.1646947822,0.0006062084437,0.1258542455,0.006557441176,0.262355073,0.06814608817,0.6978274831,-0.06300709738,-0.0369246039,-0.08023832529,0.1865108983,-0.2469978694,-0.004321764498,0.5760198034,-0.008257392317,-0.02273860494,0.00201611549
0.1443345311,0.008557861098,0.4698135609,0.003402096784,0.2045933046,-0.01700538088,0.9786934262,-1.571106732,-0.02494768167,-0.004076646397,2.252430723,-0.6543947639,-0.101730713,-1.4962453,0.1336775209,-0.111918481,2.0438743,-0.9402120787,-0.2798780569,-0.1638624494,-0.0003763288667,0.1298298824,0.006024880753,0.2607169369,0.06699164095,0.6969755633,-0.06251286256,-0.03712019057,-0.08020727858,0.1860964755,-0.2459363631,-0.004688735728,0.5772160831,-0.008208773826,-0.02251138551,0.001783933813
0.1467911971,0.006756229726,0.468469802,0.003015482391,0.2032289224,-0.0174303453,0.9789714475,-1.582581961,-0.03320131102,0.005022018109,2.253723804,-0.6464144876,-0.1003878601,-1.493114442,0.1459542378,-0.1115513944,2.051444045,-0.9420475472,-0.2820563963,-0.1632221491,-0.0004606698985,0.134160191,0.005752922445,0.2588421956,0.06593436437,0.6963225902,-0.06209887964,-0.03724616077,-0.08014494411,0.186156935,-0.2450626508,-0.004856505741,0.5782056291,-0.008248128635,-0.0223048256,0.001577491928
0.1492970986,0.005008073381,0.4670298953,0.002367135932,0.2015582468,-0.01773241868,0.9793131425,-1.594406613,-0.04167531754,0.01469984248,2.253017704,-0.6412707529,-0.09818363609,-1.489117795,0.1571536978,-0.1119987692,2.059149695,-0.9427979625,-0.2842644523,-0.1625070127,-0.0003364258976,0.1383543912,0.005883792985,0.2568790356,0.06488682902,0.6957782378,-0.06163828185,-0.03743493417,-0.07994573377,0.1867324832,-0.2443275977,-0.004963205597,0.5789673935,-0.008191058941,-0.02216022902,0.001484057093
0.1518444919,0.00329689101,0.4655089367,0.001424556203,0.1995603023,-0.0180631704,0.9797180096,-1.606376282,-0.04991335839,0.02446779372,2.25109466,-0.6378853947,-0.09595935804,-1.484234433,0.1676414817,-0.1134756006,2.067025593,-0.9430072533,-0.2863418262,-0.1615447057,-8.457506029e-05,0.1424797743,0.006454192738,0.2549512994,0.06393937134,0.6953550109,-0.06121760653,-0.03763185113,-0.07972233804,0.1875838378,-0.243629382,-0.004969525316,0.579690877,-0.008115017354,-0.02203805527,0.001450616821
0.1544455442,0.001627192732,0.4639158105,0.0005020282441,0.1974335475,-0.01842573759,0.9801429663,-1.617860753,-0.05795350259,0.03426942373,2.247999708,-0.6356382315,-0.09333207253,-1.479398095,0.1767537182,-0.1158351086,2.075783952,-0.9427314339,-0.2884015468,-0.1603176136,-0.0001248690386,0.1458881035,0.007427461433,0.2531236593,0.06299232463,0.6950640652,-0.06077152767,-0.03776840538,-0.0794690546,0.1888423037,-0.2429824349,-0.004929154264,0.5804011353,-0.008058728245,-0.02187653057,0.001465250036
0.1570856741,-5.886286848e-06,0.4622776367,-0.000519435864,0.1951433426,-0.01893160952,0.9805918622,-1.628724592,-0.06542122779,0.04364129159,2.244299145,-0.6341604378,-0.09090000987,-1.474342078,0.1849620794,-0.1192324166,2.085180489,-0.9423377323,-0.2903279802,-0.1587252835,-0.0003038571376,0.1487883299,0.008804636355,0.2514306017,0.06216688808,0.6949274423,-0.0603692303,-0.03786982046,-0.0792273216,0.190226133,-0.2423556721,-0.004813749895,0.581204919,-0.008018606811,-0.02168137211,0.001506826959
0.1597599088,-0.001580192136,0.4605991658,-0.001451293376,0.1927943448,-0.01947730971,0.9810447843,-1.638853151,-0.07266297954,0.05319480543,2.239316604,-0.63222428,-0.08824722404,-1.46965622,0.1920512246,-0.1232677628,2.095627522,-0.9415928098,-0.2920569129,-0.1568444737,-0.0007069224211,0.1509651405,0.01038192601,0.2498521694,0.06136313478,0.6949517548,-0.05995648705,-0.03788496767,-0.07897527247,0.1918151408,-0.2418142449,-0.004681941012,0.5820278761,-0.008016922717,-0.02143354235,0.001580480115
0.1624602042,-0.00309797259,0.4589066018,-0.002418252924,0.1903658656,-0.02014082425,0.98150361,-1.648115152,-0.07940523828,0.06227090718,2.234120596,-0.6307237377,-0.08572858842,-1.464869147,0.1983581036,-0.1280441087,2.106584439,-0.9407224824,-0.293566408,-0.1546480102,-0.001138753809,0.1525844795,0.0122076158,0.2483982728,0.06068830196,0.695129655,-0.05958830286,-0.03786217996,-0.07873750857,0.1933661566,-0.2413386479,-0.004506579183,0.5829523813,-0.008031357583,-0.02115224839,0.001669215069
0.1651758318,-0.004550610418,0.4571851439,-0.003414511146,0.1879330359,-0.0208216184,0.9819551799,-1.656795834,-0.08587081589,0.07191562496,2.227443479,-0.6277627027,-0.08324488774,-1.460414462,0.2042963892,-0.1332910489,2.118164894,-0.9394979869,-0.2951883262,-0.152097225,-0.001412821339,0.153617363,0.01402427567,0.2469479625,0.06003992569,0.695435165,-0.05926149972,-0.03774990634,-0.07851517173,0.194938816,-0.241065076,-0.004350776278,0.5838184068,-0.008102678968,-0.02086500868,0.001765564488
0.1679020883,-0.005950202071,0.455462447,-0.004473050859,0.1854921895,-0.0215186459,0.9823999121,-1.664679689,-0.09201218157,0.08116786475,2.221304934,-0.6258454271,-0.08065991258,-1.455811113,0.2098983879,-0.1389250957,2.12981329,-0.9381107641,-0.2968078721,-0.1493379948,-0.001524338944,0.1541437245,0.01591073527,0.2455769934,0.05949700094,0.6958397926,-0.05898589133,-0.03761089327,-0.07831363994,0.1963247759,-0.2408909618,-0.004191946091,0.5847484611,-0.008188318498,-0.02057494391,0.001862832333
0.1706409408,-0.007296916123,0.4536908752,-0.005376935475,0.1830842229,-0.02205921607,0.9828350049,-1.672314103,-0.09758630015,0.09039757978,2.21488829,-0.6235473299,-0.07756802619,-1.451546007,0.2146561175,-0.1444797135,2.142089672,-0.9361967278,-0.2979144662,-0.1462787683,-0.001599864033,0.1540085719,0.01778723619,0.2443184533,0.05891562954,0.6963816816,-0.05870102481,-0.03733564751,-0.07816095115,0.1977482827,-0.2407786782,-0.004058037588,0.5856839455,-0.008347062117,-0.02024196951,0.00193880997
0.1733840888,-0.008594678898,0.4519024242,-0.006195556868,0.1806781754,-0.02242882693,0.9832669829,-1.679479063,-0.102601162,0.09909987573,2.209499425,-0.6223645595,-0.07447243904,-1.447034863,0.2186726761,-0.1500051512,2.154471245,-0.9340524606,-0.2986191069,-0.1430793266,-0.001541969908,0.1534012564,0.01970592982,0.2431851687,0.0584162434,0.6970257064,-0.0584452428,-0.037027458,-0.07803366176,0.1989859922,-0.2406797256,-0.00391858109,0.586712172,-0.008514415231,-0.0198910379,0.002007159981
0.1761197258,-0.009865258695,0.450025676,-0.00669985297,0.1782593337,-0.02253332291,0.9837026844,-1.68651996,-0.1065741016,0.1074256141,2.203049251,-0.6200435052,-0.07125214884,-1.442800853,0.2218074788,-0.1550777707,2.167740963,-0.9314629695,-0.2987030103,-0.1394959317,-0.001644500489,0.1523324557,0.02159423428,0.2422551415,0.05786207316,0.6977251413,-0.05817562788,-0.03659708451,-0.07798412984,0.2002338827,-0.2405381953,-0.003830647783,0.5876932079,-0.0086984481,-0.01951955294,0.002020202667
0.1788432207,-0.01109369765,0.4480903553,-0.00706547038,0.1757973705,-0.02233621776,0.9841475789,-1.693248351,-0.1096584217,0.1152126459,2.197120029,-0.6184999911,-0.06835559794,-1.438266655,0.2241852525,-0.1599346657,2.181382656,-0.928791007,-0.2983835369,-0.1357342958,-0.001517947458,0.1510240935,0.02351859668,0.241413373,0.05739905768,0.6984824627,-0.05793182403,-0.03616243819,-0.0779544526,0.201251946,-0.2404460956,-0.003741336786,0.5886989093,-0.008869612811,-0.01914618547,0.002022466213
0.1815231933,-0.01228950759,0.446085929,-0.007088252318,0.1733430756,-0.0218406358,0.984593785,-1.699774981,-0.1116697978,0.1216102803,2.19083084,-0.6161738034,-0.06443775284,-1.433911898,0.225795668,-0.1640479711,2.19578401,-0.9259642721,-0.297247666,-0.1315977365,-0.001452970896,0.1495754622,0.02544102834,0.2407899931,0.05693056908,0.6992417651,-0.05773774988,-0.03566560699,-0.07806362096,0.2022381887,-0.2403038732,-0.003691834757,0.5896494449,-0.00908283185,-0.01878014931,0.001921642678
0.1841562639,-0.01343226203,0.4440437481,-0.006924524392,0.1708956362,-0.02098720159,0.9850412529,-1.705966759,-0.1127890188,0.127123382,2.185567613,-0.6148981872,-0.06073143954,-1.429323097,0.2266786431,-0.1676983324,2.210513438,-0.9233003223,-0.295665579,-0.1273426425,-0.001063860969,0.148125219,0.02741918758,0.2402432773,0.05657774399,0.7000434856,-0.05758106621,-0.03519645444,-0.07819265243,0.2029689208,-0.2402299106,-0.00363834113,0.5906220138,-0.009287359036,-0.01842365093,0.001806148851
0.186713997,-0.01454993985,0.4419637068,-0.006374217764,0.1685487654,-0.01989228665,0.985471958,-1.711933195,-0.1124895855,0.1302799782,2.180187784,-0.6114669257,-0.05576567132,-1.425180648,0.2266613345,-0.1705395629,2.226031309,-0.9205787673,-0.293127652,-0.1227804516,-0.0007328024086,0.1464711091,0.02948119156,0.2399139681,0.05616636511,0.7008248561,-0.05743450007,-0.03472020289,-0.07856186916,0.2036649588,-0.2400690704,-0.003637653342,0.5915929684,-0.009547728011,-0.01801638515,0.001504126924
0.1891886942,-0.0156105561,0.4398837413,-0.005596524808,0.1662873585,-0.01845894589,0.9858886654,-1.717531875,-0.1110511223,0.1325864345,2.176303756,-0.6096672686,-0.0512331212,-1.420977241,0.2257817177,-0.1728395746,2.241820797,-0.9180674092,-0.2901518139,-0.1182198434,-2.200458114e-05,0.1448175005,0.03161470313,0.2395893741,0.05582858651,0.7016660916,-0.05730604978,-0.03428754427,-0.07895994444,0.2041042936,-0.240002411,-0.003658965302,0.5926091642,-0.009796716479,-0.01759827384,0.001176744873
0.1915571443,-0.01664627997,0.4378372763,-0.004526389763,0.1641070743,-0.01681966028,0.9862887402,-1.722480105,-0.1087161144,0.1340822027,2.173646202,-0.607774761,-0.04546874955,-1.416890581,0.2241319775,-0.174374052,2.257900217,-0.9156612788,-0.2860757545,-0.1135123681,0.0006723070673,0.1431213035,0.03373675922,0.239499786,0.05541868037,0.7025910953,-0.05708161145,-0.03382778942,-0.07946706721,0.2044634237,-0.2397877166,-0.00379324448,0.593672333,-0.009957160097,-0.01715944281,0.0007481203757
0.1938181211,-0.01763405173,0.4358436962,-0.003346342859,0.1620265323,-0.01491173562,0.9866680521,-1.726967748,-0.105790071,0.1352030593,2.172182206,-0.6073222782,-0.04008662027,-1.412602279,0.2218479374,-0.1755083568,2.273760667,-0.9135369158,-0.2815779213,-0.1088822467,0.00182479839,0.1414443685,0.03591338108,0.2394373019,0.05507486271,0.7036016308,-0.0568498852,-0.03338854989,-0.07994709406,0.2046157094,-0.2396307534,-0.003951520268,0.5947622453,-0.01007165955,-0.01672130121,0.0003340719994
0.1959687349,-0.01856886029,0.4338876302,-0.001920171688,0.1600641544,-0.01295964506,0.987019669,-1.730985544,-0.1021217378,0.1361016874,2.171638894,-0.6066835475,-0.03377523006,-1.408534678,0.2189507947,-0.1757552882,2.289647633,-0.911518052,-0.2755682819,-0.1043220238,0.003090356127,0.1395932161,0.03806388002,0.2395264433,0.05473140289,0.7046896567,-0.05668953822,-0.03290161554,-0.08059714986,0.2047581506,-0.2394163083,-0.004167180606,0.5958772145,-0.01023274512,-0.01628250663,-0.0002296343901
0.1980072947,-0.01943530677,0.4319808672,-0.0004283231486,0.1581975196,-0.01093377744,0.9873468559,-1.734718673,-0.09804150379,0.1365309611,2.171573174,-0.6067810617,-0.02789825754,-1.404306206,0.2156059096,-0.1757327723,2.305105787,-0.9097363579,-0.2695227091,-0.09995861891,0.004898789378,0.1376989141,0.0402427055,0.2395960696,0.05446691813,0.7058280547,-0.05656592216,-0.03242666085,-0.08122451192,0.2047951811,-0.2393120406,-0.004385015748,0.5969765969,-0.01038914042,-0.01585672545,-0.0007803575095
0.1999285523,-0.02024832119,0.4301182342,0.001161933646,0.1563909965,-0.008985670079,0.987653666,-1.738200783,-0.09317106551,0.1369388976,2.171614271,-0.6063145208,-0.02097562317,-1.400149217,0.2118073007,-0.1751125762,2.320286599,-0.908025396,-0.2618138988,-0.09558396301,0.007018223008,0.1357290446,0.04235301892,0.2397710427,0.05418285286,0.7070011114,-0.0565114798,-0.03191116067,-0.08203327711,0.2048698083,-0.2391590877,-0.004634483014,0.5980959142,-0.010625221,-0.01538694786,-0.001480197669
0.2017354915,-0.02099977801,0.4283037249,0.002711553578,0.1546137599,-0.007086637482,0.9879458549,-1.741586982,-0.08793044313,0.1367072698,2.171586783,-0.6062127695,-0.01443742232,-1.395730066,0.2077307572,-0.174517835,2.334855649,-0.9064977536,-0.2541243546,-0.09133895234,0.009769753493,0.1337808719,0.04448506368,0.2399175654,0.05395435385,0.7081646467,-0.0564813763,-0.03141691562,-0.08280925928,0.2049100738,-0.2390870968,-0.004858802353,0.5992077358,-0.01085905434,-0.0149155027,-0.002150164919
0.2034248468,-0.02170288361,0.4265493948,0.004278019359,0.1529468059,-0.005358581402,0.9882106348,-1.744961535,-0.08181240401,0.1367970723,2.171514866,-0.6055502317,-0.006694603752,-1.391357211,0.2034051039,-0.1735005713,2.348697557,-0.905167814,-0.2446460652,-0.08699799028,0.01285622469,0.1317150838,0.04654757248,0.2402286368,0.05367080449,0.7093079159,-0.05646503312,-0.03089241363,-0.08376335396,0.2049688744,-0.2388801581,-0.005148184078,0.6003291931,-0.01108450813,-0.01444234381,-0.002972116151
0.2049996767,-0.02235262636,0.4248546193,0.005762642973,0.1513238678,-0.003752714725,0.9884603159,-1.748386329,-0.07537661969,0.136319322,2.171212062,-0.6049463857,0.0006317348268,-1.386794058,0.1989407801,-0.1727112956,2.361708768,-0.9040937991,-0.2352977399,-0.08274453202,0.01650385874,0.1296898542,0.0486192102,0.2405805383,0.053429645,0.7103891015,-0.05645117175,-0.0303991986,-0.08467177036,0.2049822046,-0.2386659689,-0.005415635856,0.6014187827,-0.01128082697,-0.0139863116,-0.003755018318
0.2064934516,-0.02297149053,0.4232150721,0.007268066608,0.149770857,-0.002253883619,0.9886914512,-1.751922407,-0.06812914483,0.1365983333,2.171002684,-0.6044148206,0.008465997672,-1.382092963,0.1940928793,-0.1719203686,2.373907307,-0.9032998924,-0.2250764175,-0.07833303284,0.02020905542,0.1274901973,0.0505974447,0.2410362518,0.05312716468,0.7113944269,-0.05647889853,-0.02990944047,-0.08575101068,0.2049335292,-0.2383800042,-0.00575396106,0.6024984686,-0.01151581233,-0.01347528685,-0.004714797256
0.2079117901,-0.02355245454,0.421627359,0.008675346945,0.1482061287,-0.0008153694746,0.9889181043,-1.755607505,-0.06069015999,0.1364559109,2.170414046,-0.6036206736,0.01564674649,-1.377142106,0.189077622,-0.1716355387,2.385399384,-0.9027959265,-0.2154924159,-0.07394152006,0.02425116624,0.1253022819,0.05256413259,0.2414630026,0.05285532885,0.7122968355,-0.05651352344,-0.02947004966,-0.0867702976,0.2047756936,-0.238165439,-0.006083334555,0.6035184871,-0.0117345026,-0.0129694959,-0.005630419619
0.2092439049,-0.02409671483,0.4201473664,0.01005865967,0.1466408184,0.0005335933387,0.9891385186,-1.758977514,-0.05261715739,0.1368772855,2.169507079,-0.6022223148,0.0235361367,-1.371896088,0.1836764543,-0.1714364027,2.396023638,-0.9027094733,-0.2052053079,-0.06951044197,0.02829988497,0.1233457478,0.05426550789,0.2420265852,0.05262119201,0.7130611901,-0.05664735942,-0.02900158428,-0.08784178187,0.204389912,-0.2378683358,-0.006456150553,0.6044602167,-0.01196761943,-0.01249303631,-0.00661450907
0.210510831,-0.02459664085,0.4187593355,0.01131133519,0.1450579372,0.001819258943,0.9893568309,-1.762205608,-0.0444953117,0.1366622558,2.167862392,-0.6000454151,0.03082125627,-1.366458089,0.1781503056,-0.1717695014,2.405955581,-0.9029312679,-0.1955843166,-0.0651601028,0.03262767143,0.1215710319,0.05585802577,0.2425911122,0.05246257315,0.7136941109,-0.05679519488,-0.02857818933,-0.08881064558,0.2038405707,-0.2376386605,-0.006789929746,0.6052678922,-0.01217746603,-0.01206335113,-0.007512788945
0.2117048546,-0.02504262666,0.4175208342,0.01255830442,0.1435247579,0.002977566037,0.9895625634,-1.765268145,-0.03584918967,0.1366541908,2.165602881,-0.5960085911,0.03938933807,-1.360768215,0.1722440132,-0.1719573044,2.415083352,-0.9036577023,-0.1849346357,-0.06088701523,0.03694534441,0.1199574969,0.05721923354,0.2433452385,0.05229303049,0.7141941822,-0.05693505309,-0.02813986982,-0.08985915338,0.2031097029,-0.2373144067,-0.007166808459,0.6060209679,-0.0123582112,-0.01157396376,-0.008464382536
0.21284719,-0.02542611221,0.4164160797,0.01371852777,0.1420199122,0.004028090183,0.9897605372,-1.76826281,-0.02722159297,0.1359469514,2.162841924,-0.5913546268,0.04740390312,-1.354955199,0.1662033303,-0.172429302,2.423514288,-0.9046649987,-0.174740552,-0.05677636527,0.04147021014,0.1184618683,0.05848245927,0.2441411123,0.05216707554,0.7145812497,-0.05705409598,-0.02774957832,-0.09082073381,0.2022877988,-0.2370389658,-0.007508535215,0.6066671586,-0.01250768981,-0.01110222981,-0.009330516338
0.2139595642,-0.02579772378,0.4154725024,0.01484337637,0.1406032121,0.004867117626,0.9899427873,-1.771519924,-0.01778692304,0.1357759861,2.159693576,-0.5848325156,0.05663545272,-1.348851214,0.1603128587,-0.1728578965,2.431035349,-0.9061360615,-0.1640710248,-0.05238070256,0.04567635506,0.1167493776,0.05970287307,0.2450857775,0.05192821817,0.7149184918,-0.05707346137,-0.02738791513,-0.0919438428,0.2012974908,-0.2367026917,-0.007974073999,0.6073200451,-0.01257715536,-0.01049674518,-0.01033054518
0.2150569628,-0.02614439542,0.4146765753,0.01585738541,0.13920727,0.005588591598,0.9901205214,-1.77501138,-0.008317815838,0.1350869855,2.156257561,-0.5778112799,0.06521897581,-1.34251033,0.1546109423,-0.1735572182,2.43775406,-0.9077929374,-0.1540624422,-0.04795757316,0.04979994882,0.1149199893,0.06098666132,0.2460116651,0.0516805057,0.7151944036,-0.05705619048,-0.02707997911,-0.09300534468,0.2001955161,-0.2364725554,-0.008460864022,0.6078945258,-0.01261051357,-0.009889519171,-0.01127356169
0.2161622311,-0.02649113147,0.4140219411,0.01685756419,0.1378013836,0.006318360344,0.9902962585,-1.778279804,0.001347407022,0.1355955177,2.152910018,-0.5712805696,0.07452035387,-1.335579752,0.1489810536,-0.1741697449,2.443644932,-0.909785486,-0.1439841537,-0.04336058127,0.05341133787,0.1130023091,0.06220123689,0.2471385634,0.05129780382,0.7154317131,-0.05692602671,-0.02669888586,-0.09416400568,0.198949232,-0.2361819699,-0.009065899385,0.6085006332,-0.01252062716,-0.009127794836,-0.01221886995
0.2172993604,-0.02682547899,0.4134875218,0.01772319972,0.1363831646,0.007110364062,0.9904720911,-1.781500403,0.01058820874,0.1359991033,2.149229918,-0.5645382119,0.08306928096,-1.328281349,0.1435713364,-0.1750265795,2.448842295,-0.9118403782,-0.1346980693,-0.03876346915,0.05683857906,0.1109062648,0.06352168561,0.248284013,0.05091327368,0.7156262439,-0.05677026719,-0.02633619191,-0.09523854643,0.1976714351,-0.2360073061,-0.009665318655,0.6090454712,-0.01239911596,-0.008370089089,-0.01306698173
0.2184796784,-0.02717333234,0.4131026542,0.01857495635,0.1349590492,0.007917521593,0.9906454153,-1.784263343,0.01986405556,0.1369905472,2.144745819,-0.5567246701,0.09241022835,-1.320512064,0.1383445273,-0.1756967829,2.453330925,-0.9140103675,-0.1252333523,-0.03392646431,0.05963230097,0.1085632796,0.06499908896,0.249671149,0.05034770491,0.7158056857,-0.05637004434,-0.02594777544,-0.0963388058,0.1963790727,-0.2356999695,-0.01033464253,0.6097094835,-0.01209646897,-0.007382205058,-0.01385015262
0.2197329174,-0.02751815685,0.4128395158,0.01927241023,0.1335271791,0.008776031235,0.9908188775,-1.786775773,0.02866205921,0.1374099331,2.139328005,-0.5481730793,0.1010364451,-1.312411334,0.1334521835,-0.1765853034,2.457211214,-0.9160593696,-0.1164214942,-0.02900469611,0.06216786578,0.1058598181,0.06683214236,0.2510967923,0.04978420521,0.7159690767,-0.05593314447,-0.02559470605,-0.09734093158,0.1952062659,-0.2354556423,-0.01094440868,0.6103694038,-0.01176821105,-0.006380834484,-0.01452576859
0.2210768728,-0.02788976334,0.4127040718,0.01994869069,0.1320866939,0.009642820733,0.9909905,-1.788737531,0.03757263347,0.1385135302,2.132918681,-0.5390308003,0.110575973,-1.304021919,0.1289113774,-0.1773184918,2.460624239,-0.9178989204,-0.1075311615,-0.0236355594,0.06396670295,0.1026772304,0.06909604532,0.2528035589,0.04898523396,0.7161434556,-0.05517753409,-0.02522827959,-0.09835546436,0.194174807,-0.2350013406,-0.01160819225,0.6112166068,-0.01119327775,-0.005109873684,-0.01511005493
0.2225387436,-0.02826547082,0.412674414,0.02043893703,0.1306395645,0.0105835019,0.991162723,-1.790392083,0.04603932971,0.1393597308,2.125916414,-0.5300366487,0.1193464311,-1.295297086,0.1248015696,-0.1783002836,2.463558656,-0.9193942817,-0.0992308424,-0.0180595497,0.06548020912,0.09891745965,0.07196947662,0.2545494433,0.04820153839,0.7163590291,-0.05440059047,-0.02489670253,-0.0992782298,0.1933792526,-0.234564162,-0.01218642242,0.6121225087,-0.01060261014,-0.00382513395,-0.01559586374
0.2241038361,-0.02866627758,0.4128058602,0.02080602003,0.1292383449,0.01155865847,0.9913278757,-1.791124555,0.0545200283,0.1410996099,2.118211055,-0.5214026276,0.1287391688,-1.286504967,0.1210465906,-0.1792829591,2.465937459,-0.9203532395,-0.09077113764,-0.01194941859,0.06643729972,0.09459371963,0.07540256707,0.2565022193,0.04716867244,0.7166443307,-0.05330978339,-0.02457401703,-0.1002408949,0.1927375379,-0.2339231189,-0.01281362087,0.6132753141,-0.009767909046,-0.002239470671,-0.0160027098
0.2258002375,-0.02907145961,0.4130753723,0.02090832038,0.1279170471,0.01264335763,0.9914838459,-1.791277229,0.06247121906,0.1428918092,2.110315113,-0.5134631331,0.1372819006,-1.277480252,0.1177005854,-0.1806241892,2.467633338,-0.9207704063,-0.08272840119,-0.00558462967,0.06722432485,0.08952659584,0.07959126976,0.2584506589,0.04616526455,0.7170153657,-0.05223543002,-0.02428296981,-0.1011294511,0.1923529866,-0.2332829922,-0.01334094215,0.6145308249,-0.00894711853,-0.0006465441767,-0.01633152378
0.227595385,-0.02949094382,0.4134947241,0.02088632635,0.1266975113,0.01378762606,0.9916256367,-1.790627585,0.07033822766,0.1457210635,2.102160583,-0.5065447471,0.1463966701,-1.268740667,0.1147863578,-0.1819216745,2.468817804,-0.920325145,-0.07459802734,0.001286301738,0.06750436488,0.08395932738,0.0843802603,0.2606267866,0.04495559471,0.7174140755,-0.05088686412,-0.0240035133,-0.1019602667,0.1920658568,-0.23237191,-0.01389560513,0.6159623393,-0.007894077148,0.001134136792,-0.01654946077
0.2295139551,-0.02990533806,0.4140437391,0.02060668168,0.1256163274,0.01507308521,0.991750324,-1.789526753,0.07759776919,0.1487371797,2.094148851,-0.5004777978,0.1547034288,-1.259917125,0.1123168219,-0.1834899389,2.469276669,-0.9191921078,-0.06682688897,0.008374984264,0.06763713605,0.07771424176,0.08992294069,0.2628354114,0.04383177537,0.7178975792,-0.04959541437,-0.02375140115,-0.1026962388,0.1919671965,-0.2313891449,-0.01432457534,0.6174292893,-0.006882557516,0.00285637368,-0.0166967247
0.231550631,-0.03030734285,0.4147167352,0.02025824737,0.1247789694,0.01636215149,0.991842776,-1.788330693,0.08491789852,0.1526210595,2.086546664,-0.4964507517,0.1634616065,-1.251609991,0.1103756864,-0.1847959528,2.469187156,-0.9171910732,-0.05905728103,0.01586130719,0.06718963977,0.07076186675,0.0960984246,0.265352015,0.04245912854,0.7183832192,-0.04792797746,-0.02359844869,-0.1034054485,0.1918778318,-0.2300671578,-0.01482566603,0.6190585878,-0.005589967041,0.004806709009,-0.01672899776
0.2337173271,-0.03067745942,0.4154999943,0.01971415988,0.1241435859,0.0177615372,0.991909396,-1.787194526,0.09172761358,0.1565801907,2.079273045,-0.4930834313,0.1714433175,-1.243251318,0.1088713495,-0.1861808325,2.468407159,-0.9146343457,-0.0516699214,0.02343430544,0.06651788093,0.06315593033,0.1029311864,0.267957176,0.04117206212,0.7189532194,-0.0463195772,-0.02348696738,-0.1040476627,0.1918649377,-0.2286236764,-0.01523101548,0.6206823635,-0.004348445409,0.006693685828,-0.01671493882
0.2359791852,-0.03103066347,0.4163650312,0.01915174093,0.123806044,0.01914761799,0.991936814,-1.785882543,0.0984151701,0.1610698929,2.071827417,-0.4903928746,0.1798977856,-1.235758886,0.1079017278,-0.1873151669,2.467355791,-0.9112962303,-0.0445229067,0.03124426907,0.06517002207,0.05497342186,0.1102040135,0.2709799478,0.03966336272,0.7194807759,-0.04434606735,-0.02350290611,-0.1046585082,0.1916828117,-0.2267686622,-0.01577500112,0.6223520009,-0.002781786587,0.008763299221,-0.01663840964
0.2383487461,-0.03134399406,0.41729742,0.0184183225,0.1236984485,0.02060407344,0.9919349431,-1.784517144,0.1045268933,0.1654051774,2.064252397,-0.4875982168,0.1876058553,-1.228422418,0.1073986723,-0.1885274432,2.465847572,-0.9075625118,-0.03781156853,0.03904721213,0.06356981057,0.04631710234,0.1179127508,0.274152938,0.03828195545,0.7200693071,-0.04246728011,-0.0235544542,-0.1052105754,0.1914197699,-0.2247715666,-0.0162471641,0.6239008024,-0.001280807129,0.01072540061,-0.01654983962
0.2407795589,-0.03162410106,0.4182877427,0.01769076239,0.1238830861,0.02203812715,0.9918943184,-1.78350023,0.1104536948,0.1701029698,2.055569637,-0.485401359,0.1957224397,-1.222362227,0.107683671,-0.1892735595,2.464322246,-0.9029036517,-0.03133727032,0.04702142298,0.06130785687,0.03751291392,0.1257463983,0.2777149289,0.03677683134,0.7205642257,-0.04033586537,-0.02378532184,-0.1057396703,0.1908009452,-0.2223667936,-0.01688082982,0.6253599733,0.0005050159052,0.01272297128,-0.01642253655
0.2432845531,-0.03184468095,0.4193224577,0.01679827636,0.1242496602,0.02352473654,0.9918298375,-1.782883963,0.1158116755,0.1745573278,2.046307695,-0.4831868124,0.20309331,-1.216531876,0.1086149905,-0.1899129755,2.462454604,-0.89781283,-0.02521437846,0.05494923103,0.05886952246,0.02873628121,0.1336880981,0.2813732426,0.03545428659,0.7210824291,-0.03835215142,-0.02405448112,-0.1062152363,0.1899135751,-0.2198622844,-0.01744054496,0.6265792287,0.002189710681,0.01454506741,-0.01629846177
0.24579578,-0.03203911029,0.4203929405,0.01582010306,0.1249449585,0.02496460674,0.9917233738,-1.781771388,0.1210027484,0.1792718318,2.0352347,-0.480809994,0.2110050898,-1.212192272,0.1105047756,-0.1902584739,2.460514561,-0.8919234043,-0.0192575042,0.0629134833,0.05605850094,0.02007366405,0.1414701812,0.2853798779,0.03410896258,0.7214489898,-0.03615113877,-0.02451530706,-0.1065733197,0.1885714762,-0.2170347669,-0.01812958767,0.6276073186,0.004131469578,0.01634443773,-0.01613532595
0.2483311983,-0.03218203296,0.4214824656,0.01462182212,0.1258259007,0.02645070861,0.9915918541,-1.780228477,0.1256494492,0.1837510329,2.023727629,-0.4787575983,0.2181483181,-1.20880785,0.1130046071,-0.1906937902,2.458436162,-0.885128841,-0.01379516581,0.07068344579,0.05329051629,0.01173476083,0.1490724913,0.289458347,0.03298734316,0.7217852839,-0.03411790821,-0.02500240501,-0.1068586493,0.1868924813,-0.2141702989,-0.01872423753,0.6283241315,0.005946630156,0.01794505785,-0.01597864004
0.250827838,-0.03230024591,0.4226210944,0.01338497582,0.1271284638,0.02780936924,0.991405989,-1.778235862,0.1322294763,0.1890883553,2.008457448,-0.4812410798,0.2264289933,-1.207770857,0.1162001434,-0.190803023,2.456422597,-0.8767571195,-0.009096999326,0.078043898,0.05039612943,0.003609776871,0.1564039083,0.2940021984,0.03171748203,0.7217303155,-0.03178124014,-0.0259595373,-0.1074045003,0.1847658797,-0.2109415352,-0.01957160482,0.6289331073,0.008112582207,0.01968066046,-0.01605121109
0.2533086552,-0.03234106745,0.4238126192,0.01202996894,0.1286007151,0.02915529725,0.9911947864,-1.775828302,0.1395191803,0.1939810696,1.993989966,-0.4824216307,0.2339867686,-1.20809763,0.1196160987,-0.1907514779,2.4543206,-0.8667116765,-0.005024331353,0.08480649341,0.0477932921,-0.003871418359,0.1632902531,0.2985319718,0.03056151447,0.7215724282,-0.02959620093,-0.02701222751,-0.1079954764,0.182374342,-0.2077401589,-0.02043192176,0.6293331249,0.01015927863,0.02128011395,-0.0162109091
0.2557454533,-0.03231995504,0.4251801151,0.01071909828,0.1303322056,0.03034477854,0.9909479358,-1.771789602,0.146666646,0.1977767346,1.982647053,-0.4815282645,0.2415715981,-1.210255452,0.1231455809,-0.1902130484,2.451751332,-0.8546707987,-0.001319890834,0.09086887234,0.04500697612,-0.01077592714,0.1694183865,0.3032674806,0.02958933136,0.7213003312,-0.02740549458,-0.02813375637,-0.1083299724,0.1796855276,-0.2042905153,-0.02134770208,0.6296043517,0.01231440425,0.02269489381,-0.01627331343
0.2581445944,-0.03217829639,0.4267180142,0.009454346894,0.132182656,0.03141588181,0.9906822917,-1.767314308,0.1530061199,0.200611203,1.974482842,-0.4804894246,0.2478064021,-1.213583467,0.1263929466,-0.1891939788,2.448699088,-0.8406190147,0.002026502956,0.09621669303,0.04226383845,-0.01686751152,0.1746886163,0.3078233332,0.02887205031,0.7210419856,-0.02544525383,-0.02916752422,-0.1085369622,0.1768798255,-0.2009423299,-0.02214682388,0.6295852234,0.01427626094,0.0238713359,-0.01630264767
0.2604913457,-0.03190209945,0.428490914,0.008356782915,0.1341630732,0.03222756105,0.9903998275,-1.762863366,0.157853764,0.2029185503,1.968649403,-0.4805015395,0.2534279781,-1.217984546,0.1293301424,-0.1874901189,2.445057339,-0.8247155164,0.004983444909,0.1009876242,0.03928411188,-0.02224320078,0.1790774855,0.3121739187,0.02844194359,0.7207518312,-0.02366904272,-0.03018562042,-0.1085059997,0.1739324574,-0.1977227136,-0.02285953724,0.6292064061,0.01616893365,0.02472892961,-0.01623810565
0.2627862112,-0.03148746978,0.4304873195,0.007396458083,0.1362153989,0.03282381545,0.9901076985,-1.758636587,0.1612899283,0.2048098992,1.96435098,-0.4815684564,0.2580078143,-1.223035194,0.1318060863,-0.1851976297,2.440843086,-0.8071420586,0.007606895956,0.1051400783,0.03618542837,-0.02681777121,0.1825645047,0.31624465,0.02825157317,0.7204126448,-0.0221434129,-0.03110151819,-0.1083868596,0.170915766,-0.1947012169,-0.02341106048,0.6284758606,0.01783738,0.02532476502,-0.01614804638
0.2650126307,-0.03096239057,0.4327355664,0.006574187092,0.1385100419,0.03322173092,0.9897818269,-1.754580073,0.1635443003,0.2067714176,1.960882128,-0.48435084,0.2631446687,-1.229152346,0.1339803022,-0.1824472936,2.435911222,-0.7881434978,0.009764148466,0.1086959158,0.03287241917,-0.03075411506,0.1851993169,0.3201230847,0.02830899611,0.719969299,-0.02080131657,-0.03203383729,-0.1080927543,0.1677948407,-0.1917818278,-0.02388140781,0.6275001115,0.01941924357,0.02563594691,-0.01595402154
0.267175712,-0.03034429387,0.435214384,0.00584916897,0.1410010891,0.03346633284,0.9894263412,-1.750387016,0.1647465731,0.2083537304,1.957438865,-0.4883517502,0.2667520657,-1.235986315,0.1357950006,-0.179325787,2.430301582,-0.7679245574,0.01163059045,0.1116256794,0.02941231029,-0.03400338425,0.1869822976,0.3238659161,0.02854179307,0.7193634015,-0.01966541497,-0.03290060849,-0.107762003,0.164658202,-0.1889500278,-0.02420155574,0.626271149,0.0208049204,0.02575303014,-0.01574377919
0.2693024124,-0.02965400408,0.4378722247,0.005200487104,0.1437069534,0.03367456177,0.9890335133,-1.745844727,0.1647538287,0.2099618937,1.953754498,-0.4939806679,0.2699524232,-1.243805192,0.1374234508,-0.1760150203,2.424303292,-0.7464913292,0.01319371783,0.1140571238,0.02581985181,-0.03689720424,0.1881021134,0.3275178638,0.02901263975,0.7186256572,-0.01871839078,-0.03375860872,-0.1072520482,0.161630071,-0.186160746,-0.02439196754,0.6248415607,0.02209927968,0.02559444539,-0.01542227577
0.2713985175,-0.02889647654,0.4406823563,0.004557283156,0.1465586313,0.03383120976,0.9886127897,-1.740820455,0.1638888177,0.2114469634,1.949622508,-0.5011238622,0.2726366355,-1.252214044,0.1388952041,-0.1725974739,2.417861233,-0.7239930845,0.01459724768,0.1160460059,0.02224903544,-0.03934184892,0.1885955192,0.331109212,0.02964216762,0.7177017133,-0.01793889956,-0.03456399371,-0.1067199015,0.158745954,-0.1834553298,-0.02441050659,0.6232031601,0.02322693018,0.02529401029,-0.0150865372
0.2734710162,-0.0280790262,0.4436016229,0.003937108593,0.1496115484,0.03408628097,0.9881492849,-1.735105371,0.1621360028,0.2133677426,1.945085911,-0.5105862049,0.2754511649,-1.261632182,0.1402308277,-0.1692131934,2.411211779,-0.7003374783,0.0157658286,0.1175561538,0.01879298304,-0.04156504118,0.1886068052,0.3346099556,0.03048536846,0.7166926936,-0.01735356305,-0.03537010581,-0.1061138756,0.156045934,-0.1808381861,-0.0243150905,0.6214962658,0.02423014575,0.02479506633,-0.01468284553
0.2755253772,-0.02719838506,0.446598776,0.003264731815,0.1527521596,0.03436640752,0.9876614143,-1.728891205,0.1598590543,0.2153694553,1.940119492,-0.5217055792,0.2781336102,-1.271566444,0.1415488605,-0.1658927855,2.40425359,-0.6756512572,0.01686531242,0.1187425287,0.01563147011,-0.04337259009,0.1881843074,0.3380376385,0.03144202774,0.7155282147,-0.0168990746,-0.03613550921,-0.1055278809,0.1535389507,-0.178376913,-0.02408572988,0.6196798254,0.02508787836,0.02422973045,-0.01428519786
0.2775770937,-0.02627899416,0.4496206094,0.002525633657,0.1559755282,0.03473154756,0.9871468864,-1.722023258,0.1568167654,0.2174288741,1.934635555,-0.53497514,0.2810378019,-1.283275408,0.142865354,-0.1629810677,2.397730841,-0.6490188799,0.01774438992,0.1194975623,0.01289000749,-0.04518546204,0.1874466373,0.3412837003,0.03261999497,0.7144012833,-0.01667916512,-0.0368101823,-0.1048791783,0.1513312847,-0.1760281385,-0.0237096359,0.6179087208,0.02577553227,0.02345561016,-0.01383595406
0.2796258406,-0.02531450156,0.4526426029,0.001666118524,0.1590371775,0.03505784309,0.9866485432,-1.714911351,0.1535653748,0.2191218593,1.928875458,-0.5489016997,0.2838564491,-1.295789557,0.1443704008,-0.1604388674,2.39133948,-0.6204558612,0.01866267587,0.1200513816,0.01073632024,-0.04647389441,0.1864061924,0.3443687298,0.03388995116,0.7132258582,-0.0165635436,-0.03741269913,-0.1042509706,0.1493358045,-0.1738503981,-0.0232129186,0.6161417233,0.02633713689,0.0226550632,-0.01339918
0.2816947911,-0.02429816834,0.4555465581,0.0007295277989,0.1619119119,0.03537534663,0.9861706675,-1.708118081,0.1496063876,0.220404368,1.923211264,-0.5629112903,0.2868152297,-1.309802868,0.1461347362,-0.1584036637,2.385760793,-0.5894802554,0.01942387206,0.1203138552,0.009230299232,-0.04758186305,0.1852320742,0.347137954,0.03532674917,0.7122143147,-0.01662885591,-0.03789521093,-0.1035158077,0.147658699,-0.1719006713,-0.02256354667,0.6144920038,0.02671328264,0.02170690583,-0.01286256526
0.2837782727,-0.0232367532,0.4583217068,-0.0002727475368,0.1643935692,0.0356065642,0.9857519224,-1.701551961,0.1454740935,0.2211591701,1.917866042,-0.5759297564,0.2896285717,-1.324291506,0.148222938,-0.1567653362,2.380590822,-0.5562895884,0.02029898851,0.1204272129,0.008360031317,-0.04801281061,0.1838970387,0.3496829253,0.03679347959,0.7112742839,-0.01675016661,-0.03829318438,-0.1027959415,0.1461835701,-0.1701338956,-0.02183784292,0.6129665342,0.02699074954,0.02078479837,-0.01233254149
0.2859296316,-0.02206132427,0.4608402629,-0.001145879456,0.1665327665,0.03569383818,0.9853889966,-1.695448994,0.1406747425,0.2217732316,1.913254563,-0.5877660657,0.2923676972,-1.34049199,0.1504560906,-0.1557730235,2.377385405,-0.5222144742,0.02090304983,0.1200163038,0.008179606191,-0.04850592259,0.1826464945,0.3518277086,0.03836787976,0.7106411559,-0.0170597769,-0.03847529636,-0.1020260135,0.1452128791,-0.1686593881,-0.02096065358,0.611673777,0.0270381602,0.01979782083,-0.0116881951
0.2881323837,-0.02078483668,0.4631171376,-0.001923535315,0.1681078087,0.03557882769,0.9851244651,-1.689193087,0.135598325,0.2221980799,1.909470125,-0.5981060651,0.2948345053,-1.357532394,0.1528469391,-0.156045445,2.375937857,-0.4899067798,0.02163158513,0.1192778319,0.008765734217,-0.04847230768,0.1813196148,0.3536346041,0.03990048031,0.710257688,-0.01739601222,-0.03853227261,-0.1012958929,0.1446039652,-0.1674037305,-0.02008281218,0.6106532823,0.02700878661,0.01888683742,-0.01106265343
0.2904014948,-0.01937751133,0.4651597915,-0.002660979047,0.1694579269,0.03528415216,0.9849020047,-1.683500057,0.1298421217,0.2224782575,1.906726145,-0.6077189456,0.2972858846,-1.37592178,0.1550908065,-0.1572111371,2.375015906,-0.462690743,0.0219620235,0.118032268,0.01022438597,-0.04864231198,0.1800575957,0.3550171117,0.04144953379,0.7102188445,-0.01792511011,-0.03841096263,-0.1006865282,0.1444548113,-0.1664196069,-0.01915889277,0.6099873141,0.02675406594,0.01801375875,-0.01049276193
0.2926938595,-0.01787754909,0.4669386,-0.003041000996,0.1702104416,0.03471945863,0.9847912048,-1.677164082,0.1237153911,0.2230865651,1.904923379,-0.6165149692,0.2995232612,-1.395990995,0.1570758154,-0.1587517739,2.371490299,-0.4429893036,0.02213352397,0.1164303828,0.01184885958,-0.04789827979,0.1786377256,0.3563316114,0.04287082177,0.7102121746,-0.01845969581,-0.03820542329,-0.1001782239,0.14456292,-0.1654972551,-0.01830230142,0.6095120934,0.02645809355,0.01726314157,-0.010002916
0.2950167859,-0.01632012402,0.4684227663,-0.002972886664,0.1706421621,0.03402182995,0.9847410469,-1.670683894,0.1171955494,0.2243643461,1.90415826,-0.6254071474,0.3017479038,-1.418326593,0.1581665577,-0.1592674269,2.363395619,-0.4302275092,0.02184199745,0.1141143249,0.01313056462,-0.04672489627,0.1771163735,0.357727436,0.04438256487,0.7102514983,-0.01931360965,-0.03767897453,-0.09975006341,0.1451144172,-0.1646488763,-0.01727470677,0.6090928481,0.02578127531,0.01641024292,-0.009463111994
0.2973533511,-0.01472050602,0.4695915516,-0.002461208045,0.1704544796,0.03315984621,0.9848043651,-1.663217902,0.1105366798,0.2263589544,1.904288851,-0.634142086,0.3037938029,-1.442149112,0.1585696627,-0.1589855661,2.352432341,-0.4222459628,0.02138986756,0.1112956322,0.01411780183,-0.04442245113,0.1752875185,0.3592974565,0.04583308301,0.710277359,-0.02017057251,-0.03706555192,-0.09938511432,0.146043862,-0.1638441088,-0.01625550536,0.6086536394,0.02506258693,0.01559655411,-0.008956176758
0.2997530463,-0.01307181331,0.4704922447,-0.001891212033,0.1700724307,0.03238236068,0.9848975451,-1.655876488,0.1031400629,0.228620085,1.905370099,-0.6436299895,0.3060251533,-1.466205717,0.1585081602,-0.1585846913,2.342031474,-0.4133914443,0.02076785823,0.1078765049,0.01552041432,-0.04221449744,0.1733799348,0.3607784423,0.04734546854,0.7105468214,-0.02116903951,-0.03632763073,-0.09909038701,0.147381214,-0.1632759745,-0.01513225552,0.6083759255,0.0241419091,0.0148239812,-0.00844423749
0.3022059712,-0.01138676646,0.4711459369,-0.00135767285,0.1693731542,0.03155504005,0.9850457709,-1.648211669,0.09555797197,0.2308175006,1.907125009,-0.6531934046,0.3082141266,-1.489729467,0.1583226913,-0.1585082132,2.333524543,-0.4051288149,0.0202119272,0.104254841,0.01747594446,-0.03977743294,0.1712679101,0.3621770611,0.04879981031,0.7109907534,-0.0221000597,-0.03557720283,-0.09883055448,0.1490451455,-0.1628907047,-0.01408790656,0.6083146337,0.02325849686,0.01415545382,-0.007977751216
0.3047107052,-0.009702783532,0.4716197465,-0.000989865524,0.1688230331,0.03077351117,0.9851653641,-1.641253969,0.08804090956,0.2327275005,1.909600285,-0.663750247,0.3105690284,-1.512801818,0.1577483579,-0.1582261546,2.325702412,-0.3963333202,0.01965455218,0.1001631974,0.01988761313,-0.03788056493,0.1690280775,0.3634157041,0.05034620074,0.7116642545,-0.02325731935,-0.03452810476,-0.09863311588,0.151093091,-0.1627005431,-0.01292345067,0.6084675256,0.02207593004,0.01338263433,-0.00745727004
0.3072391597,-0.008040127537,0.4719149119,-0.0006850654419,0.1681909326,0.02993677932,0.9852995129,-1.63437545,0.08096172789,0.2344474544,1.912483074,-0.6743233423,0.3128381797,-1.535206066,0.1569534364,-0.1576684338,2.317637171,-0.3897633715,0.01911435944,0.09587530696,0.02250074625,-0.03583595676,0.1664932494,0.36464536,0.05182951842,0.7123880341,-0.02435700611,-0.0334339698,-0.09846171022,0.1533851764,-0.1625853298,-0.01182871514,0.6087558866,0.02092958344,0.01266682762,-0.006968260596
0.3097894432,-0.006409193156,0.4720815344,-0.0004086825497,0.1676967167,0.02914468512,0.9854076474,-1.628110596,0.07390410373,0.2361054078,1.915890873,-0.6856596936,0.3151876745,-1.557392053,0.1557298728,-0.156322147,2.307193683,-0.3835439723,0.01842714709,0.09109455318,0.02511041593,-0.03398376809,0.1638358131,0.3658503973,0.05337175191,0.7131537967,-0.02555554502,-0.03223523657,-0.09825228221,0.1557890781,-0.1625313333,-0.01062584297,0.6091632161,0.01966265495,0.01196756501,-0.006381758503
0.3123467918,-0.004825482195,0.4721119781,-7.818664757e-05,0.1671240717,0.02831900885,0.9855290824,-1.621877056,0.06719466561,0.2378109918,1.919544212,-0.6968240515,0.3173948429,-1.578915579,0.1542416623,-0.1543196258,2.295372351,-0.3790477098,0.01772564706,0.08609889443,0.027517689,-0.03175779253,0.1608927849,0.3671536521,0.05482712698,0.7138375172,-0.02665301418,-0.03109180284,-0.09804350815,0.1582722059,-0.162444223,-0.009491295452,0.6096039684,0.01849636256,0.01135491033,-0.005819749091
0.3149129618,-0.00329852842,0.4720752594,0.0002124444822,0.1667064542,0.02754889609,0.9856216167,-1.616186475,0.0606532474,0.2394270286,1.923611713,-0.708816785,0.3195152442,-1.599801116,0.1522280018,-0.1518300157,2.28262254,-0.373187724,0.01707410924,0.08072387933,0.02979786646,-0.02953913244,0.1577612629,0.3683605427,0.05634346981,0.7145387404,-0.02788895305,-0.02985082669,-0.09780212388,0.1608165846,-0.1624094206,-0.008290365982,0.6100120595,0.01719844557,0.01061928325,-0.005191958194
0.3174820293,-0.001838807084,0.4719742801,0.0004803343476,0.166310239,0.02674676283,0.985710548,-1.610620319,0.05459413036,0.2409402408,1.927754512,-0.7206460945,0.3214006091,-1.619635643,0.1499434729,-0.1491399509,2.270099697,-0.3680401496,0.01651530066,0.07526134986,0.03187827197,-0.02699756728,0.1543462803,0.3695458752,0.05777257222,0.7151747151,-0.02903205854,-0.02867751571,-0.09756303683,0.1633895999,-0.1623561541,-0.007174184637,0.6103887939,0.01600078619,0.009909422393,-0.004603001994
0.3200612269,-0.0004638233378,0.471881606,0.0005997321966,0.1661353271,0.02600339035,0.9857598679,-1.60555618,0.04898687624,0.2420307616,1.93208749,-0.7331758915,0.3226678458,-1.638406681,0.147011247,-0.1467480355,2.258653555,-0.3621114118,0.01617806391,0.06952703811,0.03388867682,-0.0244822813,0.1507961338,0.3704749708,0.05930035542,0.7157937397,-0.03034088921,-0.0274463617,-0.09720656972,0.1659212792,-0.1624186286,-0.005955877214,0.6106869523,0.01465098781,0.009054769451,-0.003950325035
0.3226456932,0.0008164946979,0.4717956386,0.0006369664933,0.166069728,0.02522849169,0.9857910341,-1.600634137,0.04407181871,0.242824305,1.936272781,-0.7454205867,0.323403339,-1.656042145,0.143804383,-0.1443173,2.247685402,-0.3571412737,0.01588616685,0.06379448212,0.03564321459,-0.02170993427,0.1470332414,0.3712777756,0.0607356256,0.7163083984,-0.03156000685,-0.02630471367,-0.09683599825,0.1683869016,-0.1624899465,-0.004805294116,0.610909665,0.01339960181,0.008222624083,-0.003337226969
0.3252421557,0.002021977578,0.4717404922,0.0005936224263,0.1661634337,0.02451349123,0.9857933098,-1.59605378,0.03920425632,0.2433050205,1.940466138,-0.757944656,0.3233388938,-1.672975096,0.1401616674,-0.1417560882,2.236031588,-0.3511987942,0.01568315659,0.05793179655,0.03726057533,-0.01878942275,0.1431067989,0.3718331173,0.0622408861,0.7168108796,-0.03286363533,-0.02519278802,-0.09638061283,0.170718146,-0.1626942818,-0.00366503436,0.6110163643,0.01213255515,0.007228941077,-0.002572006737
0.3278567441,0.003140052807,0.4717052057,0.0005496510038,0.1663106115,0.02377840271,0.9857865215,-1.591449252,0.03464544,0.2436281002,1.944423225,-0.770025761,0.3227285096,-1.689084276,0.1364111083,-0.138796524,2.223886473,-0.3459446863,0.01545016624,0.05216463858,0.03851196144,-0.01550649061,0.1390068129,0.3723049072,0.06362920581,0.7171849243,-0.03405456638,-0.02419529396,-0.09593663413,0.1729243072,-0.1629113212,-0.002633912109,0.6110176541,0.01099671891,0.006259791822,-0.001832432128
0.330488391,0.004191737093,0.471679832,0.0004613719683,0.1665196649,0.02311958687,0.9857669466,-1.587016042,0.02993420194,0.2437688137,1.948366841,-0.7820846327,0.3216201208,-1.70449356,0.1324880028,-0.1355240514,2.21031819,-0.3400176731,0.01535788367,0.04622750128,0.03965352748,-0.01186124665,0.1347233451,0.3725925555,0.06510438894,0.7174146176,-0.03535462691,-0.02322154347,-0.09535396608,0.1749300677,-0.1632651883,-0.001624446766,0.6108074201,0.009836809719,0.005108874686,-0.001026578262
0.3331550759,0.005164044468,0.4716512241,0.000406757783,0.1667398113,0.02246015326,0.9857450032,-1.582479259,0.02534051898,0.2438575797,1.952097828,-0.7935553203,0.3202557613,-1.719112838,0.1286397106,-0.1319069483,2.196351849,-0.334760616,0.01527372115,0.04034814711,0.04044027676,-0.007823062691,0.1302781662,0.372866364,0.06647460433,0.7174589941,-0.03655073544,-0.02236181848,-0.09477873611,0.176793815,-0.1636337075,-0.0007702654841,0.6103935729,0.008829911897,0.003972891923,-0.0002663080996
0.3358298008,0.006040935523,0.4716440602,0.0002866213886,0.1669758965,0.02184741263,0.9857188536,-1.577938426,0.02091174325,0.24356045,1.95596543,-0.8053962746,0.3181694769,-1.732831202,0.1244442478,-0.1277680431,2.181396837,-0.3289748967,0.01559942594,0.03440623175,0.04090340145,-0.003148924354,0.1255333796,0.3729166439,0.06805466035,0.7173641045,-0.03804322806,-0.0215384886,-0.09409280435,0.1783038036,-0.1641882083,7.843419741e-05,0.6096705931,0.007689442588,0.002532439844,0.0006120095116
0.3385415082,0.006811071961,0.4716449476,0.0001381010709,0.1672488561,0.02122976551,0.9856861053,-1.573305462,0.01685928619,0.2430191795,1.959677772,-0.8168232587,0.3157463059,-1.745684031,0.120146946,-0.1232334816,2.166595943,-0.3238523578,0.01598464018,0.02858779845,0.04089148197,0.00196785075,0.1205810518,0.3729193072,0.06957336327,0.7171092687,-0.03947033623,-0.02082646926,-0.09342752468,0.179564359,-0.1648030967,0.0008231263839,0.6087280786,0.006641539803,0.001073381145,0.001447067091
0.341298791,0.00750230015,0.471639048,-5.531784071e-05,0.1675410198,0.02072881644,0.9856471579,-1.568700041,0.01259280685,0.2422164617,1.963727569,-0.8290344233,0.3127469574,-1.757998664,0.1154601678,-0.1184744744,2.150715532,-0.318797227,0.0164539999,0.02237847935,0.0406539087,0.007520711862,0.1155785803,0.3727524568,0.0711604051,0.7166311322,-0.04089436634,-0.0203151323,-0.09266937502,0.1805009218,-0.1655624918,0.001583269581,0.6076086862,0.005604399334,-0.0005147161742,0.002252031673
0.3441290617,0.008098901946,0.4716139456,-0.0002422278761,0.1678564676,0.02026513025,0.9856031007,-1.563953073,0.008408981225,0.2412722619,1.967699099,-0.8410175822,0.3095781318,-1.769801282,0.1107052998,-0.1135674305,2.134994536,-0.3145539491,0.01687960647,0.01609372898,0.03999125618,0.01336644862,0.1104959896,0.372588355,0.07258345518,0.7159781527,-0.04216706452,-0.01994998352,-0.09196029794,0.1812755166,-0.166315885,0.002252930001,0.6064169034,0.004669016246,-0.002039465243,0.002953007782
0.3469938017,0.008630367792,0.4716923557,-0.0004751588306,0.1682582771,0.01987027959,0.9855425401,-1.558788623,0.004897069697,0.240143595,1.972113745,-0.8554249811,0.3062311504,-1.780589374,0.1056690363,-0.1086987626,2.118401186,-0.3093829831,0.0172453766,0.009265260442,0.03937926041,0.01975622566,0.1050699572,0.3722670404,0.07416011129,0.7152222395,-0.04363671068,-0.01959788593,-0.09125933486,0.1817319736,-0.1671632745,0.003050837961,0.605267232,0.003560243357,-0.003698189844,0.003502748523
0.3499326637,0.009085053775,0.4718527487,-0.0007113780711,0.1688421877,0.01953420708,0.98544925,-1.553349094,0.002089094314,0.2389960438,1.976182436,-0.8704237526,0.3029995274,-1.790619538,0.1005837608,-0.1038498878,2.10220721,-0.3046795223,0.01754450108,0.002158588263,0.0386603129,0.02628601986,0.09931893851,0.3719648131,0.0755777319,0.7143692483,-0.04500880128,-0.01929628622,-0.09063773522,0.1821932512,-0.1679616973,0.003808064074,0.6041689672,0.002496718028,-0.005275527796,0.003933142503
0.3529293596,0.009500512864,0.4722265981,-0.0008947648399,0.1695555166,0.0192049241,0.9853330894,-1.546875088,0.0008318932797,0.2380686144,1.979983844,-0.88759706,0.3000628591,-1.798928998,0.09546709682,-0.09958693363,2.085917813,-0.2998603051,0.01729295023,-0.005767797545,0.03819646455,0.03321853511,0.0931742956,0.3717200188,0.07719763139,0.7133256892,-0.04649541127,-0.01912571088,-0.0899315466,0.182393961,-0.168633592,0.004730486635,0.6031905463,0.001423368703,-0.00690676359,0.004316506078
0.3560221427,0.009874876633,0.4727579288,-0.001183415633,0.1705696499,0.01901436301,0.9851614325,-1.540321162,0.0009688874229,0.2372318906,1.980685566,-0.8977795415,0.2974308511,-1.806000989,0.09038498427,-0.09596359748,2.070547219,-0.295692451,0.01692953153,-0.01430414627,0.03834489668,0.03993092047,0.08659052359,0.3716236631,0.07864420986,0.71205948,-0.04785582135,-0.01903903698,-0.08928233093,0.1828708635,-0.1692087331,0.005605732954,0.6021211884,0.0004571852705,-0.008440630721,0.004638861622
0.3592133361,0.01023476389,0.4735552961,-0.001505153359,0.1717341795,0.01885764161,0.9849616721,-1.533064771,0.002847711355,0.2366988032,1.979619115,-0.9038567186,0.2954905505,-1.811024074,0.08511225756,-0.09320746362,2.055406237,-0.2916630372,0.0165052072,-0.02360651078,0.03911258301,0.04682055443,0.07973836703,0.3716181623,0.08017733985,0.7106017143,-0.04928804163,-0.01901929172,-0.08860034577,0.1832439028,-0.1695904338,0.006620917938,0.6010202216,-0.000563864695,-0.01004350584,0.004915311224
0.362566405,0.01058797578,0.4745737757,-0.00181912905,0.1732363455,0.01874539834,0.9847001927,-1.525758651,0.006010446565,0.236591392,1.977485692,-0.9068420726,0.2941545379,-1.814612415,0.07988579883,-0.09100652268,2.041384204,-0.28823187,0.01613065959,-0.03332150325,0.04041566502,0.05318588888,0.07264925876,0.3717582131,0.08150294775,0.709004798,-0.05058453862,-0.01905210641,-0.08799287687,0.1840424408,-0.169782409,0.007584056188,0.59984488,-0.00148976084,-0.01156832519,0.005147914164
0.3660912966,0.01093072757,0.4758357444,-0.002156000494,0.1748454388,0.01846063295,0.9844204535,-1.517555074,0.01139675739,0.236837449,1.974708521,-0.9077939264,0.2937193726,-1.81627105,0.0745138063,-0.0895398356,2.027576125,-0.2854003143,0.01560270517,-0.04337455689,0.04216679394,0.05940388845,0.06564285294,0.3719703354,0.08285478183,0.707313008,-0.05190665001,-0.01917163817,-0.08737944047,0.1848318439,-0.1696832447,0.008744191678,0.5987390368,-0.00248822129,-0.01309720506,0.005299212149
0.3698478044,0.01127243272,0.4772939746,-0.002451540391,0.176795619,0.0181265286,0.9840776026,-1.509055745,0.01810401905,0.2375865293,1.971437433,-0.9074178779,0.2939129437,-1.816734923,0.06906891405,-0.08835854187,2.014813386,-0.2831768261,0.01511081464,-0.05362978187,0.04430644617,0.06468528516,0.05872807221,0.3722576482,0.08397527373,0.7055887972,-0.05308880948,-0.0193297015,-0.08684718401,0.1861472457,-0.1693343952,0.009865016385,0.5976163427,-0.003383949975,-0.01452169708,0.005421743779
0.3738491724,0.01158073354,0.4789802967,-0.002832431961,0.1787428304,0.01754522201,0.9837353013,-1.499213099,0.0265351532,0.2384282357,1.967661745,-0.906047665,0.2948656767,-1.815445327,0.06351035273,-0.08772266846,2.002269547,-0.2809428041,0.01465041181,-0.06373704039,0.04671076002,0.06963359543,0.05222443309,0.3725933593,0.08506628945,0.7038904011,-0.05422768732,-0.01955572697,-0.08625681401,0.1875630959,-0.1686732559,0.0111481924,0.59656196,-0.004250259254,-0.01591468482,0.005519093922
0.378153946,0.0118645938,0.480839983,-0.003229703981,0.1809610869,0.01686628345,0.9833403188,-1.488718661,0.03569816169,0.2394568421,1.963398907,-0.9042355167,0.2962428599,-1.8132292,0.05786953189,-0.08716074422,1.990714101,-0.2790224928,0.01427095363,-0.07368988364,0.04934634728,0.07336345984,0.04620961459,0.3729396461,0.08593694546,0.7022610788,-0.05522495814,-0.01979389962,-0.08572820341,0.1895453223,-0.1677778164,0.01234498599,0.5954809391,-0.004966980629,-0.01719208867,0.005639925468
0.3827985144,0.01215001103,0.4826573036,-0.003882469576,0.1829506164,0.01594095207,0.9829851903,-1.477397846,0.04345654071,0.2399160909,1.959472309,-0.902561959,0.2978119729,-1.810155207,0.05300527681,-0.08778836405,1.979629014,-0.276846911,0.01401091204,-0.08272882064,0.05257641827,0.07644567306,0.04125541043,0.3729992443,0.0865937861,0.7007416483,-0.05606173442,-0.0201012322,-0.08526066582,0.1918100617,-0.1669853948,0.01345117739,0.5943899379,-0.005556231972,-0.01826988087,0.005753516304
0.3878023462,0.01242578677,0.4844031816,-0.004585320805,0.1849607073,0.01484454067,0.9826230972,-1.465706746,0.04939303521,0.2399166033,1.955785602,-0.9013828706,0.2993454933,-1.806958086,0.04887147553,-0.08898873211,1.969548786,-0.2748669103,0.01383027494,-0.09093430739,0.05597976731,0.07820543199,0.03739162629,0.3728346229,0.08699337271,0.6993785353,-0.05675587928,-0.02040899823,-0.08488461847,0.1944744722,-0.166228554,0.01430096188,0.5933417417,-0.005980603721,-0.01918615592,0.005896694031
0.3931284064,0.01268377329,0.4858880521,-0.005517307951,0.1865233648,0.01353541871,0.9823417868,-1.453513,0.05250229204,0.2387474207,1.953304465,-0.9014595764,0.300601401,-1.803592864,0.04605725399,-0.09148053893,1.958910096,-0.2724589012,0.01343269464,-0.09790862106,0.0597243189,0.07944270286,0.03494152532,0.3723364547,0.08721854606,0.6981005228,-0.05725018677,-0.02082654783,-0.08450561703,0.1971302328,-0.1657454114,0.01494145252,0.5923441649,-0.006239919567,-0.01992117519,0.006065582877
0.3987308287,0.01285472082,0.4871354115,-0.006333276358,0.1879842891,0.01244876349,0.9820727188,-1.441482171,0.05298570309,0.2368891742,1.951956864,-0.903513932,0.3014685116,-1.800925465,0.04394215053,-0.09427615444,1.94852554,-0.2702956949,0.01302649611,-0.1043327331,0.06308906198,0.07950261284,0.03353764125,0.3717953383,0.08722808032,0.6970403602,-0.0576249092,-0.02122628202,-0.08419767541,0.1997755899,-0.1651658573,0.01526908099,0.5915537783,-0.006403339505,-0.02054113091,0.00622197608
0.4045491659,0.01292182561,0.4878211769,-0.007256419984,0.1888576235,0.01191354473,0.9819053976,-1.430510346,0.05054058495,0.2333590793,1.953769952,-0.9073367153,0.3021535062,-1.798890713,0.04194438959,-0.09662648288,1.93642806,-0.2667089304,0.01323596462,-0.1103668537,0.06638308623,0.07893386853,0.03326189746,0.3711569734,0.08689238375,0.6961526624,-0.0577655005,-0.0216582291,-0.08398904197,0.202263065,-0.1646423643,0.01521385062,0.5908679059,-0.006412134825,-0.02097641177,0.006246612265
0.4105322768,0.0128473345,0.4880009972,-0.007874074054,0.1892348851,0.01194839442,0.9818275781,-1.420618927,0.0450885072,0.2285441638,1.958631542,-0.9127574943,0.3026093123,-1.797855319,0.04002329838,-0.09797515507,1.924355383,-0.2637105805,0.01356314364,-0.1159775467,0.06862335216,0.07769043464,0.03366955273,0.3705676998,0.08634429243,0.695589143,-0.05780934798,-0.0220252221,-0.08387059623,0.2044645891,-0.1638884609,0.01488878891,0.5905476058,-0.006434559416,-0.02131055229,0.006171210493
0.4166118202,0.01272165292,0.4875950723,-0.008340801738,0.1887556705,0.01225238347,0.9819122196,-1.412536263,0.03627250252,0.2211402029,1.968143093,-0.9184113288,0.3026954553,-1.797116701,0.03802720806,-0.09885801691,1.911688862,-0.2614881734,0.0131894888,-0.121178269,0.07022199704,0.07677018068,0.03476904714,0.3697828875,0.08554974947,0.6951999735,-0.05756050641,-0.02246686784,-0.08384561654,0.2061819307,-0.1632415174,0.0143825078,0.5903902444,-0.006338364768,-0.02139326713,0.005914958223
0.4227595167,0.01252991752,0.4866973248,-0.008367435278,0.1876097485,0.01249254617,0.9821285581,-1.405500012,0.0244704391,0.2118295848,1.981439403,-0.9240765702,0.3025085072,-1.7970948,0.03636353157,-0.09939730636,1.901463105,-0.2623613135,0.01251715056,-0.1254015464,0.07040919667,0.07588749747,0.03635221971,0.3688383755,0.08469255195,0.6951912364,-0.0572444878,-0.02286962632,-0.08386713382,0.2072419524,-0.1624633685,0.0139153555,0.5908583588,-0.00637111273,-0.02134768491,0.005548086803
0.4288673845,0.01232043102,0.4854220423,-0.008288564886,0.185887913,0.01259011374,0.9824553285,-1.399797618,0.01073951934,0.2003846435,1.998437117,-0.9287132754,0.3014376917,-1.797126285,0.03463663205,-0.09903792716,1.892893566,-0.2653819004,0.0117624714,-0.1288651087,0.07000711564,0.07563487499,0.03823145578,0.3675436668,0.08376347168,0.6953117056,-0.05672556052,-0.02335854104,-0.0838533302,0.2075936694,-0.1618316219,0.01357007837,0.5917332186,-0.00642723964,-0.02108532909,0.005100328614
0.4349391633,0.0120715046,0.4838322955,-0.007893208654,0.1837897443,0.01223399128,0.9828577499,-1.394459948,-0.004186864551,0.1879121452,2.017886247,-0.9323405958,0.2998408076,-1.797588871,0.03324743372,-0.09806498618,1.886094331,-0.2698314986,0.01104274895,-0.1311075851,0.0684368441,0.07556212393,0.04045868971,0.3660125811,0.08286294461,0.6956972981,-0.05620248275,-0.02381688409,-0.08383305603,0.2072550334,-0.1610886165,0.01350795546,0.5933046252,-0.00666324196,-0.02069372416,0.004621996871
0.4409090261,0.01180573436,0.482065091,-0.007418142862,0.1814202756,0.01162349219,0.9833089795,-1.389424546,-0.01909137969,0.1749004698,2.039035465,-0.9340617335,0.2971876104,-1.797777175,0.03153254152,-0.0963745711,1.879209719,-0.2727027846,0.01004812987,-0.132889361,0.0664973467,0.07599301782,0.04292839168,0.3642205328,0.0819389906,0.6960687165,-0.05550423748,-0.02436991689,-0.08374514848,0.2064046897,-0.1604316751,0.01360145126,0.5951443992,-0.006860292983,-0.02006204819,0.004214169366
0.4468122661,0.01150257858,0.4801388204,-0.006756769302,0.1789762021,0.01054912521,0.9837736432,-1.383749538,-0.03344742075,0.1621032117,2.060445948,-0.934216955,0.2940244747,-1.798144069,0.02986220077,-0.09434102099,1.872821614,-0.275732214,0.009109642762,-0.1338740214,0.06389951726,0.07633134613,0.04579181376,0.3622563865,0.08102804677,0.6965699523,-0.05482951518,-0.02489454024,-0.08365449359,0.2052699879,-0.1597462396,0.01381625756,0.5973649721,-0.007158159651,-0.01933418153,0.003906477425
0.4526195757,0.01119141677,0.4781325279,-0.006169086599,0.1765261435,0.009240306138,0.9842332446,-1.377356852,-0.04672141345,0.1494433818,2.081493558,-0.932760727,0.2898638463,-1.798096344,0.02769412271,-0.09173185126,1.865967453,-0.2789312225,0.008111603316,-0.1345925307,0.06147355304,0.07661471001,0.04893931787,0.3600433002,0.08006444576,0.6970506472,-0.05405434873,-0.0254675933,-0.08354623831,0.2040502694,-0.1592835754,0.01403175242,0.5995123288,-0.007373557572,-0.01843448376,0.003673034047
0.458352666,0.01084774953,0.4760591919,-0.005584004616,0.1742348062,0.007585174316,0.9846590863,-1.370096861,-0.05857768988,0.1375208539,2.101725694,-0.9304372331,0.2853530316,-1.798140137,0.0253164766,-0.08922380503,1.859896113,-0.2837599813,0.007295831948,-0.1348732651,0.05901128268,0.0763774342,0.05245197328,0.3576962287,0.07908699351,0.6976225169,-0.05333287802,-0.02599004685,-0.08345858231,0.2028709859,-0.1589115962,0.014210381,0.6016896479,-0.007586784283,-0.01752292358,0.003512978004
0.4639702631,0.01049291329,0.4740657324,-0.00516258894,0.1720988397,0.005821679801,0.9850489557,-1.361790766,-0.06886761851,0.1261484944,2.120790223,-0.9279599218,0.2794498609,-1.797829465,0.02229779605,-0.08652726616,1.853857826,-0.2888920294,0.006549818117,-0.1351023016,0.05712091649,0.07580511226,0.05615355235,0.3551596359,0.07806687923,0.6982141117,-0.05252821815,-0.02653307643,-0.08335271229,0.2017470205,-0.1588155188,0.01427629235,0.6036823881,-0.007658668069,-0.01650225145,0.003402110397
0.4694833147,0.01010152647,0.4721618372,-0.004820796165,0.170214201,0.003915064158,0.9853875167,-1.352956499,-0.07747927067,0.1160949303,2.139050931,-0.9258733644,0.273539624,-1.79756185,0.01893288982,-0.08404217066,1.848494124,-0.2951747827,0.005971648259,-0.1352144455,0.0555605984,0.07462148775,0.06003798562,0.3525713843,0.07702842681,0.6988892517,-0.05178395582,-0.0270076402,-0.08327068988,0.2007736735,-0.1588449401,0.01423670954,0.6055787467,-0.007693450903,-0.01552639567,0.003317534494
0.4748145359,0.009714288463,0.4704538798,-0.004614156577,0.1685383586,0.001996843547,0.9856822733,-1.3436155,-0.08438301771,0.1069653989,2.156376619,-0.9245391106,0.2658686481,-1.796647178,0.01516306896,-0.08060661984,1.841285742,-0.3022101738,0.00551511164,-0.1353396403,0.05460627242,0.07314793988,0.06396365263,0.3499482913,0.07595706852,0.6995618156,-0.05098693372,-0.02748264159,-0.08321777364,0.1997791977,-0.1591119999,0.01406576285,0.6073178031,-0.007609792051,-0.01446236146,0.003225785741
0.4799913143,0.009303406392,0.4689228183,-0.004428370021,0.1671045637,0.000110181277,0.9859292278,-1.334061857,-0.08978477527,0.09930034411,2.172775021,-0.923938454,0.2581468861,-1.795563294,0.01111861982,-0.0765513621,1.83316359,-0.3101233081,0.005103630079,-0.135516846,0.05396311792,0.07114010037,0.06795354333,0.3474424677,0.07485462585,0.7002553356,-0.05025612402,-0.02788424867,-0.0832082171,0.1989749579,-0.1594572301,0.01378869472,0.6089075963,-0.007486513052,-0.01346353182,0.003124503262
0.4849345636,0.008859071396,0.467640156,-0.004148215813,0.1658066377,-0.001592183311,0.9861482729,-1.324511599,-0.09362042581,0.09288378243,2.188003917,-0.9235453612,0.24868354,-1.794224675,0.006997477299,-0.07120743487,1.823879081,-0.3166601602,0.004596399128,-0.1358998832,0.05339779848,0.06936701995,0.07187971715,0.3451585141,0.07367257284,0.7008051811,-0.04946202477,-0.02831567897,-0.08327035313,0.1980964454,-0.1598422463,0.01338834453,0.6102771499,-0.007209211085,-0.01239144555,0.002976140487
0.4896839121,0.008373852417,0.4665773166,-0.003773479513,0.1646933898,-0.003070901769,0.9863328129,-1.314930152,-0.09618903397,0.08790302148,2.201817043,-0.92324668,0.2392304715,-1.793003128,0.002792005547,-0.06498457734,1.814200395,-0.3224322335,0.003825385181,-0.1364447753,0.05293523599,0.06751392546,0.07575509459,0.3430730519,0.07244944526,0.701315756,-0.04872678397,-0.02869833906,-0.08338219125,0.1974328484,-0.1602541674,0.01291684585,0.6113849176,-0.00687974326,-0.01140930004,0.002801006765
0.4940964217,0.007860414285,0.4657592747,-0.003292374741,0.1637223824,-0.004269683377,0.986491719,-1.306505343,-0.09715850974,0.08411185031,2.214722479,-0.921995181,0.2281648159,-1.789997904,0.000832147303,-0.0553442864,1.801118356,-0.3276718321,0.001766791953,-0.137201157,0.05230204634,0.06597227455,0.07955988691,0.34134689,0.07118328756,0.7016122601,-0.04791522086,-0.02915260105,-0.08355236911,0.1967108397,-0.1605752123,0.0124143128,0.6121871047,-0.006348549384,-0.01039080224,0.002574019786
0.4982270186,0.007339230026,0.4651786596,-0.002708703789,0.1629982762,-0.005069474273,0.9866096114,-1.298601588,-0.09711276219,0.08149620597,2.225887534,-0.9199527357,0.2172629429,-1.786178792,-0.0006174276925,-0.0468864067,1.790393969,-0.3296697727,0.000510898682,-0.1382301457,0.05167062129,0.0642988562,0.08325803384,0.339757232,0.06991853417,0.701942868,-0.04715750787,-0.02957514001,-0.08375026581,0.1962439472,-0.1609271079,0.01185399752,0.612749472,-0.005790317662,-0.009491944575,0.002341633688
0.5019791977,0.006821924648,0.4649456524,-0.002146550172,0.1623243216,-0.005549971402,0.9867195168,-1.292294691,-0.09531736797,0.07962974325,2.235942028,-0.915901293,0.2050436862,-1.780137106,-8.934342748e-05,-0.04082738521,1.78384036,-0.3321573604,-0.0003329470494,-0.1393869736,0.05075648364,0.06290233171,0.08670424843,0.3383561373,0.06868007312,0.7022612204,-0.04628957622,-0.03000453588,-0.08390059113,0.1956367215,-0.1611498929,0.01126207436,0.6132570971,-0.005078771507,-0.008534144609,0.002086279173
0.5053716895,0.006406671924,0.4650618317,-0.00156865776,0.161705777,-0.00571607565,0.9868212135,-1.286264282,-0.09253409025,0.07850576317,2.243648178,-0.9104324836,0.1933209266,-1.774710172,0.0008157201192,-0.0367724921,1.781822573,-0.3353474129,-0.001741585638,-0.140581504,0.04977882166,0.06173333335,0.08977037659,0.3367053093,0.06747863897,0.7027168428,-0.04547429709,-0.03036763802,-0.08402727795,0.1950567243,-0.1616342046,0.01066344117,0.6135472183,-0.004388807857,-0.007666654645,0.001820504529
0.5084283778,0.006139420999,0.465555384,-0.001105133645,0.1610347398,-0.00579338633,0.9869311161,-1.280468879,-0.08877425334,0.07692315674,2.249086644,-0.9044239228,0.180822028,-1.769614748,0.002310658098,-0.03391998236,1.78273196,-0.3394833432,-0.003761353104,-0.1416361303,0.04869691256,0.06091630289,0.09261496491,0.334773228,0.06629300535,0.7032726096,-0.0445431445,-0.0307574405,-0.08411468697,0.1943201428,-0.1624058987,0.01001798396,0.6136337395,-0.003546023005,-0.006750622025,0.00160101899
0.5111593947,0.006061317539,0.4664153794,-0.0007310134676,0.1604372325,-0.00578796166,0.9870288038,-1.275189641,-0.08442487373,0.07441196913,2.252555897,-0.8985817121,0.1696564016,-1.76483424,0.003897150987,-0.03150621215,1.785058846,-0.3442998003,-0.005943784494,-0.1425140846,0.04762074059,0.06011692525,0.09526689286,0.3324339589,0.06509261607,0.7039215448,-0.04367510376,-0.03108946524,-0.08419371902,0.1935417743,-0.1636031837,0.009308017204,0.6135049951,-0.002747164716,-0.005934989197,0.001410640455
0.5136089168,0.006053692984,0.4676218517,-0.0004830596744,0.1598465009,-0.005727734917,0.987125147,-1.270067607,-0.07977312665,0.0693550636,2.252440728,-0.893914789,0.1594509642,-1.759765618,0.005740637652,-0.0294369597,1.787738224,-0.3496699346,-0.008447856504,-0.1431199054,0.04614239319,0.05945412898,0.09785168083,0.3300721173,0.06385423994,0.7045983845,-0.04270216284,-0.03140650713,-0.08425696329,0.1925412727,-0.1648983518,0.008510371189,0.6133158892,-0.00182515247,-0.005056882093,0.001279198205
0.5158006852,0.006123116266,0.4691282052,-0.000372203168,0.1593565165,-0.005526313494,0.9872055622,-1.26563962,-0.07492554861,0.0621100604,2.249693085,-0.8903882913,0.1508167147,-1.754238222,0.007812697158,-0.02731920862,1.789961885,-0.3554975286,-0.01099742364,-0.1435674073,0.04439059108,0.05857310876,0.10047308,0.327685323,0.06258028628,0.7052490175,-0.04179888744,-0.03166267804,-0.08433612774,0.1915780913,-0.1663594496,0.007675939775,0.6129541565,-0.0009639213133,-0.004265171954,0.001169106468
0.5177463167,0.006268264097,0.4709003118,-0.0003970806103,0.1588688832,-0.005227016753,0.9872857735,-1.26130432,-0.06998412624,0.05419955994,2.244355547,-0.8867551601,0.1414739995,-1.747718783,0.01035366562,-0.02497215867,1.791125552,-0.3617998241,-0.01370461368,-0.1440338346,0.04233818276,0.05764669828,0.1031473747,0.3255079518,0.06127074862,0.7058623201,-0.04076666529,-0.03190423225,-0.08441711575,0.190476248,-0.1677702492,0.006800941405,0.6125133633,3.779623756e-05,-0.003380302673,0.001137419134
0.519477554,0.006481431348,0.4728862372,-0.0006099993997,0.1585061283,-0.004643728904,0.9873468848,-1.257610353,-0.0651800001,0.04599999622,2.237683367,-0.8833959058,0.1329067371,-1.740231219,0.01336288596,-0.02206837413,1.790874299,-0.3686094382,-0.01617020493,-0.1447159126,0.04021064586,0.0562344864,0.1059218173,0.3235344843,0.05993397131,0.7064297987,-0.03979939227,-0.03209125511,-0.08452609617,0.1895974949,-0.1691808629,0.005921965275,0.6119022292,0.0009767281737,-0.002586010051,0.001120138432
0.5209868449,0.006740392176,0.4750155163,-0.0009730598785,0.1581797588,-0.003851272358,0.9874023419,-1.253668257,-0.06075301472,0.0388121639,2.229344059,-0.8777971727,0.1235860766,-1.732108772,0.01643944095,-0.01885897543,1.789205374,-0.375271565,-0.01864540406,-0.1456854256,0.03788332379,0.05460456395,0.1086633142,0.3218668126,0.05859597736,0.7069843106,-0.03873315962,-0.03224319592,-0.08460274053,0.1887626348,-0.1704526903,0.005048897331,0.611227871,0.002028248855,-0.001745269246,0.001197830393
0.5223078976,0.007048737327,0.4772405938,-0.001575606427,0.1579983496,-0.002743087754,0.9874343089,-1.24978801,-0.05685393121,0.03298627652,2.220413418,-0.8713129296,0.1148871134,-1.723559448,0.01948073003,-0.01534277818,1.786115589,-0.3816143284,-0.02068136224,-0.1469710403,0.03565793744,0.05237112472,0.11141416,0.3204272298,0.05727609541,0.7075177022,-0.03774407086,-0.03234197598,-0.08469120355,0.1883042308,-0.1716926814,0.00420753132,0.6104154048,0.003003534356,-0.001010309481,0.001287421861
0.5235169493,0.007362176666,0.4795018537,-0.002267570193,0.1577831206,-0.001523482074,0.9874700117,-1.245157025,-0.05296779046,0.02875176891,2.210908706,-0.8640357764,0.1055919533,-1.715256627,0.02191598915,-0.01199944095,1.782415143,-0.3867980752,-0.02237031166,-0.1483391725,0.0335386387,0.04998158823,0.1140664834,0.3190831787,0.05601843127,0.7081274917,-0.03673985967,-0.03235134802,-0.08476169744,0.1879774036,-0.1729745921,0.003418815781,0.6095866079,0.003989885903,-0.0002436692206,0.001455221617
0.5246385876,0.007671677007,0.4817664255,-0.003125366669,0.1576487797,-0.0001060435252,0.9874902952,-1.240203084,-0.04935671532,0.0259062067,2.20164803,-0.8573169598,0.09707622084,-1.707261416,0.0239258793,-0.008770112528,1.778116969,-0.3906546119,-0.02344365864,-0.1498375548,0.03174054814,0.0470792865,0.1166970229,0.3178405859,0.05481893445,0.7087601307,-0.03583445043,-0.03229932592,-0.08484035443,0.1880095369,-0.174302168,0.002678256752,0.6087402112,0.004873156539,0.0004306376626,0.001624902973
0.5257255062,0.007955101078,0.4839369003,-0.004039129276,0.1574837002,0.001269358874,0.9875125105,-1.234629013,-0.04576581443,0.02395437394,2.193050645,-0.8516279971,0.08831270828,-1.700278597,0.02546500174,-0.005895724732,1.773931294,-0.3927862258,-0.02415531188,-0.1514009885,0.03037222762,0.04423589233,0.1191987869,0.316616373,0.05372291648,0.7094765945,-0.03494450523,-0.03215916109,-0.0848768454,0.1881111355,-0.1756983289,0.002017299266,0.6079703613,0.005731465412,0.001120822573,0.001882473163
0.5267915774,0.008199548445,0.4859950596,-0.005039247807,0.1573690752,0.002677201973,0.9875233733,-1.228873118,-0.04244083143,0.02258697602,2.185282188,-0.8474155299,0.08038859747,-1.694145904,0.0267447245,-0.003224488126,1.769752184,-0.3931415024,-0.02448815632,-0.1530716247,0.02951047005,0.04120269079,0.1216006812,0.3154573898,0.05270424012,0.7102215043,-0.03415167175,-0.03197061406,-0.08491043016,0.1884474995,-0.1771050402,0.001407360116,0.6072790079,0.0064884846,0.00173371472,0.00213753037
0.5278641821,0.008436885006,0.4878646487,-0.006094312002,0.157185539,0.003821110398,0.9875428926,-1.222735851,-0.03930001029,0.02120708448,2.178618749,-0.8447468634,0.07213735319,-1.689513783,0.02724887351,-0.001284191199,1.765861588,-0.3924042011,-0.02467304621,-0.1549880455,0.02928640441,0.03847261728,0.1238042202,0.3141692317,0.0518586305,0.7110905897,-0.03352413741,-0.03166586487,-0.0849084091,0.1888187603,-0.1786413186,0.000907354093,0.6066870075,0.007087581338,0.002297576128,0.002437095227
0.5289503375,0.008654421158,0.4895376824,-0.007130152242,0.1569395273,0.004694900319,0.9875713157,-1.216375056,-0.03645478299,0.01991143825,2.173020873,-0.8435467535,0.06444560154,-1.686380597,0.02721796068,0.0003319005876,1.762087097,-0.3904891494,-0.02481509884,-0.1570597532,0.02949284342,0.0359542068,0.1257968,0.3128637651,0.05109706905,0.7120123354,-0.03301261334,-0.03131073279,-0.08490305302,0.1893357876,-0.1801818469,0.0004497404772,0.6062033065,0.007572107704,0.002779918408,0.00271588868
0.5300494144,0.008858894966,0.49101762,-0.008013217792,0.1565708035,0.005133643964,0.9876208876,-1.209580486,-0.03397767781,0.0185664875,2.168326381,-0.8437229019,0.05630598297,-1.68459311,0.0268530938,0.0009157189152,1.758279221,-0.3872475985,-0.02556065103,-0.1594422163,0.02999143882,0.03397730759,0.1274386056,0.3114010227,0.05049099989,0.7130024866,-0.0326873052,-0.03084174237,-0.08487056371,0.1898014158,-0.1818102585,0.0001049671,0.6058310877,0.007864348884,0.003209319894,0.003020893167
0.5311797268,0.00903576381,0.4922853701,-0.008639896262,0.156090769,0.005171341321,0.9876913897,-1.20247511,-0.03196473142,0.01747045661,2.164517722,-0.8450414657,0.04846855739,-1.684152053,0.02628583591,0.001209370922,1.753697414,-0.3824609881,-0.02662440918,-0.1620882489,0.03053577698,0.03236873632,0.1287452774,0.3099125411,0.04990690437,0.7139873249,-0.03245090086,-0.0303399298,-0.08484595636,0.1904247864,-0.1834071527,-0.0002119439115,0.6055259873,0.008065442027,0.003569318293,0.003298131432
0.5323227867,0.009190819566,0.4933075662,-0.008958112372,0.155540586,0.004756004769,0.9877774338,-1.195100043,-0.03039110687,0.01657450961,2.161526349,-0.8474657332,0.04034525536,-1.685221709,0.02534242938,0.001134644159,1.746448263,-0.3794373296,-0.02763034983,-0.1650559529,0.03102083878,0.03128316084,0.1296933863,0.308349393,0.04943444713,0.7149316285,-0.03241428994,-0.02974213876,-0.08480870301,0.1910867715,-0.1850428312,-0.0004144966981,0.6051589278,0.008070834396,0.003819177175,0.003580771457
0.5335102788,0.009292861898,0.4940397857,-0.008765210838,0.1548206371,0.003983590067,0.9878956789,-1.187296609,-0.02947841902,0.016380072,2.159367397,-0.8507661283,0.0325538781,-1.687814712,0.02403352914,0.0013921549,1.735857315,-0.3761867403,-0.02919583983,-0.168402837,0.03093905668,0.03066920216,0.1303138515,0.3069534993,0.0489299838,0.7157439615,-0.03243887201,-0.02914010692,-0.08479690866,0.1920640521,-0.1865391422,-0.0005926300643,0.6046999019,0.008015925826,0.003974680185,0.003829245539
0.5347366267,0.009341721333,0.4944243545,-0.008168763975,0.1539842861,0.003036374481,0.9880348634,-1.17936585,-0.02910029603,0.01674494723,2.158197295,-0.8549072612,0.02475464197,-1.691114741,0.02226387739,0.002212238539,1.722798441,-0.3744485863,-0.03093531152,-0.1721286713,0.03044556682,0.03040182424,0.1305982807,0.3056734729,0.04851427833,0.7164445424,-0.03263744406,-0.02848344419,-0.08479130108,0.1933279518,-0.1879977637,-0.0006791773757,0.6040977964,0.007792412435,0.003986719698,0.004059137587
0.5360283721,0.009327640085,0.4944655477,-0.007237065363,0.1530034876,0.001956655322,0.9881972117,-1.171274567,-0.02913955175,0.01767877949,2.158071176,-0.859703659,0.01745475107,-1.695226983,0.02014581324,0.003400107559,1.710420717,-0.3715180559,-0.03238895616,-0.1761414052,0.02968024356,0.03044973019,0.1305034317,0.3044978034,0.04811169715,0.7171147073,-0.03286229764,-0.02785274734,-0.08479760254,0.1949877013,-0.1893891991,-0.0007821328698,0.6034964563,0.007542265664,0.003913062633,0.004252400831
0.5373934545,0.009167056115,0.4943978358,-0.006329386778,0.1520849803,0.0009359860223,0.9883467112,-1.163417824,-0.02863169792,0.01862258495,2.158353018,-0.8648324543,0.0105509653,-1.699384838,0.01823824116,0.004436056126,1.702180636,-0.3680507789,-0.03354028777,-0.1799266573,0.02937277476,0.03070968443,0.1300085614,0.3031936897,0.04782532715,0.7178614449,-0.03321186841,-0.02717796788,-0.08480097744,0.1967923165,-0.1908102857,-0.0008520725907,0.6030137821,0.007158746883,0.003736586611,0.004408233101
0.5388307371,0.008866765218,0.4942375951,-0.005460269455,0.1513163305,-7.218072234e-05,0.9884703073,-1.155988078,-0.02767078666,0.01949998161,2.158959565,-0.8700789575,0.004304676305,-1.70354548,0.01658419896,0.005238150047,1.696997335,-0.3646580178,-0.03445878912,-0.1834002979,0.029579285,0.03100996344,0.1291895105,0.3017563198,0.04758953859,0.7186209937,-0.03356204055,-0.02653808797,-0.08479481381,0.1986881472,-0.192243195,-0.0009384363324,0.6027281624,0.006774477199,0.003550971599,0.004535614126
0.5402168251,0.008519965509,0.4941100429,-0.004820217913,0.1510750341,-0.001288427404,0.9885097063,-1.150469855,-0.02611867956,0.01996580069,2.160027038,-0.8748202866,-0.001482804003,-1.70494294,0.01556183671,0.006680243647,1.688631626,-0.370002569,-0.03601285682,-0.1863317172,0.03055557183,0.03097326987,0.1280173181,0.3001228164,0.04752161306,0.7193151668,-0.03402571832,-0.02591549284,-0.08478838379,0.2003977408,-0.1937440883,-0.0009956183675,0.6026195182,0.006297628206,0.003329343983,0.004605910401
0.5415659112,0.00810489168,0.494010275,-0.004114112129,0.1512537829,-0.002655052923,0.9884828364,-1.147136452,-0.02449692915,0.02039866534,2.161646813,-0.878005776,-0.006592348732,-1.704216501,0.01449350591,0.007741575723,1.680350505,-0.3758709368,-0.03712768004,-0.1889241431,0.03158327434,0.03067232051,0.1266107687,0.2985529032,0.04749820271,0.7198347891,-0.03447894153,-0.02536783316,-0.08478117715,0.201957858,-0.1950891982,-0.001053381475,0.6027007856,0.005840845894,0.003136241305,0.004647675432
0.5428718115,0.007652614347,0.4939781664,-0.003288547033,0.1516584723,-0.003859987962,0.9884199481,-1.145101323,-0.0231391759,0.02095158,2.163211925,-0.8798115459,-0.01134293054,-1.701903262,0.01313281606,0.008503746351,1.673218143,-0.3795866301,-0.03751945118,-0.1913261738,0.03235601102,0.02997343968,0.1251435044,0.2971286497,0.04756201873,0.7201568529,-0.03501047601,-0.02486904578,-0.08481066942,0.2033579835,-0.1962430449,-0.001074743356,0.6029071299,0.005320950061,0.002930760192,0.004624848535
0.5441370984,0.007154043188,0.4940051962,-0.002336556095,0.1520862194,-0.004889922526,0.9883523719,-1.143378587,-0.02204545269,0.02160367964,2.164136805,-0.8803555273,-0.01563980932,-1.70007362,0.01161901425,0.008973740815,1.667817183,-0.3789924121,-0.03704567364,-0.1935453218,0.03276697793,0.02930934601,0.1235793017,0.2959254362,0.04764476168,0.7202771829,-0.03551099933,-0.02445599386,-0.08484914211,0.2046013455,-0.1971553816,-0.001083668434,0.6031481048,0.004838214774,0.002754669275,0.004580621903
0.5453399379,0.006627796041,0.4941446302,-0.001439582207,0.1524186041,-0.005583817383,0.9882992045,-1.141583291,-0.02110316597,0.02211351995,2.164120791,-0.8799108658,-0.01948942775,-1.699106573,0.01006841796,0.009265686273,1.66470405,-0.3764825993,-0.03560379483,-0.1955715304,0.03311262885,0.02892526005,0.1219061263,0.294881243,0.0478469369,0.720258402,-0.03610308604,-0.02408843,-0.08487099375,0.2056033855,-0.1978750783,-0.001029049812,0.6033381041,0.004291874939,0.002487458376,0.004513084525
0.5464762383,0.006084251695,0.494401104,-0.0007032671875,0.1526900094,-0.006013221108,0.9882555882,-1.139844813,-0.0201243796,0.02231239329,2.163288727,-0.878484223,-0.02283072756,-1.69881721,0.008673063286,0.009224730778,1.663418724,-0.373146534,-0.03386925636,-0.1972680688,0.03363873195,0.02880628743,0.1201511415,0.2939359033,0.0481064362,0.7201323116,-0.03666253288,-0.02379585716,-0.08487131798,0.206321363,-0.1984626171,-0.0009280979257,0.6034551791,0.0037855456,0.002213230715,0.004452319981
0.5475394933,0.005547862436,0.4947740824,-0.0001760191398,0.1528888264,-0.006229973302,0.9882237415,-1.137957061,-0.01904883037,0.02219539694,2.161799565,-0.8765245841,-0.02587494743,-1.698917707,0.00742218252,0.008869917497,1.663723207,-0.3705611107,-0.03196724347,-0.1986872325,0.03444033497,0.0289930894,0.1184115199,0.2930411778,0.048392517,0.7199258772,-0.03719625986,-0.02356778174,-0.0849176755,0.2067353898,-0.1989598928,-0.0008199296144,0.6035227785,0.00332215701,0.001956138982,0.004327555415
0.5485323121,0.005024211137,0.4952618653,0.0001266113552,0.1531028822,-0.006281582264,0.9881902819,-1.136126545,-0.0178546919,0.02174540113,2.15986506,-0.8742545588,-0.02851495705,-1.699099269,0.006369991365,0.008210628129,1.66486234,-0.3688624923,-0.03002460912,-0.1997630796,0.03558651457,0.02928192486,0.1167613701,0.2921789729,0.04866099929,0.7196508097,-0.03766689631,-0.02340515017,-0.08496891213,0.2068629825,-0.1993968436,-0.0007022685614,0.6035327924,0.002922091048,0.001728803773,0.004199980594
0.5494617015,0.004525165192,0.4958296999,0.0002466153328,0.1533131364,-0.006221759846,0.9881580395,-1.134197462,-0.01656763826,0.02108107605,2.157694302,-0.8720460497,-0.03089224378,-1.699124013,0.005407407725,0.007335773111,1.666570697,-0.3688247658,-0.02801578855,-0.200587148,0.03699557204,0.02964060094,0.11526535,0.2913687487,0.0488996775,0.719317952,-0.03809449574,-0.02330229872,-0.08507443475,0.2067478771,-0.1997714076,-0.0006030922237,0.6035110708,0.002579713066,0.001537300895,0.004022075359
0.550333746,0.004049898525,0.4964689467,0.0002217866113,0.1536107293,-0.006081057036,0.9881127038,-1.132403043,-0.01524071476,0.02024060918,2.155373317,-0.8700413632,-0.03293067327,-1.698746423,0.004567039685,0.006284305934,1.668191783,-0.3703932744,-0.02628012933,-0.2011263874,0.03861527899,0.02981563271,0.1140008743,0.2906276005,0.04908943839,0.7189342068,-0.03846406927,-0.02324917223,-0.08518830779,0.2064513083,-0.2000867408,-0.0005064968348,0.6034390708,0.002292230994,0.001373082697,0.003849325305
0.551156711,0.00360287844,0.4971367143,0.0001335718569,0.1539662635,-0.005902289911,0.9880584673,-1.13065851,-0.01393672222,0.0193723729,2.153014679,-0.8683912137,-0.0347626314,-1.697810065,0.00377065952,0.005188115004,1.669501878,-0.3738340798,-0.02485990185,-0.2014721839,0.04027615636,0.02978659569,0.1129825146,0.2899899686,0.04923379002,0.7185122367,-0.0387963309,-0.02324027675,-0.085353881,0.2060406325,-0.2003302278,-0.0004301188263,0.6033357487,0.002051525352,0.001240486004,0.003643170087
0.5519381235,0.003179602692,0.4978182409,2.989821519e-05,0.1544283689,-0.005687443314,0.9879876168,-1.129130549,-0.01273161372,0.01853341612,2.150630316,-0.8670986011,-0.03634767091,-1.696292643,0.003034135971,0.004145654628,1.670098491,-0.3785499423,-0.02386654206,-0.2016317091,0.04188983129,0.02938411568,0.1122610925,0.2894843413,0.04933053214,0.7180585509,-0.03908151397,-0.02326303181,-0.08552480072,0.2055932128,-0.2004987073,-0.0003557597681,0.60317125,0.00185184222,0.001123166861,0.003448951675
0.5526830788,0.002780395444,0.4984782486,-2.545701588e-05,0.1549193071,-0.00545054446,0.9879120908,-1.127659007,-0.01168513441,0.01784007153,2.148272083,-0.8661742358,-0.03778179978,-1.694373599,0.002304341217,0.003285025815,1.670119934,-0.3840528507,-0.02301856237,-0.2017013801,0.04330707759,0.02873483086,0.1117754989,0.2891369299,0.04939363931,0.7175963625,-0.03933611085,-0.02331445776,-0.08574025392,0.2051473968,-0.20057554,-0.000300128098,0.6029686011,0.001688925529,0.001024395628,0.003233773589
0.5533969107,0.00240213752,0.4991054952,-2.638022645e-05,0.1554279566,-0.005174099001,0.9878336795,-1.126294718,-0.01082524423,0.01729200581,2.145968348,-0.8655416205,-0.03903966757,-1.692324353,0.001573642005,0.002613926803,1.669644042,-0.3894003383,-0.02233889541,-0.2017020163,0.04451460491,0.02783721094,0.1115233098,0.2889480832,0.0494320767,0.7171441819,-0.03955295642,-0.02337964234,-0.08595274671,0.2047514735,-0.2005762182,-0.0002499896728,0.6027101185,0.001556163995,0.0009297689226,0.003033521265
0.5540775631,0.002047628212,0.4996873581,3.261606153e-05,0.155878495,-0.004874071168,0.9877642113,-1.124880032,-0.01013248165,0.01690696448,2.143744812,-0.8651533263,-0.04020398362,-1.690405266,0.0008343106396,0.00214435972,1.669053507,-0.3942738818,-0.02160364408,-0.2016881364,0.04548415346,0.02689781263,0.1113978206,0.288894866,0.04946356824,0.7167330491,-0.03974873431,-0.02345377317,-0.08619436326,0.2043909145,-0.2005097129,-0.0002160979214,0.602431494,0.001445796087,0.0008455815267,0.00282370507
0.5547279214,0.001717964612,0.5002206796,0.0001182425934,0.156267595,-0.004545728669,0.9877042883,-1.123469564,-0.009570952,0.01662903186,2.141647043,-0.8649209709,-0.04124160951,-1.688754149,9.913108522e-05,0.001800400407,1.668510235,-0.3983205252,-0.02090128398,-0.2016498537,0.04629620412,0.02593157724,0.1113876056,0.2889429165,0.04949595401,0.7163807538,-0.03991567962,-0.02352520241,-0.08642085876,0.2040827415,-0.2004119716,-0.0001896069973,0.6021349921,0.001355418336,0.0007640857089,0.00263195885
0.5553460877,0.001415841307,0.5007058146,0.0002148931618,0.1565606509,-0.004210509262,0.9876593482,-1.121953107,-0.009092444167,0.01643748265,2.139660362,-0.8648171205,-0.04219462735,-1.687407963,-0.0006002591228,0.001566351745,1.668270361,-0.4018022138,-0.02005652644,-0.2016005992,0.04698697488,0.0250650129,0.1114072842,0.2890564003,0.04953970503,0.7161022943,-0.04006692542,-0.02359319522,-0.08666273905,0.2037931623,-0.2002936155,-0.0001763740613,0.6018586599,0.001280295549,0.000694391868,0.002438525754
0.5559343369,0.001143997343,0.5011431382,0.0002894542105,0.1567859939,-0.003875954917,0.9876249517,-1.120431759,-0.008657710693,0.01627154822,2.13783026,-0.8647873694,-0.04303792204,-1.686323886,-0.001246968648,0.001353930001,1.668303561,-0.4047334547,-0.01922534375,-0.2015168058,0.04764845276,0.02424580954,0.1114698335,0.2891976815,0.04959387976,0.7158972573,-0.04019613929,-0.02365040974,-0.08688203305,0.2035335368,-0.2001892676,-0.0001687377524,0.6016062365,0.001218625674,0.0006327011793,0.002265025728
0.5564922166,0.0009019221471,0.5015381494,0.0003391158476,0.1569389598,-0.003557374274,0.9876018393,-1.118844998,-0.00824748695,0.01611839868,2.136115188,-0.8648313955,-0.04380028589,-1.685429629,-0.001814537403,0.001167778094,1.668667261,-0.4074804195,-0.01829053864,-0.2014069727,0.04829698671,0.02352178849,0.1115274908,0.2893463782,0.04966076363,0.7157581375,-0.04031501947,-0.02370029998,-0.08710769066,0.2032781034,-0.2000978087,-0.0001683658182,0.6013969563,0.001166021955,0.0005845204394,0.002096719436
0.5570219253,0.0006913922957,0.5018908642,0.0003498289589,0.1570569473,-0.003261891463,0.9875840992,-1.117297244,-0.007849081016,0.01594707018,2.134556214,-0.8649352325,-0.04446541578,-1.684646669,-0.002299212756,0.0009553311179,1.669208006,-0.4100559628,-0.01740947834,-0.2012576223,0.04898316908,0.0228105707,0.1116074407,0.2894815101,0.04973291772,0.7156721321,-0.04041743975,-0.02373944384,-0.08730933104,0.2030431409,-0.2000385652,-0.0001702606954,0.6012269105,0.001122084458,0.0005467817471,0.001948616863
0.5575227299,0.0005097376724,0.5022069758,0.0003341609846,0.1571427327,-0.002993611114,0.9875713079,-1.1157426,-0.007471166602,0.01576690986,2.133102138,-0.8651315229,-0.04506938217,-1.683913246,-0.00269034648,0.0007511102234,1.669902825,-0.4127115122,-0.01649856741,-0.2010817408,0.04968494222,0.02213529744,0.1116835189,0.2895995744,0.04981056092,0.7156239784,-0.04051695488,-0.02376991934,-0.08751514897,0.202814148,-0.2000017189,-0.000173879617,0.6010972924,0.001078544192,0.0005215370464,0.001806054681
0.5579966815,0.0003574719111,0.5024851959,0.0002911491557,0.1572254279,-0.002753620793,0.9875588578,-1.114265109,-0.007118757621,0.01557395866,2.131789746,-0.8654256764,-0.0455941211,-1.683187973,-0.002998959479,0.0005351131337,1.670595747,-0.4153513412,-0.01568111237,-0.2008796924,0.05041902674,0.02142540217,0.111780949,0.2896934416,0.049884575,0.7156007177,-0.04060457303,-0.02379260224,-0.08769942202,0.2026107753,-0.1999947701,-0.0001779006762,0.6009987885,0.00103987213,0.000504736919,0.001681135001
0.5584454245,0.0002297458989,0.5027314757,0.0002417122104,0.1572941971,-0.002538104534,0.9875484976,-1.11281131,-0.006811865869,0.0153976995,2.13057472,-0.8658248427,-0.04604971507,-1.68244971,-0.003231406211,0.0003657240685,1.671303894,-0.4181024981,-0.01481007687,-0.2006681282,0.05114467466,0.02071251997,0.1118805013,0.2897777335,0.04995660962,0.7155897309,-0.04068958218,-0.02381136504,-0.08788839057,0.2024217997,-0.1999962414,-0.0001825848428,0.6009258649,0.001001685175,0.0004965509413,0.001562048487
0.5588707993,0.0001265373415,0.5029442123,0.0001855322454,0.1573669617,-0.002344691937,0.9875373954,-1.111441159,-0.006552619016,0.01523633975,2.129490734,-0.8663302372,-0.04643472462,-1.681706287,-0.003405890436,0.0002216870173,1.671927943,-0.4207757618,-0.01400748001,-0.2004512256,0.05187217425,0.01995133107,0.1119982174,0.2898476415,0.05002064959,0.7155848255,-0.04076433217,-0.02382681696,-0.0880586741,0.2022653653,-0.2000115038,-0.0001871015841,0.6008700371,0.0009678920385,0.0004927395936,0.001457920079
0.5592723909,4.299514632e-05,0.5031322766,0.0001378746502,0.1574261867,-0.002168775678,0.9875283657,-1.110164176,-0.006351968618,0.01510934536,2.1285374,-0.8668628809,-0.04676720168,-1.680968432,-0.003528756682,0.0001433930582,1.67252603,-0.4234302758,-0.01315487261,-0.2002419618,0.05256345103,0.01920110526,0.1121103087,0.2899170098,0.05008211661,0.7155795887,-0.04083963928,-0.0238393199,-0.08823255427,0.2021242318,-0.2000236005,-0.0001909157969,0.6008241611,0.000931378976,0.000492848217,0.001357403648
0.5596516958,-2.090174359e-05,0.5032951988,9.648806863e-05,0.1574800311,-0.002008345806,0.9875201249,-1.109001644,-0.006203914673,0.01501605218,2.127728555,-0.8674047413,-0.04704897993,-1.68025885,-0.003615364027,0.0001080798188,1.673054234,-0.4258841047,-0.01236321327,-0.2000419372,0.05322876169,0.01844073477,0.1122242588,0.2899793848,0.05013703112,0.7155752712,-0.04090667327,-0.0238501168,-0.08838901611,0.2020101748,-0.2000375414,-0.0001941179298,0.6007865813,0.0008981497147,0.0004937973405,0.001268891363
0.5600101181,-7.018308052e-05,0.503441387,7.128968352e-05,0.1575106198,-0.001860490421,0.9875155382,-1.107878743,-0.00610598812,0.01497054529,2.127001162,-0.8679327086,-0.04729014702,-1.679590017,-0.003677270038,0.0001460696731,1.673598541,-0.4282212591,-0.01150285465,-0.1998555734,0.05384056507,0.01772035564,0.1123229161,0.2900477783,0.05019259618,0.7155734245,-0.04097510621,-0.02385836643,-0.08854834823,0.2019051827,-0.2000381971,-0.0001957006492,0.6007571789,0.0008615950192,0.0004965198667,0.001182339732
0.5603492925,-0.0001041263463,0.5035706002,5.240182686e-05,0.1575295583,-0.001725182931,0.9875127641,-1.106829415,-0.006042486741,0.01495940435,2.126366391,-0.8684282355,-0.04749581745,-1.678973566,-0.003723887537,0.0002168188795,1.67412206,-0.430321756,-0.01068949216,-0.1996788377,0.05442892103,0.01701374479,0.1124155964,0.2901093495,0.05024459342,0.7155753599,-0.04103625008,-0.02386509541,-0.08869114522,0.2018208351,-0.2000372517,-0.0001950255384,0.6007333393,0.0008282007666,0.0004992801621,0.001106009297
0.5606700891,-0.0001262966731,0.5036881796,3.960910411e-05,0.1575297561,-0.001599064407,0.9875129454,-1.105784261,-0.006001218855,0.01498230278,2.12575943,-0.8689122896,-0.04766893174,-1.678413899,-0.003763495329,0.0003323500827,1.674690697,-0.4323127986,-0.009808368622,-0.1995135652,0.05498951016,0.01635057212,0.1124929527,0.2901727822,0.05029956571,0.7155799097,-0.0410999927,-0.02386956892,-0.08883566892,0.201741843,-0.2000271325,-0.0001913071856,0.600713754,0.000791131862,0.0005028631532,0.001030886557
0.5609739514,-0.0001358265078,0.5037937535,2.331207947e-05,0.1575247787,-0.001483868826,0.9875139197,-1.104787064,-0.005969361282,0.01502285126,2.125198454,-0.8693783719,-0.04781445507,-1.677904575,-0.003800139335,0.0004506789854,1.675252508,-0.434119349,-0.008973665147,-0.1993534138,0.05555184798,0.01570018025,0.1125660896,0.2902262498,0.05035222974,0.715586731,-0.04115742297,-0.02387308128,-0.0889646264,0.2016785318,-0.2000193653,-0.0001845027683,0.6006965754,0.0007571313372,0.0005059678788,0.0009648031705
0.561261414,-0.0001367046945,0.5038922361,5.322454774e-06,0.1575075028,-0.001373990225,0.9875168346,-1.103826738,-0.005940660737,0.01508597211,2.124665373,-0.86980475,-0.04791107361,-1.677432956,-0.003841201377,0.0005898260287,1.675854846,-0.4358812653,-0.008057418087,-0.1992032354,0.05610679005,0.01509135815,0.1126271272,0.2902823321,0.05040531136,0.7155917103,-0.0412165983,-0.02387266487,-0.0890988646,0.2016160076,-0.2000034023,-0.0001755188097,0.600683009,0.0007191824837,0.0005127809724,0.0008969159568
0.5615337967,-0.0001284688751,0.5039833313,-1.824264254e-05,0.1574902687,-0.001273169606,0.9875197183,-1.102933391,-0.005909578337,0.01515904135,2.124177621,-0.8701907245,-0.04797792963,-1.67698439,-0.00388628455,0.0007158359557,1.676433877,-0.4375285461,-0.007182540348,-0.1990549863,0.05666876739,0.01449349625,0.1126870179,0.290332876,0.05045513877,0.7155957158,-0.04126970415,-0.0238715895,-0.0892200486,0.2015637507,-0.199986776,-0.0001637955636,0.6006730725,0.000684273603,0.0005201035291,0.0008362728288
0.5617908969,-0.0001145817297,0.504068973,-4.473328326e-05,0.1574685767,-0.001177734968,0.9875232951,-1.102082818,-0.005873037774,0.01524431747,2.123716386,-0.8705452559,-0.04801541362,-1.676554619,-0.003935575168,0.0008449018362,1.67702409,-0.4391769904,-0.006260262602,-0.1989103364,0.05722179431,0.01392780451,0.1127365391,0.2903912246,0.05050744226,0.7155938715,-0.04132617291,-0.02387033788,-0.08934394376,0.2015080606,-0.1999589218,-0.0001501951284,0.6006671984,0.0006462886872,0.0005281977884,0.0007745419241
0.5620339264,-9.472367756e-05,0.504148657,-7.518050487e-05,0.1574522987,-0.00109009311,0.9875259894,-1.10129913,-0.005832076961,0.01533514545,2.123294579,-0.8708716247,-0.04803637944,-1.676134905,-0.003988775885,0.0009548314039,1.677566832,-0.440742678,-0.005397671286,-0.1987647113,0.05777319664,0.01336808835,0.1127853928,0.2904511128,0.05055864391,0.7155875636,-0.04137745631,-0.02387049354,-0.08945495626,0.2014584056,-0.1999263159,-0.0001334737676,0.6006635781,0.0006116250579,0.0005356666423,0.0007196533756
0.5622639377,-7.211754744e-05,0.5042241705,-0.0001031640789,0.1574316527,-0.001006429924,0.9875293672,-1.100546446,-0.005788458345,0.01544680804,2.122892375,-0.8711737325,-0.04801824452,-1.675722462,-0.004050402357,0.001075672463,1.678107069,-0.4423186528,-0.004470325239,-0.1986220237,0.05830277413,0.01283555266,0.1128247049,0.2905270277,0.05061184939,0.7155738724,-0.04143073348,-0.02387000902,-0.08957083356,0.2014021919,-0.1998760734,-0.000114889588,0.600665271,0.0005747051892,0.0005455408475,0.0006618837651
0.5624821755,-4.641418769e-05,0.5042949021,-0.0001305877042,0.1574156919,-0.0009287723461,0.9875319844,-1.099848253,-0.005743354555,0.01556758074,2.122522114,-0.8714541037,-0.04798439198,-1.675317013,-0.004120033086,0.001181958064,1.678595868,-0.443809435,-0.003594043823,-0.1984780792,0.0588199287,0.01230611673,0.1128635269,0.2906112802,0.05066481851,0.715555382,-0.04147872443,-0.02387099229,-0.08967540348,0.2013495473,-0.1998161806,-9.237496428e-05,0.6006687047,0.0005412819954,0.0005554216826,0.0006099871444
0.5626880476,-1.902262181e-05,0.5043617521,-0.0001548432268,0.1573989567,-0.000855902018,0.9875347143,-1.099171313,-0.005700306834,0.01570118701,2.122164114,-0.8717356069,-0.04793551531,-1.674926158,-0.00419566011,0.001292387674,1.67906906,-0.445285275,-0.002692781323,-0.1983356389,0.05930979415,0.01179992052,0.112893857,0.2907107944,0.05072122549,0.715530304,-0.0415295429,-0.02387281331,-0.0897832539,0.2012915409,-0.1997405751,-6.709651115e-05,0.6006749527,0.000505907634,0.000566551588,0.0005562050784
0.562882619,1.048613148e-05,0.5044240993,-0.0001786984557,0.1573881435,-0.0007886915048,0.9875364896,-1.098538398,-0.005659498653,0.01583782796,2.121828919,-0.8720185014,-0.04788396481,-1.674553646,-0.00427655316,0.001386234536,1.679492247,-0.4466596152,-0.001860769907,-0.1981926116,0.0597832341,0.01129930111,0.1129230958,0.2908177329,0.05077845279,0.7155012005,-0.04157564881,-0.02387652427,-0.08987996805,0.2012368162,-0.1996576179,-3.768349784e-05,0.6006803046,0.0004739555764,0.0005769383316,0.0005082957851
0.5630695965,4.088587903e-05,0.5044795896,-0.0002037352336,0.1573825303,-0.0007280762955,0.9875374259,-1.097776386,-0.00561200793,0.01598214794,2.121397847,-0.8724761752,-0.04781025608,-1.674224483,-0.00435536531,0.001482650016,1.679920885,-0.4480087475,-0.0009767763523,-0.1980463104,0.06024781039,0.01079525804,0.112958092,0.2909334969,0.05083682207,0.7154670423,-0.04162319295,-0.02388066911,-0.08998072523,0.2011866898,-0.1995675402,-4.416580891e-06,0.6006847692,0.0004410731483,0.0005886993726,0.0004588354255
0.5632496576,7.315104015e-05,0.5045266472,-0.0002393026928,0.1573924534,-0.0006718010151,0.9875358763,-1.096959487,-0.005557422987,0.0161081944,2.120913333,-0.8731207115,-0.04772912421,-1.673944526,-0.004437859682,0.001545159719,1.680319868,-0.4492543315,-0.0001451751778,-0.1978984203,0.06073188521,0.01026647912,0.1130056522,0.2910474252,0.05089358594,0.715428559,-0.04166595076,-0.02388645662,-0.0900715091,0.2011497736,-0.1994831556,3.230618291e-05,0.600681878,0.0004116913661,0.0005990243972,0.0004151887358
0.5634198143,0.0001046436876,0.504570604,-0.0002746383469,0.1573965331,-0.0006137797027,0.9875352547,-1.096278257,-0.005518582991,0.01622684345,2.120532554,-0.8737289394,-0.04761825962,-1.673681947,-0.00452489609,0.001603171189,1.680722701,-0.4504588645,0.0007045123085,-0.1977637283,0.06119854196,0.009774507896,0.1130437657,0.2911704018,0.05095037353,0.715386211,-0.04171131637,-0.02389153034,-0.09016749718,0.2011029977,-0.1993910645,6.641389841e-05,0.6006812624,0.0003796355019,0.0006100804148,0.0003678118698
0.5635795618,0.0001348199546,0.5046134012,-0.0003018224475,0.1573911097,-0.00055774126,0.9875361444,-1.095772685,-0.005498366966,0.01634743287,2.120299431,-0.8741964846,-0.0474990797,-1.67341608,-0.004612443173,0.001655299482,1.681101006,-0.4515670217,0.001484977864,-0.1976372245,0.06162619874,0.009327111071,0.1130683414,0.2913020508,0.05100754233,0.7153465376,-0.04175245684,-0.02389704754,-0.09025427059,0.2010441934,-0.1992878554,9.897436912e-05,0.6006883968,0.0003503442988,0.0006204678367,0.000324168563
0.563731313,0.0001620222115,0.5046559664,-0.0003182660701,0.1573753175,-0.0005065896781,0.9875386835,-1.095328307,-0.005491003863,0.01647699616,2.120124133,-0.8745601581,-0.04737171379,-1.673152339,-0.004685604188,0.001722310439,1.681484471,-0.4526412649,0.002270911918,-0.1975130718,0.06200841759,0.008919869398,0.113083969,0.2914423962,0.05106637984,0.7153101238,-0.04179557614,-0.02390259409,-0.09034373862,0.200974637,-0.199172899,0.0001312328096,0.6007042632,0.0003195494225,0.0006326397445,0.0002786264102
0.5638763238,0.0001869660565,0.5046981134,-0.0003278852854,0.1573565003,-0.0004620002739,0.9875417008,-1.094935428,-0.005490503398,0.01660726299,2.119975611,-0.8748170739,-0.04725515785,-1.672887833,-0.004745950677,0.001784955984,1.681842317,-0.4536345783,0.002985438771,-0.1973873649,0.06235989395,0.008533735242,0.1130986556,0.2915813364,0.05112496006,0.7152788043,-0.04183449414,-0.02390832764,-0.09042375468,0.2009037409,-0.1990560711,0.0001653163939,0.6007229525,0.0002918075836,0.0006450411551,0.0002379606835
0.5640161812,0.0002090358904,0.5047386669,-0.0003338999586,0.1573359452,-0.0004229641909,0.9875449914,-1.09453382,-0.00549260847,0.01673548282,2.119798789,-0.8750149882,-0.04713906827,-1.672632968,-0.004787880842,0.001853015737,1.682199802,-0.4546020126,0.003702419669,-0.1972602949,0.06269028595,0.0081640793,0.1131150338,0.2917183195,0.05118345654,0.7152496883,-0.04187514164,-0.02391455224,-0.09050532923,0.200831884,-0.1989399668,0.0002003160772,0.6007418394,0.0002631857704,0.0006583800528,0.0001970016449
0.5641515386,0.0002289395806,0.5047769785,-0.000340884017,0.1573193761,-0.0003886514721,0.9875476427,-1.094146141,-0.005495075569,0.01685066939,2.119602353,-0.875158363,-0.04703345886,-1.672385526,-0.004818323231,0.001905331865,1.682530162,-0.4554989873,0.004353446522,-0.1971326877,0.06301489744,0.007797901673,0.1131385876,0.2918456,0.05123941482,0.7152228411,-0.04191184142,-0.02392111275,-0.09057811895,0.2007655082,-0.1988330916,0.0002361758386,0.6007562389,0.0002375399942,0.0006706118194,0.0001610420354
0.564282098,0.0002465665171,0.5048121059,-0.0003502486512,0.1573067198,-0.0003589428282,0.9875496668,-1.093750057,-0.005497856379,0.01695042573,2.119379941,-0.8752883533,-0.04693434302,-1.672153704,-0.004832760344,0.001949115665,1.682849964,-0.4563654974,0.004986768355,-0.1970060157,0.06333465725,0.007440634313,0.1131662378,0.291966299,0.05129453081,0.7151948101,-0.04194892924,-0.02393113221,-0.0906478924,0.2007004393,-0.1987336673,0.0002706369948,0.600765236,0.0002138838923,0.0006798983364,0.0001280030082
0.5644080482,0.0002622114908,0.5048437868,-0.0003626919202,0.1573003036,-0.0003323343432,0.9875506936,-1.093375563,-0.005502563174,0.01703203039,2.119161745,-0.8754058958,-0.04684328329,-1.671935717,-0.004838564823,0.001973539957,1.683141485,-0.457161905,0.005551709511,-0.1968829468,0.06365344956,0.007086956933,0.1131994803,0.2920768088,0.0513466628,0.7151667627,-0.04198211941,-0.02394240207,-0.09070872912,0.2006398336,-0.1986455759,0.0003033758549,0.6007680921,0.0001935050822,0.0006863055835,9.988422646e-05
0.5645304206,0.0002754460922,0.5048709154,-0.0003754939732,0.1572940518,-0.0003074619926,0.9875516927,-1.092996737,-0.005507436544,0.0171087294,2.118953207,-0.8755368334,-0.04673533654,-1.671735113,-0.004834313789,0.002000569004,1.683437436,-0.4579342022,0.006139433159,-0.196763833,0.06396820448,0.006743774856,0.1132323636,0.292184175,0.05139708851,0.7151367536,-0.04201583952,-0.02395644287,-0.09076861633,0.200577438,-0.1985623472,0.0003328689312,0.6007669927,0.0001742228262,0.0006896380886,7.294141593e-05
0.5646493137,0.0002863846047,0.5048937707,-0.0003880505255,0.1572903189,-0.0002837902706,0.9875522895,-1.092642809,-0.005514680395,0.01717648873,2.118780472,-0.8756739238,-0.04662557725,-1.671548768,-0.004827099398,0.002016780922,1.683719085,-0.4586401782,0.006683406756,-0.1966496457,0.06427907489,0.006405855515,0.1132654648,0.2922852193,0.05144484972,0.7151072168,-0.04204604441,-0.0239711176,-0.09082133673,0.2005154627,-0.1984863732,0.0003597144469,0.6007629889,0.0001574654421,0.0006906795208,4.945135429e-05
0.5647631276,0.0002951505396,0.5049132102,-0.0003985600434,0.1572875301,-0.0002626191221,0.9875527353,-1.092308009,-0.005525574267,0.01723786827,2.118644126,-0.8758275301,-0.04652020813,-1.671377901,-0.004811636308,0.002032128322,1.683993832,-0.4593067566,0.007208415436,-0.1965400933,0.06457514161,0.006086264167,0.113293212,0.2923833645,0.05149265709,0.71507681,-0.0420767398,-0.02398919726,-0.09087105534,0.2004491809,-0.1984136453,0.0003832528069,0.6007567996,0.0001423158394,0.0006881868129,2.794680548e-05
0.5648720915,0.0003018668057,0.5049296168,-0.0004062118469,0.1572869467,-0.0002433012499,0.9875528301,-1.092008458,-0.005541258749,0.01729432587,2.118549652,-0.8759838093,-0.04642425656,-1.67122144,-0.00479305054,0.002040886507,1.684250745,-0.4599046375,0.007673434387,-0.1964361801,0.0648560532,0.005781558713,0.1133161765,0.2924756233,0.0515387657,0.7150478036,-0.04210426784,-0.02400756937,-0.09091392199,0.2003812247,-0.1983464704,0.0004043329435,0.6007490227,0.0001293883816,0.0006839120097,9.485737179e-06
