-0.002845284185,-0.04175221448,0.1212474229,-0.5156522282,-0.4710901956,0.519805967,-0.4919131668,0.00411925,0.3973295155,1.161253476,0.4994145344,0.1635973309,-0.008070753782,0.0176455,-0.5856599773,-1.183192996,0.5650454176,0.2683545785,0.0751258166,-0.02618,-0.09481688436,0.07016008341,-1.951679,1.61218995,-0.3727147542,-0.1672403511,0.003755262833,0.2656977598,0.1449764869,-2.0726306,-1.55459445,0.4975047663,-0.2595701471,-0.1309115264,0.4157839198,-0.0927635527
-0.002884060594,-0.04176982677,0.1210921628,-0.5147763912,-0.4714676745,0.5198673751,-0.4924037076,0.002253027409,0.3979707073,1.151063242,0.4964011834,0.1634585004,-0.008949337523,0.0160646803,-0.5900548177,-1.183471431,0.5779715144,0.2646883616,0.07480899814,-0.02578230725,-0.09297439357,0.07151585586,-1.949355956,1.611590618,-0.372033798,-0.1654470891,0.003198996838,0.2627302675,0.1460981694,-2.070121853,-1.554338302,0.496913853,-0.2584702749,-0.1305065565,0.4130926024,-0.09377625917
-0.002978318821,-0.04179475869,0.1199371421,-0.5133353124,-0.4722292719,0.5199938224,-0.4930444164,0.001690414091,0.4009116132,1.141221869,0.4918206694,0.1632524161,-0.009574963528,0.0149798731,-0.5931889982,-1.184752337,0.5899976606,0.262638698,0.07441002778,-0.02461581118,-0.09030168022,0.07339992334,-1.947818193,1.611161953,-0.3714438377,-0.1639688377,0.003033672935,0.2606739527,0.1463167735,-2.067652888,-1.554556425,0.4962566227,-0.2577622931,-0.1306262083,0.4111785057,-0.09402707156
-0.00328115547,-0.04182345706,0.1177481622,-0.5121990564,-0.4726052956,0.5202716172,-0.4935724927,0.0002480445017,0.4013672117,1.126881357,0.4839542622,0.163030138,-0.009994478796,0.01458361673,-0.5972269175,-1.186748388,0.6050981028,0.2591059556,0.07401461286,-0.02356486705,-0.08960816693,0.07505019189,-1.945774322,1.610642199,-0.37100696,-0.1624684598,0.002598095432,0.2580486436,0.1474060268,-2.065069449,-1.554764095,0.4956626061,-0.2569361673,-0.1301881526,0.409024372,-0.0952086691
-0.003803226606,-0.0418653941,0.1145084378,-0.5111435958,-0.4728617113,0.5207327788,-0.4939346106,-0.001016051144,0.4011294228,1.111773558,0.4751676931,0.1625041781,-0.01024831663,0.01461765471,-0.6006796636,-1.188698743,0.6205027718,0.2558365346,0.07365420512,-0.02220779468,-0.09044262947,0.07638971519,-1.943436724,1.61029708,-0.3708308451,-0.1611519577,0.00213220787,0.2555000662,0.1486477898,-2.062475882,-1.554797514,0.495228786,-0.2561167803,-0.1296466987,0.4070289857,-0.09656716068
-0.004420051532,-0.04190484237,0.1101683383,-0.5103517171,-0.4728376413,0.5211826419,-0.494301875,-0.001954116555,0.401458754,1.098965519,0.4692262111,0.1618753124,-0.01062992151,0.01535257185,-0.6037846297,-1.187663886,0.6345332168,0.2511261136,0.0732797021,-0.02159261929,-0.09214883772,0.07712116535,-1.939912667,1.611054436,-0.3701089029,-0.1603911338,0.001092208157,0.2525863,0.1505418805,-2.060375923,-1.554396996,0.4952771387,-0.2550123027,-0.1282526915,0.4048540628,-0.09833279254
-0.005004200022,-0.04223614312,0.1051134265,-0.510621806,-0.4737810013,0.5207776253,-0.4935459443,-0.001671324148,0.4016479024,1.095075075,0.4614485474,0.1609217473,-0.0116790309,0.01779970985,-0.6054521269,-1.191479865,0.6429906791,0.2459593335,0.07348484526,-0.02122964524,-0.09423058744,0.07430581328,-1.935261943,1.613904752,-0.368533253,-0.1611876674,6.996258625e-05,0.2498130048,0.1526173546,-2.058497888,-1.554620444,0.4950228372,-0.2548652046,-0.1268131918,0.402769383,-0.10010416
-0.005524374862,-0.04310298415,0.1001241805,-0.5128662154,-0.4760904719,0.5182140539,-0.491691267,-0.003066888787,0.4017851978,1.098606767,0.4522142253,0.159316313,-0.01349941087,0.01941729323,-0.605568571,-1.199300902,0.6470086601,0.2388356008,0.07453958837,-0.02218417826,-0.09543161691,0.06805537146,-1.931330165,1.61855143,-0.3648872169,-0.1638927606,-0.001432659466,0.2461955848,0.1566001643,-2.057928091,-1.556439246,0.4927371627,-0.2563801009,-0.1248923576,0.4003431842,-0.1022091707
-0.00600365453,-0.0439838887,0.09652941871,-0.5153662427,-0.4780024452,0.5150126349,-0.4905846351,-0.004491390277,0.4024138258,1.103712585,0.4447993521,0.1576467849,-0.01499247417,0.02267780324,-0.6045245591,-1.206462155,0.6500852235,0.2316856153,0.07550201101,-0.02438754012,-0.09554699958,0.06335803435,-1.92869829,1.622229146,-0.3573792762,-0.1678941081,-0.001867983155,0.2421118657,0.1626186766,-2.056114795,-1.55862926,0.4889473369,-0.2588842362,-0.1265954764,0.3973169335,-0.1112504446
-0.006327567139,-0.04458238685,0.09514954803,-0.51645617,-0.4784357788,0.5132031631,-0.4909121544,-0.002838234581,0.4030490163,1.106883164,0.4410660867,0.1562051626,-0.01592276789,0.02899281342,-0.60410739,-1.209090439,0.654905618,0.2234636405,0.07698221019,-0.02685598291,-0.09526342985,0.06227203076,-1.92618257,1.623861579,-0.3521798648,-0.1703587506,-0.002486545128,0.2383177294,0.1682195235,-2.052794867,-1.560324175,0.4871303379,-0.2603124794,-0.1287690466,0.3942693104,-0.1218843291
-0.006512707899,-0.04495268112,0.09499888726,-0.5168361555,-0.4781399566,0.512194528,-0.4918529615,-0.000252040705,0.4037293807,1.107853323,0.4405926993,0.1553371123,-0.0165329294,0.03608832751,-0.6049784856,-1.207705412,0.6613165459,0.2160641096,0.07833098313,-0.02924240993,-0.0947071635,0.06276337602,-1.923684259,1.624540779,-0.3486221253,-0.171685233,-0.003265572834,0.2349544967,0.1731721571,-2.049442117,-1.561545511,0.4860319495,-0.2611519343,-0.1305852332,0.3916791731,-0.1315609042
-0.006541015002,-0.04511130945,0.09546599663,-0.5171348458,-0.4776005521,0.5115641118,-0.4927184018,0.001222393857,0.4040618022,1.10587906,0.4425480654,0.1546755152,-0.01708601899,0.04188287795,-0.6080769603,-1.20238823,0.6703847793,0.2080730801,0.07995432368,-0.03137882071,-0.09417577299,0.06286965466,-1.920525203,1.624518062,-0.3457236064,-0.1715652152,-0.004487671586,0.2311955749,0.1779110335,-2.046902783,-1.561971107,0.4853281415,-0.2605207565,-0.1312079454,0.3888025261,-0.1396706124
-0.006511580068,-0.04511603031,0.09615756347,-0.5174859769,-0.4768737679,0.5110851061,-0.4935500862,0.001233991536,0.4044506791,1.100852329,0.4463325824,0.1544918729,-0.01747733046,0.04625798641,-0.6134613707,-1.194191202,0.6814370292,0.2012350608,0.08129160536,-0.0334343653,-0.09376052363,0.06244690973,-1.91713681,1.623696696,-0.343450675,-0.1701760186,-0.005989419995,0.2268835126,0.1823721217,-2.045155156,-1.561919575,0.4846188219,-0.2584548804,-0.1308680659,0.385188754,-0.1456119891
-0.006409824138,-0.04499792727,0.09687032526,-0.5179317921,-0.4761889431,0.5107872549,-0.4940517477,-0.0005363889574,0.404709311,1.092761194,0.451173636,0.1545765629,-0.01791025602,0.04857475317,-0.6215599726,-1.184498839,0.695506215,0.1940866455,0.08262896531,-0.03505392704,-0.09360259847,0.06103615025,-1.913782011,1.622186344,-0.3417064688,-0.1677366266,-0.007830773134,0.2217363733,0.1866176332,-2.043877135,-1.56120461,0.484033743,-0.2549794304,-0.1293130899,0.3807084795,-0.1497767403
-0.006305146767,-0.04482941771,0.09752418259,-0.5182004785,-0.4756402729,0.51071155,-0.494376686,-0.003355200206,0.4054708763,1.082699211,0.4563505762,0.1549324821,-0.01823129366,0.0496138478,-0.6315251922,-1.174964446,0.7105991468,0.1880748228,0.08366853607,-0.03585796205,-0.09337879767,0.05955766903,-1.910921914,1.620084099,-0.3406123983,-0.1649624318,-0.009715915579,0.2165821509,0.1902987807,-2.042926292,-1.560076989,0.4831761235,-0.2513142806,-0.1270121465,0.3760409402,-0.1521325317
-0.00614742109,-0.04463324315,0.09804405975,-0.5183261796,-0.4753203079,0.510815942,-0.4944447895,-0.006985359536,0.406387352,1.07121426,0.4611520036,0.1551703947,-0.01870047633,0.04908575107,-0.6433034886,-1.165901907,0.72742865,0.1816756681,0.0847805597,-0.03577513361,-0.09297120735,0.05794582259,-1.908350323,1.61777126,-0.3396924306,-0.1620066146,-0.0120535437,0.2107783885,0.1937335002,-2.041686351,-1.558511308,0.4815974633,-0.2475176319,-0.1240808509,0.3713042661,-0.1533378723
-0.005958198165,-0.04444999972,0.09843206134,-0.51825585,-0.4751982914,0.5109201491,-0.4945281175,-0.01087606825,0.4078649436,1.059477678,0.4649691373,0.1553145819,-0.01913100032,0.0477167493,-0.6556864658,-1.158018314,0.743757211,0.1761156795,0.08575760258,-0.03510584788,-0.09193772196,0.05680591151,-1.906267603,1.615492226,-0.3390398488,-0.1595821254,-0.01450699036,0.2051059872,0.1966476684,-2.040072169,-1.556864795,0.4788794859,-0.2439975791,-0.1212995356,0.3669689872,-0.1540210491
-0.005721464811,-0.04428287539,0.09868099649,-0.5182092644,-0.475247397,0.5108955486,-0.4945551621,-0.01499402767,0.4093923172,1.04786578,0.4676793894,0.1550013972,-0.01966561555,0.04509099351,-0.6689838775,-1.151080563,0.7608006452,0.1700085609,0.08684293358,-0.03407498381,-0.09041465231,0.05569093947,-1.904162867,1.61334875,-0.3382111076,-0.1574462293,-0.0173060376,0.1989986709,0.1996525165,-2.038220217,-1.555135502,0.4751743579,-0.2408037159,-0.1183649945,0.3626014142,-0.1548171362
-0.005476250155,-0.04416830379,0.09884479241,-0.5181993209,-0.4753667858,0.5106145695,-0.494740987,-0.01905327296,0.4111616789,1.036969514,0.4691189352,0.1544602234,-0.02015511981,0.04189010677,-0.682112243,-1.145358136,0.7765190825,0.1645137265,0.08785285581,-0.03318194796,-0.08834849925,0.05500374653,-1.902411542,1.611431129,-0.3375757116,-0.1560485502,-0.02002255212,0.1931816147,0.2023376243,-2.03652841,-1.553900765,0.4711879379,-0.2381352173,-0.1157599083,0.3586189316,-0.1556743904
-0.005221210237,-0.04408329036,0.09895804947,-0.5183583123,-0.4755708339,0.5101029564,-0.4949060677,-0.02324715801,0.4127902557,1.026686189,0.4697145784,0.1536153018,-0.02083974869,0.03762938742,-0.695737403,-1.140274528,0.7922543007,0.1584702401,0.08893905681,-0.03259427268,-0.08618156456,0.05423770462,-1.900738084,1.609699112,-0.3368964613,-0.154742071,-0.02281662903,0.1869520246,0.2051511844,-2.03526184,-1.553148302,0.4674990351,-0.2356156839,-0.1130533669,0.3545770861,-0.1567661403
-0.004975757936,-0.04404652388,0.09906842621,-0.5185725164,-0.4758328025,0.5094193951,-0.4951338902,-0.0273097777,0.4144466608,1.017251001,0.4696456539,0.1526814909,-0.02147748962,0.03304063792,-0.7088407222,-1.135956887,0.8061267042,0.1528971034,0.08995985692,-0.03253330864,-0.08399152803,0.05372309079,-1.899541558,1.60830581,-0.3363874736,-0.1539090852,-0.02533896369,0.1811303103,0.2076223599,-2.03450473,-1.553150203,0.4645939532,-0.2332957909,-0.1106022221,0.3509732845,-0.157852273
-0.004708609715,-0.04402232483,0.09921296192,-0.5188574857,-0.4761955844,0.5087734597,-0.4951507261,-0.03124560332,0.4156706188,1.008311574,0.4694135243,0.1516158333,-0.02224881629,0.02770845665,-0.7221625991,-1.131849344,0.8196463844,0.1468580852,0.09117224234,-0.03266795772,-0.08220838549,0.05314444867,-1.898698146,1.607216867,-0.3356318009,-0.1530091177,-0.02796599604,0.1752382534,0.2102634128,-2.034243785,-1.553553728,0.4624589299,-0.231076672,-0.1078892952,0.3473201186,-0.1591038034
-0.004432495542,-0.04402706649,0.09941163732,-0.5190701238,-0.4766554378,0.5082130297,-0.4950609221,-0.03485967933,0.4167674814,1.000010097,0.4691690811,0.1506161015,-0.02293034528,0.02241228693,-0.7347392074,-1.128221096,0.8313394537,0.1412710284,0.09233336337,-0.03296558128,-0.08066201022,0.05284658541,-1.898342848,1.606646358,-0.3346286265,-0.1524770224,-0.03042442753,0.1698655265,0.2126130605,-2.034240183,-1.55430202,0.4608967596,-0.2290810502,-0.1054003086,0.3440100268,-0.1602688043
-0.004123920262,-0.0440183161,0.09967078175,-0.5192982705,-0.4772510646,0.5077914058,-0.4946803168,-0.03854539235,0.4175183253,0.9919545445,0.4692483584,0.1493291355,-0.02364484857,0.01678373631,-0.7478088164,-1.124667452,0.8430207042,0.1353892446,0.09351847713,-0.03310664873,-0.07950226378,0.05237800186,-1.898069872,1.606433086,-0.3331401422,-0.1517512776,-0.03297597217,0.1641851189,0.2152413213,-2.034417854,-1.555044252,0.4595364527,-0.2269991393,-0.1028112507,0.340398898,-0.1615015417
-0.003807691944,-0.04403055182,0.09998802186,-0.5193763075,-0.4779253168,0.5074774426,-0.4942694489,-0.04198834422,0.4184333258,0.9842500104,0.4695734263,0.148128342,-0.0242410346,0.01157833281,-0.7604937659,-1.121453352,0.8537046978,0.1301238581,0.09455999562,-0.0331373063,-0.07830805157,0.05230352624,-1.897912329,1.606780117,-0.3312820737,-0.1513295146,-0.0353856759,0.1589022377,0.2177222285,-2.034527287,-1.555794637,0.4580526943,-0.2251194543,-0.1005248327,0.3369910253,-0.1626459853
-0.003470114975,-0.04403844577,0.1003520188,-0.5193987035,-0.478662137,0.5072727762,-0.4937427224,-0.04543118095,0.4193495072,0.9763676052,0.4702088908,0.1469322144,-0.02496718667,0.006126476053,-0.7736874624,-1.118152598,0.8652406042,0.1246804327,0.09552479663,-0.03287172602,-0.07717006193,0.05227727264,-1.897570378,1.607294919,-0.3290287355,-0.150666394,-0.03782547204,0.1533225923,0.2205181573,-2.034469039,-1.556309013,0.4563138718,-0.2233352957,-0.09822720989,0.3333043018,-0.1639134882
-0.003140120178,-0.04407401068,0.1007567991,-0.5192238717,-0.4793927599,0.5071184293,-0.4933761764,-0.04855865213,0.4207421037,0.9684999995,0.4709855039,0.1459087921,-0.0255981379,0.00107211987,-0.7866301039,-1.115071092,0.8765702488,0.1199747326,0.09631462042,-0.03247441347,-0.07570219425,0.05287403875,-1.897133111,1.608178155,-0.3265622973,-0.1502367327,-0.04009775442,0.1481034609,0.2232016782,-2.034148149,-1.556736143,0.4541915815,-0.2218435644,-0.09624370523,0.3298042139,-0.1651339239
-0.002794215443,-0.04410397633,0.1012060462,-0.5189854265,-0.4801343033,0.5070085242,-0.493018797,-0.0517579913,0.4222852971,0.9603404644,0.4720309129,0.1447311739,-0.02628555876,-0.004429586136,-0.8005443958,-1.111981769,0.8891451517,0.1153286471,0.09692940552,-0.03181368313,-0.07408568342,0.05365923466,-1.896462255,1.609055573,-0.323878357,-0.1495547561,-0.04240380361,0.1425291005,0.2261927353,-2.033622893,-1.556913469,0.4517492424,-0.2203821697,-0.09429364011,0.3260065698,-0.1664877326
-0.002463324499,-0.04416090544,0.1016965724,-0.5185575485,-0.4808354039,0.5068874235,-0.4929102588,-0.0547117571,0.4244075986,0.9521926303,0.4731140783,0.1436655714,-0.02686460461,-0.009745204334,-0.814490368,-1.109095825,0.9014905557,0.1114201736,0.09739166696,-0.0311268619,-0.07203337669,0.0551544959,-1.895732368,1.610132917,-0.3211209683,-0.1490883958,-0.04454381662,0.137241453,0.2290343714,-2.032957425,-1.557109307,0.4490692911,-0.2191374366,-0.09261603221,0.3224294237,-0.1677890511
-0.002127833429,-0.04421604854,0.1022337461,-0.5180639246,-0.481569824,0.5067674168,-0.4928357332,-0.0577674062,0.4267776796,0.9438535249,0.4743633991,0.1425188984,-0.02765446437,-0.0159509966,-0.8292905046,-1.106206119,0.9148505041,0.107495839,0.09762144888,-0.03031155876,-0.06980703025,0.05679229183,-1.894937175,1.611074037,-0.3182664358,-0.1483079165,-0.04666225547,0.1315885198,0.2322080471,-2.03210674,-1.557087002,0.4464364823,-0.2177878539,-0.09096701002,0.3186571152,-0.1691901736
-0.001812087573,-0.04429884591,0.1028135402,-0.5173949376,-0.4822847743,0.5066250203,-0.4929857644,-0.06058573865,0.4297018696,0.9356496454,0.4755591965,0.1414951928,-0.02837691545,-0.0222417105,-0.8439387821,-1.103573959,0.9275214565,0.1041298124,0.09775524622,-0.02956128437,-0.06722285373,0.05906192088,-1.894267829,1.612123647,-0.3154327926,-0.1477052884,-0.04862137225,0.1262162582,0.2352081945,-2.031211745,-1.557174885,0.4438908717,-0.2165597535,-0.089511196,0.3151598855,-0.1704763715
-0.001481051512,-0.04437452508,0.1034347571,-0.5166827594,-0.483034609,0.5064809328,-0.493146588,-0.06349446683,0.4327896818,0.9273043775,0.4768553883,0.1402676482,-0.02908131512,-0.02934412394,-0.8594010602,-1.101148017,0.9408066744,0.1005746708,0.09767692346,-0.02886464057,-0.0645391224,0.0613433408,-1.893613401,1.613095974,-0.3126807181,-0.147005371,-0.05068753454,0.1204702998,0.2384217517,-2.030134182,-1.556969089,0.4417283162,-0.2152328069,-0.08792724698,0.311496758,-0.1718285029
-0.001158076261,-0.04446891563,0.1041049381,-0.5158189715,-0.4837787234,0.5063505576,-0.493455214,-0.06616019431,0.4362701893,0.9191516186,0.4780610902,0.1391259699,-0.02966493143,-0.03642141825,-0.8745796216,-1.099062609,0.9529193676,0.09737923579,0.09757384904,-0.02818148379,-0.06164226294,0.06413251814,-1.89312518,1.614106155,-0.3100410879,-0.1465848093,-0.0526440485,0.1149764802,0.2413994407,-2.029046563,-1.556869172,0.4397614503,-0.2140412372,-0.08645666442,0.3080675397,-0.1730050682
-0.0007948466061,-0.04454476611,0.104824213,-0.5149943591,-0.4845087131,0.506265852,-0.493687152,-0.06895797931,0.4394563147,0.9108418214,0.4792536154,0.1378946993,-0.03041798626,-0.0442402718,-0.8902417918,-1.09689754,0.9655202867,0.0940535125,0.09722345656,-0.02753990974,-0.05885972469,0.06683537393,-1.892636533,1.615007132,-0.3075472396,-0.1459949659,-0.05465118769,0.1093462853,0.2446384531,-2.027971759,-1.55645121,0.4381471795,-0.2128378227,-0.08488825069,0.3044633458,-0.174267817
-0.0004179708236,-0.0446295144,0.1055954608,-0.5140783994,-0.4852170449,0.5062532143,-0.493959008,-0.07154991491,0.442639607,0.9026499651,0.4803154278,0.1367799875,-0.03110922213,-0.0519309435,-0.9053134265,-1.094955116,0.9769601108,0.09106256082,0.09686595132,-0.02676819791,-0.05604811991,0.06990786152,-1.892174442,1.615865155,-0.3051119641,-0.1455863434,-0.0565260863,0.1040701927,0.2476508713,-2.026995531,-1.556099698,0.4365426992,-0.2118098686,-0.08346601859,0.3010200871,-0.1753994831
3.159113994e-06,-0.04468986526,0.1063996923,-0.5132622412,-0.4858983446,0.5062895243,-0.4941007873,-0.07433423069,0.4453274112,0.8943008699,0.4812709801,0.1355971596,-0.03176682825,-0.06031931606,-0.9204310132,-1.092791393,0.9887897327,0.0876532599,0.09630209636,-0.0260770238,-0.05346445499,0.07272516579,-1.891507903,1.616600205,-0.3026869727,-0.1450498449,-0.05849664067,0.09848771968,0.2510831609,-2.026043538,-1.555415926,0.4352080932,-0.2106869461,-0.08193233995,0.2974202521,-0.1763838464
0.0004407616987,-0.0447537646,0.1072415237,-0.5123870154,-0.4865417982,0.5064194601,-0.4942428103,-0.0769035575,0.4478462577,0.8860083923,0.4820578628,0.1345213115,-0.03231836308,-0.06858084708,-0.934737803,-1.09080106,0.9997089675,0.08452809476,0.09574539181,-0.02523790615,-0.05093847674,0.07580184462,-1.890679859,1.61726763,-0.3002180431,-0.1446834709,-0.06035674808,0.09314010006,0.2543217559,-2.025115237,-1.554703485,0.433692538,-0.2096532209,-0.08054436497,0.2939304149,-0.1772036893
0.0009380202442,-0.04479296549,0.1081217755,-0.5117241691,-0.4870039228,0.5065044553,-0.4943872882,-0.07992314384,0.4495519255,0.8772426354,0.4828109379,0.1332913355,-0.03288099994,-0.07761231585,-0.9481885172,-1.08752363,1.010658306,0.08100612519,0.09492155339,-0.0248565369,-0.04858186725,0.07871543155,-1.889380623,1.617773298,-0.2975984641,-0.1441810292,-0.06207155941,0.0878342132,0.2578539707,-2.024433276,-1.553598607,0.4323457857,-0.2086527515,-0.07918384741,0.2901604085,-0.1781663507
0.001458043112,-0.04482759136,0.1090326604,-0.5110722168,-0.4873051809,0.5066758534,-0.4945891521,-0.08280666092,0.4507285229,0.8682721775,0.4834599894,0.1321443022,-0.03337663395,-0.08633758623,-0.9602319831,-1.084002586,1.02062106,0.0777461699,0.09409996581,-0.02453959147,-0.04636795047,0.08192592792,-1.887768088,1.618133497,-0.2948312251,-0.1437320951,-0.06358347913,0.0829041785,0.261100117,-2.023785471,-1.552341996,0.4307521607,-0.2077811824,-0.07802697868,0.2864324237,-0.17909531
0.002004676505,-0.04482778262,0.1099680569,-0.5107449538,-0.4873367435,0.5067592153,-0.4948106591,-0.08634527005,0.4507094762,0.8589730581,0.4841627554,0.1308603738,-0.03358625985,-0.09569820581,-0.9702558401,-1.078798876,1.029760686,0.07378904936,0.09301083871,-0.02501566919,-0.04456270683,0.08487883641,-1.885632606,1.618296444,-0.2915867073,-0.1430636875,-0.06491464679,0.07779519248,0.2645396603,-2.023248447,-1.550698614,0.429280575,-0.2067803615,-0.07685586845,0.2825465016,-0.179961983
0.002533547859,-0.04479524284,0.1109073954,-0.5105238136,-0.4871734053,0.5069680277,-0.4949857855,-0.08982180882,0.4497418281,0.8497302135,0.4848529792,0.1296757811,-0.0337073513,-0.1043769839,-0.978255282,-1.073750834,1.037670283,0.06996053187,0.0919557345,-0.02559911615,-0.043307214,0.08791171588,-1.883536378,1.618237929,-0.2883041773,-0.1422303413,-0.06609523689,0.07287651414,0.2676638918,-2.022558616,-1.548870781,0.4275360376,-0.2057914139,-0.07582136306,0.2787664824,-0.1807172499
0.002984807549,-0.04470096481,0.1118498185,-0.5105872566,-0.4868920442,0.5071356641,-0.4950254628,-0.09393387972,0.4478670504,0.8406332999,0.4859353654,0.1286687727,-0.03378789133,-0.1126424883,-0.9843271183,-1.068773179,1.044686675,0.06500774009,0.09055068435,-0.02663349965,-0.04278391628,0.09031047797,-1.881557951,1.617656484,-0.2849872993,-0.140831439,-0.06698669277,0.06755556421,0.2705602873,-2.021470449,-1.546700017,0.4258756792,-0.204715719,-0.07479168574,0.2747613933,-0.1814004596
0.003361424176,-0.04456986364,0.1128007709,-0.5106855064,-0.4866018038,0.5074653773,-0.4948715883,-0.09792012941,0.4453952969,0.8321952883,0.4871995603,0.1278758146,-0.03387351487,-0.1201210126,-0.9888625657,-1.064848437,1.051071479,0.06029889206,0.08915444213,-0.02741423417,-0.04285579379,0.09254094887,-1.880019635,1.616854423,-0.2819048486,-0.1390073038,-0.06774981707,0.06228622498,0.2730965265,-2.01998822,-1.544225107,0.4239331247,-0.2036828674,-0.07394470833,0.2708330048,-0.1820071029
0.003628984353,-0.04441467581,0.1138568761,-0.5109572772,-0.486472133,0.5077284359,-0.4944485413,-0.102750241,0.4424899145,0.824583756,0.4889244502,0.1279317663,-0.03383703482,-0.1281692253,-0.9919845238,-1.0608477,1.056810091,0.05503113692,0.08732003851,-0.02818888733,-0.04345895068,0.09419531669,-1.878936643,1.615671866,-0.2787646533,-0.1367027284,-0.06820163598,0.05656146218,0.275168952,-2.018167448,-1.541663675,0.4219843282,-0.2025488883,-0.07320140939,0.2667190284,-0.1825129188
0.003816414369,-0.04425983068,0.1150114225,-0.511191241,-0.486393939,0.508057407,-0.493945465,-0.1075894695,0.4394233071,0.8178986427,0.4909477156,0.1283479468,-0.03379116998,-0.1360704118,-0.9939617163,-1.057227407,1.062163067,0.0502621061,0.08551039197,-0.02874448556,-0.04428095848,0.09609179464,-1.878422806,1.61446561,-0.2757627061,-0.1340680661,-0.06854007869,0.05090882416,0.2769098088,-2.016318377,-1.538956813,0.4197358152,-0.201459362,-0.07266270616,0.2627177822,-0.1829928349
0.003881655387,-0.0441670548,0.1163527203,-0.5116399499,-0.4863018526,0.5082280774,-0.493395674,-0.1130213977,0.4355428243,0.8116045895,0.4921502051,0.1291635292,-0.03391268326,-0.1444127751,-0.9947914131,-1.053614685,1.067227213,0.04484308546,0.08345714872,-0.02978318912,-0.045383285,0.09785055902,-1.877907621,1.613107383,-0.2725616799,-0.1305818902,-0.06862892953,0.04458306697,0.2785187984,-2.014608658,-1.535909187,0.4176527992,-0.2006343187,-0.0723036232,0.2585262425,-0.183372007
0.003843282456,-0.04414348536,0.1178712462,-0.5120818522,-0.4861362611,0.5083686039,-0.4929554491,-0.118453879,0.4311429406,0.805567753,0.4929071004,0.1299811514,-0.03407194884,-0.1525870112,-0.9945220351,-1.050328094,1.072033591,0.03988319854,0.08152273572,-0.03102878895,-0.0465445288,0.1001914051,-1.877626615,1.611811222,-0.2693933532,-0.1265571723,-0.0686737859,0.0382264374,0.2799344057,-2.012926428,-1.532641609,0.4152534314,-0.2001201968,-0.07216183232,0.2544781393,-0.1838130863
0.003680760247,-0.04418574719,0.1195905837,-0.5127728525,-0.4859302645,0.5082982221,-0.4925126366,-0.1247252238,0.4257726806,0.7989163462,0.4930103479,0.1302797153,-0.03410280925,-0.1614738827,-0.993554695,-1.04681992,1.076954331,0.03426734633,0.07930289955,-0.03275639948,-0.04800691098,0.1023986285,-1.877489403,1.610253919,-0.266260704,-0.1220692424,-0.06831734255,0.03142066253,0.2813384399,-2.010961567,-1.529335756,0.4125625294,-0.1998734388,-0.07229859231,0.250349061,-0.1844775762
0.003398231743,-0.04430313332,0.1215051325,-0.5134102897,-0.4856256422,0.5082277859,-0.4922216245,-0.1312317052,0.4195978934,0.7914458899,0.4928560469,0.1303265462,-0.03403358593,-0.1702844932,-0.9917143327,-1.043410326,1.081711675,0.02911067251,0.07720987942,-0.03454616797,-0.04954750391,0.1053803422,-1.877537033,1.608551878,-0.2631062254,-0.1171518263,-0.06787546341,0.02460900325,0.2826097483,-2.008855908,-1.525979146,0.4094069087,-0.1999424214,-0.07262520908,0.2464791458,-0.1853636148
0.002954104478,-0.04449363782,0.1236066107,-0.514126509,-0.4852972985,0.5080908456,-0.4919391806,-0.1386099607,0.4120710852,0.7815726989,0.4918923076,0.1299037733,-0.03399350378,-0.1797130245,-0.9891350025,-1.039584107,1.086548191,0.02328993977,0.07485330916,-0.0364669426,-0.05133975981,0.1084188323,-1.877378249,1.606561767,-0.2599909332,-0.111620422,-0.06709923929,0.01719536484,0.2839474968,-2.006384257,-1.522501604,0.4060408244,-0.2003535118,-0.07318884144,0.2423632742,-0.1866677616
0.002350421194,-0.04477054031,0.1258777415,-0.5145271053,-0.4849440549,0.5081902705,-0.4917659712,-0.1461210319,0.4033558094,0.7693775494,0.4906658624,0.1292910942,-0.0338605973,-0.1891181247,-0.9854279688,-1.035463697,1.091078167,0.01791133719,0.07263389099,-0.0380059388,-0.05321412013,0.1125012646,-1.877130387,1.604464709,-0.2566775913,-0.1055256205,-0.0663218153,0.009603276932,0.2851408924,-2.003605646,-1.518851082,0.4024338289,-0.2011547975,-0.07387330173,0.2384671907,-0.1882985564
0.001579566786,-0.04511532847,0.1282540959,-0.514732602,-0.4846278077,0.5084958274,-0.4915467728,-0.154149349,0.3927323238,0.7536249814,0.4891973692,0.1281940614,-0.03360247684,-0.1990564451,-0.9808053316,-1.0306129,1.095747492,0.01188088428,0.07020893766,-0.0392119808,-0.05534658924,0.1167427317,-1.876477315,1.602133969,-0.253551361,-0.09872804658,-0.06529917464,0.001349724739,0.2864332096,-2.000274584,-1.515020346,0.3990381572,-0.2020902463,-0.07481454956,0.234095107,-0.1903859316
0.0006538821,-0.04553777386,0.130708708,-0.5145258941,-0.4843090745,0.5091268581,-0.4914241213,-0.1617495869,0.3809462272,0.7364987784,0.4878673546,0.1270238552,-0.03322986717,-0.2087810154,-0.9749788797,-1.025434475,1.100179084,0.006327853743,0.06795411891,-0.04012798035,-0.05758991081,0.1217620005,-1.875513218,1.599743787,-0.250216848,-0.09141404317,-0.06432010857,-0.007103608842,0.2875485277,-1.99652118,-1.511010053,0.3960550448,-0.203157853,-0.07568011366,0.2299315895,-0.1927982866
-0.0004016194352,-0.0460280225,0.133182996,-0.5142333815,-0.4840036974,0.5098567662,-0.491274392,-0.169568111,0.3674780093,0.7182714736,0.4864967586,0.1250729919,-0.0330385601,-0.2185203487,-0.9684131049,-1.020071559,1.104588783,0.0001562444543,0.06560856737,-0.04103649506,-0.06005703021,0.1263728864,-1.87372831,1.597242031,-0.2471810075,-0.08368437006,-0.06323610306,-0.01599936771,0.2888525001,-1.992319857,-1.506991137,0.3941000709,-0.2038295092,-0.07658222804,0.2250780135,-0.1956840965
-0.001569596416,-0.04658508045,0.1356701481,-0.5137649302,-0.4836601452,0.5106829288,-0.4912447524,-0.1767265408,0.3534571186,0.7015984768,0.4853779909,0.1230643756,-0.03289869067,-0.227547312,-0.9610265838,-1.015080308,1.108732326,-0.005517429914,0.06348545022,-0.04221466983,-0.06263046938,0.1310094375,-1.871366219,1.594619626,-0.2439794425,-0.07575450575,-0.06220004031,-0.02493023443,0.2899813465,-1.987672138,-1.502908694,0.393044467,-0.2043052047,-0.0772678011,0.2204929319,-0.1988911318
-0.002795459299,-0.04717891575,0.1381463225,-0.5135301276,-0.483256743,0.5112829987,-0.4912630901,-0.1842435017,0.3384429406,0.686860112,0.4847733761,0.1203162701,-0.03326585911,-0.2359829855,-0.9535476878,-1.010810757,1.112842277,-0.01171354399,0.06143207733,-0.04397380734,-0.06522205089,0.134547632,-1.868016752,1.591883992,-0.2413662857,-0.06748892182,-0.06121626343,-0.03408124906,0.2912738822,-1.982706157,-1.498949025,0.3932663841,-0.2040874251,-0.07789001821,0.2154306126,-0.202324431
-0.004075703896,-0.04780414318,0.1406284372,-0.5133875794,-0.4827704929,0.5116991108,-0.4914568797,-0.1913749761,0.3233373802,0.6753870906,0.4846191063,0.1176573083,-0.0337817999,-0.2433100461,-0.9458723392,-1.007522819,1.116742125,-0.01737603286,0.05963149084,-0.04635893505,-0.06773370553,0.1376061483,-1.864031043,1.588795941,-0.2386906793,-0.05915302925,-0.0601969298,-0.04312180083,0.2923588507,-1.977436552,-1.495110567,0.3942633319,-0.203525039,-0.07838680909,0.2103151795,-0.2062625481
-0.005333594873,-0.04840803882,0.1430616351,-0.5136307427,-0.4821585535,0.511766779,-0.4917330103,-0.1989410211,0.308024189,0.6666168895,0.4859456392,0.1132120396,-0.03485104514,-0.2496985882,-0.938945104,-1.005355204,1.120773054,-0.02353919665,0.05797015316,-0.04920963062,-0.07010177804,0.1394372588,-1.859081866,1.585372224,-0.2364977423,-0.05083191727,-0.05901079009,-0.05229665667,0.2937080932,-1.972013867,-1.491679004,0.3960576192,-0.2021966565,-0.07885641112,0.2045786138,-0.2105655791
-0.006654606482,-0.04902922787,0.1453854477,-0.5137547413,-0.481552671,0.5119826724,-0.4919723915,-0.2046185777,0.2941173796,0.6593503434,0.4884293281,0.109198117,-0.03363805674,-0.2553392983,-0.9321000412,-1.003409459,1.124574777,-0.02920359061,0.05649529037,-0.05150048872,-0.0726369451,0.1408919639,-1.853550754,1.581527761,-0.234497926,-0.04277198215,-0.0573887787,-0.0611989331,0.2949276524,-1.965901591,-1.488565603,0.3980118778,-0.2007521261,-0.07926156712,0.1987180048,-0.2153882528
-0.007991991871,-0.04963355706,0.1475123833,-0.5140593318,-0.4809239363,0.5122292313,-0.4920125867,-0.209052227,0.2813417095,0.651344606,0.4915476284,0.1032972683,-0.03174039206,-0.2607120318,-0.9261625288,-1.001479344,1.128620354,-0.0353692854,0.05514177012,-0.0531817027,-0.07548287346,0.1411546981,-1.847115995,1.57742515,-0.2330292855,-0.03491664769,-0.05531610648,-0.07010000637,0.2962943014,-1.959130238,-1.485871167,0.4001884127,-0.1988874434,-0.07973812297,0.1923127039,-0.2206070207
-0.009355822198,-0.05024133946,0.1494757055,-0.5142892767,-0.4802905949,0.5126968759,-0.4919038501,-0.2125029369,0.2690388436,0.6413370865,0.4949976254,0.09652082971,-0.03017426263,-0.2657962907,-0.9207031297,-0.9992449968,1.13253576,-0.04099077785,0.05393091399,-0.05410914274,-0.07860701311,0.1410839637,-1.840155599,1.573175661,-0.231679807,-0.02735807754,-0.05286578044,-0.07858307828,0.2975303182,-1.952037172,-1.483429067,0.4023516464,-0.1970320495,-0.08015859186,0.1857685064,-0.226133213
-0.01066100827,-0.05077911552,0.1512754314,-0.5146274951,-0.4796505901,0.5131119045,-0.4917418288,-0.2168011896,0.2567963872,0.6286526064,0.4975362734,0.08801282068,-0.03044458442,-0.2706758507,-0.916121099,-0.9969705202,1.136973689,-0.04699189371,0.05289770912,-0.05451635893,-0.08152720369,0.1403928522,-1.832717833,1.568733226,-0.2305631137,-0.01987868815,-0.05021584722,-0.08682227039,0.2987246339,-1.945194635,-1.481264332,0.4047891785,-0.1946902926,-0.08065850514,0.1786828332,-0.2318616878
-0.01191921131,-0.05126839027,0.1529352788,-0.5148030671,-0.4790035336,0.5136715752,-0.4916044443,-0.2214844859,0.2449565932,0.6146252945,0.4994710713,0.0788474649,-0.0315790676,-0.2751323278,-0.9119087001,-0.994395928,1.141395341,-0.05241369206,0.05199407222,-0.05425011347,-0.08420555006,0.1399257717,-1.82531949,1.564322873,-0.2296342081,-0.01259204226,-0.04762950238,-0.09435561404,0.2997371188,-1.93881904,-1.479086255,0.4072220415,-0.1922253335,-0.08107044819,0.1714863742,-0.2375554871
-0.01312843542,-0.05165839769,0.1544174533,-0.514924054,-0.4784511034,0.5141399622,-0.4915260517,-0.2263554118,0.2354054843,0.6004735223,0.4988505215,0.07018715315,-0.03218857329,-0.2793797765,-0.9081073734,-0.9916198865,1.146381607,-0.05818021509,0.05130829599,-0.05355316061,-0.08637997365,0.1391136327,-1.818056719,1.5598451,-0.2290146407,-0.005330896001,-0.04535512276,-0.1013603508,0.3006437304,-1.932825049,-1.47690828,0.4097953197,-0.1893269401,-0.08147294588,0.1640277451,-0.2430717197
-0.0142828008,-0.05198708256,0.1557126065,-0.5148926869,-0.4779412037,0.5147328979,-0.4914344012,-0.2304035838,0.2285256641,0.5870141544,0.4979460547,0.06349616255,-0.03196198007,-0.2833236909,-0.9047280363,-0.9885056079,1.151270752,-0.0633882316,0.05073457627,-0.05224651448,-0.08832707081,0.1383549006,-1.811168311,1.55571948,-0.2288879334,0.001595221216,-0.04363044084,-0.1071758164,0.3014336473,-1.927298986,-1.474592249,0.4123138014,-0.18643857,-0.08172118293,0.1567236362,-0.248162358
-0.01540933018,-0.05227569037,0.1568529237,-0.5148744453,-0.4775679856,0.5152516102,-0.4912727377,-0.2339391894,0.2237898035,0.5732258022,0.4968667388,0.05925954071,-0.03176942499,-0.2873635221,-0.9018490661,-0.985293642,1.156558307,-0.06889281573,0.0504099597,-0.05064737969,-0.09004647678,0.1371679224,-1.804499959,1.551791111,-0.2289583309,0.008500886303,-0.04242719517,-0.1127234303,0.3021303809,-1.922190156,-1.472189014,0.4151195336,-0.1832299388,-0.08198641197,0.1492814168,-0.2525849132
-0.01647499377,-0.05254128168,0.1578590328,-0.5148645193,-0.4772376378,0.5157555094,-0.4910753693,-0.236914842,0.2203326361,0.5596398328,0.4962297283,0.0570030334,-0.03215174227,-0.2912297423,-0.8995405342,-0.9820864538,1.161657718,-0.07385184397,0.0501809638,-0.04888175207,-0.09159810335,0.1359240499,-1.798193228,1.548390717,-0.2293030797,0.01498734443,-0.04176394559,-0.1174314612,0.3027528823,-1.917717346,-1.469712435,0.4178691004,-0.1801551647,-0.08205447557,0.1421010596,-0.2562563235
-0.01751645274,-0.0527906171,0.1587785902,-0.5149852083,-0.4770068117,0.5160778988,-0.4908343296,-0.2399223184,0.2175457966,0.5453646591,0.4956538916,0.05642020349,-0.03333583254,-0.2952216271,-0.8976481175,-0.9788992105,1.16717382,-0.07915664017,0.05016222953,-0.04713862554,-0.09293467421,0.1343453476,-1.792065721,1.545222043,-0.2295918585,0.02150553629,-0.04144924224,-0.1223034713,0.3034539034,-1.913691439,-1.467276182,0.4203905326,-0.1771253654,-0.08207571039,0.1349877472,-0.2596527059
-0.01851736823,-0.05302982383,0.1596259257,-0.5151709861,-0.4768074763,0.5162689826,-0.490632065,-0.2427430662,0.2151972827,0.5315005676,0.4950574415,0.0571010935,-0.03503796617,-0.2990071743,-0.8960891228,-0.9758374538,1.172586108,-0.08393525491,0.05019042398,-0.04547825732,-0.09400552878,0.1328476899,-1.786351857,1.542571453,-0.2299697374,0.02763684118,-0.0414902798,-0.1266543741,0.3041151036,-1.910345535,-1.464966742,0.4225088244,-0.1744763582,-0.08187004427,0.1282555354,-0.2624188913
-0.01949776794,-0.0532438325,0.1604139506,-0.5154339497,-0.4766815873,0.5163116253,-0.4904332914,-0.2456638949,0.2130205876,0.5171686327,0.4941997909,0.05870557368,-0.03720786287,-0.3027704982,-0.8946882463,-0.9729084994,1.178276566,-0.08913880548,0.05038725312,-0.04388783592,-0.09486237348,0.1312532535,-1.780869114,1.539994234,-0.230048799,0.03374365407,-0.04152481051,-0.1314129264,0.3047443969,-1.907470217,-1.462782882,0.4242238234,-0.1719512301,-0.08164873385,0.1216262268,-0.2645415548
-0.02044718233,-0.05343695173,0.161151392,-0.5157166009,-0.476587034,0.5162446537,-0.4902985255,-0.2484500424,0.2111391683,0.5036723338,0.4929993918,0.0609816302,-0.03951441603,-0.306287803,-0.8933880685,-0.9701981332,1.183809708,-0.09385124126,0.05059561617,-0.04242349022,-0.095460945,0.1298632901,-1.7758993,1.537824229,-0.2300672566,0.03948251002,-0.04170321552,-0.1357801853,0.3052891612,-1.9052414,-1.460769998,0.4255183393,-0.1697718152,-0.08126603854,0.1153460934,-0.2657615208
-0.02137389261,-0.05358265949,0.1618388181,-0.5160665991,-0.4765480949,0.5160551612,-0.4901675725,-0.2514927776,0.2094448611,0.4899758934,0.4915053029,0.06372592239,-0.04216118715,-0.3098058136,-0.8922603936,-0.9676013534,1.189627605,-0.09883912112,0.05101015049,-0.04103761003,-0.09588640847,0.128386724,-1.77123848,1.535549958,-0.2297305832,0.04543389474,-0.04175688536,-0.1407876297,0.3057470195,-1.90345656,-1.458887212,0.4265273831,-0.1676202399,-0.0809418507,0.1091062812,-0.2661843345
-0.02227135083,-0.05369456669,0.1624812468,-0.5164236503,-0.4765239196,0.5158028988,-0.4900805413,-0.2543602338,0.2082431815,0.47741875,0.4898048669,0.06671255439,-0.0446809933,-0.313129369,-0.8912671365,-0.965178192,1.195281366,-0.1033030498,0.05142149305,-0.03976152646,-0.09614770224,0.1271139605,-1.767141756,1.533551648,-0.2293263326,0.05118730435,-0.04189527087,-0.1454601422,0.3061332275,-1.902210384,-1.457129057,0.4272350629,-0.1656868256,-0.08055884732,0.1031137664,-0.2657621574
-0.02315209032,-0.05376479815,0.1630871749,-0.516806216,-0.4765410578,0.5155068023,-0.489972134,-0.2574740611,0.2072996898,0.4648090961,0.4880318893,0.06986755562,-0.04739740412,-0.3165028189,-0.8904056273,-0.9627041629,1.201112355,-0.108094018,0.05199504803,-0.03848789745,-0.09635529201,0.1257915703,-1.763268291,1.531439334,-0.2286473921,0.05714252092,-0.04184792501,-0.1507841351,0.3065948123,-1.90126828,-1.455427052,0.4278879409,-0.1635385077,-0.08029817461,0.09695357566,-0.2649744644
-0.02401094088,-0.05381159488,0.1636581024,-0.5171685226,-0.4765466501,0.5152248643,-0.4898809537,-0.2603580401,0.2068388984,0.4533059283,0.4863374819,0.07302102983,-0.04991778578,-0.319712102,-0.8896835891,-0.9602740444,1.206707754,-0.1124077676,0.05253283414,-0.03727083408,-0.09654520524,0.1246965332,-1.759841171,1.529586569,-0.2280000344,0.06291687788,-0.04187231689,-0.1557338344,0.3070571387,-1.900674141,-1.453785753,0.4284015104,-0.1614618763,-0.08004034799,0.09087975857,-0.263776867
-0.02485519061,-0.05382942242,0.164193178,-0.5175400241,-0.476596656,0.5149454689,-0.4897337184,-0.2635073502,0.2065005485,0.4416825034,0.4847773396,0.07625893684,-0.05252639193,-0.3230726195,-0.8890593772,-0.9575855348,1.212407783,-0.1170307362,0.05320413348,-0.03587983151,-0.09672379997,0.1235471437,-1.756522445,1.527563745,-0.2271484793,0.06890424436,-0.04173878888,-0.161217599,0.3076855374,-1.900232134,-1.45207277,0.4287725855,-0.1590853781,-0.07997865424,0.08448874899,-0.2626014035
-0.02568066352,-0.05383738517,0.1646920107,-0.5178828657,-0.4766244053,0.5147115183,-0.4895902027,-0.2664309315,0.2064608149,0.4310173887,0.4834779065,0.0794619772,-0.0549400262,-0.3262911903,-0.8885587649,-0.9548227835,1.217842286,-0.1211944652,0.05381753694,-0.03443627947,-0.09691477034,0.1226309076,-1.75349654,1.525793039,-0.2263759474,0.0747061752,-0.04171245709,-0.166255027,0.3083277448,-1.900032222,-1.45037514,0.4289729684,-0.1567850882,-0.07995024073,0.0781087642,-0.2613633741
-0.02652356196,-0.05383901878,0.1651659968,-0.5182151131,-0.476699017,0.5144922996,-0.4893963807,-0.2695128291,0.2063648191,0.4200181566,0.4821578662,0.08287111454,-0.05763726294,-0.3296566943,-0.8879939185,-0.9516859301,1.223367483,-0.1256061581,0.05457912198,-0.03285368753,-0.09714555444,0.1216761113,-1.750603377,1.523932675,-0.2254641917,0.08079232696,-0.0413498845,-0.172052186,0.3094284019,-1.899889955,-1.448646216,0.4291592657,-0.1542425021,-0.08010633909,0.07136797308,-0.2602735783
-0.02737838659,-0.05385121714,0.1656125795,-0.5185157796,-0.4767521784,0.5143076113,-0.4892202241,-0.2723282484,0.2064394317,0.4098329122,0.4810016978,0.08634584928,-0.06017247815,-0.3328582613,-0.8874055775,-0.948425309,1.228636627,-0.1295627002,0.05527556928,-0.03128739353,-0.09741472871,0.1209263939,-1.747939869,1.52237305,-0.2246718795,0.08675159157,-0.04105512162,-0.1774395358,0.3106139744,-1.899893439,-1.446983187,0.4292525926,-0.1518845956,-0.08025546425,0.06465397689,-0.2591641482
-0.02826876175,-0.0538753524,0.1660343351,-0.5188005525,-0.4768323446,0.514152245,-0.4890034466,-0.2751463649,0.2064355124,0.3991299692,0.4798504465,0.09009373043,-0.06303597938,-0.3361533067,-0.8867262546,-0.9448185158,1.233961437,-0.1338386289,0.05611502481,-0.02962879135,-0.09777085997,0.1201258438,-1.745249967,1.520753443,-0.2237714705,0.09298350916,-0.04053741107,-0.1833665737,0.3119380155,-1.899822444,-1.445372659,0.4293277145,-0.1493888035,-0.08046989761,0.05752995088,-0.2581370617
-0.02918904053,-0.05392523192,0.1664286214,-0.5190628804,-0.4768802232,0.5140335442,-0.4888031243,-0.27760786,0.206611592,0.389123322,0.4788064234,0.09396999316,-0.06570198799,-0.3392613978,-0.885998718,-0.9411345934,1.239005546,-0.1377103161,0.0568807575,-0.02803714721,-0.09821680597,0.1194632718,-1.742645391,1.51947452,-0.2229676561,0.09906373271,-0.04016289532,-0.1887814711,0.313180054,-1.899781799,-1.443911194,0.4293761532,-0.1471921727,-0.08061062506,0.05041897761,-0.257020022
-0.03013159438,-0.05397680271,0.1667942836,-0.5193303034,-0.4769396901,0.5139335495,-0.4885661415,-0.2800690179,0.2067662068,0.3784953258,0.4778705781,0.09793186259,-0.06867625108,-0.3424544577,-0.8852837826,-0.9371515899,1.244117481,-0.1418267713,0.05781366617,-0.02645333052,-0.09876416491,0.118646488,-1.740001557,1.518107948,-0.2220856972,0.1053785288,-0.03945079451,-0.1948878613,0.3145556619,-1.899615598,-1.442480409,0.4294852213,-0.1449569392,-0.08065674742,0.04306727468,-0.2559356604
-0.03109011955,-0.05404538097,0.167131698,-0.5195919692,-0.4769585602,0.5138634149,-0.4883432279,-0.2821747763,0.2071801455,0.368485873,0.477001345,0.1018406057,-0.07141725521,-0.3454620438,-0.8846074167,-0.9331414754,1.248954142,-0.1455350941,0.05866951352,-0.0250012625,-0.09941242241,0.1178742542,-1.7374154,1.51704432,-0.2213314526,0.111526988,-0.03884391103,-0.2005046698,0.3158467867,-1.899431133,-1.441174285,0.4296916227,-0.1430361505,-0.08060554614,0.03581821287,-0.2547315208
-0.0320290893,-0.05409395314,0.1674373601,-0.5198694544,-0.4769617805,0.5138191186,-0.4880913067,-0.2842255865,0.2076256763,0.357883818,0.4762666398,0.1053994711,-0.07441286388,-0.3485194572,-0.8841357205,-0.9288993706,1.253849803,-0.1494923512,0.05969369205,-0.02362579894,-0.1001225809,0.1168734179,-1.734789651,1.51576958,-0.2205596318,0.1179611754,-0.03787194754,-0.2067051835,0.3173669574,-1.899055779,-1.439813262,0.4300584819,-0.14106198,-0.0804121659,0.02839779693,-0.2535560689
-0.03294561379,-0.05414033174,0.1677152182,-0.520149122,-0.4769076108,0.5138123792,-0.4878533188,-0.2859140681,0.2084015367,0.3478740719,0.4755158117,0.1084607096,-0.07716932258,-0.3513776035,-0.8838673544,-0.9246970071,1.258461292,-0.1530666418,0.0606315416,-0.0224135334,-0.1009026166,0.1158488625,-1.732197844,1.51467818,-0.2199875843,0.1242934297,-0.03701255174,-0.2123367173,0.3188308439,-1.898627617,-1.438474757,0.4306552359,-0.1392969186,-0.08016499474,0.02113463504,-0.25227169
-0.03380372546,-0.05414180676,0.1679887974,-0.5204505755,-0.476823821,0.5138041518,-0.487622329,-0.2877851881,0.2092602468,0.3373092194,0.4750425285,0.1105019889,-0.08006414831,-0.3542475887,-0.8838568007,-0.9203302567,1.263206726,-0.1568281013,0.06180130228,-0.02141027035,-0.1016385984,0.1145461658,-1.729668936,1.513162345,-0.2195561976,0.131103061,-0.0357750618,-0.2185846975,0.3204909622,-1.898018735,-1.436844168,0.4315658615,-0.1372590005,-0.07989309961,0.01371441248,-0.2510865356
-0.03460695483,-0.05412122132,0.1682630777,-0.520748029,-0.4766579998,0.5138339484,-0.487435447,-0.2894632585,0.2104179426,0.3273168512,0.4745978173,0.1115274627,-0.08278279858,-0.3568789914,-0.8841253339,-0.9160349458,1.267737671,-0.1601970752,0.06288498399,-0.02063379487,-0.1023938276,0.1132435341,-1.727277999,1.511598645,-0.2194267356,0.1379482732,-0.03465003718,-0.2242259472,0.3220554142,-1.897355213,-1.435036947,0.4328146501,-0.135186763,-0.07966684588,0.006520611314,-0.249875488
-0.03531542136,-0.05404246601,0.1685295171,-0.5210542359,-0.4764132269,0.5139399379,-0.4872357343,-0.2911390994,0.2116734992,0.3168847703,0.4746442492,0.1112521505,-0.08593277314,-0.3594989787,-0.8849107537,-0.9116284788,1.27259575,-0.1637501106,0.06407248211,-0.0199436315,-0.1032039813,0.1116514762,-1.725061197,1.509428493,-0.219696217,0.1451952553,-0.03307184164,-0.230176475,0.3239299876,-1.896439193,-1.432840024,0.434490095,-0.1326467271,-0.07956937053,-0.0008901848232,-0.2488898204
-0.03593793719,-0.0539320594,0.1687896302,-0.5213374987,-0.4760575209,0.5141513768,-0.4870572974,-0.2924576517,0.2131817918,0.306986557,0.474856285,0.1098097422,-0.08905653182,-0.3618764724,-0.8861733503,-0.9073608031,1.277358486,-0.166912707,0.06513335995,-0.01934371396,-0.1041001177,0.1100240904,-1.722982175,1.507051887,-0.2204712141,0.1524880111,-0.0315679893,-0.2353983891,0.3257417635,-1.895375432,-1.430372596,0.4365844158,-0.1298908982,-0.07959835001,-0.00803465458,-0.2479994178
-0.03641759201,-0.05374946227,0.1690190828,-0.5216462213,-0.4755877873,0.514454913,-0.486865093,-0.2935153833,0.2148326085,0.2967382721,0.4757107626,0.1066829099,-0.09274521978,-0.36416921,-0.8882407856,-0.9031931602,1.282624715,-0.1701883674,0.06624252124,-0.01882470045,-0.1050561497,0.1079766784,-1.72105936,1.504027724,-0.2219066004,0.1601657704,-0.02959598005,-0.240840268,0.3280663284,-1.894000124,-1.427480303,0.4391818876,-0.1265343633,-0.07977299978,-0.01509269389,-0.2472646864
-0.036772871,-0.05352191759,0.16922087,-0.521943948,-0.4750002457,0.5148701726,-0.4866805802,-0.2940422911,0.2168607072,0.2870282506,0.4765551565,0.1020000565,-0.09640558161,-0.3662113997,-0.8909919953,-0.8993409362,1.287887033,-0.1730601533,0.06722094479,-0.01833326384,-0.1060802019,0.1057451154,-1.719206616,1.500704874,-0.2240643038,0.1679183255,-0.02769335738,-0.2455342889,0.3303732462,-1.892380705,-1.424344118,0.4422099878,-0.1228422968,-0.08011933269,-0.02187198164,-0.2466993778
-0.03696827312,-0.05320548386,0.1693845447,-0.5223136924,-0.4743367607,0.5153019073,-0.4864740369,-0.2943761908,0.2192730181,0.2772774661,0.4777595557,0.09452221916,-0.1004546314,-0.3682797639,-0.8945793867,-0.8956827609,1.293695644,-0.1759557984,0.06838360218,-0.01794762666,-0.1070580696,0.1028341103,-1.71770753,1.496749449,-0.2273414378,0.1762059513,-0.02521984934,-0.2505345611,0.3333189156,-1.890515899,-1.420882447,0.4458445859,-0.1185243819,-0.08062488184,-0.02859501109,-0.246143312
-0.0370289201,-0.05283060886,0.1695255461,-0.5227129807,-0.4735722113,0.5157790084,-0.4862843971,-0.2943588883,0.2223184869,0.2681128772,0.4784197013,0.08468090424,-0.1044013034,-0.3701591433,-0.898885361,-0.8924130801,1.299508791,-0.1784424005,0.06945314207,-0.01762306966,-0.1080170994,0.0996002856,-1.716400411,1.492406725,-0.2315904672,0.1847036956,-0.02276640455,-0.2547931591,0.3362260172,-1.888473719,-1.417260837,0.449999643,-0.1138404415,-0.08130182874,-0.03505419909,-0.2457145621
-0.03693677815,-0.05236073673,0.1696442836,-0.5231935673,-0.4728106736,0.5162016042,-0.4860601422,-0.2945205429,0.2259179038,0.2592108568,0.4790895414,0.07188056872,-0.1085470957,-0.3722693059,-0.9038328061,-0.8892608827,1.305684808,-0.1808407157,0.07057767252,-0.01741263439,-0.1088547522,0.09562061774,-1.715678132,1.487599601,-0.2371207733,0.1935929501,-0.01981075486,-0.259185975,0.3397516115,-1.886440866,-1.413454697,0.4549168805,-0.1083850964,-0.08218109069,-0.04139844338,-0.2453320243
-0.03671273451,-0.05182821987,0.1697544633,-0.523674126,-0.4719927529,0.5166559735,-0.4858547685,-0.2945141261,0.2299234702,0.2507141508,0.47949319,0.05762495038,-0.1126414642,-0.3742966865,-0.9093484515,-0.8863523304,1.311741679,-0.1828478182,0.07157328222,-0.01722265924,-0.1096228823,0.09141031712,-1.715316817,1.482441693,-0.2436159444,0.2026202617,-0.01690116982,-0.2627972277,0.3431730393,-1.884371773,-1.409549948,0.46037211,-0.102461795,-0.08322284586,-0.04745681299,-0.2451796253
-0.0363499595,-0.05120120832,0.1698613134,-0.5241698412,-0.471251428,0.5170498641,-0.4856207442,-0.2949314498,0.2341949954,0.2425472597,0.4805644844,0.04223447082,-0.1168792115,-0.3767357856,-0.9152254023,-0.8832245851,1.317813626,-0.1847312931,0.07268813678,-0.01699498161,-0.1101890527,0.08666261068,-1.715882801,1.477071843,-0.2515699166,0.2118038428,-0.01348042075,-0.2665021426,0.3472351867,-1.882574273,-1.405722583,0.4667461976,-0.09574227145,-0.08455067063,-0.05340803665,-0.2455215981
-0.03586823634,-0.05051361356,0.169966736,-0.5245958685,-0.4705000425,0.5174672165,-0.4854447081,-0.2951932205,0.2385006805,0.2347834139,0.4819044589,0.02673805522,-0.1210275861,-0.3791354681,-0.9213906177,-0.8800537017,1.323538429,-0.1862988462,0.07369189044,-0.0167097022,-0.1105734207,0.08190224744,-1.716982993,1.471427944,-0.260472827,0.2210011443,-0.01008827754,-0.2694452817,0.3511611657,-1.880836866,-1.401893914,0.4735561404,-0.08856544715,-0.08604533235,-0.05909813482,-0.246421698
-0.03529404476,-0.04973997408,0.1700873168,-0.5249939292,-0.4698870909,0.5177895792,-0.4852643072,-0.2961560631,0.2431400842,0.2277081406,0.4842365232,0.01141986361,-0.1250244895,-0.3821492797,-0.9275376931,-0.8762844126,1.328991302,-0.1876365437,0.07484293766,-0.01629563878,-0.110648271,0.07678527427,-1.719090569,1.465789092,-0.2708635689,0.2302173204,-0.006199172243,-0.2723553683,0.3556829331,-1.879571088,-1.398232281,0.4810653637,-0.08073722449,-0.08780036543,-0.06471627856,-0.2478509749
-0.03463848014,-0.04891598856,0.1702276424,-0.5252925527,-0.4692830272,0.5180951344,-0.485199553,-0.2971525447,0.2478210678,0.221207527,0.4868096655,-0.003292870195,-0.1287601886,-0.385145481,-0.933666306,-0.872226,1.333920528,-0.1887166582,0.07588558955,-0.01584610258,-0.110429869,0.07188469445,-1.721726832,1.459965795,-0.2820269835,0.2393906089,-0.002342515907,-0.274504632,0.3599950318,-1.878483978,-1.394630931,0.4887343494,-0.07267567797,-0.08962899188,-0.07004090291,-0.2497550928
-0.0339281765,-0.04802211389,0.1704128243,-0.5255248708,-0.4688333732,0.5182923384,-0.4851720626,-0.2990252912,0.2528241516,0.2156946155,0.4901689437,-0.01677360976,-0.1321253212,-0.3888189913,-0.9394891702,-0.8672492847,1.33825244,-0.1896722338,0.07708060969,-0.01529343969,-0.1098892323,0.06689667384,-1.725619648,1.454385252,-0.294782361,0.2483819635,0.00204619204,-0.2765916364,0.3646655595,-1.878068125,-1.391509617,0.4971597018,-0.06432407034,-0.09168508767,-0.07503056055,-0.2520960302
-0.03316004806,-0.04709369307,0.170644825,-0.5256212734,-0.4683916674,0.5184645797,-0.4853102126,-0.3010293313,0.2576462811,0.2107614703,0.4938363167,-0.02898362308,-0.1352278717,-0.3924005304,-0.9450660526,-0.861800656,1.341866707,-0.1904982059,0.07816109537,-0.01481479903,-0.1090171558,0.06236456935,-1.730070358,1.448754965,-0.308125659,0.2572151922,0.006423268186,-0.2779721277,0.3690143732,-1.877822821,-1.388628525,0.5056473935,-0.0561533886,-0.09360612253,-0.07941480724,-0.2547329692
-0.03237033686,-0.04612016545,0.1709494022,-0.525629553,-0.4681240829,0.5185377899,-0.4854811803,-0.3039764678,0.2624255483,0.2065887499,0.4984118413,-0.03928143814,-0.1379239105,-0.3967484568,-0.9500883893,-0.8553231194,1.344771232,-0.1912058695,0.07948320606,-0.01421785207,-0.1077542084,0.05785864879,-1.735425903,1.443364517,-0.322526206,0.2658978704,0.0112804721,-0.2792235729,0.3736959804,-1.878300506,-1.386140866,0.514712995,-0.04791634692,-0.09572733983,-0.08341904077,-0.2572945119
-0.03155775321,-0.04513605983,0.1713347971,-0.5254783525,-0.4678554181,0.5186110989,-0.4858254181,-0.3069738639,0.2666550558,0.202929544,0.5034443681,-0.04816153013,-0.1404216451,-0.4009993437,-0.9546594715,-0.8483276194,1.346951106,-0.1918448276,0.08069814123,-0.01372447093,-0.1061960524,0.05400371194,-1.74125693,1.438059617,-0.337309603,0.2744259463,0.0160653559,-0.2798502802,0.3780345742,-1.878880117,-1.38383817,0.5236747981,-0.04000338082,-0.09764124533,-0.0868057829,-0.2598082252
-0.03077427605,-0.04415046626,0.1718330653,-0.5252774294,-0.4677209028,0.5186306411,-0.4861512495,-0.310970855,0.2696818455,0.1992598102,0.5089552894,-0.0555706073,-0.1431204839,-0.4060939948,-0.9585279202,-0.8402743974,1.348450866,-0.1923795942,0.08216441289,-0.01317930355,-0.1045351292,0.05030681714,-1.748111962,1.433141807,-0.3530585891,0.2827623577,0.02120823315,-0.2803832995,0.3827608697,-1.880149199,-1.381854085,0.5332294015,-0.03192617414,-0.09966702488,-0.08995072223,-0.2617673005
-0.03003313538,-0.04320555579,0.1724420167,-0.5249485231,-0.4675499533,0.5186675376,-0.486631354,-0.3148388375,0.2719561992,0.1963244717,0.5150607863,-0.06213710946,-0.1454447687,-0.4110436339,-0.9617318419,-0.8318129176,1.349338986,-0.1928777321,0.08350564157,-0.01282889118,-0.1028231561,0.04734831917,-1.755405328,1.428374308,-0.3690710661,0.2908947326,0.02622351321,-0.2803849523,0.3871910482,-1.881340625,-1.379982834,0.542630612,-0.02419936112,-0.1014324554,-0.09262489786,-0.2641331539
-0.02935638397,-0.0422808094,0.1731460211,-0.5246201479,-0.4674658399,0.5186549973,-0.4870794418,-0.3192644981,0.2738841065,0.193909321,0.5223169901,-0.06798951318,-0.1473991515,-0.4167489415,-0.9643413805,-0.8224760922,1.34976123,-0.193250907,0.08510585089,-0.01243410813,-0.1011703387,0.04451235347,-1.763562655,1.42379705,-0.3858673983,0.298947242,0.03150870088,-0.2802907828,0.3918473132,-1.882868197,-1.37837133,0.5525726423,-0.01642651052,-0.1032790864,-0.09522081846,-0.2681017758
-0.02874680475,-0.0414157554,0.1739485059,-0.5242590656,-0.4672951534,0.518628201,-0.4876601899,-0.3233501604,0.2755825909,0.1921987491,0.5299611366,-0.07336689965,-0.1488992917,-0.4222359041,-0.9664871986,-0.8129973909,1.349763833,-0.1935948801,0.08657169779,-0.01231770194,-0.09961554141,0.04229482946,-1.771931627,1.419246084,-0.4026748204,0.3068561705,0.03661961146,-0.2797371841,0.3961851438,-1.884109885,-1.376845677,0.5623324814,-0.009109204325,-0.104904619,-0.09744798344,-0.2733003427
-0.0281917297,-0.04057410763,0.174809096,-0.5239992438,-0.467159424,0.518537375,-0.4881658077,-0.3279083654,0.2770908294,0.1906507267,0.5381679926,-0.07824206408,-0.150083487,-0.4283903782,-0.9684188029,-0.8028866724,1.349454208,-0.1938326218,0.08827787348,-0.01211512276,-0.09823904337,0.04000662902,-1.780764038,1.414820041,-0.4200207235,0.3146248999,0.0419317446,-0.2791651278,0.4007256957,-1.885486704,-1.375597909,0.5725955791,-0.001778745669,-0.1065568068,-0.09966595769,-0.2801706188
-0.02768433689,-0.03978863215,0.1757397782,-0.5237774546,-0.4669126404,0.5184143895,-0.4887701761,-0.3322245606,0.2783997363,0.1893430205,0.5461771119,-0.0826022144,-0.1510335665,-0.4342481449,-0.9701931304,-0.7928752906,1.348862604,-0.1940557952,0.08983326119,-0.01211529729,-0.09696929146,0.0381855231,-1.789468961,1.410404301,-0.4371549629,0.3222027209,0.04702783809,-0.2782409923,0.40504273,-1.886577918,-1.374418428,0.5825797616,0.00511504535,-0.1080531491,-0.1015908834,-0.2876161384
-0.0272097478,-0.0390088142,0.1767101659,-0.523659131,-0.4667156521,0.5182159172,-0.4892952869,-0.337128953,0.279603012,0.1878476628,0.5543251301,-0.08640679124,-0.1519946853,-0.4406811983,-0.9718706866,-0.7824422857,1.348071627,-0.1942721439,0.09165801962,-0.01196542804,-0.09578447655,0.03624203924,-1.798472637,1.405991392,-0.4545771553,0.3296985846,0.05229146497,-0.2773858373,0.4095379774,-1.887837265,-1.373467101,0.5928852065,0.01198824395,-0.10969959,-0.1035253025,-0.2959803949
-0.02675851295,-0.03826448887,0.1777346493,-0.5235646172,-0.4664232757,0.5179905057,-0.4899135184,-0.3419172403,0.2806459598,0.1863262305,0.5620509988,-0.0896210666,-0.1529001099,-0.4467783761,-0.9734858272,-0.7722157992,1.347100987,-0.1945048843,0.09332713428,-0.01193664585,-0.09460865958,0.03475973159,-1.807269307,1.401535716,-0.4716015234,0.3370472975,0.0573163729,-0.2762682411,0.4139348083,-1.888972076,-1.372520002,0.6026721163,0.0184644913,-0.1112949178,-0.1052081546,-0.3039905862
-0.026332844,-0.03750966433,0.1787824989,-0.5235401089,-0.4662084913,0.5176922846,-0.4904590661,-0.3473292946,0.281693703,0.1845548776,0.5698115502,-0.0922788416,-0.1539427439,-0.453380863,-0.9749706875,-0.7616610964,1.346019429,-0.194706592,0.09524250871,-0.01175150022,-0.09343889419,0.03311770283,-1.816313359,1.39699072,-0.4887862742,0.344400305,0.06233460223,-0.2750103532,0.4182740625,-1.890361161,-1.371659983,0.6125691367,0.02501725247,-0.1130855685,-0.1069724038,-0.3122788169
-0.02592257298,-0.03677579197,0.1798688509,-0.5235067969,-0.4659177097,0.5173839198,-0.4910959183,-0.3526112819,0.2826514977,0.1827153764,0.577194453,-0.09441632211,-0.1549527646,-0.4596359434,-0.9763804924,-0.7513242034,1.344835598,-0.1949107325,0.09698365186,-0.01167345617,-0.09223724905,0.03192240298,-1.825161613,1.392363378,-0.5054401471,0.3516700241,0.06706458004,-0.2734985453,0.4225797219,-1.891729209,-1.370736108,0.6217991103,0.03124459548,-0.11484404,-0.1085425148,-0.3197187352
-0.02552649362,-0.03603216027,0.180964135,-0.5235150963,-0.4656951629,0.5170476248,-0.4916520241,-0.3582979346,0.2835686353,0.1807993464,0.5846137952,-0.09613428795,-0.1559111336,-0.466385356,-0.9776790047,-0.740612848,1.343527641,-0.1950879645,0.09891955526,-0.01140943358,-0.09108526229,0.0305858144,-1.834238955,1.387649946,-0.5222123839,0.3589152878,0.07203600222,-0.2721422174,0.4270155928,-1.893316789,-1.369895274,0.6310832485,0.03769325786,-0.1166779222,-0.1102610368,-0.327375205
-0.02513541569,-0.03531060108,0.1820818868,-0.5234987828,-0.465397362,0.5167250552,-0.4922900946,-0.3636960519,0.2843752219,0.1788990961,0.591713991,-0.09750758824,-0.156759996,-0.472776928,-0.9789189628,-0.730128136,1.34211825,-0.1952762077,0.1006640214,-0.01125975421,-0.08992726703,0.02966018525,-1.843086381,1.382902381,-0.53844674,0.3660461818,0.07684258481,-0.2707232207,0.4316990454,-1.894840617,-1.369014829,0.6397288918,0.04389197132,-0.1184391382,-0.111847512,-0.3342308364
-0.02475371268,-0.03458205747,0.1832103811,-0.5234888988,-0.4651551905,0.5163824094,-0.4928886577,-0.3696261255,0.285295647,0.1771158276,0.5993219912,-0.09851257579,-0.1575979899,-0.4794469376,-0.9799889079,-0.7193974663,1.3406164,-0.1955487056,0.102601694,-0.01094231719,-0.08879482799,0.02866908482,-1.852142048,1.377968265,-0.5547775136,0.3732134879,0.08189226843,-0.269514747,0.4364113905,-1.896614744,-1.36825463,0.6485592087,0.05041238903,-0.1203636904,-0.1136389375,-0.341448238
-0.02437645178,-0.03388117297,0.1843566041,-0.5234332021,-0.4648274886,0.5160770965,-0.4935762549,-0.3752639559,0.2861619018,0.1754236695,0.6069144413,-0.09924304424,-0.1583189896,-0.4856503124,-0.9809879331,-0.7089362633,1.339040686,-0.195861815,0.1043478625,-0.01075243714,-0.0877096182,0.02810732768,-1.860990231,1.372963395,-0.570629124,0.3802792965,0.0868025458,-0.2683149899,0.4413613832,-1.898249532,-1.367506814,0.6568491605,0.0567323819,-0.1222701288,-0.1153379163,-0.3480449406
-0.02399930443,-0.03317062276,0.1854952459,-0.5233628252,-0.4645634344,0.5157768855,-0.4942128823,-0.3814224653,0.2871153946,0.173757234,0.6153202258,-0.09979941419,-0.1589810152,-0.4920539635,-0.9817644551,-0.6982412189,1.33757118,-0.196298092,0.10622126,-0.01043221841,-0.08669291497,0.02736991907,-1.870018918,1.367706266,-0.5865972982,0.3874443513,0.09193645034,-0.2672124754,0.4463252991,-1.899994922,-1.366944398,0.6653943788,0.06338296452,-0.1244324244,-0.1172865321,-0.3549369184
-0.02361993046,-0.03248898491,0.1866320822,-0.5232278163,-0.4642264581,0.5155432749,-0.4949157297,-0.3871761379,0.2879549482,0.1720457075,0.623782194,-0.1002626959,-0.1595192479,-0.4979728159,-0.9824374406,-0.6878100167,1.336174118,-0.1967464106,0.1078875073,-0.01027190601,-0.08578250341,0.02694050563,-1.878802243,1.362375731,-0.6021569669,0.394527263,0.09693738167,-0.2660924452,0.4515061629,-1.901443093,-1.366453548,0.6735369143,0.06983358428,-0.1265986832,-0.1191652246,-0.3613607654
-0.02321288939,-0.03178734454,0.1877404003,-0.523005258,-0.4639793995,0.5153921289,-0.495539676,-0.3930905397,0.2887045169,0.1698190936,0.632937331,-0.1008943814,-0.1600050854,-0.5040981327,-0.9828332095,-0.6771910915,1.335024441,-0.1973091497,0.1096426114,-0.009847838737,-0.08492414529,0.02628947657,-1.887611906,1.356762947,-0.6177919396,0.4018094534,0.1020754007,-0.2651263542,0.456629375,-1.902797218,-1.366090044,0.6820844009,0.07671131315,-0.1289954839,-0.1213319882,-0.3684363233
-0.02278174747,-0.03110719835,0.1888293428,-0.5226920026,-0.4636846611,0.5153381435,-0.4962017769,-0.3983591105,0.2891818533,0.1672598015,0.641881228,-0.1017327432,-0.1604571618,-0.5097941989,-0.9831101593,-0.6669244607,1.334036014,-0.1978481523,0.1111948517,-0.009550218042,-0.08417076416,0.02581868772,-1.896085855,1.35108407,-0.6330848298,0.4090151387,0.1070606437,-0.264166365,0.4618897392,-1.903676252,-1.365755598,0.6903815581,0.08344333058,-0.1313905692,-0.1234349692,-0.3753863064
-0.02233161472,-0.03044225053,0.1899098195,-0.5223255774,-0.4635448281,0.5153711626,-0.4966837507,-0.4031357498,0.2890279869,0.1635878501,0.6500962077,-0.1031914145,-0.1607826796,-0.5161237521,-0.9828394125,-0.6564495302,1.333000605,-0.198430338,0.1127626344,-0.008758730451,-0.0835236673,0.02500213567,-1.904344648,1.345182315,-0.6483485627,0.4162915686,0.1121058422,-0.2633235885,0.4672338141,-1.904427078,-1.365441731,0.6991021005,0.09069018419,-0.1340737686,-0.1258057496,-0.3833243934
-0.02186393635,-0.02982115374,0.1910063053,-0.5219450541,-0.4633849523,0.5154231597,-0.4971787535,-0.4072697719,0.2883475122,0.1595417069,0.6572543333,-0.1051076568,-0.1611807359,-0.5222214573,-0.9822893721,-0.6465305349,1.331980783,-0.198974834,0.1141381146,-0.008079727117,-0.08294038073,0.02428365488,-1.91216709,1.33927082,-0.6632276992,0.4233867843,0.1169359212,-0.2624710704,0.4727917455,-1.904824227,-1.365128732,0.7075528774,0.09784690091,-0.1368140291,-0.1281283345,-0.3912116311
-0.02134310739,-0.02926583358,0.1921976442,-0.5215319408,-0.4634556551,0.5154839043,-0.4974833011,-0.4113660568,0.2870481471,0.1548765652,0.6635560369,-0.1076482627,-0.161763157,-0.529066002,-0.9807324734,-0.6366685643,1.330578476,-0.1995973188,0.1155157307,-0.006791627934,-0.08215703529,0.02335828517,-1.919525629,1.333300417,-0.6778103481,0.4305872903,0.1216327469,-0.2620008008,0.4785260308,-1.905434968,-1.364943169,0.7162486491,0.1054043098,-0.1398960092,-0.1308101816,-0.3994566793
-0.02077300816,-0.02878637324,0.19349079,-0.5210837033,-0.4635370993,0.5155454466,-0.4978132422,-0.4151159521,0.2852030468,0.1500139611,0.6689016617,-0.1106331359,-0.1623838357,-0.5357238577,-0.9785356551,-0.6274572376,1.329080678,-0.2002075605,0.1167221456,-0.005501533227,-0.08120068606,0.02279060866,-1.926373217,1.327500709,-0.6918904867,0.4375407877,0.1259898623,-0.2616730795,0.4845565099,-1.906027355,-1.364740619,0.7245482037,0.1129011143,-0.1431207072,-0.133573486,-0.4072802784
-0.02016286721,-0.02838898097,0.1948711256,-0.5206322945,-0.4638701411,0.5155461397,-0.4979745816,-0.4189603013,0.2831813257,0.1452737929,0.6731110898,-0.113781317,-0.1630375486,-0.5430233675,-0.975338904,-0.6182178372,1.3273089,-0.2008734737,0.1179037025,-0.003620217021,-0.07995212439,0.02187492459,-1.932391195,1.32161183,-0.7054132966,0.4445427066,0.1299052052,-0.2617546443,0.4913951576,-1.907186993,-1.36451462,0.7329978341,0.1209579025,-0.1467669555,-0.1367318996,-0.414648327
-0.01951374871,-0.02807522306,0.1963355633,-0.5201367468,-0.4642130707,0.5155095479,-0.498210694,-0.422529944,0.2809123717,0.1403088645,0.6764245528,-0.1169362634,-0.1634447939,-0.5500131281,-0.9714414067,-0.6093768156,1.325564575,-0.2015053661,0.1189228156,-0.001732395906,-0.07842061514,0.0212680172,-1.937770438,1.315904978,-0.7184907366,0.4511657141,0.1333960889,-0.2619227195,0.4990833242,-1.908523398,-1.364181378,0.7411253898,0.1291049245,-0.1506257383,-0.1400246346,-0.4214186725
-0.01882470461,-0.02784631058,0.1979139286,-0.5197122035,-0.4647031383,0.5153548523,-0.4983568952,-0.4264629047,0.2784467289,0.1355944543,0.6789934628,-0.1198826874,-0.1636853102,-0.5574024406,-0.9665651202,-0.6003562114,1.323496503,-0.2022054793,0.1199021617,0.0004066658995,-0.07659718396,0.02042230846,-1.942546405,1.310161365,-0.731320907,0.4578060324,0.1366227312,-0.262345395,0.507774458,-1.910431285,-1.363750055,0.7495667251,0.1378663467,-0.1548596806,-0.1438493336,-0.4283912091
-0.01810725375,-0.02770555078,0.1995958363,-0.5192875346,-0.4651072165,0.5151566001,-0.4986275274,-0.4302990956,0.2756917786,0.1304593117,0.6811613652,-0.1224581748,-0.1634673653,-0.5643269548,-0.9610128951,-0.5915203975,1.321458926,-0.2028754407,0.1207267859,0.002361424865,-0.07456450703,0.02002278362,-1.946894892,1.304607872,-0.7439225787,0.4641297499,0.139598826,-0.2627987841,0.5169427798,-1.912478937,-1.363168176,0.7577978273,0.1466958156,-0.1593007765,-0.1478514297,-0.435154163
-0.01737978381,-0.02765184101,0.2013986689,-0.5189445403,-0.465629761,0.51487051,-0.4987923893,-0.4346948791,0.2728601845,0.1252588029,0.6831472994,-0.1244028067,-0.1628783726,-0.5717270723,-0.9544076729,-0.5823859549,1.319097308,-0.2036697598,0.1215232423,0.004450629563,-0.07241453591,0.0194718213,-1.950851127,1.299101104,-0.7562453507,0.4704837046,0.1424811612,-0.2635611999,0.5263712399,-1.91507578,-1.362525571,0.766370948,0.1559054059,-0.1640045298,-0.1521836878,-0.4421012648
-0.01665693858,-0.02769390792,0.2033247733,-0.5186337967,-0.4659630676,0.5145905966,-0.4990931,-0.4391020355,0.2697525198,0.119680978,0.6851802434,-0.1255195366,-0.1619252094,-0.5785920921,-0.947237742,-0.5733749689,1.316777301,-0.2044482137,0.1221888364,0.006169314354,-0.07033305939,0.01961944226,-1.954650543,1.293856822,-0.7682962092,0.4765465788,0.145229887,-0.264430708,0.535733163,-1.917782439,-1.36182235,0.7747035132,0.1649797115,-0.1688115863,-0.1565235993,-0.4488784684
-0.01594688136,-0.02781311336,0.2053496733,-0.5184212137,-0.46634062,0.5142774835,-0.4992840286,-0.4441245532,0.2667109101,0.1144343902,0.6875158089,-0.1257266422,-0.1606591749,-0.5859232589,-0.9393166945,-0.5640345933,1.314211559,-0.2053398672,0.1228607982,0.00789905319,-0.06836517324,0.01972568296,-1.958217594,1.288776273,-0.780005564,0.4826610938,0.1479061157,-0.2657061873,0.5449598217,-1.92092026,-1.361186371,0.7833435908,0.1741218598,-0.1737099655,-0.1609896436,-0.4558299076
-0.01525583179,-0.02802128119,0.2074778051,-0.5182985285,-0.4664504789,0.5139805033,-0.4996144797,-0.4491931023,0.2635080365,0.1095569965,0.6901210163,-0.1248697539,-0.1593081236,-0.5926246313,-0.9312456489,-0.5549577063,1.311716342,-0.2062067247,0.123433822,0.009088237163,-0.06666123574,0.02055174903,-1.961682916,1.284002031,-0.7913678849,0.4884877078,0.1504590881,-0.2671509844,0.5540428299,-1.924084869,-1.360600624,0.7917433628,0.1829306493,-0.1785861272,-0.1653194109,-0.4626633882
-0.01456514295,-0.02828941217,0.2096864289,-0.5182733542,-0.4666195562,0.5136554934,-0.4998169207,-0.4549394839,0.2605378809,0.105640869,0.6933417405,-0.1230631434,-0.1581275077,-0.5998205833,-0.9226669606,-0.5457540306,1.308955503,-0.2072888552,0.1240481793,0.01029701759,-0.06508680326,0.02130290321,-1.964909329,1.279299337,-0.8022046688,0.4944442274,0.15292327,-0.2691341773,0.5630414481,-1.927611215,-1.360196775,0.8003601322,0.1918536112,-0.1833924916,-0.1699346908,-0.4695732021
-0.01387828199,-0.02862922211,0.2119783763,-0.5183403717,-0.4665399467,0.5133403572,-0.5001453938,-0.4607346989,0.2574755028,0.1025048745,0.6968584668,-0.1202485816,-0.1570599484,-0.6063844298,-0.9141821397,-0.5370147283,1.306235923,-0.2083750381,0.1245893664,0.01097598027,-0.063763079,0.02271884772,-1.968059656,1.274851756,-0.8126019686,0.5001114085,0.1552595256,-0.2713390954,0.571961816,-1.931135181,-1.359918598,0.8087011436,0.2004573732,-0.1881360882,-0.1745147543,-0.4763882235
-0.01318363865,-0.02901208895,0.2143184628,-0.518482332,-0.466569209,0.5130050413,-0.500314973,-0.4671797699,0.2546761446,0.1003894585,0.7008183236,-0.1165938585,-0.1559403875,-0.6135022603,-0.9053280201,-0.528125049,1.303138614,-0.209462137,0.1250644904,0.01176771119,-0.06249939661,0.02385011943,-1.970904277,1.270431149,-0.8225599461,0.5058596633,0.1574533716,-0.2738366088,0.5808724246,-1.934816729,-1.359661823,0.8172522362,0.2090842589,-0.192803083,-0.1792444036,-0.4834135813
-0.01248226993,-0.02944893383,0.2167086616,-0.5186943508,-0.4663949922,0.5126633591,-0.5006077925,-0.4736046476,0.2517762326,0.0988879995,0.7048652374,-0.1121048589,-0.1548436469,-0.6200316786,-0.8966246817,-0.5196086502,1.300025316,-0.2104937196,0.1254520262,0.01210262647,-0.06135624438,0.02544045426,-1.973573689,1.266179318,-0.8321551435,0.5113423226,0.1594992549,-0.2763782166,0.589726091,-1.938379358,-1.359399555,0.8255711351,0.2173968708,-0.1974290667,-0.1838356919,-0.4904102576
-0.01177039052,-0.02992123749,0.2191424174,-0.5189021803,-0.4663487554,0.5123249942,-0.5007818546,-0.4805863742,0.2491872489,0.09808882295,0.7092713787,-0.1068115439,-0.153735935,-0.6270300642,-0.887407172,-0.5108066217,1.296625046,-0.2116285314,0.1257618053,0.01269333499,-0.06011905646,0.02682716501,-1.975914111,1.261782692,-0.8413368131,0.5170437291,0.1614362272,-0.2791363751,0.5986151783,-1.942033926,-1.359080709,0.834050976,0.2258476893,-0.2020497281,-0.1886334605,-0.4975850297
-0.01104969505,-0.03043973613,0.2216155745,-0.5191272025,-0.4661083201,0.5119869368,-0.501118108,-0.4874150785,0.2464980964,0.09754423003,0.7136603141,-0.1007554023,-0.1526212475,-0.6333777503,-0.8782490152,-0.5022554024,1.293288126,-0.212737721,0.1259973969,0.01291157332,-0.05887217704,0.02870008346,-1.978065881,1.257430807,-0.8502245279,0.5225855942,0.1632703061,-0.2818606347,0.6074989044,-1.94553213,-1.358701224,0.8422874281,0.2340624641,-0.2066961709,-0.1933223066,-0.504699431
-0.01033201704,-0.03101413631,0.2241280437,-0.5193746648,-0.466064422,0.5116115424,-0.5012858883,-0.494919272,0.2440592224,0.09738685233,0.7182274345,-0.0938059309,-0.1514544708,-0.6402808619,-0.8682859789,-0.4934853638,1.289732528,-0.2140091849,0.126195069,0.01345496725,-0.05748401569,0.03003127395,-1.979690674,1.252824294,-0.8587855841,0.5284827626,0.1649277676,-0.2847207027,0.6165719762,-1.948870715,-1.358148288,0.8506645214,0.2424513136,-0.2114859389,-0.1983137521,-0.5121020458
-0.009617833257,-0.03165303254,0.2266769836,-0.5196644739,-0.4658587619,0.5112138648,-0.5015823291,-0.5023009279,0.2414308403,0.09722780005,0.7226559942,-0.08601335552,-0.150239931,-0.6465769839,-0.8582204308,-0.4850400048,1.286329138,-0.2152488965,0.1263418484,0.01366558539,-0.05606630886,0.0316108678,-1.98095007,1.248209755,-0.8671292617,0.5342992544,0.1664615745,-0.2874661975,0.6258017506,-1.951923983,-1.357468225,0.8588685538,0.2506043039,-0.2163658764,-0.2032492829,-0.5195091278
-0.008943219791,-0.03238853684,0.2293347966,-0.5199370471,-0.4657471688,0.5109166079,-0.50170635,-0.5101224054,0.2388376282,0.09740782384,0.7271845087,-0.07698534562,-0.1488351622,-0.6529550859,-0.8470145669,-0.476421228,1.282811075,-0.2168599814,0.1263401986,0.01437744305,-0.05480025693,0.03319899785,-1.98192537,1.243383697,-0.8751968706,0.54064536,0.1676686213,-0.2906674374,0.6351189387,-1.954998184,-1.35660368,0.867197926,0.2591289806,-0.2213735156,-0.2084587204,-0.527345094
-0.008299843844,-0.03322445416,0.2320905647,-0.5202491082,-0.4653827448,0.5106885272,-0.5019531796,-0.517711668,0.2358507279,0.09752433297,0.7315404632,-0.06671408828,-0.1472986224,-0.6584790984,-0.8354034674,-0.468053911,1.279579407,-0.2184382989,0.1262720246,0.01483286746,-0.05374345537,0.03544173809,-1.982708704,1.238601652,-0.8831357746,0.5469134875,0.1687133608,-0.2939051318,0.6446983509,-1.957920112,-1.355660401,0.8753201204,0.2674625387,-0.226435026,-0.213585853,-0.5352319864
-0.007720590011,-0.03416724661,0.2349700652,-0.5206204481,-0.4650570768,0.5105336418,-0.5020275539,-0.5263242004,0.2327826757,0.09784831001,0.7367720083,-0.05472368721,-0.1454980065,-0.6641577922,-0.8225539245,-0.4593795988,1.27613948,-0.2200999842,0.1261164594,0.01553272295,-0.05306355175,0.03769094888,-1.982988532,1.233592392,-0.8904558188,0.553276738,0.1695730904,-0.2973892159,0.6542345178,-1.960553546,-1.354415042,0.8830530679,0.2763629044,-0.2314721703,-0.2193542311,-0.5432510256
-0.007194646759,-0.03522136788,0.2379581373,-0.5210812305,-0.4643881703,0.5104544957,-0.5022491277,-0.5349387462,0.2291936554,0.09802995953,0.7422602817,-0.04104335556,-0.1435278856,-0.6689832724,-0.8091972831,-0.4507520315,1.272940813,-0.2216269661,0.1259234158,0.01578681902,-0.05280336717,0.0407343315,-1.983019645,1.228593624,-0.8974276064,0.5593543467,0.1703417346,-0.3007981856,0.6639829996,-1.962959205,-1.353202177,0.8903852288,0.2849789945,-0.236451814,-0.2252108351,-0.5512964118
-0.006748087848,-0.03637273822,0.2410336572,-0.5216265285,-0.4637334439,0.5103926006,-0.5023509241,-0.5446789538,0.2256263578,0.09829357248,0.7486822652,-0.02540756599,-0.1412951379,-0.6740307874,-0.7946069525,-0.4415965004,1.269653472,-0.2234285082,0.1255557481,0.01597173097,-0.05281708656,0.04371108696,-1.98247121,1.223569898,-0.9036246296,0.5655561788,0.1712450147,-0.3044265956,0.6737887993,-1.965140762,-1.351872512,0.8975478375,0.293357112,-0.2414701091,-0.2313541508,-0.5594754641
-0.006368498279,-0.03762562384,0.2441733274,-0.5222664382,-0.4627336398,0.5103885023,-0.5026120997,-0.5543803625,0.221573104,0.09830333825,0.7553172594,-0.007928132991,-0.1389437476,-0.6782238534,-0.7796977754,-0.4325568115,1.266659605,-0.2251467278,0.1251442543,0.01556779321,-0.05319451772,0.04737206243,-1.98163546,1.218742519,-0.9094382767,0.5715126308,0.1722498036,-0.3079944424,0.6838010659,-1.967172741,-1.350633905,0.9045763798,0.3010751717,-0.246399841,-0.2373680427,-0.5676157065
-0.006084728237,-0.03892522792,0.2473152471,-0.5229025458,-0.4617444731,0.5104512644,-0.5027966545,-0.564253351,0.2177571415,0.09853988703,0.7620651417,0.010964678,-0.1361528155,-0.6823938752,-0.7640945582,-0.4233296061,1.26353914,-0.2269518379,0.1244741059,0.01502127293,-0.05387022263,0.05100269138,-1.98044686,1.213887435,-0.9144697903,0.5777017742,0.1733424114,-0.3117142172,0.6933959786,-1.968935528,-1.349260185,0.911506719,0.3084358825,-0.2513753007,-0.2434626011,-0.5756675613
-0.005879614146,-0.04027270903,0.2504296127,-0.523571849,-0.4605136137,0.5105793255,-0.5030988799,-0.573537683,0.2135859436,0.09857810404,0.768615858,0.03089544509,-0.1333912508,-0.685753909,-0.7486690179,-0.4146034105,1.260638524,-0.2286211607,0.1237761097,0.01396505331,-0.05489179911,0.05503423666,-1.97913302,1.209234949,-0.9191647942,0.5836871921,0.1745078203,-0.3152972916,0.702835747,-1.970510549,-1.347899588,0.9184701557,0.3152186277,-0.2562639088,-0.2493170834,-0.5836525095
-0.00576422474,-0.0416271336,0.2534691372,-0.5241632604,-0.4593787734,0.5108332119,-0.5032628028,-0.5824125882,0.2094973466,0.09891244222,0.7756305791,0.05069279573,-0.1307511705,-0.6889260107,-0.7328176804,-0.4060228038,1.257459852,-0.2302999749,0.1228881218,0.01305694529,-0.05624214424,0.0588375803,-1.977590245,1.204540884,-0.9232755149,0.5898251909,0.1756921257,-0.3189743251,0.7116780005,-1.971854376,-1.346234638,0.9255122871,0.321805774,-0.2612188406,-0.2548498852,-0.5915433445
-0.005723278224,-0.04299429648,0.2564011448,-0.5247961124,-0.4581367012,0.5111068311,-0.5034576552,-0.5905587187,0.2048723031,0.09923567437,0.7825049661,0.06965942445,-0.1285109536,-0.6914903997,-0.7172161573,-0.3979915184,1.254394982,-0.2318383233,0.1220231273,0.01182529426,-0.05793257111,0.0625144227,-1.975918452,1.199967456,-0.9272387307,0.5956957478,0.1768943507,-0.3224406387,0.7202528933,-1.972877282,-1.344480831,0.9326590587,0.3280239031,-0.266067232,-0.2599222388,-0.5994850277
-0.005759577344,-0.04432426467,0.2592130113,-0.5254676736,-0.4570799918,0.5113481869,-0.503472578,-0.5987092956,0.2000685463,0.1001179905,0.7899070428,0.08593894273,-0.1266715944,-0.6942843084,-0.7014013761,-0.3901102767,1.250913153,-0.2332352713,0.1210738171,0.01067550204,-0.0599194614,0.0653741982,-1.973876663,1.19516293,-0.9305098511,0.6016670148,0.1782425681,-0.3259245829,0.728039651,-1.973335542,-1.342132695,0.9396053708,0.3345495641,-0.2708037935,-0.2645923144,-0.6077269195
-0.005859402177,-0.04562827636,0.2619084289,-0.5262509151,-0.4559493082,0.5114600385,-0.5035661145,-0.6066486989,0.1944139795,0.101444205,0.7967570263,0.09862276794,-0.125559493,-0.696685994,-0.6859019498,-0.3826973511,1.247452439,-0.2344825348,0.1201891486,0.009084029961,-0.0621138151,0.06790633079,-1.971816,1.190302598,-0.9336024054,0.6073780032,0.1796786208,-0.3291271641,0.7355008545,-1.97342462,-1.339701314,0.9464049815,0.340912966,-0.275300629,-0.2687392866,-0.6162600198
-0.006010374985,-0.04687722001,0.2645166845,-0.5270614701,-0.4550013752,0.511461471,-0.503574343,-0.6150681885,0.1884936826,0.10382394,0.8034569531,0.1068085552,-0.1249623696,-0.699152195,-0.6700170399,-0.3754136476,1.2434704,-0.2355457836,0.1191472539,0.007663158989,-0.06430496196,0.06986780184,-1.969697433,1.185221086,-0.9362001366,0.6133402746,0.1811154053,-0.332534521,0.7422926321,-1.97340752,-1.336887115,0.9529481533,0.3478606905,-0.2796139114,-0.272591043,-0.6251577548
-0.006228786551,-0.04807846986,0.2670317963,-0.5279342666,-0.4539587154,0.5113411045,-0.5037233067,-0.6234112445,0.1822836438,0.1065237255,0.8095821043,0.1123605359,-0.1242879326,-0.7010933794,-0.6542938437,-0.3684928861,1.239537449,-0.2364897553,0.1181525169,0.005943550201,-0.06660776188,0.07184984972,-1.967990736,1.180057982,-0.938919356,0.619112086,0.1825669005,-0.3357092532,0.7489088575,-1.973281679,-1.334256274,0.959138127,0.3546558803,-0.2836640407,-0.2760028827,-0.6340878327
-0.00655195081,-0.04920008051,0.2694428593,-0.5287455478,-0.4530117317,0.5112505376,-0.5038168361,-0.6315453604,0.176863226,0.1093593215,0.8159407394,0.1166692181,-0.1230401482,-0.7028986642,-0.6381046341,-0.3612996993,1.235521053,-0.237174883,0.1170914606,0.004441390092,-0.06919394723,0.07372805061,-1.966455882,1.174559487,-0.9409973875,0.6251966357,0.1840481982,-0.3390478403,0.7545582033,-1.973062367,-1.331575697,0.9647513676,0.3617622081,-0.2877358904,-0.2792658569,-0.642863596
-0.006979124719,-0.0502502871,0.2717241532,-0.5296190086,-0.4519318493,0.5111406389,-0.5039807106,-0.639035403,0.1718050867,0.1116748162,0.8221174126,0.1208161748,-0.1214761265,-0.7042863172,-0.622240255,-0.3542062861,1.231853493,-0.2377172684,0.116097345,0.002652741401,-0.07224992105,0.07568097945,-1.965417456,1.169001277,-0.9431120031,0.6310737046,0.1855535586,-0.3421093696,0.7598696682,-1.972743587,-1.329277195,0.9699320318,0.3685072783,-0.2915894394,-0.2822018371,-0.651327996
-0.007439788171,-0.05120983804,0.273906908,-0.5304481134,-0.4510141458,0.5110512954,-0.5040214408,-0.6461840812,0.1674781494,0.1140039466,0.8282519718,0.124827607,-0.1197638593,-0.7058923825,-0.6059459411,-0.3468140674,1.228104683,-0.2380946681,0.1149476832,0.001161197466,-0.07540815299,0.07729489629,-1.964472369,1.163332816,-0.9448658487,0.6371963635,0.1871225771,-0.3454174624,0.7646671353,-1.972641759,-1.326788217,0.974774294,0.3760178402,-0.295170707,-0.2852732902,-0.6594895208
-0.007918821476,-0.05208657794,0.2759785517,-0.5313512658,-0.4500254175,0.5109003883,-0.5041068826,-0.6527671382,0.1631690045,0.1160320992,0.8338660788,0.1285634662,-0.1182650149,-0.7073011998,-0.5901018715,-0.3396966686,1.224668604,-0.2383938801,0.1138536744,-0.000558417613,-0.07874328297,0.07880751718,-1.963875265,1.157733658,-0.9468091297,0.6430242331,0.1886993456,-0.348479816,0.7693858465,-1.972746064,-1.32449579,0.9793824371,0.3835769306,-0.2984320758,-0.288050502,-0.6671815233
-0.008399958817,-0.05287431549,0.2779510669,-0.5321937726,-0.4492688554,0.5107225645,-0.5040731555,-0.6593243386,0.1595477123,0.1182603611,0.8386787572,0.1321562428,-0.117096833,-0.7087834965,-0.5738763958,-0.3325877717,1.220922656,-0.23811804,0.1126757626,-0.001818850064,-0.08187833716,0.07988393711,-1.963227683,1.152014277,-0.9483807467,0.6491307975,0.1905094313,-0.3518261077,0.7737940766,-1.973219748,-1.32214799,0.9837745664,0.3916239742,-0.3021527942,-0.2913199907,-0.6746161825
-0.008877976827,-0.05357423192,0.2798119648,-0.5330950424,-0.4484664838,0.5104500431,-0.5041113391,-0.6656233867,0.1559372459,0.1202855998,0.8427022552,0.1356316191,-0.1161278039,-0.7099798819,-0.5579965676,-0.3257101409,1.217401574,-0.2377039462,0.1115817807,-0.003210236325,-0.08497709632,0.08085737229,-1.962890475,1.14638662,-0.9502168038,0.6549187071,0.1923605126,-0.3549402314,0.77816262,-1.974084535,-1.320067385,0.9880436599,0.3997439789,-0.306010596,-0.2946953899,-0.6815011454
-0.009370965511,-0.05415994239,0.2815571618,-0.5338959597,-0.4478954873,0.5101636188,-0.5040613243,-0.672144484,0.1531955629,0.1221614284,0.8460245745,0.1395450788,-0.1147837697,-0.710955667,-0.5415987342,-0.3187383472,1.213379789,-0.2367812504,0.1104618011,-0.003978038875,-0.08780606129,0.08146097669,-1.962560274,1.140630532,-0.9517984256,0.6609400778,0.1944201262,-0.3583490736,0.7820638164,-1.975442005,-1.317839563,0.992143686,0.4084638721,-0.3104308305,-0.2985571959,-0.6878952114
-0.009883634733,-0.05462987569,0.2831631913,-0.5347507746,-0.4472238254,0.5098206968,-0.5040985183,-0.678459773,0.1506301614,0.1234757006,0.84894499,0.1442568716,-0.1132373284,-0.7114841274,-0.5253872275,-0.3115875884,1.209549964,-0.2358208913,0.1094302942,-0.004764208092,-0.09070919037,0.08201664755,-1.962560628,1.13493473,-0.9538125219,0.6665495939,0.1963965952,-0.3614955137,0.7857753325,-1.977199119,-1.315871119,0.9961250516,0.4173503005,-0.3150326327,-0.302552239,-0.6935884992
-0.01044341121,-0.05497671014,0.284646915,-0.5355728236,-0.4466069674,0.509424078,-0.5041736566,-0.6851247041,0.1487602382,0.1242713328,0.8522487738,0.1502218091,-0.1112676977,-0.7119171928,-0.5088395244,-0.3036096418,1.205704426,-0.2346118084,0.1084287334,-0.005505342233,-0.09359691646,0.082355892,-1.962859398,1.128911708,-0.9558611167,0.6726238525,0.1987320184,-0.3648182363,0.7893302578,-1.979280664,-1.313808582,1.00000855,0.4267489348,-0.319935171,-0.3069399001,-0.6988824
-0.01104463523,-0.055213257,0.2859871762,-0.5364776094,-0.4457840678,0.5089663077,-0.5044022573,-0.6915483642,0.1469196709,0.1245345143,0.8558707201,0.1572210439,-0.1092636597,-0.7119524836,-0.4928195031,-0.2952246418,1.202273438,-0.2334572215,0.1075032812,-0.006603727731,-0.09674471666,0.0827540395,-1.963560644,1.122834495,-0.9584259607,0.6784332814,0.2011252258,-0.367813401,0.792840856,-1.981589788,-1.312053809,1.003836188,0.4362056184,-0.324804971,-0.3113945242,-0.703666547
-0.01168119027,-0.05531596406,0.2871757654,-0.5373501727,-0.4449361797,0.5084385308,-0.5047542454,-0.6981902163,0.1456694473,0.1246154791,0.8604289732,0.1650116914,-0.1071645111,-0.7117640432,-0.4772626548,-0.2865742706,1.198888769,-0.2320735001,0.106625723,-0.00797582348,-0.09993181395,0.08293938138,-1.964539567,1.116371086,-0.9610564168,0.6848744736,0.2041667082,-0.3711197582,0.7964792674,-1.983972817,-1.310230752,1.007646499,0.4460955048,-0.3296430516,-0.3161193,-0.7082275166
-0.01234553001,-0.05530693611,0.2882069234,-0.5382373841,-0.4439436925,0.507898899,-0.5052259145,-0.7044707365,0.144509433,0.1245172588,0.8654655936,0.1731695498,-0.1052427867,-0.7112605094,-0.4629370046,-0.2781711993,1.195850624,-0.2307542256,0.1058195158,-0.009623116673,-0.103389449,0.0831239135,-1.965833136,1.10997375,-0.9641613512,0.6909784487,0.2074355826,-0.3742594304,0.8000284512,-1.986372013,-1.308684238,1.011459978,0.4560043612,-0.3342725873,-0.3207593646,-0.7125563744
-0.01302621755,-0.05512695146,0.2890127964,-0.5390458021,-0.4429587803,0.5073206489,-0.5058091551,-0.7108407392,0.1440967065,0.124546963,0.8715848017,0.1812651567,-0.1034806884,-0.7107003634,-0.4508869582,-0.2708076525,1.193169712,-0.2291410042,0.1051837499,-0.01136189933,-0.1069227316,0.08291182398,-1.967168774,1.10364743,-0.9674758946,0.6969530982,0.2113081323,-0.3778604414,0.8034187449,-1.988582465,-1.307154273,1.015239212,0.4662478463,-0.3387883671,-0.3252957674,-0.7167295476
-0.01371897295,-0.05481286045,0.2896174675,-0.5397171211,-0.4419927407,0.5068335878,-0.5064262637,-0.7167162397,0.1441184607,0.124555609,0.8782513702,0.1887736595,-0.1020601312,-0.7102080494,-0.4410715979,-0.2642843648,1.19085777,-0.2275666269,0.1046547731,-0.01284622599,-0.1106587032,0.08259446927,-1.968586119,1.097668186,-0.9713403682,0.7020215922,0.2153094777,-0.3814700867,0.8062236061,-1.990597892,-1.305968496,1.019002673,0.4764541825,-0.3431049829,-0.3294678546,-0.7208431137
-0.01437401967,-0.05435733704,0.2900122232,-0.5401609331,-0.4411545757,0.5064365071,-0.5070807342,-0.7221439228,0.145032197,0.1249060922,0.8855772806,0.195304241,-0.1008525227,-0.71039251,-0.4337145356,-0.2587143612,1.189474642,-0.2257602254,0.1042570009,-0.01425700588,-0.1143265762,0.08202276495,-1.970106469,1.091801966,-0.9756522235,0.707173794,0.2198708035,-0.3857735868,0.8088587329,-1.992275344,-1.304733289,1.022674842,0.4868628492,-0.3471890332,-0.3335255251,-0.7249048437
-0.01495958322,-0.05382678492,0.2902737954,-0.5403096383,-0.4406290263,0.5062070383,-0.507608107,-0.7270275091,0.146616663,0.1251487154,0.8930188444,0.2004586309,-0.09996251134,-0.7110927817,-0.4279220319,-0.2536393517,1.187958403,-0.2241730077,0.1039577988,-0.01507413541,-0.1178039668,0.08132967158,-1.971633903,1.086372675,-0.980356742,0.7115108981,0.2245322366,-0.3900776904,0.8107988655,-1.993811211,-1.303620693,1.026323421,0.4971684988,-0.3511056814,-0.3371429596,-0.7291142586
-0.01539662915,-0.05325376155,0.2904477871,-0.5401797085,-0.4405628493,0.5061196173,-0.5078909246,-0.731637705,0.1490366708,0.1254568124,0.9003361229,0.2042127734,-0.0992221433,-0.7124871805,-0.4232509917,-0.2486742781,1.186189394,-0.2227502105,0.1040119261,-0.01526292109,-0.1207787121,0.08021853009,-1.973073578,1.081066972,-0.9849828892,0.7159876587,0.2295303608,-0.3946668171,0.812569868,-1.995259656,-1.302192379,1.029822749,0.5076058304,-0.3547347259,-0.3406660439,-0.733221883
-0.01567469203,-0.05267968909,0.2905950177,-0.539796851,-0.4409172347,0.5061637119,-0.5079465018,-0.7359303721,0.1518514535,0.1254166157,0.9071725762,0.2065116812,-0.09866273032,-0.7142909876,-0.4191440368,-0.2433638627,1.183848051,-0.2216875393,0.1041650598,-0.01488794725,-0.123286476,0.07901109103,-1.974756692,1.076166052,-0.9894626773,0.719944837,0.2343934954,-0.3989101538,0.8138605188,-1.99680702,-1.300639835,1.033215026,0.5179118715,-0.3582713572,-0.3437014783,-0.7375633643
-0.01575425244,-0.0521011129,0.2907263721,-0.5392654201,-0.4416132055,0.5062585471,-0.507811842,-0.7400711021,0.1550079425,0.1252286894,0.9134494962,0.2076314823,-0.09782339043,-0.7165191228,-0.4155974624,-0.2375277326,1.181325002,-0.2208724132,0.1047729493,-0.01412114119,-0.1253218956,0.07751698426,-1.976602702,1.07124832,-0.9933798978,0.7241983279,0.2397659956,-0.4038610377,0.8159322853,-1.998437763,-1.298808544,1.036444726,0.5284400245,-0.3617007688,-0.3465728525,-0.7419878625
-0.01564759942,-0.0515343093,0.2908611124,-0.538632317,-0.4424888018,0.5063468111,-0.5076335236,-0.7439453631,0.1581420584,0.1246810195,0.9191175026,0.2077308812,-0.09703230643,-0.7187962709,-0.4125188796,-0.2311285383,1.1787147,-0.2203083436,0.1054292532,-0.01326418251,-0.126965817,0.07609974787,-1.979032853,1.066623375,-0.9971533237,0.727927368,0.2450044848,-0.408641759,0.8171823377,-2.000207085,-1.297047962,1.039599734,0.5388707316,-0.3651885349,-0.3488543849,-0.7467631769
-0.01534413048,-0.05097652483,0.2909785872,-0.5379846061,-0.4434336637,0.5063907914,-0.5074519839,-0.7475917089,0.1611656478,0.1240317688,0.9242580211,0.2072769962,-0.09602542799,-0.7211270582,-0.4101048831,-0.2243293455,1.176311631,-0.2199762541,0.1063711932,-0.01238964118,-0.128299092,0.07457518732,-1.981789133,1.061954648,-1.000678812,0.7317523493,0.250738402,-0.4143721906,0.8186658973,-2.002049688,-1.295397594,1.042743819,0.5493649651,-0.3687279301,-0.3508381968,-0.7516140923
-0.01486042062,-0.05043626933,0.2910775983,-0.5373383626,-0.4443399005,0.5063425051,-0.5073921604,-0.7508971316,0.1639390599,0.1232407927,0.9289706957,0.2063333326,-0.09511966485,-0.7232034418,-0.4083856787,-0.2173475065,1.174169888,-0.2197812988,0.1072703598,-0.01168287206,-0.1293470428,0.07317078112,-1.985032799,1.057452297,-1.004544521,0.7348401968,0.2563435525,-0.4200866208,0.8188349997,-2.003896282,-1.294154442,1.045952728,0.5596453317,-0.3724075875,-0.3521780882,-0.7567427724
-0.01419791667,-0.04990932874,0.2911341375,-0.5367741826,-0.445169324,0.5061763654,-0.5074280609,-0.7539608475,0.1664076857,0.1225837046,0.9333407273,0.2051700344,-0.09400428035,-0.7251878558,-0.4075383613,-0.2103286515,1.172348971,-0.2196572401,0.108472659,-0.01111575693,-0.1301760824,0.07167224979,-1.988618314,1.052592711,-1.008645121,0.7380577693,0.2624092005,-0.4265152551,0.8187119901,-2.005748233,-1.293461663,1.049048877,0.569840228,-0.3761263782,-0.3536723285,-0.7613926435
-0.01336979197,-0.04940510278,0.2911480289,-0.5362615507,-0.4459021375,0.5058803956,-0.5076217669,-0.7566861776,0.1686139209,0.1220272605,0.9374071724,0.2037304568,-0.09300461087,-0.7268574406,-0.4074882982,-0.20351356,1.170781812,-0.2195789289,0.1096119086,-0.01073915774,-0.1307459589,0.07022913304,-1.99251934,1.047601968,-1.013366578,0.740678926,0.2683366423,-0.4327152081,0.8174109807,-2.007531205,-1.29339265,1.052120415,0.579791933,-0.3799312155,-0.354981137,-0.7660035099
-0.01235518832,-0.04891254246,0.2910967996,-0.5358278937,-0.4465521184,0.5055081539,-0.5078791,-0.7591448557,0.1704253668,0.1217259604,0.9413830465,0.20187938,-0.09175276536,-0.7283852559,-0.4083231706,-0.1969911938,1.169228328,-0.2195551632,0.1109516054,-0.01034067563,-0.131087096,0.06868217981,-1.996508054,1.042188201,-1.018357311,0.7435131748,0.274872718,-0.4397534359,0.8169281028,-2.009284295,-1.293810802,1.05488096,0.5898674521,-0.3835768832,-0.3570889984,-0.7699089248
-0.01116854785,-0.04844143612,0.2909859397,-0.5354287695,-0.4471511499,0.5050747502,-0.5082040719,-0.7612729331,0.171983175,0.1216342319,0.9451767563,0.1996011626,-0.09062226258,-0.7296614372,-0.4098782676,-0.190899224,1.167659848,-0.2195877125,0.1121891159,-0.009883037955,-0.1311826763,0.06712632771,-2.000580228,1.036654034,-1.023936587,0.7457777313,0.2813071222,-0.4465687005,0.8160040502,-2.010956754,-1.294731454,1.057439307,0.5998712332,-0.3871566114,-0.3594681831,-0.7736592785
-0.009803831772,-0.04795896547,0.2908278477,-0.5350260709,-0.4477398381,0.504612928,-0.5085685143,-0.7633780145,0.1733300857,0.1217338477,0.949233047,0.1968198542,-0.08922709627,-0.7307975531,-0.4120097529,-0.1851717616,1.165841581,-0.2197594662,0.1136495821,-0.009501075306,-0.1309356359,0.06548425482,-2.004616408,1.030857325,-1.029557896,0.748280563,0.2884068152,-0.4538358038,0.8158517731,-2.012608727,-1.295576215,1.059787828,0.6100245178,-0.3904949156,-0.3620242267,-0.77707808
-0.008283581762,-0.04747782991,0.290630666,-0.534594965,-0.4483261932,0.5041805576,-0.5089339969,-0.7652797503,0.1745205975,0.1219999975,0.9533672896,0.1935943051,-0.08796679105,-0.7317555659,-0.4146062725,-0.1797927333,1.163854431,-0.2200210995,0.1150022873,-0.009068875332,-0.1305098516,0.0638827644,-2.008724185,1.025106566,-1.035504349,0.7503334625,0.2953519174,-0.4606936908,0.8150871041,-2.01416045,-1.296470394,1.062001233,0.6200454908,-0.3937446785,-0.3641218301,-0.7805803489
-0.006619018243,-0.04696401014,0.2904186795,-0.5341508934,-0.4489048562,0.5037986616,-0.509268261,-0.7671859992,0.1753404697,0.1224027577,0.9579317899,0.1896366735,-0.08644084684,-0.7326812744,-0.4175752529,-0.1746356741,1.161684686,-0.2203585587,0.1163979171,-0.009050037064,-0.1298565755,0.06219726587,-2.012789393,1.019573878,-1.041184475,0.7527605412,0.3031800605,-0.4679593795,0.8153296433,-2.015595403,-1.296718101,1.064326863,0.6291332102,-0.3970499284,-0.3650163301,-0.7841126511
-0.00484187997,-0.04643015172,0.2901960718,-0.5336692667,-0.4494605514,0.5035310387,-0.5095476616,-0.7688519365,0.1758944957,0.1229525365,0.9626889645,0.185072564,-0.08507489052,-0.7335343619,-0.4208528916,-0.1697020985,1.159479641,-0.2207307085,0.1176374898,-0.009188279404,-0.1292010157,0.06060370452,-2.017004806,1.014464546,-1.047001054,0.7548730802,0.3108976346,-0.4748380264,0.8146971394,-2.016913834,-1.29648727,1.066677204,0.6377386276,-0.4002855053,-0.3648583703,-0.787700494
-0.002997109737,-0.04584446111,0.2899728216,-0.533138527,-0.4500294036,0.5033571664,-0.5097729004,-0.7704628382,0.176212537,0.1235880198,0.9679464115,0.1795056612,-0.08355362571,-0.7344598392,-0.4241807353,-0.1649506528,1.156977225,-0.2213049354,0.1189266218,-0.009905978175,-0.1285032128,0.0589762586,-2.021333457,1.009935605,-1.052386357,0.7572163118,0.3195037631,-0.4818798253,0.8142407757,-2.018276763,-1.295299262,1.069322228,0.6459631944,-0.4034652465,-0.3636298907,-0.7913334524
-0.001114703446,-0.04522127736,0.2897555095,-0.5325548006,-0.450577067,0.5033304657,-0.5099256156,-0.7718007542,0.1763266588,0.1242991431,0.9734014847,0.1731433873,-0.0822503355,-0.7354193525,-0.4275550052,-0.1603740227,1.154378546,-0.2219485753,0.1200749962,-0.01089621868,-0.1280159437,0.05749076371,-2.025980786,1.006003054,-1.057810242,0.7592938958,0.3279165956,-0.4884434075,0.8123840308,-2.019538853,-1.29349756,1.071967236,0.6538661892,-0.4061580646,-0.3614535056,-0.794334985
0.0007356322354,-0.04451683318,0.2895599644,-0.5319247096,-0.4511801886,0.5033971279,-0.5099841883,-0.7731066831,0.1763309764,0.1250098759,0.9791976901,0.165526011,-0.08089451999,-0.7366679366,-0.43061161,-0.1560265665,1.151531245,-0.2226024931,0.1210136625,-0.0123219052,-0.1277028645,0.05588644739,-2.030765353,1.002366311,-1.062707208,0.7616660606,0.3364771844,-0.4940121579,0.8090689027,-2.020804429,-1.290891833,1.074875181,0.6613511148,-0.4083107507,-0.3583123476,-0.7966838302
0.002532587039,-0.04374924582,0.2894036383,-0.5312473392,-0.4517774508,0.5036051739,-0.5099561044,-0.7741820408,0.1761931666,0.1256761262,0.9850382997,0.1569407141,-0.07979297084,-0.7381218529,-0.4334116961,-0.1519087195,1.148652325,-0.2232439609,0.1217762842,-0.01401069339,-0.1277894547,0.05444342731,-2.035938502,0.9990606946,-1.067380975,0.7641240849,0.3446388411,-0.4987178282,0.8051553283,-2.021870345,-1.28771837,1.077667771,0.6685013068,-0.4095711612,-0.3543718132,-0.7982204278
0.004280761701,-0.04287627373,0.2892801003,-0.5305636489,-0.452407859,0.5038695835,-0.5098478072,-0.7752282524,0.1759296913,0.1263487831,0.9912001991,0.1467422009,-0.07862026735,-0.7399073544,-0.4359471637,-0.1482308735,1.145974443,-0.2238243576,0.1222972076,-0.01606301108,-0.1280847955,0.0529165069,-2.041294236,0.9958526593,-1.071377411,0.7671820144,0.3527241861,-0.5028544264,0.8012541854,-2.022948861,-1.283904012,1.080709372,0.6752683717,-0.4099423056,-0.3495816975,-0.7993904128
0.005963286472,-0.04192148473,0.2892105801,-0.5298661468,-0.4530150136,0.5042318661,-0.5096758667,-0.7760903047,0.1755210138,0.1269981773,0.9973399947,0.1353177759,-0.07774369812,-0.7419465499,-0.4382819788,-0.1449915015,1.143573981,-0.2243236244,0.1226837536,-0.01833803653,-0.1287687434,0.05162052805,-2.047224466,0.9927832556,-1.075254245,0.7704804479,0.3605400709,-0.5063544021,0.7974229744,-2.023861664,-1.279640674,1.083547523,0.6818119786,-0.4094102009,-0.3441229062,-0.8002366941
0.00752134863,-0.0408648684,0.2891862036,-0.5290621432,-0.4538207595,0.5046582645,-0.5093721655,-0.7771250219,0.1750372943,0.1273652064,1.003973368,0.1218760541,-0.0771155377,-0.7443677855,-0.4395098155,-0.142215181,1.141333613,-0.2244734656,0.1227391557,-0.02012066191,-0.1292654277,0.05041865194,-2.05371626,0.9899319886,-1.079314067,0.7740399756,0.3677953646,-0.5088778446,0.7938138938,-2.025409502,-1.274883808,1.086734167,0.6880499917,-0.4083152196,-0.3378633165,-0.8011349793
0.008935957484,-0.03973437869,0.2892278613,-0.5282172324,-0.4546893411,0.5051698389,-0.5089671821,-0.7781702912,0.1743708914,0.127417722,1.010397359,0.1071771302,-0.07672457837,-0.7471232213,-0.4399497841,-0.1398617504,1.139401405,-0.2244719236,0.1226859252,-0.02155734351,-0.1299134951,0.04959310734,-2.061014114,0.9871565251,-1.083745656,0.7779017952,0.3746362214,-0.5105786626,0.7902971727,-2.027265173,-1.269820758,1.089580587,0.6941645219,-0.4068188889,-0.3311163398,-0.801804297
0.01017888609,-0.03860690385,0.289363023,-0.5272559438,-0.4558522826,0.5056863912,-0.5084104051,-0.7794108338,0.1736081647,0.1270018278,1.016626651,0.09096027773,-0.07600213935,-0.7496194485,-0.4383347528,-0.1379143456,1.136710719,-0.2244069044,0.1223221215,-0.0219004128,-0.1300239409,0.04891912217,-2.068672722,0.9844787225,-1.088819914,0.7820161134,0.3803070091,-0.5111233402,0.7871817858,-2.030144708,-1.264676154,1.092786738,0.7001143372,-0.4050919571,-0.3240956497,-0.8024179862
0.01121444053,-0.03749076573,0.2895897859,-0.5263856153,-0.4570355392,0.5061823041,-0.507756019,-0.780771223,0.1725356373,0.1262076611,1.022163333,0.07417794606,-0.07517143918,-0.7519357442,-0.435360714,-0.1361554181,1.133933534,-0.2243789143,0.1219015339,-0.02174930551,-0.1302343956,0.04852426194,-2.076785862,0.981669423,-1.094361433,0.7865902247,0.3852340693,-0.5108333671,0.7846722758,-2.033487705,-1.259591963,1.095607999,0.7059122625,-0.4033499364,-0.3170668691,-0.802760474
0.01210539929,-0.03641827642,0.2898723156,-0.5254963086,-0.4583958546,0.5066238822,-0.5070099723,-0.7823267394,0.1711164689,0.1245534339,1.027989065,0.05650430222,-0.07381551158,-0.7536364712,-0.430253437,-0.1348400883,1.130262864,-0.2248488395,0.1212806348,-0.02051115251,-0.1298331308,0.04816105005,-2.084736511,0.9788535888,-1.100660821,0.7910284791,0.3886754584,-0.5077299888,0.7831379076,-2.037549987,-1.255024467,1.098758476,0.7109667824,-0.401695174,-0.3099126147,-0.8029509878
0.0128010184,-0.0353846242,0.2901888487,-0.5248968646,-0.4595495897,0.5069385554,-0.5062714264,-0.7839818465,0.1690573904,0.1228145117,1.033369112,0.03866604714,-0.07245040189,-0.7547299981,-0.42380261,-0.1334867406,1.126489702,-0.2255493633,0.1206704153,-0.01912949947,-0.1296193307,0.04786299369,-2.092557003,0.9757221909,-1.107098749,0.796180892,0.391131643,-0.5046250214,0.7827447666,-2.041821687,-1.25090554,1.101532235,0.7155468222,-0.400248511,-0.3029994572,-0.8028804396
0.01338964843,-0.03439489293,0.2904792804,-0.5245160469,-0.4605386785,0.5070088284,-0.5056966384,-0.7856754583,0.1661066801,0.1206787567,1.038987417,0.02001694913,-0.07064132858,-0.7548998977,-0.415609621,-0.1320488121,1.121878573,-0.2258633189,0.1197934249,-0.01740918162,-0.1287796919,0.04748987828,-2.099741551,0.9724207236,-1.113890512,0.8016592254,0.3918473239,-0.5011987561,0.7836274135,-2.046737849,-1.247479567,1.104607574,0.7194808814,-0.3992666851,-0.2963606076,-0.8027019856
0.01382646317,-0.03343539337,0.2907160818,-0.5246112689,-0.4610576012,0.506767848,-0.5053664543,-0.7874444632,0.1620462098,0.1190520382,1.044099448,0.001062335836,-0.06904962819,-0.7542118225,-0.4063697043,-0.130241447,1.117251095,-0.2261206031,0.1189213236,-0.01607215481,-0.1279697694,0.04699520651,-2.106149968,0.9686819413,-1.120729777,0.8071912385,0.3917713855,-0.4968313631,0.7860511573,-2.051835781,-1.244689479,1.107413706,0.7229302548,-0.3987023589,-0.2902635503,-0.8020362525
0.01422842303,-0.03249056217,0.2908505484,-0.5249425194,-0.4612813065,0.5061402527,-0.5054472793,-0.7895822509,0.1573171672,0.1177977787,1.050306117,-0.01891724192,-0.06730499038,-0.7529206223,-0.3962764022,-0.1284571564,1.111876822,-0.2261871747,0.1177499807,-0.01496353747,-0.1261247492,0.04638070586,-2.111478889,0.9650118176,-1.127959844,0.8119833489,0.3903688728,-0.4906157537,0.7899018673,-2.057398504,-1.242883489,1.110677404,0.7252481873,-0.3984480952,-0.2847102502,-0.8006982128
0.0145667403,-0.03156535378,0.2909024643,-0.5255699854,-0.4611456361,0.5052817818,-0.5057778304,-0.7919184755,0.151960198,0.1176560428,1.056355064,-0.03936935327,-0.06593444891,-0.7514519204,-0.3865001322,-0.1273465091,1.106482905,-0.2262368488,0.1165943033,-0.01398124195,-0.1238714707,0.0456611983,-2.115623515,0.9611874556,-1.135099683,0.81603591,0.3885326607,-0.4824907471,0.7952029254,-2.063039634,-1.241722309,1.113672242,0.7267852538,-0.3985746418,-0.279893007,-0.7983373212
0.0149118291,-0.03065735047,0.2908506986,-0.5261236284,-0.4609884006,0.5043281383,-0.5062970976,-0.7945740984,0.1470969905,0.1185282699,1.063687379,-0.06088498593,-0.06447559255,-0.7502677061,-0.3777668173,-0.1282999045,1.101028732,-0.2257326981,0.1151404737,-0.01249368388,-0.1204575963,0.04491692177,-2.118582337,0.9579967885,-1.142456736,0.8186859162,0.3857566861,-0.4722576485,0.8015476559,-2.068981953,-1.24140115,1.116926054,0.7270071573,-0.3990163205,-0.2759282942,-0.7948751284
0.01522620641,-0.02978850254,0.2907515342,-0.5265778945,-0.4608430813,0.5035485221,-0.506732929,-0.7972101898,0.142806958,0.1205833989,1.070907235,-0.08246680651,-0.06326034595,-0.7498428445,-0.370829758,-0.1314267258,1.095854009,-0.2251046274,0.1137843155,-0.01012753806,-0.1165896051,0.0442192219,-2.120309638,0.9552950987,-1.149479849,0.8201202401,0.3828356664,-0.4602900217,0.8088322475,-2.074796831,-1.241361329,1.119721052,0.7263220148,-0.3998086579,-0.2728236128,-0.7902899888
0.01555868324,-0.02895132889,0.2906209674,-0.5267370966,-0.4608481035,0.503027035,-0.5070807219,-0.8000194203,0.1400440006,0.1232432766,1.079549133,-0.1041693074,-0.06152181311,-0.7500778475,-0.3660316963,-0.1370086875,1.090436097,-0.2243433563,0.1122422176,-0.006804472897,-0.1120103813,0.04385364711,-2.121189359,0.9538684626,-1.156472067,0.8197749418,0.3789950562,-0.446855941,0.8161547304,-2.080663839,-1.241813939,1.122440926,0.724238186,-0.4005038459,-0.2706160841,-0.7846738794
0.01588624848,-0.02818309833,0.2905499441,-0.5266830204,-0.4610792927,0.5029132214,-0.5070396174,-0.8028349778,0.1385207154,0.1264306185,1.087874886,-0.124766202,-0.05987396294,-0.7511406578,-0.3627042385,-0.1435866451,1.084429884,-0.2238475321,0.1108868022,-0.002306944802,-0.1073470901,0.04362142691,-2.121024295,0.9534620446,-1.16268517,0.8180197033,0.3750494031,-0.4325523714,0.8236186528,-2.086188372,-1.242232883,1.124521936,0.721216765,-0.4013827276,-0.2692106257,-0.7786538829
0.0162335796,-0.02742701539,0.2905948113,-0.5264638584,-0.461570656,0.502997294,-0.5067366748,-0.8065869145,0.1383663972,0.1295318962,1.097706834,-0.1440756093,-0.05816312773,-0.7528354962,-0.3604344239,-0.1507824174,1.078062882,-0.2234298581,0.1097164257,0.002639565284,-0.1022503988,0.04351971995,-2.120371906,0.9546827067,-1.16835326,0.8148620381,0.3704536504,-0.4180537202,0.8305938221,-2.091693361,-1.242463888,1.126650049,0.7166263695,-0.4020002513,-0.2681912242,-0.7733135645
0.0165553912,-0.02670374721,0.2908007783,-0.5262656526,-0.4620912944,0.5032878312,-0.5061792741,-0.8104339425,0.1387512505,0.1327084377,1.106863891,-0.1615462,-0.05676873896,-0.7550492489,-0.3591211803,-0.1573218092,1.071823299,-0.2230783148,0.1086875342,0.007632411888,-0.09737703872,0.04364358934,-2.119118222,0.9568552863,-1.172929949,0.810904835,0.3660025278,-0.4035472827,0.8373212436,-2.096759893,-1.242268724,1.128329287,0.7111767618,-0.4027979252,-0.267679362,-0.7686068527
0.01685825113,-0.02602669887,0.2911441904,-0.5261677304,-0.4625515476,0.503489242,-0.5056601314,-0.8145266908,0.1390673598,0.1353391365,1.116323097,-0.1774558574,-0.05527080299,-0.757145706,-0.3586176594,-0.1626750248,1.066819942,-0.2227685422,0.1074416706,0.01202870324,-0.09248429952,0.0439989058,-2.117628307,0.9600651895,-1.176878816,0.8058822713,0.3610639096,-0.3892192586,0.8432197771,-2.101634935,-1.241384943,1.130756701,0.7051049604,-0.4032228492,-0.2661826084,-0.7644680898
0.01711930897,-0.02540210483,0.2915927058,-0.5262089384,-0.4627854577,0.5035184946,-0.5053740187,-0.8184305562,0.1390395495,0.1375686597,1.124994121,-0.1919395518,-0.05408204427,-0.7587077662,-0.3588756547,-0.1661328898,1.063862274,-0.2227244839,0.1060550747,0.01554863869,-0.08759278695,0.04465011298,-2.115528618,0.9633746517,-1.179682725,0.8004553289,0.3563701987,-0.3749263969,0.8488147064,-2.105852087,-1.239867033,1.132961445,0.6992234053,-0.4036925621,-0.2643570354,-0.7607262691
0.01730842517,-0.02483399052,0.2920834204,-0.5264185128,-0.4627781511,0.5032375245,-0.5054423076,-0.8222359604,0.1384263906,0.139247477,1.133997572,-0.205705016,-0.05266111468,-0.7595776826,-0.3596184299,-0.1684079841,1.062488068,-0.2230731228,0.1050308306,0.01789680352,-0.08280336982,0.04549509408,-2.113326724,0.9668449746,-1.181990326,0.7943611142,0.3515197809,-0.3606014795,0.8537549063,-2.109472146,-1.237593031,1.135471242,0.6940098047,-0.4035352802,-0.2614294859,-0.7587542454
0.01739034428,-0.024311911,0.2925728894,-0.526754881,-0.4624889416,0.5027136046,-0.505877758,-0.8258188172,0.1373337808,0.1407023117,1.142622165,-0.2187845564,-0.05151641243,-0.7597095253,-0.36065291,-0.169873679,1.062407119,-0.2238527272,0.1045155256,0.01930473464,-0.0782770997,0.04656085195,-2.110816321,0.9696580064,-1.183485972,0.7881774392,0.3471337515,-0.345938982,0.8584680424,-2.112339933,-1.234984,1.137420549,0.6897966888,-0.403441728,-0.2580604001,-0.7582189567
0.01730454053,-0.02379807883,0.2930048701,-0.5272515365,-0.4620427156,0.5019049802,-0.5065705648,-0.829525934,0.1359740497,0.1419594628,1.152200695,-0.2326663771,-0.05032748551,-0.7592610517,-0.3616370314,-0.1709935198,1.063054083,-0.2255236864,0.1042973218,0.01987904448,-0.07429681754,0.04748724681,-2.108647751,0.9721041502,-1.185099732,0.7813052367,0.3430440208,-0.3299854053,0.862654827,-2.114790817,-1.232162413,1.139563041,0.6865864313,-0.4032698605,-0.2536551917,-0.7602718414
0.01705588257,-0.02329320636,0.2933772055,-0.5278299111,-0.4614596683,0.5009299986,-0.507463985,-0.8333263401,0.1345340344,0.1434188496,1.161760593,-0.2464813745,-0.04946526229,-0.7582771108,-0.362430528,-0.1718708614,1.064051738,-0.2280386907,0.1043986968,0.01990525784,-0.07089481089,0.04835812388,-2.106509595,0.9736971479,-1.186429403,0.7742533697,0.3397420629,-0.3127416879,0.8665842292,-2.116925642,-1.229782432,1.141027968,0.684108639,-0.4034443583,-0.2491208291,-0.7620957069
0.01664068962,-0.02277545372,0.2936867971,-0.5284884051,-0.4608640198,0.4998565473,-0.5083776087,-0.8374332735,0.1331359252,0.1452122945,1.171755979,-0.2609815717,-0.04866035687,-0.7568083706,-0.3626986358,-0.1725649951,1.065275887,-0.2323100584,0.1046523635,0.01979153287,-0.06832225191,0.04896453029,-2.104698131,0.9748429573,-1.187649121,0.7671896402,0.3358890077,-0.2961514431,0.8689109597,-2.119252694,-1.228082364,1.142595247,0.6825917238,-0.4038626974,-0.2445121408,-0.7640944939
0.01607517045,-0.02224944487,0.2939452882,-0.5291780413,-0.4602445902,0.4987576605,-0.5092998271,-0.8416630007,0.1319043527,0.1475450628,1.181401875,-0.2744428909,-0.04804997567,-0.7549836122,-0.3624690583,-0.1731698188,1.066295723,-0.2381830952,0.1051362301,0.01941478977,-0.06655014231,0.04940061958,-2.102894715,0.9752326103,-1.18840895,0.7604679521,0.3322344483,-0.2795998444,0.870598454,-2.121529089,-1.227261862,1.143738316,0.6814041838,-0.4043191363,-0.2403139116,-0.7644193519
0.01530277526,-0.02166382178,0.2941843776,-0.5299044768,-0.4596814514,0.4976284701,-0.5101569508,-0.8462838723,0.1311310165,0.1502273528,1.19138074,-0.288083927,-0.04731165678,-0.7533916221,-0.3614490165,-0.1737461897,1.068098559,-0.2461164,0.1057124168,0.01922953365,-0.06596580342,0.04954865258,-2.100977533,0.975546203,-1.188705985,0.7528174337,0.3276099869,-0.2629027594,0.8718310486,-2.123828085,-1.227863065,1.145295604,0.6806342537,-0.4046607578,-0.2362887627,-0.7644510532
0.01434723329,-0.02103410458,0.2944254314,-0.5306119068,-0.4591036926,0.496531688,-0.5110098693,-0.8509463608,0.1308254374,0.1532755052,1.200980401,-0.3002563144,-0.04663511486,-0.7519111928,-0.3597870398,-0.1745207461,1.069947855,-0.2556241619,0.1064988432,0.01896755947,-0.06646452251,0.04967418459,-2.098737605,0.9752788931,-1.188294831,0.7449777566,0.3227382098,-0.2457001885,0.8728128536,-2.125739328,-1.229540854,1.146785008,0.680136911,-0.404733442,-0.2326667702,-0.7637814032
0.01318797319,-0.02033418269,0.2946715344,-0.5313020777,-0.4585596303,0.4954169553,-0.5118624894,-0.8557662926,0.1312936639,0.1563457657,1.210798673,-0.3123839596,-0.04587222741,-0.7510886771,-0.3576590295,-0.175794873,1.072845547,-0.2663732579,0.1071824551,0.01890352119,-0.06801674095,0.04970509695,-2.096024208,0.9749131404,-1.187631663,0.7360414829,0.3161258487,-0.2271375643,0.8737337362,-2.128047735,-1.232947511,1.150036716,0.6793481071,-0.403982805,-0.2289316558,-0.7635895363
0.0118618508,-0.01959683152,0.294960305,-0.5318911386,-0.4580375374,0.494391655,-0.5127088086,-0.860476102,0.132510396,0.1593955911,1.22020096,-0.3231139102,-0.04518384122,-0.7506732086,-0.3550642735,-0.177573366,1.075827034,-0.2774797409,0.1079098138,0.01895856769,-0.07050555769,0.04989087473,-2.092511953,0.9739637075,-1.186370138,0.7269041091,0.3090758642,-0.2068208744,0.874114148,-2.129904838,-1.237148477,1.153719669,0.6789020469,-0.4028221899,-0.2253927685,-0.763667545
0.0104658945,-0.01881806198,0.2952971916,-0.5324454913,-0.4576176705,0.4933295255,-0.5135307641,-0.865491008,0.1343068902,0.1620539445,1.229580214,-0.3339522729,-0.04449937423,-0.7508306319,-0.3523550023,-0.1799842921,1.078572798,-0.2882833015,0.1084970065,0.01949531644,-0.07358624346,0.04993946446,-2.088100004,0.9728662983,-1.185087511,0.7169916659,0.3012316274,-0.1846304858,0.8748251303,-2.131641456,-1.242495616,1.158367421,0.6789877431,-0.4013020436,-0.2220977239,-0.7648273302
0.009034449271,-0.01802328227,0.2957192627,-0.5328608558,-0.457287898,0.4923896292,-0.5142951873,-0.8705045028,0.1366442838,0.1643421034,1.238447605,-0.3436004632,-0.0439004778,-0.7512940554,-0.3494291905,-0.1826563842,1.080790187,-0.298321483,0.108990135,0.02053161785,-0.07721971009,0.05019321635,-2.08269647,0.9714787811,-1.183561328,0.7070711862,0.2941145793,-0.1609782673,0.8765630672,-2.132740814,-1.24827039,1.162928881,0.679890979,-0.3999140992,-0.2191195242,-0.7668061198
0.007663354229,-0.01721769891,0.2962048339,-0.5332149255,-0.4571067945,0.4914734688,-0.514965097,-0.8758206672,0.1392754403,0.1660375654,1.247044191,-0.3528696905,-0.04337244462,-0.7522098296,-0.3465724762,-0.1858309108,1.082464321,-0.3068977541,0.1092640201,0.02219657731,-0.08092018123,0.05022539018,-2.07602269,0.9700603376,-1.182340297,0.6969904127,0.2869449401,-0.1359966652,0.8809837329,-2.134021185,-1.254377829,1.16833864,0.681767326,-0.3983668928,-0.2167226327,-0.7697449206
0.006351597013,-0.01642074391,0.2967840118,-0.53349045,-0.4569535362,0.4906777975,-0.5155741503,-0.8811894548,0.1419557338,0.1671951896,1.255006799,-0.3609486356,-0.04292001291,-0.7532550466,-0.3438695422,-0.1889834585,1.083748127,-0.3142517866,0.1093563963,0.02423837897,-0.08486653846,0.05041298373,-2.068265912,0.9685694305,-1.181200398,0.6872908559,0.28117791,-0.1098565224,0.887332954,-2.134877163,-1.260419062,1.173620421,0.6845240037,-0.3971779736,-0.2147035013,-0.7732621333
0.005212410846,-0.01567499456,0.2973823778,-0.5338956012,-0.4567478965,0.489697314,-0.5162687156,-0.8869654026,0.144392503,0.167902324,1.262488167,-0.3691957949,-0.04252803702,-0.7543179595,-0.342199993,-0.1920947144,1.084866957,-0.3203237022,0.1091205264,0.02593079322,-0.08854371728,0.05009733057,-2.059703155,0.9665225557,-1.181197505,0.6784361178,0.2754439379,-0.08552320773,0.8939146667,-2.135550405,-1.26651898,1.179352173,0.6876196925,-0.3963884624,-0.2129655169,-0.7770083413
0.004209900118,-0.0149854061,0.2980112538,-0.534330455,-0.4564106592,0.4887229392,-0.5170398086,-0.8927490434,0.1464838739,0.1681253118,1.269315773,-0.3765943251,-0.0421983063,-0.7550885328,-0.3413769288,-0.194976741,1.0859357,-0.3253958711,0.1089153233,0.02728582641,-0.09224696131,0.04978010142,-2.050698018,0.9640633023,-1.181067465,0.6709589513,0.2710059259,-0.06383169629,0.9011654478,-2.135628728,-1.272369194,1.184921574,0.6912177408,-0.3961693238,-0.2114366771,-0.7810454822
0.003418292629,-0.01439331087,0.2986410296,-0.5348990118,-0.4559776829,0.4875813102,-0.5179110597,-0.8987985263,0.1481996024,0.1681286669,1.275680145,-0.384147203,-0.04189146797,-0.7557572118,-0.341751936,-0.1984228368,1.086274852,-0.3287507021,0.1089945978,0.02819126532,-0.09551118816,0.0491293358,-2.041615265,0.9612553346,-1.181548259,0.6638020948,0.2662089824,-0.0444201607,0.9099598436,-2.135748012,-1.278267495,1.191227372,0.6949709404,-0.3962379699,-0.2102123065,-0.7857282969
0.002788387602,-0.01389391217,0.2992697548,-0.535503492,-0.4553834867,0.4864976741,-0.518827431,-0.9047336854,0.1495672922,0.1679894143,1.281521206,-0.390917032,-0.04163042744,-0.756015405,-0.3431257242,-0.2021001986,1.086339497,-0.3309578412,0.1092216578,0.02881789705,-0.09874621782,0.04855007842,-2.032665752,0.9581234705,-1.182084661,0.6575495307,0.2621307952,-0.02737509764,0.9183627916,-2.135354427,-1.283952776,1.197513524,0.698990185,-0.3967623642,-0.2092283825,-0.7908555012
0.002406259767,-0.01355337534,0.2998629899,-0.5362608717,-0.4547345132,0.4852813859,-0.5197526108,-0.9109069861,0.1505587954,0.16781477,1.287166105,-0.3981500299,-0.041382282,-0.7561681008,-0.3456517295,-0.2059353706,1.085429667,-0.3309356032,0.1093978993,0.02907345642,-0.1013651118,0.04747297171,-2.023697613,0.9542166044,-1.183230582,0.6516772974,0.2575627182,-0.01166912876,0.9267267766,-2.135068356,-1.289545643,1.204564988,0.7026520193,-0.3975473207,-0.2083814519,-0.7963357044
0.002208528645,-0.01335804905,0.3004140625,-0.5370669122,-0.453944287,0.4841870583,-0.5206309718,-0.9168756802,0.1513033209,0.1677564618,1.292532559,-0.4047222503,-0.0411746384,-0.755900327,-0.3491436486,-0.2098009114,1.084206059,-0.3296607264,0.1096922703,0.02906191435,-0.1038698618,0.04636564696,-2.014992829,0.9497090424,-1.184382137,0.6467963909,0.2535458854,0.00245859651,0.9343594271,-2.134293278,-1.294748208,1.211509645,0.706175005,-0.3986618592,-0.2077483002,-0.8019741492
0.002279560989,-0.01347582981,0.3009212587,-0.5379797978,-0.4533859595,0.4829819322,-0.5212939305,-0.9231166242,0.1521719931,0.167754171,1.297806246,-0.4115229446,-0.04094856241,-0.7553050133,-0.3534178212,-0.2144525582,1.080591494,-0.3265118676,0.1098219912,0.02823673996,-0.1053713278,0.04438057562,-2.006982905,0.9434753153,-1.186045856,0.6437488741,0.248676454,0.0163304883,0.9431122229,-2.133615421,-1.298827973,1.218637733,0.7089066739,-0.4002239937,-0.2073357843,-0.8073450218
0.002526427064,-0.0138603879,0.3013739759,-0.538945451,-0.4528300788,0.4820168459,-0.5216727718,-0.9290282836,0.1532232732,0.1682170753,1.302981621,-0.4175886376,-0.04075870542,-0.7543364197,-0.3584502056,-0.2191797555,1.076144925,-0.3221909891,0.1100232945,0.02703947683,-0.1067753999,0.04215873352,-1.999615335,0.9368678942,-1.187334329,0.6417401217,0.2444799207,0.02969516546,0.9520509938,-2.132546913,-1.302021866,1.225531411,0.7110352192,-0.4019635729,-0.2072465833,-0.8127529754
0.003016164405,-0.01457118999,0.3018622472,-0.539954383,-0.452526095,0.4809939815,-0.5218373188,-0.9353172053,0.1541376507,0.1689024923,1.308094253,-0.4233313414,-0.04037068119,-0.7537125767,-0.3629902243,-0.222935654,1.070715595,-0.3162230427,0.1102683571,0.02565019697,-0.1072516401,0.03922145844,-1.992355164,0.930449671,-1.18814482,0.6391086061,0.2403592818,0.04373144224,0.9613493,-2.131620776,-1.304791172,1.233036876,0.7122301242,-0.4034675268,-0.2074310031,-0.8182786519
0.00369148463,-0.01557684726,0.3024167721,-0.5409295541,-0.4522536945,0.4801985096,-0.5217961333,-0.941501792,0.1550726999,0.1702031509,1.31314933,-0.428222988,-0.03997893665,-0.7531326074,-0.3671994114,-0.225418684,1.064844185,-0.3088742683,0.1104024141,0.02470097465,-0.1074167657,0.0362396315,-1.985021024,0.92519576,-1.18848698,0.6354000569,0.2365223393,0.05746854697,0.9694334008,-2.130256375,-1.307407243,1.240530715,0.7128381124,-0.4048535191,-0.2080384964,-0.8240110933
0.004605190245,-0.0168391513,0.3031050286,-0.5418829894,-0.4521479516,0.4793795973,-0.5216514711,-0.9485157772,0.1558883356,0.1715129252,1.31926747,-0.4332216141,-0.03956090891,-0.7534499776,-0.3707401831,-0.2262768721,1.058957582,-0.2995953461,0.1103265478,0.02429200224,-0.1066376118,0.03282120026,-1.977006031,0.9204558719,-1.188226337,0.6303342983,0.2325542066,0.07167268113,0.9765661052,-2.128539752,-1.309973148,1.248347805,0.7125896563,-0.4063125955,-0.2086139711,-0.8300399521
0.005717637303,-0.01835354777,0.3039572538,-0.5427323399,-0.4519062431,0.4787723053,-0.5215356501,-0.9556382352,0.1565591323,0.1731627764,1.325897819,-0.437534127,-0.03918293356,-0.7540390667,-0.373940491,-0.225428613,1.053293765,-0.288362315,0.1099166799,0.02437381614,-0.1053609791,0.02990137923,-1.968427154,0.9162004513,-1.187680168,0.6247426794,0.2281726432,0.08542639882,0.9833099581,-2.126207847,-1.312380639,1.255862789,0.7120472268,-0.4079560895,-0.2093917307,-0.8363612771
0.007052776783,-0.0200779873,0.3049535087,-0.5434729667,-0.4516347132,0.4781854317,-0.5215380266,-0.9639720802,0.1571315959,0.1742430028,1.334507025,-0.4416308584,-0.03892638561,-0.7552256319,-0.3768099031,-0.2232174881,1.048175747,-0.2748099774,0.1092077285,0.02500132558,-0.1031142888,0.02727183267,-1.959452776,0.9119135016,-1.187434312,0.6184206273,0.2229975761,0.09952518587,0.9903553333,-2.12416687,-1.314761109,1.263882728,0.7114138963,-0.4094502016,-0.2103937414,-0.842850797
0.0085702878,-0.02203054785,0.3061121884,-0.5440648821,-0.4510728581,0.477845666,-0.5217185066,-0.9725295967,0.1575046233,0.1752544986,1.343791564,-0.4450505528,-0.03873157034,-0.7564289884,-0.3796975628,-0.2196228249,1.0436833,-0.2589669239,0.1081211398,0.02589093114,-0.1004287613,0.02565210129,-1.949987245,0.9073806586,-1.187284128,0.6124160581,0.2169494254,0.1131964092,0.9980660376,-2.121767251,-1.316910008,1.271579003,0.7108349203,-0.4110741249,-0.2116565708,-0.8494716697
0.01028066215,-0.02414916792,0.3073747619,-0.5445154889,-0.4503294604,0.4776579294,-0.5220624118,-0.9820426597,0.15794182,0.1756262338,1.355030945,-0.4488908258,-0.03857326837,-0.7580071061,-0.3829765244,-0.2154309529,1.040285911,-0.2407392841,0.1065590233,0.0271468313,-0.09705687805,0.02466712152,-1.939635048,0.9021559786,-1.18674451,0.6067642785,0.2104471428,0.1267374409,1.006348929,-2.119025548,-1.318873503,1.279214445,0.7096659957,-0.4128622835,-0.2123674297,-0.8562661563
0.0121394701,-0.02645630383,0.308756155,-0.5448246729,-0.4492529462,0.4778011561,-0.5225360479,-0.9913407198,0.1582545023,0.1757938577,1.366414484,-0.4524539159,-0.03845196912,-0.7594778393,-0.3867957306,-0.2105506458,1.037737759,-0.2202992607,0.1046169218,0.02848432975,-0.09352954502,0.02473205904,-1.928579155,0.8964415546,-1.18592233,0.6018954477,0.2035127188,0.1397201153,1.015727106,-2.115642725,-1.320457514,1.286145676,0.708353389,-0.4148114122,-0.2129193681,-0.8631548358
0.01411590563,-0.02887710465,0.3101620902,-0.5450390574,-0.4481250961,0.478054859,-0.5230486362,-1.001092161,0.1588731715,0.1753191374,1.378955537,-0.4568268519,-0.03875300477,-0.7608014729,-0.3908256338,-0.2056516935,1.035472734,-0.1982070222,0.1024275641,0.03007414677,-0.08952298787,0.02490021679,-1.916807878,0.8900164895,-1.184863587,0.5976863641,0.1964070499,0.1526218506,1.026199378,-2.112017637,-1.321894725,1.293003448,0.7064368848,-0.41667554,-0.2130571768,-0.8697376964
0.01615902986,-0.03142003996,0.3116134253,-0.545219303,-0.4467998022,0.4785867983,-0.5235079034,-1.010094284,0.1594102431,0.1746332486,1.390934006,-0.4611236208,-0.03915858534,-0.761945033,-0.3952967332,-0.2004507317,1.033248903,-0.1746223644,0.1000297368,0.03166132289,-0.08570095756,0.02548702911,-1.904607913,0.883330336,-1.183768744,0.5942705449,0.1891670105,0.1650724216,1.037776064,-2.107867354,-1.322927315,1.299269917,0.7043940563,-0.4184549873,-0.2131324839,-0.8761280288
0.0180312697,-0.03378751484,0.3127952219,-0.5452995782,-0.4455266452,0.4790234794,-0.5241096113,-1.01913998,0.1613970583,0.1738976232,1.403329904,-0.4657143325,-0.03975960357,-0.7624349953,-0.3990903028,-0.1953491815,1.031579005,-0.1512985746,0.09787330379,0.03317764039,-0.0815818165,0.02529741561,-1.891608407,0.8758873393,-1.181570609,0.5921802717,0.1829693534,0.1770566697,1.048608462,-2.102981111,-1.323837921,1.304466045,0.7012958201,-0.4208660341,-0.2127352253,-0.8803578979
0.01969016994,-0.03598684873,0.3137408189,-0.5454217119,-0.4441231977,0.4794624944,-0.5247718151,-1.027226644,0.1637931374,0.1730713192,1.414652111,-0.4700894206,-0.0403762922,-0.7623517424,-0.4027051852,-0.1903208842,1.030221839,-0.1287756776,0.09590734087,0.03423552232,-0.07784762742,0.02467718788,-1.878641256,0.8683789608,-1.179107064,0.5912050486,0.1774827332,0.1884512759,1.059149389,-2.097655331,-1.324330647,1.308879163,0.6979350987,-0.423377389,-0.212257619,-0.8835577289
0.02095907902,-0.03791179946,0.3143225436,-0.5454687643,-0.4428920177,0.4797256739,-0.525522374,-1.034701728,0.1680872098,0.1719324561,1.425467955,-0.4760904547,-0.04175135779,-0.7611660318,-0.405311204,-0.1852509158,1.030344923,-0.1101700728,0.09515159532,0.03488522128,-0.07419860652,0.02290072182,-1.865323357,0.860677442,-1.175667298,0.5914676722,0.1741330935,0.1994759384,1.068041522,-2.091530094,-1.324563892,1.313110832,0.6924076593,-0.4257339909,-0.2101733283,-0.885195166
0.02182288974,-0.03957325474,0.3145995322,-0.545582968,-0.4417134429,0.4798539759,-0.5262780835,-1.041084869,0.1730571336,0.1701866989,1.434819479,-0.4821766503,-0.04321028014,-0.759272318,-0.4074083467,-0.1804790918,1.031190793,-0.09637721957,0.09515096413,0.03489903132,-0.07109501787,0.02026304392,-1.852525032,0.8535287622,-1.172219339,0.5927069204,0.1721639283,0.209972646,1.076072764,-2.084935998,-1.324145588,1.316866949,0.6862836794,-0.4274052226,-0.2075305066,-0.8859537374
0.02225755264,-0.04095959521,0.3145854327,-0.545723899,-0.4409780794,0.4796722823,-0.526913903,-1.047172342,0.1793727165,0.167305851,1.444587,-0.4892413795,-0.04496702896,-0.7570499047,-0.4085666086,-0.1765901431,1.031667539,-0.08989854257,0.09525196801,0.03469560319,-0.06784902533,0.01602712988,-1.839022698,0.8464501975,-1.166862042,0.5954746535,0.1723986596,0.2197850387,1.082671515,-2.078084877,-1.323353106,1.319992046,0.6787228886,-0.4283421832,-0.2041605738,-0.8841955636
0.02225391016,-0.04207157092,0.314370637,-0.5459170893,-0.4404488364,0.4794611859,-0.5273483909,-1.052517452,0.1863853582,0.1636468283,1.454019794,-0.4957358436,-0.0466004717,-0.7552599308,-0.4095268395,-0.1731982415,1.030907145,-0.09182663931,0.09585761485,0.03431291559,-0.06509984532,0.01117277435,-1.826228485,0.8404678131,-1.161181129,0.599004013,0.1738510976,0.2291269703,1.088524675,-2.071406526,-1.321756776,1.3224413,0.6706127268,-0.4285730871,-0.2005923892,-0.8813119601
0.02178497825,-0.04289411866,0.3140315109,-0.5460820456,-0.4402250738,0.4791111528,-0.5276824681,-1.057817829,0.1946726342,0.1593323239,1.464197319,-0.5033566681,-0.04883417849,-0.7542722481,-0.4097850575,-0.1700702738,1.029253289,-0.1011925927,0.09707251465,0.03365317849,-0.06242918107,0.00578755655,-1.813372886,0.8350821222,-1.153780129,0.6034389612,0.1777048104,0.2382882047,1.09264025,-2.064797889,-1.319415793,1.324717825,0.6608322498,-0.4276491673,-0.1957539711,-0.8774634115
0.02082870708,-0.04342838173,0.3136001855,-0.5462470697,-0.4399766807,0.4787979331,-0.528003029,-1.062739044,0.2038563175,0.154766119,1.4744351,-0.5102857928,-0.05097633861,-0.7536862564,-0.4097217233,-0.1676415637,1.027680193,-0.112246537,0.09881392221,0.03262163184,-0.06032895952,0.0007886597413,-1.801816329,0.8310237769,-1.146308215,0.6083259536,0.1827701372,0.2472740731,1.095676589,-2.058518522,-1.31604005,1.326263124,0.6510585673,-0.4259421606,-0.1905540103,-0.8734331516
0.01944399997,-0.04372100016,0.3130928919,-0.5465093064,-0.4397054984,0.4783043627,-0.528404759,-1.068127792,0.2136702427,0.149671721,1.485777705,-0.5181373727,-0.05374161321,-0.7532548183,-0.408995434,-0.1661777418,1.026620912,-0.1218200758,0.1010185395,0.0309921636,-0.05847024001,-0.004189727886,-1.790067828,0.8273387124,-1.136864081,0.6137871386,0.1909186504,0.2562332238,1.096324207,-2.051971518,-1.311874228,1.327421145,0.6398251929,-0.4229229929,-0.1836702873,-0.8691690288
0.01764611388,-0.0437935135,0.3125148156,-0.5468762142,-0.4391668085,0.4777598638,-0.5289654367,-1.073681937,0.2240584948,0.1446016108,1.497374743,-0.5251928535,-0.05636081813,-0.7522559675,-0.4079980892,-0.1655629305,1.027168916,-0.1305197495,0.1033348473,0.0287956937,-0.05709481506,-0.008474988587,-1.779493159,0.8246415079,-1.127337598,0.6195835052,0.2005720696,0.2650788045,1.096017471,-2.045614139,-1.306834178,1.327729421,0.62896853,-0.419431449,-0.1762847534,-0.865549592
0.01552530421,-0.04368796292,0.3118344124,-0.5473862655,-0.4384677792,0.4770021005,-0.5297011224,-1.080173344,0.2349654392,0.1392365465,1.510503392,-0.5329853311,-0.05952785065,-0.750533227,-0.406673887,-0.1657293241,1.028945149,-0.1390022517,0.105459784,0.02611873889,-0.0558106533,-0.01268014582,-1.768421238,0.8217495139,-1.115566283,0.6260474585,0.2133190812,0.2737372128,1.09356745,-2.038653948,-1.301294882,1.32743333,0.6169648682,-0.4144048547,-0.1675561572,-0.8622740583
0.013109976,-0.04342250811,0.3110625243,-0.5480458659,-0.4374257563,0.4762035825,-0.530598327,-1.087293496,0.2464189217,0.1341961708,1.52405393,-0.5399067602,-0.06249044022,-0.7478005828,-0.4054025178,-0.1662564359,1.031663726,-0.1479753158,0.1074399746,0.02306042514,-0.05489222666,-0.01620586962,-1.758399763,0.8194669464,-1.103799245,0.632904351,0.2273505983,0.2822777874,1.09076429,-2.031824817,-1.295323644,1.326183259,0.6054371183,-0.4093640009,-0.1587491668,-0.8603315339
0.01047740216,-0.04314235208,0.3101073068,-0.548906674,-0.4359407068,0.4752443491,-0.5317894058,-1.095725984,0.2581327388,0.1291656815,1.539106266,-0.5471683452,-0.06580788513,-0.7431416201,-0.4043158017,-0.1669248529,1.034315796,-0.1574650807,0.1091843423,0.0198725882,-0.05440700983,-0.01956459355,-1.747655047,0.8159732597,-1.090161111,0.6398716335,0.2440517755,0.290992125,1.085748034,-2.024058452,-1.288939245,1.324404318,0.5942481946,-0.4040931067,-0.1490369953,-0.8599496127
0.007681744422,-0.04286637706,0.3090228228,-0.5499521144,-0.4340310021,0.4743012152,-0.5331117316,-1.105217796,0.270178039,0.1246117648,1.554264374,-0.5535721839,-0.06886493005,-0.737126156,-0.4035712663,-0.1670229984,1.0366958,-0.1671619109,0.1105900577,0.01665999262,-0.05446350777,-0.02241380988,-1.73763491,0.8123704001,-1.076885592,0.6470885777,0.2615177595,0.299712226,1.08082081,-2.016456089,-1.282731737,1.321639776,0.5836676702,-0.39950337,-0.1396032563,-0.8592017634
0.004819129801,-0.04259657649,0.3077473045,-0.5511498714,-0.4320261419,0.4733558671,-0.5343420768,-1.116027008,0.2819373073,0.1200417102,1.570063392,-0.5601934306,-0.07240364556,-0.7297833372,-0.4028777029,-0.1676241221,1.037265402,-0.1782741973,0.1126044898,0.01406537666,-0.05513943067,-0.02572108857,-1.727270984,0.8072479944,-1.062382386,0.6546837668,0.2806670479,0.3084936001,1.074550276,-2.008565162,-1.277372832,1.318260477,0.5728384193,-0.3964154964,-0.1297255074,-0.8578446133
0.001979135869,-0.04237803844,0.3064578642,-0.5523728085,-0.4301725566,0.4727049888,-0.5351503018,-1.127667722,0.2937259467,0.1159346247,1.585116641,-0.5661505884,-0.07571339529,-0.7227578071,-0.4020282516,-0.1676985203,1.036083163,-0.1897591092,0.1145150758,0.01242055695,-0.05627982883,-0.02903232342,-1.717592764,0.802322025,-1.048436192,0.6623288089,0.2997905608,0.3173116885,1.068896246,-2.001520067,-1.272936818,1.314006886,0.5617078367,-0.3943252883,-0.1206580154,-0.8540229389
-0.0006956722874,-0.04223212511,0.3052315985,-0.5533859044,-0.4291510826,0.4722734245,-0.5353047745,-1.141155138,0.3062211683,0.1115420288,1.599686705,-0.5729296223,-0.07955311906,-0.7161568182,-0.3997981843,-0.1674623189,1.031748703,-0.2017006771,0.1159317952,0.01335867315,-0.05683313994,-0.03328853237,-1.707183432,0.7964430663,-1.033176899,0.6697938227,0.3202212474,0.3259421674,1.062095943,-1.995256858,-1.269397903,1.309486173,0.5500459545,-0.3943518267,-0.1114943211,-0.8485247083
-0.003225497001,-0.04214825275,0.3041518862,-0.5543605783,-0.4285218237,0.4721460742,-0.5349125914,-1.15491915,0.3185133117,0.1075821298,1.612561102,-0.5795333853,-0.08315783621,-0.7102658764,-0.3971515009,-0.1664841729,1.025142224,-0.2136601681,0.117138309,0.01560247923,-0.05741140968,-0.03758185868,-1.697445094,0.7911824062,-1.01867422,0.6767803863,0.340027044,0.3344377635,1.056038321,-1.990156234,-1.266477436,1.304529498,0.5382179875,-0.3955874092,-0.1031407402,-0.8410440776
-0.005617583905,-0.04210599452,0.3031228264,-0.5553688766,-0.4280804731,0.4720399561,-0.5343133905,-1.16881108,0.3302850597,0.103881932,1.6245463,-0.5873874667,-0.08719926148,-0.704149505,-0.3945841101,-0.1655911105,1.016760465,-0.2252768838,0.1184709429,0.01901174325,-0.0577841191,-0.04245926293,-1.687091771,0.7846309832,-1.003571285,0.6846200677,0.3611975025,0.3422153348,1.049347319,-1.985141887,-1.26415703,1.299169318,0.5263242523,-0.3987473264,-0.0950143403,-0.8319200809
-0.00794621654,-0.04204932288,0.3020960071,-0.5565929893,-0.4273732961,0.4719021758,-0.5337271274,-1.181837165,0.3408487608,0.100862893,1.635133071,-0.5950234707,-0.09094676031,-0.697397141,-0.3929629076,-0.1644324232,1.007766116,-0.236542637,0.1196565735,0.02220023813,-0.05851169833,-0.04732031977,-1.677632876,0.7782544478,-0.9901495725,0.6927286726,0.3816415302,0.3495989646,1.043324976,-1.980641625,-1.262013987,1.293763906,0.5149387074,-0.4030584875,-0.08756909884,-0.8218124147
-0.0103181892,-0.04188927354,0.3008925795,-0.5580412326,-0.4259684665,0.471568603,-0.5336327397,-1.193545248,0.3502169313,0.09848533944,1.645543425,-0.603496579,-0.09500455003,-0.6898705122,-0.3934844708,-0.1641353145,1.00120963,-0.247326717,0.120593651,0.02435378303,-0.05993184028,-0.05205696199,-1.667782619,0.7710078394,-0.9765650339,0.7020199085,0.404007881,0.3557766486,1.035663969,-1.975229508,-1.260281027,1.287959084,0.503746174,-0.408851758,-0.07988838574,-0.810852896
-0.01274023633,-0.04162474538,0.2995102104,-0.5596026971,-0.4240221188,0.4710861804,-0.5339736648,-1.204275945,0.3587030732,0.09645996783,1.655484576,-0.6112364277,-0.09870874009,-0.681724524,-0.3954166978,-0.1641617681,0.9965729122,-0.2574345199,0.1213860673,0.02556726552,-0.06177736157,-0.05650701082,-1.65872656,0.7642618238,-0.9650288828,0.7112247643,0.425756927,0.3612790861,1.028159579,-1.969794895,-1.258656891,1.282374216,0.4933721528,-0.4153704155,-0.07251343352,-0.7997603439
-0.01519486179,-0.04121967177,0.2980213617,-0.5610226304,-0.4217482794,0.4702426496,-0.5350269597,-1.214884501,0.3654882741,0.09348071751,1.666059706,-0.6195175303,-0.1026631603,-0.6742226478,-0.3967911668,-0.1632660382,0.9952321338,-0.2661764849,0.1221311961,0.02606323433,-0.06356752894,-0.06043335289,-1.648896408,0.756664413,-0.952928369,0.7198971575,0.4498670514,0.3657038457,1.020061614,-1.963253048,-1.25773642,1.276101956,0.4839216858,-0.423176988,-0.06465993233,-0.7890120539
-0.0175729841,-0.04079492071,0.2966169139,-0.5620752182,-0.4197718488,0.4692897954,-0.5363115997,-1.225729386,0.3718308714,0.09006018286,1.676333775,-0.6269882559,-0.106236688,-0.6678227581,-0.3968259382,-0.1619886194,0.9951334224,-0.2736583018,0.1228620468,0.02719941974,-0.06470076473,-0.06388254497,-1.638702528,0.749487402,-0.9418857296,0.7258262884,0.4728705041,0.3697069543,1.014125385,-1.956823246,-1.257587124,1.269829142,0.4754527067,-0.431531392,-0.05695867331,-0.7791396094
-0.0198048633,-0.04038210276,0.2954528975,-0.5625558964,-0.4189941396,0.4682951563,-0.5372843019,-1.237967297,0.3789831633,0.08557675628,1.686152308,-0.634563031,-0.1096637863,-0.6639435822,-0.3940545519,-0.1603740632,0.9964100549,-0.2813018323,0.124027808,0.03057407701,-0.06465707584,-0.06767260231,-1.626453961,0.7422325598,-0.9297501299,0.7292372582,0.4979801071,0.3739263919,1.009756519,-1.949281673,-1.258540816,1.261903835,0.4670597051,-0.440945791,-0.04892793858,-0.7696436084
-0.02181560949,-0.04006294668,0.2946879102,-0.5625062268,-0.4191952794,0.4674130964,-0.5379470791,-1.250792364,0.3866954368,0.08103508267,1.694853987,-0.6413651865,-0.1126558065,-0.6618425569,-0.3889745697,-0.1583913447,0.9976992973,-0.2884600587,0.1251869671,0.03572674552,-0.06347829389,-0.07089335038,-1.613011783,0.7358257214,-0.9184223059,0.7294931967,0.5213410516,0.3782062107,1.009983085,-1.9422084,-1.260517818,1.253313062,0.458885168,-0.45062644,-0.04117291592,-0.7611333595
-0.02361814286,-0.0398258354,0.2942244788,-0.5619939022,-0.4202562919,0.4665660114,-0.5383898773,-1.264278651,0.3949349754,0.07606607788,1.703492689,-0.6488380677,-0.1156456113,-0.6609289578,-0.381725507,-0.1571181745,0.9988471157,-0.293155493,0.125745739,0.04232135023,-0.06106023179,-0.07373369409,-1.597577702,0.7293302767,-0.9062416262,0.7285462228,0.5450515357,0.3828624886,1.012921317,-1.934387591,-1.263295786,1.242485414,0.4501246322,-0.4617337628,-0.03357117131,-0.7521782449
-0.02524233917,-0.03965820679,0.2940590016,-0.5612629587,-0.4215779743,0.4658394242,-0.5387481171,-1.277541435,0.402891435,0.07170373762,1.711561424,-0.6556595262,-0.1182969496,-0.660491785,-0.3736516972,-0.1564092158,0.999955154,-0.2960353068,0.126087583,0.04919711248,-0.05828130465,-0.07541165335,-1.581227048,0.7235177101,-0.8951084522,0.7260919323,0.5661779187,0.3876339751,1.020432454,-1.927248229,-1.266875095,1.230945959,0.4411431727,-0.4731704919,-0.02643568696,-0.7437435703
-0.0266941134,-0.03955955041,0.2940165509,-0.5602677874,-0.4230187223,0.4651471667,-0.53925252,-1.29052543,0.4107895456,0.0674169741,1.719686446,-0.6631076715,-0.1208478573,-0.6597603482,-0.3650268917,-0.1564857491,1.000944838,-0.2989385384,0.1267004502,0.05591252816,-0.05457770607,-0.0760840128,-1.563418885,0.7164176382,-0.8827957834,0.7241833418,0.5866819621,0.3926865454,1.031157634,-1.919436163,-1.270841435,1.217179541,0.4309393601,-0.4851522516,-0.01957692533,-0.7339443594
-0.02801299187,-0.03950618021,0.294060937,-0.5592309134,-0.4242527825,0.4645640488,-0.5398616551,-1.30291019,0.4180493255,0.06383666242,1.727435627,-0.6698547118,-0.123086975,-0.6586315201,-0.3568096064,-0.1570583429,1.002038762,-0.3015877186,0.1273421012,0.06182233837,-0.05078717924,-0.07552692932,-1.545206505,0.7091462631,-0.870581681,0.7217760893,0.6044687577,0.3983050577,1.046662269,-1.912261653,-1.275028328,1.202851047,0.4201856679,-0.4967809187,-0.01318882649,-0.7241202064
-0.02914147403,-0.03948947396,0.2940608845,-0.5582807369,-0.4252888028,0.4638961116,-0.5406037835,-1.315277289,0.4250816609,0.06053426763,1.735211643,-0.6768039531,-0.1257337979,-0.6572835978,-0.349557332,-0.1577348802,1.002803886,-0.3039604972,0.1282689739,0.06666068897,-0.04646808665,-0.07448102762,-1.526281723,0.6992617306,-0.8552257068,0.7207835373,0.6215728199,0.40429846,1.06455346,-1.904058519,-1.278898382,1.185979086,0.4081955896,-0.5090999838,-0.007074259562,-0.7124405597
-0.03011440562,-0.03949127876,0.2940162248,-0.5574732428,-0.4260232472,0.4633059848,-0.5413643328,-1.327463075,0.4316306667,0.05768699077,1.742646712,-0.6829592995,-0.1282090046,-0.6557562794,-0.3435853205,-0.1582219732,1.00338168,-0.3060387678,0.1291744173,0.07050973972,-0.04216663326,-0.07267397476,-1.508432699,0.6890592122,-0.8383999107,0.7189483509,0.6375666656,0.4115790817,1.080854277,-1.89652709,-1.28251067,1.168615679,0.395641308,-0.5210786943,-0.001383914065,-0.7004803849
-0.0309538786,-0.0394745393,0.2938771394,-0.5567615886,-0.4267299992,0.4625995575,-0.5421436071,-1.340109931,0.4385150575,0.05503380935,1.750210151,-0.6897126609,-0.1305686362,-0.6545311256,-0.3383247053,-0.1579786937,1.003717354,-0.3093890437,0.1303050691,0.07250050654,-0.03741019532,-0.07068109961,-1.493296354,0.6773714016,-0.8159689948,0.7180607916,0.6568643547,0.4198568279,1.08764962,-1.888382886,-1.284564218,1.149168495,0.3820012542,-0.5340664232,0.00429283292,-0.6866302628
-0.03166370174,-0.03944491867,0.2936872334,-0.5561314232,-0.4273011355,0.4619574663,-0.5428875382,-1.353007378,0.4453716473,0.05260382683,1.757461185,-0.6958085024,-0.1326316924,-0.653366688,-0.3338970327,-0.1568102889,1.003707011,-0.3128952703,0.131359063,0.07416943712,-0.03244411363,-0.06837703116,-1.4806399,0.6672705263,-0.7925281223,0.7146576832,0.6782921918,0.4309274139,1.087900045,-1.881196156,-1.286267956,1.129952069,0.3679574327,-0.5468287795,0.009700485814,-0.6722844796
-0.03227836354,-0.03936898735,0.2934635531,-0.5555684193,-0.4278573816,0.461123112,-0.5437345566,-1.366964943,0.4531936401,0.05011849632,1.76438105,-0.7020716233,-0.1347798629,-0.6523512452,-0.3298897782,-0.1549792461,1.003440486,-0.3181181301,0.1327257057,0.07585562719,-0.02700928113,-0.06655105324,-1.468420743,0.6578731207,-0.7661746121,0.709570872,0.7032912732,0.4422304703,1.082879171,-1.87293792,-1.28777234,1.109385084,0.3535151701,-0.5614691458,0.01470228294,-0.6560941357
-0.03275856309,-0.03928160504,0.2932841601,-0.5549889722,-0.4282823328,0.4603816184,-0.5446193621,-1.381643163,0.461482399,0.04755863365,1.770714289,-0.7075454397,-0.1367050746,-0.6510944128,-0.3264616241,-0.1522667797,1.002728029,-0.3234523449,0.1340099463,0.07802601087,-0.02118508423,-0.06447700088,-1.457131267,0.6505492716,-0.740574415,0.7024134437,0.7286510355,0.4535852223,1.075779508,-1.865449612,-1.289250382,1.089443147,0.339211573,-0.5765033367,0.01917682916,-0.6394390591
-0.03304769663,-0.03918228631,0.2931401024,-0.5544169845,-0.4286229456,0.4595755315,-0.5456138824,-1.397912465,0.4711091929,0.04454695237,1.776859389,-0.7130644025,-0.1388547253,-0.649643184,-0.3236815093,-0.1492359533,1.001144294,-0.3301778429,0.1358022547,0.08021930093,-0.01473789123,-0.06259446104,-1.445485597,0.6436246041,-0.7133558397,0.6947484261,0.7551576608,0.4607386576,1.066909304,-1.856502674,-1.29010042,1.067894722,0.3249862274,-0.5939682257,0.02277897129,-0.6220750818
-0.03311695962,-0.03910248796,0.2931059674,-0.5538227368,-0.4287282344,0.4590167843,-0.5466041246,-1.415099822,0.4814064419,0.04121556509,1.782400738,-0.7179025261,-0.1408322172,-0.647723798,-0.321877911,-0.1455346447,0.9988269199,-0.3368057817,0.1375239903,0.08234585895,-0.007983026853,-0.05998263037,-1.434372969,0.638101095,-0.6869114576,0.6864479787,0.7806207896,0.4658040353,1.057887281,-1.848262678,-1.290254294,1.04683628,0.3107437556,-0.6114088022,0.0259787642,-0.6042218723
-0.0329072084,-0.03902272319,0.2931502909,-0.5532809935,-0.4287089632,0.458509022,-0.5475931371,-1.433387161,0.4929384642,0.03754847953,1.788169969,-0.7216934028,-0.1428475639,-0.6456425447,-0.3211194313,-0.1415245919,0.9962443509,-0.3449496749,0.1397065681,0.08398080797,-0.0005740836277,-0.05731611979,-1.42273944,0.6323316804,-0.6584656106,0.6789111362,0.8062593434,0.4661646396,1.048340354,-1.838731474,-1.289665632,1.024414442,0.2959494832,-0.6306748965,0.02798556916,-0.5865730922
-0.03243798316,-0.03898145696,0.2933143773,-0.5529323711,-0.4284127946,0.4581657513,-0.5484636858,-1.45091183,0.5046121812,0.03388302538,1.795236725,-0.722527335,-0.1445499531,-0.6434883661,-0.3218970786,-0.1370285998,0.9935758659,-0.3527280922,0.1417876324,0.0847893371,0.006930425032,-0.05414662331,-1.411444359,0.6274778422,-0.6302790034,0.6715822487,0.8302131044,0.4646712824,1.039684675,-1.829697393,-1.28838999,1.00295275,0.2804499967,-0.6492970533,0.02944506183,-0.5693513534
-0.03172414235,-0.03897424303,0.2935078078,-0.5529103952,-0.4279598242,0.4577407165,-0.5491938822,-1.46784007,0.5162310481,0.03015191137,1.804759542,-0.7224446743,-0.1463509789,-0.6416657025,-0.3241873856,-0.132780255,0.9910881762,-0.3623683673,0.1441945523,0.08470611981,0.01446707632,-0.05148040528,-1.399683003,0.622039927,-0.6002503005,0.665247092,0.8535361018,0.4592538454,1.031720051,-1.819413783,-1.286405011,0.9815298573,0.2638134744,-0.6697488057,0.029086143,-0.552436568
-0.03081821664,-0.03899668648,0.2937605665,-0.5531969413,-0.4271794621,0.4573435614,-0.5498433578,-1.483573059,0.5274422657,0.02641652229,1.814963484,-0.7228789061,-0.1481187392,-0.6398611963,-0.3281875962,-0.1289296413,0.9890116505,-0.3716891118,0.1465180853,0.08361103168,0.02179331378,-0.04860895836,-1.388161307,0.6172695083,-0.5706243013,0.6589089121,0.8748020845,0.4529602881,1.025383585,-1.809256121,-1.283884869,0.9618114751,0.2464622649,-0.6891491085,0.02783264219,-0.536070723
-0.02972672708,-0.03899630109,0.2940079627,-0.5537936749,-0.426219667,0.4567857149,-0.5504508805,-1.499806221,0.5383036578,0.0224007739,1.825647501,-0.7259833783,-0.1500575807,-0.6382319538,-0.333650616,-0.1257706218,0.988614666,-0.383159355,0.1491445076,0.08155926882,0.02903698225,-0.04645546137,-1.376188241,0.6114178303,-0.5391212925,0.6536618228,0.8957802326,0.4435583,1.0199746,-1.797540417,-1.280697757,0.9424402794,0.2286689059,-0.7101697201,0.02508383723,-0.5197140681
-0.02848352762,-0.03896195337,0.294302783,-0.5544976459,-0.4249060977,0.4563273159,-0.5511375052,-1.516327319,0.5488803958,0.01827529927,1.834906126,-0.7321590804,-0.1522612652,-0.6362567405,-0.3405236575,-0.1231957529,0.9893276267,-0.394916549,0.1516373558,0.07875872284,0.03625612885,-0.04382114378,-1.364500935,0.6060386588,-0.5081256165,0.648350604,0.9151160752,0.4339043989,1.015649921,-1.785832072,-1.27695564,0.924778418,0.2107317996,-0.7297571507,0.02228923882,-0.5049172578
-0.02709123919,-0.0388832121,0.294574489,-0.5552389143,-0.4234107063,0.4558802199,-0.551911539,-1.534426447,0.5593004537,0.01387825017,1.844470809,-0.7398786352,-0.1543989693,-0.6337600147,-0.348345366,-0.1209081354,0.9926828287,-0.4124631215,0.1545343351,0.07532372789,0.04357720704,-0.04166792088,-1.352221,0.5989017883,-0.4745186312,0.6444690592,0.9345671652,0.422723056,1.011937457,-1.772552304,-1.272191911,0.9073404601,0.1933380266,-0.7501515847,0.01898437345,-0.4910829629
-0.02557565213,-0.03878093922,0.294880354,-0.5558835899,-0.4216059014,0.4557097496,-0.5527843363,-1.553000804,0.5694697276,0.009340237903,1.853559741,-0.747367243,-0.1562980886,-0.6306281105,-0.3570947565,-0.1184966429,0.9970009894,-0.432386204,0.1572981593,0.07134590427,0.05090184081,-0.03891416694,-1.340383072,0.5919366711,-0.4419964163,0.6406913008,0.9526031798,0.4122067215,1.008385769,-1.759202033,-1.266494949,0.8916717794,0.1763201567,-0.768774467,0.01609148135,-0.4791265615
-0.02398694274,-0.03859176459,0.2952341454,-0.556519449,-0.4197182987,0.4556066976,-0.5536652325,-1.57327667,0.5793133975,0.004713602069,1.86404594,-0.7546613652,-0.1579179148,-0.6279804032,-0.366369427,-0.1163272912,0.9998769247,-0.4536954982,0.1606986991,0.0665782734,0.05800442645,-0.0363884094,-1.328944948,0.5833059763,-0.4077722981,0.638427935,0.9714053927,0.4015416968,1.004532518,-1.744474565,-1.259615028,0.8760434189,0.1603091069,-0.7882726763,0.01327309073,-0.4676815348
-0.02235745804,-0.03833459287,0.2957186825,-0.5570449239,-0.4176488658,0.455884841,-0.5544721719,-1.593980076,0.5888398714,0.0002870281479,1.87469369,-0.7611359101,-0.1593048377,-0.6253929107,-0.3761182359,-0.1140115111,1.001155887,-0.473672094,0.1639150591,0.06138143016,0.0646537018,-0.03302154816,-1.318596279,0.5752018765,-0.3750343074,0.6363391497,0.9893892446,0.3923713699,1.000239837,-1.729992629,-1.251853061,0.8619136323,0.1449888933,-0.8060266744,0.01121800603,-0.458045536
-0.02071569394,-0.03792552519,0.2963345175,-0.5575360406,-0.4157601157,0.4563082089,-0.5550494645,-1.616381276,0.5980622054,-0.003763487747,1.886830715,-0.7673845538,-0.1603612788,-0.6240142015,-0.3857633716,-0.1116403714,1.000708628,-0.4950463247,0.1674996075,0.05599505067,0.07083759378,-0.0298841509,-1.30909938,0.5662469518,-0.3411861121,0.635215032,1.008428382,0.3834169075,0.994972767,-1.714620869,-1.243211754,0.8479267073,0.1307979459,-0.8242880483,0.009439892989,-0.4498506248
-0.01910407038,-0.0373813194,0.2971559682,-0.5579005133,-0.4138406973,0.4571561558,-0.5554197906,-1.639014492,0.6068009315,-0.007163093119,1.899104693,-0.7729010099,-0.1612428594,-0.6231551888,-0.3953609438,-0.1091647112,0.9991505335,-0.5142087883,0.1709015383,0.05048406158,0.07633636537,-0.02574364422,-1.301045153,0.5585161599,-0.3090514882,0.6339676005,1.026871286,0.3759586864,0.9891135486,-1.699786608,-1.234060949,0.8354527889,0.1173959124,-0.8407711997,0.008343454886,-0.4437248079
-0.01750864185,-0.03668710451,0.2981222713,-0.5584094681,-0.4119725796,0.4580357246,-0.5555724387,-1.662416429,0.6146594483,-0.009498558121,1.912852509,-0.7784197793,-0.1617836686,-0.6232858428,-0.4051148245,-0.1060968796,0.997354978,-0.5295046911,0.1734654679,0.04447851573,0.0806237609,-0.0217822163,-1.29441368,0.5506247754,-0.2773548198,0.6330372191,1.046219184,0.3689775278,0.9819737497,-1.684645585,-1.224782902,0.8233427308,0.1062976794,-0.8570782147,0.008050760446,-0.4379249763
-0.01597481531,-0.03586091643,0.2992643129,-0.5588882263,-0.4100035035,0.4591392819,-0.5556367495,-1.68544804,0.6216749025,-0.01086707508,1.926737695,-0.7833421421,-0.1622085566,-0.6237197146,-0.4148121059,-0.103136647,0.9965667525,-0.541872845,0.1759718941,0.03801889861,0.08383994594,-0.01691149806,-1.289583754,0.5440654339,-0.2479735141,0.6318999806,1.064997147,0.3631886306,0.9743063879,-1.670460601,-1.215704745,0.8122854247,0.09665099153,-0.8715635075,0.008780744107,-0.4346299902
-0.01453646081,-0.0348778075,0.3006019875,-0.5595788273,-0.4082079899,0.4602394456,-0.5553534242,-1.708780083,0.6274240887,-0.01099884746,1.941652777,-0.7884327377,-0.1623468842,-0.6261337344,-0.4243746578,-0.1002872936,0.9966142377,-0.5496644443,0.1785323058,0.03132050002,0.08551193798,-0.0119850012,-1.286827166,0.5380387249,-0.2193806727,0.631132068,1.084379821,0.3574005733,0.9661543952,-1.656770006,-1.206660112,0.80120514,0.08918528144,-0.8854566236,0.01045807936,-0.4340194326
-0.01321946907,-0.03375692101,0.3021355299,-0.5602801996,-0.4063815219,0.4614739337,-0.5549612284,-1.73133376,0.6319721468,-0.01001924489,1.956443614,-0.793024556,-0.1624284029,-0.6295714746,-0.4336851174,-0.09761137456,0.9982527611,-0.5549061054,0.1807996697,0.02426676807,0.08595738185,-0.005977284134,-1.286266182,0.5336690694,-0.1932335763,0.6301595206,1.103061077,0.3523800891,0.9577572996,-1.644493135,-1.198205833,0.7910402862,0.08321215532,-0.8976239728,0.01297715018,-0.436306834
-0.01205552666,-0.03260640491,0.3040401192,-0.5611950136,-0.4049510587,0.4626716932,-0.5540845613,-1.752960002,0.6347539941,-0.007747579908,1.971204823,-0.7980838136,-0.1622752549,-0.6358441503,-0.4423984424,-0.09462474846,1.000798131,-0.5573645862,0.182699676,0.01709770899,0.08475827519,0.0004603621986,-1.288109013,0.5304997584,-0.167996929,0.6294710377,1.121772306,0.347028522,0.9498558125,-1.633131679,-1.190209192,0.7810659873,0.07907188295,-0.9090181273,0.01599440678,-0.4411268202
-0.01102220301,-0.0314676028,0.306330303,-0.5620874791,-0.403800568,0.4639002842,-0.5529912237,-1.77296668,0.6359612151,-0.004387253343,1.985217848,-0.8027671146,-0.162100301,-0.6441639469,-0.4501542637,-0.09083860626,1.004748609,-0.5575400156,0.183819732,0.009907854491,0.08261487146,0.008092994259,-1.292000766,0.5291809265,-0.1450916329,0.6281334645,1.139566374,0.3422164043,0.9419443943,-1.623422758,-1.18326076,0.772013912,0.07608775921,-0.9189086493,0.01945851216,-0.448508104
-0.01010719307,-0.03051167186,0.3091997934,-0.5630404352,-0.4032987197,0.4650901762,-0.5513861977,-1.790982366,0.6352636523,0.0002653252222,1.999048453,-0.8079484617,-0.1615756815,-0.6562336312,-0.4564865384,-0.08548270023,1.009957837,-0.5544431818,0.184059333,0.003048942124,0.07918057313,0.01648956069,-1.297717571,0.5291825705,-0.1237244842,0.625864639,1.157120388,0.3374490989,0.9340928543,-1.615219844,-1.177510409,0.7635618069,0.07499930842,-0.9280176638,0.02325073154,-0.4586931045
-0.009291099425,-0.02977703702,0.312635172,-0.5638315381,-0.4032549313,0.4662358171,-0.5496395363,-1.80648488,0.632819288,0.006028575319,2.012140934,-0.812718996,-0.1610292151,-0.6712630019,-0.4612733975,-0.07884595003,1.016850439,-0.5476869117,0.1835587029,-0.00362383853,0.07516878524,0.02634505576,-1.304928945,0.5307399785,-0.1047504651,0.6220667227,1.173752551,0.3332205488,0.9261299486,-1.608784011,-1.173404196,0.7559057848,0.07502242158,-0.9358610294,0.02725193883,-0.4714452091
-0.008580283788,-0.02932789563,0.3166624536,-0.564510047,-0.4037545315,0.4673919614,-0.5475905766,-1.818819768,0.6283923459,0.01283648642,2.025048854,-0.8178813108,-0.1603017114,-0.6913918438,-0.4649915988,-0.07092569703,1.027441201,-0.5356732666,0.1825055178,-0.009810952796,0.07004729615,0.03729646741,-1.313438351,0.5334880011,-0.08765249314,0.6168321564,1.189841835,0.3285752763,0.9179462938,-1.604358634,-1.170483466,0.749157188,0.07706079944,-0.942642806,0.03162967642,-0.4859135142
-0.007954109499,-0.02922047878,0.3212280794,-0.5647842995,-0.4047313766,0.4685179096,-0.5456209089,-1.827990691,0.6224507483,0.02019383578,2.037346749,-0.8225587368,-0.1596054372,-0.7147533648,-0.4674738102,-0.0632349533,1.041184495,-0.5181968397,0.1811151647,-0.01571794438,0.06467829898,0.04984280231,-1.323112163,0.5373798499,-0.07295999785,0.6100930466,1.204915097,0.3239497037,0.9097782323,-1.601645685,-1.168958553,0.7430431393,0.08024565981,-0.9482974457,0.03618503442,-0.5013575222
-0.007415078324,-0.02940522271,0.3261978363,-0.564803705,-0.4062304223,0.4697028284,-0.5434637723,-1.834011561,0.6150312134,0.02810875278,2.049615587,-0.8277230804,-0.1587179923,-0.741811296,-0.4691378576,-0.05576429197,1.058141865,-0.4951761406,0.1796083227,-0.02077887354,0.05858640522,0.06319632749,-1.333701697,0.5420468895,-0.0600024988,0.6021868857,1.219096426,0.3186151979,0.9014696986,-1.601153665,-1.167977114,0.7377058252,0.08489735142,-0.9527717126,0.04124125247,-0.5163981522
-0.006950723419,-0.02992608991,0.3315062387,-0.5644067887,-0.4082907539,0.4708832949,-0.5413063455,-1.837206651,0.6067341081,0.0362117965,2.061363472,-0.8324107807,-0.1578766592,-0.7704255904,-0.4696117627,-0.04965833261,1.076278294,-0.4670356348,0.1780688955,-0.02519146627,0.05228987384,0.07737311654,-1.345105334,0.5474878955,-0.04920328209,0.5932302124,1.232159015,0.3130486691,0.8931838449,-1.60191932,-1.167877313,0.7326835713,0.09015744868,-0.9563445615,0.04650318656,-0.5313598587
-0.006539217621,-0.03066433046,0.3369333539,-0.5638413625,-0.4108598215,0.4721402849,-0.5388512563,-1.837983615,0.5976632334,0.04461470917,2.072864449,-0.8374457611,-0.1570420527,-0.800350333,-0.4692071836,-0.04422598353,1.094451089,-0.4346265877,0.1768355839,-0.02831468332,0.04540145724,0.0913225369,-1.356904229,0.553546122,-0.04017796196,0.5836468437,1.244116288,0.3065643855,0.8846414452,-1.603979241,-1.168258066,0.7281060515,0.09580619097,-0.958797016,0.05211541155,-0.5457060949
-0.006179633873,-0.03162777545,0.3424272754,-0.5630173632,-0.4139350532,0.4734407258,-0.5362118048,-1.8366381,0.5883079088,0.05305260022,2.083708257,-0.8419662303,-0.1563105353,-0.8304505409,-0.4677624139,-0.040190851,1.111157805,-0.3983262822,0.1757551604,-0.03050626132,0.03814938639,0.1050831625,-1.369178131,0.560216936,-0.03313708271,0.5737101077,1.254912832,0.2997000024,0.8761646451,-1.606531264,-1.16930467,0.7237105585,0.1015306341,-0.9606618571,0.05780951639,-0.5598124229
-0.005847939338,-0.03259067906,0.3476322048,-0.5621519018,-0.417253181,0.4748841392,-0.533263609,-1.83405276,0.5792160744,0.0614791217,2.094319675,-0.8465816961,-0.1556452676,-0.8606001746,-0.4659112028,-0.03650813847,1.126672184,-0.3595235268,0.1753369094,-0.03117095144,0.03031566727,0.1176146436,-1.381388825,0.5672373189,-0.02793947821,0.5639906033,1.264454837,0.2918804183,0.8674048879,-1.60963582,-1.170755535,0.7197659085,0.1074854571,-0.9615372414,0.06355798837,-0.5732308148
-0.005545349084,-0.03355346278,0.3525142461,-0.5611695712,-0.4207469703,0.4763940789,-0.5301974924,-1.830386777,0.5704340056,0.06963530936,2.104290041,-0.8506589612,-0.1550835592,-0.889727034,-0.4636191386,-0.0339126926,1.140095184,-0.3190013185,0.1750372218,-0.03092946961,0.02220015539,0.1291463069,-1.39373623,0.5744637964,-0.02452707068,0.5548485314,1.272863528,0.2837043443,0.8589728726,-1.612847483,-1.172614123,0.716111936,0.1134986439,-0.9621490023,0.06915109991,-0.5860267113
-0.005262158975,-0.03424996984,0.3566496237,-0.5602052469,-0.4241913873,0.4780626696,-0.52696094,-1.82692607,0.5625486707,0.07748848758,2.113995112,-0.8545762347,-0.1545867531,-0.917424112,-0.4612717034,-0.03082697287,1.15533246,-0.282530967,0.175668243,-0.02881120552,0.01402288344,0.1384489211,-1.40541582,0.5812398233,-0.02275007116,0.5470226189,1.2798609,0.2748532701,0.8507789578,-1.616134911,-1.174953712,0.713186749,0.1196415158,-0.9619524741,0.07441231837,-0.5978891816
-0.00497983823,-0.03472719864,0.3600721398,-0.559139638,-0.4275616985,0.4798055756,-0.5237752082,-1.823613084,0.555318814,0.08476602949,2.122969421,-0.8579948013,-0.154171808,-0.942672018,-0.4587888087,-0.02832223679,1.170396834,-0.2519143186,0.1767417598,-0.02550369847,0.006352648682,0.1460636047,-1.416449577,0.5875005824,-0.02229898834,0.5405483663,1.285720874,0.2659670738,0.8433382669,-1.619405373,-1.177494096,0.7108012297,0.1257143355,-0.9617275441,0.0791780017,-0.6086609241
-0.004552803769,-0.03488077212,0.3623706179,-0.5582074334,-0.4302898154,0.4816531781,-0.5208314046,-1.82243295,0.5498512966,0.09140084848,2.132261322,-0.861036319,-0.153842634,-0.9642107367,-0.4589654898,-0.02381337141,1.187652535,-0.2331955569,0.1791922263,-0.02061405877,-0.0005689473252,0.1508409457,-1.425317159,0.5920968074,-0.02285636087,0.5359356019,1.290525543,0.256232632,0.8360308229,-1.622342798,-1.180318991,0.7096233284,0.1322171992,-0.9609930773,0.08333097437,-0.6183626342
-0.003954656819,-0.03476077022,0.3636938823,-0.5570987573,-0.432499793,0.4836708546,-0.518312076,-1.823178533,0.5458707541,0.09670336061,2.141153686,-0.8636545921,-0.1535814385,-0.9825892413,-0.4611517859,-0.01764656538,1.202664625,-0.2299117619,0.1824448082,-0.01448601433,-0.005970384409,0.1539766396,-1.432262865,0.5954443314,-0.02442054537,0.532978905,1.294351522,0.2465939928,0.8296845548,-1.625195728,-1.183053648,0.7093478497,0.1388630687,-0.9604572421,0.08674068024,-0.6267458891
-0.003228686237,-0.03418061016,0.3638794844,-0.5557650512,-0.4338387828,0.485878589,-0.5165569816,-1.826533146,0.5432986815,0.0998404154,2.151754043,-0.8657671309,-0.153347599,-0.9996888091,-0.4663695934,-0.00849165245,1.223691731,-0.2412667709,0.1871792344,-0.008084405905,-0.01022696112,0.155453196,-1.437808928,0.5972934268,-0.02704357536,0.5330539252,1.297404852,0.2372604211,0.8252809011,-1.627658279,-1.18555641,0.7104628248,0.146147892,-0.9596145037,0.08943251278,-0.6343529166
-0.002367572697,-0.03324161455,0.3630490503,-0.5538871428,-0.4343987739,0.4882764929,-0.5158418408,-1.831968789,0.5419125373,0.1005984249,2.162724752,-0.8674947603,-0.1531146664,-1.014121733,-0.4737099907,0.002777428276,1.245614283,-0.2587364227,0.1920183591,-0.001691614466,-0.01249489891,0.1564177281,-1.441758725,0.5980482165,-0.03038405222,0.535451821,1.299988619,0.2286296913,0.8226336939,-1.629775582,-1.187515447,0.7124543437,0.153544907,-0.9589879213,0.09141582058,-0.6402217974
-0.001452021071,-0.03187252591,0.3611580838,-0.551599987,-0.4339447358,0.4905947548,-0.5164747886,-1.839714773,0.5405950641,0.09932626523,2.175889149,-0.8687290281,-0.1529814427,-1.026055704,-0.4824679351,0.0172231913,1.271236066,-0.2857684639,0.1974792302,0.003241272256,-0.01347258714,0.1565953305,-1.444992371,0.5975087973,-0.03428596077,0.5415595499,1.302226072,0.2199230455,0.823339069,-1.630689624,-1.188884209,0.7155101147,0.1611360839,-0.9579687869,0.09324360398,-0.6450278797
-0.0004920045492,-0.03016506441,0.3582888529,-0.5487344557,-0.432595163,0.4928737167,-0.5184857004,-1.849224086,0.5396359214,0.09640603717,2.189571497,-0.8696501528,-0.152855758,-1.034441952,-0.4921335999,0.03374672074,1.2969401,-0.3128197166,0.202484799,0.006847215148,-0.01282872582,0.1565670997,-1.447120448,0.5960886816,-0.03890367986,0.5500239872,1.304133704,0.2115402256,0.8256279757,-1.63027672,-1.189693809,0.7190319647,0.1684945206,-0.9570106934,0.09492252635,-0.6481964689
0.0004223839369,-0.02808964808,0.3543614737,-0.5454081279,-0.4301538277,0.4948853103,-0.5220978723,-1.860590622,0.5386405175,0.09289786265,2.204753147,-0.8701931791,-0.1526378423,-1.038461183,-0.5035042578,0.05040947972,1.325633982,-0.3420377482,0.2086713933,0.008199592428,-0.01133828415,0.1559560293,-1.448601235,0.59360889,-0.04428015488,0.5608994538,1.306047222,0.2027596319,0.8286245073,-1.627134127,-1.190281226,0.7230992504,0.1755178852,-0.9557065239,0.09714047325,-0.6510909418
0.001273873957,-0.02573864214,0.349447178,-0.5415406599,-0.4268925248,0.496719269,-0.5270355337,-1.873589415,0.5381806255,0.0890057495,2.219839695,-0.8705443248,-0.1524119256,-1.037488145,-0.5151431699,0.06637381678,1.355571474,-0.3677905809,0.2150226694,0.007965820549,-0.008993875612,0.1547705866,-1.448894849,0.5904577629,-0.05070506496,0.5727764758,1.307734232,0.1939696647,0.8309936789,-1.621325126,-1.190826767,0.7272985784,0.1821207817,-0.9543506705,0.09976409518,-0.6537601398
0.002476926064,-0.02350431467,0.3445480347,-0.5375171018,-0.4253448681,0.4986565213,-0.5305645882,-1.891051027,0.5406253784,0.08575708202,2.233180887,-0.871272597,-0.1525180888,-1.033968739,-0.5219731071,0.07994929428,1.379318992,-0.3973299196,0.2227370469,0.00953349994,-0.006207888159,0.1505761163,-1.448168568,0.5869688317,-0.05688473027,0.5839718171,1.309355711,0.1865531594,0.834521572,-1.615539304,-1.190228719,0.7322681265,0.1886692372,-0.9525555278,0.102886186,-0.6570503238
0.004655519279,-0.0217657758,0.3408947845,-0.5333364725,-0.4272990489,0.5017785755,-0.5302697342,-1.912664436,0.5466471257,0.08358853622,2.24280381,-0.8724552463,-0.1528354577,-1.035352232,-0.5214389969,0.09210587898,1.39450843,-0.4266190977,0.2295605267,0.01773723152,-0.002357763282,0.1441866912,-1.445157687,0.5842815355,-0.06044428077,0.5901707981,1.310974972,0.1811591274,0.8372258045,-1.614348376,-1.188170384,0.7376977912,0.1953740753,-0.9510570923,0.1055034028,-0.6587296542
0.007511441333,-0.02037730287,0.33836051,-0.5292680298,-0.430374199,0.5056261957,-0.528200295,-1.934601523,0.5530206743,0.08530997673,2.248756846,-0.8748954495,-0.1541503382,-1.038808837,-0.5181823003,0.1026881953,1.401862441,-0.4600759265,0.2359128397,0.02776170979,0.0008698305347,0.1387177642,-1.440911273,0.5817412178,-0.06195258446,0.5909420507,1.312727251,0.1778612243,0.837550286,-1.616050514,-1.184636281,0.7428965849,0.2024580598,-0.9492405576,0.1081787899,-0.6584645451
0.01076785367,-0.01922815238,0.3367276773,-0.5258662422,-0.433155164,0.5099497948,-0.5251595053,-1.952397005,0.557587461,0.08629617482,2.255437597,-0.875037398,-0.1533314978,-1.043670604,-0.5154773556,0.1127785813,1.403528842,-0.4962514709,0.2416556122,0.03762209917,0.001524060904,0.1348472273,-1.436266412,0.5792879148,-0.06243648958,0.5870927247,1.314505315,0.1757535153,0.8346607113,-1.618446247,-1.180480312,0.7466278885,0.2094439374,-0.9472874613,0.1112175297,-0.6556084028
0.01411120688,-0.01818535796,0.335728176,-0.5236710736,-0.4351845123,0.5142403752,-0.5214785551,-1.964377095,0.5604625524,0.08469802315,2.266399838,-0.8739995179,-0.1513849441,-1.050560423,-0.5148591115,0.1217125274,1.402091682,-0.531981262,0.2470519683,0.04576164919,-0.001885035757,0.131321423,-1.432413124,0.5765515365,-0.06254570759,0.5806290335,1.316361107,0.1739528567,0.8293009117,-1.619625098,-1.175819957,0.7488633905,0.2164252427,-0.9441373266,0.1153211524,-0.6523260446
0.01748955818,-0.01714763375,0.3351841082,-0.522370575,-0.4363619867,0.5182492826,-0.5178174196,-1.971678753,0.5619921051,0.08321228134,2.279265573,-0.8726107269,-0.1503289605,-1.058176153,-0.516844702,0.1288450005,1.398897111,-0.5644763694,0.2515175767,0.05156816325,-0.008235664538,0.12839019,-1.430198862,0.5733728027,-0.06280469076,0.5732712203,1.318302697,0.172072273,0.8224396201,-1.619548006,-1.171199391,0.7497809613,0.2236154633,-0.940507083,0.1205264868,-0.6490123976
0.02078361198,-0.01605783545,0.3348761235,-0.5217125855,-0.437042747,0.5218352884,-0.5142932503,-1.976157967,0.5629266866,0.08267158894,2.292660784,-0.8714357744,-0.1505227755,-1.066383474,-0.5207274342,0.1339054058,1.394506374,-0.5914639158,0.2550282303,0.05544783473,-0.01668243307,0.1253774329,-1.429557396,0.5696627867,-0.06381555089,0.5657088325,1.320624892,0.170816749,0.8144211357,-1.618538846,-1.166423714,0.7499199189,0.2316306462,-0.9361901776,0.1267122022,-0.6468946447
0.02400487471,-0.01488753738,0.3347184324,-0.521343778,-0.4373777516,0.5249192963,-0.5112348774,-1.97881656,0.5633064745,0.08334488777,2.305828589,-0.8708289607,-0.1516081462,-1.074295045,-0.5260080765,0.1375798528,1.39044065,-0.6137765426,0.2572754166,0.05739776489,-0.02612147025,0.1225219683,-1.430908429,0.5652974573,-0.06540001418,0.55906388,1.323420595,0.1692176142,0.8057272186,-1.616842289,-1.161898452,0.7493623546,0.2403886234,-0.9318929122,0.133635798,-0.6452531777
0.02711012909,-0.01365260502,0.3346211212,-0.5212055721,-0.4376436582,0.5275645629,-0.5084175568,-1.980652745,0.5633388844,0.08503991395,2.318358314,-0.8709595453,-0.1529254305,-1.082591748,-0.531867969,0.1405329329,1.387183226,-0.6309882487,0.2584319932,0.05790930817,-0.03641126856,0.1193218949,-1.434012646,0.56054529,-0.06726029555,0.5539240552,1.326575027,0.166268673,0.7964654951,-1.614860339,-1.157100072,0.7482869892,0.2504225423,-0.9271013298,0.1408709273,-0.6452721662
0.03013261579,-0.01236648352,0.3345886156,-0.5210415936,-0.4379943259,0.5298064855,-0.505946357,-1.982127921,0.5631165472,0.08732332174,2.329983195,-0.871901844,-0.1545155445,-1.09094257,-0.5375354795,0.1431625656,1.385142917,-0.6440810954,0.2588106671,0.05725240649,-0.04686435563,0.1161774391,-1.439095853,0.5554080491,-0.06929224359,0.55065003,1.330017419,0.1617396247,0.7866542924,-1.612959615,-1.152483454,0.7468371167,0.2613430005,-0.9225657542,0.1482966611,-0.6453456481
0.03318697674,-0.01113764401,0.3347104311,-0.5208734784,-0.4386294157,0.531816521,-0.5034543108,-1.983979765,0.5628993788,0.08998793381,2.340657671,-0.8730706074,-0.1565735269,-1.100690395,-0.5426622153,0.1458546555,1.384171674,-0.6526923132,0.2585448769,0.05602210648,-0.05740973072,0.1129662712,-1.445330137,0.5501062833,-0.07153826997,0.5486473386,1.333670216,0.1569182694,0.7769879847,-1.611920371,-1.147638249,0.7451910054,0.2735439583,-0.9178703315,0.1554056866,-0.6463831562
0.03628898992,-0.009983965649,0.3349977124,-0.5204909314,-0.439472587,0.5336414364,-0.5011784641,-1.986170484,0.5625554079,0.09297922825,2.350248185,-0.873986637,-0.1588394243,-1.110936,-0.5469109804,0.1485597064,1.38425622,-0.6572248658,0.2578713561,0.05435942347,-0.06761066538,0.1104059138,-1.45263722,0.5445181312,-0.07424389072,0.5472221856,1.337523233,0.1522439485,0.7676862878,-1.611640413,-1.143227538,0.7433569718,0.2863719153,-0.9135690438,0.1622648992,-0.6464966717
0.03947664981,-0.008960277252,0.3355270243,-0.5200151832,-0.4406178277,0.5354218421,-0.4987620576,-1.988461071,0.5625319656,0.09700864502,2.357881695,-0.8743689649,-0.160845577,-1.1232771,-0.5499893092,0.1519749742,1.385717685,-0.6571091496,0.2563670927,0.05291768522,-0.07747549294,0.108173751,-1.460059646,0.5389763525,-0.077165414,0.5456398357,1.34160619,0.1480216827,0.7590421755,-1.612543721,-1.139004609,0.7416416172,0.3001772013,-0.9091929747,0.1682723012,-0.6464837115
0.04277664915,-0.008080514013,0.3362862473,-0.5192003364,-0.4419769314,0.5371663353,-0.4965276739,-1.990654298,0.5624322952,0.101805506,2.36361879,-0.8738122773,-0.1625830274,-1.136255931,-0.5518579183,0.1555343137,1.388243908,-0.652617856,0.2544112268,0.0517193542,-0.08643756133,0.1069433216,-1.467608276,0.533267926,-0.08020458398,0.5435449326,1.345784774,0.1441919588,0.7508862426,-1.614141962,-1.135539946,0.7399312639,0.3140657944,-0.9052543246,0.1737344204,-0.645414438
0.04621827579,-0.007362191649,0.3372669927,-0.5181642335,-0.4435003506,0.538994729,-0.4942650587,-1.99262885,0.562576921,0.1073089246,2.367633202,-0.8720010569,-0.1639507288,-1.15085937,-0.552871673,0.1594793712,1.392137795,-0.6434575325,0.2516033661,0.05077819406,-0.09478161185,0.106289425,-1.474815497,0.5277936085,-0.08338526148,0.5411254943,1.34967816,0.1405727697,0.7434199635,-1.616067071,-1.132402539,0.7384641153,0.3280861803,-0.9011966799,0.1785186691,-0.6444015065
0.04981626111,-0.0068188723,0.3384559276,-0.5167693294,-0.4451593831,0.54089363,-0.4921551227,-1.994170068,0.5626501625,0.1129003795,2.370508065,-0.8692815262,-0.164922299,-1.165624226,-0.5532356672,0.1630690264,1.396576147,-0.6302021812,0.2484779172,0.0501063853,-0.1022140498,0.1065386954,-1.481794407,0.5222510135,-0.08661937608,0.5384373833,1.353294412,0.1369975622,0.7363550701,-1.618005105,-1.129856369,0.737065079,0.3416752556,-0.8975055245,0.1829172132,-0.6427408628
0.05337135311,-0.006421342767,0.3398138477,-0.5152459322,-0.4469554051,0.5428524237,-0.4899629998,-1.995649561,0.5636036427,0.1177963671,2.371536927,-0.8655599773,-0.1656819238,-1.18113555,-0.5529460923,0.1666422103,1.401649154,-0.6136417719,0.2451965272,0.04994473561,-0.1091715693,0.107014134,-1.488194572,0.5170348246,-0.08992292353,0.5357027918,1.356523202,0.1332609099,0.7294304065,-1.619758922,-1.127329465,0.7357892917,0.3547084111,-0.8939385801,0.1871025644,-0.6409549764
0.05690120199,-0.006178221862,0.3413345652,-0.5135493858,-0.448813184,0.5447890943,-0.4878919931,-1.996716184,0.5648549313,0.1221104575,2.371785087,-0.8614610848,-0.166229103,-1.196275612,-0.552317459,0.1694883139,1.406543493,-0.5943437911,0.2419727902,0.04998714539,-0.1154152762,0.1079899828,-1.494316362,0.5118414377,-0.09314033666,0.5333253527,1.359412936,0.1292683875,0.723017503,-1.621403859,-1.124943495,0.7345154214,0.3669919513,-0.8907321267,0.1911700078,-0.638351413
0.0601893918,-0.005993209916,0.3428758232,-0.5119382418,-0.4506896976,0.546648995,-0.4857704286,-1.997851154,0.5673361524,0.125761542,2.371483966,-0.8571167952,-0.1667844173,-1.211576477,-0.5513020602,0.1723241948,1.411642411,-0.5736200419,0.2392173009,0.05025257053,-0.1215711109,0.1085684918,-1.50001493,0.5070399577,-0.09649272867,0.5316666163,1.361735274,0.1248953193,0.7169962925,-1.622445397,-1.122181289,0.7331801141,0.3784194135,-0.8876656355,0.1954681931,-0.6353740078
0.06326550847,-0.005875978709,0.3444454849,-0.5103475222,-0.4525074308,0.5483356941,-0.4838495616,-1.998828907,0.5702728707,0.129007379,2.371022321,-0.8527886166,-0.1672781957,-1.225967432,-0.5502163555,0.1743801613,1.416286752,-0.5521696489,0.236733224,0.05039253594,-0.1272226755,0.1091609414,-1.505553042,0.5022993363,-0.09969615068,0.5310868092,1.363607046,0.1201087637,0.7119751116,-1.623276279,-1.11926132,0.7317751542,0.3889896197,-0.8848950338,0.1999020812,-0.631516646
0.06607773319,-0.005832185144,0.3460348832,-0.5088311654,-0.4543095832,0.5499359585,-0.4819378479,-1.999890818,0.5731142068,0.1310882308,2.370211842,-0.8484307874,-0.1678416037,-1.240520147,-0.5497908395,0.1767098644,1.422603519,-0.5337006992,0.2343604043,0.05087804839,-0.1323388164,0.1095116206,-1.510881854,0.4978336838,-0.1027345493,0.5322919476,1.364513429,0.114885981,0.7090494084,-1.623176561,-1.115836113,0.7301321426,0.3981296167,-0.8825303342,0.2050241284,-0.6273858587
0.06866189336,-0.005887794092,0.3476751723,-0.5072427367,-0.4561061992,0.5514528639,-0.4801788001,-2.00090704,0.5757161803,0.13210313,2.3691098,-0.8440964886,-0.1682308293,-1.25453322,-0.5497903246,0.178684706,1.429321421,-0.5193711186,0.2325983907,0.05169299842,-0.1364989148,0.1101239415,-1.515941435,0.4934957694,-0.105391167,0.5349729772,1.36472423,0.1095626517,0.7079876032,-1.622862478,-1.11201444,0.7282877356,0.4062107942,-0.8805139211,0.2104708204,-0.6229819137
0.0709600689,-0.006023923806,0.3493509859,-0.5057556021,-0.4579700929,0.5528988482,-0.4783069399,-2.002181461,0.5787256738,0.1321580342,2.367339257,-0.8397705403,-0.1688487646,-1.269880401,-0.5509163617,0.1820393279,1.436583376,-0.5137558037,0.2316933005,0.05326639679,-0.1401382283,0.1105695354,-1.520832647,0.4894826156,-0.1078934416,0.5388123945,1.364248629,0.1041731414,0.708104162,-1.622036642,-1.107731875,0.7260795538,0.4131730013,-0.8788399426,0.2165133203,-0.6190155094
0.07302668241,-0.006239862069,0.3511409065,-0.5040050504,-0.4598573296,0.5544165242,-0.4765841618,-2.003370922,0.5819293651,0.1309513203,2.3650036,-0.835424289,-0.169308493,-1.287153179,-0.5526574291,0.1857384899,1.441057144,-0.5209758682,0.2325404948,0.05569691185,-0.1425932366,0.1120892131,-1.525669055,0.4859218753,-0.11017084,0.5433184816,1.363323745,0.09912878961,0.709297301,-1.621793553,-1.103044983,0.7237114777,0.4195242142,-0.8774837772,0.2227324719,-0.6153882798
0.07485023848,-0.006452031718,0.3529121222,-0.5020230357,-0.4616137437,0.5561668765,-0.4749358154,-2.004357602,0.5851679734,0.1283533729,2.362619388,-0.8311078359,-0.1699117147,-1.308319368,-0.5552191534,0.1909788919,1.444250689,-0.5400329102,0.2345265264,0.05906357756,-0.1446117953,0.1145014297,-1.530495487,0.4827750293,-0.1124281481,0.548531707,1.361864044,0.09432037217,0.7115043937,-1.621896703,-1.098057829,0.7214029516,0.425702901,-0.8764435727,0.2291917308,-0.6124807816
0.07644129149,-0.00669810018,0.3546828325,-0.4995151233,-0.4631730153,0.558089331,-0.4738055489,-2.004735348,0.5880850967,0.1241627851,2.360358201,-0.8268666503,-0.1702614518,-1.331217865,-0.558453219,0.1965540552,1.446785854,-0.560725565,0.2367551059,0.06304069111,-0.145380729,0.1186922113,-1.535244437,0.4800126098,-0.1146366116,0.5540702594,1.360114553,0.08998535809,0.7144581411,-1.62271952,-1.092829198,0.7191274152,0.431808565,-0.8756740271,0.2355438423,-0.6096558294
0.07787424619,-0.006928062548,0.3562855463,-0.4968000317,-0.4647198484,0.5600105819,-0.4728777212,-2.005072865,0.5903934367,0.1181604416,2.359094459,-0.8229875999,-0.1708320748,-1.356083343,-0.5611710687,0.2028102029,1.453126473,-0.5819659943,0.2390502596,0.0674525655,-0.1453997951,0.1230986849,-1.539915296,0.4772602563,-0.1166261196,0.5603347659,1.357631166,0.0858951973,0.7187139389,-1.623481606,-1.087647354,0.7169527316,0.4377335033,-0.8748345721,0.242028699,-0.6073859873
0.07917077262,-0.007224207683,0.3577523248,-0.4938007757,-0.4661969642,0.5618433976,-0.4723909197,-2.004899666,0.5920408505,0.1110852546,2.3582571,-0.8195578974,-0.1712790992,-1.380174978,-0.5637745054,0.2086339437,1.463284727,-0.599135133,0.2412091311,0.07199302601,-0.1442352736,0.1281264306,-1.543989723,0.474529906,-0.1183364949,0.5664390815,1.35480622,0.08223284332,0.7233228359,-1.62424715,-1.082655712,0.7148301798,0.4434495747,-0.874139148,0.248368424,-0.6054245341
0.08037112914,-0.007547146876,0.3590237615,-0.4909061062,-0.4675663254,0.5635719683,-0.4719952995,-2.004091155,0.5932918193,0.1041085011,2.35769859,-0.8166886673,-0.1720787174,-1.405134574,-0.5657646774,0.21527709,1.477510558,-0.6158025724,0.2427484771,0.07645466453,-0.1428505023,0.1327840132,-1.547480864,0.471612923,-0.11973524,0.5723426408,1.351680388,0.0788374137,0.7280320878,-1.624646222,-1.078044807,0.7127602845,0.4488885547,-0.8730924761,0.2544775479,-0.6041210919
0.08152158043,-0.007927893826,0.3601623108,-0.4879043125,-0.4687592969,0.5652814956,-0.4718802117,-2.002253755,0.594143821,0.09721804123,2.357228521,-0.8144110034,-0.1728146815,-1.430310853,-0.5674308125,0.2218658078,1.491897363,-0.6342200555,0.2443902381,0.08091199252,-0.1408031032,0.1378978554,-1.550194953,0.4687028354,-0.1208228627,0.5773437698,1.348517031,0.07599792659,0.7322557979,-1.625142946,-1.073968738,0.7109379087,0.4541600332,-0.8721648736,0.2601705065,-0.6031989379
0.08268025441,-0.008242859663,0.3610673115,-0.4850063951,-0.4697548306,0.5669262472,-0.4719044671,-1.999980023,0.5946621468,0.09085095382,2.357397993,-0.8127120728,-0.1739468278,-1.457850426,-0.567884161,0.2295789574,1.506980037,-0.6561828156,0.2462129295,0.08516182374,-0.1385495943,0.1427004971,-1.552356067,0.4653439892,-0.1213951133,0.5817994137,1.345264479,0.07346097232,0.7361873599,-1.625322531,-1.070543834,0.7092045391,0.4591250298,-0.8707194614,0.2652395553,-0.6026633287
0.08387215518,-0.008543431704,0.3617851434,-0.4820120507,-0.4704510762,0.5685031949,-0.472381504,-1.996758214,0.5946366606,0.08495237486,2.358132475,-0.8115798376,-0.1750352224,-1.485532359,-0.5678258914,0.2372611009,1.522237253,-0.6767436806,0.2479200667,0.08902501813,-0.1355308453,0.1480070166,-1.553771838,0.4617531415,-0.1216427665,0.5852409223,1.342073259,0.07157734905,0.7394830251,-1.625530334,-1.06781197,0.7077348092,0.4638632325,-0.8694051231,0.2696813781,-0.6020704091
0.08508776304,-0.008829945903,0.3622859343,-0.4791868728,-0.4710001292,0.569845595,-0.4730907071,-1.993266327,0.5940037626,0.07970080644,2.359335055,-0.8108601199,-0.1762828668,-1.513434891,-0.566937488,0.2457381557,1.54129985,-0.6933356924,0.249100487,0.09250138036,-0.1319490803,0.152767003,-1.554290495,0.4575769386,-0.121309188,0.5879062759,1.339069746,0.06991520911,0.7423729081,-1.625249147,-1.065928264,0.7064169507,0.4679422384,-0.8678743996,0.2734904641,-0.6013470681
0.08636913076,-0.009166788192,0.3626224846,-0.4764022238,-0.4714336419,0.5709690182,-0.4741156216,-1.989282703,0.5928504827,0.07501072009,2.360896072,-0.8105486175,-0.1774011441,-1.539525063,-0.5658227959,0.254316481,1.562376464,-0.7058302018,0.24973945,0.09558325297,-0.1274218308,0.1573597693,-1.553656624,0.4531208204,-0.1206395514,0.58940754,1.336216394,0.06891485811,0.7448570829,-1.62472892,-1.064761146,0.7053745249,0.4714652809,-0.8665982437,0.2766961515,-0.6005616361
0.08767081932,-0.009506060287,0.3627829164,-0.4739248044,-0.4718845267,0.5718554627,-0.4750806279,-1.985615856,0.5913771436,0.07078626914,2.36266974,-0.810478114,-0.1786351522,-1.566080958,-0.5641035573,0.2641677176,1.585268769,-0.7181288378,0.2502068397,0.09839277443,-0.1227649634,0.1607624352,-1.552247526,0.4483549268,-0.1198805215,0.5904335835,1.333295243,0.06813572606,0.7473766591,-1.623352487,-1.064302956,0.7044258447,0.4742842039,-0.8648664704,0.2792564177,-0.6003337838
0.08902551665,-0.009868183473,0.3628603675,-0.4714652165,-0.4722056193,0.5726991471,-0.4761912323,-1.981511488,0.5897085088,0.06694570329,2.36464153,-0.8106090265,-0.1797420982,-1.592710911,-0.5620640262,0.2737566925,1.606272105,-0.7329530859,0.2513234733,0.1009643245,-0.1176771478,0.1642506691,-1.550238571,0.4435859029,-0.1189773953,0.5907786504,1.330344673,0.06762413188,0.7496921452,-1.621891341,-1.064347625,0.7037703157,0.4767627625,-0.8632992947,0.28123202,-0.6004443696
0.0903923228,-0.01019803791,0.3628498191,-0.4691839964,-0.4723320196,0.5735726742,-0.4772664122,-1.977208286,0.5876829368,0.0635950294,2.366920708,-0.8106561736,-0.1810321319,-1.62129885,-0.5590811318,0.2829830477,1.627024965,-0.7510946624,0.2532802293,0.1033809569,-0.1129054101,0.1676009723,-1.548094465,0.438655392,-0.1181856921,0.5908575944,1.3273521,0.06753113646,0.7517872588,-1.620349778,-1.064852251,0.703278226,0.4790189907,-0.86147313,0.2826218621,-0.6008096012
0.09180280247,-0.0105450253,0.362804164,-0.4668595803,-0.4721962191,0.5745218819,-0.4785368013,-1.97221153,0.5852975389,0.06064053883,2.369499907,-0.8105661509,-0.1821981418,-1.649728557,-0.5557591597,0.2913210181,1.647115355,-0.7679048319,0.2550990521,0.1054845524,-0.1079655056,0.1716092691,-1.545702857,0.4337085986,-0.1172311707,0.5904701679,1.324416618,0.06774181188,0.7536400652,-1.619049098,-1.065589393,0.7029900948,0.4811344067,-0.8598384813,0.2835349072,-0.6010525571
0.09328109466,-0.01091641378,0.3627081423,-0.4647238375,-0.4719733244,0.5754334543,-0.4797387578,-1.967182192,0.5825163231,0.05845165256,2.372518864,-0.8100551073,-0.1834324267,-1.677618423,-0.5518574026,0.2989346112,1.669481126,-0.7818086111,0.2562291221,0.1072848973,-0.1032320609,0.1752799145,-1.543046882,0.4285130727,-0.1158319908,0.5899735029,1.321586175,0.06772306557,0.7556147,-1.617486413,-1.066469366,0.7025294163,0.4831586984,-0.8579168445,0.2839249009,-0.6014881577
0.09487226881,-0.01135815209,0.3626138457,-0.4626689247,-0.4716948111,0.5763812183,-0.4808598159,-1.96188867,0.5795383941,0.05690765505,2.375782919,-0.8091017438,-0.1845014663,-1.703542177,-0.5477561785,0.3061088088,1.69241317,-0.7925847141,0.2565572764,0.1089031162,-0.09848882202,0.1789559187,-1.539893048,0.4233051719,-0.1141164247,0.5889052182,1.318873916,0.06785372272,0.7575483913,-1.615969624,-1.067379056,0.7021274908,0.4850640765,-0.8561489425,0.2839836951,-0.6019230077
0.0965174791,-0.0118505739,0.3625022,-0.460993786,-0.4714290435,0.5772848978,-0.4816446128,-1.956604944,0.5762869072,0.0564281041,2.378898226,-0.8077908472,-0.1857104355,-1.729150285,-0.5429000831,0.312620826,1.716249434,-0.8025415028,0.2566318587,0.1104071182,-0.0945753499,0.1817213184,-1.53635554,0.4180275062,-0.1129429654,0.5872697404,1.31594951,0.06848660118,0.7591977809,-1.614136244,-1.068270317,0.701567782,0.4871419321,-0.8541563508,0.2835573167,-0.6026830977
0.09824425569,-0.01240238917,0.3624378082,-0.4595123054,-0.471056676,0.5783254492,-0.4821760301,-1.950818286,0.572950804,0.05688669457,2.381810582,-0.8060638823,-0.1868186732,-1.754244663,-0.5373098768,0.3173694679,1.738293085,-0.8139154064,0.2573398745,0.1118840508,-0.09139808862,0.1844668761,-1.53259336,0.4127545175,-0.1118014821,0.5850315808,1.312988866,0.06932121328,0.7605762701,-1.612408893,-1.069117284,0.7011155613,0.4893057396,-0.8522842809,0.2829512627,-0.6035619308
0.1000210069,-0.01295697967,0.3623786255,-0.4583283253,-0.4706181609,0.5793919235,-0.4824507144,-1.944922186,0.5695758452,0.05849779665,2.3845396,-0.8039348065,-0.1880872052,-1.779960095,-0.5306382536,0.3201380283,1.760232216,-0.8252485457,0.2582357718,0.1131486858,-0.0891064412,0.1866447757,-1.528937265,0.4073948854,-0.1107320285,0.5828548259,1.310087616,0.07007733791,0.7618857882,-1.61039785,-1.069847919,0.700645725,0.4916488106,-0.8500078855,0.2819730003,-0.605034738
0.1019021235,-0.01354472616,0.3623598527,-0.4572419039,-0.4701061245,0.5805423793,-0.4825977817,-1.93872188,0.5661318975,0.06096773425,2.38713194,-0.8013649982,-0.1892650608,-1.804615983,-0.5234215865,0.3220426016,1.781300778,-0.8343748003,0.2582543716,0.1142517945,-0.08719691954,0.1888552161,-1.525318228,0.4019503655,-0.1095651613,0.5806364322,1.307334252,0.07079275106,0.763208609,-1.608505357,-1.070477391,0.7003952314,0.4940801424,-0.8477913569,0.2808778151,-0.6065924922
0.1039123774,-0.0141855723,0.3623311614,-0.4562885789,-0.4696107596,0.5816555899,-0.4826419397,-1.932676403,0.5633174236,0.06467535127,2.389878295,-0.7979784943,-0.1905588027,-1.828177246,-0.5160448734,0.3238421739,1.803357918,-0.8407125597,0.2566162523,0.1151173369,-0.08537935617,0.1905410818,-1.521513481,0.396346637,-0.1084638992,0.5786493278,1.304554327,0.07151475886,0.7647627143,-1.606245101,-1.071067771,0.700265882,0.4966769172,-0.8455445715,0.2794913412,-0.6086475849
0.1060902056,-0.01489888192,0.3623396129,-0.45535908,-0.4691758805,0.5827901656,-0.4825740609,-1.926684803,0.5610198901,0.06928603887,2.392695795,-0.7938389512,-0.1917796578,-1.849967789,-0.5085828287,0.3254125165,1.824764715,-0.846091814,0.2546792253,0.1159214398,-0.08342034602,0.1920490922,-1.517499043,0.390594835,-0.1073309321,0.5766981117,1.301846381,0.07239220859,0.7665421344,-1.604019277,-1.071633673,0.7004168348,0.4993293871,-0.8434678272,0.2779640455,-0.6106542647
0.1083825636,-0.01566019665,0.362363952,-0.4545383599,-0.4689525506,0.5838111277,-0.4823307494,-1.921387844,0.559343185,0.07446359598,2.395356259,-0.7889939609,-0.1928133818,-1.871549955,-0.5008071521,0.3254717375,1.845546959,-0.851113504,0.2529586523,0.1168723746,-0.08129231953,0.1928502198,-1.513474218,0.3846145414,-0.1068207078,0.5749110304,1.299285584,0.07382070567,0.7685445728,-1.601424678,-1.072515323,0.7004559369,0.5018816861,-0.8412180441,0.2760602642,-0.6126572729
0.1108006421,-0.01647313534,0.3624562206,-0.4537463623,-0.4687437109,0.5848318292,-0.4820428444,-1.916068648,0.5580274591,0.08030413409,2.397803296,-0.7835105596,-0.1937061835,-1.892617749,-0.4928093732,0.3235217853,1.864510479,-0.8569899861,0.2521204303,0.1177828888,-0.07906469875,0.1937488381,-1.509561129,0.3784899816,-0.1064338323,0.5732196748,1.296891567,0.07547228471,0.7707033412,-1.598930886,-1.073612085,0.7005934484,0.5043399224,-0.8390968159,0.2740047136,-0.61436991
0.1132900693,-0.01736399481,0.3625886114,-0.4530806225,-0.468454616,0.5858256462,-0.4817432246,-1.910850165,0.5572887669,0.08693409935,2.399983304,-0.7768978246,-0.1946371837,-1.913993876,-0.4850473089,0.3202212433,1.8831041,-0.8605791217,0.2510608837,0.1185995176,-0.07685913354,0.1944601092,-1.50570135,0.37244483,-0.1068290182,0.5721229231,1.29484247,0.07754103217,0.7733666464,-1.596114784,-1.074886027,0.7007431579,0.5066642489,-0.8369020899,0.271721653,-0.6159576108
0.1159025688,-0.01835672776,0.3627958488,-0.452367644,-0.4681637068,0.5868183469,-0.4814877839,-1.905650222,0.5569061426,0.09401517558,2.401992432,-0.769236494,-0.1955037673,-1.934225563,-0.4776026587,0.3170746843,1.901041705,-0.8623849645,0.2493195498,0.1193670805,-0.07419429512,0.1953322864,-1.501754101,0.3664422278,-0.1073795506,0.571470034,1.293037916,0.07969596654,0.7765737363,-1.593415015,-1.076172281,0.7011101562,0.5088415247,-0.8348577046,0.2693499953,-0.6171266219
0.1186424402,-0.01942979341,0.3630101625,-0.4516904932,-0.4680562216,0.5876918298,-0.4811625348,-1.901414033,0.5562374052,0.1008172807,2.404095439,-0.7603437037,-0.1962760537,-1.954016273,-0.4706672183,0.3137834976,1.918551094,-0.8624545417,0.2466257972,0.1201200782,-0.07114279941,0.1955495979,-1.497714625,0.3602903404,-0.1084409522,0.5712682,1.291304196,0.08229004214,0.780091234,-1.59061322,-1.077315754,0.7017374882,0.5110250386,-0.8327604207,0.2670465133,-0.6179306563
0.121509448,-0.02059237774,0.3632891323,-0.4509540082,-0.4680028585,0.588603797,-0.480790367,-1.8973831,0.5554407352,0.1075223394,2.406192511,-0.7503926491,-0.196874545,-1.972854875,-0.4639592248,0.3099576336,1.934865684,-0.8627548868,0.2443917533,0.1208730846,-0.06789778688,0.1958246557,-1.493687761,0.3540908286,-0.109597616,0.5714261586,1.289634295,0.08499994643,0.783963366,-1.587927617,-1.078221701,0.7024914076,0.5131625514,-0.8307743261,0.2649094,-0.6181620706
0.1244408678,-0.02178621044,0.3635654159,-0.4502405279,-0.4679991943,0.5895296494,-0.4803280271,-1.893956748,0.5536148699,0.1134892713,2.408299806,-0.7395554792,-0.1972909609,-1.992122561,-0.4575098931,0.3049607947,1.950062224,-0.862487489,0.2427546106,0.1215194349,-0.06488495732,0.1958316148,-1.489642725,0.3481538574,-0.1111025677,0.5717986481,1.288004097,0.08756910775,0.787910801,-1.585107676,-1.07869908,0.7032259822,0.5152334983,-0.8285558225,0.2630589968,-0.6179184253
0.1274326639,-0.02301781618,0.3638917943,-0.44943875,-0.4679301366,0.5905878332,-0.4798460259,-1.890372525,0.5511444504,0.119040223,2.410316281,-0.7280159159,-0.1974839659,-2.011103106,-0.4510913498,0.298935181,1.963865328,-0.8626568958,0.2417030247,0.1220479055,-0.06216648368,0.1962653482,-1.485779735,0.3424852179,-0.1128173963,0.5723029444,1.286431474,0.0899240874,0.7919437379,-1.582372808,-1.078781229,0.7038700027,0.5172600691,-0.826386993,0.2615909333,-0.6171935757
0.1304963943,-0.02424982666,0.3642057555,-0.4487256751,-0.4679397987,0.5916883177,-0.4791477309,-1.887007546,0.5474678302,0.1240686879,2.412138113,-0.7161439517,-0.197820948,-2.030759976,-0.4448425951,0.2922425944,1.977019201,-0.8616756992,0.2403865489,0.1228426736,-0.05975253642,0.1963577829,-1.481965553,0.3364630605,-0.1153832213,0.5725202037,1.285134041,0.09341284486,0.7955480893,-1.579932688,-1.078116945,0.7041237695,0.5194277286,-0.8238428787,0.2605179677,-0.6157905469
0.1336205948,-0.02548130308,0.3645853397,-0.4479975954,-0.4680410955,0.5928012802,-0.4783537704,-1.883503897,0.5432588332,0.1289097767,2.413536759,-0.7042407645,-0.1980931716,-2.050140019,-0.4386874582,0.2853072544,1.989379673,-0.8608691981,0.2391242503,0.123743716,-0.05741072148,0.1965909693,-1.478473353,0.3302036796,-0.1179444374,0.5726394246,1.284135033,0.09732399522,0.7990242187,-1.577912107,-1.076921246,0.7040423363,0.5216460385,-0.8213275921,0.2600067191,-0.6139428587
0.1367538673,-0.02665284944,0.3650944303,-0.4474946039,-0.4685657475,0.5933673729,-0.4776085012,-1.880247848,0.536166347,0.1326215026,2.413445151,-0.6940352892,-0.1983094695,-2.070596438,-0.4325244395,0.2769196242,2.000350632,-0.8588692025,0.2377605315,0.123949852,-0.05493174008,0.1958842404,-1.475602166,0.3237500796,-0.1205512665,0.5729105458,1.283567246,0.1012867043,0.8023609976,-1.576307372,-1.075266058,0.7039462769,0.5242844596,-0.8186841927,0.2603114299,-0.6120849169
0.1398436464,-0.02774574545,0.3658438382,-0.4470863121,-0.4694136003,0.5933973034,-0.477120888,-1.877602671,0.5279604167,0.1356278319,2.411791974,-0.6851282605,-0.1983359891,-2.090990682,-0.4262402503,0.2681103398,2.010394178,-0.8572379254,0.2364159364,0.1232401878,-0.0522695947,0.1951965733,-1.474120991,0.317361984,-0.1233294416,0.573590289,1.283357685,0.1050683759,0.8055386448,-1.575273781,-1.073471291,0.7035019246,0.5272635835,-0.8161406624,0.2613830152,-0.6101203651
0.1429619714,-0.0287387305,0.3667956603,-0.446988523,-0.4705170497,0.592743368,-0.4769384299,-1.875664191,0.5180059583,0.1379532244,2.408867844,-0.678439154,-0.198432107,-2.112161926,-0.4197441555,0.2583977651,2.019469287,-0.8542582148,0.2339464477,0.1213651901,-0.04922202071,0.1941139112,-1.473621471,0.3106286038,-0.1260313507,0.5744380009,1.283860747,0.1086648565,0.8080672332,-1.574702486,-1.071327422,0.7027705463,0.5307699544,-0.8127725505,0.2631896984,-0.6092258324
0.1461118399,-0.02964288015,0.3679766216,-0.4468919222,-0.4717836962,0.5917602647,-0.4769984727,-1.874215707,0.5071631383,0.1392757671,2.404815878,-0.6734641918,-0.198280482,-2.132769266,-0.4125870976,0.2491437383,2.028177328,-0.8518804301,0.231060236,0.1188367197,-0.04596789611,0.193661727,-1.474536119,0.3038860113,-0.12879776,0.5756699192,1.284843019,0.112038279,0.8103494678,-1.574835284,-1.068967074,0.7016163315,0.5348687305,-0.8093720131,0.2656543885,-0.6087786659
0.149373252,-0.03053518704,0.3694128029,-0.4466752892,-0.4730295397,0.5906666063,-0.4773229523,-1.872254857,0.495325869,0.1399690316,2.399477869,-0.6712092904,-0.1985160878,-2.152618955,-0.4050138322,0.239212718,2.035684417,-0.8472559803,0.2273379095,0.1161788577,-0.04199375258,0.1948098097,-1.475171626,0.2976028344,-0.1333182169,0.5746182262,1.286310022,0.1172305522,0.8122813111,-1.576135199,-1.066522541,0.6991193726,0.5387099786,-0.8052004464,0.2685220874,-0.6072306658
0.1527454759,-0.03141482969,0.3710395369,-0.4462239804,-0.4742546606,0.5897134288,-0.4777078062,-1.86967588,0.4830259456,0.1398096045,2.393051727,-0.6714459144,-0.1986357822,-2.171365081,-0.3966799595,0.2291483357,2.042623548,-0.8433106405,0.2237692784,0.1139140272,-0.03772208492,0.197491053,-1.475640408,0.2913880713,-0.1389321065,0.5718967346,1.288325652,0.1226235053,0.814308101,-1.578342213,-1.0641414,0.6957075006,0.5424914297,-0.8012084998,0.271847452,-0.6050535967
0.1561779992,-0.03222165449,0.3725561465,-0.4457327584,-0.4754247275,0.5888729515,-0.4780400439,-1.867305504,0.4708566605,0.139482287,2.387228324,-0.6750059039,-0.1983107843,-2.190281928,-0.3880670103,0.2194988643,2.049806478,-0.8394198017,0.2185208484,0.1129054966,-0.03341899217,0.2000890321,-1.474261611,0.2844040376,-0.1462652552,0.5672341306,1.291904691,0.1253094193,0.8171943713,-1.580311046,-1.062390576,0.691393973,0.5464799737,-0.7958537853,0.2752479199,-0.6031416262
0.1596434655,-0.03294247897,0.373979394,-0.4451339287,-0.4763404581,0.5882748379,-0.4784226883,-1.864427108,0.4587894055,0.1392112154,2.381602705,-0.6812113315,-0.1978591683,-2.209319234,-0.3792277833,0.2086815146,2.056362685,-0.8369323622,0.2142222275,0.1128452425,-0.02939309174,0.2031577426,-1.471385428,0.2767301075,-0.1547449632,0.5618413109,1.296533836,0.1227823289,0.81886744,-1.582167223,-1.061233815,0.6866954088,0.5509151598,-0.790609715,0.278902408,-0.6013594117
0.1630528891,-0.0336558452,0.3752901758,-0.4440347484,-0.4768124273,0.5884002908,-0.4788195372,-1.85974941,0.4483414144,0.1391779486,2.376730824,-0.6898434653,-0.1962361289,-2.227510012,-0.3722958247,0.1966393131,2.062740421,-0.8314985143,0.207679837,0.1155802238,-0.02482068396,0.2075716744,-1.465214281,0.2697705813,-0.1659822947,0.5529443542,1.300631086,0.1205090429,0.8089658841,-1.583758447,-1.06007675,0.680109113,0.5551787176,-0.784742518,0.2824226182,-0.5983234749
0.1663700465,-0.03432516418,0.3765242348,-0.442725423,-0.4768932244,0.588972518,-0.4792477704,-1.853926907,0.4390064133,0.13949675,2.372127552,-0.6998211321,-0.194511276,-2.245235021,-0.366879434,0.1836044621,2.068735517,-0.8259850621,0.2016663193,0.1200798089,-0.02001315644,0.2127105344,-1.456715238,0.2627148986,-0.1781412475,0.5430520583,1.304213929,0.117791791,0.7990150905,-1.585124828,-1.05895911,0.6727309286,0.5593528795,-0.7793243237,0.2863705295,-0.5954148118
0.1694600041,-0.03490487753,0.3775528842,-0.4414216373,-0.4767943093,0.5895854542,-0.4797948697,-1.848584697,0.4312029444,0.1410140804,2.369076688,-0.7126009336,-0.1923611353,-2.263480327,-0.362940443,0.1718511376,2.075118509,-0.8201814802,0.1947810725,0.1250115077,-0.01501994183,0.2173933177,-1.444641154,0.2569890939,-0.1910899498,0.5318658469,1.30968493,0.1144577256,0.7943266498,-1.585696429,-1.058008934,0.6649217193,0.5629313285,-0.7740061945,0.2905937139,-0.5931576968
0.1722878163,-0.03536881351,0.3784745044,-0.4401302587,-0.4764499156,0.5901456575,-0.48063389,-1.843419775,0.4242669597,0.1434450705,2.366751267,-0.7267478596,-0.1904282408,-2.28204107,-0.3601872047,0.1600746731,2.080756192,-0.8150458953,0.1891751488,0.1299587574,-0.009854308056,0.2221422,-1.43027294,0.252025485,-0.2046374462,0.5218640032,1.315770007,0.1098608149,0.7964200071,-1.586028037,-1.057570674,0.6572631418,0.5663123403,-0.769361084,0.295039534,-0.5919369144
0.1747856473,-0.03569785468,0.3792886928,-0.4387999003,-0.4759615892,0.5906058234,-0.4817675523,-1.838814615,0.4184316388,0.1470932931,2.365365574,-0.7435822516,-0.188096757,-2.300626511,-0.3586760138,0.1479433614,2.085874972,-0.8102497459,0.1828986096,0.1352258494,-0.004478793071,0.2269750344,-1.412817525,0.2486649747,-0.2191931034,0.5127400344,1.324267247,0.1039526151,0.7998194407,-1.586131529,-1.057967354,0.6495320634,0.5692870339,-0.7646122399,0.299617153,-0.591412291
0.176938993,-0.03587724406,0.3800203585,-0.4373607218,-0.4752251216,0.5910167951,-0.483296835,-1.834202209,0.4134296626,0.1516674992,2.364310864,-0.761345465,-0.1860512904,-2.31899616,-0.3579419276,0.1350885625,2.089879253,-0.8061275082,0.1776478986,0.1405244984,0.0009602381503,0.2324028785,-1.393221125,0.2462451952,-0.2342615152,0.5047974377,1.33315852,0.0968124456,0.8072058996,-1.586326639,-1.059195975,0.6420869416,0.5722802553,-0.7604205208,0.3042493795,-0.5916739977
0.1787351821,-0.03595319129,0.3806726154,-0.4356889509,-0.4743826193,0.5914026851,-0.4851588737,-1.82929895,0.4098038613,0.1578355479,2.361970546,-0.7783889017,-0.1846898646,-2.336629959,-0.3587352239,0.1226786335,2.092202653,-0.8018141871,0.1722214257,0.1459622002,0.006645476297,0.2383980239,-1.371263394,0.2453935718,-0.2499455574,0.4963234861,1.343032497,0.08919232353,0.8188132654,-1.58647245,-1.060848678,0.6347286475,0.5748342635,-0.7565066234,0.3091285103,-0.5921019971
0.1801605703,-0.03590327179,0.3812363692,-0.4337209583,-0.4734389785,0.5917622056,-0.4874004062,-1.824244491,0.4072933361,0.1644379673,2.359019412,-0.7938179864,-0.1836494488,-2.353398633,-0.3605296489,0.1107905897,2.093137927,-0.7979781449,0.1676260168,0.1514509727,0.01256084952,0.2450439693,-1.347728048,0.2452118412,-0.2656990174,0.4885438378,1.35231419,0.08101096535,0.8341913072,-1.586631764,-1.062999836,0.6277060958,0.5773652075,-0.7531970997,0.3141390732,-0.5931233775
0.1811648505,-0.03574007961,0.3816721504,-0.4314227721,-0.4726112815,0.592079588,-0.4898517427,-1.819646226,0.4060296365,0.169843332,2.356067968,-0.8052840467,-0.1820642666,-2.369324632,-0.3633436455,0.09980298967,2.093254124,-0.7947056421,0.1627363411,0.1573051154,0.01874705791,0.2517266573,-1.322334446,0.2466595387,-0.2811622606,0.4816376778,1.361822543,0.07284876824,0.850389169,-1.586353399,-1.065340207,0.6208370141,0.5789758959,-0.7501184441,0.3197680044,-0.5936410825
0.1817270604,-0.03545295368,0.3819959798,-0.4288629713,-0.4716655187,0.5924079954,-0.4926062904,-1.815238515,0.4055927792,0.173509693,2.353830205,-0.8140239867,-0.1802178686,-2.384553911,-0.3667619704,0.08993866416,2.092427794,-0.7918175564,0.1585521573,0.163063209,0.02469567891,0.2589038432,-1.295903077,0.2491279197,-0.2959123637,0.475324405,1.37066583,0.0645963165,0.8706149394,-1.585612205,-1.067940954,0.6141996125,0.5802465904,-0.7475633679,0.3258135489,-0.5947790758
0.1818207486,-0.03506854386,0.3821981527,-0.4261460187,-0.4706473317,0.5927438866,-0.4955253219,-1.811359208,0.4057111212,0.1743629355,2.353031327,-0.8191418902,-0.1783047441,-2.398792342,-0.3702823112,0.08065061184,2.091277653,-0.7891224944,0.1543546365,0.1687227778,0.0303523562,0.2660205212,-1.269608202,0.2550212842,-0.3091558033,0.4709542337,1.383225044,0.06085579592,0.891080099,-1.584635904,-1.070775921,0.6094254342,0.5805029953,-0.7435257658,0.3330421556,-0.5975257027
0.1814465321,-0.03459852212,0.3822816766,-0.4233838592,-0.469337958,0.5931372134,-0.4986544245,-1.807571039,0.4062852542,0.1732516681,2.353821343,-0.8220578175,-0.1765129655,-2.412223967,-0.3736971636,0.07234829094,2.08971188,-0.7865820598,0.1507097637,0.1739930291,0.03520971252,0.2733785861,-1.243796829,0.2636787196,-0.3206722537,0.4675064106,1.396035277,0.05846113482,0.9154635985,-1.583055258,-1.073783314,0.6055615907,0.5807461714,-0.7395344794,0.3407192579,-0.6015965892
0.1806649613,-0.03420234455,0.3823867735,-0.4205994491,-0.4680065499,0.5934980026,-0.501822771,-1.803860016,0.4078185834,0.1712362944,2.354849625,-0.8229067073,-0.1744712967,-2.423810662,-0.376568838,0.06365674735,2.088446255,-0.7841030133,0.1463446821,0.1780978815,0.03958434458,0.2812590998,-1.218282269,0.2748818384,-0.3320779094,0.4637156467,1.409501264,0.05656607699,0.9387453056,-1.580993557,-1.07552851,0.6005950469,0.5804586537,-0.7368869203,0.3480379601,-0.6052768435
0.1795203784,-0.03389508753,0.3824628576,-0.4178555311,-0.4665394111,0.5939005468,-0.5049949242,-1.79999061,0.4102094297,0.1683929917,2.356677141,-0.8224255617,-0.1724915333,-2.43377179,-0.3788623099,0.0551557068,2.087519048,-0.7818516657,0.1422908711,0.1813109078,0.0433254429,0.2896090933,-1.193223587,0.2872380514,-0.3426669032,0.4603351514,1.421804358,0.05487032431,0.9613034456,-1.57853442,-1.076787064,0.5955452398,0.5798344397,-0.7352188605,0.3549682622,-0.6100138158
0.1780365775,-0.03374624652,0.3825571154,-0.4150899515,-0.4652506406,0.5942463639,-0.5080486518,-1.796467434,0.4130041828,0.1633996609,2.358759328,-0.8208908578,-0.1705073711,-2.442153156,-0.3807303987,0.04585014613,2.086212979,-0.778806854,0.1369995343,0.1841744923,0.0466978807,0.2980801634,-1.168957602,0.3015015604,-0.3518352704,0.4578416736,1.433158862,0.052670759,0.9860405681,-1.575940996,-1.077880074,0.5907117905,0.5781665262,-0.7338008391,0.361978244,-0.6146577052
0.1762509857,-0.03377035408,0.3826160688,-0.4123964497,-0.4639468058,0.5946056969,-0.5110054744,-1.792841967,0.4162610318,0.1571851697,2.361264572,-0.8186147394,-0.1687468557,-2.449257176,-0.3821378597,0.03664918604,2.084921161,-0.7757932492,0.1319624879,0.186551663,0.04940508959,0.306689065,-1.145367624,0.3168576721,-0.3597523563,0.4564754777,1.443108269,0.05034120861,1.012403068,-1.572836139,-1.078973205,0.5863633899,0.5759532908,-0.7328088815,0.3688882402,-0.620535614
0.1741612636,-0.03412406903,0.3827443278,-0.4098209247,-0.4630609941,0.5947703821,-0.5136823124,-1.789708877,0.4207436526,0.1499058424,2.363269436,-0.8157060746,-0.1665053815,-2.455137291,-0.383299466,0.0271407798,2.08248613,-0.7720924341,0.1263736444,0.1871676214,0.05166691701,0.3149700021,-1.123230892,0.334091148,-0.3649043685,0.4574473157,1.4516951,0.04846572469,1.039872943,-1.569255366,-1.078537939,0.5826902442,0.5717462761,-0.7320147063,0.3761397976,-0.6267601336
0.1717974027,-0.03480802064,0.3828920431,-0.4074021913,-0.4623873974,0.5947636894,-0.51621459,-1.786702942,0.4263390037,0.1419954515,2.364849724,-0.8121690523,-0.1643679387,-2.460047635,-0.3843019046,0.01824201269,2.079709896,-0.7685508222,0.1212622988,0.1861423009,0.05344461992,0.3230941655,-1.102569804,0.3522627614,-0.3680108996,0.4593393693,1.458973827,0.04702742833,1.069487957,-1.565054322,-1.077273715,0.5798014865,0.5664653979,-0.7316182508,0.3831580034,-0.634538144
0.1689779771,-0.03612759682,0.3833990068,-0.4052368986,-0.4624808481,0.59431849,-0.5183435671,-1.784603046,0.4340015928,0.1326922173,2.363877059,-0.8075946478,-0.1604528966,-2.465584468,-0.3845330619,0.007211216044,2.073778326,-0.7636771871,0.1148990596,0.182288398,0.05418178113,0.3309227236,-1.081528589,0.3691932863,-0.3692230021,0.4610292352,1.463828176,0.04491708914,1.101447481,-1.560762281,-1.073976476,0.5784201148,0.559010206,-0.7315580691,0.390378771,-0.6422792541
0.1657481571,-0.03806942789,0.3841744245,-0.4031214405,-0.4629444633,0.5935024263,-0.5205097483,-1.782458115,0.4434319839,0.1222328056,2.360794262,-0.8018372807,-0.1563671361,-2.47157222,-0.3843486666,-0.004354229667,2.066648773,-0.7589085614,0.1089224667,0.1759211196,0.05445883174,0.3391746353,-1.060675412,0.383932502,-0.3685292473,0.4621550023,1.467121826,0.04392754835,1.130477274,-1.555937765,-1.069765929,0.5782880038,0.550288729,-0.7318463288,0.3970072399,-0.6509986512
0.1622150803,-0.04044103089,0.3851211231,-0.4009946041,-0.4639141127,0.5925257054,-0.5223986141,-1.78052258,0.4544681203,0.1106673495,2.356242522,-0.7956962119,-0.1531764014,-2.476515796,-0.383447756,-0.01820658271,2.058092484,-0.755766389,0.1013993683,0.1675616432,0.05384616307,0.3474386204,-1.042239244,0.3959862361,-0.3660316163,0.4615179806,1.464415827,0.04311257268,1.1516294,-1.55205503,-1.063804015,0.5799545958,0.5408432688,-0.7324044206,0.4030273104,-0.6588072603
0.1584007402,-0.0432224116,0.3861614178,-0.3989035118,-0.46510479,0.5912585348,-0.5243728327,-1.778444271,0.4660521899,0.09833836734,2.350306438,-0.789220565,-0.1506657965,-2.48095094,-0.3821828487,-0.03256525979,2.049494771,-0.7535465461,0.09432004072,0.1576472137,0.05290638384,0.3555806338,-1.025343105,0.4056628613,-0.3609860106,0.4586223608,1.461565594,0.04485379907,1.16863807,-1.547934189,-1.057413572,0.5826908249,0.5308233442,-0.7330870518,0.4080127113,-0.6662346582
0.1543416197,-0.04619931861,0.3872235826,-0.3970392001,-0.466392669,0.589946774,-0.5261183856,-1.777820234,0.4786091817,0.08576687684,2.344226094,-0.7814705374,-0.1483162347,-2.484488854,-0.3791903966,-0.04978563989,2.041240148,-0.7539408241,0.08677373002,0.1472330273,0.05128667458,0.3632378384,-1.010128564,0.4150545684,-0.3533864088,0.4540357086,1.460868655,0.04937464211,1.184137028,-1.544352876,-1.050091983,0.5868282114,0.5201525918,-0.7336368521,0.4130052073,-0.6734489342
0.1500745578,-0.04936612545,0.3882819703,-0.3954920224,-0.4674229298,0.5884121072,-0.5280843277,-1.77780587,0.4906406881,0.07327597728,2.33770521,-0.7723213159,-0.1462004898,-2.487593838,-0.3751853812,-0.06797396316,2.034002915,-0.7551797377,0.08000268373,0.1365752924,0.0497613544,0.3704306851,-0.995135138,0.4244087527,-0.3443885702,0.447619425,1.462399741,0.05578017966,1.19740677,-1.540157652,-1.043203754,0.5916278517,0.5090276242,-0.7341461554,0.4174887072,-0.6812512369
0.1455258635,-0.05257632944,0.3893965603,-0.394233597,-0.4682335933,0.5867288482,-0.5301758498,-1.779452254,0.5020766523,0.0602795089,2.330994184,-0.7612537828,-0.1442276911,-2.489733955,-0.3698423804,-0.08836282868,2.028161825,-0.7560414686,0.0723889304,0.1261082299,0.04792274244,0.376923255,-0.981137168,0.4345615671,-0.3349342062,0.4411543141,1.465376542,0.06319508251,1.2097705,-1.535683762,-1.036285296,0.5972098278,0.498250154,-0.7345721404,0.4222152156,-0.6898321534
0.1407276022,-0.05583176025,0.3905461005,-0.3933278541,-0.4685555267,0.5847986718,-0.5326907461,-1.781847189,0.5121473072,0.04727587897,2.323782921,-0.7481905865,-0.1422861192,-2.491188417,-0.3636787476,-0.1094763685,2.023786576,-0.7566026551,0.06545342568,0.1156541996,0.04615173808,0.3829499447,-0.9681430101,0.4449895716,-0.3257067135,0.4355064752,1.469027861,0.07071574465,1.220921588,-1.530416242,-1.029870531,0.6030446789,0.4879744802,-0.7348922569,0.4265158482,-0.6995253989
0.1356741143,-0.05903230561,0.3916937909,-0.3926734412,-0.4684449593,0.5828941936,-0.5353515179,-1.785960316,0.5219423788,0.0339301585,2.316942987,-0.73232025,-0.1407124588,-2.490976573,-0.3571228081,-0.1333801094,2.020278793,-0.75415873,0.05896636861,0.1055743216,0.04371236737,0.3884088663,-0.9565843159,0.4561211893,-0.3167647534,0.4316734835,1.47229019,0.07736961795,1.231405025,-1.524889809,-1.023167182,0.6095569063,0.4787973511,-0.7346559873,0.4309104795,-0.7104755087
0.1303883171,-0.06218465339,0.392807746,-0.392463003,-0.4676256316,0.580877957,-0.5384049211,-1.79071373,0.5306059241,0.02114775695,2.31007043,-0.7137241216,-0.1391519256,-2.489655352,-0.3503959377,-0.1581998357,2.017788261,-0.750807779,0.05343236203,0.09527396582,0.04060519071,0.3934806308,-0.9469180251,0.4671058037,-0.3085575975,0.43076743,1.47475821,0.08306076375,1.241660062,-1.518840389,-1.016455918,0.6161868287,0.4707455021,-0.7340695153,0.4347307042,-0.7221568491
0.1249203792,-0.06517107856,0.3938647936,-0.3923989089,-0.4663574729,0.578863322,-0.5417112313,-1.797180862,0.5395616843,0.00833290161,2.303894996,-0.6920591786,-0.1375777899,-2.487398337,-0.3445652885,-0.1827539721,2.014601642,-0.7470183175,0.04690027362,0.08476900971,0.03714090257,0.3982201145,-0.9395993145,0.4788946717,-0.3008990517,0.4334589943,1.475591212,0.08699187845,1.252639785,-1.513766448,-1.008910432,0.6240984434,0.4644521927,-0.733094811,0.4386681989,-0.7343202605
0.1193287225,-0.06801426506,0.3948852026,-0.392525112,-0.4647168497,0.5768714756,-0.5451436385,-1.804738876,0.5485146219,-0.00417744537,2.297976008,-0.667681913,-0.1358307955,-2.484375693,-0.3393896902,-0.2039658152,2.013462414,-0.7486058297,0.03884147584,0.07440911753,0.03345873454,0.4025825539,-0.9344910985,0.4904660555,-0.2939573912,0.4397861313,1.474992313,0.08966378206,1.264271572,-1.509412097,-1.000919413,0.6322980599,0.4594880352,-0.7318231535,0.4416200198,-0.7457323703
0.1137868815,-0.07056851759,0.395861939,-0.3926291611,-0.4633210528,0.5750154583,-0.5482090538,-1.815124169,0.5584160235,-0.01698915502,2.293137092,-0.641067614,-0.1340554435,-2.479890731,-0.3354157394,-0.2208063712,2.013385496,-0.7470081293,0.02806003298,0.06481658806,0.03007693203,0.4058036836,-0.930969851,0.5028036896,-0.2876402511,0.4486956317,1.472265556,0.09089568403,1.276547759,-1.507038004,-0.991802192,0.6413677718,0.4562178461,-0.7302653523,0.44378016,-0.7557879708
0.1082768627,-0.07284674216,0.3968191625,-0.3929387619,-0.4618759793,0.5733288844,-0.550966151,-1.82678649,0.5684816332,-0.02923365155,2.288621725,-0.6128714603,-0.1320603522,-2.474344304,-0.3325402336,-0.2339566627,2.014635796,-0.7452892753,0.01780619842,0.05599036326,0.02647480075,0.4082368836,-0.9287912331,0.5149331225,-0.2819802196,0.4596217718,1.468206264,0.09120282302,1.289221635,-1.505882264,-0.9823591736,0.6501261542,0.4538774181,-0.7285135848,0.4444787504,-0.7634963368
0.1028497001,-0.07470469977,0.3977506142,-0.393344274,-0.4605322272,0.5718061308,-0.5533788021,-1.841433927,0.5784571939,-0.04158710475,2.286342391,-0.5844911834,-0.1298215849,-2.468174654,-0.3307120028,-0.2455178532,2.016205593,-0.7441483424,0.007876238658,0.0476070199,0.02256178929,0.4097901949,-0.9274735115,0.5276888323,-0.2769156072,0.471478437,1.462372504,0.0908357142,1.301989138,-1.506120348,-0.9722926055,0.6592275038,0.452599367,-0.7263834736,0.4445490411,-0.7698538476
0.09746539222,-0.07616993676,0.3987087463,-0.394067002,-0.4588534305,0.5704855011,-0.5556176925,-1.857108363,0.5876963847,-0.05285888906,2.285919039,-0.5579565245,-0.1276154528,-2.461855648,-0.329655612,-0.2557956806,2.018080842,-0.744430865,-0.001033305683,0.0395843029,0.01774575895,0.4111966842,-0.9273796215,0.5400025323,-0.2722007011,0.4841121072,1.455751106,0.09003442948,1.314339818,-1.507245719,-0.9624882987,0.6675677593,0.4518129767,-0.7241580702,0.4434629701,-0.773769385
0.09226326828,-0.07719362713,0.3997281825,-0.3950945013,-0.4570828591,0.5692201337,-0.5576414926,-1.875965182,0.5958999225,-0.06342479826,2.288896766,-0.5356420976,-0.1250593411,-2.456177486,-0.3299047188,-0.2656873457,2.019614793,-0.7456130894,-0.009807629126,0.03141322992,0.01237997201,0.4121341839,-0.9277589079,0.5521942109,-0.267535163,0.4963265966,1.447983983,0.08925367394,1.325463145,-1.509575397,-0.952200122,0.6753666703,0.4524106139,-0.7224082672,0.4412255971,-0.7763784978
0.0872150252,-0.07778932887,0.400865006,-0.3963168256,-0.4547840321,0.5682171113,-0.5596729155,-1.897003684,0.6032061584,-0.07132131127,2.292760315,-0.5199881521,-0.1233909124,-2.450836133,-0.3309622799,-0.274836584,2.020953118,-0.7474863972,-0.01800323382,0.02336751431,0.00617558449,0.4139862036,-0.9297157536,0.5633529952,-0.2626985118,0.5087044964,1.439957287,0.08854620141,1.335226024,-1.513105271,-0.9424060247,0.6819181961,0.4536869143,-0.7208308737,0.4375869643,-0.7767371994
0.08235948272,-0.07798663503,0.4021425968,-0.3970372263,-0.4523552986,0.5674086556,-0.5619462094,-1.923128767,0.6107552022,-0.07453640923,2.295364603,-0.515665818,-0.1239207508,-2.444983827,-0.332705033,-0.2838755381,2.022006563,-0.7493061445,-0.02569482663,0.01542202049,0.0002316534746,0.4171696884,-0.932851901,0.57385281,-0.257637457,0.5208731583,1.432386622,0.08834542105,1.343152,-1.517731299,-0.932788704,0.688226055,0.4569469012,-0.7203628604,0.4328310242,-0.7766944002
0.07767358781,-0.07779779342,0.4035630507,-0.3971034742,-0.449411222,0.5670406939,-0.564626634,-1.952985545,0.6180310425,-0.07349528051,2.296386016,-0.517035212,-0.1253546257,-2.438238516,-0.3347162145,-0.2923135098,2.023025343,-0.7504877466,-0.03242151383,0.007878724526,-0.005800118963,0.4228502871,-0.9380149015,0.5832935076,-0.2522278374,0.5334100179,1.425603716,0.08856698437,1.349772126,-1.523526063,-0.9239283043,0.6935456956,0.4612962414,-0.7200939023,0.4262103328,-0.774618662
0.07315296931,-0.07731255395,0.4051222398,-0.3964666974,-0.4462222561,0.5670469579,-0.5675892912,-1.986279719,0.6249537937,-0.07152600629,2.297477897,-0.5142528969,-0.1256911523,-2.430752106,-0.3364951585,-0.3002208964,2.023718497,-0.7501126839,-0.03840331211,0.0001250365202,-0.01206083199,0.4300152862,-0.9441231105,0.5921117679,-0.2461735403,0.5466491742,1.419969302,0.08974106251,1.355470865,-1.528835533,-0.9143282545,0.6977630795,0.4672951738,-0.7213498591,0.4169519758,-0.7722354017
0.06871637733,-0.07660971407,0.406868244,-0.3956629909,-0.4423339271,0.5674822136,-0.5707498855,-2.01892253,0.6305184168,-0.07197033928,2.301073079,-0.5058822012,-0.1237888822,-2.423102972,-0.3376393774,-0.3065945462,2.024010921,-0.7475742353,-0.04342996727,-0.008024508245,-0.02007517033,0.4387944441,-0.9518358597,0.600448614,-0.2396078181,0.5609378416,1.415537539,0.09163402921,1.360447585,-1.53297695,-0.9048814287,0.7009982266,0.4732569512,-0.7226299633,0.4056100252,-0.7702664941
0.06460290323,-0.07573144786,0.4086228241,-0.3950301997,-0.4380445159,0.5680790559,-0.5738940056,-2.051141495,0.6347488087,-0.07522698202,2.308077745,-0.4922915213,-0.1204971534,-2.416376842,-0.3389204681,-0.3107072255,2.023273878,-0.7423587668,-0.04739436073,-0.01671046708,-0.02892618696,0.4468311693,-0.9595300176,0.6074965311,-0.2328600393,0.5762651486,1.411579872,0.09399994039,1.364253013,-1.535007236,-0.8950112286,0.7028114141,0.481972939,-0.7233243804,0.3910326368,-0.7711992125
0.06080721968,-0.0746889289,0.4104259341,-0.3944475313,-0.4331997322,0.568914673,-0.577135367,-2.082549473,0.6384010338,-0.07743880334,2.316036274,-0.479928928,-0.1182188835,-2.409951027,-0.3403919558,-0.3127968262,2.021761064,-0.7347236956,-0.0506142167,-0.02587455595,-0.03865719564,0.4550462701,-0.9680433686,0.6133831975,-0.2261140625,0.5930270579,1.407887667,0.09670078188,1.367695679,-1.535356795,-0.8857238094,0.705958228,0.4908878077,-0.7233865674,0.3752023906,-0.7718916338
0.05751712858,-0.0735064877,0.4121821322,-0.3938696949,-0.4281278596,0.569764206,-0.5804670093,-2.114775568,0.6414275145,-0.07706131243,2.322188358,-0.4699176987,-0.1179201335,-2.403376035,-0.342576411,-0.3133445544,2.019196802,-0.7261220446,-0.05323906909,-0.03548217183,-0.0477291029,0.4621973715,-0.9752644438,0.6175565617,-0.2197465555,0.6102183465,1.404246744,0.09905214507,1.368950606,-1.533932385,-0.8759199962,0.710871074,0.5017980371,-0.7232937739,0.3587368968,-0.7716956641
0.05470749641,-0.07218352536,0.4139094358,-0.3930448393,-0.4225814925,0.5709202439,-0.5839440997,-2.147085046,0.6442764571,-0.07367290006,2.325950079,-0.4631947075,-0.1187935057,-2.395956243,-0.3450245727,-0.3130029367,2.016572536,-0.7176783361,-0.05571595226,-0.04503114039,-0.05643850658,0.4694981243,-0.9818593177,0.6199431784,-0.2142542534,0.6277436798,1.399459203,0.1007946567,1.368360798,-1.530707223,-0.8661706204,0.7175367762,0.5125780391,-0.7226916102,0.3429528223,-0.7701655482
0.05258418011,-0.07075965502,0.4157283169,-0.3922348466,-0.4167268771,0.5722658168,-0.5873690236,-2.178647372,0.6457513535,-0.06843883906,2.328139393,-0.4556291086,-0.1202097348,-2.387697636,-0.3480775165,-0.3116853413,2.013457428,-0.7105612026,-0.05725697989,-0.05413876828,-0.0640346497,0.4761148156,-0.9848617414,0.6203003067,-0.2100691411,0.6434773668,1.391800958,0.1006667668,1.365499169,-1.525759622,-0.856219831,0.7244801269,0.5255394314,-0.7215615273,0.3278850446,-0.7710625546
0.05109200968,-0.06924522869,0.4176558666,-0.3914007885,-0.4103313266,0.5740357799,-0.590691585,-2.208385478,0.6464931057,-0.06175892093,2.329194821,-0.448644972,-0.1216929243,-2.378635771,-0.3511452282,-0.3095050868,2.01024606,-0.7050089295,-0.05888089524,-0.06253047256,-0.07133923984,0.4828312199,-0.9852687686,0.6179154591,-0.2071234515,0.658696217,1.380665149,0.09869960299,1.363006808,-1.518881765,-0.8465939817,0.7318948192,0.5388930798,-0.7196534187,0.3143162618,-0.7731475777
0.05022148134,-0.0676671605,0.4198026544,-0.3906536887,-0.4037539316,0.5762567833,-0.5935491369,-2.235390765,0.6458420719,-0.05417024975,2.327413965,-0.4396078143,-0.1236636769,-2.369920645,-0.354183284,-0.3064375887,2.006970702,-0.7001709577,-0.05940605741,-0.07004099922,-0.07852621902,0.4887159214,-0.9826839567,0.6136295934,-0.2050688986,0.6744907976,1.365655987,0.09411726344,1.360905033,-1.510623461,-0.8365294663,0.7395147139,0.5558706811,-0.7170266888,0.2999283951,-0.7772704044
0.04993780488,-0.06602983082,0.4221663758,-0.389877971,-0.396906197,0.5791030277,-0.5959029466,-2.259312196,0.6444786314,-0.04637673378,2.324031345,-0.430989691,-0.1255717344,-2.361330134,-0.3568856647,-0.3026515019,2.003463116,-0.6954556333,-0.05939910705,-0.07624663881,-0.08584752409,0.4943687824,-0.9774032254,0.6076170805,-0.2035825746,0.6916779683,1.34986928,0.0891190083,1.355845745,-1.500700309,-0.8268614545,0.7482653964,0.5740178713,-0.7136041188,0.2862214304,-0.7795151686
0.05028220527,-0.06433497154,0.4250188938,-0.3892031749,-0.3903019041,0.5824783034,-0.5974147122,-2.279662737,0.6413983222,-0.03802622617,2.317183465,-0.4209792364,-0.1280057177,-2.352917752,-0.359447156,-0.2985074892,1.9985054,-0.6902081195,-0.0568904805,-0.08147069677,-0.09323822623,0.4992659477,-0.9691843667,0.6020303297,-0.2014184733,0.7093040564,1.33318424,0.08434124974,1.345401235,-1.489687896,-0.8171428073,0.7574255653,0.5943799823,-0.7104005423,0.2715579366,-0.7819123086
0.05121993456,-0.06257473704,0.4283032733,-0.3885047783,-0.3838045105,0.586538637,-0.5981058119,-2.296378192,0.6373827538,-0.02978132455,2.308724777,-0.4117713152,-0.1303075768,-2.344511176,-0.3617190408,-0.2942499377,1.991796438,-0.6833459014,-0.05274106559,-0.08522963356,-0.1008519064,0.5038847625,-0.9584939225,0.5969950537,-0.1985762468,0.7262778654,1.317586634,0.0803027388,1.3323159,-1.47717892,-0.8082377628,0.7676172796,0.6146414567,-0.7069556667,0.2575686196,-0.7822368919
0.05276760056,-0.06075706819,0.4322564038,-0.3879070027,-0.3777894828,0.5911134701,-0.5978194789,-2.309332574,0.6322342305,-0.02088640287,2.296175525,-0.4018791539,-0.133256181,-2.334762825,-0.3637354522,-0.2903433983,1.981026491,-0.674855214,-0.045442674,-0.0883624203,-0.1086417688,0.5078169586,-0.9461769809,0.5938548562,-0.1939938432,0.7435238748,1.301775919,0.07616285207,1.319728261,-1.464765537,-0.7996221824,0.7769331102,0.6353402291,-0.7045246907,0.2423225741,-0.7805621703
0.05490487241,-0.05890471123,0.4367168706,-0.3873666775,-0.3721505548,0.5961195724,-0.5967348466,-2.318572264,0.6271504582,-0.01181399953,2.281920193,-0.3931664511,-0.1360902687,-2.324361892,-0.3657916574,-0.2865576167,1.966327956,-0.6632699985,-0.03644855974,-0.09084016636,-0.1160602789,0.5107854246,-0.9337028962,0.5920786383,-0.1894922983,0.7640765731,1.286718234,0.07280240845,1.305524868,-1.451600093,-0.791771379,0.7883878912,0.6566518362,-0.7013480269,0.2272712555,-0.7739893358
0.05760861988,-0.05702259849,0.4417804612,-0.3867239151,-0.3673366555,0.6010195883,-0.5952174809,-2.323809522,0.6216892834,-0.001164698951,2.263079508,-0.3834193675,-0.1395632506,-2.311887464,-0.3679953444,-0.2833551469,1.946892247,-0.6498292436,-0.02488852276,-0.0947851394,-0.121466164,0.512872606,-0.9246359662,0.5927854858,-0.1844917142,0.791912801,1.270275077,0.06995897543,1.289473383,-1.439858974,-0.7829242757,0.8012438076,0.6806080018,-0.6981215597,0.2093612958,-0.7655769558
0.06083917919,-0.05514287287,0.4472375217,-0.3859518715,-0.3632326652,0.6058309925,-0.5933565473,-2.325934869,0.6171951468,0.01007610642,2.242683467,-0.3746174432,-0.1428618105,-2.29835485,-0.3700960788,-0.2810334004,1.924261861,-0.6347741359,-0.01291754874,-0.100059179,-0.1249174083,0.5139104114,-0.9184847503,0.5945633255,-0.1782032603,0.8235632734,1.255259782,0.0674936914,1.2726862,-1.427783838,-0.773637004,0.8168719051,0.7061008918,-0.6941774817,0.1916019345,-0.7524180383
0.06455485861,-0.05329200211,0.4532208516,-0.3846431818,-0.3600250301,0.6102723776,-0.5916073238,-2.325182301,0.6117457924,0.02200712849,2.217343822,-0.3651168052,-0.1467388663,-2.280636011,-0.3719845328,-0.2805847496,1.897840701,-0.6213191841,0.0003036573158,-0.109655381,-0.1270451012,0.5135405371,-0.9148360705,0.5977721679,-0.1683381685,0.8570730325,1.241475145,0.06315824896,1.253048615,-1.417836434,-0.7629572406,0.8324708493,0.7329950747,-0.6902716245,0.1721248434,-0.7400595516
0.06868523161,-0.05146832843,0.4595032512,-0.382795294,-0.3572758328,0.6146946689,-0.5898916903,-2.322074563,0.605842793,0.03368287526,2.190706306,-0.3566421373,-0.1503243843,-2.260500443,-0.3726486505,-0.2815366325,1.86937876,-0.6095912201,0.01218060458,-0.1224349044,-0.1290911029,0.5121561221,-0.912278452,0.6024831523,-0.1565193766,0.8886047722,1.229366939,0.05859660236,1.228561592,-1.407964206,-0.7525226024,0.8470502851,0.7581070155,-0.6866949716,0.1542147631,-0.7281949033
0.07313233369,-0.04963824379,0.4662221174,-0.3805597524,-0.3550733835,0.6188231552,-0.5883494453,-2.316201611,0.5980909742,0.04474307075,2.158283006,-0.3463603584,-0.1543971466,-2.236854439,-0.3717155808,-0.2838326843,1.83774143,-0.6018700218,0.02297919338,-0.1389841568,-0.1311965686,0.5109151573,-0.9118280722,0.6094763916,-0.1419512584,0.9156592607,1.217683067,0.05275059275,1.197176487,-1.399647974,-0.7418636506,0.8577111116,0.7801443685,-0.6843277613,0.1357550703,-0.7216998313
0.07785930608,-0.04779645501,0.4731249637,-0.3779312242,-0.3530634555,0.6229451498,-0.5869016327,-2.308402864,0.5890462606,0.05454383671,2.124339139,-0.3369202281,-0.1580807189,-2.211932054,-0.3689045798,-0.2861910204,1.804557301,-0.5965883106,0.03163891815,-0.1580170803,-0.1340364319,0.5096453071,-0.911853206,0.6187890746,-0.1277966865,0.9392930305,1.205904893,0.04783151832,1.165149684,-1.391652725,-0.7326366216,0.865446511,0.7977111263,-0.6827732836,0.1191353408,-0.7178760521
0.08277095439,-0.04593196148,0.480221331,-0.3748731216,-0.3513126856,0.6269056768,-0.5856951528,-2.298444623,0.5772177258,0.06290132738,2.085274917,-0.3262349975,-0.1617709907,-2.185099228,-0.363876436,-0.2877082762,1.769526723,-0.5949399641,0.04075138999,-0.1789644494,-0.1370738623,0.5086356249,-0.9129075383,0.6307380614,-0.1157928226,0.9619753927,1.192163251,0.04328912378,1.135573556,-1.385106275,-0.7238811482,0.8695967957,0.8125612297,-0.6820956298,0.1018612101,-0.7179402623
0.08784143228,-0.04405065523,0.4872852535,-0.3713486897,-0.3495494583,0.6310159573,-0.5845803525,-2.286945988,0.5637890164,0.06960923593,2.045553817,-0.3167989926,-0.1649366099,-2.158704799,-0.3571264721,-0.2881162948,1.734631536,-0.5939943537,0.04840108511,-0.2007152504,-0.1408955841,0.507595428,-0.9141439692,0.6458797241,-0.1073146483,0.9842649334,1.17763005,0.04025251151,1.106506862,-1.379214649,-0.716568907,0.8716732392,0.8239664174,-0.6819164586,0.08625808801,-0.7195070411
0.0929257911,-0.04211163146,0.4941540558,-0.3671111497,-0.3477025914,0.6356456891,-0.5833411263,-2.272342506,0.5494112511,0.07322663657,2.001284064,-0.3067504456,-0.1688639635,-2.134307857,-0.3496073247,-0.2876512236,1.702219645,-0.5910584954,0.05673956096,-0.2208451877,-0.1449734521,0.5069213307,-0.9167646457,0.6623970303,-0.1003321115,1.00698974,1.163220362,0.03636166831,1.074330732,-1.37513161,-0.7093121859,0.8717321786,0.8348928794,-0.6823925362,0.06952262758,-0.7233989743
0.09803737404,-0.04010828742,0.5006536051,-0.3622458891,-0.3456324752,0.6410023634,-0.5817491539,-2.256494026,0.535928157,0.07441387956,1.957140828,-0.2978546985,-0.1723359922,-2.111579813,-0.3413557085,-0.2868251873,1.672448085,-0.5852230673,0.0657870112,-0.2391686791,-0.150262914,0.5061075277,-0.9202317805,0.6789590762,-0.09301582057,1.029962637,1.150704802,0.03226385665,1.038051033,-1.372366117,-0.7023464273,0.8709039795,0.8439795319,-0.683146498,0.05423589492,-0.7277437066
0.1029988532,-0.03804030563,0.5063214564,-0.35647452,-0.3431795206,0.6474737898,-0.5795959151,-2.240429365,0.5259643485,0.07328387367,1.914458952,-0.2938847671,-0.1755241101,-2.090010912,-0.3303825435,-0.2848979132,1.646772082,-0.5786067953,0.08026917408,-0.2538867374,-0.1562574138,0.5055105753,-0.9250825858,0.692540691,-0.08317994062,1.054461819,1.139712212,0.02748560138,0.9998136662,-1.371199911,-0.6938609675,0.868923394,0.8544422606,-0.6839990755,0.03765858321,-0.7328925079
0.1078636712,-0.03590738831,0.5110511431,-0.3500834339,-0.3403953706,0.6545819639,-0.5771438586,-2.225126278,0.5188004382,0.07097165411,1.874937388,-0.2922108698,-0.1782096585,-2.06987216,-0.3183265719,-0.2826548794,1.624676399,-0.5698807014,0.09632459106,-0.2661996898,-0.1622332701,0.5042257865,-0.9306040699,0.7026000883,-0.07201831081,1.080326546,1.129179489,0.02310915364,0.961021588,-1.371206062,-0.6846448505,0.8669151173,0.8642109652,-0.684862931,0.02248517431,-0.7377064682
0.11248923,-0.03388176447,0.5146187962,-0.3422105807,-0.3370609185,0.6621461995,-0.5751906346,-2.211320954,0.5159085006,0.0673421897,1.829143974,-0.2829500364,-0.1823971385,-2.049652916,-0.3087436118,-0.2795482118,1.613911623,-0.5632763053,0.1103894054,-0.2750609842,-0.1674825272,0.5020339995,-0.9357920373,0.7062624028,-0.06073356082,1.107927835,1.117881947,0.01904707899,0.9227295188,-1.370463472,-0.673740583,0.8650375668,0.8766087391,-0.6855534121,0.005611128279,-0.7430474738
0.1168364508,-0.03201428226,0.5172280528,-0.3340287704,-0.3332659445,0.669625577,-0.5735505012,-2.1974316,0.5156632138,0.06301471714,1.793917162,-0.2807204915,-0.1851123319,-2.030182938,-0.3014879943,-0.2749782354,1.610686827,-0.5569672072,0.1230589754,-0.2818886116,-0.1726604476,0.4971337973,-0.940388348,0.7055154536,-0.05028529816,1.135365033,1.10591345,0.01625392337,0.8835798654,-1.368543916,-0.6617425165,0.863567899,0.8888736559,-0.686182019,-0.009859883536,-0.747928829
0.1207500679,-0.03043461134,0.5192410868,-0.326397182,-0.3290792331,0.6767658422,-0.571978787,-2.179132901,0.5158950637,0.05884399956,1.77026155,-0.2808700832,-0.1879804043,-2.011043754,-0.2962202642,-0.2684866998,1.612472203,-0.5500711246,0.1348952094,-0.284794857,-0.1778618739,0.4892867308,-0.9356020743,0.6995289137,-0.03958999185,1.144383829,1.091247073,0.013864451,0.8476952982,-1.361802723,-0.6491919418,0.8606005317,0.9031435988,-0.6862553358,-0.02664151171,-0.7529019884
0.124235287,-0.02909437764,0.5207683355,-0.3194492398,-0.3252136597,0.6830804873,-0.5706043345,-2.159298294,0.516980114,0.05627963946,1.755319295,-0.2861159308,-0.189793427,-1.990621061,-0.2921912241,-0.2586004136,1.617071169,-0.5421389504,0.1450182768,-0.2847308963,-0.1818555416,0.478074115,-0.927639079,0.6877706386,-0.02923509264,1.145965615,1.077616761,0.01159548718,0.8179724592,-1.351049932,-0.6365201859,0.8580682432,0.9175226301,-0.6860671566,-0.04186790376,-0.757290429
0.1271999207,-0.02791767299,0.522105502,-0.3131390965,-0.3214732494,0.6881654719,-0.5701115149,-2.138806191,0.5189930518,0.05672356612,1.745494889,-0.2954551647,-0.1912503989,-1.96779411,-0.2896972067,-0.2444370476,1.624214461,-0.5362243055,0.1526761302,-0.282076364,-0.1837335601,0.4646094083,-0.9232091164,0.667604632,-0.0202629649,1.148166725,1.064974903,0.00736533506,0.7962190489,-1.336077916,-0.6228951436,0.8543378852,0.9345486756,-0.6846760168,-0.05856650789,-0.7616713034
0.1296476959,-0.02691446537,0.5232693983,-0.3075161544,-0.3181632794,0.6921856518,-0.5701622277,-2.11862934,0.5209505554,0.05926341057,1.738567362,-0.3089547673,-0.1904960736,-1.942945621,-0.2878356248,-0.227711032,1.631918418,-0.537148579,0.1587712174,-0.2762283264,-0.1830883232,0.4482931314,-0.917907828,0.640858684,-0.0139135745,1.145796926,1.054184532,0.002187947405,0.7792123587,-1.317202145,-0.608816827,0.8514261242,0.952148138,-0.6829423079,-0.07366224211,-0.7654316641
0.1315129369,-0.02606818373,0.524453424,-0.3025067732,-0.3145146907,0.6955674259,-0.5707504862,-2.096915254,0.5213989093,0.06288794413,1.733001619,-0.3262655309,-0.1890193284,-1.916755038,-0.286484012,-0.2101743123,1.638863532,-0.5474138367,0.1635753796,-0.2661038252,-0.1812888661,0.4301273952,-0.9080067225,0.6090912019,-0.01295988311,1.132830063,1.044321104,-0.007598231585,0.7664853962,-1.293861262,-0.5943742424,0.8470214901,0.9723928039,-0.6798356265,-0.09010611161,-0.7692814446
0.1327961063,-0.02536671445,0.5256472446,-0.2981586166,-0.3106551309,0.6984048824,-0.5716864956,-2.074429861,0.5202175463,0.06688342596,1.727954549,-0.3467376376,-0.1869713301,-1.8904959,-0.2853728988,-0.1932790275,1.644713373,-0.5659415063,0.1677327186,-0.2516389335,-0.1785280967,0.4097472139,-0.8939951673,0.573536683,-0.01660858861,1.113106704,1.036725339,-0.01954553326,0.7568504877,-1.266638746,-0.5798800008,0.843364784,0.9932596256,-0.6764662484,-0.1048398895,-0.7725732636
0.1335815423,-0.02479083069,0.5269555642,-0.2941092644,-0.3062864795,0.7009780951,-0.5729904391,-2.050674607,0.5178439927,0.07082869122,1.723163693,-0.3694467596,-0.1854413164,-1.863677675,-0.2846445939,-0.1768269246,1.64769209,-0.588993473,0.171449929,-0.2333578707,-0.1755683455,0.3887374441,-0.877755806,0.5360363413,-0.02424510188,1.091820095,1.029934258,-0.03593852377,0.7503062495,-1.236805812,-0.5649293084,0.8381693654,1.016685079,-0.6718743149,-0.1209995258,-0.7759127769
0.1339048668,-0.02434830518,0.5283293645,-0.2903147482,-0.3016754165,0.7031785515,-0.5746731373,-2.026681662,0.5143260919,0.07443779853,1.718448049,-0.3933647329,-0.1842705366,-1.836949065,-0.2844573528,-0.160794817,1.648607509,-0.6120425865,0.1744271394,-0.2119459782,-0.1719473093,0.3668647217,-0.8597101832,0.4974919793,-0.03449203151,1.071001162,1.024737307,-0.05296461245,0.7456126681,-1.205094949,-0.5497775632,0.8337191994,1.040366707,-0.6672637734,-0.1354860839,-0.7786757397
0.1338315323,-0.02396697074,0.529939517,-0.286416214,-0.2969665961,0.7050562714,-0.5767774678,-2.002764159,0.5104466745,0.07755867905,1.713478189,-0.4172789798,-0.1835746245,-1.809723701,-0.28416083,-0.144919241,1.64610137,-0.6319661698,0.1774074517,-0.1887587186,-0.1678294502,0.3457628032,-0.8416826002,0.4599931101,-0.04616413777,1.052134968,1.018774178,-0.07141595901,0.742045032,-1.173455935,-0.5338337323,0.827607175,1.065685349,-0.6619059157,-0.1516099338,-0.7812160725
0.1333929924,-0.02363213648,0.5317326498,-0.2823671373,-0.2922819556,0.7064993949,-0.5793950838,-1.979605721,0.5063152518,0.08012466522,1.70832467,-0.4400758482,-0.1835250318,-1.782960308,-0.2845404106,-0.1304756756,1.642304998,-0.6480607239,0.1800954374,-0.1648451542,-0.1630087593,0.3254129602,-0.8234736674,0.4239108225,-0.05832764614,1.033428368,1.013237015,-0.08794230192,0.7390810914,-1.142537281,-0.5174186689,0.8220560877,1.090173382,-0.656820861,-0.1661948569,-0.7831943426
0.1327111804,-0.02326282589,0.5337666483,-0.2779294794,-0.2875349823,0.7075780564,-0.5825908792,-1.956846134,0.502339754,0.08246826798,1.70292303,-0.460998695,-0.1843264697,-1.756573969,-0.2845842496,-0.1189407034,1.636069342,-0.6590298109,0.1840858546,-0.1418575253,-0.1577866342,0.3070838982,-0.808110153,0.3901495654,-0.06970774332,1.018021588,1.006066111,-0.1044735289,0.736396117,-1.113950363,-0.5001973409,0.8147718575,1.115295897,-0.6513007366,-0.1826085005,-0.7848020473
0.1318068421,-0.02287934579,0.5359761184,-0.2730909052,-0.2827080739,0.7084228035,-0.5862035772,-1.934385881,0.4980190517,0.08394843272,1.697298889,-0.4795650496,-0.1857348708,-1.731677306,-0.2846278921,-0.1108716834,1.630014499,-0.666418738,0.1881262269,-0.1196566383,-0.1519760586,0.290435314,-0.7933012294,0.3593950842,-0.08039491389,1.004153416,0.9993935066,-0.1199657667,0.7341606015,-1.087572305,-0.4829718297,0.807868501,1.138762792,-0.6462160782,-0.1975808593,-0.785980281
0.1308727504,-0.02251185896,0.5383573792,-0.2677460208,-0.2776080065,0.7093901289,-0.589925002,-1.911081401,0.4928310812,0.08382466792,1.691259866,-0.4956425578,-0.1883805551,-1.707134548,-0.2838108973,-0.1056789771,1.624039586,-0.6719233669,0.1918680327,-0.09858777245,-0.1460377806,0.2760173668,-0.7789901777,0.3328755956,-0.08971039451,0.9939122053,0.9917085133,-0.1375284833,0.7320514935,-1.06404568,-0.4657315543,0.7992113502,1.162290779,-0.6407823712,-0.2145036423,-0.7867281538
0.1299349376,-0.02219667955,0.540813431,-0.2620169098,-0.2724054036,0.7105255684,-0.5935451556,-1.887520479,0.4869950041,0.08144331237,1.684197623,-0.5074319689,-0.1919481883,-1.683451689,-0.2821029599,-0.1022863467,1.619026431,-0.6756444066,0.1944854677,-0.07856741563,-0.1395297112,0.2628616655,-0.7637113224,0.3107169552,-0.09796530997,0.9861421635,0.9847602089,-0.1543958508,0.730267424,-1.042958539,-0.4492142068,0.7909337822,1.183833344,-0.6358417779,-0.2300400391,-0.7871753115
0.1291039376,-0.02195064775,0.5433647544,-0.2559213761,-0.2669990516,0.7119516239,-0.596942745,-1.863053079,0.4806750025,0.07731769423,1.675929373,-0.5139147524,-0.1959545163,-1.659566382,-0.2796364567,-0.1002273025,1.614396269,-0.6785372863,0.1959347341,-0.05996242658,-0.1329588682,0.2513243286,-0.7484959775,0.2928202993,-0.104458643,0.9822700928,0.9764432289,-0.1723522885,0.7280960338,-1.024515177,-0.4334136118,0.7811547781,1.20496012,-0.6306618247,-0.2474034616,-0.7868449151
0.1284032487,-0.02178840532,0.54590162,-0.2496417894,-0.2616801236,0.7135396009,-0.6000531042,-1.838881355,0.4748504908,0.07218867612,1.666938071,-0.5150037277,-0.1996634352,-1.635996334,-0.2766490668,-0.09903799977,1.610194492,-0.6806865127,0.1964194466,-0.04335022058,-0.1259042818,0.2403145409,-0.7332551845,0.2781667306,-0.1095979082,0.9804866899,0.968009821,-0.188517723,0.7259562633,-1.008434739,-0.4187648103,0.771929196,1.223929599,-0.6260252684,-0.2633794763,-0.7862405323
0.1278510408,-0.02167384959,0.5484278581,-0.2432327532,-0.2564260379,0.7150872103,-0.6031034708,-1.814846405,0.4699539322,0.06771280156,1.6581672,-0.5136802046,-0.2037530979,-1.612355948,-0.2736798076,-0.09833438278,1.60618906,-0.6825862866,0.1960009408,-0.02935014702,-0.1187979916,0.2302703902,-0.7202148628,0.2651210524,-0.1130364374,0.9807432291,0.9574198124,-0.2046128112,0.7230342198,-0.9947170442,-0.4052342586,0.7615324586,1.242104557,-0.6209867124,-0.2809775379,-0.7846836425
0.1274516403,-0.02163820381,0.550865733,-0.2368951324,-0.2514479162,0.7165862046,-0.605936344,-1.791743435,0.4655989585,0.06364206382,1.650277199,-0.5116486629,-0.2076191356,-1.589251669,-0.2706027018,-0.09792806356,1.60228049,-0.6842994921,0.195196299,-0.01773130478,-0.1113853916,0.2201226103,-0.7081560502,0.2537894413,-0.1152504224,0.9824433507,0.9475002691,-0.2187724785,0.7201754042,-0.9828102465,-0.393337542,0.7517509036,1.258250786,-0.6164123608,-0.2971250103,-0.7829981133
0.1271722637,-0.02167836907,0.5532313753,-0.2306698848,-0.2464694668,0.7181277644,-0.6085529724,-1.768519148,0.4609488812,0.05975487642,1.643333017,-0.5107619502,-0.2119519089,-1.56639355,-0.2672970342,-0.09727317414,1.598391106,-0.6861634691,0.194102507,-0.007676913586,-0.1044564597,0.2104871446,-0.6971184805,0.2441272817,-0.1161320445,0.9867529268,0.9371273849,-0.2336752007,0.7167690278,-0.9721981322,-0.3830351927,0.7409235065,1.27346302,-0.6111932476,-0.3146164801,-0.7802794475
0.1269974168,-0.02181762941,0.555465514,-0.2247322659,-0.2416843756,0.7196967664,-0.6108360138,-1.746144028,0.4561739755,0.05594855444,1.637541009,-0.511186087,-0.2156617524,-1.544395004,-0.2636811476,-0.09633223149,1.594491215,-0.6881662045,0.1930121628,0.0008976864868,-0.09791496323,0.2005145427,-0.6860222607,0.2363806202,-0.1163888721,0.9926652335,0.9279610408,-0.247180562,0.7135460187,-0.9625899935,-0.3744995736,0.7307817984,1.286935066,-0.6063620419,-0.3305873115,-0.7775553757
0.1268858993,-0.02202689812,0.5576218163,-0.2190203824,-0.2368489285,0.7212708519,-0.6129445451,-1.723671765,0.4511093523,0.05241244494,1.632541764,-0.5134603455,-0.2194887124,-1.522823103,-0.2599370897,-0.09483485625,1.590594805,-0.6904144623,0.1918200858,0.008461386368,-0.09222427564,0.1911272153,-0.6754731087,0.2298508114,-0.1159157043,0.9998565701,0.9180231,-0.2611407454,0.7094855503,-0.9534616295,-0.3676863138,0.7197524871,1.298953592,-0.6007856146,-0.3475007965,-0.7735753635
0.1268285055,-0.02231935899,0.5596461322,-0.2136747404,-0.2321961344,0.7227940481,-0.6148144635,-1.702179454,0.4460800812,0.04910088961,1.62842182,-0.5171411735,-0.2228225893,-1.502284474,-0.2561044427,-0.09292608913,1.586756063,-0.6928421163,0.1906807836,0.01492607186,-0.08718122897,0.1815280269,-0.6649075371,0.224501987,-0.1152159464,1.007367851,0.9089403474,-0.2736086552,0.7055477093,-0.9447850715,-0.3625471164,0.7095294935,1.309324605,-0.595603662,-0.3628748965,-0.7696699526
0.1268142254,-0.02267106892,0.5615746963,-0.2085163864,-0.2274740086,0.7242947314,-0.61658222,-1.680758106,0.4410209896,0.04609131178,1.625009634,-0.5223287754,-0.2264673567,-1.482175769,-0.2524279967,-0.09055380734,1.583086133,-0.6954870061,0.189437891,0.02079330423,-0.08297780288,0.1727640769,-0.6548034834,0.2197725744,-0.1140969233,1.015018784,0.8991995339,-0.2863967832,0.7008065455,-0.9359848608,-0.3591193242,0.6986547138,1.317653112,-0.589643248,-0.3788226552,-0.7644765895
0.1268390903,-0.02309538645,0.5633588401,-0.2036888002,-0.2229319385,0.7257172179,-0.6181801866,-1.660389232,0.4361465968,0.04333018035,1.622322073,-0.528471535,-0.2299224572,-1.463128619,-0.2489126165,-0.08789903675,1.579668219,-0.6982537607,0.1882163096,0.02593194221,-0.07938338351,0.1639920485,-0.6446968128,0.2156722476,-0.1129732916,1.022274356,0.8903328689,-0.2978437968,0.6963154953,-0.9272321815,-0.3571342413,0.6886969958,1.324416302,-0.5841121979,-0.3932767823,-0.7594973244
0.126919515,-0.02358636213,0.5650480059,-0.1989943973,-0.2183663405,0.7271020764,-0.6197095624,-1.640219429,0.4313076507,0.04082008105,1.620225087,-0.5355186992,-0.2337278691,-1.444471151,-0.2457237759,-0.08499367604,1.576503525,-0.7010997106,0.1868404195,0.03074698338,-0.0763929314,0.1560756692,-0.6348263377,0.2117808702,-0.1115716069,1.028905226,0.8808020337,-0.3094052917,0.6909232632,-0.9177703037,-0.3566632435,0.6782259748,1.328388746,-0.5776495781,-0.4077771076,-0.7530496499
0.1270532344,-0.02415673184,0.5665985743,-0.1945781393,-0.2140125594,0.7284064837,-0.621097389,-1.621098005,0.4266787129,0.038520958,1.61869235,-0.5429440522,-0.2374304384,-1.426804533,-0.2428031461,-0.08197179762,1.573652728,-0.7039522538,0.1854805571,0.03508871913,-0.07380860643,0.1481818577,-0.6248581459,0.2081644561,-0.1102626687,1.034791785,0.8721169743,-0.3197386462,0.6858543534,-0.9080137322,-0.3572352683,0.6687111823,1.330845127,-0.5716189591,-0.4208335199,-0.7469171458
0.1272630051,-0.02479390464,0.5680272096,-0.1901554312,-0.209597467,0.7297280563,-0.6224200974,-1.602107304,0.4222380787,0.03640479606,1.617832993,-0.5506410266,-0.2414442838,-1.409320949,-0.2402070572,-0.07881933227,1.571227895,-0.7068093013,0.1839991219,0.03931538801,-0.07162396912,0.1413514227,-0.6150476344,0.20457039,-0.1087724949,1.03977702,0.8629254506,-0.3299637732,0.679944404,-0.8972436335,-0.359017862,0.6588524062,1.33007913,-0.5645212111,-0.4334059143,-0.7393173002
0.1275466823,-0.0255145172,0.5692943951,-0.1859103286,-0.2053709694,0.7310096888,-0.6236064059,-1.58408082,0.4180869472,0.03445499391,1.617591405,-0.5581316819,-0.2453092997,-1.392658934,-0.237863463,-0.07562057529,1.569246962,-0.7096470993,0.1825875385,0.04321576887,-0.06966306522,0.1346462384,-0.6051112509,0.2010893403,-0.1074223758,1.044000241,0.8545874408,-0.3390602923,0.6744483662,-0.8860433044,-0.3613961753,0.6499562432,1.328017387,-0.5578730238,-0.4446190206,-0.7321750949
0.1279291562,-0.02629509857,0.5704404991,-0.18151652,-0.2009953054,0.732360779,-0.6247402097,-1.565899136,0.4140447792,0.03265700583,1.618104889,-0.5652777473,-0.2492023207,-1.375810376,-0.235718093,-0.07229461905,1.567761358,-0.7125859872,0.1810037545,0.04705353115,-0.06790972722,0.1293534479,-0.595313173,0.1975470213,-0.1059060583,1.04719907,0.845784285,-0.3478316671,0.6680849414,-0.8737368776,-0.3646524305,0.6407292955,1.322513747,-0.5500350084,-0.4549111979,-0.7235213071
0.1284068549,-0.02716171548,0.5714237156,-0.1772232684,-0.1967633721,0.7337130599,-0.6257325581,-1.548478217,0.4102134814,0.03098726623,1.619310585,-0.5718026342,-0.2527921338,-1.359569011,-0.2337231584,-0.06889003082,1.566749707,-0.7156122297,0.1794832214,0.05060299393,-0.06621815917,0.1243060599,-0.5853724542,0.1940381901,-0.1045301927,1.049738029,0.837797318,-0.355570426,0.6621843137,-0.8609979693,-0.3680821772,0.6324013423,1.316030153,-0.5426731501,-0.4639810164,-0.7154401063
0.1289902281,-0.0280856046,0.5722825133,-0.1727984594,-0.1924535307,0.7351282205,-0.6266488893,-1.53120872,0.4066283305,0.02947473853,1.621354613,-0.5774782233,-0.2560953064,-1.343270998,-0.2320064762,-0.06547620445,1.566203536,-0.7186066777,0.1777231329,0.05411321343,-0.06457675315,0.1203984085,-0.5753787476,0.1905300339,-0.1029784871,1.05082459,0.8293345165,-0.3628193203,0.6554108724,-0.8471240394,-0.3721949964,0.6236074223,1.305825334,-0.5344651652,-0.4718689465,-0.7059412076
0.1296728052,-0.0290898762,0.5729859599,-0.1684826179,-0.1883197847,0.7365421727,-0.627419233,-1.514813111,0.4033458848,0.02810506166,1.624141966,-0.5823158384,-0.2589803085,-1.327608482,-0.2304981221,-0.06204678772,1.566073135,-0.7216154606,0.1760605733,0.05735869123,-0.06289994885,0.116569516,-0.5652349653,0.1871253373,-0.1015389786,1.051212918,0.821636577,-0.3691717942,0.6491647771,-0.8329618246,-0.3762330175,0.6156223884,1.294894902,-0.52686611,-0.4787585547,-0.6971532602
0.130436214,-0.03012728753,0.5735589195,-0.164078544,-0.1841894051,0.7379727372,-0.6281311436,-1.498898577,0.400508956,0.02687220701,1.62772423,-0.5862208871,-0.2616058343,-1.31206372,-0.2292877369,-0.05870850051,1.56640461,-0.7245861136,0.1742222995,0.06055349089,-0.06117220449,0.1136481231,-0.5550900722,0.1837821533,-0.09997760848,1.050072731,0.8136761799,-0.3748872849,0.6422751287,-0.8179599774,-0.3807557843,0.6072400265,1.280615674,-0.5187386509,-0.4843494599,-0.6872942807
0.1312740738,-0.0312166329,0.5739815817,-0.159810712,-0.1802710548,0.739358298,-0.6287385708,-1.48398656,0.3980817342,0.02580613353,1.631972303,-0.5894524657,-0.2639165714,-1.297221502,-0.2283326613,-0.05542312609,1.567122382,-0.7275998546,0.1725722511,0.06346826477,-0.05936325247,0.1107144659,-0.5449705159,0.1805962098,-0.09852844943,1.048367382,0.8064836039,-0.3798416477,0.6360061873,-0.8030156507,-0.3850354106,0.5996395934,1.266112433,-0.5112968327,-0.4891676303,-0.6782995585
0.1321858624,-0.03232832696,0.5743194635,-0.1554309939,-0.1763012636,0.7407609015,-0.629311018,-1.469208688,0.3959659501,0.0249701565,1.636848445,-0.5920947913,-0.2655544988,-1.282194382,-0.2275928699,-0.05219210947,1.568106449,-0.7308053788,0.1707444202,0.06630006954,-0.05754375385,0.1087972388,-0.5350424946,0.1773814414,-0.09694701978,1.045320868,0.7990017568,-0.3840126808,0.6291622142,-0.7876493056,-0.3895285159,0.5916837255,1.248910292,-0.5032480103,-0.4925682273,-0.6683998075
0.1331642395,-0.03348810655,0.5745486959,-0.1511952379,-0.1725157545,0.7421164966,-0.6297947443,-1.455187404,0.3941345644,0.02434074257,1.642230754,-0.5944727513,-0.2666144048,-1.267700704,-0.2270554724,-0.04897094999,1.569286793,-0.7342350218,0.169122874,0.06884411254,-0.05569972506,0.1068446948,-0.5253097643,0.1742312284,-0.09546161154,1.041967553,0.7922146543,-0.3875315331,0.6229561454,-0.7726699372,-0.393577707,0.5844654628,1.23204473,-0.495830982,-0.4953684032,-0.6594230647
0.1341882972,-0.03463400775,0.5747605444,-0.1469010797,-0.1687134396,0.743459521,-0.6302569228,-1.441232019,0.3925527935,0.02391990837,1.647830126,-0.5965900918,-0.2671236345,-1.253117444,-0.2264952142,-0.04572439741,1.570520822,-0.7377847836,0.1673186927,0.07123238102,-0.05386414008,0.1058868057,-0.5158326111,0.1711470213,-0.09385762454,1.037230134,0.7852009532,-0.3902022456,0.6162496933,-0.7576066714,-0.397702765,0.5768561121,1.212888463,-0.4880060004,-0.4967359541,-0.6496917229
0.1352539609,-0.03579481824,0.5749268389,-0.1427952183,-0.165118529,0.7447279286,-0.6306549845,-1.427985936,0.3911658771,0.02368587308,1.653577723,-0.5986575111,-0.2672283835,-1.239114148,-0.2259920229,-0.04243742221,1.571724827,-0.7414518648,0.1657232351,0.07328769075,-0.05202278217,0.1048825382,-0.5066664895,0.1681825281,-0.09233729383,1.032304629,0.7788421675,-0.3923683774,0.6101945144,-0.7432097432,-0.4013379186,0.5699340665,1.194408278,-0.4808366194,-0.497712574,-0.6409126761
0.1363374646,-0.03690297393,0.5751223984,-0.1387508333,-0.1615973751,0.7459504065,-0.6310249485,-1.415004641,0.3899372478,0.02361904816,1.659156381,-0.6005802077,-0.2669919312,-1.225382382,-0.2253026628,-0.03907733079,1.57279218,-0.7449977868,0.1639236439,0.0751352694,-0.05019739646,0.1046055046,-0.4978446914,0.1653885751,-0.09075356549,1.02609556,0.7723859365,-0.3937822524,0.6038511183,-0.7290497898,-0.4050283607,0.5627616486,1.174121318,-0.4735643926,-0.4974709916,-0.6316875648
0.137437714,-0.03798427296,0.5753193495,-0.1349596344,-0.158322699,0.7470795735,-0.6313413743,-1.402827368,0.388805774,0.0236974585,1.664544775,-0.6024192034,-0.266552944,-1.212401606,-0.2245528377,-0.03565005641,1.573627688,-0.7484086738,0.1623063112,0.07663773569,-0.04837256591,0.1042030289,-0.4894879946,0.1627867915,-0.08925736518,1.019843402,0.7665616796,-0.3948692602,0.5981881467,-0.7158228767,-0.4082991598,0.5562885659,1.154787757,-0.466985029,-0.4970856438,-0.6234489238
0.1385477604,-0.03899248658,0.5755878055,-0.1312004913,-0.1550222513,0.7481928083,-0.6316344309,-1.390544737,0.387661513,0.02394379986,1.669597787,-0.604080883,-0.2659758593,-1.199439284,-0.2239497314,-0.03231399205,1.574110693,-0.7516520868,0.1604642078,0.07802748435,-0.04668074436,0.104760104,-0.4817431777,0.1602068835,-0.08764032191,1.012868605,0.7604702704,-0.3951617727,0.592279192,-0.7032279231,-0.411430387,0.5496642062,1.134531175,-0.4599792522,-0.49550449,-0.6148761577
0.1396636514,-0.03996259566,0.5758900482,-0.1276855596,-0.1519118533,0.7492553103,-0.6318509846,-1.378846806,0.3865501276,0.02432518185,1.67430919,-0.6055378919,-0.2653637124,-1.187105401,-0.2234513199,-0.02904282844,1.574184836,-0.7546696388,0.1587809863,0.07922260371,-0.04509475127,0.1052730515,-0.474587913,0.1576993221,-0.08607203974,1.006192556,0.7549051515,-0.3951939436,0.5870087555,-0.6917611598,-0.4140451874,0.5436855934,1.115649175,-0.4535211092,-0.4938613888,-0.6072449757
0.1407607508,-0.04083237428,0.576281253,-0.1242579255,-0.1488760481,0.7502848477,-0.6320352345,-1.367214541,0.3855442844,0.02487187138,1.67829787,-0.606762455,-0.2647716365,-1.175043835,-0.222705602,-0.02576639435,1.573808275,-0.7572754337,0.1569282569,0.08029944111,-0.04357251089,0.1065405876,-0.4680751223,0.1554447564,-0.08447356994,0.9988265371,0.7493104861,-0.3945785695,0.581598705,-0.681075895,-0.4165871203,0.5375764907,1.096178024,-0.4471182936,-0.4912291007,-0.5994398744
0.1418393697,-0.0416355456,0.5767219267,-0.1210916913,-0.1460863757,0.7512376732,-0.6321689105,-1.356270418,0.3846020656,0.02552658046,1.681641643,-0.6076967864,-0.2642519755,-1.163732357,-0.2218228538,-0.02250818568,1.572959191,-0.7594338919,0.1552390781,0.08115592941,-0.04207869485,0.1077042232,-0.4622197646,0.1534350549,-0.08295184101,0.99178026,0.7442701871,-0.3938609307,0.5767987618,-0.6715767053,-0.4187816174,0.5320737849,1.078129662,-0.4413552164,-0.4887096365,-0.5925260905
0.1428703952,-0.04232827675,0.5772468987,-0.1180723452,-0.1434415033,0.7521164487,-0.6323008019,-1.345571343,0.3837518622,0.02633225837,1.684030766,-0.6083715892,-0.2637807564,-1.152933378,-0.2205843586,-0.01921921165,1.571699647,-0.7609760573,0.1533305668,0.08190761197,-0.04062125417,0.1093040924,-0.4570759361,0.151679757,-0.08144614666,0.984444873,0.7392282363,-0.3926390715,0.571954237,-0.6629428071,-0.4208419012,0.5265589387,1.060163256,-0.4356618715,-0.4854528731,-0.5856188125
0.143856996,-0.04293977752,0.5778191073,-0.1153225662,-0.14106681,0.7528829359,-0.6324303485,-1.335639785,0.3829351881,0.0272112052,1.685639635,-0.608767529,-0.2633894684,-1.142948572,-0.2191614098,-0.01595972982,1.570019421,-0.7619347237,0.1515227359,0.08246385314,-0.039154613,0.1106840135,-0.4526398525,0.1501539884,-0.0800241103,0.9776052375,0.734694269,-0.3914090483,0.5676738047,-0.6554573765,-0.4226114695,0.5216119085,1.043791142,-0.4305387267,-0.4824120544,-0.5795454184
0.1447720155,-0.04343808924,0.578452729,-0.1126006647,-0.13873256,0.7535403272,-0.6326542044,-1.325615265,0.3822151656,0.02829516233,1.686325132,-0.6091554034,-0.263113994,-1.133110981,-0.2172770458,-0.01251822549,1.568131142,-0.7623997248,0.1492147966,0.08291795652,-0.03772672936,0.1127511276,-0.4490727103,0.1487253849,-0.07857524792,0.9709775033,0.7300851691,-0.3897778046,0.5634292798,-0.648920895,-0.4240622941,0.5166658472,1.028237027,-0.4252157951,-0.4787651261,-0.5736313384
0.1456204777,-0.0438603624,0.5791076435,-0.1100659246,-0.1366106913,0.754031761,-0.6329763935,-1.316213795,0.3814885439,0.02945240784,1.686335828,-0.6095209162,-0.2629427516,-1.123826595,-0.2151633558,-0.008982385167,1.566034416,-0.7624601369,0.1468462734,0.0831659437,-0.03626637934,0.1147028615,-0.4462253794,0.1473575723,-0.07719950646,0.9650361142,0.7259151119,-0.3881775025,0.559691248,-0.6433846891,-0.4251677402,0.5121864689,1.014438634,-0.4203258165,-0.4753371695,-0.5684820718
0.1463863643,-0.04417772872,0.5797880787,-0.1076138121,-0.1345622957,0.7543573604,-0.633448679,-1.306936046,0.3807979013,0.03078747502,1.685614884,-0.6100645441,-0.2629972342,-1.115305484,-0.2135491532,-0.005707807749,1.564277449,-0.7613807311,0.1441491586,0.08335975393,-0.03494196714,0.1169095279,-0.4439600326,0.1460930323,-0.0758302969,0.9593432878,0.7216604515,-0.3864638087,0.5559611832,-0.6384682742,-0.4259712694,0.5076107495,1.001530407,-0.415424599,-0.471687033,-0.5634754544
0.1470734807,-0.04441486203,0.5804683075,-0.1053068509,-0.1327335709,0.754502449,-0.6340491469,-1.298356665,0.3801726114,0.0321231774,1.684406693,-0.6107591607,-0.26320172,-1.107559624,-0.2122522362,-0.002781560907,1.562714632,-0.7593738916,0.1414835384,0.08349429995,-0.03360161324,0.118854016,-0.4421732422,0.1449096384,-0.07454638008,0.9542481135,0.7178112462,-0.3848895145,0.5526703634,-0.6342622783,-0.4264936356,0.5034292814,0.9901856278,-0.4109791559,-0.4683632694,-0.5591183616
0.1476758955,-0.04456422872,0.5811494417,-0.1030177652,-0.1309732902,0.7545291931,-0.6347590362,-1.2898722,0.3797220386,0.03358269006,1.682697102,-0.6118209575,-0.2635095455,-1.100491785,-0.2113620953,-0.0002907511612,1.56174953,-0.7562142791,0.1387006944,0.0837094707,-0.03236860679,0.1209553527,-0.4408297919,0.143715001,-0.0732597437,0.9496205657,0.7138784252,-0.3833777224,0.5494980879,-0.6305482905,-0.4265992976,0.4991928386,0.9799917946,-0.4063929884,-0.4650365572,-0.5550623316
0.1481985755,-0.04464695249,0.5818124374,-0.1008043598,-0.1294076195,0.7544183814,-0.6355667195,-1.282011382,0.3794100703,0.03494350305,1.680705462,-0.6131638863,-0.263857642,-1.094068157,-0.2107358097,0.00168833206,1.561166125,-0.7521627398,0.1359955867,0.08396872237,-0.03111014502,0.1227812988,-0.4397919148,0.142504425,-0.07206113467,0.9456040457,0.7103204131,-0.3820294344,0.5467326057,-0.6273511927,-0.4263711942,0.4953225,0.9712651182,-0.4021878556,-0.4620317878,-0.5515956426
0.1486358152,-0.04465610133,0.5824690997,-0.09861804993,-0.1279053603,0.7542214981,-0.6364468798,-1.27425752,0.3792084417,0.03633177819,1.678322344,-0.6149214394,-0.2641927032,-1.088154185,-0.2103281706,0.003289558992,1.561082892,-0.7472850265,0.1332757556,0.08434901767,-0.02998218137,0.1246541455,-0.4389783295,0.1412800191,-0.0708885907,0.9419926623,0.7066847616,-0.3808243611,0.5440421383,-0.6244529927,-0.4257630849,0.4913693106,0.9635398652,-0.3978838998,-0.4591160701,-0.5483803197
