0,0,0.7594907453,0,0,0,1,-0.312,0,0,0.669,-0.363,0,-0.312,0,0,0.669,-0.363,0,0,0,0,0.2,0.2,0,0.6,0,0,0,0.2,-0.2,0,0.6,0,0,0
-0.000167145834,-6.098863103e-06,0.7585191689,0.0001533098295,-2.657022614e-05,0.0001112562362,0.9999999817,-0.3127596403,-0.00144620368,-0.0005403394355,0.6658016143,-0.3597102949,-0.0004669991254,-0.3115004859,6.729013842e-05,-0.0002834639276,0.6686692806,-0.3600373577,0.0004596568498,0.001022514531,-0.0003680917224,0.001362060147,0.1997512318,0.2002745795,1.715932998e-06,0.5994916678,-4.048208918e-05,-7.64321494e-05,5.255206576e-06,0.1994044033,-0.2001340053,-7.290644804e-05,0.5992040046,5.01301665e-05,-0.0002111105065,-8.754300297e-06
-0.0004912126205,-1.576936321e-05,0.7565600224,0.0003257824532,-1.3824233e-05,0.000403110839,0.9999998656,-0.3148786245,-0.003688137976,-0.001050974373,0.661204706,-0.3558040872,-0.001020891831,-0.3106278323,0.0004608154201,-0.0009560434079,0.6682154053,-0.3563572698,0.001011400689,0.002751988534,-0.0007891276064,0.003836079589,0.1994011842,0.2007498305,8.565548868e-05,0.5986059776,-9.0309966e-05,-0.0002448482122,2.337705283e-05,0.1981019056,-0.2004740955,-0.0001390032735,0.5978377922,0.0001092787395,-0.0005600530758,-9.490656796e-06
-0.0008993002414,-9.801864818e-05,0.7536776511,0.000125485378,0.0004297890513,0.001911567077,0.9999980727,-0.3197579164,-0.005988139627,0.00179741969,0.6533658421,-0.3550383966,-0.004880818858,-0.3088876352,0.004290917612,-0.002567681983,0.6695749567,-0.3451125314,0.004458809882,0.003748015687,-0.0004723250362,0.006271616809,0.1990382004,0.2015374556,1.844737184e-05,0.5974563152,2.316564092e-05,-0.0005701124809,2.047948836e-05,0.1966188259,-0.2007730308,-0.0003578711469,0.5961703375,0.0002543940872,-0.0009801054123,-0.0001007974474
-0.001503831567,-0.0002505029091,0.7503334466,0.0003321535596,0.0008301178764,0.003335373481,0.9999940379,-0.3273603004,-0.009297858602,0.002701131673,0.6534059198,-0.3526066868,-0.005868105878,-0.3078500113,0.007772355882,-0.002551181118,0.6724489852,-0.344724835,0.004689266703,0.006013210204,-0.001120110164,0.0101497339,0.1981381592,0.202396935,0.000377378328,0.5975937681,0.0001791209903,-0.000947859003,8.367180019e-05,0.1935352441,-0.2003573364,-0.0006720281693,0.5961367354,0.0003875019596,-0.001309335692,-0.0002316849807
-0.002435523038,-0.0002162235954,0.7471089708,0.0005935962227,0.0005772422312,0.004234709238,0.9999906908,-0.3383958241,-0.01206592148,0.003146471526,0.6642781386,-0.3514611518,-0.005729233444,-0.3100055421,0.009490875229,-0.001512368858,0.6794823033,-0.3491331476,0.004072936322,0.008911810186,-0.001928381118,0.01639095773,0.1955786839,0.2023538024,0.001159353897,0.6006162101,0.0004162298013,-0.001327419323,0.0002390427237,0.1884295426,-0.1992119533,-0.001273978486,0.5988911208,0.0004449813805,-0.001518689817,-0.0005721534201
-0.003613385666,3.683130584e-05,0.7443061216,0.000525137504,-0.0007443571147,0.004569885319,0.9999891431,-0.3494936514,-0.01363589352,0.003182635016,0.6820879428,-0.3522123631,-0.00498885793,-0.3145543039,0.01074791423,-0.0005026417881,0.6921377393,-0.3559147799,0.003373987851,0.01232775822,-0.001926860026,0.02563904446,0.1918743073,0.2010080555,0.002152332083,0.6062721711,0.0006565993231,-0.001302743894,0.0004709226708,0.1816136558,-0.1974663574,-0.001932070697,0.60410909,0.0004673801157,-0.001287732133,-0.0009613722406
-0.004811261765,0.0005459873917,0.7420473657,7.712468952e-05,-0.002948524718,0.004469237419,0.999985663,-0.3592299376,-0.01446827854,0.002789776605,0.7038757983,-0.355078175,-0.003899893038,-0.3192344567,0.01201978819,0.0003411781872,0.7079941538,-0.3639889364,0.002848984718,0.01568606685,-0.001181027829,0.03638445567,0.1880953697,0.1985301477,0.002865088463,0.6133830837,0.000974695449,-0.0009792430381,0.0007641072138,0.1746285035,-0.1951741118,-0.002424517469,0.6107076312,0.0004472411406,-0.0007174380454,-0.001408113085
-0.005907637478,0.001257223128,0.7403377237,-0.0005114007755,-0.005775542056,0.004167963869,0.9999745045,-0.3666492216,-0.0148933776,0.002496881543,0.7265467336,-0.3592563692,-0.0024837888,-0.3228201687,0.01312834817,0.001244708218,0.7249950162,-0.3728126923,0.002565115955,0.01852360892,-0.0004179942905,0.04761213553,0.1850441672,0.1953736463,0.00316245032,0.6210033679,0.001278458581,-0.0003137396785,0.001016172944,0.1682961192,-0.1920718694,-0.002575480016,0.6179337207,0.0004132254798,0.0001693783081,-0.001811570192
-0.006797834596,0.002150687478,0.7391385154,-0.001232847398,-0.008753877605,0.003776492129,0.9999537928,-0.3719541526,-0.01500178657,0.002358350507,0.7481598023,-0.3642845417,-0.0007242228656,-0.325047675,0.01415582188,0.002127166296,0.7412858116,-0.3819200863,0.002376484291,0.02076455162,0.0003228028964,0.05802746227,0.1832581916,0.1916682322,0.002909796364,0.6284335707,0.00167631893,0.0003692640297,0.001306503882,0.163471319,-0.1883001996,-0.002329621319,0.6250454054,0.0003173463736,0.00108166354,-0.002248573396
-0.007450468362,0.003206798752,0.7383925862,-0.001947211959,-0.0116415373,0.003387110346,0.9999246024,-0.3751950345,-0.01521238459,0.002462169674,0.7673204722,-0.3697581428,0.00135130995,-0.3257909747,0.01489944121,0.00317262907,0.7556621351,-0.3910358925,0.002346093557,0.0222959824,0.0006349251997,0.06699765792,0.1829335317,0.1876551109,0.002170073209,0.6352357292,0.002058479994,0.001097105205,0.001524490477,0.1604715065,-0.1838418495,-0.001670019179,0.6316079212,0.0002153487629,0.002008061835,-0.002620197696
-0.007832615798,0.004378018943,0.7379191728,-0.002777539186,-0.01410511196,0.003053844183,0.9998919967,-0.3772232192,-0.01525378999,0.002520889474,0.7837122885,-0.3755968884,0.003117352261,-0.3254987859,0.01565309831,0.004111749732,0.7674833021,-0.4000699005,0.002176035127,0.02324768665,0.0007793644995,0.07360655622,0.1843629767,0.1834263604,0.0009387501177,0.6409639009,0.002507810881,0.001681738572,0.001716836065,0.1596337163,-0.1790035356,-0.0005675426847,0.6371711472,5.457206598e-05,0.002848419179,-0.002967514191
-0.007961977741,0.00564951869,0.7376366559,-0.00358841543,-0.01608400591,0.002785699715,0.9998603242,-0.3780565523,-0.01538921134,0.002693462847,0.796807403,-0.3817103583,0.004103515393,-0.324089633,0.01623995868,0.005185653062,0.7761496049,-0.4089461251,0.00172699589,0.02367400703,0.0004022582586,0.07781237933,0.1873493571,0.1791849987,-0.0006429663134,0.6455578205,0.002927101596,0.002144783053,0.001824459202,0.1608554445,-0.173807121,0.0008818234682,0.6416863283,-0.0001034479769,0.003559253968,-0.003231124983
-0.007875239961,0.006987892989,0.737413036,-0.004456022784,-0.01734612237,0.002642288662,0.9998361237,-0.3782605845,-0.01550534178,0.002721028563,0.8062300565,-0.3878884781,0.003954481705,-0.3221585717,0.01691458998,0.006327748254,0.7814547018,-0.4173965315,0.0005671638641,0.02372305151,-0.0002020649319,0.07941909444,0.191816562,0.1749936042,-0.002508936717,0.6488541337,0.003434248979,0.002313567066,0.001989103273,0.1639784127,-0.1685335272,0.002623867484,0.6449204202,-0.0002686208951,0.003978011042,-0.003468346363
-0.007629823273,0.008392393286,0.7371752942,-0.005318417097,-0.01797878356,0.002621888185,0.9998207857,-0.37803045,-0.01577909561,0.002751015021,0.81225305,-0.3939670842,0.002818146937,-0.3198957083,0.0175870057,0.007704268986,0.7835902193,-0.4248907952,-0.001231389636,0.02345683805,-0.001157261128,0.07885580651,0.197303437,0.1709527904,-0.004512484843,0.6510262305,0.003911164098,0.002284222112,0.002113985691,0.1686111161,-0.1632843278,0.004524965649,0.6470397226,-0.0004135512567,0.004167467458,-0.003638917764
-0.007274585373,0.00986521689,0.736854432,-0.00624275546,-0.01797748008,0.002695567611,0.999815269,-0.377791406,-0.0162971781,0.002115667395,0.8153477936,-0.3997752842,0.0005741521477,-0.3178960057,0.01846380659,0.009288811414,0.7832524487,-0.4311019656,-0.004004327171,0.0229885901,-0.002152093458,0.07639633879,0.2035721412,0.1670730758,-0.00660437533,0.6521472738,0.004475172957,0.001954699304,0.002301754459,0.1743189241,-0.1583142889,0.006504530243,0.6480618319,-0.0005624090504,0.004080806846,-0.003808370625
-0.006890664794,0.01141547931,0.7364508025,-0.007219958755,-0.01760022327,0.002831626445,0.999815026,-0.3777485154,-0.0170594296,0.001159462905,0.8166445993,-0.4051414924,-0.001898097018,-0.3164485616,0.01936781842,0.01100330758,0.7815500233,-0.4354899112,-0.006927133721,0.02241064187,-0.003157452736,0.07293826101,0.2099970563,0.1633415214,-0.008646047805,0.6526188712,0.005003595031,0.001471557138,0.002470282674,0.1805058114,-0.1537026545,0.008414164462,0.6483961775,-0.0006934651398,0.00381457791,-0.003944304678
-0.006510797008,0.01301894777,0.735981987,-0.008381202135,-0.01696231933,0.002948154083,0.999816655,-0.3778747008,-0.01773258693,-0.000475031555,0.8167215718,-0.410115676,-0.004753270353,-0.3160181232,0.02062185275,0.01251778667,0.7797586053,-0.4383335777,-0.01028460286,0.02176226581,-0.003783571541,0.06890097192,0.2163768622,0.159698705,-0.01061167007,0.6526145249,0.005585471084,0.0008441330283,0.002709743627,0.1867797402,-0.1496024582,0.01021915446,0.648183631,-0.0008106369302,0.003417270048,-0.00406787841
-0.0061930619,0.01466040316,0.7355057848,-0.009594140861,-0.01633805764,0.003110488791,0.9998156556,-0.3785548624,-0.01849847816,-0.002165599581,0.8170159255,-0.4143905294,-0.006900661313,-0.3162522425,0.02181406268,0.01390352705,0.7784587347,-0.4397691078,-0.01324094247,0.02098513328,-0.004362921293,0.06512905378,0.2221912181,0.1562565346,-0.01242446002,0.652511391,0.006119467208,0.0002001675627,0.002936707227,0.1926714109,-0.1458783572,0.01180948152,0.6479044336,-0.0009110411063,0.00296879227,-0.004178112054
-0.005910957334,0.01628587413,0.7350908119,-0.01087343548,-0.01577813305,0.003264527048,0.999811063,-0.3795425953,-0.0190304335,-0.003881797912,0.8177656404,-0.4183618593,-0.008799341319,-0.316954164,0.02306852455,0.0149792972,0.7779317825,-0.4404954706,-0.01622726867,0.02007314676,-0.004815334696,0.06177655393,0.2274411179,0.153040449,-0.01408813778,0.652364633,0.006649872492,-0.0004738506422,0.003196308148,0.198079383,-0.1425386906,0.01323160216,0.6476138053,-0.001011630009,0.002503541696,-0.004284651534
-0.005670272127,0.01788271103,0.7347712327,-0.01209431172,-0.01538424305,0.003422607615,0.9998026497,-0.3808586018,-0.01958176807,-0.00530648933,0.819344497,-0.4217043693,-0.009866773904,-0.3177002492,0.02412813937,0.01596343361,0.7779892423,-0.4406125975,-0.01878676156,0.01905938111,-0.005456482031,0.05908270326,0.2319635229,0.1501632662,-0.01558153141,0.6523175948,0.00712101885,-0.00108220686,0.003429479588,0.2028878166,-0.1394778333,0.01446419162,0.6475164035,-0.001101840364,0.002085521034,-0.004382057503
-0.00542458935,0.01938227144,0.7345559289,-0.01335051021,-0.01504455345,0.003524866472,0.9997914786,-0.3824360533,-0.01982034471,-0.006723238052,0.8216265015,-0.4247262433,-0.01068783635,-0.318609866,0.02552815375,0.01672382721,0.7786548884,-0.4406751556,-0.02208572942,0.01786551771,-0.006068388389,0.05672875069,0.235971893,0.1476347979,-0.01693544208,0.6522346622,0.007584152471,-0.001670618932,0.003678528511,0.2072631366,-0.1367739948,0.01559379529,0.6474324711,-0.001180924339,0.001708185375,-0.004448894522
-0.005161648218,0.02078011236,0.7344482394,-0.01453932961,-0.01478868923,0.00357334401,0.9997785424,-0.3839986283,-0.01994396147,-0.007939656666,0.8243085474,-0.427264059,-0.01105739796,-0.3193160252,0.02701099971,0.01751528985,0.7794742256,-0.4406500627,-0.02567171672,0.01654833962,-0.006893140807,0.05472309353,0.2394293613,0.1455283817,-0.01814080709,0.6521593518,0.007994632156,-0.00218785987,0.003895997132,0.2112324544,-0.1343707219,0.01659256204,0.6474272059,-0.001248583676,0.001388383143,-0.004497488507
-0.004836612009,0.02206770814,0.7344809153,-0.01565605887,-0.01446296588,0.003601741207,0.9997663417,-0.3853807912,-0.01985232549,-0.008996585842,0.8268906147,-0.4300013883,-0.01146859587,-0.319875406,0.0284217805,0.01809072413,0.7801574354,-0.4408450514,-0.02997330795,0.01513005287,-0.007740178447,0.05280083179,0.2424814567,0.143824148,-0.01919590883,0.651960431,0.008358420615,-0.002572933243,0.004137029585,0.2148685021,-0.1323328743,0.01750890874,0.6472316314,-0.001305709044,0.001188657633,-0.004472102798
-0.004440962905,0.02324584048,0.7346294452,-0.01665444588,-0.01403553619,0.003595004742,0.9997563249,-0.3864823925,-0.01966060549,-0.009832371198,0.8289785513,-0.4327861787,-0.01194596558,-0.3201836355,0.02967593091,0.01863845793,0.7803239103,-0.4411595403,-0.0345507888,0.01367717923,-0.008710660358,0.05084844178,0.2451389091,0.1425576298,-0.02009871341,0.6516343533,0.008668279241,-0.002884477535,0.004354617628,0.2182049891,-0.1306520789,0.0183190594,0.6468870138,-0.001353347698,0.00102994684,-0.004421669121
-0.003956214377,0.02428671108,0.7348284364,-0.01768224953,-0.01344715943,0.003548777969,0.999746927,-0.3874670256,-0.01901320191,-0.01071845022,0.8307129565,-0.436208835,-0.01296523141,-0.3208076915,0.03115694301,0.01874461333,0.7806944242,-0.4418390451,-0.0401945257,0.01223603635,-0.009463156257,0.04857521505,0.2475793173,0.1416741279,-0.02088060536,0.6510401807,0.008916799432,-0.003168230035,0.004524952792,0.2213355954,-0.1294464054,0.01904704159,0.6461944747,-0.001372403993,0.0008965466219,-0.00433118845
-0.003384026569,0.02519171349,0.7350616515,-0.01867982259,-0.01273838841,0.003504840835,0.9997382226,-0.388180872,-0.01811422251,-0.01159376722,0.8318401572,-0.4399938647,-0.01430357418,-0.3214482432,0.03266508115,0.01862531778,0.7809110836,-0.4426498196,-0.04593298219,0.0107693606,-0.01012955406,0.04608371391,0.2497203318,0.1411896279,-0.02152340368,0.6502570593,0.009120048322,-0.003449083399,0.00465901844,0.2242071507,-0.1286777781,0.01963748736,0.645286102,-0.001380957428,0.0007362261721,-0.004239495557
-0.002723249964,0.02597533569,0.7353046332,-0.01972796064,-0.01188638654,0.003514687599,0.9997285473,-0.3889176305,-0.01730176868,-0.01288469012,0.8328279056,-0.4447097888,-0.01584755843,-0.3223836728,0.03483840617,0.01785535238,0.7816467427,-0.4442466849,-0.0520281227,0.009243194127,-0.01048737216,0.04330688631,0.2515358712,0.1410398493,-0.0220409987,0.6492485303,0.009255877636,-0.003673074691,0.004751955825,0.2268106818,-0.1284290504,0.02008616326,0.6440175597,-0.001365911076,0.0006204438157,-0.00410924104
-0.001980420222,0.02664091995,0.7355635236,-0.02076532949,-0.01095982116,0.003547474932,0.9997180097,-0.3894909389,-0.01661077066,-0.01445848769,0.833463386,-0.4497834608,-0.01725030405,-0.3233939329,0.03737267385,0.01652985051,0.7826862659,-0.4463330837,-0.05773798737,0.007737657455,-0.01067216882,0.04042922971,0.2529335093,0.1412139189,-0.02240374362,0.6481547253,0.009357021745,-0.003891756937,0.004826485877,0.2290273898,-0.1286408367,0.02035503647,0.6426281099,-0.00134626573,0.0004781183564,-0.003989182662
-0.001184808799,0.02716035191,0.7357369186,-0.02202214379,-0.01005815505,0.003702122676,0.9997000315,-0.390558581,-0.01517629604,-0.01650625113,0.8352557208,-0.4565531235,-0.01904334655,-0.3245220462,0.04071285352,0.01499997788,0.7856697242,-0.450885975,-0.0637848342,0.006214801391,-0.01035378142,0.03773886205,0.2538118187,0.141746566,-0.02263419243,0.6468019401,0.009457380681,-0.004186175523,0.004939075194,0.2307257863,-0.1292594331,0.02036992845,0.6410058764,-0.001178229263,0.0002237658221,-0.003776345044
-0.0003237974191,0.02753656501,0.7358504055,-0.02335134959,-0.009221211251,0.003956389668,0.9996769632,-0.3917274047,-0.01342536921,-0.01879998048,0.8375738202,-0.4637091102,-0.02075085402,-0.325393328,0.04429776045,0.01318157531,0.7894367078,-0.4560511739,-0.0692641647,0.004738366497,-0.009870007806,0.03527614768,0.2541509903,0.1426390834,-0.02269543175,0.6453866394,0.009547872394,-0.004525969308,0.005061613528,0.2318760571,-0.1301927838,0.02017646108,0.6394047969,-0.0009841675996,-9.343156154e-05,-0.003573523835
0.0005892558862,0.02777333367,0.7361484623,-0.02427988929,-0.008692236092,0.004213246161,0.999658532,-0.3910262162,-0.01219540786,-0.02076722024,0.8376549018,-0.468202631,-0.02264469814,-0.3248591666,0.04652808634,0.01097602705,0.7912007337,-0.4593724779,-0.07442652418,0.003316175128,-0.00999260971,0.03390176374,0.2537745337,0.1439314803,-0.02252910946,0.644215227,0.009511632841,-0.004857100005,0.005082256297,0.2321593871,-0.1313183191,0.01976633258,0.638284281,-0.0007967839884,-0.0003981030237,-0.003379149084
0.001582029019,0.02787970328,0.736582817,-0.0249443034,-0.00815204886,0.004432612913,0.9996457761,-0.3894985032,-0.01120824737,-0.02248095314,0.8360375779,-0.4705104596,-0.024754919,-0.3238413907,0.04799392316,0.008524280797,0.7917484005,-0.4614631885,-0.07886206941,0.002021970938,-0.01038534639,0.0327703808,0.2529798212,0.1455362089,-0.02221848293,0.6430832515,0.009441923367,-0.005160647189,0.005075108809,0.2319394745,-0.1327400586,0.01923011503,0.637273078,-0.0006310361261,-0.0006580726128,-0.003219915101
0.002626489495,0.02785964509,0.7370564991,-0.02535404204,-0.007886015495,0.004465625978,0.999637455,-0.3868611553,-0.01010716092,-0.02356243827,0.8331348607,-0.4703489979,-0.02707524392,-0.3217661338,0.04904870442,0.00585852466,0.7913432216,-0.4626418687,-0.08313815283,0.001068429494,-0.01105430295,0.03248232956,0.251659691,0.1474692932,-0.02173138167,0.6418119117,0.009274617072,-0.005297783329,0.004997461194,0.2310387043,-0.1344480842,0.01861975313,0.6362411277,-0.0004504608416,-0.0007330498536,-0.003026705999
0.003752548907,0.0277223544,0.7375406022,-0.0255777,-0.007620263036,0.004354456894,0.9996343089,-0.3838798877,-0.008937981582,-0.024162614,0.8295515761,-0.4687273786,-0.02956048732,-0.3193614275,0.04991625394,0.003099837314,0.7904994149,-0.4633760815,-0.0868618434,0.0003528458431,-0.0118176004,0.03229173559,0.2500528252,0.1496486809,-0.02112692909,0.6404242466,0.009096977369,-0.005402926675,0.004916508276,0.229731772,-0.1364735428,0.01795181185,0.635095187,-0.0002864853878,-0.0007625971421,-0.002849645223
0.004963779091,0.02746812393,0.7379448661,-0.02564096233,-0.007441018564,0.004051994209,0.9996353103,-0.380697529,-0.008550388513,-0.02501976553,0.8264998663,-0.4676021572,-0.03212221253,-0.317481712,0.05102276529,-9.644714419e-05,0.7904363187,-0.4635643256,-0.09049798151,-0.0004521174638,-0.01273135402,0.0321550031,0.248161132,0.1520445036,-0.02036322239,0.6390122596,0.008815803822,-0.005428233367,0.004885761899,0.2281063546,-0.1387413867,0.0172671862,0.6337882211,-0.000116860413,-0.0007040729351,-0.002564423908
0.006275657605,0.02709412886,0.7382729984,-0.02554262727,-0.007290875926,0.003505589239,0.9996409996,-0.3773406138,-0.008703686802,-0.02601768145,0.823878245,-0.4670410737,-0.03445700029,-0.3161430106,0.05242525304,-0.003524966203,0.7907870613,-0.4634985149,-0.09368728361,-0.001224699197,-0.01380291161,0.03188221129,0.2460705714,0.1546370215,-0.01947772012,0.6376395109,0.008534315612,-0.005450006458,0.004892235386,0.2262570523,-0.1411739568,0.01654521926,0.6324187657,3.375576056e-05,-0.0006628161986,-0.002283379679
0.00769740046,0.02659998801,0.7385439078,-0.02531528297,-0.007239601387,0.002886223734,0.9996491356,-0.3735745818,-0.0097376492,-0.02772196752,0.8215757161,-0.4670830852,-0.03680543255,-0.3150374728,0.05398857267,-0.007377850156,0.7906578111,-0.4626634705,-0.09723767207,-0.002177501029,-0.01498239044,0.03157238433,0.2437414767,0.1573551455,-0.01848026108,0.6363717162,0.00815745413,-0.005353169305,0.004838970606,0.2242822751,-0.1437550558,0.01582991588,0.6310550902,0.0001747159311,-0.0005123401094,-0.001930835384
0.00923957672,0.02598005235,0.738753691,-0.02493451972,-0.007216294941,0.0020705821,0.9996608963,-0.3694745172,-0.01130349641,-0.02977266197,0.8194792283,-0.4677654041,-0.03891934678,-0.3144281181,0.05578492756,-0.01132540334,0.7903078275,-0.4616591437,-0.1004852355,-0.003073612165,-0.01633291581,0.03102547766,0.2412977457,0.1601989935,-0.01740898774,0.6351781432,0.007792690631,-0.005240948247,0.004787732871,0.2222643941,-0.1463989867,0.01510866935,0.6297314231,0.0002947884585,-0.0003635517656,-0.001598936443
0.01085904784,0.0252231255,0.7389209353,-0.02443608062,-0.007146613085,0.001305254415,0.9996749973,-0.3651903299,-0.01337755209,-0.03234966095,0.8168878459,-0.4675250939,-0.04074170605,-0.3144143818,0.05790688277,-0.01491815979,0.7894035505,-0.4599923651,-0.104379165,-0.003964659045,-0.01778775695,0.03046508279,0.238677166,0.1631197854,-0.01622302346,0.6340091442,0.007343700066,-0.005040938364,0.004725937499,0.2202649072,-0.1491261567,0.01446508088,0.6284027175,0.0003928538013,-0.0001594157598,-0.00117047919
0.01255957453,0.02432699553,0.7390396311,-0.02380705982,-0.007024857854,0.0005429519499,0.9996917427,-0.3608447043,-0.01569608888,-0.03517692827,0.8141422767,-0.4669797137,-0.04224991208,-0.3150814229,0.06024072286,-0.01822699617,0.788264151,-0.4583057037,-0.1080224652,-0.004764041474,-0.01937291155,0.02986583698,0.2359545663,0.1661036081,-0.01497442904,0.6328473482,0.006917266866,-0.00485372526,0.00468668799,0.2183174163,-0.1518658563,0.013851827,0.6270919597,0.0004705771167,1.767723448e-05,-0.0007579481485
0.01432618657,0.0232996793,0.7391190834,-0.02309819494,-0.006907753965,-9.631044709e-05,0.9997093313,-0.356460344,-0.01785407989,-0.03808906093,0.8111688333,-0.4654533802,-0.04360573575,-0.3159599189,0.06208410388,-0.0217640981,0.7859615556,-0.4562132474,-0.1123361524,-0.005568648901,-0.02095504457,0.02935070988,0.233075409,0.1691066436,-0.01363656141,0.6316610527,0.00640217532,-0.004581501581,0.004625177984,0.2163078974,-0.1546698263,0.01329825572,0.625781406,0.0005343002969,0.0002546995791,-0.0002963174547
0.01616409565,0.02213517411,0.7391549638,-0.02227843856,-0.006779693401,-0.0006563379379,0.9997286012,-0.3521404063,-0.0198052942,-0.04083346939,0.8083455483,-0.4637813404,-0.04479746504,-0.3172597738,0.06356041619,-0.02508838064,0.7832564368,-0.4542951528,-0.1163402351,-0.006297360176,-0.02261251331,0.02886505502,0.2301159665,0.1721376419,-0.01226606016,0.6304514985,0.005915231178,-0.004335295668,0.004581689477,0.2142834538,-0.1574463862,0.01275941872,0.624498525,0.0005836717235,0.0004642843043,0.0001294141597
0.01805058399,0.02085151114,0.7391640956,-0.02149914653,-0.006606129297,-0.001008427228,0.9997465323,-0.3482142197,-0.02096164218,-0.0432380635,0.8057333176,-0.4614669249,-0.04570214582,-0.3185731103,0.06442130652,-0.02789407389,0.7797104392,-0.4523909734,-0.121085277,-0.00737172558,-0.02394510081,0.02839115626,0.2270813348,0.1750967633,-0.01087643176,0.6291573715,0.005366055454,-0.004002977089,0.004519553278,0.2122836801,-0.1603679822,0.01226931696,0.6230540464,0.0006170587422,0.0006764108735,0.0006185232748
0.01999529662,0.01944556145,0.7391504608,-0.0207288772,-0.006398808041,-0.001172385889,0.9997639694,-0.3445754737,-0.0216083768,-0.04538955042,0.8035701936,-0.4593799415,-0.04644051798,-0.3199834633,0.06474657783,-0.02994940582,0.7762540645,-0.4506854604,-0.1253797981,-0.008673043992,-0.0250334041,0.02792247918,0.2239742659,0.1779793957,-0.009530870606,0.6278606043,0.004858842634,-0.003699951942,0.004468866211,0.2103822822,-0.1633372717,0.01174530611,0.6215602967,0.0006399307509,0.0008180729647,0.001068120854
0.02199441944,0.01794221546,0.7391639839,-0.02014324204,-0.006107166481,-0.001046080896,0.9997779044,-0.3413995002,-0.02134439689,-0.04735125956,0.8018093619,-0.4574166217,-0.04664293317,-0.3204878243,0.06394244247,-0.03141984072,0.771698725,-0.4481667071,-0.1304549245,-0.01080363526,-0.02549355088,0.02737011204,0.2207640335,0.1806693658,-0.008243915943,0.6265588372,0.004284522463,-0.00325753817,0.004401415848,0.2086691227,-0.1665408251,0.01118914604,0.6198034616,0.0006511031646,0.0009088185098,0.001564932901
0.02406060583,0.01632809833,0.739210116,-0.01971240946,-0.005690119121,-0.0007961132526,0.9997891826,-0.3385519061,-0.02040189957,-0.04926098885,0.8004121473,-0.4561226612,-0.04653610027,-0.3204810412,0.06237484565,-0.03254695971,0.7675068191,-0.445604649,-0.1344673691,-0.01333007133,-0.02544063087,0.02659617153,0.2174835394,0.1832063363,-0.007059941885,0.6252946247,0.003754422998,-0.002827766638,0.004339224114,0.2072201409,-0.1698405698,0.01054194875,0.6179851407,0.0006563613579,0.0009048841187,0.002009291687
0.02617298185,0.01463605424,0.7392571506,-0.01960683053,-0.005043301942,-0.0002997562905,0.9997950027,-0.3368193702,-0.01852704362,-0.0512499901,0.7998909135,-0.4552201392,-0.04597914144,-0.319225616,0.060594255,-0.03356183491,0.7633105667,-0.4423612267,-0.1382336802,-0.01663349584,-0.02436745011,0.02532694176,0.2141691644,0.1854407032,-0.005996286718,0.6240576949,0.003151025425,-0.002282872936,0.004241241043,0.2062200754,-0.1734440618,0.009827451359,0.6158390218,0.0006179533617,0.0007369437641,0.002467369996
0.02832985533,0.01284167002,0.7393196714,-0.01969221504,-0.004166914291,0.0001453298152,0.9997973957,-0.3357487555,-0.01591424524,-0.05318782364,0.7999172241,-0.4550470888,-0.04524290253,-0.3172488799,0.05878276128,-0.03479986011,0.7595841514,-0.4402999927,-0.1406342457,-0.020090481,-0.02266609115,0.02357705785,0.210855242,0.1874967446,-0.005035354138,0.6228406957,0.00259156207,-0.001775736213,0.004146228227,0.205565429,-0.1771204669,0.009020317923,0.6136969726,0.000567974102,0.0004554128225,0.002864709691
0.03048477918,0.0110021572,0.7393121673,-0.02011548244,-0.00288441228,0.000655672368,0.9997932874,-0.336365589,-0.01249470499,-0.05530260061,0.801218429,-0.4555430629,-0.04402564468,-0.3148910651,0.05653844139,-0.03708224173,0.7555556634,-0.4393567785,-0.1426603423,-0.02393012819,-0.01997217498,0.02109792355,0.2074353996,0.1892697782,-0.004211974927,0.6215965167,0.002016193516,-0.001170394345,0.004023547592,0.2054466757,-0.1810391423,0.008107733786,0.611288383,0.0005265886547,3.946910263e-05,0.003268089529
0.03261610099,0.009076869083,0.739263999,-0.02067405857,-0.001350342725,0.0008681353802,0.99978498,-0.3378244486,-0.008374402344,-0.05717021437,0.8033007399,-0.4568648858,-0.04267994036,-0.312503897,0.05429858581,-0.03999655592,0.7517530844,-0.4405433532,-0.1433349186,-0.02750916364,-0.01688880283,0.01832519904,0.2039249805,0.1909729278,-0.003426506032,0.6202937843,0.001496462982,-0.0006339524413,0.003916558836,0.2055180178,-0.1848745182,0.007129176021,0.6090496102,0.0004880798452,-0.0004344957921,0.003614256376
0.03465748899,0.007097948607,0.7390183275,-0.02140908953,0.0004755545997,0.001317562527,0.9997698179,-0.341767374,-0.003891388004,-0.05899909842,0.8078621319,-0.4586069374,-0.04121338308,-0.3102619873,0.05296795123,-0.04318321142,0.7479377877,-0.4432063248,-0.1434662422,-0.03096794824,-0.01323564929,0.01529666614,0.2000921677,0.1924847293,-0.002703293086,0.6189004377,0.0009369567776,-1.574572632e-05,0.00377601527,0.2059045347,-0.18875363,0.006057330414,0.606703099,0.0004419011504,-0.001024773269,0.003923192017
0.03659822864,0.005036623452,0.7386168464,-0.02204034001,0.002352488296,0.001567390641,0.9997530858,-0.3466589889,0.0007297219162,-0.06036326648,0.8139416347,-0.460921194,-0.03982460978,-0.3083082918,0.05229198454,-0.0466317178,0.7443733385,-0.4471111726,-0.142822494,-0.03367395482,-0.009760539297,0.01256677408,0.1960730245,0.1939897237,-0.001922181852,0.6174277267,0.00042129339,0.0005068266259,0.00366395022,0.2061805208,-0.1923718911,0.004999434771,0.6046888301,0.000391763931,-0.001613025029,0.004179402341
0.03844187437,0.002950472275,0.738079219,-0.02256693378,0.004224370782,0.002003737367,0.9997344013,-0.354348104,0.005186130775,-0.06102648578,0.8240201915,-0.4626076948,-0.03805760854,-0.3063202284,0.05182300373,-0.05125061571,0.740258662,-0.4508485464,-0.1420876514,-0.0360132623,-0.006433659631,0.009986500968,0.191758409,0.1953746475,-0.0011871485,0.6159390726,-2.962960883e-05,0.001066170479,0.003528777776,0.20653009,-0.19575127,0.003889739893,0.6028229901,0.0004210351633,-0.00221655782,0.004407504029
0.04019276374,0.0008380526555,0.7374894483,-0.02289294125,0.005797683566,0.002153316815,0.9997187921,-0.36262985,0.009730080847,-0.06063768231,0.8364293488,-0.4637995266,-0.03633085859,-0.3047594412,0.05174704628,-0.05588744517,0.7371032823,-0.4544738373,-0.1408190427,-0.03736333824,-0.003515255984,0.008173850293,0.1873244974,0.1966107957,-0.0003678194176,0.6146314115,-0.0004150546708,0.001529778127,0.003434225675,0.2065261717,-0.1987416003,0.002858330033,0.601544023,0.0004635878387,-0.00273186628,0.004602333107
0.04184641289,-0.001207221271,0.7369459583,-0.02324654404,0.007061815184,0.002420737713,0.9997018901,-0.3731350637,0.01435958346,-0.05960664336,0.8531377389,-0.4634731504,-0.03498294874,-0.3032684291,0.05254847147,-0.06026157925,0.734524895,-0.4572773028,-0.1392143034,-0.03821937766,-0.0004249436175,0.007254417696,0.1826001855,0.1973699382,0.0003663233115,0.6135342344,-0.0007847506076,0.002014039716,0.003245627172,0.2062885264,-0.2016174007,0.001753902117,0.6006332308,0.0005078104099,-0.003181326712,0.004619169148
0.04345371044,-0.003197431785,0.7365184248,-0.02344563404,0.007839089307,0.002520626595,0.999691201,-0.3837150718,0.01908256925,-0.05760006456,0.8719803228,-0.4614451224,-0.03401936932,-0.3017027658,0.05376848009,-0.06385092579,0.7331681783,-0.4596098687,-0.1372831934,-0.03829744662,0.002370374365,0.007400271798,0.1779684871,0.1977386857,0.001055374814,0.6127109693,-0.001113488356,0.002436371661,0.003064483296,0.2056936344,-0.2041763658,0.0007142240249,0.6003648876,0.0005394526534,-0.00349449065,0.004573784044
0.04503647939,-0.005068700484,0.736263919,-0.0235512112,0.00826301675,0.002700455058,0.9996848356,-0.395956385,0.02357969963,-0.05475758696,0.894374593,-0.4565926595,-0.0330965621,-0.2997312097,0.0553436073,-0.06664043333,0.7323465934,-0.4613264094,-0.1351529785,-0.0378741358,0.005057187943,0.008299456211,0.1734931431,0.1976880625,0.001542011848,0.6120637372,-0.001354428096,0.002788420857,0.002787700918,0.2048986186,-0.2064858184,-0.000385710537,0.6005833511,0.0006085660769,-0.003696037582,0.004359470294
0.0466595999,-0.00684357004,0.7362130259,-0.02336990565,0.008248678869,0.002758200234,0.9996890512,-0.4079711675,0.02775326072,-0.05106987466,0.917861131,-0.448524243,-0.03223554853,-0.2969694457,0.05686668127,-0.06829736614,0.7319480736,-0.4626818545,-0.1331786892,-0.03680305951,0.007147244387,0.009866327229,0.1696040563,0.1973631048,0.001887321434,0.6115565009,-0.001546244688,0.003061790945,0.002509599425,0.2039534334,-0.2083719558,-0.001373519212,0.6013225181,0.0006751764162,-0.003748779613,0.004112970059
0.04835750571,-0.008460127303,0.7364397786,-0.02286805235,0.007990688828,0.002926573319,0.9997022738,-0.4211108251,0.03094284859,-0.04669642328,0.9432605951,-0.436686037,-0.03117903072,-0.2929115985,0.05807184371,-0.06879067516,0.7307173668,-0.4636631236,-0.1313135267,-0.03534149237,0.00859728904,0.01178248812,0.1663340961,0.1968068571,0.001995318032,0.611142276,-0.001658369513,0.003239958493,0.002100362644,0.2029524151,-0.209853683,-0.002349905073,0.6024918051,0.0007536669587,-0.003640084532,0.003689980074
0.05016855564,-0.009937164813,0.7369306857,-0.02191366281,0.007485056704,0.003034005374,0.9997272429,-0.4342690344,0.03306777819,-0.04167142498,0.9676664239,-0.4223216463,-0.03011026618,-0.287480555,0.05876859257,-0.06788668886,0.7284642377,-0.4644241513,-0.1301223924,-0.03336352592,0.009095951482,0.01389178963,0.1639897425,0.1961453842,0.001948944324,0.6107245125,-0.001737638436,0.003345365433,0.00168167046,0.2019594826,-0.2108676056,-0.003156565247,0.6039056826,0.0008241222224,-0.003398244187,0.003258686059
0.05208110597,-0.01124733001,0.7377073467,-0.02052093411,0.006946423163,0.003321589712,0.9997597739,-0.4486386352,0.03327799932,-0.03647791116,0.9906769391,-0.4061251629,-0.02902092403,-0.2807010933,0.05865455428,-0.065821364,0.724390754,-0.4647767684,-0.1291520954,-0.03130089224,0.00870409059,0.01587180512,0.1624205605,0.1954558084,0.001715593681,0.6102271793,-0.001752953349,0.003436601262,0.001155207465,0.20098591,-0.2114637684,-0.003917280756,0.6054035621,0.0009312496579,-0.002925025689,0.002685247771
0.05409045513,-0.01238865369,0.7387076099,-0.01872990681,0.006310917749,0.003612948357,0.9997981344,-0.463902376,0.03190803432,-0.03075929013,1.009912973,-0.3886154305,-0.02830115287,-0.2725516071,0.0579003914,-0.06256271295,0.7185024937,-0.4648243603,-0.1289641022,-0.0289419121,0.007553137813,0.01787583867,0.1616883027,0.1947552946,0.001367163493,0.6095359985,-0.001750299476,0.003481844506,0.0006375924029,0.2000065867,-0.2117909111,-0.004517406057,0.6066615693,0.001040317344,-0.002375385268,0.002132302301
0.05620092785,-0.01336167432,0.7398518928,-0.01669302984,0.005644678215,0.004031534576,0.9998366002,-0.4802797024,0.02914356045,-0.02491956208,1.02553994,-0.3699320261,-0.02778431711,-0.2631606594,0.05647177252,-0.05854660972,0.7107625029,-0.4646304659,-0.1286931212,-0.02662967497,0.005972608398,0.01974329238,0.1615704098,0.1940811665,0.0009025346647,0.608715224,-0.001706631684,0.003415383838,2.856281913e-05,0.1989906678,-0.2119664233,-0.005078799462,0.6077717353,0.001152192318,-0.001737613173,0.001463902753
0.05840517828,-0.01417032849,0.7410981033,-0.01442841929,0.004857815531,0.004295431717,0.999874878,-0.4973888209,0.02548772632,-0.01861387909,1.037978539,-0.3528905486,-0.02741908917,-0.2527320287,0.05455874323,-0.05368816261,0.7016299169,-0.4642512721,-0.1286856772,-0.02397282142,0.004013335254,0.02168279116,0.1620990164,0.1934724207,0.0004136839313,0.6077304259,-0.001658334531,0.003272728617,-0.0005511480494,0.1978249821,-0.2120581864,-0.005515347461,0.6085901924,0.001253317781,-0.001116825014,0.0008361045918
0.06071737318,-0.01483116238,0.7423946781,-0.01214101991,0.004064960117,0.004531657381,0.9999077637,-0.5147706299,0.02128652283,-0.01255163116,1.046852554,-0.3355894848,-0.02704942555,-0.2416947623,0.05221880286,-0.04870561978,0.6914381783,-0.4636754578,-0.1282657712,-0.02135115742,0.002037360817,0.02343669471,0.1630819925,0.1928997527,-8.548100505e-05,0.6066983539,-0.001620772313,0.003099601971,-0.001189330729,0.1965708648,-0.212154438,-0.005912671791,0.6093199428,0.001303618585,-0.0003950815972,0.0001415425159
0.06312952909,-0.01534511813,0.7437082532,-0.0098564613,0.003185386926,0.004506591525,0.999936195,-0.5322145215,0.01694001797,-0.006540113228,1.053044847,-0.3201394534,-0.02674370844,-0.2302487328,0.04967689345,-0.04348559297,0.6807204875,-0.462920382,-0.1277081056,-0.01844500632,0.0001119099979,0.0251986053,0.1645273942,0.1923886645,-0.0005427921855,0.6056114222,-0.00159330679,0.002900633562,-0.001778143492,0.1951352785,-0.2123051905,-0.006222798594,0.6098392738,0.001333014905,0.0003039199134,-0.0004937519623
0.06566262559,-0.01573919775,0.7450172354,-0.007732555327,0.00211679228,0.004388940552,0.9999582311,-0.5483410339,0.01270663318,-0.001284879119,1.054697164,-0.3023823125,-0.0266307793,-0.218121207,0.04700977104,-0.03855663587,0.6696035867,-0.4620000952,-0.1263256783,-0.01567823425,-0.001541599911,0.02712057794,0.1661286903,0.1919038352,-0.0009378261167,0.6046871467,-0.001604953175,0.002723553272,-0.002373903566,0.1935768147,-0.2125127848,-0.0065087073,0.6104402078,0.001279530002,0.001059681538,-0.001105037468
0.06832296164,-0.01601540827,0.7462758403,-0.005771817218,0.0009503089704,0.00401370612,0.9999748363,-0.5636164829,0.008821035039,0.003367632223,1.053716094,-0.2858909125,-0.02659383604,-0.2057564344,0.04443161503,-0.03376266883,0.6584763934,-0.4609662081,-0.1245863702,-0.01282242605,-0.002909230918,0.02894836161,0.1680071992,0.191493676,-0.001278307525,0.6037997043,-0.001629541714,0.002564886962,-0.002907959038,0.1919711141,-0.2128141817,-0.00672443974,0.6109068988,0.001206867124,0.001780114945,-0.001634676598
0.07114338406,-0.01620363273,0.7475101804,-0.004036374761,-0.0003919852942,0.003602527467,0.9999852878,-0.5768306004,0.005354509014,0.007011426571,1.047046808,-0.265605465,-0.02648777151,-0.1926525878,0.04195440436,-0.02938927771,0.6470847291,-0.4598312924,-0.1221227369,-0.01020163773,-0.003973625921,0.03068101546,0.1698884927,0.1911226592,-0.001556755227,0.6031376332,-0.001707885121,0.002588369396,-0.003416920781,0.1904307347,-0.2130977882,-0.006901869017,0.6114853297,0.00104352708,0.002618718015,-0.002123997424
0.07412979664,-0.01630151839,0.7486547722,-0.002519857824,-0.001747252348,0.003018351911,0.9999907434,-0.5889276096,0.002444760691,0.009788687583,1.037743202,-0.2464392059,-0.02636758399,-0.1793818234,0.03974146036,-0.02528094748,0.6357237484,-0.4586883058,-0.1194951129,-0.007620221942,-0.00473255412,0.03191264159,0.171938765,0.1908391608,-0.00179741605,0.6024801776,-0.0017963455,0.002678603737,-0.003863934927,0.1890789798,-0.2134352578,-0.006996632236,0.6118984457,0.0008717681767,0.003433925869,-0.002536286508
0.07734821128,-0.0163602506,0.7497724835,-0.001128818103,-0.003047109206,0.002483513067,0.9999916365,-0.5987792724,-0.0001103026424,0.01190847373,1.022599955,-0.2240777417,-0.02614703662,-0.1649523865,0.03761970493,-0.02133164948,0.6232361923,-0.4586596921,-0.1161375752,-0.005395468125,-0.005650894643,0.03284932361,0.1739563849,0.1908845315,-0.002008064379,0.6019036253,-0.001788220667,0.002974741062,-0.004144863636,0.1880173178,-0.2134074875,-0.006950953959,0.6123441158,0.000743893063,0.004388952447,-0.002775897138
0.08079023443,-0.01636293839,0.7507904049,8.840161035e-05,-0.004082817023,0.001820729105,0.9999900038,-0.6076755822,-0.002105049239,0.01339151371,1.005376548,-0.203341738,-0.02591781988,-0.1504516804,0.03580409822,-0.01750602006,0.6101977898,-0.4595734139,-0.1128156415,-0.003240302752,-0.006558052098,0.0330435018,0.176057664,0.1911951443,-0.002154611373,0.6012322095,-0.001752355373,0.003305485076,-0.004338631185,0.1873206623,-0.2131963479,-0.006728266093,0.6125496289,0.0006462387797,0.00530506104,-0.002910622191
0.08446793218,-0.01631300359,0.7518177789,0.001229312617,-0.004936848547,0.00107888127,0.9999864761,-0.6139380262,-0.003991609783,0.01443823103,0.9824242439,-0.180598079,-0.02541373876,-0.1355938921,0.03400231508,-0.01373170446,0.596320033,-0.4609531511,-0.10916575,-0.001231790636,-0.007687197416,0.03278237878,0.178064822,0.1917387971,-0.002191824448,0.6006826798,-0.001741091767,0.004013566597,-0.004469820038,0.1869637234,-0.2126254939,-0.006217526185,0.6127006428,0.0004858361214,0.006507436348,-0.002961227135
0.08837397266,-0.01619188613,0.7527699138,0.002207067308,-0.005412798222,0.0001537068853,0.9999829033,-0.6190984278,-0.005528333934,0.01499349863,0.9580747175,-0.1600006473,-0.0248779726,-0.1212419807,0.03245487931,-0.01005017597,0.5821148704,-0.462555368,-0.1058574087,0.0007730564077,-0.00878013889,0.03165269525,0.1801178422,0.1924595184,-0.002143968074,0.6000405936,-0.001740788421,0.004782887544,-0.00455969656,0.1870092896,-0.2118902361,-0.005463709347,0.6125596344,0.0003258467881,0.007687909632,-0.002943162038
0.09255728139,-0.0160366432,0.753675491,0.003150385322,-0.005660625662,-0.0008474502729,0.9999786569,-0.6213868423,-0.00675036965,0.01537691866,0.9282260642,-0.1371151814,-0.0241918174,-0.1070266205,0.03076244561,-0.006528882941,0.5677978485,-0.4644284212,-0.1025655466,0.002738414418,-0.01021778808,0.02967561079,0.1821780764,0.1934227226,-0.001985213652,0.5996551207,-0.00171652612,0.005715302637,-0.004561778444,0.1875462793,-0.2107663611,-0.004338428426,0.6124400401,0.0001246671825,0.008932268254,-0.002795612113
0.09700767041,-0.01582091317,0.7544463228,0.003921854552,-0.005515794676,-0.001959319929,0.9999751778,-0.6225002023,-0.007508720892,0.01530302843,0.8976952495,-0.1163505024,-0.02353048671,-0.09354636567,0.02923268715,-0.003298725482,0.553683147,-0.4663917695,-0.09975213298,0.004684682272,-0.01160762642,0.02653945175,0.1843635099,0.1945258046,-0.001748605503,0.5992320827,-0.001689619747,0.006620448089,-0.004525702345,0.1886164583,-0.2094921715,-0.002953788747,0.6120529996,-6.517278503e-05,0.01006585357,-0.002574636604
0.1017316048,-0.01556210898,0.7550762745,0.004686650484,-0.005085493525,-0.003187346719,0.9999710065,-0.6212519822,-0.007944597346,0.01491969297,0.8626614874,-0.094073143,-0.02289393454,-0.08089239232,0.02748139446,-0.0002167332097,0.5403495633,-0.4683737673,-0.09718780407,0.006659714611,-0.01327504125,0.02232912142,0.1867607518,0.1957773662,-0.001422599529,0.5988428838,-0.001644143677,0.007746524845,-0.004397570209,0.1903011225,-0.2079558343,-0.001194818856,0.6114177673,-0.0002536680972,0.01133784387,-0.002239704745
0.1067146975,-0.01522984579,0.7554907663,0.005261296058,-0.004314522353,-0.004492705386,0.9999667591,-0.6191713915,-0.007908429054,0.01387770661,0.8279254638,-0.0741336471,-0.0223202859,-0.06920031958,0.02586523809,0.002509378701,0.5279063385,-0.4703262852,-0.09505481862,0.008565110539,-0.01471734569,0.01700396306,0.189366159,0.1970403755,-0.001048433359,0.5983559787,-0.001599709233,0.008832643593,-0.004242391537,0.1925451103,-0.2063985053,0.0007548824225,0.6104337835,-0.0004195498186,0.01249129131,-0.001854069093
0.1119549161,-0.01484468008,0.7556368291,0.005689722405,-0.003271714959,-0.005885317695,0.9999611422,-0.615387979,-0.007592295726,0.01238621758,0.7906263459,-0.0530458609,-0.0215879735,-0.0587780985,0.0242890184,0.004909299789,0.5173980469,-0.4732675399,-0.09317815174,0.0105428858,-0.01608731299,0.0106553825,0.1922628572,0.19833159,-0.0006370713792,0.597798527,-0.001518263606,0.0100350346,-0.004005781359,0.1953729822,-0.2047592195,0.002985454861,0.6091189823,-0.0005615403651,0.01370662649,-0.001366428964
0.11744122,-0.01438000415,0.7554734013,0.005772571227,-0.001994522276,-0.007222474691,0.9999552666,-0.6110854919,-0.006857981427,0.01016466643,0.7548850486,-0.03423051078,-0.02086579616,-0.04931444994,0.02317102052,0.00675217503,0.5085614302,-0.4769767314,-0.09147841315,0.01233959183,-0.01686960917,0.003443027567,0.1953405151,0.1995022753,-0.0002260149777,0.597206325,-0.001434692161,0.01114751557,-0.003759483678,0.198682427,-0.2032217241,0.005274711537,0.6075614796,-0.0006797491637,0.01476340238,-0.0008554336592
0.1230916651,-0.01382916353,0.7549859273,0.005811642593,-0.0004196808989,-0.008640136284,0.9999456969,-0.6065032206,-0.005994872605,0.007441930703,0.7186218677,-0.01573525643,-0.0198473609,-0.04174910446,0.02179850576,0.008368415003,0.5024539876,-0.4816975747,-0.0896505258,0.01418881107,-0.01760011956,-0.004183757061,0.1986421764,0.2006217342,0.0001547292811,0.5962713033,-0.001330495505,0.01227683201,-0.003480694258,0.2023199382,-0.2017992448,0.007697374915,0.6055117665,-0.0007751824036,0.01581593085,-0.0003047544926
0.1289051247,-0.01316813692,0.7541706478,0.005562174165,0.001283586159,-0.009908546722,0.9999346155,-0.6022398583,-0.004800500213,0.003986940252,0.6849333812,0.0003479997321,-0.01882445873,-0.03521435903,0.02073149482,0.009460104997,0.498514822,-0.4871489357,-0.08759261683,0.01572365888,-0.0176736165,-0.01182605719,0.2019376798,0.2015015838,0.0004761712286,0.5952997173,-0.001229642399,0.0132678229,-0.003218426727,0.2061563037,-0.2006325606,0.01001527898,0.6032775676,-0.0008526635875,0.01667753025,0.0002276213184
0.1348320571,-0.01238276834,0.7529575085,0.005116832076,0.003262589037,-0.01140891471,0.9999165016,-0.5984480499,-0.002974608391,-0.0001042759749,0.6523725497,0.0165789999,-0.01766462161,-0.03110092675,0.01963180628,0.010161331,0.4983814809,-0.4943762348,-0.08565262868,0.01772264971,-0.0171247611,-0.01965520743,0.2054595996,0.2021534021,0.0007444677021,0.5937781549,-0.00114744476,0.01409636036,-0.002889114994,0.2100193321,-0.1998798369,0.01230521708,0.6003831804,-0.0008879157624,0.01741027092,0.0008222604718
0.1408898607,-0.01146282654,0.7513780905,0.004273111657,0.005238338425,-0.01272369142,0.9998961986,-0.5951687139,-0.0006022633133,-0.005046911405,0.6229536917,0.03092204738,-0.01655217701,-0.02789640038,0.01913073691,0.01030885918,0.5009042339,-0.5026879785,-0.08343709958,0.01947104946,-0.01550036079,-0.02710910552,0.2089290484,0.2024513966,0.000930524906,0.5922128991,-0.001078061866,0.0147265748,-0.002572047263,0.2137656111,-0.1995518554,0.01435042689,0.5973685638,-0.0009075062377,0.01791163808,0.001386994869
0.1469081813,-0.01038951385,0.7492808521,0.003271925712,0.007614155949,-0.01441279673,0.9998617857,-0.5942617898,0.002211178034,-0.01096267421,0.5971294784,0.04407891957,-0.01529074605,-0.02843694745,0.01910451456,0.01093507066,0.5083527981,-0.5121788286,-0.08158020485,0.02177571784,-0.01309730062,-0.03427570549,0.2126043836,0.2025355651,0.001045353793,0.5897143111,-0.001058335066,0.01504953944,-0.002234480793,0.2169740159,-0.1998862961,0.016240116,0.5934805758,-0.000906473987,0.01817613824,0.001965113851
0.1529330295,-0.009142000738,0.7467646996,0.001828505103,0.009848591273,-0.01581356693,0.9998247811,-0.5946297929,0.005410986219,-0.01784053525,0.5750969791,0.05541231359,-0.01406573208,-0.03011506741,0.0198706761,0.01124559393,0.519360694,-0.522879134,-0.07942329604,0.02357360742,-0.009254294056,-0.04014108731,0.2159992145,0.2021441934,0.00103584013,0.5872734142,-0.001049167917,0.01514560015,-0.00193139976,0.2195645196,-0.2008776685,0.01770698377,0.589534133,-0.0009007094208,0.01817588183,0.002474712637
0.1587946902,-0.007720343879,0.7435299566,-6.69541896e-05,0.0122740779,-0.01761853042,0.9997694384,-0.5981281592,0.009963482222,-0.02547963968,0.5585836156,0.06655900533,-0.01234586654,-0.0358997008,0.02166746949,0.01194123829,0.5368744038,-0.5356940786,-0.07734240886,0.02574921325,-0.003756353408,-0.04506225879,0.2195108673,0.2014101013,0.000904001785,0.5839126993,-0.001109581272,0.01487633192,-0.001632157258,0.221232943,-0.2029364996,0.01880367127,0.5846496514,-0.0008900040575,0.01785933024,0.002948967656
0.1645873815,-0.00611633021,0.7397525013,-0.00260992637,0.01427039904,-0.01892379986,0.9997156765,-0.6028052787,0.0151443159,-0.03399929834,0.546441228,0.0752701905,-0.01082589017,-0.04241065577,0.02460046362,0.01198739529,0.5588277322,-0.5506197337,-0.07448127385,0.02693761821,0.003798233969,-0.0480575706,0.2225841,0.2000945974,0.0005641384679,0.5809512402,-0.001172192837,0.01443774409,-0.001387474219,0.222116836,-0.2058725813,0.01925140928,0.5799587952,-0.0008819925403,0.01728045046,0.003313852532
0.170137531,-0.004399591489,0.7352776983,-0.005308566684,0.01645253748,-0.02047820311,0.9996408237,-0.6104765908,0.02049870433,-0.04256680232,0.5453323643,0.06933890125,-0.009868186866,-0.05326074412,0.02798186734,0.01231952146,0.5880518845,-0.5683456,-0.07142798889,0.02813502392,0.01228593547,-0.05035645779,0.2257430528,0.1985798422,8.330495152e-05,0.5776458242,-0.00135092475,0.01371045598,-0.001203946742,0.2220860042,-0.2095666316,0.01915650645,0.5751174818,-0.0009466688295,0.01642726224,0.003565624585
0.1754937833,-0.002662352699,0.7304971265,-0.007758346119,0.01839154929,-0.02104856516,0.9995791699,-0.6186238017,0.02394978529,-0.04898485738,0.5546924717,0.05229073544,-0.01118369769,-0.06497592796,0.03079825759,0.01217621977,0.621469723,-0.5886785006,-0.06732097723,0.02752144125,0.02051270741,-0.05122217367,0.2280455017,0.1970122076,-0.000523055064,0.5757781831,-0.00152626012,0.01299488003,-0.001097466154,0.2212541458,-0.213043625,0.01827345993,0.571840419,-0.00103818194,0.01547194102,0.003639332397
0.1802650896,-0.00112624836,0.7256600694,-0.008850640777,0.02087641312,-0.02009937478,0.9995408229,-0.6356465865,0.02310078015,-0.05239466039,0.5783224851,0.03141071416,-0.01256637508,-0.08186822628,0.03090505544,0.01106969774,0.6620299535,-0.6110085992,-0.06231883509,0.02424841032,0.02536314662,-0.05124149987,0.2282836478,0.1964985446,-0.001043310772,0.5752702347,-0.00176731791,0.01224123282,-0.001102686507,0.2188575741,-0.2147650377,0.01649176479,0.5705774475,-0.001178612961,0.01435729041,0.003356332251
0.1844634223,0.0001395328012,0.7210827952,-0.008446727806,0.0230286268,-0.01761506274,0.9995439183,-0.6571265832,0.01790844094,-0.05334643599,0.6116250321,0.009066071188,-0.01350030576,-0.09893267669,0.0278891849,0.009305281755,0.7052488848,-0.6349251113,-0.05680270014,0.01882134846,0.02640767657,-0.04850937291,0.2257873412,0.1969224149,-0.001391371539,0.576702806,-0.001980759819,0.01177463742,-0.001166573174,0.2151664307,-0.2144352243,0.01416571321,0.5715490282,-0.001312044027,0.01346112843,0.002843411354
0.1882398147,0.001278754369,0.7165610125,-0.007228497327,0.02532983099,-0.01497594721,0.9995408293,-0.6823821232,0.01075925882,-0.05276121339,0.6521720774,-0.0145553585,-0.01380268783,-0.1184356511,0.02312708717,0.008116794728,0.752285575,-0.6594014857,-0.05116199643,0.01368585683,0.02548466331,-0.04471281063,0.2220762094,0.1977343598,-0.001644864554,0.5783311969,-0.002173757412,0.01138640895,-0.001275953293,0.2111613073,-0.2133185095,0.01188963054,0.5727680501,-0.001394677839,0.01272824937,0.002188637948
0.1916792623,0.002290856062,0.7122530319,-0.00537491934,0.02722885203,-0.01224123268,0.9995398202,-0.7076581056,0.002202417252,-0.05118762334,0.6959466129,-0.03887212525,-0.01353996718,-0.1367622587,0.01690505708,0.007220126673,0.7993682223,-0.683856754,-0.04558660809,0.008975904322,0.02304801624,-0.03894534221,0.2172575941,0.1986425251,-0.00175081609,0.5804827401,-0.002329814524,0.01113908223,-0.001382262979,0.20695583,-0.2115082806,0.009841340631,0.5745430847,-0.001451593226,0.01219705046,0.001528852294
0.1948828316,0.003228401968,0.7079708694,-0.003299603316,0.02933133705,-0.01001384905,0.999514136,-0.7337396506,-0.006398430809,-0.04898603457,0.7415822755,-0.06357871387,-0.01244817568,-0.1568485013,0.01036012031,0.007585304173,0.8483907238,-0.7069307372,-0.04051222123,0.005877233711,0.01998673464,-0.03335319775,0.2126371537,0.1995080021,-0.001806127518,0.5819204704,-0.002497915231,0.01088048729,-0.001527587466,0.203129819,-0.2096866833,0.008228180956,0.5757695109,-0.001505307085,0.01174084224,0.0008407218546
0.1978870071,0.004080092466,0.7038283218,-0.001071086263,0.03115369292,-0.00804135966,0.999481684,-0.7583407391,-0.01499068576,-0.04641848099,0.7867916964,-0.08824543422,-0.01072679915,-0.1755744373,0.003374823805,0.008216609754,0.8960610285,-0.7277790044,-0.03631908261,0.003776808525,0.01647231992,-0.02694894221,0.2081135581,0.2002148031,-0.001747995864,0.5831741765,-0.002649241991,0.01060630196,-0.00165468117,0.1994392104,-0.2077544834,0.006993578069,0.5769797375,-0.001557124559,0.01135412093,0.000223596648
0.2007856648,0.004875045508,0.6996026657,0.001057622164,0.03335080053,-0.006717746034,0.9994205708,-0.7828504764,-0.0225880905,-0.04358205818,0.831149312,-0.1128360126,-0.008641940798,-0.1957919939,-0.00337811288,0.00950252757,0.9441762623,-0.7446203128,-0.03325074277,0.003013715406,0.01307469641,-0.02160783155,0.2045225587,0.2007623086,-0.001624141758,0.583356891,-0.00279046249,0.01012383566,-0.001760633395,0.196256071,-0.2061292334,0.00617998367,0.5773907824,-0.001518893456,0.01094776346,-0.0003584044233
0.2035879626,0.005603131101,0.695361173,0.003068172332,0.03542034151,-0.005685736844,0.9993516189,-0.8054520962,-0.02944987155,-0.04060729807,0.8731307046,-0.1368975775,-0.005645477524,-0.2146132602,-0.01025182536,0.01089270273,0.9897173146,-0.755853622,-0.03136534346,0.00284081159,0.00983642255,-0.01619317846,0.2015232784,0.2011348469,-0.001435290549,0.5830774334,-0.002914350374,0.009520023449,-0.001835212446,0.1932806755,-0.2046772317,0.005621943654,0.5774939044,-0.001461861481,0.01051625216,-0.0008588019008
0.2063598662,0.006303292203,0.69097392,0.004806686321,0.03787983577,-0.005185979556,0.9992572839,-0.8273061366,-0.03516240069,-0.03774007902,0.9123089439,-0.1598066938,-0.0008686582872,-0.2340955481,-0.01696276081,0.01294853561,1.03442927,-0.7611230984,-0.030505267,0.003422864723,0.0072762337,-0.01236392302,0.1996865618,0.2013304343,-0.001317804333,0.5818416374,-0.003042053339,0.008812391342,-0.001931517874,0.1909641185,-0.2037183915,0.005335153239,0.5767153366,-0.001392244332,0.01003850581,-0.001308499393
0.2090936912,0.006952199823,0.6864826898,0.006198955574,0.04025767844,-0.004904717513,0.9991580636,-0.8471116086,-0.03975865335,-0.03538403896,0.9477208543,-0.180738262,0.005271634306,-0.2518556303,-0.02334169823,0.01481265992,1.076031419,-0.7628387314,-0.02992266717,0.004161069562,0.005495810582,-0.008991575866,0.198567873,0.2013877753,-0.001237624724,0.5802368153,-0.003157535051,0.008036126534,-0.002023044205,0.1889702479,-0.2030823418,0.005140589807,0.5755804227,-0.001329709178,0.009496759977,-0.001692972464
0.2117698435,0.007541801393,0.681765089,0.007141761236,0.0430910489,-0.004913978408,0.9990335378,-0.8670319463,-0.04294929033,-0.03372873281,0.9802460294,-0.1988026758,0.01197297425,-0.2707797118,-0.02847483377,0.01667987521,1.117503909,-0.7632370007,-0.02868803489,0.005159067967,0.004714639936,-0.007319018937,0.1984071695,0.2013975588,-0.001254126525,0.5779239092,-0.00326438645,0.007113231328,-0.002134476315,0.1875409898,-0.2028907107,0.005028636403,0.573761307,-0.001212672995,0.008842679457,-0.002041022029
0.2143550686,0.008040983484,0.6769127168,0.007737132233,0.04579138558,-0.004839731754,0.9989093366,-0.8859821567,-0.04523355902,-0.03274706088,1.010541436,-0.2148149561,0.01775173593,-0.2882049543,-0.03274169163,0.01757273276,1.156867533,-0.7642780624,-0.02703501798,0.005807070306,0.004627578805,-0.005844441054,0.1985057178,0.2014211132,-0.001295905474,0.5756052212,-0.003354196171,0.006150994217,-0.002243719971,0.1862542135,-0.202861928,0.004817757999,0.5719169864,-0.001094387822,0.008115198418,-0.002364108451
0.2168232798,0.008462346642,0.6718695302,0.008079866245,0.04882337648,-0.004821963826,0.9987631062,-0.9061407041,-0.04674758812,-0.03198054879,1.040529884,-0.2294168409,0.02261849969,-0.3065945559,-0.03619445605,0.01784650048,1.196301031,-0.7661026526,-0.02519090011,0.006355976932,0.005115990328,-0.00566210332,0.1990238366,0.2015028488,-0.00139922228,0.5731246096,-0.003433023095,0.005137417386,-0.002368264352,0.1853479057,-0.2030731671,0.004580314104,0.5698920371,-0.0009812461663,0.007305060301,-0.002663870068
0.2191326003,0.00878265404,0.6667573341,0.008331062446,0.05159601562,-0.00461393606,0.9986226295,-0.9261304829,-0.04806814051,-0.03134511065,1.07054486,-0.2436074439,0.02600227687,-0.323420348,-0.03939983288,0.01719695944,1.234073195,-0.7694496151,-0.02343830458,0.006444812313,0.005776562945,-0.005210766792,0.1992820635,0.2016483514,-0.001476550333,0.5710713298,-0.003495220216,0.004183066359,-0.002484193682,0.1843978867,-0.2032664577,0.004187983725,0.5682524569,-0.0008841451997,0.006497361211,-0.002957906482
0.22128055,0.009029099114,0.6614617653,0.008546539439,0.05463643131,-0.004498466169,0.998459604,-0.947737117,-0.0491251276,-0.03056905302,1.101545839,-0.2576245429,0.0286914197,-0.3414834277,-0.04224576318,0.01649806953,1.272532881,-0.7736333478,-0.02186467725,0.006566650895,0.006550696974,-0.005721915013,0.1996833399,0.2018521158,-0.001563769821,0.5691540336,-0.003554642641,0.003238172114,-0.002629762916,0.1836686035,-0.2036071807,0.003798750287,0.5667307135,-0.0008055410408,0.005693514376,-0.003237591888
0.2232377494,0.009185095308,0.6561041771,0.008794346134,0.05734993795,-0.004249908629,0.998306357,-0.9691194508,-0.05022362651,-0.02973675971,1.132939608,-0.2717284168,0.03039793259,-0.3581556036,-0.04511953306,0.01542197451,1.309841833,-0.7790798025,-0.02052156963,0.006376600015,0.007272093764,-0.005665252449,0.1996685442,0.2020608261,-0.001598416505,0.5678239091,-0.003601850973,0.00240423973,-0.002765374194,0.1828081422,-0.2039044494,0.003295828843,0.5657437401,-0.000743469971,0.004963998286,-0.003512299133
0.2250659553,0.009288847641,0.6505359812,0.009017354625,0.06024438314,-0.004160412642,0.9981342558,-0.9918399219,-0.05114045245,-0.02887277158,1.16537789,-0.2858931213,0.03196741177,-0.3756653008,-0.0477438306,0.01455976024,1.347558005,-0.7850296949,-0.01933305705,0.00640909455,0.008002212022,-0.006337445927,0.199808308,0.202302832,-0.001625434913,0.566683465,-0.003636743952,0.001557848134,-0.002881713294,0.1821659994,-0.2043325823,0.002852418546,0.5649087922,-0.0006721264282,0.004224538862,-0.003734658519
0.2267384246,0.009321193681,0.6448730756,0.009269466498,0.06279156081,-0.004009315035,0.997975562,-1.014082317,-0.05204891801,-0.02796476396,1.197992498,-0.3001375951,0.03321854305,-0.3916713193,-0.05045664406,0.01352815784,1.384069363,-0.7918803378,-0.01833020318,0.006290386885,0.008603077714,-0.006369137476,0.1996258522,0.2025393857,-0.001583906127,0.5660943271,-0.003660070088,0.000817566309,-0.002971572307,0.1814077463,-0.2046902456,0.00235102105,0.5645855647,-0.0006090964012,0.003565272917,-0.003938546061
0.2283619368,0.009273739734,0.6389688946,0.009373042907,0.0655298092,-0.003984193919,0.9977986352,-1.037646507,-0.05246576445,-0.02706849034,1.231543632,-0.3142344701,0.03501344474,-0.4087517078,-0.0521369102,0.01327590872,1.421582238,-0.7982396571,-0.0176066862,0.006977104429,0.009069496219,-0.007492001023,0.1999406519,0.2028098779,-0.001575953408,0.565639178,-0.00370415329,0.0003264994187,-0.003100613917,0.1810388909,-0.20521042,0.001982407088,0.5643072243,-0.0005464661981,0.003103755844,-0.004127695819
0.229907089,0.009125169227,0.6329403137,0.009410814009,0.06788627469,-0.003744206694,0.9976416547,-1.060609243,-0.05278510393,-0.02621217846,1.2651061,-0.3280985917,0.03704144838,-0.4243097851,-0.05349719518,0.01294720915,1.458375251,-0.8046305808,-0.01705146406,0.007786122185,0.009217709636,-0.008213045722,0.2002748482,0.2030838017,-0.001501836386,0.5657196782,-0.003746373825,9.579391472e-06,-0.003219311947,0.1806426312,-0.2056559308,0.001600951428,0.5644945559,-0.0004959848337,0.002778900575,-0.004307053739
0.2312365425,0.008887111251,0.6268995381,0.009259869709,0.07015016979,-0.003650206767,0.9974867841,-1.083216998,-0.05223545153,-0.02562498616,1.297586857,-0.340946619,0.03939388782,-0.4394838269,-0.05500986247,0.01230173675,1.495666633,-0.8113606002,-0.0166921234,0.008304480627,0.00988395812,-0.009020557393,0.2007506019,0.2032417516,-0.001389056938,0.566289019,-0.003788643428,-0.0005063830056,-0.003434836091,0.1801840127,-0.2062225924,0.001243072162,0.5652308995,-0.0004842391581,0.002411652209,-0.004417081264
0.2323354616,0.008543324905,0.6209185705,0.00895813214,0.0720213503,-0.00357386416,0.9973564581,-1.104485113,-0.05094849807,-0.02528378671,1.328485539,-0.352803945,0.04172511028,-0.4529070722,-0.05673994774,0.01092137499,1.531302189,-0.818351923,-0.01615549389,0.008405583146,0.01095190461,-0.009122824204,0.2010629705,0.2032952088,-0.001273225995,0.567359813,-0.003822807798,-0.0009637666159,-0.003659618288,0.1796086547,-0.2067568268,0.0008104497155,0.5664789858,-0.0004872698953,0.002128208656,-0.004512484635
0.2331277178,0.008028768434,0.6151632292,0.008386946485,0.07376883006,-0.003594310283,0.9972336235,-1.1247294,-0.04815170964,-0.02486161544,1.357031128,-0.3631249963,0.04463812639,-0.4657351865,-0.05858774438,0.008316903434,1.566063262,-0.824935254,-0.0158960325,0.008181196788,0.01258990909,-0.00926543948,0.2014334075,0.2031825379,-0.001043741995,0.5688336386,-0.004005006111,-0.001531659526,-0.003977828065,0.1790564546,-0.2075193673,0.0003361933058,0.5681675901,-0.0005950157267,0.001772004365,-0.004714287113
0.2336035237,0.007336168109,0.6096698141,0.007602090706,0.07517439739,-0.003609187294,0.9971348916,-1.143419513,-0.04426117993,-0.02462690811,1.383236459,-0.3722361446,0.0474297262,-0.4769740185,-0.06058374165,0.004688783862,1.598381636,-0.8305174227,-0.01563950877,0.00757318841,0.01465568078,-0.008876576737,0.2016427459,0.2029494478,-0.0008147498893,0.5705850047,-0.004210578206,-0.002000364288,-0.00429269562,0.1785705674,-0.2084115361,-0.0002694686346,0.5701106011,-0.000723127767,0.001484810154,-0.004954387122
0.2338716264,0.006467746551,0.6041894471,0.006516927309,0.07648163397,-0.003686763064,0.9970428763,-1.162139296,-0.03951617744,-0.02495079379,1.408819237,-0.3804719869,0.04991717918,-0.4881773421,-0.06246597383,3.260697439e-05,1.631080567,-0.8335796361,-0.0155293488,0.006923411314,0.01712309332,-0.009178167258,0.2021682282,0.2026889994,-0.00065811602,0.5724789528,-0.004329184041,-0.002371075207,-0.004576459042,0.1784839751,-0.2094941376,-0.000839947659,0.5721491627,-0.0008779053064,0.001275599472,-0.005123790966
0.2339082784,0.005403214425,0.5987804569,0.005283840059,0.07738262542,-0.003719629442,0.9969805287,-1.179959495,-0.03433485943,-0.02585113541,1.433627934,-0.3881989102,0.05171730839,-0.497943016,-0.06443676519,-0.005294809429,1.662108662,-0.8335309817,-0.0154768448,0.006098795664,0.01960436329,-0.009323102568,0.2026924444,0.2024742352,-0.0005408270998,0.574540679,-0.004405303539,-0.002602512894,-0.004823249761,0.1786461073,-0.2105515238,-0.001475432057,0.5743500904,-0.001026159992,0.001159262117,-0.005272539567
0.2337418225,0.004160386887,0.5934945959,0.004009119996,0.07821527646,-0.003705616445,0.9969215445,-1.197651628,-0.02949668515,-0.02765596158,1.457676218,-0.3951122948,0.05287220422,-0.5086903012,-0.06645567305,-0.01177607955,1.691477188,-0.8286869826,-0.01515060713,0.00525207276,0.02212099246,-0.01060263372,0.2036142289,0.2022982413,-0.0004724849752,0.5768243976,-0.00443053109,-0.002690492787,-0.005054262322,0.1793144445,-0.2116821023,-0.002022176773,0.5767491813,-0.00129635344,0.001136239322,-0.005329209622
0.2333355825,0.002713967845,0.588382276,0.002805118609,0.07858048009,-0.003612465059,0.9968972813,-1.214137979,-0.02493853643,-0.03006379168,1.480680275,-0.4013510151,0.05337566522,-0.5188230276,-0.06844480193,-0.01899944902,1.718859329,-0.8217467388,-0.01469869764,0.004357281649,0.0243536021,-0.01190946449,0.2045999249,0.2022468617,-0.0003937512573,0.5792668945,-0.004435300254,-0.002641363458,-0.00525512583,0.1802545443,-0.2126729902,-0.002576888402,0.5793355948,-0.001576516738,0.00121228426,-0.005364506575
0.23271892,0.001147371295,0.5833341843,0.001795638548,0.0787771664,-0.003664666593,0.9968838969,-1.230085978,-0.02112675374,-0.03329113693,1.502718269,-0.4070997019,0.05349302323,-0.5295896362,-0.07085387643,-0.02613418742,1.746402206,-0.8141694574,-0.01458164597,0.003302459733,0.02645049228,-0.0139141392,0.2058237067,0.2022971739,-0.0002807700441,0.5817900581,-0.004458509057,-0.002528976629,-0.005438422553,0.1815188886,-0.2136722548,-0.003049260676,0.5819845636,-0.001874313799,0.001332256616,-0.005323416947
0.2318720393,-0.0005563768347,0.5784089644,0.0009280248305,0.07849885774,-0.003802893952,0.9969065182,-1.244712488,-0.01772121774,-0.03713180111,1.523614259,-0.4123614515,0.05322572274,-0.5394970246,-0.07334139213,-0.03340769851,1.773454911,-0.8074305615,-0.01441625697,0.002071920917,0.02848571668,-0.01579609478,0.2069940059,0.2024282283,-0.0001247553792,0.5844377168,-0.00448106855,-0.002333859356,-0.005593203157,0.1829753535,-0.2145621179,-0.00354370579,0.5847259029,-0.002146174488,0.001506476079,-0.005276132327
0.2308398307,-0.002340890002,0.5736179142,0.0002366513825,0.07815422265,-0.004021026111,0.9969331436,-1.25845742,-0.01502207319,-0.0415185514,1.542973941,-0.4175574371,0.05306505255,-0.5494256937,-0.07603761098,-0.04079952521,1.800025573,-0.801732676,-0.01466225293,0.0006314825234,0.03061569266,-0.01831670727,0.208263315,0.2025449265,3.913142632e-05,0.5873025931,-0.004525597955,-0.001987176274,-0.005754709562,0.1847570455,-0.2155460927,-0.003958243595,0.5875233323,-0.002495871253,0.001764045897,-0.005160697752
0.2296010266,-0.004218872161,0.5690052994,-0.0003237335151,0.07750147387,-0.004303562949,0.9969828966,-1.270883255,-0.01266764418,-0.04633129109,1.560767945,-0.4225714394,0.0526988354,-0.5583488444,-0.07867068521,-0.04818157839,1.825688974,-0.7975359535,-0.01508216902,-0.0009690237554,0.03289484993,-0.02080715237,0.2094301534,0.2026346253,0.0002131577471,0.5903068268,-0.004568777195,-0.001533989795,-0.005899003046,0.1867468705,-0.2165232448,-0.004394319121,0.5903711129,-0.002832369982,0.002079511537,-0.005045717636
0.2281801551,-0.00616964388,0.5646127668,-0.0006940851378,0.0769063146,-0.004633198637,0.9970273168,-1.282293789,-0.01076696388,-0.05141281268,1.576499525,-0.4278107306,0.05221917547,-0.5672318118,-0.08133315045,-0.05539366047,1.850425236,-0.7945868907,-0.015990483,-0.002721479358,0.03526798931,-0.02392055937,0.2106044869,0.2026501214,0.0003869425731,0.5934538873,-0.00465162934,-0.0009680126058,-0.006058142179,0.1890114619,-0.2176231766,-0.004773621752,0.5932472636,-0.003230321206,0.002465766637,-0.004890974975
0.2265526476,-0.008202367767,0.5604689635,-0.0009265949131,0.0761274956,-0.004994650574,0.9970851515,-1.292562186,-0.00902442467,-0.05668935041,1.590421563,-0.4329023512,0.051222235,-0.5752803249,-0.08383148518,-0.06234502624,1.873829237,-0.7929579548,-0.01704740193,-0.004588343019,0.03781355388,-0.02699093221,0.2116155235,0.2025851033,0.0005521461457,0.5966083381,-0.004735445657,-0.0003399279993,-0.006203636883,0.1914334697,-0.2187743174,-0.005189720098,0.596097673,-0.003604250558,0.002890237805,-0.004749308778
0.2247561298,-0.01031446927,0.5566702617,-0.0009730188704,0.07549595863,-0.005274141562,0.9971316848,-1.30188494,-0.007382395507,-0.06179738066,1.601996952,-0.4380884048,0.0497156345,-0.5830304085,-0.0862343462,-0.06902156874,1.895313718,-0.7924199638,-0.01833077663,-0.006529497534,0.04041631056,-0.03061988527,0.2125600939,0.2023944546,0.0006763244164,0.5998160432,-0.00485328273,0.0004339258439,-0.006392605995,0.1940760806,-0.2200259713,-0.005525677721,0.5989263009,-0.004088274882,0.003424558372,-0.004585921894
0.22276253,-0.0125111614,0.5532242738,-0.0008609620479,0.0747745249,-0.005493350715,0.9971849639,-1.310380205,-0.005719954496,-0.06672154835,1.611652135,-0.4426017185,0.04757856431,-0.5899945902,-0.08842030974,-0.07534142042,1.914723459,-0.7928342686,-0.01959069952,-0.008477399442,0.0431048463,-0.0341554464,0.2133204547,0.2020898738,0.000761051282,0.6028841181,-0.0049680175,0.001245752123,-0.006576614135,0.1968053944,-0.2213248482,-0.005867285083,0.6016423248,-0.004553741111,0.003993161935,-0.004436708006
0.2206586521,-0.01475402799,0.5502236188,-0.0005848132042,0.07413271568,-0.005580076621,0.9972326014,-1.318097629,-0.004077147169,-0.07125247291,1.619292687,-0.4463625502,0.0447886562,-0.5961563633,-0.09059055243,-0.08145836579,1.931100024,-0.793874915,-0.02093601128,-0.01048075729,0.04572388885,-0.03775716764,0.2138255109,0.2016548488,0.0008570481249,0.6058040229,-0.005171977945,0.002120226341,-0.006743628538,0.1995454491,-0.2226589659,-0.006138238651,0.604159456,-0.005059627424,0.004548344967,-0.0042664438
0.2184264669,-0.01704792033,0.5476546233,-0.0001353185062,0.0734431285,-0.005616484187,0.9972835824,-1.325057821,-0.002366436671,-0.07533849787,1.62505368,-0.4486234134,0.0417815558,-0.6015244349,-0.09260491654,-0.08718252565,1.944820812,-0.7954033954,-0.02219911958,-0.01239152839,0.04821867317,-0.04108851563,0.214075928,0.2011441247,0.0009407809764,0.6083773453,-0.005382802379,0.002957996915,-0.006885764204,0.2022108088,-0.2239845229,-0.006385820376,0.6063952846,-0.005523475937,0.005067219271,-0.004105522822
0.2161207245,-0.01937300652,0.5455437347,0.0005397891494,0.0729278443,-0.005459656384,0.9973221297,-1.331295,-0.0007583056443,-0.07873990589,1.628583637,-0.4495467289,0.03872146885,-0.6064936555,-0.09463609564,-0.0925610547,1.955885875,-0.7972775032,-0.0235118544,-0.01429975212,0.05046984416,-0.04442250379,0.2140672255,0.2005200149,0.001025678476,0.6106635746,-0.005701618175,0.003781880666,-0.007071679788,0.2048352071,-0.2252778337,-0.006536577115,0.6083598051,-0.006084342325,0.005531346097,-0.003983575117
0.2137310066,-0.02172684755,0.5438660783,0.001379199566,0.07246617018,-0.00518644916,0.9973564321,-1.336750904,0.0008715353974,-0.08156637645,1.629956212,-0.4485108632,0.03603676236,-0.6110150958,-0.096449677,-0.09753840542,1.964770959,-0.7995161263,-0.02477316719,-0.01607164073,0.05260611121,-0.04747050789,0.2138282392,0.1997933275,0.00107536071,0.6125145275,-0.00602102675,0.004517576543,-0.007252311551,0.2073493806,-0.2265646318,-0.006641881713,0.6099735072,-0.006613913118,0.005935713379,-0.003880682282
0.2113550462,-0.02402918069,0.5425422989,0.002415718169,0.07201362319,-0.004849643338,0.9973889328,-1.341560769,0.002098681621,-0.0838846022,1.62973141,-0.4449383037,0.03341836707,-0.6151250725,-0.09847516606,-0.1020149701,1.971903771,-0.8019161167,-0.02573920831,-0.01766600712,0.05463822385,-0.0504649508,0.2135025791,0.198984714,0.001108403146,0.6140148169,-0.006428077554,0.005284930732,-0.007458864723,0.2098558936,-0.2279221023,-0.006639223103,0.6111460319,-0.007248261381,0.006252853191,-0.003810084517
0.2089923056,-0.02627990514,0.5415515556,0.003565197029,0.07150690095,-0.004542034224,0.9974233918,-1.345478701,0.003203053056,-0.08577648254,1.627942296,-0.4388358822,0.03140893522,-0.6188109593,-0.1003723637,-0.1059940144,1.977656545,-0.8044613287,-0.02657566453,-0.01895912695,0.05673979834,-0.05327701261,0.2131661193,0.1980973643,0.001113292551,0.6151148143,-0.006820307497,0.005966296391,-0.007650323544,0.2122562033,-0.2293610888,-0.006587242218,0.6119331935,-0.007847239424,0.006487737786,-0.003745007165
0.2067226229,-0.02844638289,0.5408864637,0.004807732404,0.07100876822,-0.004057508904,0.9974558522,-1.348293415,0.003849054671,-0.08718458368,1.624970926,-0.4321965059,0.02970667234,-0.6215489559,-0.1023177504,-0.1097676014,1.981605852,-0.80736254,-0.02759750645,-0.02008916959,0.05877010882,-0.05572166912,0.2126697739,0.1971700046,0.001185324611,0.6159705496,-0.007312708104,0.006553812518,-0.007797954274,0.2145247231,-0.2308502179,-0.006518107336,0.612382315,-0.008420848739,0.006562098944,-0.003637479891
0.2045496325,-0.03052922506,0.5405184712,0.006103792422,0.07057312809,-0.00351672953,0.9974817341,-1.350176153,0.004301158735,-0.08817403165,1.620871714,-0.4252098945,0.02860165206,-0.6237559839,-0.1040488396,-0.1131402641,1.984114785,-0.8105431919,-0.02869886414,-0.02089748804,0.06080569564,-0.05796144594,0.2121731009,0.1962415176,0.001282327448,0.6164787792,-0.007786317521,0.007020948752,-0.007907990622,0.2166070441,-0.2323975033,-0.006433463524,0.6125228507,-0.008926049011,0.006549402424,-0.00351534146
0.2025622963,-0.03246294525,0.5403518064,0.007435181515,0.07017819096,-0.002913379672,0.9975025072,-1.351495461,0.004184021565,-0.08891447739,1.6164987,-0.4182063726,0.0275300272,-0.6252519456,-0.1060404506,-0.1162484554,1.98534589,-0.8139509648,-0.02969043628,-0.02168600278,0.06280453142,-0.06004207484,0.2116787651,0.1953246496,0.001454162881,0.6168311335,-0.00832984757,0.007458173274,-0.007998856419,0.2186600989,-0.2340638298,-0.006315712293,0.6124539834,-0.009485064042,0.006444930083,-0.003349946954
0.2007578586,-0.03425426613,0.5403677877,0.008779919516,0.06986296044,-0.002382830557,0.9975151136,-1.352269032,0.003860587375,-0.08938409673,1.611869921,-0.4114198487,0.02688730805,-0.6263803821,-0.1079674821,-0.1188966443,1.985616461,-0.8174925704,-0.03062586358,-0.02225535439,0.06478562312,-0.06205390965,0.2112831256,0.1944784362,0.001659519594,0.6169657124,-0.008839374597,0.00781854746,-0.008064818225,0.2206007449,-0.2358055298,-0.006199202057,0.6122295807,-0.01000246603,0.006301514616,-0.003178142866
0.1992096952,-0.03583157219,0.5405952701,0.01001324436,0.069480148,-0.001940936953,0.9975311909,-1.352817257,0.003117487786,-0.08968981946,1.609134596,-0.4053202014,0.02595433982,-0.626707169,-0.1099785668,-0.1212366393,1.984731341,-0.8208600602,-0.03106661013,-0.02292538533,0.06698993365,-0.06364842554,0.2109023549,0.1936170978,0.001963359443,0.6170707148,-0.009410441597,0.008158086153,-0.008086535785,0.2225441704,-0.2376928474,-0.006065244472,0.6119119954,-0.01055865253,0.006093092985,-0.002947290525
0.1979118666,-0.03721851224,0.5410317641,0.01122838727,0.06915564465,-0.001686084985,0.9975412659,-1.353035273,0.002235802274,-0.0895733102,1.607811058,-0.4000204774,0.02519106948,-0.626759617,-0.1119671408,-0.1230325453,1.982997514,-0.8239013122,-0.03130443247,-0.0235435531,0.0691425916,-0.06510788057,0.2106127141,0.1928922387,0.002311927348,0.6171006354,-0.009941771206,0.00844826713,-0.008081820875,0.2244266049,-0.2395541613,-0.005956486235,0.6116200922,-0.01107037736,0.005875659328,-0.002717448318
0.1968036806,-0.03852064105,0.5415980015,0.01252620977,0.06882716253,-0.001401585926,0.9975489719,-1.351616433,0.001056714026,-0.08906596223,1.605133129,-0.3956614303,0.02516472955,-0.6264315579,-0.1143105663,-0.1249425205,1.980892373,-0.826736329,-0.03264409325,-0.0243483412,0.07065406145,-0.06635021729,0.2101053639,0.1922989149,0.002817203178,0.6173490748,-0.01063391954,0.008814428112,-0.008087325751,0.2260350912,-0.2413463361,-0.005885392547,0.6115178564,-0.0117211487,0.005520423251,-0.002464721079
0.1958986554,-0.03972899323,0.5422675318,0.0138058348,0.06862760462,-0.001193027099,0.9975461029,-1.349067995,-0.0001346929656,-0.08834343678,1.601628491,-0.3925147214,0.02547003059,-0.6261204064,-0.1165537153,-0.1266070402,1.978453307,-0.8292292663,-0.03446105945,-0.02511343687,0.07178155279,-0.06772408569,0.2095700384,0.1918065205,0.003362493912,0.6176405245,-0.01130160206,0.009189333562,-0.008084146161,0.2274915413,-0.2431507373,-0.00585174931,0.611407221,-0.01234400657,0.005159326373,-0.002226574946
0.195180149,-0.04077977002,0.5432317453,0.01493324584,0.06839740706,-0.0009529736039,0.9975459311,-1.34542621,-0.001723466187,-0.08774384667,1.597619042,-0.3896594391,0.02601225628,-0.6250060755,-0.1185776768,-0.1280062662,1.974584834,-0.8312546828,-0.03591612354,-0.02636951212,0.07302189664,-0.06831468542,0.2086939966,0.191296859,0.004013675171,0.6181093486,-0.01198121939,0.009463437552,-0.008043374213,0.2287605001,-0.2450032786,-0.005889720692,0.6113011179,-0.01292483931,0.004737077993,-0.001997566446
0.194661924,-0.04168311744,0.5444575327,0.01598110726,0.06834174661,-0.0008491862865,0.9975336028,-1.341239319,-0.003343582537,-0.08709501259,1.593555533,-0.3874627564,0.02656573963,-0.6238926385,-0.1202948179,-0.1288744378,1.969537999,-0.8325782702,-0.03711615338,-0.02776199794,0.07416996293,-0.06866469774,0.2077005575,0.1908992376,0.004658039298,0.6184929341,-0.01259363584,0.0096868175,-0.007988236013,0.2299708724,-0.2468394099,-0.005982983512,0.6111222778,-0.01343081267,0.004329520421,-0.00179711888
0.194386057,-0.04244484304,0.5461836318,0.01681811836,0.06813736704,-0.000584394241,0.9975340138,-1.335239673,-0.00522257545,-0.08680502966,1.587879221,-0.3864476141,0.0274854112,-0.62121869,-0.121786255,-0.1299306453,1.96203172,-0.8329176406,-0.03895601038,-0.02962916984,0.07520374973,-0.0679828418,0.2061798472,0.1903858197,0.005401672653,0.619129943,-0.01330947115,0.009903230885,-0.007816645753,0.230969516,-0.2485872835,-0.006150750804,0.6109788402,-0.01396143656,0.003676582721,-0.001553033359
0.1943805338,-0.04306801085,0.548348983,0.01755664723,0.06812435093,-0.0003852353254,0.9975222747,-1.328406051,-0.006978015108,-0.08655249738,1.581415891,-0.3864106227,0.02840942249,-0.6182752925,-0.1229669797,-0.1305739472,1.952554851,-0.8319641713,-0.04095060429,-0.03152985486,0.07585078192,-0.06717659423,0.2045435061,0.1899184966,0.006114623396,0.6196093464,-0.01398391884,0.01010918351,-0.007618483768,0.2319662887,-0.2502335784,-0.00630609085,0.6106740038,-0.01444246617,0.002992115764,-0.001314097059
0.1946055268,-0.04353153207,0.5511275292,0.01806414828,0.06802918694,9.950141892e-06,0.9975197823,-1.32021285,-0.009235881148,-0.08599551088,1.573571298,-0.3850921696,0.03100729317,-0.6138570587,-0.123500824,-0.1310353021,1.940049221,-0.8297849741,-0.04267515718,-0.03370587785,0.07645951611,-0.06527261195,0.2024830826,0.1893229035,0.006887719229,0.6202108724,-0.01469730957,0.01020126089,-0.007398330291,0.2326456042,-0.2517467844,-0.006487558549,0.6103507904,-0.0149043181,0.002099066933,-0.001079184795
0.1950923079,-0.04384449059,0.5544501576,0.01851607241,0.06821442249,0.000334260179,0.9974987899,-1.311513047,-0.01157316699,-0.08481108661,1.565519795,-0.3830610442,0.03388022203,-0.6093828108,-0.1235246066,-0.1307961066,1.925193397,-0.8260752819,-0.04415640494,-0.03569302779,0.07659805476,-0.06324465689,0.2004567363,0.1888222487,0.00761299935,0.6205138198,-0.01535153607,0.0102346737,-0.007189642081,0.2331966144,-0.2530688777,-0.006589765917,0.6098326303,-0.01531178368,0.00120795075,-0.0008578041143
0.19580377,-0.04402432365,0.5584546296,0.01890123799,0.06826537498,0.0007298215876,0.9974878692,-1.299989187,-0.01400628143,-0.0836916352,1.553843162,-0.3804482414,0.03727341429,-0.6029471692,-0.1231547206,-0.1303703994,1.906915006,-0.8213543168,-0.04613498293,-0.03782209219,0.07631873872,-0.0600006762,0.197971943,0.1883159249,0.008402781862,0.6209192221,-0.01596512682,0.01018018161,-0.006838756754,0.2332549964,-0.2540650864,-0.006801789489,0.609283347,-0.01559049214,0.0001424868036,-0.0006340717871
0.1967987457,-0.04405714719,0.5630266775,0.01927153272,0.06866594119,0.0009122782189,0.9974531389,-1.287255346,-0.01608442516,-0.08245936691,1.539913211,-0.3773033151,0.04082432937,-0.5963211694,-0.122326225,-0.1292149535,1.886003501,-0.815340362,-0.04820511657,-0.03958602269,0.07553241399,-0.05688518088,0.195680115,0.1879423155,0.00913999722,0.6208978713,-0.01650647404,0.01007659881,-0.006473199544,0.2331832843,-0.2548990615,-0.006910712717,0.6083372299,-0.01579756864,-0.0009064824401,-0.0004135728898
0.1980119825,-0.04393787599,0.5683128653,0.01957309936,0.06891876168,0.001296071068,0.9974294052,-1.271675477,-0.01826211492,-0.08044141614,1.521959772,-0.3733266785,0.0447976693,-0.5873762577,-0.1208012871,-0.1275014839,1.861264007,-0.8085891588,-0.04991683801,-0.04123478255,0.07448703806,-0.05242189598,0.1929257703,0.1874816182,0.009851118361,0.6209040046,-0.01689126562,0.009789840018,-0.00601433707,0.2324827253,-0.2554155768,-0.007190261721,0.6073988881,-0.01577786998,-0.002037373586,-0.0002454583187
0.1995133307,-0.04365195368,0.5741753804,0.01986018035,0.06959028904,0.001572623123,0.997376705,-1.255231912,-0.02013423689,-0.07776398281,1.501808318,-0.3689138618,0.04888943079,-0.5781918168,-0.1186427014,-0.1248663701,1.833627278,-0.8007175148,-0.05134780657,-0.04226967745,0.07309279502,-0.04818410428,0.1904806598,0.1870956182,0.01045559347,0.6203526466,-0.0171945638,0.009416576816,-0.005573238058,0.2315673318,-0.2558178,-0.007351226526,0.6060387432,-0.01568836773,-0.003112875318,-8.909548073e-05
0.2011661859,-0.04320639037,0.580845007,0.02021208237,0.06998718002,0.002316713983,0.9973404129,-1.235261689,-0.02230147144,-0.0744616234,1.474504822,-0.3631606445,0.05196683568,-0.5659820545,-0.1162972536,-0.1217498743,1.801552027,-0.7913897205,-0.05226655553,-0.04286304663,0.07145701114,-0.04198640805,0.1873452454,0.1865305428,0.01095551217,0.619806668,-0.01735566929,0.008817114761,-0.005167684563,0.2296183843,-0.2558330267,-0.007826262402,0.604836137,-0.01542303516,-0.004247569768,-0.0002716348663
0.2030703706,-0.04256675427,0.5881422418,0.02057521662,0.07081720078,0.003085590154,0.9972723117,-1.214455576,-0.02413079913,-0.07060878304,1.443527448,-0.3567195342,0.05477337768,-0.5534947519,-0.1134489389,-0.1176698082,1.766303323,-0.779314617,-0.05289082427,-0.04235697352,0.06978592972,-0.03582830347,0.1845833763,0.1858773217,0.01129331567,0.6185629241,-0.01746507308,0.008115562829,-0.004820235456,0.2271912305,-0.2558778854,-0.008183239206,0.6031316021,-0.0151266989,-0.005307926601,-0.0005176436626
0.205175315,-0.04182044168,0.596130464,0.0207503353,0.07146475145,0.004258345303,0.9972181704,-1.190862925,-0.02549424178,-0.066453474,1.407449789,-0.3505431916,0.05673225792,-0.53842529,-0.1097559469,-0.1133751295,1.727199836,-0.7670394949,-0.05280979674,-0.0411064748,0.0681655747,-0.02833840819,0.1813824983,0.1850730637,0.01135080711,0.6173703775,-0.01719205607,0.007427447304,-0.00449621772,0.2238354664,-0.2555591149,-0.008762349868,0.6016319033,-0.01449959917,-0.006175105933,-0.0007678487109
0.2075750668,-0.04093173315,0.6046214101,0.0207792564,0.07262228455,0.005486375857,0.9971279386,-1.167112722,-0.02619862426,-0.0619267697,1.369136739,-0.3435318121,0.05868197993,-0.5233501417,-0.1053022273,-0.1084735791,1.685396035,-0.7536965268,-0.05241892566,-0.03871414011,0.06660224279,-0.02146175229,0.1788094688,0.1842211341,0.0111906263,0.6155561593,-0.0168404792,0.006726631714,-0.004227877434,0.220070575,-0.2552750397,-0.009118665954,0.5996809929,-0.01383552005,-0.006899117334,-0.0009521644125
0.2102454588,-0.03991839413,0.6136489663,0.0209065923,0.07349553483,0.007003468879,0.9970517901,-1.140869428,-0.02674707716,-0.05689534192,1.327720849,-0.3341082023,0.05953747752,-0.5054377174,-0.1010043868,-0.1032290155,1.639850294,-0.7396226692,-0.05146634395,-0.03594003419,0.06462855607,-0.01357765194,0.1759478173,0.1832324443,0.0106636344,0.6138067327,-0.01616042062,0.005994859426,-0.004070753798,0.2154696691,-0.2545453754,-0.009731046007,0.5980219813,-0.01282901117,-0.007356999277,-0.001354380673
0.2132718954,-0.03874228333,0.6230092107,0.02107397668,0.07485120076,0.008444763625,0.9969362423,-1.114950927,-0.02681945613,-0.0512447629,1.285277084,-0.3230391541,0.06057194219,-0.4875150188,-0.09652559487,-0.09708671594,1.59177599,-0.7237733124,-0.05042014283,-0.03230722563,0.06245968307,-0.006772727609,0.1738334213,0.1821751813,0.009878750009,0.611462707,-0.01546121238,0.005231891868,-0.003995210626,0.2106145654,-0.2538357739,-0.01014316628,0.5959192649,-0.01182092074,-0.007685317408,-0.001751498648
0.2166969978,-0.03743868515,0.6326696624,0.02144762688,0.07590035613,0.01001706993,0.9968343862,-1.087058708,-0.0265510293,-0.04458215172,1.24097148,-0.3096478081,0.06166418791,-0.4665578802,-0.09251382598,-0.09037777453,1.540298428,-0.7067742909,-0.04891862702,-0.02843759879,0.05972679594,-9.702115618e-06,0.1718356335,0.1811265765,0.008631381239,0.609252355,-0.01439352644,0.004489583082,-0.004106226913,0.2054433024,-0.2527182561,-0.01076844783,0.5942205697,-0.01052068942,-0.007619297735,-0.002383907817
0.2205800083,-0.03597412992,0.6424231224,0.0219232772,0.07739218524,0.01142201682,0.9966942144,-1.060021096,-0.02573729907,-0.0372515665,1.196690933,-0.2956785162,0.06345088394,-0.4454284051,-0.08848861173,-0.08259026615,1.48695763,-0.6878855248,-0.04740442773,-0.02395595631,0.05670357226,0.00476381032,0.1708510187,0.1801329684,0.007126912794,0.6065494872,-0.01333401007,0.003739462511,-0.004309109953,0.2004709395,-0.2516166734,-0.01119053472,0.5922101431,-0.009265880068,-0.007416620853,-0.002997175287
0.2248842979,-0.03448144084,0.6520906201,0.02265672529,0.07862700688,0.01295289674,0.9965624361,-1.031831512,-0.02410814856,-0.02879471046,1.149150824,-0.2801468156,0.06531576274,-0.4217368928,-0.08472522426,-0.07401381263,1.431982653,-0.6684085097,-0.04537890611,-0.01862531451,0.05274931541,0.008554186222,0.1705743683,0.1796472962,0.005203623489,0.603966385,-0.01183467997,0.003116020549,-0.00460216388,0.1956411318,-0.2498844461,-0.01174514628,0.5906828071,-0.007656442798,-0.006742423858,-0.003613051662
0.2296400889,-0.03290854281,0.6614750518,0.02345480774,0.08019288321,0.01444293939,0.9963987028,-1.005244908,-0.02186389004,-0.02022874213,1.101388957,-0.2650588594,0.06781005541,-0.3979833952,-0.08078561217,-0.06444563707,1.376898431,-0.6478079589,-0.04339680239,-0.01240270746,0.04839115332,0.009902481836,0.1717205429,0.1795519538,0.003204663949,0.6010114682,-0.01036625498,0.00250691413,-0.004928268473,0.1912683745,-0.2480713353,-0.01201496269,0.5889290065,-0.006106830607,-0.00594397667,-0.004126011233
0.2347678141,-0.03130164712,0.6706015119,0.02458015936,0.0816824276,0.01600528342,0.9962266949,-0.9769589627,-0.02081101463,-0.01201839302,1.048996245,-0.2509794112,0.07063279391,-0.3733971535,-0.07722999681,-0.05388522756,1.321934026,-0.6264019781,-0.04126995751,-0.005316662702,0.04291600718,0.010163544,0.1738112888,0.1802042679,0.0009373838463,0.5980765037,-0.008539634319,0.001858058741,-0.005398125313,0.1871560595,-0.2456565029,-0.01241508419,0.5875789766,-0.004243253122,-0.004831392652,-0.004753719469
0.2402809068,-0.02960561826,0.6792955128,0.02572342137,0.08356359708,0.01745450941,0.9960174551,-0.9498693108,-0.02035706379,-0.004720170689,0.9971048872,-0.2388197021,0.07368366502,-0.3499387889,-0.07361223901,-0.04239562375,1.268427996,-0.6036137756,-0.03952523409,0.00268087546,0.03709302044,0.008215871471,0.1773977782,0.1813992725,-0.001220700403,0.5948154595,-0.006803589637,0.001151377278,-0.005888287762,0.1834734506,-0.2432277111,-0.01255096624,0.5859879078,-0.002479695919,-0.0036949451,-0.005315937141
0.2460781969,-0.02786777209,0.6875892193,0.02699943968,0.08555562609,0.01862427638,0.9957933528,-0.9210388476,-0.02075310493,0.001546935313,0.9428357146,-0.2281624881,0.07757489877,-0.3273743302,-0.07058624571,-0.03039939616,1.216755763,-0.579519819,-0.03758777846,0.01112438932,0.03047622001,0.005406144186,0.1818636134,0.1834558044,-0.003347992644,0.5913899348,-0.004870834889,0.0003370920145,-0.006469990856,0.1799476918,-0.2404296453,-0.01267345605,0.5847911799,-0.0005345014841,-0.002248455909,-0.00587329565
0.2521593951,-0.02604384827,0.6953525218,0.02811453572,0.08802647885,0.01950582173,0.995530228,-0.8931156914,-0.02144201043,0.006881123759,0.8913610032,-0.2193817,0.0811544686,-0.3070561192,-0.0678413882,-0.01839072349,1.167876127,-0.5537157693,-0.03595045106,0.01987993692,0.02379710922,0.0008565116792,0.1874443584,0.1861390385,-0.005185960686,0.5877313156,-0.003087360467,-0.0005442894588,-0.007030270527,0.1767843301,-0.2377058281,-0.01256156861,0.5834393522,0.001259984547,-0.0008190769711,-0.006339996954
0.2584100203,-0.02409924517,0.7026544546,0.02953672935,0.09064043242,0.02004972711,0.9952436396,-0.8646405626,-0.02334378375,0.01272600773,0.8418738086,-0.2108444379,0.08420674611,-0.2888152958,-0.06708735899,-0.006964999125,1.122408428,-0.5260661981,-0.0343357882,0.02840179515,0.01632672226,-0.003724842649,0.1935651011,0.1895716181,-0.006854657706,0.5839463377,-0.001242475411,-0.001567382905,-0.007603155073,0.1735418084,-0.2347939258,-0.01246783455,0.5822475765,0.00315797579,0.000668907007,-0.006738037848
0.2648135684,-0.02200418326,0.7094094169,0.03084809574,0.09366749378,0.02034973177,0.9949174257,-0.8378264831,-0.02581229996,0.01858323032,0.7965382231,-0.2044631971,0.0867519399,-0.2733249752,-0.06729905332,0.003691845455,1.080770665,-0.4965887706,-0.03308279572,0.03657162161,0.009078459054,-0.008984473258,0.2001804929,0.1934403879,-0.008206500468,0.5801698513,0.0004250159196,-0.002620852311,-0.008123135519,0.1704461044,-0.2320820757,-0.01227788902,0.5807945333,0.004887560642,0.002005815971,-0.007058584044
0.2711717714,-0.01986509632,0.7154009293,0.03229313275,0.09687431525,0.02021506987,0.994567178,-0.811481012,-0.02904845236,0.02485316473,0.7531558314,-0.1997829704,0.08937712935,-0.2619770702,-0.06851019971,0.01417546849,1.046017903,-0.4659831587,-0.03161243144,0.04484948108,0.001393714236,-0.01390965568,0.2068885521,0.1977779065,-0.009424676181,0.5763117626,0.002195092948,-0.003921665889,-0.008661815921,0.1670557005,-0.2292884748,-0.01226138599,0.5793148793,0.006753494256,0.003424860941,-0.007456157406
0.2774553251,-0.01766340355,0.7206105231,0.0334778656,0.1002433883,0.0200933008,0.9941965374,-0.7876096894,-0.03279011868,0.03048037729,0.7134452338,-0.1963473366,0.09167596791,-0.2539047189,-0.07011475663,0.0233795657,1.017465696,-0.4347062046,-0.03028652018,0.05250004004,-0.005675883791,-0.01846749967,0.2133848112,0.2022179376,-0.01038816828,0.572684449,0.003810129975,-0.005242076402,-0.009152094734,0.1634540296,-0.2267587496,-0.01233598901,0.5776454998,0.008465815005,0.004687345263,-0.0078502728
0.2836308935,-0.0153103207,0.7253239177,0.03489794322,0.1037723706,0.02013967604,0.9937845954,-0.766568581,-0.03900457417,0.03527141759,0.6772429474,-0.1926675633,0.09413256436,-0.2500255418,-0.07365956415,0.03075134722,0.99563638,-0.4015702464,-0.02929728752,0.05871976914,-0.01295765022,-0.02172651055,0.2190374462,0.2067419647,-0.01099232916,0.5693868286,0.005239353219,-0.006598400533,-0.009473604709,0.1592799514,-0.2242347906,-0.01249178343,0.576022605,0.01005943839,0.005699280864,-0.008073667113
0.2897089312,-0.01280657265,0.7295568082,0.03619215888,0.1073374333,0.02042123321,0.9933538022,-0.7487294698,-0.04637025358,0.03896088432,0.6457774541,-0.1892862691,0.09663341519,-0.248944418,-0.07794876531,0.03669806544,0.9793893513,-0.3672004855,-0.02872861637,0.0636724703,-0.01958278971,-0.02354634206,0.2236155049,0.2110986551,-0.01132178474,0.5666572595,0.006463178028,-0.007819123607,-0.009698239047,0.154792766,-0.2218965071,-0.01270529003,0.5743494533,0.01144900914,0.006466250517,-0.008233068692
0.2955941677,-0.01016117564,0.7332509545,0.03747470004,0.1111072428,0.0202672913,0.9928947902,-0.7329038373,-0.05538576589,0.04056158228,0.6164111561,-0.186592523,0.1005937911,-0.2525641563,-0.08331793029,0.0414162432,0.9703787396,-0.3317959857,-0.02832563391,0.06803844634,-0.02543765419,-0.02420977717,0.227327027,0.2153568176,-0.01143649066,0.5643903004,0.007673555801,-0.008978673686,-0.009658197461,0.1500888926,-0.2196707929,-0.01295148926,0.5726319324,0.01272585889,0.007050776175,-0.008169265847
0.3013186666,-0.007379759813,0.7364272474,0.03842139923,0.1148383133,0.01993005354,0.9924408047,-0.7191765132,-0.0650218176,0.03984295799,0.5900967795,-0.1847066909,0.1050680412,-0.2587130683,-0.08879674797,0.04496248607,0.9666421787,-0.2959822365,-0.02814154554,0.07154988243,-0.02973510016,-0.02340909097,0.2300842078,0.2193091448,-0.01138383041,0.5626866727,0.00875465591,-0.009960928227,-0.009526022981,0.1453508797,-0.2176515773,-0.0131938888,0.5709413962,0.013832962,0.007463627148,-0.008044186277
0.3067989544,-0.004551942397,0.7389798902,0.03915307195,0.1186729482,0.01939379573,0.9919715969,-0.7078335577,-0.07677952789,0.03545132772,0.5669273264,-0.18470588,0.110581581,-0.2688522222,-0.09487929088,0.04706161051,0.9697210613,-0.2607697387,-0.02839667717,0.07405907512,-0.0330008929,-0.02164649765,0.2321546388,0.2226452925,-0.01110904347,0.5612298455,0.0092498022,-0.01108463714,-0.009684384774,0.1408658221,-0.2159208083,-0.01320697057,0.5690175477,0.0144226694,0.007492566327,-0.008012683438
0.3120724314,-0.001713755656,0.740979604,0.03951363873,0.1223250995,0.01880697002,0.9915248561,-0.6985200154,-0.089285966,0.02787898881,0.5469898598,-0.1845394826,0.1163327821,-0.2805982267,-0.1007973054,0.04810968487,0.9772892371,-0.2273849078,-0.02881350962,0.07551560265,-0.03492619976,-0.01843803734,0.2333261671,0.2253853684,-0.01078220045,0.5602348429,0.009515680637,-0.01211350408,-0.009919836219,0.1366803557,-0.2142872412,-0.01315714028,0.5672596711,0.01478847114,0.007314702102,-0.008020029382
0.3172512014,0.001074138049,0.7425562984,0.03920490213,0.1257853115,0.01804532555,0.991118256,-0.6901295243,-0.1023052026,0.01646570693,0.5285024472,-0.180759876,0.1228830906,-0.2961881181,-0.1048103158,0.04789116978,0.9947955915,-0.2037656181,-0.0291091688,0.07654045724,-0.03504529693,-0.01529574275,0.2344773312,0.2275763868,-0.01033686615,0.5598330262,0.009815284327,-0.01279691871,-0.009676015712,0.1331706943,-0.2129263588,-0.01290566417,0.5655173871,0.01494708604,0.006926522704,-0.007741617986
0.3223619297,0.003766130321,0.7438291561,0.03837112054,0.1287392585,0.01739848822,0.9907831009,-0.6825635531,-0.1151228889,0.002064906708,0.5125192372,-0.1736391869,0.1292124641,-0.312924781,-0.1073710857,0.0462110237,1.016412086,-0.1851979066,-0.02934777426,0.07677364316,-0.03370557737,-0.01147245024,0.2352398584,0.2293301292,-0.009834393001,0.5602839013,0.01009707911,-0.01317849152,-0.00928905411,0.1302569589,-0.2114868094,-0.01264195636,0.5643461309,0.01502145547,0.006467953131,-0.007407239595
0.3273586433,0.006259965066,0.7451763927,0.03679146469,0.1314129629,0.01677708963,0.9905026757,-0.6746035845,-0.1243180592,-0.01277422794,0.4967377543,-0.1619257327,0.1341585878,-0.3309522983,-0.1076024156,0.04334016077,1.04088775,-0.1722009487,-0.02774470459,0.07576811868,-0.03049299134,-0.006709642886,0.2357412346,0.2306553255,-0.009046775354,0.5610776959,0.01002777001,-0.01351580851,-0.00882822505,0.1280694608,-0.2103287293,-0.01229634098,0.5634430495,0.01479705688,0.00558224275,-0.007102401739
0.3322835469,0.008552426015,0.7466532751,0.03478346915,0.1337524343,0.01652719728,0.9902662512,-0.6665038654,-0.1309691775,-0.02723782405,0.4820989561,-0.1483934781,0.1379172127,-0.3490386359,-0.1065717709,0.03896013208,1.064719127,-0.1624292037,-0.02567411655,0.07325425943,-0.0260815918,-0.0009367874463,0.2356609562,0.2316919931,-0.00829139754,0.5623000201,0.009864365319,-0.01369436816,-0.008399495176,0.1269410995,-0.2092824897,-0.0121016355,0.5629517442,0.01450731963,0.004607195183,-0.006867846968
0.3371788302,0.01061890141,0.7483585025,0.03287897461,0.1359369033,0.01647279974,0.9900347359,-0.6573446506,-0.1364430272,-0.04086134967,0.466944237,-0.1340611673,0.1407807359,-0.367956137,-0.1050354871,0.03332198936,1.087683091,-0.1567706092,-0.02370173437,0.06959638307,-0.02169707661,0.005439563649,0.2353578496,0.2327367366,-0.007432633935,0.5638051291,0.009633998609,-0.01389059067,-0.007820155006,0.1264138269,-0.2080722383,-0.011923128,0.5627573429,0.01417475862,0.00348639179,-0.00655095575
0.3420749124,0.01247787408,0.7502929132,0.03107498602,0.137936152,0.01671647157,0.9898123675,-0.6473636322,-0.1408973044,-0.0535236135,0.4518396381,-0.1211603488,0.1429598455,-0.3870520402,-0.1029801085,0.02666041224,1.108333555,-0.1530363405,-0.02193038137,0.06498320971,-0.01728279492,0.01238227725,0.2346493314,0.2337378553,-0.006676663132,0.5655007118,0.009414765254,-0.0139765775,-0.007265137723,0.1268090257,-0.2068381293,-0.01184663654,0.5627582399,0.01387117664,0.002425305727,-0.006261355532
0.3470088499,0.01420088565,0.7522912394,0.02945532541,0.1399322791,0.01703257529,0.9895762893,-0.6365202356,-0.1443978384,-0.06484362793,0.4357845953,-0.1087902241,0.1447599812,-0.406615461,-0.1008129082,0.01966480917,1.12732009,-0.1511066315,-0.02005663217,0.06011580167,-0.01288918319,0.01923389375,0.2340009935,0.234616718,-0.005911680705,0.5671665248,0.008972072938,-0.01414744129,-0.006827025508,0.1279282405,-0.2058087293,-0.0116958657,0.5626201455,0.01344452578,0.00123579379,-0.006060259579
0.3520069644,0.01581955236,0.7543193266,0.02788836379,0.1418475449,0.01749712035,0.9893408735,-0.6249061872,-0.1471052038,-0.07518476646,0.4193625844,-0.09857888567,0.1466473499,-0.4260377234,-0.09831473225,0.01230597395,1.143872054,-0.1499956555,-0.01832727597,0.05509117493,-0.00813220381,0.0260045574,0.233359603,0.2352557068,-0.005297262177,0.5686965044,0.008513804167,-0.01428621905,-0.006483826469,0.1299185653,-0.205182051,-0.01159284205,0.5623235659,0.01303021274,9.180345021e-05,-0.005912877683
0.3571064517,0.01736328241,0.7562367721,0.02633328108,0.143794498,0.01782701026,0.9890965061,-0.6129343341,-0.1490009358,-0.08490721936,0.4027549752,-0.09029169677,0.148075488,-0.445641018,-0.09588069541,0.005066656395,1.15820669,-0.1491086175,-0.0162782723,0.05060517389,-0.003161610783,0.03206018471,0.2333448329,0.2357724945,-0.004810500922,0.5700248594,0.008075448852,-0.01449859637,-0.006236982792,0.1325055607,-0.2049754545,-0.01146829232,0.5617718634,0.01264065293,-0.001053534114,-0.0057410936
0.3623124519,0.01884163294,0.7580203272,0.02475174726,0.1456525386,0.01815450944,0.988859496,-0.6005996299,-0.1503238627,-0.09426426814,0.3864536922,-0.08463598514,0.1493229647,-0.4648700001,-0.0934731308,-0.002095300146,1.170175577,-0.1484551624,-0.01433560983,0.04650626067,0.002170742215,0.03761570175,0.2338214173,0.2361208557,-0.004477366924,0.5711505015,0.007694108933,-0.01470009394,-0.006057629551,0.1356305278,-0.205233541,-0.0114227343,0.561079653,0.01230151904,-0.002118434383,-0.005581579507
0.3676131364,0.02026734793,0.7595753857,0.02315660692,0.1472984569,0.01838037192,0.9886501394,-0.5884239816,-0.1512499549,-0.1038278813,0.37160986,-0.08168963688,0.148517215,-0.4837288553,-0.09146256529,-0.008789102222,1.179917679,-0.1480361606,-0.01222073808,0.04336975523,0.007727541941,0.04274571824,0.2348672588,0.2362861643,-0.004262798299,0.571997328,0.007292420748,-0.01510693236,-0.006000094626,0.1387409532,-0.2059043146,-0.01148576452,0.5601989439,0.01203809112,-0.003216182541,-0.005536192604
0.3730041382,0.02161971622,0.7609230777,0.02169244506,0.1486877536,0.01866824205,0.9884699725,-0.5764442719,-0.1521831044,-0.1132071157,0.358448665,-0.08125054316,0.1463819097,-0.5019759123,-0.09007320412,-0.01481493671,1.187613023,-0.1478311502,-0.01027034328,0.04087395446,0.01317886798,0.04759225166,0.2362738093,0.2363576385,-0.004132591508,0.5726977022,0.006930038585,-0.01554912971,-0.00599384145,0.1416968053,-0.2068152887,-0.01170007701,0.5593575767,0.01182495913,-0.004245300839,-0.005549002977
0.3784660656,0.02288368873,0.7620506252,0.02022977695,0.149913412,0.01888936455,0.9883116497,-0.5655422149,-0.1528146775,-0.1225902324,0.3479607118,-0.08294067261,0.1418812118,-0.5202230075,-0.08892186888,-0.01956829039,1.19298524,-0.1481037013,-0.008188051239,0.03962054152,0.01856152648,0.05192215581,0.238150127,0.2364142993,-0.004114615755,0.5732251198,0.006668825756,-0.01611809998,-0.006101185335,0.1442872636,-0.2079023251,-0.01205751746,0.5585791078,0.01171294509,-0.00518256971,-0.005617530917
0.383991819,0.0240315221,0.7629995348,0.01897663465,0.1508418996,0.01923756727,0.9881885066,-0.5552036659,-0.1536736907,-0.1314899736,0.3398933858,-0.08635562257,0.1361225252,-0.5380651731,-0.08848211347,-0.02304099169,1.196485279,-0.1486540871,-0.006298364392,0.03914455815,0.02342809159,0.05612441993,0.2402634524,0.2365492743,-0.004108731614,0.5737415891,0.006468526353,-0.01667305748,-0.00623520817,0.1463259275,-0.2089582011,-0.01252797921,0.558041139,0.01164230142,-0.005988896774,-0.005715504938
0.3895735085,0.02505950507,0.7637541963,0.01784370243,0.1515444155,0.01979249412,0.9880911646,-0.5460354184,-0.15457413,-0.1397106908,0.3347947621,-0.09088555583,0.1289392139,-0.5555697374,-0.08796826153,-0.0251027887,1.197969044,-0.1492302407,-0.004047534141,0.03954476193,0.02801695793,0.05996022519,0.2426722807,0.2367293987,-0.004179359012,0.5740430919,0.006315713961,-0.01740205565,-0.006548718222,0.1478238013,-0.2099658322,-0.01308714802,0.557676219,0.01164652091,-0.00668214095,-0.005972051359
0.395217754,0.02595096973,0.7643483711,0.01699703945,0.151901617,0.02062628265,0.9880341876,-0.5372346196,-0.1559670511,-0.1471592896,0.3320609987,-0.0964052898,0.1212885469,-0.5724358614,-0.08785848101,-0.02586026832,1.198030607,-0.1499052929,-0.001959789819,0.04058109634,0.0319733275,0.06373083505,0.2452170996,0.2370042742,-0.004239621518,0.5743115915,0.006195708005,-0.018130125,-0.006888926441,0.1486887087,-0.2107957097,-0.01368177819,0.5575610124,0.01167244635,-0.007243714128,-0.006268260601
0.4009574037,0.02673459495,0.7647282867,0.01631117432,0.1519574117,0.02152811651,0.9880179304,-0.5293805131,-0.1574579341,-0.1538472227,0.3325108338,-0.1028293835,0.1118905394,-0.5889641451,-0.0873570288,-0.02551406509,1.195589766,-0.1507155962,0.0003783688694,0.04224511922,0.03568793169,0.06685677436,0.248203066,0.2374513394,-0.004352522524,0.5743638781,0.006178743518,-0.01889943647,-0.007277656086,0.1492990844,-0.2115175228,-0.0142531841,0.5575924867,0.01181448226,-0.007618366236,-0.006566447453
0.4067964547,0.02739292897,0.7649275788,0.0160067754,0.1515688356,0.02249167813,0.9880611295,-0.5214396206,-0.1595394401,-0.1595607284,0.3352890313,-0.110239593,0.1020598123,-0.6049644916,-0.08706660142,-0.02411949304,1.191716411,-0.1516920041,0.002502518324,0.04442021137,0.03866544143,0.0697342001,0.2514454533,0.2381348974,-0.004405127402,0.5744142424,0.006196343058,-0.01961841845,-0.007639467629,0.1495317082,-0.2119790231,-0.0147715695,0.5578680698,0.01197452598,-0.007859272365,-0.006840824213
0.4126713438,0.02795824523,0.7650221109,0.01610702244,0.1508866718,0.02345635783,0.9881414754,-0.5143857622,-0.1614678938,-0.1633193001,0.3403772989,-0.1162889064,0.08716369455,-0.6199566742,-0.08656471754,-0.02215622009,1.185932155,-0.1521923561,0.005110366988,0.04606876593,0.04122229238,0.07166565454,0.2550286769,0.2391105948,-0.00447850198,0.5743316947,0.006136567412,-0.02025784779,-0.008258158072,0.1497686092,-0.2121756773,-0.01514488977,0.5585032429,0.0119907113,-0.007779518209,-0.007278835132
0.4186021908,0.02845738413,0.7650183898,0.01667881382,0.1497620206,0.02424612952,0.9882840075,-0.5069513246,-0.1639097213,-0.1652018225,0.3470399022,-0.1221902301,0.0710573889,-0.6338040775,-0.0860798834,-0.01966854503,1.179333435,-0.1526606074,0.007542437922,0.04756947977,0.04327198489,0.07296226871,0.2587907314,0.2402249882,-0.00455997721,0.5743282586,0.00606642264,-0.02079827042,-0.008906327706,0.1501289184,-0.2121982761,-0.01543549657,0.5593675358,0.01196278315,-0.007543641255,-0.007727521695
0.4245868645,0.02887259753,0.7649959634,0.01756629147,0.1485822769,0.0248998824,0.9884304367,-0.4994883103,-0.1665966685,-0.1656012591,0.3545261448,-0.1284657945,0.05398225674,-0.6470783813,-0.08440335241,-0.01736273693,1.170315898,-0.1527318408,0.009551446694,0.04866683003,0.04518709227,0.07310147841,0.2628025964,0.2412718849,-0.004645064842,0.574421378,0.00585935812,-0.02125074021,-0.009659201197,0.1509106449,-0.2121785668,-0.01545634125,0.5603944452,0.01176144903,-0.007175846909,-0.008184642915
0.4306321924,0.029218532,0.7649336179,0.01882574138,0.1471889278,0.02533200161,0.9886047242,-0.4911584108,-0.1697875889,-0.1644678396,0.362166061,-0.1355955838,0.03832921645,-0.6597026443,-0.08198443834,-0.01550552353,1.160443849,-0.1529036848,0.01119756241,0.04955183341,0.04688945734,0.07242399048,0.266977456,0.2422149968,-0.004762963715,0.5745944861,0.005636552812,-0.02160416203,-0.0103759193,0.1521784756,-0.2121478332,-0.0153383659,0.5614324309,0.01152878731,-0.00676587155,-0.008584415579
0.436787291,0.02950243061,0.7648362308,0.0202192664,0.1460256123,0.02553795563,0.9887444132,-0.4832579508,-0.1730606622,-0.1616536373,0.3703036738,-0.1437818551,0.02441362147,-0.6725260669,-0.07796070809,-0.01441597299,1.148918911,-0.1525112481,0.01289431641,0.04985240956,0.04884137951,0.06966821557,0.2716141787,0.2429402032,-0.004963239204,0.5749293628,0.005277474624,-0.02166229651,-0.01120073259,0.1544215453,-0.2122478304,-0.01481542777,0.5624232531,0.01102627062,-0.006197553993,-0.008891793448
0.4430384313,0.02972331089,0.7646905493,0.02184435689,0.1447624044,0.02554411234,0.9888954286,-0.4746892684,-0.17650739,-0.1570079883,0.3783023538,-0.1529836036,0.01311853799,-0.6850105161,-0.07300922453,-0.01443675438,1.137177537,-0.1522011035,0.01441957441,0.04958675551,0.05089912797,0.06567569479,0.2764495905,0.2434781091,-0.005262354252,0.5753827485,0.004920493346,-0.02156719934,-0.01199066036,0.1575561526,-0.2124197257,-0.01416231577,0.5633277747,0.01049469406,-0.005623775322,-0.009118781361
0.4493882761,0.02992614035,0.7644225418,0.02331842084,0.1438130103,0.02534157888,0.9890054973,-0.4675195774,-0.1795399382,-0.1504183708,0.3877230459,-0.1633952985,0.004087715096,-0.6982200236,-0.0673008386,-0.0161009342,1.123795962,-0.1512828859,0.01612924198,0.04830016509,0.05381946056,0.05949638757,0.2816483345,0.2437085411,-0.005653090141,0.5758538596,0.004388998623,-0.02112557104,-0.01281218812,0.1619435468,-0.21292647,-0.01316151733,0.5639347387,0.009695901415,-0.004957118793,-0.009237424901
0.4558136861,0.03007730986,0.7640436641,0.02488028082,0.1427092211,0.02495202016,0.9891372233,-0.4601156475,-0.1823150201,-0.1416397044,0.3977249709,-0.1748207662,-0.002544624424,-0.7113574834,-0.06139560627,-0.01909690288,1.11035262,-0.1505071977,0.0177311111,0.04606079457,0.05709013757,0.05239279024,0.2867493857,0.243814531,-0.006135479154,0.5763777693,0.003866801114,-0.02056425072,-0.01357750996,0.1673559034,-0.2135253196,-0.01216561025,0.5644427146,0.008900664309,-0.004353013164,-0.009301048516
0.4623166735,0.03018060523,0.763552398,0.02611765507,0.141882239,0.02439235376,0.9892382481,-0.4545489751,-0.1841497109,-0.1309267389,0.40985533,-0.187166826,-0.007201552812,-0.7250516162,-0.05508415531,-0.02263215552,1.095061618,-0.1483054651,0.01994621964,0.04284041114,0.06130039832,0.0433663992,0.2918138209,0.2438625821,-0.006586331116,0.5768232922,0.003113697286,-0.01954486622,-0.0142970854,0.1739145732,-0.2143700408,-0.01088431798,0.5647514079,0.00786077108,-0.003666732851,-0.009065986001
0.4688765308,0.03019148397,0.7629687293,0.0273200717,0.140823992,0.0237562652,0.9893724561,-0.448937284,-0.1852940856,-0.1181391803,0.4231028971,-0.2001666986,-0.01016095432,-0.7384355237,-0.04905728984,-0.02644555132,1.079782906,-0.1461370318,0.02211183638,0.03861322138,0.06583068713,0.03377496119,0.2963272883,0.2440716896,-0.007017268344,0.5772891251,0.00237720505,-0.01842481582,-0.01493998964,0.1814084496,-0.2151810115,-0.009668115872,0.5650993965,0.006858496871,-0.003046864795,-0.008754850754
0.4754610404,0.03013086942,0.7621107983,0.02807411584,0.1400407919,0.02326851052,0.9894741013,-0.4470339816,-0.1856971022,-0.1048257339,0.441323059,-0.2138631355,-0.01130009762,-0.7528668006,-0.04347996201,-0.03057609761,1.064021858,-0.1443297387,0.02463705977,0.03352297814,0.07127671987,0.02247291209,0.3006064624,0.2444324562,-0.007496070298,0.5777017564,0.001549017124,-0.0171131715,-0.0156603548,0.1899009272,-0.2162259437,-0.008338771619,0.5652433244,0.005652434548,-0.002527146973,-0.008349603942
0.4820585018,0.02993851496,0.761041374,0.02880694423,0.1388469802,0.02271669915,0.9896340877,-0.4456211064,-0.1855674903,-0.09055563076,0.4625558917,-0.2282264418,-0.01106010104,-0.7671000239,-0.03876356183,-0.03417734916,1.049088011,-0.1430539415,0.02698841424,0.02794772608,0.07658825448,0.01127785346,0.3041307111,0.245172365,-0.007891711455,0.5782255937,0.0007882961871,-0.01583172967,-0.01633773722,0.1989506644,-0.2170740495,-0.007163223603,0.5656610365,0.004511885254,-0.002106400515,-0.007963350456
0.4886050738,0.0296254508,0.7596082508,0.02905355768,0.1377618519,0.02236349039,0.9897865615,-0.4486798323,-0.1847377987,-0.077143942,0.4908855534,-0.2433216592,-0.009529262306,-0.7822774264,-0.03506073114,-0.03673781012,1.034725097,-0.1413094649,0.03028575291,0.02215812149,0.08235339151,-0.0007396370139,0.3071234671,0.2462221966,-0.008202733238,0.5787201142,-3.874213906e-05,-0.01458180791,-0.01696694568,0.208409503,-0.2181295673,-0.006050020879,0.566019466,0.00317470992,-0.001918290716,-0.007684130305
0.4951192159,0.0291385897,0.7578936786,0.02926164876,0.1360896811,0.0217998285,0.9900243038,-0.4521508621,-0.1832627368,-0.06352139063,0.5233119273,-0.2593647137,-0.007200398039,-0.7970083628,-0.03261702082,-0.03748880402,1.021706967,-0.1397314725,0.03345893983,0.01670627689,0.0874077748,-0.01185748691,0.3092786458,0.2477407647,-0.008268262829,0.5793964891,-0.000793158579,-0.01344414379,-0.01749894279,0.2177990953,-0.2189225244,-0.005129810487,0.5668702598,0.001916359573,-0.001802819914,-0.007480013936
0.501543609,0.0285102216,0.7557457423,0.02918759358,0.1343046462,0.02159615982,0.9902746853,-0.4606005973,-0.181670634,-0.05120148573,0.5645753043,-0.2758009677,-0.003654123946,-0.8123568996,-0.03133411092,-0.03630597997,1.011048042,-0.1379954599,0.03684679839,0.01156126232,0.09235633905,-0.02315830794,0.3107749683,0.2496287449,-0.008223665271,0.5799695288,-0.001565799008,-0.01196123344,-0.01800220806,0.2272845944,-0.2199010305,-0.004331737358,0.5676414364,0.0005981202793,-0.001723173157,-0.007218313396
0.5079374647,0.02770247325,0.7532690395,0.02923675484,0.1317538067,0.02114148214,0.990625653,-0.4692263843,-0.1796570393,-0.03842303234,0.6105867135,-0.2928719212,0.0004706737026,-0.8267554921,-0.03127581656,-0.03270970651,1.002432486,-0.1363934502,0.0398512599,0.007436006409,0.09608812876,-0.03318110172,0.3115995441,0.2519082264,-0.007866986118,0.5808312624,-0.002258420671,-0.01048426001,-0.01840928582,0.2363403833,-0.2206022013,-0.003648421849,0.5690604194,-0.0006067459568,-0.001591378983,-0.006962297304
0.5142873439,0.02668500972,0.7503838234,0.02898217052,0.1289360992,0.02072556339,0.9910125969,-0.4805927554,-0.1766350021,-0.02537245757,0.6629820601,-0.3101762186,0.005921672216,-0.8397284872,-0.03121815036,-0.02826773536,0.9968299523,-0.1394495371,0.04184208011,0.004922061101,0.09913840568,-0.04282150531,0.3120082006,0.2546228323,-0.007520277105,0.5816278498,-0.002699051101,-0.008911176493,-0.01886106032,0.2448366322,-0.2212346849,-0.003038474753,0.5706553961,-0.001625496249,-0.001217153114,-0.006437845994
0.5206634138,0.02542577893,0.7471855723,0.02881819084,0.1255728808,0.02001484218,0.991463751,-0.4912680357,-0.1724227396,-0.01110721314,0.7179365579,-0.3275391352,0.01191127118,-0.85044968,-0.03159480888,-0.02273003222,0.9933059265,-0.1437161189,0.04326780397,0.004086112,0.1005137628,-0.05156949826,0.3123077119,0.2577241574,-0.006915242707,0.5826761566,-0.003014595573,-0.00746114608,-0.01924579232,0.2523882967,-0.2213758944,-0.002368292828,0.5730177035,-0.002492250593,-0.0006617978593,-0.005855786081
0.5270569445,0.02401893796,0.7435318846,0.02845427898,0.1224740687,0.01938223713,0.9918743798,-0.5049078833,-0.1672294884,0.002941418082,0.7775300563,-0.3437186015,0.01907618364,-0.8621237114,-0.03233025252,-0.01687086649,0.9907546188,-0.1464621669,0.04506298609,0.003738385633,0.1015419742,-0.0613988172,0.3128153888,0.2610195573,-0.006151399337,0.5836201813,-0.003276146573,-0.005788294378,-0.0197344332,0.2596446214,-0.221531015,-0.001553846995,0.5757043254,-0.003409540982,0.0002381289498,-0.00519005136
0.5334981928,0.02242475425,0.739513248,0.02831586473,0.1190185806,0.01842420517,0.9923171559,-0.5175905847,-0.1609542269,0.017641875,0.838058662,-0.3582353646,0.0263945905,-0.8732772032,-0.0336720387,-0.01025156121,0.9889522368,-0.1484101846,0.04672031813,0.004142999491,0.1011729435,-0.07083481388,0.3134842578,0.264582055,-0.005099456731,0.5847815604,-0.003495200928,-0.004192705387,-0.0201651244,0.2661623553,-0.2212691038,-0.0006483027675,0.5790666863,-0.004256174931,0.001315362937,-0.00454517258
0.5399553175,0.0206659404,0.735204275,0.02784306058,0.1159869953,0.01752819634,0.992705668,-0.5313279076,-0.1532188045,0.03099461193,0.8988177894,-0.3693084769,0.03486125514,-0.8855241316,-0.03470347532,-0.002760859773,0.9864497537,-0.1486828122,0.04837689417,0.004600770402,0.1008590399,-0.08104863104,0.31454317,0.2682785791,-0.003902880105,0.5858845773,-0.003682412146,-0.002550625394,-0.0206080643,0.2722116005,-0.2211589899,0.0003041051533,0.5827284248,-0.00510413714,0.002589406261,-0.003789870896
0.5464271312,0.01870818605,0.7306494182,0.02738589569,0.1128083543,0.01650549953,0.993102138,-0.5435466647,-0.1440207644,0.04376644553,0.9574344778,-0.3762322299,0.0430205191,-0.8976671599,-0.03600705899,0.005502490588,0.9837858809,-0.1484621626,0.04979580333,0.005176902611,0.09975925347,-0.09065194827,0.3158031263,0.2722363392,-0.002520862746,0.5870701403,-0.003841222888,-0.001036190544,-0.02097891231,0.2775480998,-0.2208506437,0.001210932268,0.5867113496,-0.005868116141,0.003927714517,-0.003070492915
0.5529125785,0.01659919851,0.7257174065,0.02630673655,0.1098063491,0.01606070093,0.9934749998,-0.5564002387,-0.1332070611,0.05393878548,1.016073271,-0.3795505112,0.05080518499,-0.9102983115,-0.03817692161,0.01380796933,0.981952263,-0.1483769465,0.05344852902,0.005318226525,0.09930861147,-0.1005515961,0.3172761057,0.2761090945,-0.001246915547,0.5882093902,-0.003842105637,0.0002918970545,-0.02133956285,0.2824921226,-0.2208523927,0.001783493145,0.5904483859,-0.006532851086,0.005054829116,-0.002576058974
0.5594328529,0.01430744582,0.7204696279,0.02504251109,0.1065557516,0.01578736286,0.9938659385,-0.5674809193,-0.1211196916,0.0629912056,1.073208232,-0.3809121948,0.05746191699,-0.9224841685,-0.04133691244,0.02277200853,0.9807438828,-0.1483479562,0.05730191285,0.005499136738,0.09839163502,-0.109766638,0.318890017,0.2800193,4.666779267e-05,0.5894609803,-0.003794397219,0.001437986798,-0.0216412307,0.2867946702,-0.2208069041,0.00208665575,0.5942224299,-0.007100690396,0.006060770679,-0.002226911344
0.565930025,0.01188366532,0.7147375268,0.02317658338,0.103731173,0.01600928671,0.9942064134,-0.5792933178,-0.1077843197,0.07014493935,1.130678557,-0.3823075007,0.063474471,-0.9358340197,-0.04563826699,0.03158125593,0.9816891609,-0.1524556761,0.06189314412,0.005985509699,0.09789305533,-0.1192274191,0.3207407105,0.2836928097,0.00109992642,0.590498667,-0.003604191862,0.002514812819,-0.02196331664,0.2905978524,-0.2212929865,0.002094539112,0.5974854607,-0.007615333679,0.007096252826,-0.002002032888
0.5724182636,0.009290619324,0.7086108135,0.02112556101,0.1009099533,0.0163957879,0.994536108,-0.5895750705,-0.09359277028,0.07638940844,1.187020298,-0.384961257,0.06882162976,-0.9491822125,-0.05106398522,0.0410243123,0.983646391,-0.1574749163,0.06614876921,0.007011364697,0.09676744539,-0.1279293894,0.3227364343,0.2872122197,0.002127862098,0.5916559403,-0.003391031503,0.003460744407,-0.02224053876,0.2934973483,-0.2218976961,0.001869557616,0.6007824018,-0.008066826977,0.008093141013,-0.001860740939
0.5788366202,0.006555194743,0.7021307377,0.01885109544,0.09864882127,0.01686937164,0.994800719,-0.5999608482,-0.07908744433,0.08099904328,1.242240148,-0.3889092264,0.07386337634,-0.9644320385,-0.05671882655,0.05074958503,0.9880513026,-0.1669013792,0.06987634685,0.008624014667,0.09556906258,-0.1363646941,0.3246276857,0.2905192457,0.003019257516,0.5925362503,-0.003141430666,0.004246088295,-0.02251892533,0.2955038871,-0.2227195388,0.002093676716,0.6038501138,-0.008431778939,0.009140508459,-0.00119159778
0.5851908491,0.003651212012,0.6953817907,0.01660690612,0.0965545854,0.01729672387,0.9950388164,-0.6089150192,-0.06443968876,0.08451127886,1.295432465,-0.3945413132,0.07849586854,-0.9802441385,-0.06275228697,0.0609259326,0.9932839105,-0.1767595101,0.07299384889,0.01075442528,0.09371156638,-0.1436223608,0.3263020193,0.2936003453,0.003933274457,0.5935033262,-0.002907586231,0.004890389734,-0.02274662411,0.2963538177,-0.22337338,0.002422719545,0.6068836321,-0.00868527007,0.01004832978,-0.0004914942464
0.5914882003,0.0005614703002,0.6884425465,0.01441727553,0.09513419099,0.01739223481,0.9952080878,-0.6167279224,-0.04981922146,0.0869698349,1.34532392,-0.4024693064,0.08285574063,-0.9969251092,-0.06746039696,0.06927749687,0.9989360422,-0.1944847835,0.07528243665,0.01301380332,0.09151180173,-0.1504421878,0.3274147653,0.2966865933,0.00491090866,0.5940284105,-0.002532612306,0.00531978239,-0.02287355186,0.296251189,-0.2236722303,0.002871821445,0.6092862591,-0.008633718518,0.01061232692,0.0001512957256
0.597722188,-0.002730111533,0.6813686405,0.01252323213,0.09414295492,0.0172027048,0.9953312713,-0.6229365032,-0.03578332793,0.088434002,1.391640831,-0.4125177633,0.08676447489,-1.01376749,-0.07119687129,0.07617762332,1.004248084,-0.2130945116,0.077084167,0.015139181,0.08845553401,-0.1562484375,0.3278375721,0.299769578,0.00600354964,0.5944049397,-0.002155410253,0.00559942849,-0.02292813562,0.295117144,-0.2234599267,0.003131542615,0.6111892574,-0.008513895575,0.01096321718,0.000475247974
0.6039655104,-0.006221874403,0.6743170366,0.01090164128,0.09352668946,0.01677428485,0.9954157603,-0.6281513686,-0.02278458427,0.08828842337,1.434699251,-0.4232439862,0.09026792346,-1.031650696,-0.07467559859,0.0785219807,1.012192721,-0.2365869722,0.07942916299,0.01639299895,0.08506713668,-0.161518958,0.3271418945,0.3026161864,0.007224202036,0.5944399348,-0.001871482474,0.005894342962,-0.02286765041,0.2931507041,-0.2228412987,0.00329853689,0.612256967,-0.008456129774,0.01128878799,0.0006644403163
0.6102450146,-0.009864797115,0.6674354462,0.009396566421,0.09315324018,0.01586637349,0.9954810076,-0.631975573,-0.01032259922,0.08679932694,1.474403659,-0.4342727182,0.09316647881,-1.049784971,-0.07711356595,0.07566988886,1.027027294,-0.2499698283,0.08278942899,0.01726179363,0.08181861273,-0.1661038945,0.3252582274,0.3047306823,0.008507354098,0.5947749925,-0.001638670764,0.006164902532,-0.02273540565,0.2904118828,-0.2220796208,0.00291983018,0.6129566015,-0.008463135251,0.01153439432,0.0003356398926
0.6166061662,-0.0134805885,0.6608282897,0.007735570933,0.09296517675,0.0146676604,0.9955312635,-0.6360147964,0.001672701351,0.08366676807,1.512741378,-0.4440593801,0.09489462894,-1.064745818,-0.07931234782,0.06733634086,1.04951864,-0.2627574374,0.08701702931,0.01748252219,0.07960212567,-0.1708546089,0.322372311,0.3059383056,0.009705257486,0.5953132826,-0.001382725554,0.00644415957,-0.02242052904,0.2875429973,-0.221678887,0.002472803837,0.6133912313,-0.008676965769,0.01208758593,2.664892764e-05
0.6230045971,-0.01703979687,0.6546085169,0.006044115387,0.0930431691,0.01265944849,0.9955632455,-0.6398738966,0.01321301581,0.07961165194,1.548823275,-0.4518800428,0.09586679986,-1.078284296,-0.07950994509,0.05665044392,1.075830886,-0.2696507626,0.09033597368,0.01789451419,0.07814756324,-0.1757624104,0.318553032,0.3060732942,0.01081804359,0.5961902961,-0.001149595381,0.006716904166,-0.02204031335,0.2841873469,-0.2215749989,0.002057098974,0.6140224337,-0.008921825404,0.01269579998,-0.0001797374017
0.6291727817,-0.02025766223,0.6488448824,0.003924569837,0.09324665619,0.00995939476,0.9955854907,-0.6450476789,0.02489591559,0.07478745198,1.584989556,-0.457507951,0.09542064896,-1.091448285,-0.07694724543,0.045218731,1.105441823,-0.2759520397,0.09265209785,0.01944938197,0.07793843258,-0.1805693273,0.3139684588,0.3052487508,0.0118365225,0.597182632,-0.0008346867744,0.007122608861,-0.02149362832,0.2802155064,-0.22198431,0.001733550696,0.6143432757,-0.008939354581,0.0132622072,-0.0001067111018
0.6351238555,-0.02312774797,0.6436152766,0.001642120906,0.09346987726,0.006695426322,0.9955982406,-0.6504536668,0.0356860851,0.06941437989,1.619478895,-0.4601501379,0.0945433393,-1.103762709,-0.07245036862,0.0342251929,1.136141592,-0.2817149624,0.0940447313,0.02166373368,0.07845329466,-0.1850554075,0.3088425369,0.3035443126,0.01269942623,0.5983408382,-0.0005355828542,0.007550445746,-0.02092689302,0.2754155863,-0.2226297529,0.001746465685,0.6147750709,-0.008869696111,0.01372710268,0.0003047291396
0.6408073603,-0.02561637472,0.6391442333,-0.0006842932378,0.09388206817,0.003232462578,0.9955778424,-0.6571371768,0.04564618967,0.06393063499,1.652133741,-0.4592634588,0.09319598736,-1.114990384,-0.06561389199,0.02494791162,1.166631961,-0.289667511,0.09460787398,0.0250690234,0.0787714745,-0.1898059224,0.3037004692,0.3014033931,0.01335556081,0.5997517219,-8.766488789e-05,0.008225440815,-0.02041958042,0.2700666731,-0.2231665172,0.002138272632,0.6154718145,-0.008778971299,0.01464950527,0.0007869114601
0.6462418164,-0.02771276704,0.6354442356,-0.002975063064,0.09432677192,-3.649560408e-05,0.995536844,-0.6644121626,0.05411346225,0.05852467663,1.681267805,-0.4544431556,0.09178252008,-1.124181723,-0.05804349929,0.01711915019,1.195260078,-0.2992976262,0.09345006593,0.02879897253,0.07883628242,-0.1944904147,0.2987426067,0.2988645046,0.0137564066,0.6012555233,0.000352035365,0.008955380572,-0.01999225417,0.2642763711,-0.2234920742,0.002878945708,0.6163716918,-0.008722376583,0.01571725423,0.001329438341
0.6514212854,-0.02947972773,0.6324574876,-0.005235532027,0.09491139496,-0.002603064468,0.9954685532,-0.6749033322,0.0610918069,0.05286735203,1.70841384,-0.4513231798,0.08940691591,-1.130862215,-0.04904159896,0.01120992772,1.22110388,-0.3118729198,0.08956094368,0.03320814572,0.07821069165,-0.1994944152,0.2942148587,0.2962901971,0.01383868081,0.6026916901,0.001051692783,0.009600593825,-0.01957531931,0.2582890982,-0.2235049411,0.003592894246,0.6172962487,-0.008419158328,0.01703685742,0.001707742135
0.6563467383,-0.03091950612,0.6301632121,-0.007397664847,0.09536684593,-0.004108520873,0.9954062283,-0.6884181649,0.06635676241,0.04740190527,1.731109805,-0.450172406,0.08694022875,-1.133590119,-0.04001410219,0.007287316107,1.242996506,-0.3285589986,0.08371996772,0.03751198279,0.07682093031,-0.2041594957,0.2901592877,0.2937414139,0.0136662907,0.6038968776,0.001750046063,0.01014636588,-0.019229646,0.2521846058,-0.2231761112,0.004386083315,0.6179240975,-0.007972242947,0.01814424559,0.002158738096
0.661019863,-0.03213956027,0.6284616903,-0.009204065549,0.09580612801,-0.00436405565,0.995347892,-0.7064218027,0.07147278832,0.0417804967,1.746383133,-0.4538027927,0.08401878733,-1.132616244,-0.03035538571,0.006476946073,1.260733098,-0.3498071583,0.07669291057,0.0418949475,0.07390672911,-0.2086029776,0.2866356935,0.291692857,0.01313184353,0.6050349189,0.00275985888,0.01042406765,-0.01908352795,0.2460091327,-0.2221733231,0.0049419273,0.6183403317,-0.006912997433,0.01898351446,0.002697080731
0.6654226985,-0.03309518126,0.6273077,-0.0106685943,0.09579080475,-0.003359941475,0.9953386427,-0.7280841996,0.07626971771,0.03619177735,1.755549897,-0.4592972477,0.08131081912,-1.127993857,-0.02120898903,0.008178498094,1.274784572,-0.3735105331,0.06958028937,0.04620953526,0.06968467035,-0.2117172557,0.2836132679,0.2899494076,0.01242872209,0.6059131269,0.003753967051,0.01056242139,-0.01904436482,0.2396844516,-0.2208627779,0.005497458443,0.6181512629,-0.005718816456,0.01951701708,0.003327575586
0.669558688,-0.03383614801,0.6265017851,-0.01202908336,0.09538545622,-0.001442505612,0.9953666837,-0.7528557279,0.08180043423,0.0290323249,1.75710995,-0.4689077417,0.07900943135,-1.121652358,-0.01165697398,0.01149809313,1.286380556,-0.3962206441,0.06251115793,0.0506364808,0.06487469812,-0.2132585714,0.2809869763,0.288556948,0.0114412374,0.6064512332,0.005167640827,0.01039628034,-0.01915812567,0.2329794431,-0.219442598,0.005558360325,0.6175382414,-0.004121200247,0.0201773954,0.003624508452
0.6734590735,-0.03431739985,0.6260124848,-0.01320245641,0.09425050619,0.001285937706,0.9954601366,-0.7794153266,0.08769835526,0.02106975213,1.754376648,-0.4785753329,0.07705107091,-1.113487428,-0.002472410824,0.01615661233,1.29640268,-0.4167382446,0.05627393423,0.05521366072,0.05948863116,-0.2125837202,0.278886845,0.2873625392,0.01036811918,0.6066623171,0.006555356516,0.01009333836,-0.01933310368,0.2259265932,-0.2182598439,0.005385235796,0.6164516937,-0.00257030951,0.02076164247,0.003762507481
0.6772516127,-0.03464170571,0.6256974235,-0.01436559246,0.09272859438,0.004275383269,0.995578605,-0.8051668255,0.09501568853,0.01136475936,1.74724707,-0.4873976024,0.07550677434,-1.104649383,0.007305384164,0.02137052535,1.305537878,-0.4346157191,0.05010732129,0.06037716199,0.05385715523,-0.2105890474,0.2775834312,0.2865646141,0.009106728875,0.6065987323,0.008286045865,0.009580469218,-0.01961010473,0.2184744959,-0.2172702755,0.004707592596,0.6153005675,-0.0006577274775,0.02163270041,0.00367496659
0.6810481979,-0.03477428808,0.625596522,-0.01513861408,0.09094020822,0.007480179143,0.9957131855,-0.8283847181,0.1026678574,0.002309227541,1.742905015,-0.4944076529,0.07345186102,-1.095120286,0.01669819239,0.02775275735,1.313992392,-0.4500876671,0.04471483551,0.06595242707,0.04729288897,-0.2079422947,0.2775307768,0.2860940812,0.00789305494,0.6065988533,0.009935947414,0.009010401199,-0.01990784563,0.2109790084,-0.2165334804,0.00384852688,0.6142975799,0.001153354189,0.02251614986,0.003503552581
0.6849635462,-0.03473480378,0.6255712348,-0.01556911273,0.0891449048,0.01056501251,0.9958409357,-0.8481093199,0.1109036495,-0.006077481892,1.738855585,-0.498775051,0.0710632943,-1.085365852,0.02613472865,0.03508902157,1.321559991,-0.4619416357,0.03942465855,0.07190036192,0.04024100183,-0.205784638,0.2789875074,0.2860896645,0.006461363644,0.6067677775,0.0119476529,0.008314986606,-0.02036231548,0.2035924168,-0.2158710904,0.00253438634,0.6137271272,0.003233922216,0.02376653525,0.003139462453
0.6889775708,-0.03449268234,0.6256042423,-0.01576501124,0.08740202214,0.01386105257,0.9959519176,-0.8654388753,0.1191555439,-0.01479854799,1.733318692,-0.5033200321,0.06905755267,-1.075395557,0.03480742014,0.04311779851,1.32870739,-0.471561213,0.03480393831,0.07764648622,0.03308039594,-0.2041796941,0.2817605407,0.2863526251,0.00502280839,0.6071742691,0.0138581115,0.007676417377,-0.02084979686,0.1965099992,-0.2155346399,0.001000577836,0.613276165,0.005175410779,0.02504192886,0.002708667819
0.6930246328,-0.0341257642,0.6256059747,-0.01611399254,0.08571565612,0.01703053604,0.9960437372,-0.8807138074,0.1277181819,-0.02536815308,1.723302646,-0.5046012667,0.06798210523,-1.065256432,0.04468869768,0.0513968255,1.335209234,-0.4788885473,0.03071877824,0.08311539624,0.02637414658,-0.202731175,0.2854315629,0.2870817509,0.003441861904,0.6073238048,0.01598921679,0.006867993051,-0.02143091938,0.1894416273,-0.2153249165,-0.0008965776833,0.612840564,0.007371037123,0.02657734927,0.002166163398
0.697107334,-0.03357217781,0.625569309,-0.0165896094,0.08415086062,0.02022015537,0.9961097143,-0.894214617,0.1360846177,-0.03713191024,1.711815022,-0.5058800703,0.06708259472,-1.055222847,0.05450374207,0.05972762004,1.341891575,-0.4864347218,0.0273562425,0.0881436178,0.02022361515,-0.2016472429,0.2897896388,0.2879512891,0.001876239907,0.6074918131,0.01796550256,0.006079969123,-0.02201304261,0.1826769245,-0.2155255874,-0.002952815938,0.6122539308,0.009411143946,0.02802767592,0.00160049782
0.70116477,-0.0328721029,0.6253696935,-0.01717941777,0.08253853846,0.02306486659,0.9961728109,-0.9053542319,0.1435409157,-0.04924299831,1.700564241,-0.5016674766,0.06615281645,-1.045339199,0.0648965107,0.06809889023,1.348538903,-0.4929215764,0.02409013741,0.09253163961,0.0146074659,-0.2003200063,0.2943592485,0.2890940305,0.000203918205,0.6075860086,0.02013833663,0.005132609141,-0.02261329119,0.1759658389,-0.2159549226,-0.005324265816,0.6117203901,0.01161496721,0.02961905823,0.001032616058
0.7052376326,-0.03198523081,0.6250563526,-0.01778946923,0.08115482438,0.02558761472,0.9962141854,-0.9140808552,0.149876467,-0.06047421464,1.692763807,-0.497906657,0.06465485159,-1.036096529,0.07474215994,0.07645999083,1.355608232,-0.5004093704,0.02131160736,0.09633718688,0.009328973566,-0.1995712988,0.2991246619,0.2902316654,-0.001431169192,0.6079473939,0.02214656659,0.00424748688,-0.02318673958,0.1697269236,-0.2166549068,-0.007793217629,0.6113171253,0.01363008474,0.03108756268,0.0004779996483
0.7091739563,-0.03085318724,0.6247059781,-0.0182608112,0.07968687023,0.02772830572,0.9962668752,-0.920782911,0.1536737444,-0.06872754043,1.690027546,-0.4872237024,0.06132466908,-1.027067077,0.08262822259,0.08453317131,1.362312672,-0.5067893062,0.01789154748,0.09951221778,0.004027634822,-0.198336465,0.3032822439,0.2911766559,-0.003039944979,0.6088503143,0.02419328783,0.003350473786,-0.02363664564,0.1635591062,-0.217631383,-0.01050915445,0.6112239931,0.01569004823,0.03253151237,-1.610633489e-05
0.713030896,-0.02949405448,0.6243579684,-0.01870161449,0.07844682031,0.02935913669,0.9963103869,-0.925488627,0.1557296178,-0.07454206418,1.691263151,-0.4742413049,0.0581761161,-1.018546441,0.08880573279,0.09217833309,1.368590699,-0.5134585994,0.01501900082,0.1023034146,-0.001243896751,-0.1975848179,0.3071479359,0.2919172155,-0.004538507697,0.6101828962,0.02603504854,0.002615155208,-0.0240159801,0.1578607974,-0.2187333139,-0.01320215127,0.6114344023,0.01753741646,0.03384552935,-0.0004748697954
0.7166961601,-0.02798479537,0.624149226,-0.01898304767,0.07705086661,0.03054085121,0.9963784744,-0.9279742523,0.155666053,-0.07797227671,1.69457868,-0.4573674731,0.05533151858,-1.010226183,0.09309526906,0.09927221616,1.374643489,-0.5199147652,0.0133213077,0.1048356528,-0.006448889397,-0.1962312072,0.3100960485,0.2923489282,-0.005921694465,0.6122873319,0.02792477445,0.001954837883,-0.02419875186,0.1521623111,-0.2199150184,-0.0160262681,0.6122710505,0.01940093763,0.03520011809,-0.0007843370418
0.7202330844,-0.0263690579,0.6240907332,-0.01928755991,0.07581606616,0.03123643634,0.9964457834,-0.9287274168,0.154380759,-0.08011201297,1.699503137,-0.4397982913,0.05346170689,-1.002202463,0.09638777324,0.1057336754,1.379953969,-0.5265705793,0.01286558229,0.1071420539,-0.01144041483,-0.1952666597,0.3126021491,0.2926379368,-0.007160907768,0.6147109788,0.02962538664,0.001490386908,-0.02430977134,0.1469095861,-0.2209808773,-0.01869324913,0.6134887102,0.02106516263,0.03650215408,-0.001037404152
0.7235600896,-0.02477026134,0.624455079,-0.01947007352,0.07435732282,0.03166486324,0.9965386301,-0.9267769037,0.151587905,-0.08183869063,1.704025866,-0.4222239787,0.05192307601,-0.9931303286,0.09829114677,0.1113240615,1.383739489,-0.5333218292,0.01392066918,0.1092108925,-0.01623710262,-0.1933369061,0.3138920162,0.2926504072,-0.008158085637,0.6179204052,0.03129010608,0.001154539855,-0.02418202303,0.1415855085,-0.2218106026,-0.02132483688,0.6154444506,0.02263998865,0.0377627761,-0.001206969425
0.7267425179,-0.023222004,0.625204591,-0.01963807808,0.07307472319,0.0317667327,0.996626964,-0.9233329287,0.1480980024,-0.08341473654,1.707970445,-0.4057015747,0.05099695958,-0.9837194903,0.09961649053,0.1161677132,1.385619966,-0.5398846486,0.0157793315,0.1110752988,-0.02085980592,-0.191597467,0.3146161838,0.2926573702,-0.008971304486,0.6211578512,0.03275974145,0.001001351381,-0.02399472416,0.1367075905,-0.2222891405,-0.02364564311,0.6175931515,0.02401753492,0.03897357263,-0.001339170511
0.7296997203,-0.02180189277,0.6267003382,-0.01982147599,0.07154365426,0.03174844581,0.9967349953,-0.916802843,0.1438321585,-0.08535866632,1.709237529,-0.3905667288,0.04991611159,-0.9720570947,0.09991387748,0.1196913126,1.384008291,-0.5460431194,0.01819662533,0.1127101681,-0.02492921272,-0.1885369511,0.313872444,0.2922347928,-0.009454308501,0.6250991474,0.03407163689,0.001115027958,-0.02358673974,0.1317151571,-0.2223950588,-0.02576905854,0.6202957323,0.02520877146,0.04015325354,-0.001436537169
0.7325039829,-0.02053359394,0.6288405645,-0.01998444095,0.07026215534,0.03148412934,0.9968312802,-0.9089509846,0.139337711,-0.08734130101,1.707889824,-0.3764622197,0.04911198298,-0.9595362502,0.09969541597,0.1220725896,1.378863462,-0.5510465958,0.02016883876,0.1141927733,-0.02879530279,-0.1855073461,0.3125386576,0.2918153821,-0.00977243,0.6286796496,0.03518252227,0.001395305208,-0.0231502781,0.1271589749,-0.2220637984,-0.02744856203,0.6228217688,0.02621766521,0.04128879849,-0.001497015423
0.7350933707,-0.0194391699,0.6320131954,-0.02019306749,0.0688576351,0.03111520489,0.9969366631,-0.8978141664,0.134580037,-0.08962026839,1.701713267,-0.3634652916,0.04780941877,-0.9440935328,0.09777503533,0.121914911,1.367930643,-0.554383038,0.02150955604,0.1155511296,-0.03204505917,-0.1812540741,0.3097908977,0.2907747736,-0.009766982943,0.6327292043,0.036119897,0.001970833289,-0.02244203831,0.122665807,-0.2212910374,-0.02877285395,0.625674246,0.02702824949,0.04237391198,-0.001501301233
0.7375356709,-0.0185398559,0.6360453085,-0.02028407301,0.06783566996,0.03038357662,0.9970274402,-0.8853454314,0.1299547781,-0.09155052387,1.69103039,-0.3505217917,0.04658805431,-0.9279066144,0.09471771755,0.1195695798,1.351930691,-0.5545029537,0.02157509738,0.1169802232,-0.03529380091,-0.1770742675,0.306675558,0.289705711,-0.009655801987,0.6359473609,0.03688265495,0.002621982027,-0.02171520407,0.1186548182,-0.2200482943,-0.02952570536,0.6280066772,0.02769646417,0.04340723797,-0.00144179591
0.739790576,-0.01779876462,0.6412910653,-0.02055313837,0.06666575832,0.02936670595,0.9971313062,-0.8688110582,0.1258469477,-0.09355232378,1.673498293,-0.3379190108,0.04490454138,-0.9078367319,0.09045578221,0.1144566891,1.327487083,-0.5504811222,0.02051250493,0.118557808,-0.03752594978,-0.1716524218,0.3024225081,0.2876686942,-0.009243265056,0.6392783366,0.03734089334,0.003561345001,-0.0207280721,0.1147850601,-0.2184792422,-0.02975663874,0.6304422707,0.02805643153,0.04431122767,-0.001362064844
0.7419328497,-0.01724771379,0.6475038638,-0.0207717611,0.06595816268,0.02795987123,0.99721427,-0.8506797827,0.1221963841,-0.09508277158,1.649863678,-0.3244414869,0.04345957644,-0.8869017989,0.08560641958,0.1075303608,1.29687617,-0.5411300368,0.01816501178,0.1201530284,-0.03953761338,-0.1665025734,0.2981495278,0.2854826116,-0.008871153419,0.6413139259,0.03762818254,0.004469097678,-0.0197651977,0.1114965265,-0.2165465633,-0.02936454457,0.632021976,0.02829143436,0.04512194392,-0.001216039189
0.743980983,-0.01677012786,0.6549125563,-0.02138329748,0.06515910022,0.02646551427,0.9972946519,-0.8287438275,0.1189807148,-0.09720535882,1.619154871,-0.3108527379,0.04167946099,-0.861716246,0.08161373018,0.1005731073,1.257337104,-0.525621402,0.01527713455,0.1213239699,-0.03989137933,-0.1609347273,0.2933082505,0.282171623,-0.008392364288,0.6432429272,0.03765002739,0.005700368313,-0.0185362455,0.1087854804,-0.2145346135,-0.02845006494,0.6336202647,0.02820401983,0.04579868907,-0.0009880793299
0.7460016608,-0.01639835649,0.663237092,-0.02208682629,0.06493968603,0.02487966577,0.9973344532,-0.8056705863,0.1160154858,-0.09933763386,1.582765672,-0.2964881055,0.04026018996,-0.8355086312,0.07817621925,0.093888565,1.212252015,-0.5054730785,0.01145282923,0.1218823289,-0.03957308761,-0.1565137451,0.2888184812,0.2786325416,-0.008184064046,0.6437800599,0.0375599155,0.006847320869,-0.01738083663,0.1071376711,-0.2124151778,-0.02705842512,0.6342798826,0.02803765773,0.04636976655,-0.0006885117369
0.7480263727,-0.01597505886,0.672527795,-0.02334654739,0.0647022575,0.02320487789,0.9973615644,-0.7793953136,0.1135326899,-0.1025892299,1.540795688,-0.2825399011,0.03850685475,-0.8049620269,0.07632116553,0.08817476368,1.159435568,-0.4824884305,0.00780552461,0.1216242115,-0.03706109622,-0.1524176862,0.284092927,0.2736829515,-0.008041424279,0.6442596406,0.03709258403,0.008412301683,-0.01603787273,0.1065425492,-0.2106838474,-0.02530134185,0.6348838011,0.02748149668,0.04678639485,-0.0003247178963
0.7501041572,-0.01556063195,0.6824696993,-0.02467502106,0.06516365559,0.02143737243,0.9973391,-0.7527083984,0.1112145778,-0.1059582443,1.494476301,-0.2681605786,0.03714037121,-0.7734037588,0.0752471318,0.08350652151,1.101385562,-0.4570255261,0.003689631803,0.1203808911,-0.03383525586,-0.1501477457,0.2799359589,0.2684471732,-0.008332730047,0.6433520926,0.03652937731,0.009873988391,-0.01482831079,0.1073770488,-0.209173995,-0.02329311907,0.6345432809,0.02687541597,0.04709182636,8.003450529e-05
0.7522768509,-0.01503203328,0.6930280217,-0.0263899587,0.06571261561,0.0196872379,0.9972952596,-0.7243641435,0.108907461,-0.1103897355,1.444257307,-0.2534306818,0.03612436389,-0.7380168489,0.07566628416,0.08056116613,1.036269639,-0.4293807393,0.0004615434196,0.1182223889,-0.02884785143,-0.1488825277,0.2759592944,0.2620278051,-0.008832752149,0.6424272283,0.03561864686,0.0118066777,-0.01351885954,0.1096269135,-0.2082202412,-0.02109763707,0.634214598,0.02590171968,0.04729165137,0.0005757407149
0.7545591687,-0.01447463432,0.7038564774,-0.02789340527,0.06694740766,0.017907578,0.9972057567,-0.6968258484,0.1063772415,-0.1145160829,1.391209293,-0.2369819594,0.03580958295,-0.7019865553,0.07653828524,0.07931715831,0.9664076637,-0.3990368675,-0.0032118497,0.1150656072,-0.02379958518,-0.149680328,0.272783289,0.2556223257,-0.009801116521,0.6401470416,0.0346689787,0.01360096864,-0.01238146228,0.1134380972,-0.2076052669,-0.01882304871,0.6330179426,0.02492991339,0.04741778545,0.001096383399
0.7570082019,-0.01378253355,0.7147540905,-0.02950310734,0.06812213383,0.01607982415,0.9971110173,-0.6691550639,0.1037506602,-0.1191406319,1.337006562,-0.2185319365,0.0359936119,-0.6627178963,0.07841997176,0.0802521465,0.8904803214,-0.365441434,-0.006245731268,0.1110703029,-0.01778317438,-0.1517492652,0.2701823692,0.2486622286,-0.01097644217,0.6377304367,0.03345410792,0.0157936716,-0.01122819581,0.1186924178,-0.2075247183,-0.01651064314,0.6317687861,0.02370119446,0.0474690224,0.001699959287
0.7596022663,-0.01305901348,0.7253789236,-0.03056452984,0.0696958991,0.01411943501,0.9969999663,-0.6432955865,0.1007092221,-0.1226504969,1.282785787,-0.1967921242,0.03679019014,-0.6233076696,0.08018868409,0.0834415823,0.8115016597,-0.3284545739,-0.01018279064,0.1062460051,-0.01258957626,-0.1557080522,0.2685014866,0.242287679,-0.01248670083,0.6340240354,0.03226172557,0.01777398739,-0.01025739379,0.1253304804,-0.207727265,-0.01424742478,0.629693406,0.02253568148,0.04745245534,0.002300884092
0.7623551396,-0.01225163059,0.7354902012,-0.03122382602,0.07118508199,0.01219918462,0.9968996623,-0.6183663967,0.0968416589,-0.1256192998,1.2302915,-0.1732223519,0.03846619247,-0.5821906799,0.08175728646,0.08915403429,0.7291763128,-0.287856914,-0.01412534467,0.1008357481,-0.007985027979,-0.1608303863,0.2674179921,0.2363387003,-0.01399601958,0.6300214182,0.03087094153,0.01986406214,-0.009352044141,0.1331328576,-0.2081278594,-0.0120556552,0.6275417827,0.02120635726,0.04724436359,0.002908257625
0.7652045093,-0.01143550048,0.7448215357,-0.03106569342,0.07286877399,0.01013011887,0.9968061222,-0.5957828472,0.09223684253,-0.1262310388,1.181196622,-0.1479738474,0.04026429275,-0.5422983971,0.08230708674,0.09709474364,0.6473277649,-0.2450361247,-0.01929037392,0.0950850922,-0.005082004754,-0.167334011,0.266974448,0.2315111744,-0.01552067841,0.6250317309,0.02955066986,0.02162800237,-0.0085995578,0.1418215214,-0.2086339861,-0.009984039876,0.6247554597,0.01997923039,0.04693717965,0.00347734314
0.7681244378,-0.01067227744,0.7533214469,-0.03024771219,0.07449486952,0.008325733367,0.9967277825,-0.5750225559,0.08658816958,-0.1241379177,1.135693391,-0.1252376427,0.04176514992,-0.502892644,0.08160332497,0.1071069224,0.5668131973,-0.2013213075,-0.02436234791,0.08956304966,-0.004032752771,-0.1744405243,0.2668722418,0.2277609223,-0.01671908214,0.6199880986,0.02812364314,0.02320957242,-0.007927892013,0.1510179397,-0.2089249115,-0.008076379314,0.6221032343,0.01871469564,0.04630927204,0.003982735453
0.7710171761,-0.00997759526,0.7608440331,-0.02877209112,0.07617466126,0.006627735857,0.9966572434,-0.5571764065,0.08017486333,-0.1185066147,1.094949156,-0.1055438862,0.0425480102,-0.4664359507,0.0794376617,0.117731749,0.4909658366,-0.1576426587,-0.03017671017,0.08447116,-0.004813711876,-0.1820429556,0.2669580543,0.2251740297,-0.01760176685,0.6146515608,0.02680914135,0.02443981144,-0.007343219262,0.1602643523,-0.2091442419,-0.006324872112,0.6192376766,0.0175823944,0.04559813365,0.004429720417
0.7738363711,-0.00939875818,0.7673571676,-0.02657890055,0.07770933779,0.005340853306,0.9966073932,-0.5420049534,0.07270360116,-0.1100313195,1.058044815,-0.09230066883,0.042844372,-0.4331195133,0.07488217437,0.1271316236,0.4214025482,-0.1150951869,-0.0354525491,0.07981491184,-0.007815796794,-0.1895435394,0.2669701216,0.223763851,-0.01799421222,0.609476198,0.02549725945,0.02532229786,-0.006832956621,0.1691270953,-0.2089089498,-0.004818484527,0.6165999535,0.01653154885,0.04453617246,0.004746895009
0.7765094182,-0.008886339079,0.7728249477,-0.02415696097,0.07905173708,0.004426015914,0.9965679478,-0.5301213576,0.06489941584,-0.09915562046,1.025029874,-0.08273688993,0.04247755171,-0.4035879836,0.06922135555,0.1346425732,0.3603832448,-0.07587024947,-0.04042215948,0.07574337215,-0.01175851567,-0.1966958782,0.2666720998,0.2230884705,-0.01800087152,0.6046440439,0.02432924332,0.02591373129,-0.006366154945,0.1772954212,-0.208661413,-0.00353188919,0.6140011636,0.01562688604,0.04342707139,0.004992329287
0.7790027821,-0.008447611939,0.7772859179,-0.02162391918,0.08018650195,0.003941461729,0.9965375035,-0.5203814451,0.0568719811,-0.08712201045,0.9921237922,-0.07849738326,0.0414412509,-0.3777899536,0.06259874743,0.1393973217,0.3080490927,-0.04118584589,-0.04472380154,0.07187603801,-0.01633867486,-0.2031479624,0.2658057128,0.222987688,-0.0175979588,0.6002590682,0.02316809851,0.02610170469,-0.005981304878,0.184491766,-0.208228791,-0.00259768052,0.6116884367,0.01484285744,0.04199100043,0.005053897563
0.7812722546,-0.008018046155,0.7807266448,-0.01945365057,0.08104743902,0.003897129921,0.9965127598,-0.5134607262,0.04919592172,-0.07480371416,0.9610520969,-0.07686900886,0.04009586871,-0.3554918681,0.05619033697,0.1416809229,0.2641542097,-0.01168625227,-0.0486001773,0.06836649768,-0.0203151156,-0.2086856068,0.2642113931,0.2230229065,-0.01698430696,0.596392143,0.02213767008,0.0260943698,-0.005633440254,0.190612613,-0.2080813617,-0.001972401381,0.609448817,0.01418837302,0.04055192808,0.005036444957
0.7832869579,-0.007630785536,0.7832996113,-0.01703842574,0.08159779227,0.004146072805,0.9965110649,-0.5077047988,0.0411548657,-0.06273337741,0.9293737255,-0.07940115553,0.03860540602,-0.3374059555,0.04890155484,0.1412969848,0.2276269911,0.01503453046,-0.05226436114,0.06492268693,-0.02503197007,-0.2130501776,0.2619356494,0.2235114421,-0.01607540004,0.5928377058,0.02112608374,0.02580201924,-0.005328162417,0.195345583,-0.207645205,-0.001616857071,0.6075116754,0.01362993348,0.03891528943,0.004897457789
0.7850467932,-0.00721599656,0.785009971,-0.01487325259,0.08176363384,0.004704878445,0.9965296577,-0.503695584,0.03358185391,-0.05169631671,0.8996465668,-0.08346949674,0.03721181883,-0.3226349156,0.04176216699,0.1393177922,0.1981440612,0.03786352088,-0.05561231149,0.06173125246,-0.02919373385,-0.2161959288,0.2589417754,0.2239886934,-0.01507554777,0.589756486,0.0202347711,0.02541370708,-0.005044045324,0.1988151918,-0.2074128624,-0.001472385635,0.605654922,0.01316893638,0.03734832691,0.004721654492
0.7865716707,-0.006805760119,0.7861196975,-0.01252134687,0.0816224668,0.005233591895,0.9965709199,-0.4989259231,0.02609801286,-0.04196071289,0.8672515541,-0.09058485396,0.03535401253,-0.3111451543,0.03430477596,0.1360693261,0.1757012292,0.05622161477,-0.05792424367,0.05861957422,-0.03388347847,-0.2182259555,0.2553666063,0.2247417361,-0.01381125513,0.5871922953,0.0192961568,0.02478921571,-0.004757268276,0.200971778,-0.2067663534,-0.001423911161,0.6041917735,0.01272973152,0.03566924277,0.004437725518
0.7878798342,-0.006317801478,0.7866352478,-0.01053686719,0.08125262854,0.005896992944,0.9966203943,-0.4947413688,0.01955448584,-0.03428110829,0.8358027092,-0.09846854506,0.03357461977,-0.3019274721,0.02733343386,0.1321428155,0.1590004179,0.06956672237,-0.0590503793,0.05558038222,-0.0376568547,-0.2195068737,0.2512610422,0.2252639149,-0.01255467258,0.5852099028,0.01845172922,0.02416205282,-0.004480929814,0.2021712739,-0.206283361,-0.001470050856,0.6027911473,0.01235379877,0.03410004041,0.004141911837
0.7890329182,-0.005776811563,0.7868871448,-0.008456063307,0.08080057396,0.006360585895,0.9966741219,-0.4881493102,0.01286146231,-0.02849340046,0.7988389057,-0.1076950588,0.0314441441,-0.2950983397,0.02037243499,0.1274915024,0.1476755024,0.07807497926,-0.05876679941,0.05241335027,-0.04175777822,-0.2205926386,0.2468935928,0.2258552468,-0.01105391535,0.5840016856,0.01753636024,0.02342946223,-0.004141909887,0.2025947504,-0.2052698918,-0.001398411719,0.6018658896,0.01194376539,0.03251716843,0.003817621858
0.7900203331,-0.005097562163,0.7868615498,-0.00686224699,0.08038884155,0.006820905224,0.9967166192,-0.4812123334,0.007089339654,-0.02503390701,0.7617566498,-0.1170426811,0.02947979013,-0.289972224,0.01419004295,0.1222159413,0.1401076616,0.08239576122,-0.05741581147,0.04911799615,-0.04467821967,-0.2218028783,0.2422428475,0.2260249035,-0.009631204895,0.5834123811,0.01670497164,0.02279910957,-0.003801201366,0.2025905552,-0.2043555303,-0.001297999917,0.6009421973,0.01157884552,0.03107560036,0.003521555506
0.7909151942,-0.004319642137,0.7867061781,-0.005293559413,0.08011562333,0.007036840698,0.996746682,-0.4708513161,0.001245974349,-0.02325351241,0.7171201631,-0.1263791883,0.02741675318,-0.2867552606,0.008328459181,0.1159077405,0.1362159525,0.08257826736,-0.05557423897,0.0455370331,-0.04752084718,-0.223462911,0.2376301298,0.2260970688,-0.008037373528,0.5833601425,0.01580013515,0.02212475176,-0.003329425554,0.2022888173,-0.2030653012,-0.0009790281391,0.6000747831,0.01117125676,0.02959466472,0.003266046052
0.7916739261,-0.003362659406,0.7863754803,-0.004270969667,0.08009552062,0.007217477465,0.9967519122,-0.4596815573,-0.003690967961,-0.02342128989,0.6720240644,-0.1354920601,0.02559210949,-0.2850203868,0.00334493098,0.1085203598,0.1345851853,0.0795562726,-0.0534029582,0.04168612754,-0.04893525669,-0.225703189,0.2328794346,0.2256614866,-0.006604738549,0.5835968126,0.01497518207,0.02156212155,-0.002852812255,0.2019159182,-0.202007258,-0.0006144119033,0.5988328181,0.01080748551,0.02818331178,0.00305872968
0.7923386538,-0.002216090173,0.7860496367,-0.003399366521,0.0802537122,0.007179020886,0.9967428192,-0.4452039948,-0.008667336655,-0.02491438202,0.6202677048,-0.1437505427,0.0238174245,-0.2850570337,-0.001247743966,0.1003461376,0.1356536221,0.07378281562,-0.05132636498,0.03768671599,-0.04972251761,-0.2285823502,0.2283674842,0.2248469828,-0.005119869437,0.5840256653,0.0140268279,0.02097220525,-0.002238250443,0.2016336944,-0.2010079673,-3.710188351e-05,0.5971414634,0.01035276078,0.02663480223,0.002948406481
0.7928537037,-0.0008219703871,0.7856707694,-0.003085073937,0.08066542014,0.007178318859,0.996710612,-0.4301083911,-0.01287679011,-0.02776257664,0.5692867995,-0.1515892117,0.02229198294,-0.2864171143,-0.005091073158,0.09120771333,0.138243366,0.06622912017,-0.04927436721,0.03343786929,-0.04885082385,-0.2320552552,0.223822498,0.2234088666,-0.003895167217,0.5844161651,0.01314470827,0.02046327142,-0.001640219574,0.2015079126,-0.200510623,0.0005171899211,0.5948136275,0.009930515104,0.02506328055,0.002888907551
0.7932725173,0.000801620335,0.7852581695,-0.003052987699,0.08120261422,0.006946353151,0.9966687328,-0.411913164,-0.01671102438,-0.03127528211,0.5134418708,-0.1588879994,0.02104925385,-0.2890900213,-0.008430424718,0.0812291856,0.1426863754,0.057021917,-0.04738436796,0.02919046254,-0.04689677693,-0.235932078,0.2196283263,0.2215043029,-0.002733913988,0.5846225965,0.01212449522,0.01984439065,-0.000921107122,0.2015687127,-0.2004574177,0.001146501687,0.5918426399,0.009408543307,0.02325895537,0.002932060628
0.7935391009,0.002690903194,0.7847547641,-0.003559175935,0.08197923242,0.006747293943,0.9966048423,-0.3933311637,-0.01975440757,-0.03544535597,0.4598002053,-0.1659062518,0.02005343224,-0.292819771,-0.01114233045,0.07021439888,0.1480370597,0.04690634099,-0.04545769316,0.02477946951,-0.04323898286,-0.2402298671,0.2154645601,0.2190407973,-0.001895379398,0.584514478,0.01117200739,0.01923661434,-0.0002454763898,0.2018058674,-0.2011119774,0.001617731404,0.5882317374,0.008921001006,0.02138455529,0.003001532836
0.7936916825,0.00483158405,0.7841690345,-0.004387726881,0.08276854967,0.006302416051,0.9965392088,-0.372599805,-0.02185947828,-0.03983944765,0.4044839755,-0.1731323298,0.01916126737,-0.2972874366,-0.01344812315,0.05895742062,0.1544228916,0.03608842868,-0.04334985254,0.02073072639,-0.0383413626,-0.2445849263,0.2117364304,0.2161261845,-0.001188637359,0.5841036229,0.01009374254,0.01850158886,0.0005140642066,0.202200423,-0.2024566983,0.002049246718,0.5841259666,0.008313427106,0.01926679879,0.003167874128
0.7936846136,0.007235996693,0.7834619666,-0.005635279647,0.08372239584,0.005873742664,0.9964558712,-0.3520695579,-0.02308423003,-0.04457435793,0.3530632693,-0.1801893077,0.01841660349,-0.3024545184,-0.01542448398,0.04713387829,0.1611976738,0.02506274465,-0.04067411584,0.0167718388,-0.03200766673,-0.2491345838,0.208166775,0.212806534,-0.0007997272499,0.5833515878,0.009092426446,0.0177593707,0.001207780642,0.2027030746,-0.2045454842,0.002238884286,0.5796647859,0.007739106987,0.01711428871,0.003336830128
0.7935798462,0.009862265887,0.782601617,-0.006935469692,0.08473272358,0.005181736823,0.9963661046,-0.3305824058,-0.0239532134,-0.04908781296,0.3048039553,-0.1848282575,0.01787558451,-0.3077538991,-0.017635397,0.0351655595,0.1678493924,0.01376355641,-0.03701798107,0.01291686562,-0.02510509581,-0.25383359,0.2050551041,0.2093967767,-0.0005413542975,0.5823975144,0.008019395465,0.01690597106,0.001933872498,0.2032981997,-0.2070625013,0.002276441611,0.5753344138,0.007055027876,0.01482939768,0.003558200752
0.7932885902,0.01264084249,0.7817158036,-0.007895497427,0.08603127196,0.004659581855,0.9962502545,-0.3118974422,-0.02553275599,-0.0524074594,0.2609162195,-0.1847811753,0.01731524128,-0.3136511254,-0.02100950158,0.02301833988,0.1740860179,0.002690479159,-0.03245212015,0.00847980267,-0.01872115625,-0.2588467781,0.2018330799,0.2062487855,-0.0004447287352,0.5816885745,0.007043647782,0.01609049732,0.002575509355,0.2038200141,-0.2094113882,0.001980120158,0.5717629363,0.006406699157,0.01264381397,0.003721278715
0.792832627,0.01534852125,0.7810644755,-0.00776300307,0.08755509096,0.004577479752,0.9961189128,-0.2973726922,-0.02914314971,-0.05360137584,0.2199365041,-0.1747656165,0.01795597012,-0.3198280654,-0.02695725736,0.01278426951,0.1796444693,-0.007858347347,-0.02708456827,0.003292927866,-0.01521838061,-0.2638302125,0.1983925869,0.2040865842,-0.0001912193609,0.5818853046,0.006109082452,0.01536991139,0.00326333523,0.2041221133,-0.2104954435,0.00155849202,0.5700396678,0.005668088814,0.01065522725,0.003930339495
0.7921957903,0.01799290899,0.7807465621,-0.006631966665,0.08913527569,0.004719183806,0.9959862695,-0.286962278,-0.03482757659,-0.05316001212,0.1841034891,-0.1592864609,0.01919992914,-0.3261373273,-0.03509968702,0.004109248688,0.1843418227,-0.01672077255,-0.02188654419,-0.002111041532,-0.01435671463,-0.2683801665,0.1947129461,0.2026928162,0.0002257595046,0.5829960505,0.005295587696,0.01485773239,0.003905957464,0.2043151546,-0.210407164,0.001143794132,0.5698681777,0.004982973439,0.009094153,0.004106010406
0.7914389174,0.02056039123,0.7806801672,-0.004875733544,0.09046687906,0.00491267767,0.9958754122,-0.2790537348,-0.04165906572,-0.05133644202,0.1532921869,-0.1407769117,0.020942232,-0.3317437233,-0.0445111392,-0.002444413333,0.1879182148,-0.02337834174,-0.01754254268,-0.00719006188,-0.01538556398,-0.2720134527,0.1910623411,0.2018466666,0.0008551480119,0.5846185099,0.004489217076,0.01453866836,0.004558820704,0.2045185724,-0.2095759023,0.0009622091013,0.5706958887,0.004241574168,0.007859076383,0.004316713728
0.7905732849,0.02307843398,0.7808392891,-0.002752451942,0.09146599211,0.005018611592,0.9957917502,-0.2728922034,-0.04917518274,-0.04851316721,0.1273622594,-0.1215442647,0.02300218569,-0.336726331,-0.05454604896,-0.007585781285,0.1904725812,-0.02676635079,-0.01439343953,-0.0116438339,-0.01763152263,-0.2745925412,0.1876576916,0.2013506009,0.001601120124,0.5864145534,0.003772454448,0.01438897339,0.005165934899,0.2048564761,-0.2082987423,0.001046489709,0.5719888466,0.003564840386,0.006985641338,0.004537215602
0.7896687302,0.02549796849,0.7811426351,-0.0005400201923,0.09213347692,0.005051813324,0.9957337044,-0.2680336114,-0.05667561861,-0.04487736325,0.1059372446,-0.1027873874,0.02551217299,-0.3406903051,-0.06454183424,-0.01106350183,0.1918432417,-0.0272992953,-0.01189063296,-0.01545072758,-0.02059627212,-0.2762809847,0.1846394048,0.201219021,0.002422460444,0.5881899192,0.003142478672,0.01429939608,0.005785464993,0.2053255542,-0.2067193499,0.001408279126,0.573617131,0.002919020405,0.006284579001,0.00484663503
0.7887406514,0.02783015722,0.7815627008,0.001643075804,0.09248283556,0.004997210089,0.9957003833,-0.2639609226,-0.06402156035,-0.04084863714,0.08831087835,-0.08548355479,0.02828249474,-0.3439175761,-0.07417934696,-0.01325993256,0.192365845,-0.02471151718,-0.01017537461,-0.01859218799,-0.02395357435,-0.2771666332,0.1821645159,0.2013656719,0.003271917798,0.589776159,0.002606587989,0.01426032587,0.006357067353,0.2060062894,-0.2049727866,0.002012384152,0.5752808799,0.002351431236,0.005784114556,0.005182695469
0.7878137979,0.03005962688,0.7820320128,0.0036413729,0.09257310163,0.004967225481,0.9956868423,-0.2607756035,-0.07089200701,-0.03668105565,0.07429421464,-0.0700796415,0.03127256205,-0.3461516558,-0.0830522384,-0.01421666441,0.1920036135,-0.02017301021,-0.009055165256,-0.02127980643,-0.02728508116,-0.2773790904,0.1800808736,0.2017300287,0.004104280777,0.5912163642,0.002128986788,0.01419869659,0.006912469038,0.2068137041,-0.2031692388,0.00274628268,0.5770129194,0.001845633666,0.005266282382,0.005563112377
0.7869006084,0.03219753348,0.7825091863,0.005353365793,0.09242659243,0.004949983401,0.9956928061,-0.258001593,-0.07705753388,-0.03253637342,0.0630805216,-0.05693346379,0.03456932851,-0.3476450482,-0.09096572929,-0.01436429983,0.1911297178,-0.01403977899,-0.008509352132,-0.02347426955,-0.03032181586,-0.2770087608,0.1784796318,0.202243424,0.004892288396,0.5923625907,0.001720551193,0.01413896672,0.007410526754,0.2078134932,-0.2014418184,0.003580297527,0.5785432494,0.001413678318,0.004828686812,0.005941896789
0.7860122067,0.03424303231,0.7829504432,0.006689070752,0.09208501382,0.004955725466,0.9957163488,-0.2556539772,-0.08227950225,-0.02856690328,0.05476202036,-0.04773119725,0.03813610858,-0.3483203414,-0.09768814533,-0.01411264807,0.189728653,-0.006976762003,-0.008325913847,-0.02532446605,-0.03284006153,-0.2762293403,0.1771707039,0.2028398181,0.005596490432,0.5933074994,0.001377309504,0.01400169871,0.007873232853,0.2088919953,-0.1998548302,0.00441915713,0.5799974451,0.001061628797,0.004332123065,0.006338334083
0.7851565766,0.03622131375,0.7832823679,0.007497544017,0.09156377304,0.004904279409,0.9957589118,-0.2531019705,-0.08622859147,-0.02522339781,0.04848330636,-0.0434886265,0.04143822389,-0.348418345,-0.1029771144,-0.01381768042,0.1881563923,0.0005028105622,-0.008431592373,-0.02664929306,-0.03444678201,-0.2750858331,0.1762271108,0.2034122713,0.006204164357,0.5938412643,0.001090326213,0.01383482833,0.008278635908,0.2100878852,-0.1986341291,0.005254021998,0.5810411239,0.0007741784786,0.003873560496,0.006719916061
0.7843373748,0.03814221724,0.7834744296,0.007697420236,0.09093436627,0.004778033061,0.9958156763,-0.2504308414,-0.08880287476,-0.02257948426,0.04408200381,-0.04511164559,0.04494601051,-0.3480142343,-0.106670858,-0.01395006082,0.1864162405,0.007908162814,-0.008723838306,-0.02755100719,-0.0348945395,-0.2737723047,0.1754821282,0.2038708438,0.006684324097,0.5940935872,0.0008751419963,0.01360124315,0.008675788295,0.2112570557,-0.1978326249,0.006004880551,0.5818333752,0.0005729652631,0.003336360925,0.007143918007
0.7835535824,0.04000871225,0.7834893675,0.007344624542,0.09026318891,0.004580842128,0.9958803287,-0.2475823868,-0.0901798592,-0.02083808728,0.0405382249,-0.05038910631,0.04825607562,-0.347399626,-0.1089684588,-0.01447897661,0.1847617749,0.01477966316,-0.008987132531,-0.02807364685,-0.03431265284,-0.2724394778,0.1749516635,0.2042548221,0.00705528128,0.5939922476,0.0007042299517,0.01333590453,0.009026368167,0.212389401,-0.1974459558,0.00665234613,0.5823020012,0.0004191263763,0.002808613209,0.007545630581
0.7827915717,0.04180317661,0.7833975508,0.006628439423,0.08965782646,0.004415366418,0.9959407826,-0.2451208404,-0.09084363694,-0.01959749112,0.0376639236,-0.05735345058,0.05220531463,-0.346774869,-0.1102768881,-0.01547152078,0.1831981681,0.02090477362,-0.009257075028,-0.02850702103,-0.03312179652,-0.2712591781,0.1744580915,0.2046313049,0.007329617432,0.5938171903,0.0005923155492,0.01300229438,0.009369782392,0.2133563359,-0.1972352654,0.007132703339,0.582855105,0.0003298831917,0.002221028348,0.007961322547
0.7820485533,0.04350401358,0.7832307687,0.005779585222,0.08915236902,0.004286176921,0.9959920081,-0.2432528556,-0.0912504917,-0.01879009325,0.03499938148,-0.06311487834,0.05628320258,-0.346292631,-0.1111047724,-0.01664730667,0.1818110673,0.02603830037,-0.00938837561,-0.02893288929,-0.03190252071,-0.2703228433,0.1739899562,0.2051273439,0.007569885624,0.5936381771,0.000511230009,0.01266606155,0.009672117448,0.2141488401,-0.1969949074,0.007479165271,0.5835805062,0.000266839409,0.001692607711,0.008329444289
0.7813286077,0.04508313892,0.7830905444,0.004932047372,0.08873415062,0.004192538677,0.9960343107,-0.2421110989,-0.09162801617,-0.01811302557,0.032753561,-0.06702764717,0.06093561839,-0.3459429816,-0.1116973534,-0.01786586741,0.1806344466,0.03009663989,-0.009394087346,-0.02947898023,-0.03092553575,-0.2695559476,0.1734399744,0.2057201635,0.007817792472,0.5936395967,0.000430129796,0.01228932887,0.0099541639,0.2147012562,-0.1965932178,0.007698272113,0.584665052,0.0002117356096,0.001145548839,0.00865021572
0.7806347032,0.04653010418,0.7830064829,0.00420608676,0.08838496197,0.004080011494,0.9960691546,-0.2416148676,-0.09213776975,-0.0175048448,0.03090554817,-0.06860351997,0.0656305408,-0.345723191,-0.1122782178,-0.01897867757,0.1796134376,0.03321798416,-0.00933739132,-0.0300759513,-0.03049132588,-0.268937288,0.1728440401,0.2064541704,0.008101408629,0.5938065729,0.0003585729722,0.01195141178,0.0102032811,0.2150593752,-0.1959480589,0.007859013258,0.5860214498,0.0001633282175,0.0007031837748,0.008914409678
0.7799748857,0.04784859585,0.7830199375,0.003618139824,0.08810667066,0.003939087048,0.9960966857,-0.2416766998,-0.09288556503,-0.01680605399,0.02956099759,-0.06845272393,0.07108808824,-0.345487491,-0.1127499687,-0.01990761925,0.1786912893,0.0353342856,-0.009202974865,-0.03085853628,-0.03053864947,-0.2684426307,0.1722089599,0.2072829081,0.008403407968,0.594166439,0.0003457492133,0.01163393348,0.01046920476,0.2153118078,-0.1950683133,0.007993736593,0.5876258699,0.0001551427821,0.0003381396636,0.009186739067
0.7793508282,0.04904093251,0.7831368936,0.003169826191,0.08787056643,0.00369113136,0.9961200185,-0.2420646676,-0.09375502265,-0.01606349382,0.02870273732,-0.0672346626,0.07668573766,-0.3452396068,-0.113098826,-0.02070470589,0.1778079319,0.03672129172,-0.009087892699,-0.03166668552,-0.03107167237,-0.2680073442,0.1715711723,0.2081795619,0.008731941333,0.5946371312,0.0003526594517,0.01137861239,0.01071744675,0.2155109497,-0.1939923068,0.008150924292,0.5893064096,0.0001598968669,8.912936876e-05,0.009434168037
0.7787677527,0.05013494188,0.7833434299,0.002807205762,0.0876729835,0.003375564264,0.9961396354,-0.2426020502,-0.09468580912,-0.01525126367,0.02821676853,-0.06563162588,0.08262906213,-0.3448232396,-0.1131660593,-0.02136691034,0.1769899091,0.03718805985,-0.008693724253,-0.03257509857,-0.03181937936,-0.2676367777,0.1709718126,0.2090609104,0.009055032711,0.5951780567,0.0004074637269,0.0111622351,0.01099379609,0.2157341853,-0.1928282782,0.00833174362,0.5909678184,0.0001989689169,-0.0001011212388,0.009718377749
0.7782234005,0.05113879036,0.7836259243,0.002488328508,0.08750501883,0.002944084255,0.9961566204,-0.2431258742,-0.09553508795,-0.01445751581,0.0280286283,-0.0644479002,0.08844484035,-0.3442992774,-0.1128630556,-0.02200584769,0.1761756075,0.03713356908,-0.008304688046,-0.03345971148,-0.03267547833,-0.2672919536,0.1704196523,0.2098873352,0.009363574862,0.5956944343,0.0004707411115,0.01099612086,0.01125296439,0.2160115629,-0.1916558225,0.008547539006,0.5924607395,0.0002449234121,-0.0002291767984,0.009990249646
0.7777176057,0.05208464631,0.7839320727,0.0021638833,0.08734983607,0.002440893754,0.9961723575,-0.2434999226,-0.09628467236,-0.01369199761,0.02797597535,-0.06409511735,0.0942837478,-0.343500835,-0.1120555684,-0.02261640088,0.1753207815,0.03657268586,-0.007953329463,-0.03439041057,-0.03337395406,-0.2669399194,0.1699391163,0.2105565389,0.009639626792,0.5961402799,0.0005063033494,0.0108211689,0.01148690005,0.2163672114,-0.1906182391,0.008769389544,0.5937222325,0.0002788737236,-0.0003593977188,0.01023684583
0.7772461094,0.05297820207,0.7842376209,0.001803880883,0.08722334771,0.001850066508,0.99618543,-0.2436820956,-0.09684657661,-0.01306298575,0.02797075919,-0.0650918027,0.09972525927,-0.3425561925,-0.1106879227,-0.02329760828,0.1744800328,0.0358882992,-0.007642083095,-0.03529939808,-0.03384640941,-0.266593069,0.1695098979,0.2110663012,0.009854063737,0.5964360588,0.0005286861077,0.01065957492,0.01168582808,0.2168118998,-0.1897693022,0.008978065894,0.5946707321,0.0003064948655,-0.0004862985573,0.01045205731
0.7768143679,0.05384169645,0.7844916302,0.001430074131,0.08710653873,0.001259605839,0.9961971789,-0.243619797,-0.09742253224,-0.01249868109,0.02786613416,-0.06740471509,0.1054715979,-0.3413721536,-0.1088476792,-0.02389736262,0.1737319203,0.03548665703,-0.007111471366,-0.03631634249,-0.03404956516,-0.266310106,0.1691651204,0.2114339764,0.01000001396,0.5965896749,0.0005628991945,0.01050125559,0.01189809587,0.2173696721,-0.1891221497,0.009167180991,0.5953422129,0.0003433208709,-0.0006323077498,0.0106930262
0.7764177845,0.05467255293,0.7846771978,0.00105006127,0.0870267964,0.0006789927438,0.9962051862,-0.2434063037,-0.09796243237,-0.01210226784,0.02759030508,-0.07078518916,0.1109425069,-0.3400535483,-0.1065551439,-0.02451710346,0.173144413,0.03541347973,-0.006516083637,-0.03741476873,-0.03402397875,-0.266132202,0.168850947,0.2116916492,0.01006742956,0.5965857275,0.0005967586824,0.01035045363,0.01208567713,0.2180455066,-0.188668618,0.009311278648,0.5957440014,0.0003797646698,-0.0007942756832,0.01091550592
0.7760542777,0.05547410864,0.7847944034,0.0006442439192,0.08697450992,0.0001529912985,0.9962103172,-0.2430375231,-0.09847768892,-0.01180274703,0.02700821721,-0.07468060136,0.1166946744,-0.3385797018,-0.103899347,-0.02500330414,0.1727159452,0.03557861306,-0.005802219005,-0.03865641647,-0.03374620883,-0.2660366142,0.1685780931,0.211845921,0.01007134676,0.5964773721,0.0006238058094,0.01017954229,0.01225546699,0.2187964281,-0.1883863376,0.009411618907,0.5959782445,0.000406351284,-0.0009790575178,0.01112763718
0.7757182803,0.05624115544,0.7848452054,0.0002810261006,0.08698590772,-0.000342190886,0.9962094437,-0.2427098088,-0.09902543588,-0.01161507144,0.02615259467,-0.07848960834,0.1221063283,-0.3370944913,-0.101136495,-0.02556976743,0.1723987693,0.03561733012,-0.00514493231,-0.03997661965,-0.03340081655,-0.2660909,0.1682972102,0.2119427022,0.01002012852,0.5962982529,0.0006460771018,0.0100081965,0.01239458608,0.2196102717,-0.1882168783,0.009453567207,0.5961157795,0.0004269723301,-0.001168973856,0.01130843615
0.775405811,0.05698218483,0.7848433498,-2.297058171e-06,0.08704888807,-0.0007687011391,0.9962037443,-0.2425007276,-0.09986083027,-0.01137704778,0.02503717568,-0.08163015613,0.1283315836,-0.3355918554,-0.09842770643,-0.02601878638,0.1721423877,0.03571040265,-0.004322774195,-0.04150745681,-0.03309498377,-0.2663336998,0.1680143514,0.2120256727,0.009937066483,0.5961167792,0.0006875742824,0.009847503518,0.01254457674,0.2204868503,-0.1880896393,0.009470137806,0.5962660413,0.0004470791864,-0.001346416006,0.01151189449
0.7751102551,0.05769360424,0.7848027638,-0.0001546777146,0.08717199271,-0.001218584615,0.996192519,-0.2425046752,-0.1009230806,-0.01111349487,0.0237895423,-0.08381446846,0.1344741246,-0.3341972907,-0.09600486764,-0.02656088451,0.1718760264,0.03530628529,-0.003616085224,-0.04306704867,-0.03297227887,-0.2667643629,0.1676980061,0.2121144601,0.009847633268,0.5959745615,0.0007309079298,0.009704098573,0.01267966164,0.2213932393,-0.1879532995,0.00946141561,0.5964875672,0.0004640106828,-0.00149542667,0.01169734004
0.7748347545,0.05837572325,0.7847560441,-0.0002447840572,0.08731181646,-0.00167048579,0.9961796004,-0.2426071643,-0.1020746991,-0.01075665121,0.02246590928,-0.0850081148,0.1409668401,-0.3328215374,-0.09395598864,-0.02705843992,0.1715173305,0.03413609793,-0.002883869397,-0.04463526952,-0.03292199627,-0.2672943737,0.1673692144,0.2121637627,0.009782894055,0.5959035303,0.0007406666231,0.009570447864,0.01281118744,0.2222759916,-0.1878232125,0.009459405785,0.5968203396,0.0004396816598,-0.001622466062,0.01186959505
0.7745736485,0.05902506891,0.7847135881,-0.0002461188546,0.08747398295,-0.002186969482,0.9961643734,-0.2428549068,-0.1032790322,-0.01031313174,0.02118230514,-0.08533578552,0.1471268191,-0.3315953954,-0.09230899318,-0.02748124189,0.1710296121,0.03243939452,-0.002224917485,-0.04609907858,-0.03302224351,-0.2679170109,0.167024783,0.2121978855,0.009741403692,0.5958985595,0.000738725231,0.009458151245,0.01292893095,0.2231155938,-0.1876610115,0.009460638945,0.5972587232,0.0004042327362,-0.001709262343,0.01201829911
0.7743323989,0.05964227867,0.7846809595,-0.0001830965967,0.08763535283,-0.002733739549,0.9961488534,-0.2431708016,-0.1046105053,-0.009734406312,0.01996231409,-0.08494762772,0.1537128648,-0.3303729403,-0.09095195687,-0.02780379541,0.1703706222,0.03037506206,-0.001375600666,-0.0475778693,-0.03323753135,-0.2686325501,0.1666982958,0.2122599761,0.00970024157,0.5959616967,0.0008081380564,0.009368311298,0.01308760248,0.2239361083,-0.1874356639,0.009478188617,0.5978098202,0.0004127865722,-0.001733813292,0.01221495929
0.77410585,0.06022452406,0.7846611986,-5.74244081e-05,0.08779265138,-0.003356682718,0.9961331135,-0.2435406525,-0.1059752744,-0.009091810422,0.01887631747,-0.08415495899,0.1600838741,-0.3292601005,-0.08980977988,-0.02799549161,0.1696086913,0.02823885214,-0.0005292270983,-0.0489740231,-0.03357979073,-0.2694097741,0.1663804174,0.2123567073,0.009671751202,0.5960673123,0.0008917244387,0.009302620537,0.01324308268,0.224735348,-0.1871372265,0.009515855905,0.5984267322,0.0004332384991,-0.001711696584,0.01240747059
0.7738952322,0.0607745109,0.7846544985,4.215868144e-05,0.08791095048,-0.004007887665,0.9961202738,-0.2438300135,-0.1071568051,-0.008384018467,0.01791026042,-0.08317272618,0.166273358,-0.3280607163,-0.08871639439,-0.02803897866,0.1687867182,0.02567112784,0.0003323787823,-0.05026347772,-0.0338126973,-0.2700798938,0.1660692706,0.2123824532,0.009655865216,0.5961922774,0.0009072076801,0.009218513926,0.01333672196,0.2254517776,-0.1868790984,0.009559669023,0.5990600451,0.0003988122056,-0.001690110483,0.01252398584
0.7736987555,0.06129020751,0.784657136,0.0001242264415,0.08801268919,-0.004697709466,0.9961082685,-0.2440740451,-0.1081674724,-0.007684459149,0.01707824108,-0.08230120502,0.1719099305,-0.3269117177,-0.08763355637,-0.02794901022,0.167931445,0.02313783774,0.001152133898,-0.05142244199,-0.0339643866,-0.2706869349,0.1657721853,0.2123612316,0.009632929649,0.5962959865,0.0008996437476,0.009138500619,0.01339858584,0.226103862,-0.1866511339,0.009600113817,0.5996581351,0.0003511957052,-0.001659937014,0.01260289378
0.7735200645,0.06177452883,0.7846528468,0.0001681678545,0.08809752396,-0.005408922605,0.9960971547,-0.2443245631,-0.1091252803,-0.006963858589,0.01639283212,-0.08144005032,0.1777807712,-0.3256226053,-0.0862364456,-0.02765705818,0.1670096395,0.02059406214,0.002162194007,-0.05276330701,-0.03397043779,-0.2713000125,0.1654892823,0.2122940981,0.00959036119,0.5963759406,0.0009090043569,0.009049430629,0.01344324825,0.2267366916,-0.186473946,0.009636289353,0.6002519768,0.0003121914321,-0.001600690367,0.01266864334
0.7733561797,0.06222324273,0.7846373732,0.0002046182812,0.08817597997,-0.006180170951,0.9960857193,-0.2445663443,-0.1100185967,-0.006318004603,0.01583480432,-0.08076142381,0.183384222,-0.3243321321,-0.08459712217,-0.02731755246,0.1660976628,0.01828566709,0.003166932901,-0.05417371919,-0.03392966713,-0.2719320458,0.1651853605,0.2122171042,0.009515326419,0.5964137946,0.0009225566518,0.008966751517,0.01347156174,0.2273847127,-0.1863206367,0.009650951292,0.6008005544,0.0002804166987,-0.001531559083,0.01271966265
0.7732130581,0.06264225264,0.7846006583,0.0002258972271,0.08821915893,-0.006948719822,0.9960768265,-0.2447524665,-0.1108560917,-0.005635133819,0.01542312484,-0.08025206534,0.1892209666,-0.3229597865,-0.08283012167,-0.02703046788,0.1653172209,0.01599786591,0.004192474523,-0.05569561677,-0.03378383391,-0.2725650399,0.1648548534,0.2121153602,0.009424975018,0.5964198204,0.0009118382214,0.008882665728,0.01347242195,0.2280245428,-0.1862146115,0.009643287202,0.6013179298,0.0002307511547,-0.001462239858,0.01273364239
0.7730900387,0.06302904192,0.7845417504,0.0002617443266,0.08824514734,-0.007756775161,0.9960685508,-0.2448916661,-0.1116392126,-0.004992636525,0.01510099073,-0.07988190962,0.1947230184,-0.3216153165,-0.08100945434,-0.02684066798,0.1646509968,0.01387931579,0.005114181701,-0.05722298125,-0.03362091362,-0.2732396985,0.1644847082,0.212012198,0.009313390501,0.5963893355,0.00089514994,0.008803989333,0.01345900348,0.2286830303,-0.1861360883,0.009607773774,0.6017884849,0.0001814968461,-0.001397150968,0.01272975948
0.7729885189,0.06338628023,0.7844396325,0.0004128962896,0.08818981933,-0.008531183505,0.9960670681,-0.2448690016,-0.112588362,-0.004268384957,0.01494362111,-0.07975535979,0.2002740613,-0.3204323788,-0.07987081998,-0.02704833709,0.1639507861,0.01249645161,0.005649311424,-0.0587229237,-0.03363397889,-0.2738659398,0.1641104564,0.2119738283,0.009204238147,0.5963027539,0.0008773537073,0.008716461568,0.01343043021,0.2292887236,-0.1860407212,0.009566492703,0.6022162715,0.000130917977,-0.00133463237,0.01270934225
0.7729127497,0.06371498983,0.7843003673,0.0006504073663,0.08807367642,-0.009292574285,0.9960704054,-0.2447195773,-0.1136020924,-0.003489846038,0.01485954977,-0.0795716471,0.2053164113,-0.3194378426,-0.07923589643,-0.0273213938,0.1634166266,0.01157049579,0.00600460366,-0.06013206349,-0.03375759367,-0.2745053487,0.1637389088,0.2119702747,0.009101875872,0.5962060443,0.0008621664589,0.008628052971,0.01339780387,0.2298712334,-0.1859422241,0.009519201032,0.6026084665,8.572922465e-05,-0.001277119277,0.01268381908
0.7728411047,0.06403338366,0.7841432282,0.001029007551,0.08791421762,-0.009961627649,0.9960777065,-0.2444827515,-0.1148311938,-0.002618788443,0.01481201901,-0.07926079265,0.2100278471,-0.3185509902,-0.07946000497,-0.02769769791,0.1625040232,0.01152533345,0.00610028803,-0.0614799402,-0.03410934207,-0.2750809612,0.1634041436,0.2120302339,0.009007510045,0.5961168079,0.0008412660147,0.008531770955,0.01332470746,0.2303784189,-0.1858017906,0.009468649297,0.6029910851,3.332149819e-05,-0.001212610071,0.01261763322
0.772775789,0.06434283281,0.7839753117,0.001494854328,0.08772798497,-0.01055043278,0.9960874733,-0.2442143593,-0.1161505326,-0.001647542217,0.01478131476,-0.07869431942,0.2140819441,-0.3178383813,-0.08025816297,-0.02788957282,0.1615909868,0.01188361401,0.006171893394,-0.06271764901,-0.03456468044,-0.275634016,0.1631097139,0.2121103172,0.008923980502,0.5960692368,0.0008220453544,0.00844265194,0.01324467335,0.2308342546,-0.1856446716,0.009415723362,0.6033616996,-1.515563791e-05,-0.001146816596,0.01254307469
0.7727173702,0.0646292586,0.7838166578,0.002050352035,0.08755043961,-0.0111106802,0.9960960141,-0.2439811969,-0.1176532375,-0.0006313064692,0.01485456223,-0.07815275449,0.2180273764,-0.3170549387,-0.08148122221,-0.02790589104,0.1602525386,0.01229875776,0.006514222046,-0.06411004528,-0.03514097078,-0.2761589102,0.1628447395,0.2122406591,0.008854099535,0.5960615072,0.0008351057717,0.008353222846,0.0131679516,0.2312521105,-0.1854317231,0.009373631188,0.6037380404,-3.806327449e-05,-0.001061860211,0.01247176681
0.7726638219,0.06489446945,0.7836692985,0.002641809023,0.08739301675,-0.01169798284,0.996101721,-0.2437849003,-0.1191693666,0.0004097540769,0.01497857682,-0.07762289021,0.2215785533,-0.3163593962,-0.08288486268,-0.02768214159,0.1587988521,0.01258336937,0.007087863759,-0.06549969137,-0.03572823767,-0.2766658554,0.1625858963,0.2123844385,0.008791820189,0.5960992934,0.0008576584328,0.008279079927,0.01309868525,0.2316593132,-0.1851952983,0.009335611038,0.6040929085,-4.971515498e-05,-0.0009746289536,0.01240718008
0.7726185349,0.06515672631,0.783523983,0.003266441006,0.08726251239,-0.01216170114,0.9961057561,-0.2435846602,-0.1206602852,0.001542244157,0.01512078347,-0.07731103937,0.2249787985,-0.3154852705,-0.08497211672,-0.02766233898,0.156920197,0.01142316456,0.007466560237,-0.06651098308,-0.03626575099,-0.2770420586,0.1623557652,0.2125501487,0.008706049183,0.5961600509,0.0008889743968,0.008176679918,0.01298320362,0.2319904153,-0.1849619251,0.009257831407,0.6043513665,-2.6420062e-05,-0.0008898841991,0.0122888751
0.7725773783,0.06541425407,0.7833838097,0.003863065509,0.08719159244,-0.01253251919,0.9961052349,-0.2434694211,-0.1219986444,0.002725968276,0.01524119064,-0.07713630547,0.2279724939,-0.3146739078,-0.08729560389,-0.02749476268,0.1548779385,0.009522831811,0.007930146305,-0.06712880076,-0.03661319681,-0.2773419118,0.1621995891,0.2127096613,0.008636951251,0.596219872,0.0009200026805,0.008071303481,0.01286707947,0.2321925,-0.1847523703,0.009179501119,0.604556318,5.2062871e-06,-0.0008139797865,0.01216589332
0.7725319719,0.06567749568,0.7832688511,0.00438436756,0.08719037705,-0.01270872654,0.9961009506,-0.243398671,-0.1230372761,0.003932715913,0.01520735037,-0.07712444135,0.2303818188,-0.3139586994,-0.09046080497,-0.02708780673,0.1526163567,0.005673989952,0.00795630166,-0.0671274173,-0.03685545085,-0.2775355883,0.1621862718,0.2129470127,0.008525263406,0.5962863695,0.001026818194,0.007947603181,0.01273969399,0.2322621462,-0.1844854693,0.00904346959,0.6046869411,0.0001360064064,-0.0007201788769,0.01202495714
0.7724747616,0.06594550764,0.7831896729,0.004757118977,0.08727363133,-0.01269769575,0.9960920899,-0.2434755427,-0.1236931674,0.005078794078,0.01505809841,-0.0771673536,0.2322129609,-0.3135186862,-0.0939685057,-0.02641914664,0.150268367,0.001281002081,0.008114466755,-0.06657827166,-0.03681487139,-0.2776260133,0.1623588058,0.2132119778,0.008454242865,0.5963733471,0.001145955981,0.007824000829,0.01262845911,0.2320974975,-0.18419304,0.008922559388,0.604818632,0.0002828071711,-0.0006230395148,0.01189527337
0.7724344259,0.06618104061,0.7831568229,0.004879203925,0.08741670136,-0.01250810187,0.9960813526,-0.2435625866,-0.1237003916,0.006099559104,0.01472306297,-0.07730357893,0.2332334841,-0.3131052096,-0.0973725381,-0.0254036706,0.1481321085,-0.003667275789,0.00854335424,-0.06545009183,-0.03643747038,-0.2776213343,0.1627138473,0.2134748882,0.008346628797,0.5964945769,0.001290986763,0.007659645901,0.01239231528,0.2317167869,-0.1839052739,0.008738921027,0.6049609523,0.0004687556232,-0.000485156977,0.0116473075
0.7724045319,0.06638139433,0.7831716981,0.004774627678,0.08762394658,-0.0121374683,0.996068235,-0.2437436382,-0.1232087619,0.006867880931,0.01428394789,-0.07749201992,0.23372623,-0.3128402504,-0.1007410022,-0.024436899,0.1461159305,-0.007975114099,0.009100324091,-0.06385834878,-0.03576711186,-0.2775208295,0.1632947147,0.2137466714,0.008266052366,0.5966135219,0.001427998239,0.007493992735,0.01214355946,0.2310469956,-0.1836234775,0.008564036152,0.6051231623,0.0006464476846,-0.0003335523415,0.01138692129
0.7724044868,0.06653389782,0.7832212506,0.004532939116,0.08786530183,-0.01165004899,0.996053923,-0.2438418671,-0.1223542254,0.007471694324,0.01360960743,-0.07774132836,0.2334295183,-0.3125169626,-0.1040187876,-0.02401078922,0.1446202663,-0.01157986389,0.009679850203,-0.06153548053,-0.03500043738,-0.2773382059,0.1640855843,0.2140369983,0.008122026749,0.5967459263,0.001585560901,0.007275536964,0.01174173927,0.2301090448,-0.183313967,0.008305702971,0.6052958413,0.0008610742974,-0.000136081559,0.01097766085
0.7724322102,0.06663867567,0.7832974101,0.00419329892,0.08814517329,-0.01102062647,0.9960378459,-0.2439581134,-0.1213091571,0.00784496477,0.01281379715,-0.07802895339,0.2327316378,-0.3121676546,-0.107470786,-0.02410503486,0.1434598668,-0.01358118851,0.009847972391,-0.05868536112,-0.03418510806,-0.2770884964,0.1651665098,0.2143562724,0.008001266966,0.5968331824,0.001731711527,0.007050646911,0.01133525456,0.2288314045,-0.183009683,0.008066955619,0.6054427292,0.001064060614,7.21561123e-05,0.01056451053
