0,0,0.7594907453,0,0,0,1,-0.312,0,0,0.669,-0.363,0,-0.312,0,0,0.669,-0.363,0,0,0,0,0.2,0.2,0,0.6,0,0,0,0.2,-0.2,0,0.6,0,0,0
-0.0001177027835,3.529825323e-05,0.7586783558,0.0002717722684,-0.0004532173257,-0.0008244100418,0.9999995205,-0.3070574545,-0.0006092239133,-0.002281151054,0.653400678,-0.3605162648,-0.001313115652,-0.3088956645,-0.002099545502,-0.001876689074,0.6621687253,-0.3585732359,-0.0009133759192,0.003184964541,-0.0005140284431,0.001599576552,0.2001586097,0.1999660332,-0.0003301902749,0.5991771324,6.048814657e-05,-0.000105135352,-0.0001743107779,0.1996730022,-0.2006411342,0.0001739644488,0.5983637263,-0.0002115959725,-0.0004528947288,-0.0001524000574
-0.0002876810522,0.0001018851339,0.7569359256,0.000517037598,-0.0007391295623,-0.002124866848,0.9999973356,-0.3014888186,-0.0009636306231,-0.006327854208,0.6313833445,-0.3579586133,-0.00285402156,-0.3051952047,-0.005029234307,-0.004474981248,0.6524864036,-0.353384104,-0.001966770454,0.008339423071,-0.0008812337005,0.003466154631,0.2008893626,0.1998839389,-0.0007368694661,0.5973932041,0.000124842408,-0.0003959615627,-0.0003834398439,0.1986093176,-0.2020149831,0.0005357413151,0.5953605539,-0.0004709139641,-0.001198060843,-0.0002875553086
-0.0006258226643,8.717263507e-05,0.7546389438,0.001505597134,-0.0007441143642,-0.003596597334,0.9999921219,-0.2972021905,-0.001248320456,-0.005928635068,0.6131411018,-0.350678128,-0.004276705344,-0.301574472,-0.009344990959,-0.007531868964,0.6421838496,-0.354055614,-0.002856076128,0.01367165619,-0.002802545079,0.006582824223,0.2010225705,0.2002096003,-0.0006940876525,0.5957455463,0.0001114007471,-0.001093807003,-0.0004553134033,0.1960675312,-0.2029223331,0.0007521583076,0.593177656,-0.0006332602589,-0.002138732994,-0.000401160609
-0.001382203543,1.414716189e-05,0.7525701905,0.003024560383,-0.001048097885,-0.005037419228,0.9999821888,-0.29716918,-0.00243680688,-0.003337283601,0.6042310381,-0.3425084414,-0.005745805297,-0.3016743175,-0.01380629996,-0.008829280545,0.6382747998,-0.3551569409,-0.00333422675,0.01880780117,-0.005675024316,0.01316807063,0.19881952,0.2000146724,4.010348381e-05,0.5969788967,9.636126752e-05,-0.001754082064,-0.000370648286,0.1905870437,-0.2028368729,0.00047542911,0.5940350792,-0.000767422168,-0.002905749367,-0.0005787650773
-0.002379517502,8.698534263e-05,0.7511134157,0.004408254253,-0.002273566677,-0.00642283911,0.9999670721,-0.2986909843,-0.003538645214,0.0002236442032,0.6036516462,-0.3372189906,-0.007000120849,-0.3035074138,-0.01697956837,-0.008405534487,0.6408944417,-0.3584105473,-0.003419596065,0.02324892633,-0.008209290617,0.02410470703,0.1941423328,0.1986564008,0.001213509544,0.601423379,5.272142219e-05,-0.002123573729,-8.38791103e-05,0.1828219008,-0.20187739,-0.0001842154507,0.597929765,-0.0009038432823,-0.003329861992,-0.0008691132097
-0.003422127389,0.0003176869114,0.7502721764,0.005607802477,-0.004074942321,-0.007628483911,0.9999468754,-0.3002202632,-0.004626421725,0.004070602384,0.6075831717,-0.333700716,-0.007986312338,-0.3055875859,-0.01934742852,-0.006921854438,0.6471589698,-0.3626331274,-0.003452521976,0.02682065022,-0.01026752781,0.03785352296,0.1883287975,0.19630215,0.00227210363,0.6075676912,1.252740559e-06,-0.001954052645,0.000247029984,0.1742466875,-0.2002776978,-0.0008210909719,0.6033292257,-0.001021178025,-0.003238301789,-0.001173095152
-0.004304406463,0.0007321416989,0.7500917108,0.006772959061,-0.006535281171,-0.008758980373,0.9999173453,-0.2993938061,-0.006049335799,0.008137054036,0.6123763475,-0.3307157568,-0.008657463417,-0.3056674772,-0.02169118102,-0.004665982839,0.6540202038,-0.3666464555,-0.003563962162,0.02989755586,-0.01230090591,0.05342649792,0.1822960763,0.1932321101,0.003012185028,0.6148915278,-3.049329414e-05,-0.001486203859,0.0006367967954,0.1657519919,-0.1977591005,-0.001283215089,0.6099162486,-0.001201386511,-0.002844898049,-0.001548946454
-0.004921995287,0.001318445934,0.750459495,0.007871552342,-0.008982279974,-0.009684087314,0.9998817809,-0.2971328717,-0.007566385622,0.01234066723,0.6165587798,-0.3283109024,-0.00901544132,-0.3043266979,-0.02404573237,-0.002008857666,0.6599492747,-0.3702664379,-0.003822567649,0.03223922171,-0.01430883199,0.06891411836,0.1769845559,0.1896936577,0.003266638505,0.6221782558,-5.605549695e-05,-0.0007334908771,0.0009642868425,0.1583157953,-0.1945008226,-0.001330277531,0.6165033718,-0.001376174142,-0.002175475812,-0.00188043686
-0.005206673936,0.001918173655,0.7512468852,0.009102172127,-0.01148367497,-0.01078053201,0.9998345142,-0.2922969079,-0.009324160289,0.01686800982,0.6183102792,-0.3258362743,-0.009230271325,-0.3014809097,-0.02639233214,0.001353546796,0.6644140605,-0.3727414509,-0.004220025911,0.03458837414,-0.01665302628,0.0837830584,0.1729933119,0.1858122316,0.003149488016,0.6290965075,-8.529419205e-05,5.974332905e-05,0.001303382155,0.1522820882,-0.1904855218,-0.0008356904461,0.62280288,-0.001614249278,-0.001433062125,-0.002203493303
-0.005128267175,0.00253086575,0.7523281184,0.01031499519,-0.01356114947,-0.01174773334,0.9997858205,-0.2863494148,-0.01088939992,0.02158214907,0.6177080972,-0.3237190986,-0.009296242614,-0.2978152418,-0.02857831871,0.004961019117,0.6669014815,-0.3742847151,-0.004763983336,0.03644596809,-0.01902524958,0.09683013747,0.1705824314,0.1817014937,0.002587292492,0.6351439319,-0.0001140916143,0.000865313054,0.001561530162,0.1481061302,-0.1859349274,0.0001554599293,0.6282106895,-0.00184078495,-0.0006879302926,-0.002442431232
-0.004646905569,0.003082672079,0.7536220141,0.01147648363,-0.01538633959,-0.01279129214,0.9997339315,-0.2778664867,-0.0121394899,0.02639708552,0.6131931261,-0.3219080812,-0.009442803273,-0.29276646,-0.03060058615,0.008560218102,0.6668577535,-0.3745076465,-0.005488375862,0.03832118605,-0.02121592979,0.1080097091,0.1698745976,0.1773427165,0.001700926113,0.6402895613,-0.0001068907142,0.001345128993,0.001857571814,0.1457837606,-0.1810341135,0.00156493866,0.632674188,-0.002107700496,-0.0002412931603,-0.002690728713
-0.003753339517,0.003590512455,0.7549701494,0.01237026995,-0.01650745449,-0.01363705221,0.9996942088,-0.2681982616,-0.01257313496,0.03106945334,0.6053524097,-0.3227236821,-0.009790361758,-0.2872818079,-0.0322288343,0.01148969952,0.6646489888,-0.3751558714,-0.006775941597,0.03975480923,-0.02272646912,0.1162334928,0.1709281878,0.1727721894,0.0004437431828,0.6442699743,-9.1164061e-05,0.001647441,0.002084702434,0.1455474756,-0.1761044714,0.003292903221,0.6358588395,-0.002351042119,8.805789448e-07,-0.002865590676
-0.002465703539,0.00403389718,0.7562559629,0.01289262405,-0.01691783133,-0.01441706962,0.9996698032,-0.2566109266,-0.01199877404,0.03554607643,0.5930052192,-0.3267511698,-0.009913333814,-0.2817937814,-0.03334321667,0.01340360349,0.6604347569,-0.3754306304,-0.008604377321,0.04096626665,-0.02314003653,0.121503367,0.1737420967,0.1678937103,-0.001079272692,0.646974603,-7.171443732e-05,0.001659273024,0.002323911459,0.1472250707,-0.1715036043,0.005296926921,0.6376546249,-0.002671490507,-3.47094921e-05,-0.003046032619
-0.0008645804182,0.004402412892,0.7574186009,0.01311255386,-0.01651890343,-0.01486802008,0.9996670089,-0.2450464391,-0.010897677,0.03944629438,0.5779297972,-0.3330786396,-0.009970396245,-0.2768804284,-0.03419673446,0.01409551133,0.6550356753,-0.3766462841,-0.01061540171,0.04158227905,-0.02266367029,0.1239170752,0.1777479702,0.1628954675,-0.002828449648,0.6486325301,-5.575461869e-05,0.001489548244,0.002500372366,0.1504271401,-0.1672217974,0.007334968286,0.638382999,-0.002977367412,-0.0002942804779,-0.003185574977
0.0009442654286,0.004660076443,0.7585050923,0.01309961933,-0.0156107457,-0.01525276259,0.9996759764,-0.2338721824,-0.009794755556,0.04235051421,0.5608830515,-0.3382035972,-0.009967764219,-0.2728168874,-0.03451697338,0.0134814263,0.6487778949,-0.3762692223,-0.01276578362,0.04155159873,-0.02152764366,0.1246157163,0.1824187307,0.1578390491,-0.004625021149,0.6494682491,-8.114646186e-05,0.001089466802,0.002694300363,0.1545200486,-0.1632530966,0.009349866543,0.6382961113,-0.0033349803,-0.0008276105654,-0.003344109778
0.002882117371,0.004764815565,0.7595436631,0.01312998963,-0.01436038954,-0.01552850234,0.9996900761,-0.2242759294,-0.009108759784,0.04457408585,0.5438815179,-0.3409602508,-0.00982285606,-0.2695934897,-0.03470883201,0.01200502435,0.6425778108,-0.3754616275,-0.01468572894,0.04094734894,-0.02045306948,0.1243189142,0.1871228734,0.1530378518,-0.006417055252,0.6497979515,-0.0001198129087,0.0005925504026,0.002848168132,0.1590010214,-0.1593638532,0.01120471925,0.6378851292,-0.003668529591,-0.001490430676,-0.003494639866
0.004877096796,0.004745411642,0.7605737802,0.01316589745,-0.01294158622,-0.01565016426,0.9997070805,-0.2164086949,-0.008728907442,0.04612451146,0.5277937557,-0.3405076048,-0.009237120826,-0.2663212065,-0.03468203984,0.009308078282,0.6349621919,-0.3724900768,-0.01687988422,0.03950099822,-0.01918283308,0.123938265,0.1914029516,0.1483205002,-0.00811642493,0.6497549653,-0.000210972067,-1.344131088e-05,0.003052770312,0.1635212737,-0.1558373729,0.01293055915,0.6369962547,-0.004084559515,-0.002332595671,-0.003689660018
0.006920169295,0.004587180006,0.7615885161,0.01335612969,-0.01138710944,-0.01587263014,0.9997199644,-0.2100762764,-0.008703450937,0.04739951285,0.5132526156,-0.3379597724,-0.008477134263,-0.263478581,-0.0344338202,0.006091744629,0.6272158421,-0.3692455973,-0.01891215236,0.03775617072,-0.01807738509,0.1235841462,0.1951215568,0.1438667281,-0.009739049741,0.6494246686,-0.0003119369593,-0.0006339824389,0.003237039622,0.1678955737,-0.1526076117,0.01449840109,0.63591386,-0.004480386238,-0.003212716418,-0.003873462257
0.008966005582,0.004335543504,0.7624890403,0.01324153521,-0.009632367294,-0.0161523523,0.9997354554,-0.2061707729,-0.008437142192,0.0475135624,0.5017684134,-0.334390256,-0.00737554085,-0.2621856657,-0.03381317617,0.001426664544,0.6197301692,-0.3637002389,-0.02112559356,0.03543311081,-0.0161526786,0.1231135033,0.1980734295,0.1393808997,-0.0112933281,0.6486160568,-0.0005210943683,-0.001300227678,0.003457125428,0.172208037,-0.1502219053,0.0159155807,0.6341381045,-0.004921513927,-0.004277663538,-0.004050892373
0.01102166501,0.003966195084,0.7632877172,0.0130360285,-0.007903870982,-0.01678088269,0.9997429633,-0.203400609,-0.008105734424,0.04699551613,0.49272716,-0.3302498847,-0.006105814108,-0.2620721478,-0.03289077198,-0.003810438134,0.613204451,-0.3577355959,-0.02306834188,0.03307345153,-0.01396194764,0.1230252523,0.2001898228,0.1351017029,-0.01275908482,0.6474560405,-0.0007457646013,-0.001985151574,0.003658092352,0.1761540488,-0.1484723275,0.01712705901,0.6321701776,-0.00533302484,-0.005384371989,-0.004204494076
0.01307924386,0.003522163573,0.7639487251,0.01265080333,-0.006027889146,-0.01726397148,0.9997527579,-0.2024953815,-0.007568432503,0.04556848623,0.4866289767,-0.3265070632,-0.004633101565,-0.2623118559,-0.0324348348,-0.01074626794,0.6060436851,-0.3506410502,-0.02553330048,0.03022381951,-0.01108431582,0.1231250739,0.2013204254,0.1308237518,-0.01413161646,0.6457876329,-0.001139731312,-0.002640494237,0.003865779761,0.1798453418,-0.1477161174,0.01813614078,0.6296453855,-0.005860997154,-0.006640971075,-0.004380391352
0.01515017508,0.002976472847,0.7644737417,0.01229011252,-0.004116269721,-0.01801239466,0.9997537512,-0.2023560833,-0.006962547227,0.04392055803,0.482446514,-0.3230279452,-0.003120724932,-0.263056325,-0.03218611378,-0.01809175769,0.5991407076,-0.344131968,-0.02773543654,0.0275858855,-0.00807310195,0.1236264136,0.2015432614,0.1268043905,-0.01538849952,0.6437105429,-0.001548956992,-0.003318398309,0.004052819075,0.1830053259,-0.1477011919,0.01891284531,0.6270229517,-0.006373690281,-0.00790213282,-0.004545309159
0.01727635321,0.002381724829,0.7647805495,0.01179185374,-0.002089164177,-0.01858189296,0.9997556206,-0.2039119962,-0.006099928356,0.04165847918,0.4813677326,-0.3211136954,-0.001473226736,-0.2634399899,-0.03282537007,-0.0268769479,0.5910917159,-0.3368976617,-0.03023020265,0.02462307804,-0.004366855715,0.1239480778,0.2009087738,0.1229151058,-0.01659154044,0.6410396548,-0.002041448045,-0.003955058024,0.004231296229,0.1859696343,-0.1486343988,0.0194053137,0.6239313135,-0.006826653003,-0.009231703901,-0.004684340293
0.01946931565,0.001707238561,0.7648740876,0.01133735312,-4.647209336e-05,-0.01940054832,0.9997475086,-0.2059689215,-0.00506295824,0.03949270025,0.4820175842,-0.319906384,0.0001058128966,-0.263746814,-0.03383983339,-0.03547222203,0.5833414331,-0.3305179291,-0.03231550254,0.02202977577,-0.0004874411406,0.1242854091,0.1995187914,0.119391898,-0.01766897072,0.6379434415,-0.002511681599,-0.004644550546,0.00439179063,0.1884452838,-0.1502457857,0.01963599308,0.6208457926,-0.007218852743,-0.01052644475,-0.004807587421
0.02176045917,0.0009345927001,0.7647559434,0.01066289325,0.002212229317,-0.01968165503,0.9997469886,-0.2099432579,-0.003829135329,0.03637146535,0.485700116,-0.3209332509,0.002117832188,-0.2632737439,-0.03405199062,-0.04342864549,0.5754072948,-0.324245786,-0.03461342742,0.0189260625,0.004140855841,0.1240190916,0.1973728014,0.1161810524,-0.01869228717,0.6342030226,-0.003048888086,-0.005234314425,0.004499463131,0.1909202854,-0.1526212389,0.01957735848,0.6173862897,-0.00755141595,-0.0118355364,-0.004924350671
0.02414389299,4.935548873e-05,0.7644599485,0.009937350556,0.004532669677,-0.01987512953,0.9997428085,-0.2144217387,-0.002349265682,0.03295876177,0.4907783759,-0.3228404744,0.004236502247,-0.2624933951,-0.03356165886,-0.05029798597,0.5682904185,-0.3192783739,-0.03654389874,0.01606137542,0.009072914557,0.1235539448,0.1944439214,0.1133920217,-0.01955768519,0.6301647158,-0.003551699552,-0.005878096348,0.004588488205,0.1930130213,-0.1555449977,0.01925012271,0.6140802486,-0.007834933276,-0.01308711343,-0.005043697824
0.02660228959,-0.0008452941483,0.7638327133,0.009053123316,0.007029335834,-0.01941792018,0.9997457546,-0.2218670405,-0.001877560165,0.02759333947,0.5000488198,-0.3262133441,0.007129542117,-0.260603314,-0.03159138691,-0.05520896936,0.5601944792,-0.3147740283,-0.03895033823,0.01275975528,0.01435928425,0.1221252463,0.1908229341,0.1110267362,-0.02034702976,0.6254872155,-0.004121694043,-0.006357779023,0.004632066966,0.1952639769,-0.1591288959,0.01863695849,0.610263806,-0.008027547836,-0.01435864954,-0.005152868193
0.02908885777,-0.001715686676,0.763036834,0.007955503532,0.009328692475,-0.01904540696,0.9997434461,-0.22990871,-0.001272829804,0.02147501482,0.5115848868,-0.3297133086,0.0104529994,-0.258715446,-0.02871528537,-0.0589457764,0.553459352,-0.3121473634,-0.04086058057,0.01014688229,0.02017077262,0.1208629997,0.1862064899,0.1088241325,-0.02086567759,0.6210089615,-0.004652248216,-0.006884771251,0.004696009433,0.1968080135,-0.163335786,0.01772301342,0.6068754423,-0.008178464444,-0.01556732391,-0.00526827134
0.03147143711,-0.002426586679,0.7621784125,0.006255526375,0.01153600103,-0.01864109959,0.9997401155,-0.2403622493,-0.000904094781,0.01334906656,0.5272723538,-0.3343625262,0.01431263697,-0.257380194,-0.02415764108,-0.06219498561,0.548246909,-0.3113310932,-0.04399200948,0.007766024813,0.02742623402,0.1202053243,0.1801649637,0.1063303001,-0.02120691394,0.6170239426,-0.005151425063,-0.007292344689,0.00474409823,0.1975075957,-0.1684505887,0.01639071919,0.6038453486,-0.008198214254,-0.01672526316,-0.00538250428
0.03377491074,-0.003005724208,0.7613861323,0.004166416288,0.01336061974,-0.01859933032,0.9997290632,-0.2508413226,-0.000120816164,0.004641863488,0.5449509226,-0.3394893173,0.0183745546,-0.2564682492,-0.01868149808,-0.06484348016,0.545072533,-0.312069634,-0.04696914485,0.006089128317,0.03549274594,0.1207970996,0.1729474279,0.1037370253,-0.02135589939,0.6136504028,-0.005593813355,-0.007663954909,0.004814383315,0.1969832323,-0.1740820273,0.01473815107,0.6017407634,-0.008186177162,-0.01770650136,-0.005513970653
0.03594335963,-0.003441960448,0.7607209718,0.001715001025,0.01485573508,-0.01851361442,0.9997167659,-0.2643380941,0.0008942955364,-0.00310019156,0.567003773,-0.3424580356,0.02235350132,-0.2556802078,-0.01233711318,-0.06696444677,0.5434899562,-0.3142650105,-0.04955636634,0.004745169966,0.04439650072,0.1224960568,0.164707045,0.1011042653,-0.02142753912,0.6106042592,-0.006028674101,-0.007789052261,0.004841637609,0.1954817255,-0.1801803318,0.01274583344,0.6001237757,-0.00804275473,-0.01847430166,-0.005661416608
0.03805465856,-0.00378429194,0.7602424326,-0.0007236806883,0.01580429292,-0.01868458919,0.9997002484,-0.2782486904,0.001502227177,-0.009975166718,0.5912237061,-0.3445368127,0.02614474961,-0.2542448925,-0.005790327428,-0.06810275819,0.5429573727,-0.317512439,-0.05162141244,0.004060589091,0.05311047256,0.125523333,0.1559483941,0.09875457075,-0.02140806632,0.607850249,-0.006419892478,-0.007861945936,0.0048658652,0.1930221363,-0.1862834122,0.01059950267,0.5992592657,-0.007884222164,-0.01902076357,-0.005825884813
0.04010203825,-0.004080593658,0.7598749167,-0.003079302107,0.0164275501,-0.01869548338,0.9996855167,-0.2936757216,0.00130597439,-0.0162323177,0.6175753639,-0.3448983332,0.02933226649,-0.2524997375,0.0009483648465,-0.06823020292,0.5434426541,-0.3219318389,-0.05308103856,0.003907606966,0.06145474776,0.1292572658,0.1470071055,0.09688421057,-0.02136176701,0.6051543377,-0.006754171128,-0.007812939792,0.004799688416,0.1899428645,-0.1923253313,0.008298685489,0.5987779245,-0.007585115219,-0.01931712821,-0.005989768274
0.04214905604,-0.004346487559,0.7596253623,-0.005189485425,0.01664366819,-0.01859646958,0.9996750616,-0.3090564459,-0.0002702043768,-0.02169307024,0.6437327899,-0.3444474802,0.03166163722,-0.249783265,0.007506673735,-0.06724231764,0.5441910677,-0.3270763025,-0.05418595616,0.004224406372,0.06902200114,0.1336345935,0.138273047,0.09555057807,-0.02126420761,0.6025401469,-0.007035798397,-0.007786231282,0.004715062121,0.1864350406,-0.1981348219,0.005996900364,0.5986381559,-0.007279656161,-0.01944433509,-0.006157751
0.04424035216,-0.004619746879,0.7593912007,-0.007265682418,0.01669301369,-0.01790022459,0.9996740144,-0.3250857072,-0.002634768037,-0.02655016971,0.6681854956,-0.3430197166,0.03300993344,-0.2460430507,0.01431529135,-0.06561225387,0.5446710808,-0.3329945401,-0.05518510106,0.004454038765,0.07617093502,0.1378493396,0.1300358997,0.09473119888,-0.02119495481,0.5999079433,-0.007210643838,-0.007656748775,0.004546159728,0.1828546261,-0.2038409361,0.003629934805,0.5984574061,-0.00679642843,-0.01937834971,-0.006292964083
0.04639038122,-0.004893817888,0.7591291381,-0.009273917304,0.01653669612,-0.01659214176,0.9996825661,-0.3414422484,-0.006279978963,-0.03045502124,0.6891699379,-0.3394075332,0.03349418182,-0.2411021847,0.02127339159,-0.06336856112,0.5445460319,-0.3392446141,-0.05641922419,0.00456382348,0.08284546047,0.1419014845,0.1224137316,0.09436138502,-0.02114156384,0.5972243195,-0.007332344674,-0.007558304233,0.004362626052,0.1793610737,-0.2094532974,0.001276678632,0.5980798355,-0.006309435459,-0.01926531922,-0.006428401224
0.04865180448,-0.005201197236,0.758730002,-0.01138502725,0.01628249482,-0.0146197461,0.999695716,-0.3583883854,-0.01003532335,-0.03410068997,0.7060708293,-0.331290756,0.03382866027,-0.2349722555,0.0288214657,-0.06075066326,0.543660468,-0.3460599606,-0.05807894156,0.004297721972,0.08931051288,0.1452494806,0.1155857872,0.09448343619,-0.02115526644,0.594510244,-0.007331836774,-0.007400222138,0.004080560787,0.1760411107,-0.2150282503,-0.001165261269,0.5974315669,-0.005634418327,-0.01906710826,-0.006523217967
0.05101313606,-0.005537893125,0.7581714355,-0.01351351227,0.01582501174,-0.01210661488,0.9997101499,-0.3756886415,-0.01413830786,-0.03702121671,0.7194054481,-0.3218121183,0.03397794097,-0.2277720231,0.03665987943,-0.05779216386,0.5422138971,-0.3529118041,-0.06003671111,0.003898364878,0.09536851721,0.1481583398,0.1094866561,0.095048181,-0.02115860224,0.5918097126,-0.007291834035,-0.007289352805,0.003791711933,0.1728675561,-0.2205307705,-0.003626206717,0.5965392279,-0.004972826758,-0.01890320598,-0.0066273049
0.05351558109,-0.005919696287,0.7574947514,-0.01569192592,0.0151178277,-0.009319841248,0.9997191382,-0.392472658,-0.01745595038,-0.03961607245,0.7293238808,-0.3110580287,0.03459130494,-0.2192756632,0.04486769573,-0.05454103932,0.5399359626,-0.359590324,-0.06232600285,0.003192231548,0.1009920361,0.1506265547,0.1040751853,0.09615356596,-0.02114035214,0.5893704767,-0.007104457942,-0.007071235352,0.003446410921,0.1696675616,-0.2257942129,-0.006167316646,0.5957785631,-0.004137989839,-0.01855016237,-0.00665898366
0.05614849743,-0.00633482004,0.7567100953,-0.01782956057,0.01414687856,-0.006411840968,0.9997203914,-0.4086984324,-0.02025714019,-0.041719172,0.7369897509,-0.3016699062,0.03529007956,-0.2100404952,0.05307929112,-0.05115986076,0.5374925486,-0.3658576832,-0.06462327856,0.00249629982,0.1060072077,0.1527448463,0.09929892768,0.09769889411,-0.02102587255,0.5872599376,-0.006888933327,-0.006849846989,0.003121502912,0.1664606304,-0.2308045645,-0.00869768749,0.5951328498,-0.003338622351,-0.01816705293,-0.006698034517
0.05899203713,-0.006776491092,0.7559370102,-0.01990854066,0.0128487056,-0.00365614718,0.9997125554,-0.4232529318,-0.02174427882,-0.04350125843,0.7415266103,-0.2907369577,0.03608535139,-0.1994904499,0.06109229446,-0.04776852128,0.5343412577,-0.3715965654,-0.06673709203,0.001718450741,0.1103410958,0.1543953662,0.09523511755,0.09976839895,-0.02082224047,0.5857105112,-0.006572347888,-0.00623281336,0.00275908202,0.1632606015,-0.2353436443,-0.01116220035,0.5949132794,-0.002455823121,-0.01728124836,-0.006617648359
0.06204180486,-0.007221806709,0.7551673813,-0.02189946562,0.01132330105,-0.001137277382,0.999695405,-0.4366494616,-0.02235373344,-0.04518862435,0.7439084993,-0.2800662219,0.03668452257,-0.188336649,0.06877577241,-0.04447820947,0.5311472469,-0.3769143971,-0.06851990096,0.001068030996,0.1139931731,0.1553911481,0.09193964805,0.1022093415,-0.02049411362,0.5846587396,-0.006255192527,-0.005496775217,0.002428891364,0.1602214502,-0.2394787076,-0.01347759027,0.5949316908,-0.001640993363,-0.01626624871,-0.006527301688
0.06538874386,-0.007667116154,0.7545895315,-0.02373422188,0.009592275094,0.000998415231,0.9996717852,-0.4476967474,-0.02241931112,-0.04689208538,0.7421979891,-0.266700255,0.03728769016,-0.1756752382,0.07639208219,-0.04062069378,0.5268447341,-0.382316781,-0.06975353318,0.0006376360601,0.1167181718,0.1555993251,0.08958617426,0.1051024137,-0.02006946316,0.5843030118,-0.005875132531,-0.004207591529,0.002059286966,0.157482963,-0.2428820711,-0.01548625933,0.5955047038,-0.000846789382,-0.01458968244,-0.006310363613
0.06903049576,-0.008107421098,0.7541475249,-0.02534703814,0.00786351617,0.002798095092,0.9996438683,-0.4575312604,-0.02228273306,-0.04858119775,0.738324973,-0.2534594111,0.03772349388,-0.162260837,0.08374863043,-0.03619969059,0.521735158,-0.3877227476,-0.07068913231,0.0004178591164,0.1183865279,0.1545594405,0.08832117422,0.1084104531,-0.01953702022,0.5843579325,-0.005514385108,-0.00277425764,0.001718552773,0.1553126511,-0.2455719758,-0.01714187963,0.5962757055,-0.0001438324751,-0.01278272354,-0.006073898174
0.07306057863,-0.00857849116,0.7539798811,-0.02649085579,0.00625669634,0.0042292145,0.999620529,-0.46493381,-0.02214349605,-0.04969808169,0.7294648425,-0.2375487249,0.03795772343,-0.1475445938,0.09043022693,-0.03076819316,0.5147935778,-0.3929792407,-0.0713995622,0.0006235309563,0.1182988206,0.1517993773,0.08849062269,0.1124147489,-0.01892396874,0.5850323057,-0.005079979394,-0.001136040154,0.001344789739,0.1539464911,-0.2470246773,-0.01822694685,0.5976773959,0.00049554527,-0.01062112597,-0.00571218863
0.07745951744,-0.009075328626,0.7539774407,-0.02717256323,0.004960047579,0.005399864973,0.9996038671,-0.4714621472,-0.02227611346,-0.05043174495,0.7181474844,-0.2212172731,0.03796188946,-0.1321824394,0.09651562464,-0.02427211699,0.5062509089,-0.3980346211,-0.07222235031,0.001128328049,0.1164988283,0.1469524794,0.0901596204,0.1170633677,-0.01818326717,0.5858485103,-0.004668170983,0.0004877550336,0.001001613738,0.1536464884,-0.2473866822,-0.01874414873,0.5990699723,0.001048782887,-0.008482080209,-0.005318881786
0.08228376734,-0.009617632046,0.7541996034,-0.02703161999,0.004185602481,0.006181939745,0.9996067006,-0.476213116,-0.02285036372,-0.04996347684,0.7016501944,-0.2017931905,0.03795674644,-0.1164512696,0.1012147273,-0.0162320301,0.4960107142,-0.4032017592,-0.07314391735,0.002381678539,0.1122536472,0.1395814464,0.09374916193,0.1226306458,-0.01736578407,0.5867468221,-0.004176667462,0.002272840895,0.0005689664916,0.1545752308,-0.2462744247,-0.01848476698,0.6005851872,0.001549172514,-0.0059547283,-0.004825330304
0.08748577428,-0.01017770539,0.7545309157,-0.02627898343,0.003940928375,0.006721821653,0.99962428,-0.4806291226,-0.02390654472,-0.04897161451,0.683039923,-0.1817355366,0.03776167615,-0.1006218564,0.1049756112,-0.006858673456,0.4843219252,-0.4083456316,-0.07444685484,0.004091981124,0.1061430264,0.1298485017,0.09905349797,0.1288912358,-0.01636677289,0.5874809104,-0.003712363828,0.003968191926,0.0001639597886,0.1567557781,-0.244066518,-0.01755644511,0.6016960034,0.001982856359,-0.003518545071,-0.004294618881
0.09307922317,-0.01076035503,0.7548862892,-0.02465964093,0.004317219424,0.006970050596,0.999662284,-0.4841678613,-0.02545668201,-0.04676574098,0.6605919674,-0.1604437387,0.03725235116,-0.08589043922,0.1068331735,0.00356102789,0.4729785488,-0.4143411203,-0.07582311891,0.00669760239,0.09782498271,0.1174173403,0.1063646971,0.1359334889,-0.01525083785,0.5880417611,-0.003196805248,0.005729178452,-0.0003268401334,0.1601865439,-0.2406045493,-0.01585431361,0.602572032,0.002336471872,-0.0007603128994,-0.003701678072
0.09900106292,-0.01130771283,0.7551840928,-0.02263818698,0.005063555337,0.007141816687,0.9997053903,-0.4877443123,-0.02720919145,-0.04452246717,0.6368927902,-0.1386371064,0.03650848975,-0.07167529777,0.1076788427,0.01437531833,0.4618882176,-0.4208043914,-0.07744468505,0.009688265493,0.08853475207,0.1031311406,0.1152174129,0.1433264239,-0.01392377564,0.5884708643,-0.002719687562,0.007345177165,-0.0007675858703,0.1646504156,-0.2364689078,-0.01359827301,0.6028978433,0.002631352604,0.001820686161,-0.003081326694
0.1051859745,-0.01176584227,0.7553285533,-0.02021942477,0.006325664581,0.007132865982,0.9997501103,-0.4915489875,-0.02902537115,-0.04219897934,0.6108645645,-0.1151286894,0.03575536707,-0.05979343718,0.1070698343,0.02506820342,0.4539068234,-0.4304635705,-0.07869157209,0.01347634925,0.07875600579,0.08706559852,0.1256530315,0.1509297104,-0.01254280837,0.5886870485,-0.002192456053,0.008896659977,-0.001294857991,0.1698457299,-0.2318113722,-0.01083669118,0.6027130384,0.00287321168,0.004582996902,-0.002467417582
0.1115817802,-0.01208972791,0.7552714619,-0.01780346829,0.007671485693,0.007199439033,0.9997861536,-0.4958192415,-0.03061758291,-0.04068661696,0.5848845528,-0.09166317479,0.03492475445,-0.04865783465,0.10584668,0.03507025881,0.4477404755,-0.4415181401,-0.07969725801,0.01747549041,0.06952088868,0.07043001152,0.1371322665,0.158404107,-0.01103764473,0.5888810563,-0.001706229894,0.01027338703,-0.0017667765,0.1754306992,-0.2270458718,-0.007819838755,0.6020251684,0.003073877472,0.007081470899,-0.001860674118
0.1180715661,-0.01221472317,0.7549060516,-0.01561646258,0.009356029529,0.007072335355,0.9998092683,-0.5013140983,-0.03124494291,-0.0403880878,0.5581028807,-0.07062009003,0.03358822409,-0.04068475258,0.1035829366,0.04316489855,0.4466628281,-0.4574902888,-0.08006145005,0.02187485695,0.06163318234,0.05324031453,0.1493673853,0.1654368931,-0.009595166728,0.5889363609,-0.001219957633,0.01153771056,-0.002305792361,0.1810065441,-0.2225254686,-0.004701054732,0.6007766044,0.003214310757,0.009613992272,-0.001339025391
0.1246352693,-0.01213688415,0.7541637697,-0.0138527709,0.01082980656,0.007004585937,0.9998208599,-0.5078538078,-0.03065497713,-0.04142629549,0.5318457014,-0.04722647686,0.0322561411,-0.03335095863,0.1010439671,0.04924663752,0.4480017856,-0.4744259104,-0.07992396703,0.02617508887,0.05553941001,0.03679706751,0.16193969,0.1719634626,-0.008199801289,0.5889083211,-0.0007868629493,0.01264551941,-0.002796957277,0.1863322549,-0.2183869571,-0.001659134343,0.5990643879,0.00332241123,0.01182793644,-0.0008638321104
0.1311109748,-0.01185057164,0.7528968929,-0.01251831351,0.01244178697,0.006648924446,0.999822127,-0.5170062525,-0.02821541324,-0.04337357461,0.5078198119,-0.02057530344,0.03094783967,-0.02953313094,0.0979493763,0.05291839619,0.4550089498,-0.4945323919,-0.07898019206,0.03078301568,0.05133586466,0.02106353529,0.1744791418,0.1779115395,-0.007010364334,0.588318926,-0.0003744860684,0.01357792515,-0.003336441679,0.1910995701,-0.214903629,0.001204088662,0.5965779133,0.003390040721,0.01393533679,-0.000496006496
0.1375088829,-0.01138223239,0.7511776714,-0.01146830815,0.01356223731,0.006395845087,0.9998218025,-0.5272784547,-0.02477266824,-0.04542312199,0.4887029401,0.00784215225,0.02892617669,-0.02634263454,0.09453018569,0.05460800297,0.4648397746,-0.5135878636,-0.07725082091,0.03499429604,0.04866888748,0.007427457089,0.1864680939,0.1832844611,-0.005932864035,0.5878588728,-8.849543506e-06,0.01433306587,-0.003832568957,0.1950123596,-0.2118150955,0.003714863703,0.5940892795,0.003433815387,0.01569062805,-0.00020261567
0.143623831,-0.01074441117,0.7488849117,-0.01072346226,0.01478784136,0.005780607305,0.999816439,-0.5406471059,-0.01984967494,-0.04754864226,0.4759509769,0.03555729319,0.02659320227,-0.02740827581,0.09051320214,0.05400266325,0.4812506375,-0.5345711138,-0.07499013207,0.03940739725,0.04754040527,-0.004498203989,0.197590617,0.1879160743,-0.005088278999,0.5868678038,0.0002927452468,0.01487250295,-0.004372006577,0.1979455386,-0.2094880405,0.005875645482,0.5910542577,0.003432886289,0.01728116896,-6.38278228e-05
0.1494907455,-0.009971542918,0.7461793139,-0.01002268972,0.01555255038,0.00527426946,0.9998149058,-0.5545725,-0.01521412462,-0.05007515712,0.4694386142,0.0560113577,0.02286335435,-0.02965065681,0.08596746083,0.05189050895,0.5008433117,-0.5529942117,-0.07190516665,0.04319790602,0.04733916878,-0.01357245185,0.2073816451,0.1917882639,-0.00439462905,0.5863119227,0.0005497245453,0.015269165,-0.004873325526,0.1997145263,-0.2075155975,0.007549854293,0.5884813282,0.003411856271,0.01857056406,-1.716164535e-05
0.1549923049,-0.009065704997,0.7430297592,-0.009809647484,0.01649899348,0.004539307595,0.9998054554,-0.5714409819,-0.009245269197,-0.05256900435,0.4706746898,0.0694406756,0.01979063443,-0.03667544397,0.08068287243,0.04741478209,0.5299443423,-0.5693851769,-0.06847129917,0.04670949165,0.04878950658,-0.02091544779,0.2158854165,0.1945204407,-0.003991322151,0.5855968861,0.0007459786328,0.01557490995,-0.005384314493,0.200594862,-0.2064860082,0.008794184308,0.5856723914,0.00334827557,0.01971619729,-7.731768114e-05
0.1601916555,-0.008104120642,0.7395614299,-0.009648054186,0.01711483318,0.004033406225,0.9997988444,-0.5885114314,-0.003633526246,-0.05457742218,0.4775807167,0.07780893478,0.01578775156,-0.04440702283,0.07433185178,0.04103600777,0.5620092093,-0.5831586905,-0.06427483871,0.04920667333,0.05074690856,-0.02559803619,0.222834097,0.1964279901,-0.003866309043,0.585281038,0.0009068537246,0.01584313978,-0.005871986706,0.2006390559,-0.2057773311,0.009540664944,0.5834303802,0.003272325635,0.02063583454,-0.0002099870656
0.164986592,-0.007033077077,0.7357078647,-0.009724221909,0.01819688042,0.003295308498,0.9997817032,-0.6078945451,0.001314355634,-0.05696003586,0.4920124113,0.0812584824,0.01210663028,-0.05574586826,0.06695918642,0.0336570598,0.6006945338,-0.5954963521,-0.05944616212,0.05134804702,0.0538143821,-0.0288363767,0.2286570345,0.1973100448,-0.004082014079,0.584286542,0.0009579379736,0.01591095338,-0.00632665877,0.2002247973,-0.2059971509,0.009940209588,0.5807425359,0.003163914642,0.02127385179,-0.0004491856666
0.1694231039,-0.005969721528,0.7316215538,-0.009547570859,0.01940998268,0.002762944179,0.999762203,-0.6269846308,0.004364391237,-0.05809317075,0.5121594979,0.08008490808,0.007489212566,-0.06693365444,0.05875621833,0.02661475698,0.6398600467,-0.6095081414,-0.05370556541,0.05244231514,0.05660019741,-0.0300151827,0.2329982038,0.1976518533,-0.004557529273,0.5833640563,0.0009725625961,0.01586394664,-0.006758660086,0.1993138592,-0.2063090283,0.009918410073,0.5786139875,0.003047778863,0.02166979618,-0.0007521975726
0.1735520987,-0.004921419599,0.7272131926,-0.009241872692,0.02139307288,0.002110556975,0.9997261974,-0.6478283977,0.005532150419,-0.05730745051,0.5402006109,0.07351224602,0.002703851336,-0.08209372605,0.05179557179,0.02252944257,0.6825155613,-0.6233973547,-0.0477360748,0.05333988116,0.05926468103,-0.03161290174,0.2369264269,0.1976061621,-0.005273013774,0.581558455,0.0009024831609,0.01558934566,-0.007160952129,0.1984204334,-0.2070684335,0.009680077092,0.576216865,0.002913301171,0.0217884651,-0.00113172027
0.1772370169,-0.004077879758,0.7227805124,-0.008131398208,0.02363517097,0.002328958331,0.9996848679,-0.6697223463,0.003557071747,-0.05490985192,0.573424867,0.06231889085,-0.002069532876,-0.09789020625,0.04496574679,0.02030779263,0.7241521047,-0.6382943647,-0.04200227758,0.05252518244,0.05992335984,-0.03185148191,0.2389519018,0.1977715547,-0.006031086068,0.5801767786,0.0008214900181,0.01523178915,-0.007543905313,0.1969121892,-0.2070653246,0.008969136821,0.5749067242,0.002776875846,0.02172331334,-0.001602962342
0.1805503279,-0.003302092383,0.7182755391,-0.006638568184,0.0266029699,0.00279413694,0.99962013,-0.6957507566,-0.0005883191479,-0.05234777342,0.6126930641,0.04748639946,-0.004853024312,-0.1174730183,0.03838168194,0.01927942487,0.7678138915,-0.6527213929,-0.03752298351,0.0513588696,0.05947215024,-0.03209438014,0.2398975048,0.198040191,-0.006807431638,0.5786623574,0.0006809408274,0.01482343439,-0.007901947477,0.1951950238,-0.2068393422,0.008026005263,0.5738002638,0.002569217377,0.0214616535,-0.002146797972
0.1834989035,-0.002635682144,0.7138646328,-0.004657522476,0.02948461647,0.003577066667,0.9995479826,-0.7221215191,-0.006385381144,-0.04946946722,0.6544209371,0.02984695682,-0.006301646631,-0.136933902,0.03148253777,0.01858575197,0.8108866441,-0.66783052,-0.03406463525,0.04975922855,0.05771644199,-0.0305118569,0.2392566382,0.1983661221,-0.007486716696,0.5776479505,0.0005445470813,0.01444096694,-0.00821914614,0.1930264688,-0.2061760583,0.006907995675,0.5733971249,0.002361101615,0.02116602195,-0.002710688854
0.1861802735,-0.00203813712,0.7093202147,-0.00280752497,0.03256670662,0.003956898245,0.9994577882,-0.7497372278,-0.01183330989,-0.04681177798,0.6984755652,0.009569625183,-0.007018151618,-0.159346557,0.02570303125,0.01942348159,0.8572761332,-0.6829534768,-0.03047741385,0.0488379984,0.05594060956,-0.0287130955,0.2381399733,0.1987085631,-0.007954589851,0.5763660208,0.0003715296716,0.01384047856,-0.008429284548,0.1907485044,-0.2056382688,0.005925429169,0.5729874037,0.002186682907,0.02073981394,-0.003224219759
0.1886354135,-0.001536860514,0.704784687,-0.000986318634,0.03524834143,0.004348632522,0.9993686362,-0.7758757154,-0.01733184551,-0.04455956014,0.742435312,-0.01285840314,-0.007062484872,-0.180852212,0.02036005044,0.02032821688,0.9036321601,-0.6982987244,-0.02704289991,0.04784752785,0.05395974765,-0.02546434292,0.2362047373,0.1990497653,-0.008238756973,0.5754321821,0.000210774189,0.0132093526,-0.008573592221,0.1882939062,-0.2049861074,0.004978400847,0.5730533628,0.002036853668,0.02030953071,-0.003691702299
0.191050191,-0.001056449633,0.7000292798,0.0005401175855,0.03806830676,0.004315447453,0.999265675,-0.802241255,-0.02193863733,-0.04267151749,0.7868958298,-0.03721930149,-0.006560754446,-0.2036918102,0.01578667815,0.02102859228,0.9516613458,-0.7130718829,-0.02397471925,0.04759701347,0.05233366654,-0.02301448331,0.234701764,0.1993685966,-0.008391849699,0.5742339904,2.643520639e-05,0.01249618829,-0.00866179016,0.1862434343,-0.2046831594,0.00430847712,0.5729090362,0.001843854345,0.01979097885,-0.004066237991
0.1934283257,-0.0006253026683,0.6951873317,0.001912214811,0.0405187857,0.004257499445,0.9991678764,-0.8267258683,-0.02622031,-0.04117695724,0.8302438895,-0.06320500464,-0.005492625665,-0.2248260024,0.01136026325,0.02090268308,0.9985279811,-0.7273055701,-0.02138012199,0.04733703418,0.05077903901,-0.02016591117,0.2331642515,0.1996635035,-0.008407003919,0.5734127003,-0.0001414084203,0.01181361649,-0.008710465077,0.1843472169,-0.2044243164,0.003707546527,0.5731099374,0.001651614636,0.01927859643,-0.004384191095
0.1958343795,-0.0001861462707,0.6900520461,0.003073345925,0.04314287743,0.003791367961,0.9990569915,-0.8511283375,-0.02983229885,-0.04010509583,0.8731214518,-0.09053562916,-0.003675105731,-0.2469414596,0.007287357246,0.02065235528,1.046323564,-0.7402466732,-0.01929133261,0.04746056756,0.04957021374,-0.01848100981,0.232278639,0.1999449886,-0.008311005381,0.5725620628,-0.0003566936042,0.0110010728,-0.008728842316,0.1828854355,-0.2044713101,0.003297792955,0.5731876412,0.001428365753,0.01860660817,-0.004626302088
0.1982462954,0.0002288882487,0.6847523296,0.004134551776,0.04544872501,0.003336849523,0.9989525436,-0.8738708728,-0.03323992579,-0.03930924336,0.9145914259,-0.1187137432,-0.001382657509,-0.2672607312,0.003052210575,0.01977957693,1.092479877,-0.7520123096,-0.01767823792,0.04725778052,0.04848050577,-0.01669577022,0.2314522503,0.200219132,-0.008119881936,0.5722142025,-0.0005585932886,0.0102448155,-0.008726121608,0.1815905941,-0.204533285,0.002853859756,0.573597619,0.001214482391,0.0179299131,-0.004840751548
0.2006863815,0.0006404187376,0.6792047919,0.005054709294,0.04803208316,0.002557195509,0.9988297301,-0.8967240351,-0.03605588044,-0.0387531749,0.955104662,-0.1471841086,0.00133011698,-0.2883446641,-0.0009349821254,0.01918894048,1.138655774,-0.7619160275,-0.01656038959,0.04726511545,0.04759285077,-0.01627400088,0.2312045186,0.2005113398,-0.007901040704,0.5718919145,-0.0007462252949,0.009429786857,-0.008688292259,0.1807503238,-0.2047867242,0.002541455671,0.5738864272,0.0009928637908,0.01713984007,-0.004984235304
0.2031086892,0.001012986275,0.6735315829,0.005924719606,0.0503642309,0.001875735072,0.9987115818,-0.9185264364,-0.0386498678,-0.03817750493,0.9942555387,-0.1750908245,0.004036463976,-0.3076075611,-0.005119984294,0.01829200192,1.182716751,-0.7705524517,-0.01576166328,0.04679521212,0.04672944098,-0.01577244013,0.2308509546,0.2008241319,-0.007641706445,0.5720381452,-0.0009040346011,0.008712083132,-0.008637867917,0.180033806,-0.2049702898,0.002147387035,0.5744479126,0.0007894125492,0.01637224938,-0.005117872107
0.2055504875,0.001392736823,0.6676481549,0.006634191222,0.05296557678,0.001166705089,0.9985736197,-0.9417540643,-0.04114874836,-0.03799104807,1.03349094,-0.2008817707,0.006811800273,-0.3272532591,-0.008970568769,0.01777100541,1.226189924,-0.7774420871,-0.0150879373,0.04624984521,0.04609433942,-0.01657833628,0.2308162745,0.20114097,-0.007385838757,0.5721165311,-0.001123354851,0.007960783966,-0.008574897147,0.1798003538,-0.2053285393,0.001868756277,0.5747611813,0.0005256707526,0.01548131713,-0.005213747154
0.2079777886,0.0017478529,0.6616710222,0.007286139979,0.05525910551,0.0006084862391,0.998445278,-0.9644281049,-0.04355486318,-0.03783346278,1.071952616,-0.223979848,0.009205828405,-0.3448894096,-0.01285910742,0.01709299739,1.267626381,-0.7838401009,-0.01440285613,0.04534561443,0.04547498108,-0.01717582705,0.2305217996,0.2014615402,-0.007090481492,0.5725268546,-0.001333367792,0.007297456762,-0.008506563091,0.1796672622,-0.2056106757,0.001528030637,0.5752720434,0.0002682593502,0.01461530606,-0.005310089324
0.2104191793,0.002109144866,0.6555485769,0.007769471754,0.05772571897,-0.0002123602385,0.9983022246,-0.9878906753,-0.04472925775,-0.03706559138,1.110160694,-0.2439136605,0.01160429259,-0.3626622155,-0.01640481872,0.01630387884,1.308477176,-0.7897103221,-0.01382039069,0.04472672483,0.04504511403,-0.0186936491,0.2303830932,0.2018173334,-0.006754403759,0.5728537807,-0.00153250675,0.006632379885,-0.008356929907,0.1797875487,-0.2060155938,0.001338507174,0.5756481187,-1.356035969e-05,0.01367518594,-0.005293516977
0.2128522962,0.002458189002,0.6493897368,0.008164670728,0.05987866369,-0.001001891157,0.9981717688,-1.010458595,-0.04518717722,-0.03586333206,1.147400819,-0.2608821686,0.01351564362,-0.3784581358,-0.01996115257,0.01507270228,1.347557163,-0.7960814098,-0.0132846465,0.04389039962,0.04467870319,-0.01987591369,0.2299128793,0.2021626153,-0.006365834603,0.5734755861,-0.001702409218,0.006059776643,-0.008185704453,0.179883902,-0.2063525197,0.001118044265,0.5762439448,-0.0002759972303,0.01279379226,-0.00525743725
0.2152616402,0.002830919816,0.6430711546,0.008351651098,0.06222912104,-0.002002756323,0.9980249373,-1.034067428,-0.04485425193,-0.03474300563,1.184617965,-0.27506315,0.01491227406,-0.3947761608,-0.02286662231,0.01411688036,1.386812435,-0.802618606,-0.01271984264,0.04311898912,0.04471197365,-0.02178750684,0.2295284924,0.2024452965,-0.00593244269,0.574000844,-0.001959794777,0.005447206315,-0.008057783222,0.1801953107,-0.2069662436,0.001046524071,0.5766895615,-0.0006366900076,0.01185840453,-0.005208812189
0.2176267417,0.003208090505,0.6367104293,0.008438391821,0.06429125196,-0.002937217044,0.997891177,-1.056886525,-0.04419250747,-0.03354647459,1.221264313,-0.2877143638,0.01574975807,-0.4094785456,-0.02565370685,0.01297900938,1.424881775,-0.8099099286,-0.01215016393,0.04197496214,0.04494698058,-0.02317990818,0.2287228647,0.2026395267,-0.005479772636,0.5748196052,-0.002211479783,0.004912878732,-0.007949930252,0.1804642448,-0.207622494,0.000889858367,0.5773761663,-0.0009929083396,0.01098772267,-0.005181162442
0.2199189354,0.003592565404,0.6302699634,0.008294531409,0.06640308604,-0.003970561288,0.9977505027,-1.080700763,-0.04317611262,-0.03263651079,1.25828791,-0.2984174634,0.01712090121,-0.4242737283,-0.02760122568,0.01231729831,1.462916591,-0.8173396418,-0.01127127822,0.04080024551,0.04569395454,-0.02500331623,0.2279152162,0.2027396963,-0.004969619567,0.5757633471,-0.002566497211,0.004389567292,-0.007835635413,0.180941518,-0.2085277033,0.0008278421193,0.5780968619,-0.00151126696,0.01003600819,-0.005148569585
0.2221240017,0.00396043284,0.6238574158,0.008067016015,0.06816830986,-0.004923431203,0.9976290717,-1.103602825,-0.04207929639,-0.03182128346,1.294874588,-0.3083945293,0.01867305277,-0.4374180364,-0.0293453623,0.01165380797,1.499653448,-0.8251848706,-0.01025354794,0.03932056178,0.04662380471,-0.02623123233,0.2267295703,0.2027777603,-0.004433072355,0.5770658203,-0.002910858466,0.003977758337,-0.007721418901,0.1814162767,-0.2094164928,0.0006708115242,0.5791588902,-0.002027750197,0.009166818587,-0.005137052764
0.2241753545,0.004304787892,0.6175002676,0.00771046774,0.06990471105,-0.005911213595,0.9975063597,-1.12638696,-0.04091481393,-0.03146106502,1.330766835,-0.3176104027,0.02094348606,-0.450354787,-0.03074903508,0.01110988843,1.535762267,-0.832840375,-0.009163706454,0.03724442938,0.04801104738,-0.02749161917,0.2254111965,0.2026993114,-0.003772992708,0.5785958514,-0.003304061649,0.003571664734,-0.00739728615,0.1820952725,-0.2104229435,0.0006791632231,0.5804646984,-0.002852091894,0.008137104633,-0.005178704896
0.2260595185,0.004605647872,0.611277454,0.007330171147,0.0713476225,-0.006842874111,0.9974011031,-1.14781879,-0.03964583315,-0.03120923149,1.365351565,-0.3267590761,0.02346203396,-0.4618651968,-0.03224552865,0.01042848183,1.570166904,-0.8403817471,-0.008102966987,0.03456961232,0.04959395795,-0.02808100816,0.2236445216,0.2025721654,-0.003094147698,0.5804175679,-0.00366666335,0.003283803988,-0.007029258246,0.1829269594,-0.211333266,0.0006272054616,0.5820893821,-0.003683883373,0.007187526133,-0.005250714955
0.2277173775,0.00481179494,0.605057696,0.006934694324,0.07283689662,-0.007789668982,0.9972893349,-1.169021446,-0.03861783012,-0.03173707589,1.39865731,-0.3357997547,0.02586777394,-0.4740085722,-0.03370050703,0.009724624918,1.604954304,-0.8471360379,-0.007181431911,0.0317249295,0.05129196983,-0.02899843189,0.2218717675,0.2025129151,-0.002439940313,0.5822796933,-0.004038267068,0.002939620479,-0.006782815662,0.1839775121,-0.2122896803,0.0005540472042,0.5838408707,-0.004308564197,0.006318459789,-0.00510629476
0.2291330571,0.004909008539,0.5989155763,0.00652744956,0.07405021657,-0.00861278265,0.9971959576,-1.188954916,-0.03760266158,-0.03258703371,1.430378398,-0.3451448297,0.0279752133,-0.4851529931,-0.03531427251,0.008748198155,1.638701392,-0.8532921383,-0.006356616305,0.02858103723,0.05309581373,-0.02941025984,0.2197703488,0.2024880004,-0.001844457539,0.5842764896,-0.004367524069,0.002666359526,-0.006602369527,0.1851487349,-0.213171984,0.0003496460933,0.5858118825,-0.004803303913,0.005604503451,-0.004926642356
0.230268299,0.004894637373,0.5928742775,0.006009235624,0.07519546758,-0.009348020091,0.9971068876,-1.208376121,-0.03706931499,-0.03464919019,1.460531634,-0.354306184,0.02937384593,-0.4950584123,-0.03767126573,0.007496442194,1.672396139,-0.8600104524,-0.006289728047,0.02477938136,0.05540931228,-0.03004679658,0.2175895878,0.2023073868,-0.001173648183,0.586521277,-0.004816145693,0.002454144372,-0.006373906452,0.1865887476,-0.2142762262,0.0002196922656,0.5879776587,-0.005512481113,0.004837720401,-0.004740023309
0.2311027781,0.004745040166,0.5869873587,0.005401669927,0.07612349485,-0.01007427726,0.9970328703,-1.226754532,-0.03633633741,-0.03726412166,1.48895671,-0.3634567035,0.03016423835,-0.503135389,-0.04053485908,0.006191506119,1.704358495,-0.8669569224,-0.006353599015,0.02062989231,0.05809049191,-0.03044578718,0.215128312,0.202062797,-0.000524453221,0.5889129284,-0.005250584056,0.002362584805,-0.006148132521,0.1882489255,-0.2154118749,1.16713439e-06,0.5903306504,-0.006212555575,0.004176577522,-0.004587454855
0.231598859,0.004401162233,0.581324055,0.004942428063,0.07710219788,-0.01065518376,0.9969540062,-1.244467796,-0.03630021639,-0.04051694495,1.515053834,-0.3722240823,0.03061815204,-0.5106620532,-0.04464572215,0.004411032301,1.735224015,-0.8729646445,-0.006859755519,0.01635249294,0.06039600322,-0.03135117559,0.2126361964,0.2018143993,0.0001855313392,0.5915359698,-0.005794533947,0.002352155533,-0.005909239893,0.190138357,-0.2167031673,-0.0002212584209,0.5928404675,-0.006981026538,0.003490905064,-0.004346229682
0.2317288189,0.003846703252,0.5759063065,0.00455430153,0.07793468583,-0.01119457492,0.9968852113,-1.261165958,-0.03618906106,-0.04407150459,1.538824596,-0.3805011858,0.03071139926,-0.5169341113,-0.04938381944,0.002861479003,1.763577704,-0.8766762542,-0.007663685527,0.01220204392,0.06243379505,-0.03218535286,0.2100097317,0.2016070866,0.0008946611044,0.5941524015,-0.006312781376,0.0024386701,-0.005680411529,0.1921368846,-0.2180481809,-0.0005234025362,0.5953688117,-0.007688971508,0.002919775704,-0.004111916746
0.231516171,0.003052040306,0.5706951563,0.00427541219,0.07877260284,-0.01162816763,0.9968156217,-1.27714322,-0.03626702554,-0.04797611033,1.560185702,-0.3882004188,0.03068002794,-0.5230064259,-0.05474253739,0.0009023305771,1.790980356,-0.8769076853,-0.009057640622,0.00836478131,0.06401618323,-0.03366737733,0.2075380215,0.2014214998,0.001590829969,0.5968236936,-0.006883245573,0.002636731054,-0.005536067383,0.1943160109,-0.2195442746,-0.0007952337963,0.5978815811,-0.00838330428,0.00244956925,-0.003783600134
0.2309367015,0.002001876233,0.5657061031,0.00403354746,0.07940835687,-0.01200257593,0.9967617476,-1.292104945,-0.03606217573,-0.05216686617,1.579247253,-0.3951554946,0.03030498549,-0.5280441128,-0.06017640637,-0.001122051608,1.81620223,-0.8742301383,-0.01052050382,0.004908186335,0.0652520745,-0.03520887644,0.2051572124,0.2012877205,0.002257873887,0.5993654921,-0.007408070391,0.002899969953,-0.005425433915,0.196511037,-0.2210793207,-0.001098942536,0.6003069176,-0.009001471149,0.002108499073,-0.003462547883
0.2299814181,0.0006876314013,0.5609754362,0.003866782903,0.07996802892,-0.01226401941,0.9967144808,-1.306198069,-0.0357824814,-0.05668082035,1.595732386,-0.4011805957,0.0296872063,-0.5328845201,-0.06601135977,-0.003649163924,1.841331583,-0.8690429648,-0.0120711758,0.001769524791,0.06619412195,-0.0373169656,0.2030221642,0.2011267308,0.00292428604,0.601949506,-0.007977702034,0.003316966288,-0.00532022574,0.1988339029,-0.2226877029,-0.001296921914,0.6027120462,-0.009708961689,0.001841514628,-0.003101308522
0.2286349211,-0.0008995156445,0.5565170677,0.003670879103,0.08026961674,-0.01244681193,0.9966887128,-1.319265992,-0.03508664969,-0.06160338726,1.609913679,-0.4061013366,0.02850250826,-0.5367627459,-0.07165957605,-0.006579461768,1.865069755,-0.8627111114,-0.01339125035,-0.001013790548,0.06703585552,-0.03949264214,0.2011057466,0.2009408551,0.003565079211,0.6044314127,-0.008499651114,0.003791356759,-0.005216636603,0.2011533802,-0.2242885143,-0.001475699513,0.6050252292,-0.01037048865,0.001671455053,-0.00276161727
0.2269429049,-0.002703648437,0.5523123772,0.003531394041,0.08041571812,-0.012477506,0.9966770557,-1.331113187,-0.03453425523,-0.06684287251,1.621633021,-0.4104290101,0.02727706036,-0.5410489831,-0.07750684366,-0.0100033217,1.888799686,-0.8532324893,-0.01527845887,-0.003726492224,0.06798382303,-0.04224765691,0.199483386,0.2006027119,0.004172198089,0.6069919356,-0.009073637316,0.004478299872,-0.005123643399,0.2036490816,-0.2260381078,-0.001529852274,0.6072995701,-0.01114132694,0.001635890474,-0.002373644691
0.2248906484,-0.004737040145,0.5483699818,0.003365411713,0.0802139307,-0.01239556411,0.9966949129,-1.341726825,-0.03379654067,-0.07252039817,1.631318054,-0.4139866805,0.02538661119,-0.5448974658,-0.08304052543,-0.01381277171,1.911238621,-0.8420712426,-0.0170688234,-0.006293349045,0.06915873512,-0.0450651655,0.1981090752,0.2001548642,0.004710551522,0.6094772508,-0.009601730984,0.005224729174,-0.00503808979,0.2062120898,-0.2278258786,-0.001580701361,0.6094844688,-0.0118652424,0.001690599166,-0.002007180012
0.2225080044,-0.006922465692,0.5446716576,0.00329595974,0.07981378518,-0.01216101652,0.9967301571,-1.351084032,-0.03345534703,-0.07854679013,1.638838861,-0.4173229108,0.02297511459,-0.549318938,-0.08880908306,-0.01751732833,1.932807182,-0.8280357135,-0.01928759398,-0.008892544295,0.07069689371,-0.04817687961,0.1968886431,0.1994798578,0.005168508838,0.6119974091,-0.01020393408,0.006119423959,-0.004991994031,0.2088844917,-0.2297773117,-0.001580191888,0.6115392372,-0.01267547712,0.001781467705,-0.001631152711
0.2197812245,-0.009279960702,0.5412212775,0.003250298642,0.07902038175,-0.01184457917,0.9967973318,-1.359409742,-0.03308401897,-0.0849300187,1.64478464,-0.4199108451,0.01953991379,-0.5535685586,-0.09430054228,-0.02145885399,1.952891871,-0.8135035237,-0.02113876585,-0.01139092421,0.0726575017,-0.05108169672,0.1957902488,0.1986649617,0.005525872981,0.6143825431,-0.01076431122,0.007023499022,-0.004963417966,0.2115535307,-0.2317579729,-0.001620304772,0.6134588277,-0.01342665466,0.001901317238,-0.001291998407
0.216827248,-0.01171867777,0.5379784219,0.003421654178,0.07789195479,-0.01147573226,0.9968898852,-1.366438529,-0.03309497149,-0.09133055928,1.649322544,-0.4222695254,0.01503809773,-0.5588452016,-0.0997149277,-0.02600904743,1.96976687,-0.7978958105,-0.02288333581,-0.01378898853,0.07486546651,-0.05396776612,0.1947029756,0.1977203348,0.005825099195,0.6167053829,-0.01144191842,0.008061518175,-0.004963533074,0.2142291988,-0.233861439,-0.001613751871,0.615196826,-0.01428794673,0.00200950828,-0.0009418760421
0.2136487156,-0.0142540059,0.534956145,0.003740274513,0.07624634933,-0.01108139761,0.9970204146,-1.372471488,-0.03316371002,-0.0976155296,1.652981714,-0.4235274723,0.00965124265,-0.5641165591,-0.1046423533,-0.03156708202,1.985617351,-0.7841692319,-0.02413939499,-0.01604243085,0.07740197373,-0.05643825152,0.1936357975,0.1966871759,0.006051174681,0.6188961595,-0.01208194097,0.00908053213,-0.004973099287,0.2168452112,-0.2359778525,-0.001646043849,0.616815878,-0.01509207,0.002119480647,-0.0006244750021
0.2104271258,-0.01678429287,0.5321023143,0.004264412984,0.07438835967,-0.01065359918,0.9971633204,-1.377765413,-0.03359618134,-0.1036389591,1.656030045,-0.4241599838,0.003232362856,-0.5687835046,-0.1093347338,-0.0378326003,2.000737573,-0.7736223002,-0.0257068163,-0.01816719459,0.08012262188,-0.05894248014,0.1925516089,0.1955520226,0.006235465197,0.6210640829,-0.01281331598,0.01018692316,-0.00500365713,0.2195795021,-0.2382277411,-0.001644634015,0.6182114586,-0.01597880524,0.002206776822,-0.0003016127493
0.207166484,-0.01931013522,0.5294362421,0.004932743269,0.0722405412,-0.01022459703,0.9973226308,-1.382454637,-0.03412912821,-0.1092382339,1.658625442,-0.4235027818,-0.003436778727,-0.5725383897,-0.1135048777,-0.04426370099,2.015787011,-0.7663435915,-0.02747596337,-0.0201235365,0.08314717873,-0.06132318015,0.1915143875,0.1942873031,0.006365641517,0.6231577741,-0.01349334725,0.01124889534,-0.005035584367,0.222355964,-0.2405634945,-0.001689900432,0.6195016833,-0.0167974363,0.00228728699,-8.245898847e-06
0.2039874115,-0.0217691214,0.5269958366,0.005825635342,0.07006103253,-0.009755478967,0.9974779919,-1.386632056,-0.03494327625,-0.114204682,1.660683067,-0.4217249601,-0.01044097304,-0.574704562,-0.1174208842,-0.05044374262,2.029727478,-0.7628606681,-0.02944747828,-0.02209525524,0.08620837139,-0.06389930874,0.1904454214,0.1929046048,0.006507031144,0.6251665515,-0.01427410901,0.0123754273,-0.005093600345,0.2252888162,-0.2430424371,-0.001693310178,0.6206300483,-0.01769591368,0.002403597406,0.0002747335215
0.2008855822,-0.02416269846,0.5247827961,0.006916381005,0.06784757792,-0.009347866766,0.9976279303,-1.390264494,-0.03577417421,-0.1184445825,1.662086619,-0.4185121463,-0.01691812776,-0.5757341666,-0.1208811663,-0.05593372127,2.042641827,-0.7626204785,-0.0313854651,-0.0239229267,0.08934930982,-0.06665608883,0.1894438049,0.1914273303,0.00662116159,0.6269870519,-0.01500345248,0.01343006403,-0.005149906794,0.2282963707,-0.2456153444,-0.001730989926,0.6216600068,-0.01852449716,0.002533296825,0.0005296591727
0.1979410112,-0.02646514132,0.5227489594,0.008204234436,0.06583549541,-0.009013550923,0.9977560493,-1.393660874,-0.03664720888,-0.1220042994,1.663006439,-0.4144239775,-0.02297234992,-0.5748526318,-0.1239279663,-0.06075965316,2.053474226,-0.7664804813,-0.03332309216,-0.02571655298,0.09235000865,-0.06986906733,0.1884677148,0.1898702627,0.006812957321,0.6285503731,-0.01587797832,0.01455522595,-0.005234430152,0.2314888426,-0.2483576728,-0.001679607345,0.6224344955,-0.01945605732,0.002694351128,0.000799386219
0.1951401495,-0.02868163635,0.5208855848,0.009705637714,0.06403413179,-0.008858986439,0.9978611872,-1.396771201,-0.03733283776,-0.1248090259,1.663312641,-0.4094291492,-0.02810706075,-0.5728097692,-0.1265127261,-0.0646463342,2.062521537,-0.7739276477,-0.03515067274,-0.02733034622,0.0951592852,-0.07350892508,0.1875882743,0.1883116136,0.007018863872,0.6297933774,-0.01670657389,0.01558092993,-0.005310716788,0.2347267928,-0.2511849717,-0.001637903091,0.623041506,-0.02032216821,0.002846993059,0.001054300231
0.1925560739,-0.03076655621,0.5192062899,0.01152784406,0.06258079648,-0.008799395404,0.9979345286,-1.399706852,-0.03832187477,-0.1266824222,1.663255807,-0.4043416612,-0.03275053181,-0.5690950867,-0.1291440112,-0.06760896563,2.069034385,-0.7854250274,-0.03660873784,-0.02895013175,0.09732095327,-0.07749256403,0.1866711731,0.1868769953,0.00737910907,0.6306959035,-0.01764373439,0.01662454776,-0.005352437807,0.2379964732,-0.2540421774,-0.001498184667,0.623374096,-0.0212559663,0.002992097215,0.001350119247
0.1901722257,-0.03272340413,0.5176945826,0.01364106395,0.06150463437,-0.008970871563,0.9979732586,-1.402495747,-0.03929228143,-0.1276762314,1.662750352,-0.3992982389,-0.03656185814,-0.5645666592,-0.1315946528,-0.06943213271,2.073439704,-0.800433602,-0.0378208546,-0.0303639509,0.09890543981,-0.08181950084,0.1857746873,0.1856224371,0.007812486821,0.6312334938,-0.01851763653,0.01753532583,-0.005362954137,0.2411564164,-0.2568829828,-0.001352493191,0.623495064,-0.02211284661,0.003103773672,0.001638935674
0.1880676883,-0.034511274,0.5163902492,0.01596973634,0.06077281935,-0.009296731283,0.9979805623,-1.405441791,-0.04019351551,-0.1274631683,1.66302505,-0.3948872126,-0.04026232764,-0.5580304527,-0.1338831284,-0.07043223553,2.074660483,-0.8195768437,-0.0388049423,-0.03174611319,0.09978884329,-0.08614326214,0.1848067032,0.1845907731,0.008476368436,0.6314407722,-0.01948557265,0.01839715835,-0.005303206163,0.2441781684,-0.259660397,-0.001076513088,0.6233308544,-0.02301521167,0.003169250457,0.001991766383
0.1862254809,-0.03613865443,0.515277062,0.01855877362,0.06050655311,-0.009869565479,0.9979464518,-1.408589753,-0.04090583381,-0.1260145955,1.663782345,-0.3912512526,-0.04350372581,-0.5506238582,-0.135999725,-0.07033106768,2.07324452,-0.8423376526,-0.03962783078,-0.03293755172,0.09988390973,-0.09068319403,0.183820478,0.1838780906,0.009250965739,0.6313233068,-0.02038277326,0.01911035029,-0.005206569761,0.2469655009,-0.2622819061,-0.0007736823102,0.6229648793,-0.02383774831,0.003181927312,0.002339736977
0.1846051097,-0.03768169947,0.5145359731,0.02128792159,0.06068929396,-0.01035676628,0.9978759299,-1.410690412,-0.04141695997,-0.1232526997,1.663295923,-0.3889620564,-0.04588159904,-0.5423850651,-0.1375823964,-0.06965554035,2.068719076,-0.8682711105,-0.04056712483,-0.03425639049,0.09916663265,-0.09513197555,0.1826773985,0.1834394278,0.01031519059,0.6311741603,-0.02148925042,0.01988840925,-0.005147966658,0.2494750074,-0.2647014202,-0.0003311248083,0.6225245812,-0.02482779925,0.003107458328,0.002707444594
0.1832009818,-0.03913185895,0.5141278857,0.02413138442,0.06143476033,-0.01083088467,0.9977605617,-1.412240847,-0.04171355671,-0.1193049266,1.661822107,-0.3880232177,-0.04784972105,-0.5341931439,-0.1386988154,-0.06828704371,2.061466702,-0.8967077441,-0.04156274973,-0.03550958269,0.09774714362,-0.09972753948,0.1814686029,0.1833028371,0.01146310149,0.6308672887,-0.02254394052,0.0205958614,-0.005088597407,0.2517629868,-0.2669489716,0.0001381882548,0.6218849509,-0.02576274259,0.002980224725,0.003054909486
0.1819639575,-0.04035576294,0.5144919804,0.02627928347,0.06170822175,-0.01089123313,0.9976887669,-1.410540751,-0.04240308184,-0.115720447,1.658217732,-0.3880782116,-0.04954785925,-0.531523734,-0.1391851288,-0.06657483584,2.056373741,-0.9181931558,-0.04210676599,-0.03736505927,0.09763660066,-0.1015485677,0.1789809259,0.1825998239,0.01281845309,0.6313879982,-0.02364748216,0.02128695328,-0.004941614237,0.253128343,-0.2695286135,0.0002863944428,0.6212559398,-0.02665355971,0.002609500798,0.003309979862
0.1809803725,-0.04135720259,0.5155945697,0.02773106202,0.06178367645,-0.01056475285,0.9976483105,-1.406471555,-0.04348318926,-0.1126809791,1.652934525,-0.3889944086,-0.05071519461,-0.5318627993,-0.1390009979,-0.06514923941,2.051275835,-0.9325352426,-0.04266563942,-0.03959820951,0.09881549095,-0.1016095419,0.1757891788,0.1814589565,0.01402880576,0.6322136415,-0.0246494024,0.02199282133,-0.004776375779,0.2540858664,-0.2724313724,0.0001565743287,0.6205408784,-0.02743310298,0.002163684638,0.003492772963
0.1803754464,-0.04212990838,0.5177261072,0.02862841824,0.06132798883,-0.009792928779,0.9976589548,-1.398604872,-0.04559696458,-0.1106523712,1.644965718,-0.388598265,-0.05134411282,-0.5311385846,-0.138563625,-0.064199829,2.041642898,-0.9399360149,-0.04298051465,-0.04276446522,0.1007991643,-0.09961638353,0.1719905563,0.1800207935,0.01517148726,0.6335373746,-0.02561830789,0.02274194287,-0.004514856515,0.2547719506,-0.2752591389,-0.0002027636205,0.6200587343,-0.02812044249,0.001563893709,0.0036571414
0.1802006422,-0.04270644676,0.5207575469,0.02931858888,0.06099312357,-0.009061721305,0.9976663493,-1.388581601,-0.04777352057,-0.1088643244,1.635112874,-0.387406093,-0.05129560755,-0.5298147621,-0.1379407685,-0.06298212191,2.026865278,-0.9415239285,-0.04332063838,-0.04594937606,0.1026938043,-0.09728821193,0.1683909296,0.1787466702,0.0161323476,0.6344857381,-0.02648255965,0.0234603926,-0.004256059564,0.2555599325,-0.2778509497,-0.0005520491273,0.6194557573,-0.02870593731,0.0009771199342,0.00380777551
0.1804095168,-0.04310146159,0.524893555,0.02984092729,0.06043306945,-0.007968277726,0.9976942767,-1.374868697,-0.05045513789,-0.1072367709,1.621522238,-0.3852502042,-0.05126754266,-0.5263020439,-0.1373377181,-0.06189426754,2.007157262,-0.9382703756,-0.04346745942,-0.0498470036,0.104382865,-0.09350423508,0.164466759,0.1775328663,0.01706200752,0.6355270559,-0.02725293996,0.02404026329,-0.003908194359,0.2560360876,-0.2799544263,-0.001027480946,0.6190755472,-0.02915187222,0.0002158029464,0.003914908418
0.1810652637,-0.04331018186,0.5299981654,0.03028629075,0.06030941339,-0.00697499913,0.9976957776,-1.359228196,-0.05273173275,-0.1054092329,1.605105709,-0.3829013971,-0.05055624409,-0.5219049068,-0.136445141,-0.06051688694,1.983830671,-0.9319286834,-0.0435693773,-0.05353403436,0.1056767304,-0.08999703956,0.1609732209,0.1765805388,0.01786649145,0.6359795209,-0.02791957339,0.024493051,-0.003571078183,0.2566334106,-0.2817165813,-0.0013754152,0.6184250393,-0.02950371625,-0.0005332375324,0.004016895786
0.182117564,-0.04333143012,0.5361347713,0.03048223535,0.06005344828,-0.00578256793,0.9977128738,-1.340445322,-0.05520133698,-0.1039052568,1.585425039,-0.380115132,-0.04931695664,-0.5143823156,-0.1352371321,-0.05951809326,1.955995835,-0.9203906685,-0.0432483729,-0.05781266163,0.1068766573,-0.08520134259,0.157239691,0.1755512178,0.01854855608,0.6363910279,-0.02838911588,0.02475005462,-0.003136122639,0.2569317684,-0.2829658132,-0.0018658926,0.6178830501,-0.02961173975,-0.001420693084,0.00408197274
0.1836404827,-0.04317660058,0.5431232177,0.03069682831,0.06044865258,-0.004898494491,0.9976871603,-1.320486884,-0.057064259,-0.102165929,1.563307191,-0.3773878575,-0.04718999225,-0.5052548069,-0.1336822315,-0.0581273319,1.923908527,-0.9097133599,-0.04282259033,-0.06170980231,0.1073540924,-0.08118758089,0.1541313566,0.1748369228,0.01905937443,0.6359889873,-0.02875887451,0.02485741577,-0.002729350144,0.2574154646,-0.2837699077,-0.002153869907,0.6169282202,-0.02963049887,-0.002286334242,0.004155211041
0.1854903903,-0.04291563887,0.5507881393,0.03102326075,0.06065886763,-0.004007404439,0.9976682814,-1.298112027,-0.05851773689,-0.09990340486,1.537644423,-0.3717975143,-0.04451538844,-0.4929276673,-0.1320861195,-0.0564419545,1.88797627,-0.8995777163,-0.04188228597,-0.06555673554,0.1068362977,-0.07623178404,0.1508502084,0.1744116075,0.019391469,0.6353770276,-0.02880373975,0.02476927937,-0.002260834033,0.2573068517,-0.2837741951,-0.002595486652,0.6160713977,-0.02932379135,-0.003175509102,0.004177009243
0.1877319775,-0.04252362901,0.5589663083,0.0314739221,0.06134567624,-0.003529538722,0.9976139747,-1.275232562,-0.05907412042,-0.09706959282,1.509951203,-0.3645802144,-0.04103900218,-0.4801393617,-0.130186179,-0.05379284335,1.849146211,-0.8892356819,-0.04091209418,-0.06855996599,0.1053876797,-0.07205557377,0.1481162459,0.1743636999,0.01959163587,0.6340166253,-0.02875140449,0.02453721513,-0.001832966698,0.2570432617,-0.2833404742,-0.002813099245,0.6147348497,-0.02894394256,-0.004011382336,0.004208883947
0.1902199912,-0.04204414876,0.5677734771,0.03197437127,0.06176061146,-0.002742519508,0.997574932,-1.250127147,-0.05918749098,-0.09321090081,1.478382276,-0.3554826812,-0.03778303129,-0.4642937501,-0.1280014372,-0.05086876447,1.806046116,-0.8783705851,-0.03984117976,-0.07102779749,0.1029313221,-0.06621857946,0.1447869831,0.1745141959,0.01956635259,0.6326768851,-0.02831750271,0.02407041693,-0.001385707532,0.2557532801,-0.2820961639,-0.003326194253,0.6136240227,-0.02818913654,-0.00483520876,0.004090177735
0.193032935,-0.04144446361,0.5770309342,0.03250423458,0.06264990528,-0.002050709904,0.9975040144,-1.22509897,-0.05848540139,-0.08837943022,1.444730763,-0.3453544978,-0.03413883328,-0.4484233848,-0.1252956678,-0.04702100376,1.759976667,-0.8638731946,-0.03896634518,-0.07227477984,0.09965834253,-0.06068377298,0.1417798591,0.174913428,0.01940960065,0.6306746293,-0.02782101686,0.02348155739,-0.0009924780204,0.2539497026,-0.280521975,-0.003626645029,0.612024789,-0.02739280291,-0.005590075245,0.003965105565
0.1960235387,-0.04081769158,0.5867540161,0.03301803465,0.06322536664,-0.0006526598032,0.9974527239,-1.19796334,-0.05716564424,-0.08194700677,1.405756932,-0.3329274269,-0.03057853174,-0.4304811143,-0.1221699002,-0.04299754224,1.71142381,-0.8482573904,-0.03764198345,-0.07270554534,0.09563297948,-0.05362002675,0.1383423444,0.1754377551,0.01888174337,0.6288465574,-0.02688203577,0.02277241871,-0.0007241077224,0.2510377317,-0.2780928922,-0.00425325584,0.6109038002,-0.02618025374,-0.006070653806,0.003634419081
0.1992827497,-0.04011364715,0.5967549436,0.03338073096,0.06418804575,0.001119379683,0.9973787488,-1.17136382,-0.05510775737,-0.07443564547,1.363987414,-0.3196732518,-0.02664631478,-0.4128999214,-0.1183008903,-0.03856212196,1.661600779,-0.8304967078,-0.03638128843,-0.0718041524,0.09136799692,-0.04689889373,0.1354273906,0.1760054971,0.01815286313,0.6265099088,-0.02591419361,0.02201682853,-0.0005497814613,0.247617492,-0.275479196,-0.004651591225,0.6093856101,-0.02496034483,-0.006397544718,0.003303615691
0.2028278641,-0.03936832535,0.6071551898,0.03365793334,0.06472637719,0.003591158783,0.997328804,-1.142465622,-0.05266139247,-0.06585930876,1.317512004,-0.3036780635,-0.02317167107,-0.3925020929,-0.1142497262,-0.03435313111,1.609003598,-0.8105703629,-0.03479424479,-0.06994824498,0.08666507684,-0.03918558657,0.1325088505,0.1765469611,0.01689813149,0.6244020309,-0.0244365555,0.0211181603,-0.0005396404604,0.2433819831,-0.2720973772,-0.005421924387,0.6084610568,-0.02323444651,-0.006351478945,0.002745701091
0.2067425501,-0.03853212901,0.6177415584,0.03373705031,0.06561311922,0.006366835277,0.9972543274,-1.114201651,-0.0496494633,-0.0566924685,1.268963451,-0.28617404,-0.01933559085,-0.3721276685,-0.1095867571,-0.02986643481,1.55499801,-0.7873151485,-0.03342226397,-0.06661003213,0.08196839578,-0.03248093909,0.1306105091,0.1770389238,0.01541629986,0.6217748706,-0.02296915912,0.02017227852,-0.0006198130822,0.2388774446,-0.2686513489,-0.005928740206,0.6071882905,-0.02152969108,-0.006146271555,0.002210097383
0.2110569532,-0.03767315216,0.628613517,0.03407732698,0.06627396121,0.0094550817,0.9971745581,-1.083491798,-0.04587538227,-0.04628098682,1.214611056,-0.2666129323,-0.01525991258,-0.3491735642,-0.1056833287,-0.02527267793,1.498090417,-0.7612849809,-0.03190572583,-0.06240620016,0.07611136488,-0.02591484823,0.1294006945,0.1777736748,0.0134634848,0.6191668543,-0.02104146638,0.01909931138,-0.0008971657561,0.2339481419,-0.2644502915,-0.006606023075,0.606601321,-0.01940016256,-0.00544500942,0.00151077383
0.2158369821,-0.03671956421,0.6395304436,0.03436448467,0.06740172936,0.01249763501,0.9970556144,-1.053584826,-0.04131541761,-0.03582429303,1.158152618,-0.2458312578,-0.01046862693,-0.3263372138,-0.1015992332,-0.02012316604,1.439950559,-0.7318166507,-0.03072079804,-0.05686640405,0.06998825591,-0.0212167538,0.1297150819,0.1786221361,0.01137549094,0.615958245,-0.01918706624,0.01797961353,-0.001249738948,0.2291419314,-0.2603210141,-0.006918496866,0.6056059784,-0.01735999417,-0.004596338982,0.0008803265908
0.2210882343,-0.03569363152,0.6505304902,0.03486722119,0.06858912771,0.01554033219,0.9969143928,-1.020541957,-0.0377731179,-0.02553900239,1.095822789,-0.2233905235,-0.004432536855,-0.3017827877,-0.09779601753,-0.01433403775,1.379630489,-0.7001398052,-0.02916455706,-0.05029775297,0.06302900892,-0.01764161747,0.1312407148,0.1799334073,0.008995568982,0.6125705735,-0.01698606441,0.0167020389,-0.001752763524,0.2243364291,-0.255780507,-0.007291009983,0.6049110957,-0.0149857555,-0.003373925773,0.0001819398756
0.2268416943,-0.03453911431,0.661383248,0.0353146274,0.07046933574,0.01819127343,0.9967226432,-0.9878550733,-0.03460525045,-0.01613408314,1.033503809,-0.2020686538,0.002017880139,-0.2782332209,-0.0937299216,-0.007615836278,1.31906314,-0.6657934239,-0.02792681076,-0.04227332853,0.05590895884,-0.01667561085,0.1346316688,0.1816720454,0.006704991752,0.6085441033,-0.0149236461,0.01535028382,-0.002277341355,0.2198244888,-0.2514574619,-0.0072766509,0.6036760743,-0.0127603456,-0.002129485807,-0.0004103953305
0.2330383128,-0.03330182131,0.6720546534,0.0359795734,0.07257319905,0.02041521499,0.9965048018,-0.9530628178,-0.03184337769,-0.007005785748,0.9679114798,-0.1815846663,0.008422518833,-0.2547752128,-0.09029941555,-0.0001106772982,1.258782956,-0.6291952384,-0.02652590195,-0.03296736019,0.04796835484,-0.0172014419,0.1395284302,0.1842048266,0.004371687377,0.6041430634,-0.01257377686,0.01375534136,-0.002916014014,0.2153211557,-0.2468304387,-0.007268738851,0.602582775,-0.01023789858,-0.0005875352474,-0.001052690287
0.2396716755,-0.0319286082,0.6823617097,0.03654535998,0.07534895302,0.02210809679,0.9962420409,-0.9193071028,-0.02922559413,0.001268493035,0.9048087102,-0.1641996096,0.01431079457,-0.2332963051,-0.08701534833,0.008017307941,1.200126129,-0.5899104517,-0.02548497521,-0.02246556385,0.03998183622,-0.02018405271,0.1461917034,0.1874091407,0.002340478742,0.5992429117,-0.01039414476,0.01206762465,-0.003531979721,0.210963953,-0.2424524733,-0.00695683333,0.6009697165,-0.00789268835,0.0008941301757,-0.001599819966
0.2465979644,-0.03037384108,0.692329674,0.03745422371,0.078603784,0.02337946833,0.9959277216,-0.8848401768,-0.0285557264,0.009371802186,0.8411572836,-0.1473775414,0.02053543145,-0.2142999077,-0.0852669286,0.0166049114,1.144221406,-0.5477276146,-0.02435759166,-0.01130839477,0.03143380813,-0.02418142227,0.1540637855,0.1913788112,0.0005357814267,0.594090836,-0.008189696352,0.01024797455,-0.004195181476,0.2065282466,-0.238028659,-0.006546208687,0.5992969295,-0.005518580184,0.002579841243,-0.002083294064
0.253784077,-0.02860084383,0.7018165356,0.03824671671,0.08253606951,0.02418924273,0.9955600768,-0.852028506,-0.02892847248,0.01674478502,0.781115691,-0.1345291053,0.02645375969,-0.1985609801,-0.08408598954,0.02541916815,1.091784312,-0.5025136418,-0.0236344254,0.0004202488147,0.02337515659,-0.02954895792,0.1630919577,0.1959193461,-0.0008294121254,0.5887602375,-0.006217467137,0.008425249571,-0.004789558777,0.2020499221,-0.2340089138,-0.005894653863,0.597070095,-0.003389722866,0.004122734725,-0.002454489373
0.261097938,-0.02664231913,0.7108346258,0.03892164514,0.08694565313,0.02447642128,0.9951514778,-0.818619763,-0.03089463775,0.02297322796,0.7210098857,-0.1238857816,0.03296603865,-0.1874912278,-0.08345157966,0.03437904504,1.045111326,-0.4535700587,-0.02258472511,0.01251701898,0.01575177586,-0.03527459684,0.1726687279,0.2009367204,-0.001806559231,0.5834400337,-0.004297894561,0.006497966841,-0.005239065317,0.1974204783,-0.2301879136,-0.005194032374,0.5945803095,-0.001295033608,0.005598133271,-0.002662787314
0.2685053217,-0.02448172885,0.7192794768,0.03909568374,0.09181014891,0.02446217013,0.9947080106,-0.7868439396,-0.03364024941,0.02752860012,0.6642211338,-0.1171605023,0.03930063602,-0.1805079186,-0.08276492223,0.04249090743,1.003965671,-0.4012423157,-0.02165742712,0.02451371204,0.009450197777,-0.04130435838,0.1826024303,0.206261387,-0.002324574173,0.5782293106,-0.002602611572,0.00463221986,-0.005565603526,0.1926440377,-0.2268522325,-0.004387573551,0.5915451303,0.0005652375917,0.006812662051,-0.002767451425
0.275840291,-0.02205978861,0.7269410872,0.03923924906,0.09709006091,0.02384817703,0.9942158045,-0.7560863408,-0.03814728124,0.02991451542,0.607269849,-0.1100066747,0.04743983017,-0.1786821471,-0.08362565644,0.04910961874,0.9703972439,-0.346771493,-0.02127103993,0.03641492416,0.004387578943,-0.04712027091,0.1925322953,0.2116767933,-0.00248504368,0.5733429453,-0.00105694352,0.002758457694,-0.005760265212,0.1876981624,-0.2240052722,-0.003654125994,0.5880954256,0.002274360106,0.007819120867,-0.002733387568
0.2830593078,-0.01938776245,0.7337644239,0.03900076104,0.1025272499,0.02299041718,0.9936994236,-0.7280117008,-0.0434622395,0.03003294815,0.5538021645,-0.1047212823,0.0555358583,-0.1803480628,-0.08498862995,0.05414261225,0.9432259162,-0.2910208441,-0.02136085685,0.04757396411,0.001376309686,-0.05214439454,0.2021609472,0.2170351153,-0.002292107273,0.5688664612,0.0002768562667,0.001031833299,-0.005859222736,0.1824394079,-0.221742374,-0.002979639507,0.5842365899,0.003753762459,0.008537692848,-0.002644840944
0.2899642533,-0.01658156549,0.7396307156,0.03819192014,0.1078074439,0.02185272273,0.9931975588,-0.7017910617,-0.04892575401,0.02862034811,0.5043546548,-0.1015355297,0.06469334216,-0.1878756894,-0.08459692858,0.05713790404,0.9277217082,-0.2426066497,-0.02123656562,0.05767359732,0.0006645749809,-0.05552132418,0.2107793656,0.2215036726,-0.001718638386,0.5647562003,0.001029823025,-0.0007707572085,-0.005875583223,0.1768385386,-0.2202960653,-0.002392908272,0.5799240138,0.004838385365,0.008641833742,-0.002679568234
0.2965855869,-0.01365666839,0.7446068009,0.0368173158,0.112648014,0.02105582613,0.99272935,-0.678344793,-0.05445536184,0.02521210847,0.4598154341,-0.09923176444,0.07366523332,-0.198417787,-0.08306879542,0.05744536176,0.9211092063,-0.2004923483,-0.0214352841,0.0658173204,0.002364725174,-0.05686322794,0.2180462579,0.2250162165,-0.001060198067,0.5614236234,0.001527278022,-0.002398545287,-0.00585144573,0.1710474332,-0.2194824283,-0.002077286083,0.5756252876,0.005684474741,0.008370031074,-0.00277444949
0.3029586784,-0.01062457947,0.7486673535,0.03507035974,0.1169630143,0.02044445465,0.992306277,-0.6585182955,-0.06063434586,0.01950684308,0.4216003092,-0.09679221608,0.08403211009,-0.2134773026,-0.08066510447,0.05527563751,0.9264134167,-0.1713059767,-0.02202250943,0.07178044759,0.006001959927,-0.05695143585,0.2239554779,0.2274330709,-0.0003731992801,0.5590024831,0.001774930327,-0.003891520031,-0.005721988554,0.1655241578,-0.2192161898,-0.001972794682,0.5715748085,0.006207329017,0.007744045001,-0.003002094532
0.3091349384,-0.007525783314,0.7519160356,0.03311400528,0.1204286418,0.02021181936,0.9919636522,-0.6415278978,-0.0670444162,0.01184866635,0.3897298039,-0.09329664199,0.0941267214,-0.230324576,-0.07772406472,0.05107269322,0.9378401313,-0.1485804693,-0.02276020671,0.0755094429,0.01118456948,-0.05519728647,0.2282363507,0.2288600035,0.0001209898765,0.5576386039,0.001925301897,-0.005077114866,-0.005585466676,0.1604584034,-0.2191368389,-0.002191924179,0.5682664613,0.006574272101,0.006993834686,-0.003294120305
0.3151110507,-0.004475336672,0.7543867171,0.03120281619,0.1231890609,0.01991756575,0.9916925583,-0.6280930486,-0.07305447678,0.003775011464,0.3655894139,-0.08966160049,0.1049479494,-0.2508911277,-0.07375692394,0.04604226246,0.9574413582,-0.1375817501,-0.02329594496,0.07771591648,0.01669534248,-0.05227783075,0.2310790366,0.2296894355,0.0006535665696,0.5569523313,0.001868023017,-0.006060850995,-0.005411515885,0.1557686866,-0.2190666806,-0.002542144526,0.565728428,0.006710787523,0.006050696135,-0.003497317568
0.3209602391,-0.001491090214,0.7561719507,0.02953556267,0.1249025643,0.0196684672,0.9915342412,-0.6163879071,-0.07886195972,-0.004388313026,0.3479856794,-0.08462528062,0.1149236958,-0.2727160738,-0.06928887786,0.04023383541,0.9794049041,-0.1313597019,-0.02364306349,0.07841702433,0.02212355549,-0.0475990475,0.2323468634,0.2299802168,0.001039167581,0.5570593233,0.001759249945,-0.00676558316,-0.005257002556,0.1517420619,-0.2187905279,-0.003053467454,0.5641811554,0.006762304175,0.005156862517,-0.003687302349
0.3266979102,0.001335960971,0.7574361429,0.02816688741,0.1260222333,0.01915392733,0.9914424594,-0.6069343009,-0.08399048037,-0.01157877703,0.3368540549,-0.07966735659,0.1246376094,-0.2971204385,-0.0644619135,0.03463686799,1.006926219,-0.1313884186,-0.02434487284,0.07820143154,0.02676672467,-0.04217619464,0.2325089917,0.2301263692,0.001496025093,0.5576286074,0.001522755048,-0.007343833007,-0.005044786178,0.1482942287,-0.2182205927,-0.003503595448,0.5633660895,0.006627350263,0.004132436352,-0.003802505975
0.332409182,0.004019917948,0.7582542105,0.02715130698,0.1262518086,0.01860338798,0.9914520671,-0.5979792049,-0.08882744944,-0.01788492043,0.3305878458,-0.07360246822,0.1330839711,-0.3217354106,-0.05961931882,0.02890129028,1.035010028,-0.1330710139,-0.02504855508,0.07688206341,0.03064902338,-0.03562347631,0.231497263,0.2300127648,0.001846247657,0.5588113181,0.001280710969,-0.007713201098,-0.004847884014,0.1458026846,-0.2173679876,-0.003963482295,0.5633418565,0.0064512669,0.00321063169,-0.003904530103
0.3381127873,0.006543524324,0.7587648719,0.02642615909,0.1261265224,0.01768057947,0.991504491,-0.590406775,-0.0935963233,-0.02349925791,0.3290865544,-0.06801910652,0.1410132118,-0.3481291386,-0.05508638203,0.02382001541,1.066314969,-0.137403322,-0.02563911274,0.07510888822,0.03358532933,-0.02918423668,0.2299878143,0.2298529262,0.002232227367,0.5603133717,0.0009922502306,-0.007964109655,-0.004610521682,0.1440449852,-0.2163441867,-0.004290251645,0.5637050159,0.006165485147,0.002230020017,-0.003937785458
0.3438739831,0.008916262027,0.7590389899,0.02596378409,0.1253398681,0.01663038756,0.9916346251,-0.5826364126,-0.0982973415,-0.02855468658,0.3308897625,-0.06215187414,0.1477990953,-0.3741297103,-0.05096303116,0.018958153,1.096731463,-0.1418103841,-0.02611826256,0.07262792744,0.03578491712,-0.02238482491,0.2278735589,0.2295113395,0.002529826212,0.5622891183,0.0007281125949,-0.008047430156,-0.004393197288,0.1432401972,-0.2151832158,-0.00459210507,0.5645702696,0.005877213077,0.001364061682,-0.003959522223
0.3496815617,0.01112758499,0.759191796,0.02569726301,0.1244338961,0.01536952076,0.9917759999,-0.5755975033,-0.1033867688,-0.03371266146,0.3356750781,-0.05764487336,0.1538549678,-0.40125341,-0.04716143179,0.01476429455,1.128086046,-0.1475681309,-0.02658012849,0.06994409744,0.0372348827,-0.0162033192,0.2256056782,0.2291019881,0.002816002054,0.5644641908,0.0004600159611,-0.00804468347,-0.004182320792,0.1430635325,-0.2140220415,-0.004796700013,0.5656240328,0.005527916613,0.0005112322104,-0.003951862136
0.3555658569,0.01315294451,0.7593146186,0.02569312688,0.1231367104,0.0142051959,0.9919553549,-0.5681471597,-0.1084867164,-0.03844040872,0.3425955832,-0.05517616291,0.1586608515,-0.4277316995,-0.04394926725,0.01087907341,1.157381134,-0.1529474051,-0.02697393715,0.06665599472,0.03787393583,-0.01006394566,0.2229313884,0.2286126747,0.003024397346,0.5670072834,0.0002261255715,-0.007915141092,-0.004005121979,0.1435601727,-0.2127304921,-0.005036123356,0.567090049,0.005196666897,-0.0002200774748,-0.003957285282
0.3615043557,0.0149846797,0.7594284989,0.02583131162,0.1218858446,0.01320202323,0.992120099,-0.5607478071,-0.1135411683,-0.04291945792,0.3504494415,-0.05451113091,0.1626987425,-0.4547701746,-0.04101118777,0.007724277779,1.186004379,-0.1584411301,-0.02717162399,0.06338623994,0.03781892391,-0.004763431028,0.2202914345,0.2281929608,0.003224178752,0.5695365773,4.211788733e-05,-0.007731769742,-0.003838379188,0.1444541773,-0.2114265753,-0.005182199189,0.5686375944,0.004877527474,-0.000832568474,-0.00393439425
0.3675119058,0.01661436468,0.7596063343,0.02613139489,0.1204363778,0.01263230479,0.9922966562,-0.5526415876,-0.1184756551,-0.04708203189,0.3589365671,-0.0570485369,0.1654727616,-0.4809479683,-0.03862684258,0.004920099253,1.211953652,-0.1632802862,-0.02728143962,0.05976809528,0.03715382077,0.0002469047683,0.2174517952,0.2277519995,0.003375815924,0.5722023989,-0.0001008378745,-0.007476403222,-0.003698695734,0.1457516103,-0.2100705463,-0.005345597567,0.5704021148,0.004596783771,-0.001309344069,-0.003920102482
0.3735579656,0.01805892436,0.7598638707,0.02650226901,0.1191064874,0.01219646132,0.9924527801,-0.5440740507,-0.1227403201,-0.05076412494,0.366979575,-0.06207561169,0.1661967926,-0.5071332247,-0.03684451853,0.002599380696,1.235963504,-0.167608971,-0.02717201873,0.05632364298,0.03600236753,0.004369405146,0.2148522945,0.22739503,0.003573059416,0.5746996596,-0.0002443880602,-0.007202899215,-0.003629652283,0.1471085075,-0.208731121,-0.005380473422,0.5721904056,0.004295421622,-0.001618064263,-0.00395066493
0.3796661658,0.01934999635,0.7602144972,0.02678361804,0.1176741139,0.01204602654,0.9926179194,-0.5344182906,-0.1264837125,-0.05451566977,0.3742967833,-0.06990734058,0.1652045528,-0.5321995309,-0.03551638116,0.0004447829439,1.25698517,-0.1713023205,-0.02700238556,0.05288752807,0.03489730536,0.007994879562,0.2124323426,0.2269115196,0.003726646888,0.577074728,-0.0003686730626,-0.006910806203,-0.003593483848,0.1486339911,-0.2075960393,-0.005381991717,0.5738946666,0.004022390755,-0.001807459601,-0.003991208472
0.3857852269,0.02050108141,0.7606521394,0.02704942391,0.1163790558,0.01195023973,0.992764542,-0.5244431331,-0.1296455492,-0.0579232786,0.3807372866,-0.07941704708,0.1622517694,-0.5567824296,-0.03471974392,-0.001546162717,1.275490523,-0.1747684043,-0.02639005395,0.04970363302,0.03368703228,0.01069332679,0.2105430698,0.2265205119,0.003908560746,0.5791920185,-0.0004369356508,-0.006638416012,-0.003565085913,0.1500594345,-0.2065308085,-0.005229482009,0.575486574,0.00379400571,-0.001806217301,-0.003994787412
0.391933742,0.02153758038,0.7611750746,0.02715002753,0.1150268164,0.01200606985,0.9929187086,-0.5136557257,-0.132283322,-0.06138454455,0.3862303213,-0.09055568212,0.1582604298,-0.5800328781,-0.03422478209,-0.003545446947,1.291113899,-0.1778574234,-0.02570448098,0.04668826171,0.03282924419,0.01281353177,0.2091131186,0.2260653301,0.004050881346,0.5811051772,-0.0004781272828,-0.006379987671,-0.003544549616,0.1514848425,-0.2056793933,-0.005028930646,0.5768732378,0.003605256774,-0.001726398886,-0.003978187528
0.3980443418,0.02248130479,0.7618209769,0.02729048113,0.1138043812,0.0120238022,0.9930554973,-0.5030240541,-0.1344838774,-0.06410280884,0.3910193018,-0.1017113315,0.1526024692,-0.6023064212,-0.03419659233,-0.00549673504,1.303842444,-0.1803712241,-0.02438860847,0.04384155661,0.03207983855,0.01392025107,0.2084100762,0.2256630135,0.004162703324,0.5828274976,-0.0005028467234,-0.006061076939,-0.003586103245,0.1527657927,-0.2049158346,-0.004652698616,0.5781314667,0.003378452002,-0.001389532871,-0.003960955282
0.4041343084,0.02335400991,0.762574108,0.02732247578,0.1125224883,0.01203374508,0.9932005643,-0.4919925948,-0.136212406,-0.06632858774,0.3950676591,-0.1127478546,0.1464965428,-0.6229553999,-0.03431251911,-0.007490595496,1.313913011,-0.1825455601,-0.02302266053,0.04120731341,0.03185230725,0.01435559702,0.2083569357,0.2251910745,0.00419611218,0.5843959794,-0.0005172765456,-0.005729979127,-0.003651773737,0.1540198609,-0.2043609873,-0.004230578953,0.579159273,0.00316567157,-0.0009921346032,-0.00393427072
0.4101982226,0.02413989392,0.7634906365,0.02733764616,0.1113278891,0.0119214983,0.9933361123,-0.4816204341,-0.1372025679,-0.06680786888,0.3990923704,-0.122017659,0.1389449121,-0.6421096248,-0.03471286066,-0.009593220217,1.320916688,-0.1845747712,-0.02109004668,0.03899000905,0.03185109698,0.0136305664,0.2092860669,0.2247098107,0.004154521143,0.5857479671,-0.0005817943419,-0.00524662669,-0.003780632346,0.1552763135,-0.2039908813,-0.003683120181,0.5798768414,0.002900327939,-0.0002796834375,-0.003924340773
0.416245921,0.02484601723,0.764560482,0.02726456808,0.1100298701,0.01179661763,0.9934842278,-0.4713940743,-0.1376019861,-0.06562463185,0.4030385259,-0.1289493508,0.1318662609,-0.6592527051,-0.03524621274,-0.01183240097,1.325577354,-0.1865133499,-0.01918723078,0.03705993675,0.03229565074,0.0121317376,0.2110402468,0.2241699117,0.004024331382,0.5870007119,-0.0006522373981,-0.00473648682,-0.003928323781,0.1565808776,-0.2038311666,-0.003149472282,0.5803387421,0.002648255001,0.0004525874535,-0.003914056346
0.4222815295,0.02549097692,0.7656279744,0.0270239826,0.1088536868,0.01176319397,0.9936207559,-0.4623552915,-0.1371083784,-0.06178359591,0.4077368565,-0.1333245386,0.1248754052,-0.6748148387,-0.0359240195,-0.01473400274,1.327679431,-0.1889226059,-0.01661778568,0.03521981637,0.03335492252,0.009544045501,0.2136236337,0.2234736896,0.003757928119,0.5882039706,-0.0007485489908,-0.004175747219,-0.004155915515,0.1579922118,-0.2039602915,-0.002564078658,0.5805195817,0.002355722325,0.001385610207,-0.00399387983
0.4283142082,0.02606863002,0.7666756922,0.02660454829,0.107607459,0.01184723548,0.9937668116,-0.4536934881,-0.1359436892,-0.05608454335,0.4128360088,-0.1353025895,0.1197853562,-0.6884299249,-0.03658098698,-0.01806074504,1.328123594,-0.1914101805,-0.01411213815,0.03350213019,0.03503897741,0.006271658975,0.2168875602,0.2226689573,0.003362238425,0.5893703951,-0.0008401264232,-0.0036208283,-0.004405182584,0.159546594,-0.2043201314,-0.002058616417,0.5805046097,0.002083176627,0.002267185983,-0.004094462756
0.4343427988,0.02661030763,0.7675576649,0.02594166008,0.1064414344,0.01228720908,0.9939045607,-0.4466123412,-0.1342626338,-0.04914476291,0.4198729308,-0.1360444812,0.1157736804,-0.7005402121,-0.03679770264,-0.0222595265,1.326533418,-0.1934144581,-0.01174781364,0.03176166255,0.03773114441,0.001999659089,0.2207659832,0.2215298602,0.002737334518,0.5904636855,-0.001026487367,-0.002955326259,-0.004786124926,0.1613679274,-0.2050926351,-0.001553660284,0.580081529,0.001705229552,0.003242257845,-0.004295194771
0.4403751193,0.02708770128,0.7682791235,0.02526145911,0.1051722712,0.01291098302,0.9940492737,-0.439901738,-0.1324808908,-0.04155579717,0.4281474776,-0.1365824961,0.1135005335,-0.7109992752,-0.03672203377,-0.02666306109,1.323937702,-0.1951876321,-0.009672645123,0.03027964634,0.04079530178,-0.002820826125,0.2251439506,0.2202651709,0.001979571479,0.5915265696,-0.001221033994,-0.002294584285,-0.005192522461,0.163325701,-0.2060024958,-0.00114691774,0.579584163,0.001333054112,0.004114057156,-0.004510060772
0.446414665,0.02752309849,0.7685716411,0.02453459964,0.1040264596,0.01379384882,0.994176181,-0.4353077664,-0.1308488888,-0.03430734517,0.4399377333,-0.1388855272,0.1123285988,-0.7208091568,-0.03606023055,-0.03128882466,1.320017053,-0.1968433409,-0.006594501048,0.02898911919,0.04423567316,-0.008739879141,0.2298356311,0.2189101728,0.001001884404,0.5924376407,-0.001401548399,-0.001534307,-0.00567281954,0.165546243,-0.2071666424,-0.0008835349429,0.5787904251,0.001059021184,0.005049184769,-0.004760782106
0.4524643453,0.02788039931,0.7684744333,0.02411163745,0.1027391709,0.01466131423,0.9943079692,-0.4309628922,-0.1297412177,-0.0272787151,0.4537537323,-0.1435945642,0.1119376048,-0.7296690874,-0.03516732968,-0.03543391495,1.315624362,-0.1984044083,-0.00357089306,0.02821734556,0.04713008887,-0.01504762952,0.2347254837,0.2176746096,1.145395943e-05,0.5933373817,-0.001558538117,-0.0008121008544,-0.006140081029,0.167717551,-0.2082452054,-0.0007495977702,0.5781574596,0.0008398979312,0.005894126854,-0.005006326343
0.4585426242,0.02818537582,0.7677296063,0.02381917099,0.1016987282,0.01574173398,0.9944054573,-0.4299818756,-0.1291383072,-0.02099823235,0.4728676451,-0.1516097737,0.1112180043,-0.7392548088,-0.0331240389,-0.03885311678,1.310858716,-0.1984468039,-7.325804427e-05,0.02740917753,0.0499302851,-0.02299538969,0.2398708223,0.2165786329,-0.001117691472,0.5940677103,-0.001617287559,5.955492328e-05,-0.006673052197,0.1703581194,-0.2093426558,-0.0005933519109,0.5774337913,0.0006180179117,0.006897224083,-0.00523398439
0.4646472692,0.02840863974,0.766417888,0.02409427957,0.1004032675,0.01667377992,0.9945152762,-0.4292710614,-0.1295584375,-0.01494495767,0.4948988041,-0.1631587392,0.1103440147,-0.748604126,-0.0306517767,-0.04109617251,1.306207973,-0.1980421453,0.00313544142,0.02699246177,0.05158171989,-0.03124710021,0.245010237,0.2157496892,-0.002143175551,0.5949270337,-0.001639261714,0.0009007060609,-0.007174956063,0.1730062082,-0.2101072344,-0.0004525154511,0.5771362636,0.0004125928177,0.007868620321,-0.005436127586
0.470731603,0.02853974619,0.7643943645,0.02442499853,0.09937081294,0.01775424477,0.9945922017,-0.4324415187,-0.1304104527,-0.01011692074,0.5230381367,-0.1783361524,0.1090046529,-0.7588593864,-0.02789470948,-0.04232042756,1.301679358,-0.1982281501,0.007333515962,0.0266786186,0.05265896905,-0.04069119653,0.2500867819,0.2151608481,-0.00320941618,0.5957346464,-0.001493662522,0.001736486882,-0.007647774665,0.1759896419,-0.2107766159,-0.0002912493617,0.576944906,0.0002236582908,0.008893711654,-0.005644655994
0.476806242,0.02855269513,0.7617606673,0.02525003734,0.09804725116,0.01854112498,0.9946885939,-0.4358006136,-0.1320755718,-0.00540859629,0.5542932437,-0.1972362455,0.1074908437,-0.7688679803,-0.02537572522,-0.04202614325,1.297469767,-0.1986524901,0.01130434024,0.02695835749,0.05213301983,-0.04990376136,0.2549238934,0.2148799814,-0.004065160172,0.5968006889,-0.001312917528,0.002495718516,-0.008050808293,0.178820926,-0.2110077015,-0.0001135730928,0.5773592318,5.185398244e-05,0.009884935961,-0.005834353705
0.4827902723,0.02845350053,0.7584248161,0.02600340603,0.0970850918,0.01937397261,0.9947476851,-0.4435261211,-0.1338476506,-0.001525762798,0.5919572418,-0.2194258682,0.1057891666,-0.7808503349,-0.02216100481,-0.04036355682,1.294517045,-0.1986707155,0.01609750759,0.02737144579,0.05110824326,-0.05995611277,0.2594625674,0.2148212376,-0.004928453063,0.5977604695,-0.0009505566267,0.00327786463,-0.008423456058,0.1818973152,-0.2111794749,6.650227868e-05,0.5779028476,-8.728824724e-05,0.01093670065,-0.006041264632
0.4887045977,0.02821833293,0.7545097657,0.02714220438,0.09580719305,0.01984688959,0.9948318368,-0.4513381727,-0.1360538091,0.002733335396,0.6326209877,-0.2449422377,0.1041019081,-0.7931034449,-0.01902045491,-0.03716017061,1.292428328,-0.1985467149,0.02053239395,0.02830136557,0.04856740446,-0.06918811548,0.2635146263,0.2150043332,-0.005560745022,0.5990251297,-0.0005717163658,0.004002371223,-0.008730279669,0.1847181547,-0.2109459562,0.0002453031071,0.5791140314,-0.0002106039188,0.01197564374,-0.006234917078
0.4944598606,0.02789236707,0.7498521873,0.02798315793,0.09484161184,0.02030244143,0.9948918647,-0.4636053373,-0.1379072054,0.006365897763,0.6799148528,-0.2731956277,0.1029454441,-0.8080238178,-0.01575808085,-0.0326961007,1.291389007,-0.1980765767,0.02602337394,0.0294179202,0.04587664524,-0.07868627188,0.2669089622,0.2152327714,-0.006145660838,0.6001289183,-0.000135660143,0.004799512996,-0.009005829818,0.1875415733,-0.210864719,0.0002869072895,0.5802925505,-0.0002281810835,0.01304221946,-0.006450105514
0.5000930515,0.027438688,0.7445853105,0.02904034017,0.09344985267,0.0202934355,0.9949934473,-0.4755828382,-0.139659218,0.01073009931,0.7300350626,-0.3043369008,0.1022451263,-0.8236784246,-0.0130495358,-0.02668624989,1.290914633,-0.1975462614,0.03113959514,0.03110578766,0.0418693324,-0.08672130096,0.2695577468,0.2156022369,-0.006476568253,0.601501129,0.000268933631,0.005550746788,-0.00921667466,0.1898480034,-0.2105034195,0.000257012338,0.5820859597,-0.0002224405357,0.01408728921,-0.006658610722
0.5055564651,0.02691321047,0.7386270069,0.02957429503,0.09231513047,0.02036169712,0.9950822474,-0.4914838013,-0.1403358379,0.01498037356,0.7861133453,-0.3373718059,0.1018427755,-0.8418184018,-0.01077627681,-0.02009052109,1.291387198,-0.1962413333,0.03682505718,0.03299246175,0.03830281889,-0.09467164429,0.2716065449,0.2159428449,-0.006904270513,0.6027663648,0.0008528809777,0.00605633527,-0.009419369516,0.1921475838,-0.2104895231,7.200540593e-05,0.5839296753,-0.0001774558169,0.01485071369,-0.006918037549
0.5108966057,0.0262655608,0.7321105568,0.03015572235,0.09072081835,0.02003910574,0.995217966,-0.5066297826,-0.1402639004,0.02030829575,0.8443229569,-0.3724710123,0.1017116946,-0.860540862,-0.009434129263,-0.01230175911,1.292277196,-0.1948127556,0.041978127,0.03545135796,0.03384065466,-0.1009097419,0.2730639378,0.21641795,-0.007156279571,0.6042544997,0.001426013,0.00642697241,-0.009577805237,0.1939364903,-0.2102880401,-0.0001780942006,0.5864258144,-0.0001387579379,0.01553164338,-0.007175500814
0.5160786146,0.02554452347,0.7249136216,0.03014770925,0.0893183229,0.01972926114,0.9953512491,-0.5251672317,-0.1384651319,0.02621707671,0.9078242153,-0.4083626981,0.1017909412,-0.8820150487,-0.008944045701,-0.003539428998,1.294211597,-0.1928286813,0.04788175677,0.03823836615,0.02992766012,-0.1069507465,0.274094384,0.2169906752,-0.00744191101,0.6053853515,0.002070659181,0.006738031348,-0.009702499386,0.1955373566,-0.2104780053,-0.0006041826796,0.5887303689,-2.239726344e-05,0.01607890836,-0.007434042699
0.5211543472,0.02469149875,0.7171716196,0.03010672807,0.08737601212,0.01904821839,0.9955381373,-0.5424560557,-0.1352585349,0.03360990385,0.9729086043,-0.4453059144,0.1019821561,-0.9041866476,-0.009733451501,0.006727350888,1.296459775,-0.1908635837,0.05327384366,0.04156964553,0.02526554011,-0.1111822997,0.2746953069,0.2178479893,-0.007495751204,0.6066101134,0.002664703418,0.006980022229,-0.009777153997,0.1964622439,-0.2104936628,-0.001093439857,0.5915220385,9.125871543e-05,0.01660628652,-0.007676876412
0.5260654558,0.02373748465,0.7088802033,0.02949511572,0.08566372658,0.01853216361,0.9957149808,-0.5622112524,-0.1298818649,0.04171010617,1.041440474,-0.481582266,0.1023670918,-0.9291100202,-0.01123942348,0.01925787762,1.300163487,-0.1868850496,0.05836777587,0.04507861456,0.02127565704,-0.1148240392,0.2752430652,0.2189383482,-0.007482259144,0.6072215739,0.003245564255,0.007470217843,-0.009835481654,0.1972143542,-0.2107842659,-0.001614275636,0.5936919434,0.0001857642712,0.01726075843,-0.007901548941
0.5308563058,0.02262243472,0.7001633081,0.02872366439,0.08348453211,0.0180245948,0.9959319244,-0.580534085,-0.122437985,0.05102638911,1.110136835,-0.5165893401,0.1030723847,-0.9545857544,-0.01405448653,0.03395408193,1.304273643,-0.1826109018,0.06270908898,0.04871901973,0.01699888393,-0.1163918227,0.2755797797,0.2204273044,-0.007216656241,0.6078499591,0.003758733615,0.007975924896,-0.009856008703,0.1973884026,-0.2108394875,-0.002131994636,0.5960218038,0.0002531231255,0.01792642527,-0.008107557974
0.5355744456,0.02138682315,0.6909506335,0.02738519356,0.08141108829,0.01793448026,0.9961428815,-0.6007248088,-0.1124172068,0.06069770501,1.180870834,-0.5471729529,0.104879309,-0.9816747952,-0.01696668458,0.04997546431,1.308862584,-0.1794368814,0.06792986544,0.05157840885,0.01382271561,-0.1176415263,0.2760060631,0.2222853323,-0.006969584937,0.6081014488,0.004401123756,0.008525173883,-0.009949031012,0.1976948179,-0.2110691055,-0.002684122301,0.5978433044,0.0004360341586,0.01866257737,-0.008270684308
0.5402580996,0.01998379449,0.6814008227,0.0256581544,0.0788886954,0.01797603518,0.9963910352,-0.6194191301,-0.09991836656,0.06981091316,1.25002716,-0.5712110721,0.1076439949,-1.008339994,-0.01988143805,0.06492856672,1.317708974,-0.181690436,0.07397632216,0.05406914305,0.01126930561,-0.1174185269,0.2762622112,0.2244765918,-0.006540532952,0.6086856697,0.005019438626,0.00904349243,-0.01003557331,0.1978160542,-0.2110767114,-0.003273624965,0.5999856514,0.0006257379379,0.01937809926,-0.008420127577
0.5449293337,0.01842618655,0.6717129494,0.0227363078,0.07669754699,0.01833024699,0.9966265844,-0.6394279943,-0.0840071705,0.07691339702,1.317518369,-0.5861217354,0.1109192946,-1.035056626,-0.02015397246,0.07481672908,1.336947621,-0.1965223001,0.08242944761,0.05598951207,0.0114734399,-0.117448902,0.2762991638,0.2263577988,-0.006033898439,0.6099008913,0.005673697418,0.009260327365,-0.01010984382,0.1982333304,-0.2113446626,-0.003833720565,0.602417045,0.0009176817916,0.01966479414,-0.008272902777
0.5495890123,0.01671494833,0.6620302118,0.0193428372,0.07446287501,0.01855081077,0.9968635826,-0.6581143298,-0.06654085382,0.08251130319,1.383234539,-0.597139827,0.114052131,-1.060293375,-0.01873192972,0.0809535482,1.360513076,-0.21381656,0.09071597515,0.05789456152,0.01280702299,-0.1167482412,0.2760570488,0.2280101268,-0.00535122785,0.6118171975,0.006268921302,0.009437384757,-0.01013736115,0.1985873169,-0.2114466623,-0.00434782136,0.6055245648,0.001198976225,0.01987318248,-0.008045634878
0.5542579047,0.01484281034,0.6523218879,0.01532840589,0.07278869104,0.01882464765,0.9970518939,-0.6766340818,-0.04736677956,0.08686119361,1.448137085,-0.6077059141,0.1181168678,-1.085131011,-0.01536894527,0.08601747174,1.385205438,-0.2324833722,0.09900929026,0.06001385544,0.01537508626,-0.1164709434,0.2759502079,0.2294360986,-0.004688736971,0.6139808098,0.007050096609,0.009367292155,-0.01012751764,0.1990075486,-0.2117498466,-0.005070334145,0.6088057951,0.001598124273,0.01985464433,-0.007896703949
0.5589224194,0.01277412745,0.6426572744,0.01142606211,0.07129091406,0.01913759714,0.9972064997,-0.6933099503,-0.02814413471,0.09016904708,1.511204116,-0.6191948088,0.1223985328,-1.108530095,-0.01167241903,0.09157418353,1.406791707,-0.2462905827,0.1057282476,0.06209671717,0.01751261688,-0.1155584331,0.2758707405,0.2309505639,-0.003941477361,0.616274296,0.007799779487,0.009271521103,-0.01008678534,0.1991958878,-0.211794816,-0.005879179112,0.6123818988,0.001983161113,0.01985053628,-0.007814201464
0.5636172549,0.01061467551,0.6329896241,0.007517550668,0.07039748697,0.01954911753,0.9972991087,-0.7093901364,-0.008961153392,0.09224867316,1.572489513,-0.6318382965,0.1269609696,-1.131686837,-0.008329795873,0.09717696991,1.424386431,-0.261812366,0.1120012927,0.06381501092,0.02012274882,-0.11527682,0.2760208275,0.2323559342,-0.003306884791,0.6182832867,0.008543881815,0.008993936705,-0.01013387607,0.1993361856,-0.2120335865,-0.006663021883,0.6158083,0.002445021489,0.01982574948,-0.007553917528
0.5683165971,0.008317793801,0.6233733614,0.004062646223,0.06969505778,0.01998868953,0.9973597877,-0.7236214924,0.009404841948,0.09351614227,1.630920637,-0.6454885248,0.1314247637,-1.153855952,-0.005784367301,0.1034623938,1.438216966,-0.2760124041,0.1173360212,0.065190685,0.02211183436,-0.1144802593,0.2761022514,0.2338980375,-0.002676690905,0.6200834431,0.009204315191,0.008688912597,-0.01020014758,0.1991622594,-0.2120446059,-0.007419456877,0.6192113286,0.002874468009,0.01984930129,-0.007279880219
0.5730051685,0.005909289153,0.6137916988,0.0006021881981,0.06955096144,0.02037925788,0.9973700351,-0.7375748317,0.02795620343,0.09369558546,1.686853602,-0.6594606971,0.1362930405,-1.175919907,-0.00297167974,0.1103673829,1.448579428,-0.297866856,0.1233408158,0.0665319488,0.02460544979,-0.1138722592,0.2762169706,0.2354221191,-0.002094655742,0.621366715,0.009802554826,0.008028125749,-0.0103414482,0.1984703354,-0.2122877184,-0.00818921551,0.6222307956,0.003385292944,0.01977804616,-0.006997702739
0.5776631085,0.003348563856,0.6042828407,-0.002473598084,0.06956072535,0.0207420445,0.9973589897,-0.7501684164,0.04588173559,0.0929890051,1.739594121,-0.6732315705,0.1410291452,-1.197236847,-0.0005364067436,0.1180682875,1.455925464,-0.3199294287,0.1287854729,0.06772002075,0.02669282623,-0.1123811061,0.276062296,0.2371413631,-0.001485497975,0.6222483632,0.01031566729,0.007275312091,-0.01048701695,0.1970691573,-0.2124129646,-0.008971771495,0.6249577094,0.003861196774,0.019692237,-0.006763658178
0.582332744,0.0006511460256,0.594675894,-0.005257966526,0.06972109686,0.02090765829,0.9973335411,-0.7623974849,0.0636681736,0.09163111625,1.790528154,-0.685934851,0.1454566167,-1.219164099,0.002822068555,0.1255338684,1.466067608,-0.3456772737,0.1329063565,0.06868370095,0.02893912008,-0.1103217607,0.2757074766,0.2390012509,-0.0009147087857,0.6222641216,0.01073639403,0.006390906767,-0.01059428669,0.195230222,-0.2123697255,-0.00956676861,0.6270231725,0.004282575226,0.01960594099,-0.006604965489
0.5870097793,-0.002179264768,0.5850532283,-0.007525171038,0.0697947454,0.0208805162,0.9973144285,-0.7732649984,0.08058564535,0.08969613879,1.839197813,-0.697522317,0.1492902651,-1.240758232,0.00645219078,0.1326180654,1.477164832,-0.3698803046,0.1361633231,0.0694524436,0.03089305141,-0.1071286872,0.2748122923,0.2409145754,-0.0003232033353,0.6219826726,0.01108778075,0.005487352207,-0.01066975392,0.1928592379,-0.2120210688,-0.01005974853,0.6287657524,0.00463884318,0.01950061656,-0.006498238399
0.5917336661,-0.005169799821,0.5754877377,-0.009531312443,0.06997517927,0.02047740397,0.9972929882,-0.7834580949,0.09720783112,0.08662425938,1.885990785,-0.7074788169,0.1516851371,-1.263470491,0.01045878736,0.1366932035,1.491373024,-0.3992844509,0.1384052919,0.07013710376,0.03316989172,-0.1031873384,0.2735745049,0.2427014782,0.0002667181765,0.6212712098,0.01127733365,0.00441813644,-0.01083783958,0.1902775147,-0.2113860407,-0.01039752536,0.6300068998,0.004993916021,0.01926553729,-0.006456218594
0.5965023721,-0.008321476288,0.5660595873,-0.01100265602,0.07005764231,0.01963463141,0.997289,-0.7920432831,0.1129446217,0.08304995753,1.930798797,-0.7162027372,0.1530918833,-1.286380561,0.01467418836,0.1384074419,1.506444868,-0.4272670886,0.1401554942,0.07082879386,0.03517831201,-0.09799974314,0.2717768008,0.244353574,0.0008749592647,0.6205164506,0.01139888252,0.00335763451,-0.01100757654,0.1873428619,-0.210312177,-0.01063588924,0.6310816045,0.005318567801,0.01896800116,-0.006466301104
0.6011932615,-0.01133799545,0.5569692258,-0.01248693723,0.07063618553,0.01808909369,0.9972599412,-0.8007578838,0.1282667197,0.07886526584,1.974419916,-0.7241839734,0.1532482978,-1.304885448,0.01841670321,0.1353834175,1.522132313,-0.4543883209,0.143415849,0.0710728809,0.03820563872,-0.09260699056,0.269641764,0.2454313049,0.001649708227,0.619719675,0.01124344354,0.002174527457,-0.01114276421,0.1843007934,-0.2092784938,-0.01115830311,0.6316768252,0.005673417968,0.01843296731,-0.006911931903
0.6057495582,-0.01420529917,0.5483234332,-0.01381133003,0.07141016468,0.01588169876,0.9972249532,-0.8086326744,0.1424400589,0.07427881171,2.015815391,-0.7312479218,0.1528174092,-1.323281975,0.02320978634,0.130228948,1.542576519,-0.4692816948,0.146591583,0.0708830588,0.04192697347,-0.08607631145,0.2666724429,0.2458893393,0.002441992864,0.6191877698,0.01102183516,0.001075116271,-0.01122903958,0.1808563165,-0.2082882375,-0.01199942098,0.6321289586,0.006026712406,0.01778459429,-0.00756562843
0.6099489938,-0.01654191813,0.5401913161,-0.01581770919,0.07240540498,0.01323434142,0.9971620278,-0.817050785,0.15652692,0.06940472085,2.057290618,-0.7384888466,0.1510137564,-1.342514378,0.03036380197,0.1236605784,1.567536351,-0.4806752983,0.1503222483,0.06993487511,0.04756076076,-0.07886744889,0.2629018187,0.2455970059,0.003337133456,0.6185513435,0.01054567648,0.0001551612174,-0.01128660014,0.1772628504,-0.2078291426,-0.01293977017,0.6322165529,0.006243802455,0.01737048848,-0.008247115402
0.6137631912,-0.01833123152,0.5326706067,-0.0181817735,0.07351011071,0.01026248946,0.9970759089,-0.825205321,0.1692872606,0.06421676682,2.096641616,-0.7452632199,0.1493695524,-1.361938342,0.03884366344,0.1168681646,1.594555283,-0.4895656798,0.1543037712,0.06814637488,0.05438606794,-0.07049928769,0.2579765081,0.2446672822,0.004120329507,0.6180339437,0.01004468402,-0.0006025741999,-0.01131844076,0.1734086004,-0.2077841132,-0.01397340039,0.6323554883,0.00637557107,0.01707817,-0.008846720181
0.6172639808,-0.01955975504,0.5259552864,-0.02054723765,0.0747852945,0.007308641551,0.99696116,-0.8323655502,0.1802774677,0.05959761593,2.131031011,-0.7516424312,0.1478942631,-1.380686349,0.04904834881,0.1112552315,1.622070241,-0.4975986288,0.1574079417,0.06550988821,0.06179915614,-0.06161817044,0.2525134813,0.2435383641,0.004908607176,0.6173451068,0.009280385803,-0.001733403087,-0.01147184703,0.1694870596,-0.2081570095,-0.01499955873,0.6326435599,0.00641791596,0.0164711181,-0.009427781483
0.6204261251,-0.0201789752,0.5200608614,-0.02308257648,0.07621689463,0.004662164827,0.9968131439,-0.8391516346,0.1892788886,0.05573126776,2.159741041,-0.7571190117,0.1465245413,-1.398116828,0.05972518189,0.1067414575,1.648439013,-0.5049681868,0.1598706235,0.06183881794,0.07029001181,-0.0520704559,0.2461594482,0.2420545942,0.005458790596,0.616474238,0.008525870937,-0.002903924615,-0.01165995583,0.1656934809,-0.2092044153,-0.01616794267,0.6327701595,0.006436212189,0.01578316786,-0.009972989188
0.6233179515,-0.02038603659,0.5148379097,-0.02537631973,0.07759485444,0.002577347279,0.9966586368,-0.8454881909,0.1966125642,0.05098442378,2.180826039,-0.7605834881,0.145192774,-1.413788798,0.07135822137,0.1038591922,1.673301955,-0.5111555929,0.1593539237,0.05787833454,0.0787223326,-0.04146916485,0.2391358145,0.2403931431,0.005908402141,0.6152687873,0.007590979951,-0.004517116252,-0.011856852,0.1619146907,-0.210760479,-0.01740082803,0.6327177729,0.006281832735,0.01450533256,-0.01067140984
0.6259592431,-0.02012873811,0.5102949342,-0.02754539711,0.07905946173,0.001254686744,0.9964884738,-0.851512224,0.2023324835,0.04617417566,2.197441911,-0.762939084,0.1438051956,-1.427588863,0.08282253475,0.1026293622,1.69599195,-0.5164228444,0.1568850972,0.05347337976,0.08749763389,-0.03022679005,0.2314035661,0.2383450662,0.006093150431,0.6137739313,0.006710236013,-0.006183276191,-0.01204850442,0.1583842049,-0.2130441408,-0.01879047896,0.6323224533,0.006096407349,0.01308868695,-0.01137496582
0.6284162457,-0.01952196223,0.5063295956,-0.02950955451,0.08023204783,0.0006911798055,0.9963390622,-0.8558386556,0.2061737189,0.04173705032,2.212822321,-0.7677081577,0.1419851239,-1.43867526,0.09604051187,0.1031918714,1.71663044,-0.5206453243,0.1510298768,0.0489969339,0.09587157269,-0.01824284359,0.2233105946,0.2366246568,0.006421284606,0.6119933995,0.005563661773,-0.007842882516,-0.01226666342,0.1548870108,-0.2157025881,-0.02019359063,0.631809313,0.005816171671,0.01158121543,-0.01196323345
0.6307244265,-0.01852619046,0.5029408709,-0.03139039131,0.08143354374,0.001214966277,0.9961835901,-0.8595459592,0.2081838745,0.03796847783,2.226589308,-0.7728663311,0.140194702,-1.447169877,0.1096949342,0.105588539,1.734742931,-0.5237737868,0.1422128659,0.04408372079,0.1042661048,-0.006406086503,0.2149134914,0.2350018402,0.006680529536,0.6100830757,0.004470264296,-0.009378519925,-0.01247305072,0.1517979393,-0.2189015207,-0.02169394018,0.6310661839,0.005541615291,0.01014383888,-0.01247509105
0.6330037598,-0.0174634766,0.4999363025,-0.03316477017,0.08256651596,0.002411118845,0.9960306496,-0.8614026511,0.2094862475,0.03480773145,2.237896772,-0.7791905149,0.1373652246,-1.45288177,0.1280384455,0.1093986211,1.750546394,-0.5253243425,0.1273544509,0.03865153851,0.111950315,0.005294392902,0.2061949344,0.2340986685,0.007471790373,0.6079609659,0.003037505234,-0.01081739859,-0.01244579942,0.1493214923,-0.2218773828,-0.02301386343,0.630501858,0.005183194277,0.008516695795,-0.01285390685
0.6352789106,-0.01626258041,0.497298382,-0.03499102865,0.08399093399,0.004892739243,0.995839953,-0.863042057,0.2095461327,0.03179231313,2.247205019,-0.7867368086,0.1346094527,-1.455814377,0.1487208438,0.1153828222,1.764136781,-0.5273639455,0.1097057551,0.03203826048,0.1195865893,0.01592009248,0.1970401805,0.2335631734,0.008383219187,0.6058172701,0.001666266511,-0.0121020255,-0.0123309678,0.1479958112,-0.2250054458,-0.02433965022,0.6298158131,0.004846474815,0.006939461022,-0.01317231128
0.6376945338,-0.01521404087,0.4950425845,-0.03656498016,0.08550381043,0.008085112892,0.9956338341,-0.8633455498,0.2074333692,0.02828164272,2.252414747,-0.7938487335,0.1314096973,-1.457861566,0.1713141254,0.1225434036,1.778306906,-0.5332306921,0.09100997298,0.02351661417,0.1268959096,0.02694909957,0.1870805881,0.2331898868,0.009753595875,0.6040651911,5.967928681e-06,-0.01319995641,-0.01204562694,0.1476581248,-0.2279963595,-0.02519601642,0.6290301684,0.004132344721,0.004992606945,-0.01319583563
0.6402637979,-0.01421466825,0.493176682,-0.03810782418,0.08747465005,0.01190463868,0.9953663943,-0.8632080627,0.2039913071,0.02438974342,2.25557139,-0.801616369,0.1285721844,-1.459377968,0.1939807613,0.1306654673,1.792758964,-0.5444609578,0.07346844477,0.01377327769,0.1346222376,0.03744575973,0.1763179742,0.2325564694,0.01112633744,0.6026561137,-0.001556272081,-0.01408846593,-0.01171397666,0.1486300749,-0.23128132,-0.02593461558,0.6280878348,0.003383443074,0.003043810643,-0.01311908644
0.6431336685,-0.01337091108,0.4917180111,-0.03893351046,0.08894966946,0.01618953301,0.9951432244,-0.8597660285,0.1979587693,0.02039146371,2.256665762,-0.8097811577,0.1250882278,-1.463392903,0.2141708258,0.1363241804,1.815291166,-0.5572910501,0.0562198606,0.001291735439,0.1421798828,0.04978409615,0.1641500273,0.2312461733,0.0131027098,0.6015491971,-0.003882527402,-0.01468841236,-0.01107289249,0.1507595815,-0.2348860433,-0.02619244875,0.6270383983,0.002002256084,0.0005472600402,-0.01299164694
0.6463420619,-0.01261730331,0.4907155384,-0.03947391977,0.09048297201,0.02049473951,0.9949043206,-0.8544370174,0.1912196001,0.01657863133,2.256308233,-0.8186332949,0.1216373218,-1.469400413,0.2324296987,0.137779655,1.841598733,-0.5662961544,0.04077654007,-0.01241378482,0.1505624369,0.06248552092,0.150702959,0.2290516781,0.01502625599,0.6007643919,-0.006190443571,-0.01508870292,-0.01036391465,0.1543863824,-0.2390615615,-0.0264946191,0.626110912,0.0005742388622,-0.001954989537,-0.01286938608
0.6497733686,-0.01200784661,0.4902668782,-0.03907315783,0.09185073688,0.02335301754,0.9947318066,-0.8451267593,0.1806653713,0.0129066465,2.25396954,-0.828759167,0.1170762043,-1.472870727,0.2395797895,0.1112969273,1.848592157,-0.5399988383,0.0406285678,-0.02864410407,0.1552358803,0.07530826339,0.1364654209,0.2274628459,0.01731325339,0.6003549626,-0.009151385498,-0.01500529076,-0.009297600231,0.1600201382,-0.2415797942,-0.02623072311,0.6256526004,-0.001555027488,-0.005173389942,-0.01244471882
0.6534027598,-0.01129861789,0.4903680035,-0.0385421102,0.09354136136,0.02370959795,0.9945865344,-0.8336549103,0.169427421,0.009768360247,2.249617517,-0.8394099079,0.1124120302,-1.476174505,0.2421251255,0.08304227622,1.854379613,-0.5349957546,0.04121695663,-0.0450675002,0.1584328576,0.08714589528,0.1217404803,0.225563729,0.01964148656,0.6002143713,-0.01199329282,-0.01475221838,-0.008160759961,0.167484612,-0.2438973647,-0.02564792989,0.6253389255,-0.003666847429,-0.008288570452,-0.01190955506
0.6570343398,-0.01038640279,0.491038156,-0.03831676444,0.09513644444,0.02162291478,0.9944914942,-0.8191621189,0.1576877592,0.006185877746,2.242663856,-0.8507114492,0.1067806021,-1.47843366,0.2398521225,0.05497915915,1.858097675,-0.5423000763,0.03539352746,-0.06204852858,0.1614766088,0.1003932444,0.1056709241,0.2221360805,0.02267859794,0.6007663317,-0.01531631311,-0.01430764779,-0.00630388086,0.1756144336,-0.2466162124,-0.02438460474,0.6248264651,-0.00623095255,-0.01191745326,-0.0109007702
0.6607720106,-0.009322937974,0.4921828506,-0.03822675418,0.09715249281,0.0162891868,0.994401715,-0.8028599926,0.1467622816,0.003559378181,2.233094584,-0.8618169251,0.1013520954,-1.480785121,0.234871682,0.02572037814,1.858740593,-0.5549175297,0.02600823827,-0.07808019776,0.1635191407,0.113417539,0.08933950833,0.2184054412,0.02577820464,0.601078266,-0.01846268276,-0.01383772027,-0.004343146956,0.1844071918,-0.2494817,-0.02280785288,0.6244574067,-0.008680154095,-0.01535528238,-0.009768048591
0.6644753747,-0.008096066227,0.4939364103,-0.03845025868,0.099142182,0.008683983841,0.9942922074,-0.7829413744,0.137254803,0.001509554272,2.219259024,-0.8738875037,0.09547869692,-1.482087617,0.2266676935,-0.003806702284,1.853041066,-0.557929102,0.01062954086,-0.09292803487,0.1653487375,0.1276942387,0.07234980429,0.2138576863,0.02950548643,0.6014326071,-0.02234007455,-0.0133687032,-0.001913346681,0.1929097332,-0.2531224423,-0.02063836466,0.6239686179,-0.01184552935,-0.01946512544,-0.008392393934
0.6682920947,-0.006854311245,0.4961197007,-0.03839541664,0.1012613615,-0.001217950753,0.9941179232,-0.7634557585,0.1284658529,0.0008252279533,2.203557416,-0.8830072852,0.08987531392,-1.482696819,0.2166347097,-0.03470646685,1.83925609,-0.5472747319,-0.005494693037,-0.1065447441,0.1651123229,0.1420129728,0.05569101982,0.2101142623,0.03315942838,0.6009758179,-0.02605398544,-0.01298773788,0.0004422129439,0.2015179119,-0.2566929203,-0.01828769615,0.6234499004,-0.01491234669,-0.02341004512,-0.007016911044
0.6719423265,-0.005461061704,0.498984837,-0.03840329324,0.1028291006,-0.01161355374,0.9938895756,-0.7439558733,0.1203708907,0.0004631919245,2.18596165,-0.8893622534,0.08361551277,-1.478596603,0.2048437055,-0.06117445459,1.817104958,-0.5242581122,-0.02618645594,-0.1187962973,0.1644518547,0.1577261705,0.03854325647,0.2061720077,0.03730295113,0.6004660151,-0.03019363835,-0.01263062697,0.003333728726,0.2094250271,-0.2614616257,-0.0158120764,0.6225089106,-0.01835751358,-0.02801310918,-0.005348777903
0.6755619995,-0.004047669787,0.5024328754,-0.03870067665,0.1045782932,-0.02223990731,0.9935144814,-0.7257559501,0.1134263021,0.0001431221784,2.166355059,-0.8930211163,0.07777628114,-1.471580394,0.1931979033,-0.08569764132,1.795676391,-0.5025680309,-0.04636525308,-0.1300431579,0.1636662789,0.1725962793,0.02203366506,0.2027089128,0.04134508122,0.5995000412,-0.03403324523,-0.01237305014,0.006148791582,0.2170289399,-0.266658288,-0.01346698204,0.6213727554,-0.0215702209,-0.03242882178,-0.003704855771
0.6788731181,-0.002674654215,0.5068299362,-0.03961040673,0.1058106649,-0.03190944975,0.9930845412,-0.7084485572,0.1078260322,-0.001523244383,2.144203102,-0.8938480336,0.0720793211,-1.458826163,0.1843927039,-0.1073744387,1.7736596,-0.4857418547,-0.06782878591,-0.1404368542,0.1635327611,0.1886845208,0.00531466668,0.1993947328,0.04562565915,0.5985483486,-0.03785140317,-0.01217987048,0.009317753294,0.2233074422,-0.2723750827,-0.01149246646,0.620011708,-0.02470117492,-0.03713300477,-0.001996233836
0.681953253,-0.001466156367,0.5120166348,-0.04093792046,0.1071812137,-0.04016854039,0.9925838818,-0.6935163011,0.1031098681,-0.004714868038,2.11959625,-0.8918053328,0.06726492708,-1.444037363,0.1787346753,-0.125423061,1.751522695,-0.4727858936,-0.08863622064,-0.1505525186,0.1635910077,0.2039096481,-0.01070366355,0.1967604489,0.04955811717,0.5970819865,-0.04125776492,-0.01205271473,0.01228684398,0.2289876263,-0.2777629764,-0.009815555305,0.6182576395,-0.02748091558,-0.04152663469,-0.0004350545686
0.6845905864,-0.0003234378194,0.5183966155,-0.04281156846,0.1079740217,-0.04686828676,0.9921250647,-0.680151703,0.09901840903,-0.01007448341,2.091704722,-0.885644361,0.0629140451,-1.424221189,0.1755330933,-0.1401714489,1.726581215,-0.4638916193,-0.1094674171,-0.1597761274,0.164458297,0.220964476,-0.02712212323,0.1941496055,0.05341324441,0.5956649675,-0.04457881943,-0.01203399925,0.01523835622,0.2331979516,-0.2831002403,-0.008687260283,0.6161211581,-0.03008369703,-0.04601645358,0.0008896590031
0.6868882696,0.000688850986,0.5257891099,-0.0447493927,0.1088829522,-0.05202529538,0.9916830962,-0.6698463392,0.09508938888,-0.01678418198,2.061205237,-0.8749339726,0.05948106056,-1.402224098,0.1739526546,-0.1513960804,1.698974075,-0.4575805094,-0.1294698437,-0.1680329139,0.1652208935,0.2374074807,-0.04273787881,0.1918460833,0.05676202994,0.5937406501,-0.04751991909,-0.01210454645,0.01787805759,0.2366699534,-0.2878455201,-0.007764067377,0.6134805496,-0.03235984021,-0.05016422283,0.002008090612
0.6887153504,0.001666429903,0.5345440221,-0.04692200173,0.1091640198,-0.05604063907,0.9913329356,-0.6599821655,0.09152659169,-0.0247138181,2.026575771,-0.8596600928,0.05665785499,-1.375035949,0.1736733994,-0.1599345082,1.666439994,-0.4537031657,-0.1482687261,-0.1744452016,0.1661681753,0.2557740684,-0.05844574975,0.1894831249,0.05987463131,0.5917716337,-0.05015918897,-0.01233106738,0.02041734493,0.238411392,-0.2921581145,-0.007322581875,0.610742539,-0.03423699821,-0.05417747445,0.002915043567
0.6902109543,0.002536749361,0.5444291576,-0.04883348385,0.1096337944,-0.0589260644,0.9910214129,-0.6524208492,0.08775124186,-0.03309202749,1.988872381,-0.8395658986,0.05459714548,-1.345500459,0.1740549142,-0.1654579385,1.629406381,-0.4510429402,-0.1653776259,-0.1791035347,0.1665212934,0.2731093735,-0.07276594342,0.1873239812,0.06244426986,0.5892399198,-0.0524267363,-0.01267041131,0.0226484918,0.2393462423,-0.2957671906,-0.006865390086,0.6076235607,-0.03580046196,-0.05779389642,0.003685579693
0.6914349464,0.003327612084,0.555617652,-0.05079425982,0.1095686741,-0.0611169287,0.9907973405,-0.6434218465,0.08430359111,-0.04201208637,1.945652169,-0.8154203659,0.05290672543,-1.310678827,0.1751481275,-0.1690571013,1.586291762,-0.4496725124,-0.1801826674,-0.1815857831,0.1667686472,0.2914033641,-0.08654440055,0.1852026389,0.06469151089,0.5865149412,-0.05435254304,-0.01317872467,0.02467009411,0.238455081,-0.2988969606,-0.006778358684,0.6046855898,-0.0369183211,-0.06108542826,0.004261352447
0.6925395551,0.003965611657,0.567813308,-0.0523327714,0.1099057838,-0.0625321072,0.9905916087,-0.6354756894,0.0804505506,-0.0508416198,1.898817951,-0.7872502507,0.05170212072,-1.273767335,0.1762415977,-0.1703712536,1.537832248,-0.4483759371,-0.192460372,-0.1821883388,0.1663629922,0.3073340596,-0.09824952911,0.183348844,0.06641600356,0.5831984868,-0.05597035765,-0.01380054836,0.02638844059,0.2369190679,-0.3015606469,-0.006552145927,0.6013914935,-0.03779075669,-0.06398047343,0.004753050337
0.6935408796,0.00455853453,0.5810777794,-0.05373788443,0.1100065239,-0.06360795319,0.9904366879,-0.6254378985,0.07667982939,-0.05924142016,1.847315852,-0.7564698252,0.05061390931,-1.231768084,0.1777911595,-0.1699007593,1.481872961,-0.4471998868,-0.2021394441,-0.1811186308,0.165929344,0.3228862617,-0.1087308849,0.1816621129,0.06771657483,0.5796950068,-0.05717875267,-0.0145721744,0.02777797999,0.2338144307,-0.3037565378,-0.006676029655,0.5985035164,-0.03814657763,-0.06632363233,0.005051399054
0.6945840732,0.005020368252,0.5950573243,-0.05454770392,0.110698642,-0.06418103862,0.9902783209,-0.6159918894,0.07219160779,-0.06700620912,1.792904852,-0.7225200396,0.04988021415,-1.188758681,0.1790603339,-0.1671545584,1.419776254,-0.4430647661,-0.2102792376,-0.1787034333,0.1648938641,0.3348978559,-0.1166784001,0.1804164322,0.06846946269,0.5757014275,-0.05813142046,-0.01540525191,0.02886429838,0.2305880464,-0.3055994312,-0.006681188129,0.5953169572,-0.03831026897,-0.06828177267,0.005283918997
0.6957083999,0.005457135328,0.6097663139,-0.05487638158,0.1111198054,-0.06441710124,0.9901976614,-0.6040375469,0.06731792999,-0.07356719108,1.734492167,-0.686013365,0.04932282202,-1.141924683,0.1798753679,-0.1618251723,1.35015063,-0.4338280291,-0.2151260594,-0.1755242578,0.1635341144,0.345344214,-0.1230727078,0.179450856,0.06866887709,0.5716858158,-0.05865083265,-0.01614276309,0.0295512262,0.2264568324,-0.3070376364,-0.007119470265,0.592567489,-0.03794377771,-0.06950556604,0.005370722591
0.6970358478,0.005799413547,0.6248343204,-0.05449723274,0.111991159,-0.06424197176,0.9901318099,-0.5922505221,0.06179509578,-0.07902893852,1.673952123,-0.6459832384,0.04900674198,-1.095582561,0.1796609841,-0.1541918576,1.27598149,-0.4160135283,-0.2171601461,-0.1716563213,0.1617188686,0.3514582875,-0.1268399524,0.1788986954,0.06832653683,0.5674143786,-0.05897702834,-0.01682439703,0.02996833374,0.2228744557,-0.3083629608,-0.0075264267,0.5895386305,-0.03745078729,-0.07039085134,0.005413829152
0.6984926657,0.006137647749,0.6402736278,-0.05374211072,0.1126603112,-0.0636152943,0.9901376339,-0.5783471773,0.05651049532,-0.08338435386,1.610721695,-0.6033647684,0.04866785143,-1.04716441,0.1784864654,-0.1447447477,1.196842847,-0.3908449697,-0.2147892416,-0.1674507246,0.1599375809,0.3556750064,-0.1291921008,0.1784554919,0.06734874722,0.5632457275,-0.05888663205,-0.0173311783,0.02987818912,0.2187946199,-0.3094898858,-0.008423735365,0.5869242316,-0.03650565251,-0.07047771279,0.005245144991
0.7001844439,0.006404736074,0.6557215444,-0.05240626418,0.1138362559,-0.06253621335,0.9901434807,-0.5650065672,0.05112578821,-0.08671652212,1.54673414,-0.5573430256,0.04838275641,-0.9996841318,0.1765104178,-0.1342440445,1.115330971,-0.3596190326,-0.2110758494,-0.1628526398,0.1580236828,0.3553019671,-0.1291190436,0.1782694008,0.06585894347,0.558932208,-0.05867192884,-0.01776162109,0.02954974579,0.215571677,-0.3106912003,-0.0093261383,0.5841286679,-0.0355178538,-0.07030423703,0.005028531068
0.7020274536,0.006639927529,0.6711728853,-0.05060515748,0.114931289,-0.06122623542,0.9901925393,-0.550293856,0.04563509039,-0.08843317568,1.480609427,-0.5096063565,0.04818392522,-0.9508748023,0.1739415753,-0.1228117454,1.030962427,-0.3243329151,-0.2051675099,-0.1574718613,0.1556210697,0.3526170453,-0.1274589968,0.1782156203,0.06374799664,0.5547687586,-0.05801195294,-0.01793336223,0.02872421083,0.2121804428,-0.3115730346,-0.010574833,0.5819596109,-0.03410546827,-0.06926281125,0.004699202143
0.704117906,0.006776970754,0.6862558287,-0.04813988211,0.1165558954,-0.05949283507,0.9902312243,-0.537001474,0.03970765013,-0.08885735018,1.415487812,-0.4628925938,0.04815297881,-0.9027347041,0.1706980852,-0.1106134849,0.9448482733,-0.2861713019,-0.2005094683,-0.1516293582,0.1525329522,0.3452023846,-0.1233269613,0.1784716053,0.06120788675,0.5505076237,-0.05727986438,-0.01801381796,0.02772722379,0.2099849847,-0.3124082775,-0.01171302407,0.5797268447,-0.03270986004,-0.06801940072,0.004374736187
0.7064296829,0.006775031298,0.7008430875,-0.04498520656,0.1180446667,-0.05774449529,0.9903067005,-0.5234020857,0.0329436344,-0.08708925485,1.350499763,-0.4225358537,0.04822558469,-0.8533795083,0.1672147024,-0.09705452774,0.856722304,-0.2465013907,-0.1962722412,-0.1452151009,0.1474882797,0.3349246145,-0.1172186103,0.1792926633,0.05818248018,0.5462690085,-0.05612474652,-0.01790311873,0.02627804888,0.2082014374,-0.3126131556,-0.01293406468,0.5781388435,-0.03094848487,-0.06605018397,0.004008700971
0.7090217475,0.00657858367,0.714595592,-0.04097730089,0.1198053074,-0.05551391283,0.9903967663,-0.5123145681,0.02491671031,-0.08338126779,1.288384098,-0.3898704392,0.04826217667,-0.8045145478,0.1628531848,-0.08212945815,0.7680450387,-0.2061832144,-0.1949829533,-0.138922542,0.1403900935,0.3200907987,-0.1087793596,0.1807950835,0.05487914008,0.5419384807,-0.05495410077,-0.01773909441,0.02472327448,0.2081281442,-0.3124416756,-0.01395579217,0.5764153553,-0.02925413557,-0.06403270114,0.00366385085
0.7118943647,0.006141396039,0.7273525386,-0.03597710869,0.1212831893,-0.05323551752,0.9905362262,-0.5016338495,0.01507388547,-0.07705046814,1.225678797,-0.3643403565,0.04847008924,-0.7553890515,0.1572832414,-0.065721372,0.6800602016,-0.1666349632,-0.1951906536,-0.1324175873,0.1299519816,0.3020560413,-0.098266382,0.1833295536,0.05117202175,0.5376663679,-0.05320802539,-0.01742242097,0.02284179673,0.2092143579,-0.3112716556,-0.01490135065,0.5750156985,-0.02710611214,-0.06142408648,0.003449835912
0.7150595599,0.005470377663,0.7388796953,-0.03023415121,0.1226525665,-0.05059945244,0.9906977034,-0.4930960648,0.004013243237,-0.06862052424,1.167243944,-0.3444156473,0.04865515147,-0.707861704,0.1503989116,-0.04848754556,0.595403001,-0.1282790244,-0.1981891272,-0.1261695627,0.1169681687,0.2803013297,-0.08579842675,0.1866915203,0.04743681206,0.5334149633,-0.0514630194,-0.01709687816,0.02095774096,0.2121820972,-0.3096671762,-0.01559005946,0.5732742968,-0.02503737351,-0.05890518873,0.003299270453
0.7184947644,0.00459572477,0.7492300515,-0.02402015432,0.1235283381,-0.04797615018,0.9908895352,-0.484268658,-0.007851529955,-0.05856752337,1.10877573,-0.3282956526,0.04910347905,-0.6619879812,0.1424348567,-0.0317243922,0.5186037735,-0.09455841778,-0.2005562785,-0.11988868,0.1016491617,0.256374373,-0.07179037226,0.1908196392,0.04361545521,0.5295752693,-0.04915479866,-0.01658937098,0.01890088549,0.2161582725,-0.3073834511,-0.01615599397,0.5717466231,-0.02257972769,-0.05589656805,0.003416235958
0.7221510464,0.003601396327,0.7583701147,-0.0181235276,0.1240716061,-0.04503027837,0.9910852881,-0.4769158658,-0.01919773187,-0.04823522352,1.054695996,-0.3155807619,0.04953618769,-0.6184663829,0.1345771871,-0.01687230395,0.451915662,-0.06648826107,-0.2026679101,-0.114142588,0.08611498626,0.2306304934,-0.05674894621,0.1950891938,0.04010059914,0.526257892,-0.04691530709,-0.01607472808,0.01696549268,0.221076768,-0.305245893,-0.0165902747,0.5700770856,-0.02025732789,-0.05304256242,0.003605883224
0.7260023032,0.002533174356,0.7664050149,-0.01253128475,0.1241157043,-0.04204486254,0.9912973764,-0.4687868377,-0.03012662995,-0.03827390554,0.9995691673,-0.3040699153,0.05004275585,-0.5774658583,0.1265537014,-0.005422279464,0.397190239,-0.04286876583,-0.2033015227,-0.1085282348,0.07046352542,0.2040575674,-0.0409004732,0.1995462388,0.03662263798,0.5236424643,-0.04429878316,-0.0152455968,0.01490039285,0.22626832,-0.3028739327,-0.01702891013,0.568635659,-0.01776081892,-0.04964946271,0.003907434472
0.7300058784,0.001456819952,0.773325458,-0.00784213815,0.1237803556,-0.03853800226,0.991530003,-0.4616475151,-0.03981205548,-0.02977926821,0.9480167538,-0.2945853095,0.0505087016,-0.5384912291,0.1197768725,0.002800992906,0.3535820329,-0.02106888183,-0.2037521218,-0.1037986983,0.05638157747,0.1769407691,-0.02468724929,0.2036735035,0.03342967601,0.521770509,-0.04184280203,-0.01433783934,0.01298007,0.2317032859,-0.3008792083,-0.01748764966,0.5672187262,-0.01547133127,-0.04642244075,0.004198839033
0.7341823887,0.0003660620231,0.7792326112,-0.003676164496,0.1230198024,-0.03482020264,0.9917863518,-0.4533042517,-0.04869259495,-0.02251851821,0.8939536552,-0.285101065,0.05102278088,-0.5017340454,0.1131301024,0.006653466803,0.3206617341,-0.001485567125,-0.2036500719,-0.09943438944,0.0429968208,0.1493312397,-0.008152102425,0.2076913828,0.03017311759,0.5208586837,-0.03900420874,-0.01298940281,0.01099781879,0.2372667906,-0.298636473,-0.01798216863,0.5662406504,-0.01306600931,-0.04259519557,0.004623858999
0.7384480574,-0.0006575248201,0.7841333642,-0.0005212184772,0.1219628231,-0.03075237074,0.9920580073,-0.4456577754,-0.05602334493,-0.0170745876,0.8425779038,-0.2770685682,0.05149157111,-0.4671054642,0.1078384783,0.007125576397,0.2950237858,0.01174493128,-0.2036779858,-0.09562411606,0.03165145119,0.121572384,0.008320678562,0.2111348845,0.02714368614,0.5207203934,-0.0363510947,-0.01152818789,0.009183948377,0.2427349973,-0.296731829,-0.0184727527,0.5654413046,-0.01087934738,-0.03891652363,0.005039146838
0.7427958915,-0.001609260301,0.7881286853,0.002224929858,0.1206281263,-0.02687771298,0.9923313425,-0.4364704064,-0.06225218789,-0.01275751634,0.7878013119,-0.268693764,0.05197656382,-0.4356557038,0.1019562002,0.003335853487,0.2754685632,0.01912256581,-0.203511214,-0.09136037564,0.02107515564,0.09358131342,0.02468347005,0.2143689004,0.02413652675,0.5213535562,-0.03341641008,-0.009719349832,0.007356675963,0.2478947674,-0.2946054511,-0.01894332276,0.5651245979,-0.008660241215,-0.03463500563,0.005471663597
0.7471279988,-0.002422912045,0.7912112614,0.00413564293,0.1189935594,-0.02299072571,0.9926201972,-0.4275691441,-0.06689620948,-0.0102907268,0.7354409049,-0.2615854286,0.05241734443,-0.4071414633,0.09682715286,-0.002476699986,0.2601589027,0.02193682026,-0.2036266569,-0.08707177833,0.01240070075,0.06602406761,0.04062284505,0.2170509916,0.02140863248,0.5224698428,-0.03071278219,-0.007883709946,0.005711722592,0.2524474531,-0.2927555736,-0.01933899221,0.5649689245,-0.006669829777,-0.03052396374,0.005865306778
0.751413969,-0.003123443961,0.7934572758,0.005831992261,0.1171720304,-0.01966280279,0.9928998325,-0.4168892305,-0.07082973935,-0.009064885923,0.6795420902,-0.2542077132,0.05289775191,-0.382483238,0.09131193711,-0.01015996685,0.2472422073,0.02385977469,-0.203549173,-0.0820738377,0.00413708567,0.0389364551,0.0561252171,0.2196774552,0.01884660036,0.5239349416,-0.0278701158,-0.005894870367,0.004092106104,0.2561438797,-0.290650875,-0.0195986242,0.5651808868,-0.004751830554,-0.02600655863,0.006213687624
0.7555548669,-0.003663170933,0.7948382686,0.006947566269,0.1150488148,-0.0165500205,0.9931976633,-0.406259409,-0.07360853411,-0.009654040974,0.6262694997,-0.2480463115,0.05335967736,-0.3613699054,0.08637724077,-0.01810978009,0.236723965,0.02557079313,-0.2036030529,-0.07701831458,-0.002686418792,0.01310519163,0.07083660679,0.2219342524,0.01660734639,0.5255635075,-0.0252926503,-0.003991682524,0.002652914888,0.2587911074,-0.2887104618,-0.01972570322,0.5653622765,-0.003062642203,-0.02176847472,0.006516734919
0.7595211249,-0.004063159654,0.7955788166,0.007966467648,0.1127000253,-0.01403048663,0.9934980549,-0.3936856023,-0.07582399191,-0.0114721776,0.570189004,-0.2418624218,0.05395839643,-0.3440282298,0.08141910744,-0.02582728454,0.2287482713,0.02825833967,-0.2031903962,-0.07150552831,-0.009174900918,-0.01136532356,0.08474690573,0.2241794217,0.01459780475,0.5273188797,-0.0226635368,-0.002133625002,0.001276785488,0.2601824435,-0.2865434754,-0.01971821115,0.565712457,-0.001473047583,-0.01732720712,0.006738369903
0.7632652623,-0.004281231238,0.7956761094,0.008436482052,0.1101048012,-0.01149735824,0.9938176741,-0.3812254193,-0.07687982106,-0.01513843383,0.517329424,-0.2368350814,0.05457060041,-0.3294422596,0.07732033677,-0.03283999907,0.2241233748,0.02942129549,-0.2025327729,-0.06649388603,-0.01399576449,-0.03411558027,0.09754043169,0.2259279143,0.01283558349,0.5293311509,-0.02029760934,-0.0004166590584,6.447690007e-05,0.2604353567,-0.2845474948,-0.0196589157,0.5659962695,-8.307785237e-05,-0.01326087162,0.006907846264
0.7667808856,-0.004327367417,0.7954216463,0.008639925572,0.1074823039,-0.009279228746,0.9941261499,-0.3673143712,-0.07706042467,-0.01987869858,0.4625526209,-0.2319024813,0.05534398963,-0.31731787,0.07382695693,-0.0391120949,0.2226775994,0.02844202539,-0.2006797599,-0.06164382763,-0.01782002971,-0.05534614733,0.1093678424,0.2273805904,0.01118581041,0.5316005212,-0.01793641749,0.001145645062,-0.001096802241,0.2595673752,-0.2824771961,-0.0195714205,0.5664998399,0.001174230263,-0.009179674562,0.006945755993
0.7700454004,-0.004178222554,0.7948112901,0.008305863375,0.1049038566,-0.006871059544,0.9944239448,-0.3540226586,-0.07608525573,-0.02596224473,0.4114087386,-0.2280107441,0.05611680139,-0.3068062952,0.07129719371,-0.04496401098,0.2239154212,0.02427980661,-0.1979983689,-0.05764521572,-0.01982202647,-0.07510504455,0.1200161415,0.2281832291,0.009597535395,0.5341855027,-0.01582495422,0.00258799857,-0.002136454469,0.2579341698,-0.2805739249,-0.01952256873,0.5669843394,0.002259867251,-0.005511525802,0.00692458233
0.7730521041,-0.003841071028,0.7941125035,0.007754192697,0.102539757,-0.004663871064,0.9946877495,-0.3400934182,-0.07448220971,-0.03235426967,0.3599226365,-0.2236519128,0.05700352018,-0.2976215092,0.06927202937,-0.05047364584,0.2267482572,0.01737844454,-0.1937825592,-0.05393658175,-0.02084087961,-0.09355941964,0.1297212948,0.2286048175,0.007991548531,0.536968226,-0.01375619444,0.003861582166,-0.003120356044,0.2555928234,-0.2785832489,-0.01949631236,0.5677507224,0.003213772421,-0.001920540548,0.006768874524
0.7757781738,-0.00330705052,0.7933161376,0.006878770205,0.1004697762,-0.002397151289,0.9949134436,-0.327229505,-0.07222567974,-0.03908491074,0.3126480602,-0.2200211798,0.05784827797,-0.2895708564,0.06786386942,-0.05597044455,0.2304442796,0.008129756718,-0.18908108,-0.05082471711,-0.02055018214,-0.110826109,0.1383625601,0.2284571036,0.006367187259,0.5398939854,-0.01191906369,0.005032148108,-0.004006306004,0.2528755961,-0.276639881,-0.01949155854,0.5685293415,0.004029068896,0.001285831741,0.006575222225
0.7782129629,-0.002590325664,0.7925743394,0.005921416956,0.09875842938,-0.0004047103003,0.9950937371,-0.31442592,-0.06940684964,-0.04498296045,0.266429338,-0.2157966509,0.05865137676,-0.2824954104,0.06664297524,-0.06127616584,0.2341439494,-0.002714336333,-0.183122354,-0.04769394899,-0.01966665166,-0.1268476234,0.1461823916,0.2280099439,0.004702846524,0.5428202187,-0.01015902981,0.006066277663,-0.004855456881,0.2497536961,-0.2746073624,-0.01948509356,0.5695675492,0.004691930548,0.00442088056,0.006251028567
0.7803358861,-0.001687115332,0.7918740269,0.004862499627,0.09745124216,0.001464942481,0.9952273436,-0.3029159082,-0.06631354031,-0.05045870826,0.2247080227,-0.2121616679,0.05936437837,-0.2764987447,0.06556007123,-0.06649034931,0.237560007,-0.01462363495,-0.176529145,-0.04475119132,-0.01810215348,-0.1416857908,0.1531285892,0.2271673531,0.003042616545,0.5456746038,-0.008610305633,0.007004506813,-0.005624708956,0.2464699948,-0.272579926,-0.01944596341,0.570598084,0.005240225531,0.007231779232,0.005915787949
0.7821523263,-0.0006166874355,0.7912610951,0.003910679498,0.09650274779,0.002972438994,0.995320597,-0.2919586527,-0.063015254,-0.05407887911,0.1866558524,-0.2078591738,0.05996161966,-0.2713208622,0.06418905475,-0.07140336848,0.2402346667,-0.02711708616,-0.1683662528,-0.041745426,-0.01646521012,-0.1552152793,0.1593727741,0.2262466552,0.0013703159,0.5482932293,-0.007078526696,0.007845729051,-0.006336732835,0.2429721487,-0.2704720771,-0.01940713008,0.5717835241,0.005732857759,0.01008819133,0.005504104506
0.7836615626,0.0006194976646,0.7907282865,0.003088167062,0.09595492234,0.004134777119,0.9953723021,-0.2820521475,-0.05993150456,-0.05662142706,0.153831341,-0.2036588098,0.06039983884,-0.2671944463,0.06248076252,-0.07594666452,0.2421700848,-0.03972322418,-0.15907537,-0.03871282288,-0.0147822845,-0.167560771,0.164958277,0.2251867499,-0.0002329155717,0.5506865576,-0.005716336801,0.008588723471,-0.006971215559,0.239458695,-0.2683367206,-0.01930218956,0.5729477944,0.006157321148,0.01269801968,0.005115094374
0.7848932829,0.001983890897,0.7902604331,0.002545068183,0.09569947943,0.004970124826,0.9953946103,-0.272777129,-0.05698491436,-0.05699562674,0.1265238222,-0.1974961247,0.06075042011,-0.2637243102,0.06009148131,-0.07977787869,0.2431773647,-0.05219740088,-0.1481232593,-0.03549781613,-0.01354417568,-0.1786633233,0.1699925062,0.2241611391,-0.001710054863,0.5528880035,-0.004499667465,0.009208190479,-0.007514802097,0.2358631521,-0.2661117862,-0.01913461341,0.5742484073,0.006410454203,0.01510096889,0.004670880544
0.7858446209,0.00348832753,0.7898778318,0.002302727994,0.09580569762,0.005681079144,0.9953811788,-0.2646054467,-0.05500366535,-0.05511104684,0.1036877615,-0.1908683229,0.06019740903,-0.2612068213,0.0569373975,-0.08298767747,0.2432919106,-0.06396190409,-0.136167872,-0.0324481869,-0.01270319714,-0.18868418,0.1744401379,0.2230545429,-0.00305017735,0.5550182646,-0.003457140344,0.009746367336,-0.007979390381,0.2323731874,-0.2638710879,-0.01891358406,0.5755398159,0.00658605036,0.01720616268,0.004257635096
0.7865279864,0.005097333152,0.7896022504,0.002475611832,0.09610428279,0.006302902558,0.9953482363,-0.2578099498,-0.05436818759,-0.05130853386,0.08465192772,-0.1835530931,0.05985915116,-0.2593388287,0.05275945962,-0.08550445842,0.2424385686,-0.07424944144,-0.1234436523,-0.02965552497,-0.01269100422,-0.1975812186,0.178290998,0.2221284023,-0.004253052253,0.557187498,-0.002447224372,0.01005240432,-0.008341580951,0.2288599394,-0.2613619531,-0.01873147352,0.5770868998,0.006743380543,0.01905974949,0.003783569379
0.7869339017,0.006813887523,0.789440329,0.003008222731,0.09656628926,0.006788412725,0.9952988596,-0.2524368755,-0.0552008818,-0.04663254712,0.0686227663,-0.1762411089,0.05947763087,-0.2583675497,0.04773740395,-0.08737116461,0.2407497826,-0.08204566535,-0.1113140426,-0.02702400772,-0.01335562254,-0.2052585658,0.1815536094,0.2213030646,-0.005281239459,0.5593106888,-0.001556072087,0.01027925088,-0.008632406332,0.2254174657,-0.2586992414,-0.01850549878,0.5786436046,0.006881806157,0.02067498572,0.003340611154
0.7871006844,0.008591485538,0.7893487074,0.00374923178,0.09699442617,0.00711113247,0.9952524586,-0.2481391073,-0.05688669264,-0.04126710703,0.05543633417,-0.1697659307,0.0595891372,-0.2579128376,0.04219401015,-0.08864013389,0.2384190485,-0.08694939441,-0.1002413351,-0.02434081661,-0.01457486858,-0.2115772157,0.1842686267,0.2206774551,-0.006129457021,0.5613986938,-0.0007082307355,0.01022092435,-0.008807427447,0.2219402339,-0.25582309,-0.01824934614,0.580267518,0.007013085511,0.02193489789,0.002874521782
0.7870352576,0.01043976438,0.7893099788,0.004606538821,0.09736599529,0.007266540535,0.995211455,-0.2447529871,-0.05931909428,-0.03594293646,0.04460366062,-0.1642333096,0.05986283269,-0.2580753528,0.03636196813,-0.0892826326,0.2357587569,-0.08874803248,-0.09087681293,-0.02161593501,-0.0160849309,-0.2165293522,0.1865357869,0.220171978,-0.006796632353,0.5632867783,3.38275148e-05,0.0100854786,-0.008920353441,0.218537507,-0.2529107385,-0.01788594432,0.5816827925,0.007132330114,0.02296138067,0.002463231377
0.7868013857,0.01231155495,0.789299487,0.005396221017,0.09759679117,0.007253682163,0.9951849734,-0.2418521119,-0.06184863895,-0.03069772454,0.0359320441,-0.1605798773,0.06077549547,-0.2583772078,0.03069565461,-0.08959243318,0.2329477271,-0.08830249374,-0.08270963518,-0.01879726111,-0.01766291091,-0.2202706165,0.1884648239,0.2198422371,-0.007313843879,0.5650931135,0.0007841674097,0.009616099626,-0.008918596346,0.2151697133,-0.2498855266,-0.01747254749,0.5830471895,0.007289721141,0.02360814353,0.00205378561
0.786413078,0.01421750826,0.7892961495,0.006030929927,0.09772042917,0.007121964947,0.9951701479,-0.2393763163,-0.06435381355,-0.02605513379,0.02893338088,-0.1584642026,0.06189800457,-0.2588852336,0.02543551333,-0.08955583554,0.2302899229,-0.08630561381,-0.0758396638,-0.01597929211,-0.019057167,-0.2229535349,0.1901602788,0.2196171342,-0.007697300144,0.5666595366,0.001455337239,0.009084584252,-0.008874463081,0.2119730528,-0.2469146776,-0.01695875797,0.5841294012,0.007446007738,0.02405609291,0.001704363799
0.7859134874,0.01612992001,0.7892748363,0.006332772008,0.09778016804,0.006959114709,0.9951635571,-0.2372015361,-0.06621604174,-0.02203433779,0.02324084718,-0.1580853331,0.06308936257,-0.2594131784,0.02097226887,-0.08951151606,0.2278258206,-0.08370159067,-0.06976024513,-0.01313820278,-0.01994671772,-0.2248389323,0.1916430339,0.2194144526,-0.007935309008,0.5681763754,0.002054543286,0.00831711012,-0.008697380441,0.2089181538,-0.2439848075,-0.01640335033,0.5850882118,0.007568310396,0.02403850735,0.001375899238
0.7853088395,0.0180498061,0.7892286243,0.006336419216,0.09781608162,0.006841228253,0.995160822,-0.2354194358,-0.06762047132,-0.01881948568,0.01847147113,-0.1586488669,0.06422317212,-0.2600200364,0.01726137688,-0.08939597381,0.225614952,-0.0809820376,-0.06446710698,-0.0104332322,-0.02039544442,-0.2260665431,0.1929626793,0.2192582805,-0.008064203027,0.5695168329,0.002565960283,0.007555430615,-0.00848864777,0.2060837762,-0.2411411098,-0.01578747364,0.5858054898,0.007669499912,0.02384227324,0.001101441859
0.7846464219,0.01995243347,0.7891436432,0.005971532852,0.0978819327,0.006779051347,0.9951570291,-0.2339981589,-0.06827912497,-0.01622580362,0.01435282182,-0.1598842169,0.06538060032,-0.260557361,0.01446231463,-0.08950404771,0.2234349,-0.0786079331,-0.05949340812,-0.007818389886,-0.02025643376,-0.2269616285,0.1941063876,0.2190864485,-0.008099652553,0.5708789969,0.003051964007,0.006590628577,-0.008177311797,0.2034327233,-0.238354503,-0.01520251675,0.5864800906,0.007760710886,0.02325910376,0.0008320753853
0.7839214003,0.02182735739,0.7890339467,0.005384892099,0.09799939009,0.006818480463,0.9951485471,-0.2331064367,-0.06861236345,-0.01425619737,0.01065467315,-0.1607645185,0.06649039784,-0.2611522358,0.01228388343,-0.08964683801,0.2213109583,-0.07670250533,-0.05497628663,-0.005429094906,-0.01988639644,-0.2275689627,0.1950776142,0.2189936896,-0.008051525513,0.572154397,0.003476484093,0.005667687521,-0.007858277572,0.2009695472,-0.2355609708,-0.01461075476,0.5870842821,0.007839754652,0.02258967053,0.0005969007405
0.7831679819,0.02365244609,0.7888969428,0.00456265179,0.09821693085,0.006921159393,0.9951305011,-0.2327376502,-0.06850628035,-0.012644693,0.007101645166,-0.1605721292,0.06778315415,-0.2618051945,0.0107631151,-0.08975854985,0.2191059808,-0.07536649229,-0.05067145234,-0.003287654381,-0.01924269207,-0.2281269845,0.1957992853,0.2189032316,-0.007886925686,0.5735029068,0.003872121895,0.004661453416,-0.007421386234,0.1986701335,-0.2327699445,-0.01406103577,0.5877701777,0.007892827023,0.02163208388,0.0003928403219
0.782376384,0.02541141942,0.7887603604,0.003677932203,0.0985151145,0.007099064803,0.995103436,-0.2329981581,-0.06837585241,-0.01141528363,0.003768218302,-0.1588566615,0.06913909498,-0.2625961628,0.00955903591,-0.08970318699,0.2168679904,-0.0745016618,-0.04671624838,-0.001464498092,-0.01876007123,-0.2285523754,0.1962499945,0.2189346434,-0.007622992628,0.5748363931,0.004214547781,0.003751588179,-0.006980888668,0.1965114691,-0.2298734797,-0.01350858939,0.5885226966,0.00793193374,0.02067642038,0.0002209457141
0.7815715653,0.02710209516,0.7886076386,0.002746681755,0.09890945409,0.007298462804,0.9950658813,-0.2337778857,-0.06814723841,-0.01037036907,0.0004369650487,-0.1550558985,0.07041302202,-0.2635193184,0.008618543843,-0.08930469318,0.2145349895,-0.07408748763,-0.04294781406,1.35374773e-05,-0.01837881995,-0.2289903242,0.1963644734,0.2189570076,-0.007213800287,0.5762440261,0.004495213824,0.002852424013,-0.006430340049,0.1945112279,-0.2269696698,-0.0129755809,0.5893845417,0.007914995298,0.01951401014,8.477042311e-05
0.7807445888,0.02871300724,0.7884656523,0.001889644558,0.09935707778,0.007507670262,0.995021726,-0.2350751442,-0.0680936242,-0.009501601365,-0.002630204726,-0.1495282142,0.07162491275,-0.2645974087,0.007708493913,-0.0885476618,0.2121663882,-0.07393628113,-0.0394934783,0.001143762812,-0.01840222327,-0.229299025,0.1961303175,0.2190630927,-0.006710300911,0.5776403417,0.004724368481,0.002074950757,-0.005887016587,0.1926500185,-0.2239867432,-0.01242930769,0.5903131954,0.007882220808,0.01841014347,-2.381274279e-05
0.7799150372,0.03026236893,0.7883000948,0.001129403505,0.09989204415,0.007743409053,0.9949675088,-0.2367266006,-0.06816627749,-0.00861353765,-0.005679439962,-0.1422550266,0.07272927092,-0.2657379838,0.006635132527,-0.08761604797,0.2094976687,-0.07428538099,-0.03627629163,0.002007533981,-0.01867845713,-0.2295765978,0.1955319562,0.2191232929,-0.006094189486,0.5791043642,0.00491042182,0.001360106996,-0.005245217059,0.1909917036,-0.2210442704,-0.01189415466,0.5912989705,0.007806163228,0.01716884726,-8.958450384e-05
0.7790724258,0.03174599408,0.7881295751,0.0005183283693,0.1004725613,0.007964023824,0.9949078199,-0.2387015416,-0.06850017237,-0.007710398898,-0.008466325515,-0.1339020801,0.07373656826,-0.2670205029,0.005330234735,-0.08642590714,0.2066921753,-0.07480271664,-0.03341259451,0.002651711348,-0.0193358653,-0.2296788439,0.1945940216,0.2191921065,-0.005418809988,0.5805232253,0.005060233909,0.0007642004089,-0.004621849312,0.1894822315,-0.2181249082,-0.01133903998,0.5922916957,0.007724520441,0.01602017934,-0.0001288732018
0.7782202537,0.03321210134,0.7879317624,5.567370412e-05,0.1011048555,0.008175684405,0.9948421801,-0.2408637047,-0.06909733557,-0.006714861711,-0.01115851026,-0.1246107461,0.07466360198,-0.2684747881,0.003215624855,-0.08549217078,0.2034414884,-0.07659729104,-0.03094727973,0.003133563473,-0.02019581906,-0.2297026258,0.1933505798,0.2191407329,-0.004662197059,0.5819803008,0.005146680323,0.0002659992701,-0.003918730098,0.1882354083,-0.2153490481,-0.01076472917,0.5932491499,0.007575818122,0.01475310895,-0.0001231321199
0.7773468165,0.0346605899,0.7877192538,-0.0002794092467,0.1017405446,0.008307933325,0.994776237,-0.2431418501,-0.06991775335,-0.005633026956,-0.01358494529,-0.1149880182,0.07549242329,-0.2701942948,0.0005140559799,-0.08437100325,0.2000191646,-0.07875530379,-0.02887274702,0.003544371973,-0.02121405812,-0.2294898923,0.1918516468,0.2189989044,-0.003880644435,0.5833583159,0.00520075263,-0.0001277735464,-0.003244710583,0.1871474093,-0.2127255384,-0.01016326918,0.5941509297,0.007421498613,0.01358329274,-9.258784254e-05
