0,0,0.1598119733,0,0.747987321,0,0.6637130161,-0.2941297421,0.004737286331,-0.001326690937,0.2641296121,0.04300042254,-0.004824476483,-0.265193418,0.006154305126,-0.003144276506,0.1809080934,0.07750472236,-0.006836346141,0.001849534515,0.003894717071,-0.324289502,0.3870620555,0.1693457734,-0.1565786097,-0.5902451052,1.299651892,0.1513832238,1.248698695,0.3491489997,-0.1073087095,0.06960361738,-0.5908880537,-1.656898832,0.1004484345,-1.229791481
-0.000104551388,-9.649076461e-06,0.1651472095,-2.801971828e-05,0.7454815253,8.123692971e-05,0.6665262846,-0.298516407,0.003839890489,-0.002789482973,0.2706570629,0.04098311522,-0.005022761333,-0.2702541366,0.007131017881,-0.002090234479,0.1900839438,0.07394334135,-0.006318525739,0.001737101986,0.003988439921,-0.324374708,0.3576224562,0.1690573302,-0.1544642932,-0.5582306634,1.295974645,0.1517845508,1.2431006,0.3217078679,-0.107621168,0.06761895551,-0.5583517789,-1.655804161,0.1003324493,-1.225386629
-0.0002823706628,-1.427750449e-05,0.1693297416,-9.49872678e-05,0.7431392794,0.0002838686772,0.6691366989,-0.3028943955,0.002448479759,-0.004589588962,0.2756203329,0.039967211,-0.005258964102,-0.2745912088,0.008588518335,-0.001313208773,0.1985239938,0.07202478556,-0.005837838549,0.001533087678,0.004311749339,-0.3242381894,0.3334440433,0.1692295986,-0.153214798,-0.5345765526,1.293088989,0.1515236262,1.237803627,0.2995059481,-0.10809644,0.06694344432,-0.5335832737,-1.654798301,0.0999013215,-1.221941188
-0.0005177952252,-5.694290381e-05,0.1724510644,-0.0005324896342,0.7407907135,0.000348456433,0.6717355981,-0.3070168967,-0.001331652374,-0.01074035914,0.2803810153,0.03739856807,-0.006416323989,-0.2781282992,0.01162594688,0.0003628910757,0.2099015978,0.06904897682,-0.005382937435,0.002030574146,0.004398812144,-0.323391657,0.3124790605,0.1690928718,-0.1516669807,-0.5146257153,1.290199535,0.1508956496,1.233754514,0.2804727336,-0.1086767179,0.06700484606,-0.5126149207,-1.653363661,0.09933444908,-1.218984383
-0.0007706503808,-0.0001548850729,0.1744395321,-0.001295832521,0.7385071896,0.0003628728033,0.6742442585,-0.3105699353,-0.005313175415,-0.01654337507,0.2856441911,0.03598829984,-0.007114388391,-0.2800748721,0.01536466812,0.001057652902,0.2221125703,0.06571497889,-0.005310247426,0.002966635408,0.004306307023,-0.3223934956,0.2949847963,0.1687909317,-0.1500201877,-0.4984119941,1.287613195,0.1502601519,1.230562727,0.2647511963,-0.1091988079,0.06764266706,-0.4953391061,-1.651978778,0.09872668326,-1.216501791
-0.001011061919,-0.0004669015587,0.1751872141,-0.002267143547,0.7363897891,6.990216516e-05,0.6765537182,-0.3119394427,-0.007239085191,-0.01995710593,0.2941286464,0.03342753178,-0.006278694776,-0.2809976364,0.01965643819,0.001360355668,0.2366042512,0.06092016684,-0.005588251005,0.004024657291,0.002786410361,-0.3228017698,0.2807858858,0.1683510303,-0.1479947954,-0.4817711326,1.285147583,0.14978643,1.22641325,0.2489835796,-0.1097353687,0.06919943316,-0.4796850287,-1.649987807,0.09764374973,-1.212033149
-0.001183050211,-0.000989092617,0.1746321492,-0.003260767689,0.7346207954,-0.0005526423309,0.6784698585,-0.3108612443,-0.007820290477,-0.02219706292,0.3042066231,0.02943085369,-0.004941388803,-0.2806907331,0.02389364482,0.0011918304,0.2510037121,0.05514088875,-0.006002817308,0.005117771557,-0.0004799158132,-0.3253719653,0.2700633196,0.167936922,-0.1459542923,-0.4652860139,1.282846911,0.1495317184,1.222260986,0.2339141047,-0.1100581876,0.07133011055,-0.4658017613,-1.648046811,0.09644020233,-1.207294542
-0.00118657063,-0.001685714385,0.1729099233,-0.004416531697,0.7330972715,-0.001458667459,0.6801079011,-0.307828207,-0.007321752136,-0.02518251978,0.315183021,0.024378603,-0.003062075622,-0.2801618289,0.02824045159,0.0008051335971,0.2673283429,0.04726396919,-0.006442348705,0.006362772177,-0.004709092999,-0.3294775034,0.2624488517,0.1673627538,-0.1428988419,-0.4493416668,1.280480326,0.1494487102,1.217900168,0.2179465777,-0.1101681301,0.07313153539,-0.4550271066,-1.64723879,0.09627294258,-1.201928591
-0.0009927166838,-0.002535108048,0.1700021703,-0.005632618766,0.7319210196,-0.002611350095,0.6813611931,-0.3029662413,-0.006314443905,-0.02891574107,0.3257079875,0.01847367447,-0.001330098032,-0.2790785047,0.03238297226,0.0001078125968,0.2830782066,0.03872745202,-0.006842193243,0.00776100208,-0.009974501798,-0.3354357685,0.2578066403,0.1667737488,-0.1394165046,-0.4342839751,1.278200647,0.1495968575,1.213861835,0.2022496337,-0.1101408904,0.07454718419,-0.4468429149,-1.646846441,0.09645727931,-1.196956721
-0.0006907249584,-0.003341564576,0.1662425581,-0.006829306407,0.7308315894,-0.003771830065,0.6825132392,-0.2968420972,-0.005257194297,-0.03362616672,0.3363404507,0.01159724076,-0.0004808079805,-0.2777254752,0.03626995743,-4.035898101e-06,0.2976067836,0.03029340982,-0.007473721491,0.008919273185,-0.01487386772,-0.3412275008,0.2534692095,0.1661313163,-0.1354035295,-0.4156115034,1.275130662,0.1482469315,1.208265495,0.1928416936,-0.1101899974,0.07602775616,-0.4364168779,-1.646148982,0.09700961503,-1.193256341
-0.0003172483077,-0.00411293483,0.1617051245,-0.007969698201,0.7297963084,-0.004949002359,0.6836002776,-0.2893888252,-0.004399929898,-0.03888273618,0.3464352547,0.003970259164,-0.0001915191318,-0.2758426576,0.03975804552,0.0001828894787,0.3111922846,0.02233212405,-0.008084493897,0.00974805997,-0.01964255395,-0.3469748008,0.2575592481,0.1657872492,-0.1324818533,-0.407530807,1.27420768,0.1457587961,1.207241426,0.1984889723,-0.1104126829,0.07943903476,-0.4352870215,-1.645636456,0.09773537519,-1.187946311
0.0001819341486,-0.004957254589,0.1567446088,-0.009120835928,0.7282870426,-0.005975953015,0.6851854362,-0.2796050392,-0.003475565353,-0.04559215948,0.3557476098,-0.003965623239,0.0002869214453,-0.2717749638,0.04304783475,-0.0007433403537,0.3245439642,0.01470474681,-0.008672158228,0.01039047324,-0.02407616369,-0.3513723995,0.2718987997,0.1667514701,-0.1298064826,-0.410906311,1.27412317,0.1412775199,1.207358664,0.2135235423,-0.1107577844,0.08432812371,-0.4410435719,-1.645508927,0.09780811957,-1.18349115
0.0008408983631,-0.005844669614,0.1513773427,-0.01023971281,0.726526028,-0.006754220624,0.6870294458,-0.2684210196,-0.002437344058,-0.05288375782,0.3640900805,-0.01161788498,0.000611605283,-0.2658116139,0.04613520448,-0.002379808698,0.3378208738,0.007577085088,-0.009241207627,0.01094145764,-0.02801496643,-0.3555291654,0.2931891193,0.1687825066,-0.1279068215,-0.4218647816,1.274497901,0.1356396032,1.208247325,0.235091143,-0.1112250308,0.0901448737,-0.451888395,-1.645529013,0.09730767919,-1.180172007
0.001653864182,-0.006725749817,0.145808989,-0.01129439577,0.7242429492,-0.007341837098,0.6894132901,-0.2552020346,-0.001778924853,-0.0626682153,0.3715626328,-0.01904222478,0.001902176617,-0.2575604807,0.04882792025,-0.005528064041,0.3514265941,0.001008551598,-0.01011387955,0.01178692551,-0.03151723189,-0.3590992413,0.3181466024,0.1717327887,-0.1255143792,-0.4361063005,1.273993783,0.127280996,1.209662198,0.260073066,-0.1111311329,0.09619708679,-0.4651118014,-1.644686751,0.09721739743,-1.17848244
0.002638938554,-0.007578296262,0.1400408702,-0.01232142512,0.7217303498,-0.007789538969,0.6920208145,-0.2409998178,-0.001330537038,-0.07326362383,0.3783487091,-0.02582635897,0.003099251084,-0.2477393522,0.05118486786,-0.009348961828,0.3648242221,-0.004811769785,-0.01108021873,0.01296069589,-0.0345014325,-0.3632080889,0.3453611133,0.1754865242,-0.1237664785,-0.4518717958,1.272830762,0.1178548921,1.211446949,0.2873896109,-0.110611553,0.1023029753,-0.4794364816,-1.643575205,0.09712949188,-1.177777387
0.003877414014,-0.008361242359,0.1343285755,-0.01299607354,0.7187926911,-0.007926592037,0.6950577951,-0.2262560571,-0.001424540903,-0.08382196474,0.3852225574,-0.03068826767,0.003795197402,-0.2360746973,0.05284871893,-0.01368419053,0.3776840372,-0.009348159553,-0.01248517806,0.01385214387,-0.03700733278,-0.3671533644,0.3729742613,0.179781578,-0.1219237023,-0.4665401598,1.270509092,0.1068237834,1.213646907,0.3151182114,-0.1090965928,0.1081715937,-0.4928368387,-1.641304297,0.09788953548,-1.177713331
0.005296073491,-0.009035138893,0.1290412368,-0.01170746579,0.7164332188,-0.005583339394,0.697535092,-0.2129797194,-0.002091020401,-0.09456253492,0.3889235102,-0.03362206787,0.003855955338,-0.2254607232,0.05350799104,-0.01948229503,0.3893930638,-0.01227654612,-0.01408880641,0.01039692324,-0.03836181635,-0.3726003119,0.3982465999,0.184388896,-0.1214054085,-0.4787349169,1.267405548,0.09539683128,1.215990313,0.3430814854,-0.1068291207,0.11277345,-0.5055457665,-1.638689229,0.09900835,-1.178022983
0.006723305839,-0.009712605344,0.125189233,-0.009671312168,0.7159056492,-0.002198085502,0.6981265899,-0.204199085,-0.002477652983,-0.104447683,0.3864446886,-0.03485254513,0.003786561169,-0.2191709913,0.05397956885,-0.02688660464,0.395967697,-0.0132339427,-0.0157191738,0.005679127659,-0.03939750271,-0.3803321564,0.4178357506,0.1890527426,-0.1208945094,-0.4871770169,1.263603812,0.08320509223,1.2186631,0.3678801024,-0.1039384561,0.1159198503,-0.516374321,-1.635241382,0.1006463884,-1.177514619
0.007932080036,-0.01034168853,0.1229156094,-0.008341761028,0.7165466697,0.000101153508,0.6974892651,-0.199429901,-0.002530435749,-0.1114362532,0.3802426845,-0.03476503399,0.00386253386,-0.2155533969,0.0546994575,-0.03213929512,0.3962159707,-0.01277697935,-0.01743215019,0.00352135673,-0.04064424196,-0.387300229,0.431381769,0.1932729053,-0.1201074564,-0.4927299475,1.259503217,0.07138541482,1.221673588,0.3870939288,-0.100840707,0.1180346725,-0.5252000198,-1.631831736,0.1023562179,-1.176658287
0.008839199928,-0.01093865061,0.121997081,-0.007480485082,0.7172116349,0.001584865208,0.6968134623,-0.1962895215,-0.002145749713,-0.1162428405,0.3726965342,-0.0343010238,0.0038581541,-0.2127903018,0.05623130179,-0.0366816177,0.3940953435,-0.01134250929,-0.01897755393,0.002963830108,-0.04244403663,-0.3906772695,0.4384386623,0.1969026565,-0.1181760649,-0.4950300048,1.255152621,0.05925754683,1.225093153,0.3997952559,-0.09789288515,0.1192576067,-0.530949921,-1.628977589,0.1041002031,-1.17381569
0.009430650974,-0.01150766101,0.1221270245,-0.006959495574,0.7174480391,0.002504905617,0.6965727543,-0.1937356263,-0.001334286331,-0.1192545407,0.3655317406,-0.03418864478,0.003863240469,-0.2101982475,0.05864329093,-0.04120116533,0.3917298469,-0.009892462738,-0.01998799425,0.003248657905,-0.04444735606,-0.3899198878,0.439135693,0.2000476315,-0.1157222912,-0.4937597618,1.251017722,0.04790009498,1.22907466,0.4058281425,-0.09531729399,0.1196332376,-0.5334153921,-1.626632148,0.1056787352,-1.170658648
0.009658227694,-0.01208568679,0.1230507856,-0.006642742399,0.7172500193,0.003075454302,0.6967774575,-0.192180766,-0.000280276616,-0.1206650989,0.3597576431,-0.03385549641,0.003583970396,-0.2082638186,0.06217314238,-0.04637804183,0.3909060899,-0.009640109524,-0.02073864809,0.003757074364,-0.04686906904,-0.3857178131,0.4340733184,0.2029128519,-0.1123215903,-0.4891296211,1.247808969,0.0370535049,1.233180004,0.405753275,-0.09293600068,0.1189945476,-0.5321307385,-1.622572506,0.1080609301,-1.164030519
0.009604049745,-0.0126725183,0.1245411358,-0.006371731057,0.7166453206,0.00343811838,0.6974002185,-0.1914400793,0.0007379327517,-0.1210192021,0.355854583,-0.03333680966,0.003218440387,-0.2070783209,0.06650411905,-0.05253214718,0.3915349043,-0.009915685489,-0.02120473893,0.004087262147,-0.04969074465,-0.3790620223,0.4250472503,0.205894853,-0.1085828332,-0.4824120991,1.245387152,0.02713396877,1.236180198,0.4010746709,-0.09086541982,0.1177364543,-0.5282288698,-1.618330263,0.1103857772,-1.157470854
0.009281842584,-0.01334047008,0.1264464122,-0.006156790113,0.715894126,0.003518851763,0.6981728382,-0.1920496685,0.001472859238,-0.1210392962,0.3545275104,-0.03356304636,0.002371163458,-0.2074847191,0.0717318699,-0.05934610737,0.3948761977,-0.01158653996,-0.02240091492,0.004479342225,-0.05278175111,-0.3716211561,0.4133667303,0.2087174569,-0.10444886,-0.4745793109,1.243382188,0.01833712821,1.237821127,0.3933999019,-0.08983989,0.1162843071,-0.5229084896,-1.614724745,0.1114695596,-1.149267047
0.008812960918,-0.01411298951,0.1286071096,-0.006037899351,0.7149218538,0.003288836268,0.6991705588,-0.1931789202,0.001882968767,-0.1216179688,0.3554923646,-0.03417034967,0.001689312599,-0.2092149858,0.07795027417,-0.06638537695,0.4001219372,-0.01317624962,-0.02365378121,0.005059281882,-0.0561923346,-0.363928527,0.400777443,0.2116749189,-0.1000880691,-0.4666301168,1.241551061,0.01067332618,1.23801096,0.3838223785,-0.08946209327,0.1151610771,-0.5166292755,-1.611169058,0.1120330638,-1.142347575
0.008149120167,-0.01516816979,0.1308353576,-0.005835214912,0.7140021083,0.003050310836,0.7001125876,-0.1953880521,0.002271606643,-0.123744924,0.3587198778,-0.03582393188,0.001292626411,-0.2128958828,0.08539575752,-0.07260821187,0.4077029713,-0.01585135631,-0.02556790605,0.004821615126,-0.06010318641,-0.3570372022,0.3883396231,0.2151227146,-0.09500216154,-0.4599116829,1.240206093,0.004324382206,1.236276601,0.3738298821,-0.08990677908,0.1150877612,-0.5107009535,-1.607429772,0.1118149434,-1.135101242
0.00737557245,-0.01649783477,0.1330097136,-0.005550650924,0.7129179793,0.002746304385,0.7012200817,-0.1973136039,0.002500742516,-0.1277101132,0.363435535,-0.03828397972,0.00120958592,-0.2175971556,0.09409070474,-0.07744921594,0.4163997355,-0.01828356401,-0.02744201382,0.004197343043,-0.06461025987,-0.3507970141,0.3763381173,0.2191325983,-0.08931196996,-0.4540652118,1.239114883,-0.0008884794634,1.232943835,0.3635563483,-0.09061738208,0.1160511086,-0.504472778,-1.60327498,0.1111761576,-1.130555938
0.006514616416,-0.01807557105,0.1349926442,-0.005337926494,0.7119866778,0.002360580914,0.7021687153,-0.1999367415,0.002722869043,-0.1336719724,0.3696895565,-0.0413505748,0.0008509064972,-0.2241132148,0.1044698956,-0.08112320429,0.4260221348,-0.02173347262,-0.02963905599,0.003366740868,-0.06934947817,-0.3460553433,0.3657920016,0.2231757875,-0.08352194774,-0.4498745198,1.238578419,-0.004295346854,1.22780456,0.3534793413,-0.09140726979,0.1177851359,-0.4982824916,-1.598787765,0.1098600754,-1.127742107
0.00561346138,-0.01988099949,0.1367167162,-0.005066359037,0.7109853258,0.001808081864,0.7031862693,-0.2019362548,0.002659243484,-0.1408173593,0.3765629107,-0.04487236698,0.00044891456,-0.2311069756,0.1156869514,-0.08415954739,0.4352002291,-0.02505227033,-0.03162661715,0.002648025128,-0.07465026667,-0.3423517716,0.356271959,0.2272464268,-0.07733511456,-0.4465154463,1.23844736,-0.006472431225,1.221364853,0.3437067976,-0.09198216724,0.120264404,-0.4918886541,-1.594223896,0.1081031811,-1.126022263
0.00467834116,-0.02184699569,0.1380662414,-0.004931934099,0.7103955748,0.001086727264,0.7037844999,-0.204788718,0.002613753022,-0.1491553048,0.3840273595,-0.04897032109,-0.0003478712901,-0.2389913735,0.127038975,-0.08750101919,0.4430882091,-0.02982080398,-0.03369336649,0.002081563279,-0.08001306455,-0.3407090904,0.3489327792,0.2308947062,-0.07083275765,-0.4449700779,1.239004184,-0.007363626279,1.213578939,0.3350395987,-0.09302460794,0.1235436347,-0.4862299835,-1.589365855,0.1056207265,-1.124353417
0.00379088926,-0.02384231785,0.1390422647,-0.00508973729,0.7101451306,0.0001664357829,0.7040369027,-0.2078200494,0.002779905855,-0.1577296477,0.3912852509,-0.05347681157,-0.001197137766,-0.2460874005,0.1373917363,-0.09053646686,0.4499946743,-0.03339824889,-0.0364263483,0.002365818985,-0.08493962988,-0.3409694005,0.3432522716,0.2336732831,-0.06410581452,-0.4441538915,1.240230938,-0.007531344249,1.205530215,0.3276762291,-0.09465481327,0.1274155152,-0.4813563969,-1.584522971,0.1027219133,-1.122490026
0.002962252504,-0.02586863707,0.1395601611,-0.005869747521,0.7107664572,-0.0005986242551,0.7034033203,-0.213244492,0.004238196351,-0.1663755986,0.3988797168,-0.05811592938,-0.002601331398,-0.2531077822,0.1475784741,-0.09288477867,0.4565974353,-0.03692137032,-0.04052775675,0.003261402227,-0.0882796489,-0.3441519748,0.3402893604,0.2350929576,-0.05763113938,-0.4451883052,1.24267005,-0.006305401266,1.197447751,0.3228490218,-0.09693652662,0.1316525566,-0.4788111516,-1.579996937,0.09896727033,-1.119433662
0.002228090468,-0.02796493144,0.1396894133,-0.007016145169,0.7118726277,-0.001220202329,0.7022724875,-0.2195352982,0.006732577969,-0.1744809285,0.4061707039,-0.06274288901,-0.003982244242,-0.2593559772,0.1577462321,-0.09404585322,0.4626611774,-0.04051181956,-0.04430632523,0.004664668465,-0.0906340096,-0.3488060639,0.3392410451,0.2356961885,-0.05088530329,-0.4474581073,1.245983027,-0.004401415767,1.190066664,0.3203494431,-0.09936830967,0.1364517696,-0.4784084543,-1.576010807,0.09481480654,-1.116338382
0.001477745882,-0.03015844135,0.1394372477,-0.008844805978,0.7135200347,-0.001780933927,0.7005767323,-0.2261398817,0.01096538207,-0.1814987073,0.4125149749,-0.06826458051,-0.005776673152,-0.2659728686,0.1691296261,-0.0940760361,0.467190829,-0.04458321387,-0.04761456665,0.006757128083,-0.09184636469,-0.3544322235,0.3404224031,0.235843403,-0.04418021006,-0.4524814412,1.250433559,-0.001310344064,1.182876598,0.3200332099,-0.1025035028,0.1420740176,-0.4807115192,-1.572030339,0.09041108188,-1.113695874
0.0007281010196,-0.03249212757,0.1389120851,-0.01084286347,0.7154800167,-0.002198991421,0.6985455908,-0.2327177553,0.01626992208,-0.1873144357,0.4176451235,-0.07431001897,-0.007314587617,-0.2728238984,0.1812634967,-0.0934043037,0.4699798554,-0.04955593937,-0.0498680935,0.008974094477,-0.09278162945,-0.3600123491,0.3430185431,0.2360522542,-0.03696160948,-0.4597133308,1.255489712,0.002234705993,1.176218848,0.3216743274,-0.105626026,0.1484155168,-0.4855914847,-1.568262471,0.0859570398,-1.111881331
-0.0001365675155,-0.03501209314,0.1380903171,-0.01333940186,0.7179695079,-0.002700958659,0.6959414853,-0.2389665596,0.02322202859,-0.192432338,0.4206345989,-0.0819375987,-0.008782136281,-0.2812222357,0.1948252323,-0.09202825115,0.4704444803,-0.05521333205,-0.05200978111,0.01140171438,-0.09353981832,-0.3658908704,0.3477612348,0.2363306762,-0.02915196642,-0.4708032412,1.261573697,0.006634676861,1.169130794,0.32526493,-0.108945373,0.1550492408,-0.4937598133,-1.563887802,0.08047027327,-1.110106525
-0.001067444134,-0.03767947997,0.1370969253,-0.01576491671,0.7208185881,-0.002922100234,0.692938303,-0.2453287257,0.03114256205,-0.1970424134,0.4216554203,-0.09066134898,-0.009805118161,-0.2904515181,0.2089685184,-0.09009809797,0.4695582332,-0.06064164747,-0.05424599279,0.01336231665,-0.09446348179,-0.3712706706,0.3536295069,0.2368018821,-0.02061814996,-0.4848201352,1.268185595,0.01122571339,1.162069844,0.3306171207,-0.1121476854,0.1621355245,-0.5049214731,-1.559415111,0.07471030195,-1.10879576
-0.002146637218,-0.04049116195,0.1359067063,-0.01898421457,0.7241635406,-0.002952382724,0.6893606092,-0.251847339,0.04083105552,-0.2022469822,0.4213814286,-0.1010677242,-0.01023412473,-0.3010743234,0.2255813848,-0.08663672152,0.4663304481,-0.06575578002,-0.05608091139,0.01566996236,-0.09447920296,-0.3764175496,0.3612517482,0.2384532098,-0.01216410821,-0.5031487536,1.274778214,0.01672351293,1.154539452,0.3374908305,-0.1157418465,0.1695846533,-0.5192166133,-1.554913401,0.06875733201,-1.107776688
-0.003333424419,-0.04336007298,0.1345937705,-0.0221319039,0.7277417844,-0.002352915082,0.6854899983,-0.2585981702,0.05100756366,-0.2080670378,0.4201987986,-0.1126382969,-0.01006079131,-0.3118447441,0.2427291697,-0.08166472663,0.4635898648,-0.07015233994,-0.0588236235,0.0172541315,-0.09415512649,-0.3804263093,0.3696105667,0.2407964474,-0.003544753273,-0.5245625404,1.281026823,0.02230685953,1.146879989,0.3459427213,-0.1194814295,0.1771524332,-0.5364958402,-1.55065684,0.06302166644,-1.107361801
-0.004587511325,-0.04606305217,0.1329778533,-0.02582245539,0.731480352,-0.001772460557,0.6813710838,-0.2650016112,0.06028207377,-0.2166016283,0.4200547752,-0.1236768488,-0.01012816084,-0.3214681001,0.2602113382,-0.07381133625,0.4599065654,-0.0746121142,-0.06299423487,0.01940770818,-0.09280952795,-0.3836268965,0.3813585134,0.241747654,0.005121085639,-0.5504531478,1.287160796,0.02822219555,1.137862098,0.3554279707,-0.1240875958,0.1837343337,-0.5560908904,-1.547042347,0.05705825419,-1.108321012
-0.005898556248,-0.04862612159,0.131155278,-0.02966775068,0.7353128642,-0.001196730813,0.6770770888,-0.2711810622,0.06838005486,-0.2260189228,0.4201826199,-0.1333251788,-0.01033457014,-0.3302363554,0.277308541,-0.06475020394,0.4555150201,-0.07920442044,-0.06655773864,0.02181778412,-0.09114197822,-0.3857461748,0.3951581896,0.2417382609,0.01411119216,-0.5794961786,1.292910511,0.03391488544,1.128698721,0.3663544411,-0.1293411689,0.1899254372,-0.5782812125,-1.544043986,0.05119508868,-1.109888318
-0.007191545695,-0.05095147105,0.1290776112,-0.03370130111,0.739032696,-0.0008264575433,0.6728255446,-0.277484696,0.07595873704,-0.2337954163,0.4206849237,-0.139597151,-0.01044173706,-0.3361395084,0.2940944641,-0.05300203461,0.448241261,-0.08400244822,-0.07019752447,0.0257713065,-0.08997026084,-0.3861377947,0.4144866027,0.240566035,0.02207629548,-0.6124027034,1.298201493,0.03900929777,1.121052328,0.3800111627,-0.1351469443,0.1957939673,-0.6034381563,-1.541993717,0.04710088429,-1.112670917
-0.008472135987,-0.05306449476,0.1269063923,-0.03713541581,0.7427205298,-0.0002442485581,0.6685709505,-0.2849344775,0.08253810967,-0.2390545027,0.4210457113,-0.1434639381,-0.01059481769,-0.3407713824,0.3095844664,-0.04080527459,0.4391370688,-0.08943914899,-0.0727313218,0.02952373373,-0.08978360993,-0.3847829285,0.4379554816,0.2386683261,0.02923177964,-0.6475152044,1.302905332,0.04328783394,1.11535571,0.396458076,-0.1413513755,0.2009435382,-0.6315365166,-1.540306249,0.04402467538,-1.116115081
-0.009717534681,-0.05480315156,0.1247155202,-0.03932740114,0.7465522514,0.0008300195909,0.6641629337,-0.2966172381,0.08700045135,-0.2386060508,0.4233310222,-0.1453552358,-0.01108641419,-0.3446967919,0.3225861244,-0.02868549086,0.4283823625,-0.09572617192,-0.07432969061,0.03350718591,-0.09099141122,-0.3822432712,0.4674043122,0.2346985218,0.03289632379,-0.6841997097,1.308412247,0.04908739568,1.110833722,0.4171387351,-0.1475337759,0.2036590286,-0.663024743,-1.538206368,0.04173381437,-1.120568538
-0.01093104977,-0.05618873902,0.122734142,-0.0398071641,0.7504256914,0.003099252764,0.6597477291,-0.3115430266,0.08906456522,-0.2352713849,0.4251809677,-0.1463562237,-0.01165704492,-0.3487220517,0.3331031195,-0.01785908598,0.4169941415,-0.103351263,-0.07528770232,0.03599952697,-0.09299657752,-0.3776206424,0.5014332801,0.2287081509,0.03418882024,-0.7191022889,1.313323213,0.0548356873,1.106428186,0.4410926487,-0.1539482018,0.2042114277,-0.6972681489,-1.535858579,0.04042930493,-1.126368905
-0.012364869,-0.05715534865,0.1210279039,-0.03793011359,0.7545607548,0.007844638748,0.6550861283,-0.3316735695,0.08730549929,-0.2301322555,0.4322198065,-0.1466468844,-0.009854114403,-0.3523400697,0.3422015581,-0.007518198794,0.4039284682,-0.1124126537,-0.07674180061,0.03581611437,-0.09496041424,-0.3719853092,0.5384176716,0.2217671221,0.03187568387,-0.7503780704,1.317588053,0.05834523616,1.098095939,0.4687064058,-0.1602411578,0.2011594466,-0.7345833185,-1.533027395,0.03985359442,-1.133001356
-0.01391164977,-0.057901882,0.1196156716,-0.03426086202,0.7585392715,0.01408891221,0.6505734927,-0.3535728123,0.08238663906,-0.2239590625,0.4420254355,-0.146051885,-0.007263646481,-0.3551703641,0.3506386951,0.002978449907,0.3904290516,-0.1228120929,-0.07783360276,0.03410110131,-0.09776579474,-0.3646214149,0.5781842865,0.2147326696,0.02768467982,-0.7782052131,1.321800327,0.06000325332,1.091337326,0.4991438496,-0.1660332481,0.1957245205,-0.7735438705,-1.530144092,0.04088110426,-1.141277418
-0.01559923715,-0.05855941267,0.118133558,-0.02826571733,0.7621169776,0.02151433131,0.6464641484,-0.3744880168,0.07255991379,-0.2161662555,0.4565088015,-0.1453353921,-0.003284306247,-0.3561528308,0.3574481364,0.01530685251,0.3779005925,-0.1343263441,-0.07818331984,0.02869330841,-0.1028587537,-0.3570711583,0.6202683684,0.2086182605,0.02158933473,-0.8033086317,1.327859917,0.05800231275,1.085938493,0.5322976199,-0.1705447756,0.1889176603,-0.8124618526,-1.527186575,0.04314580703,-1.150480785
-0.0172624391,-0.05924553724,0.1165293558,-0.020612907,0.76524186,0.02926442801,0.6427469152,-0.3932815904,0.05892096395,-0.2066067958,0.472290553,-0.1443061244,0.0001730555471,-0.3554249456,0.3627572549,0.02843800267,0.3667309666,-0.1449707802,-0.07821288645,0.02096932077,-0.1107248104,-0.3499227568,0.6646569354,0.2039050902,0.01365931826,-0.82473673,1.33474675,0.05373124668,1.08236901,0.5675679409,-0.173772109,0.1815427844,-0.8497833411,-1.524227875,0.04656588977,-1.1612927
-0.01879008616,-0.05979790794,0.114710282,-0.01131081174,0.767690559,0.03811976163,0.6395859246,-0.408781778,0.04224802789,-0.1955048462,0.4859166015,-0.1440818347,0.004047921814,-0.3544585902,0.3684167397,0.04598127437,0.3583826755,-0.1544497249,-0.07797822631,0.01035294517,-0.1184707662,-0.3419672493,0.7070907996,0.2014594192,0.002346249175,-0.8435777726,1.341533667,0.04689604672,1.074364212,0.6060175476,-0.1761761268,0.174213617,-0.886754044,-1.521063714,0.05076525991,-1.172747022
-0.02015498684,-0.06017577742,0.1127363737,-0.001480576796,0.7695830125,0.04762946667,0.6367662276,-0.4215109652,0.02454246385,-0.182499553,0.4980177621,-0.1441443704,0.007508142293,-0.3536230098,0.373640412,0.06198871018,0.3518647518,-0.1622842557,-0.07769428454,-0.001261562128,-0.1249685689,-0.3339688549,0.7468468492,0.2000233329,-0.01108684771,-0.8611583904,1.347859735,0.03913647158,1.068586422,0.6463518873,-0.178196665,0.1667538068,-0.9223024154,-1.517770758,0.05542654566,-1.185415969
-0.02130523656,-0.06047843556,0.1108192138,0.006063932858,0.7712866379,0.05717058328,0.633886169,-0.4312891996,0.01251731873,-0.1665475313,0.5051990664,-0.144587739,0.01108812829,-0.3578012669,0.3805652598,0.07229771053,0.352637483,-0.1703369702,-0.07615045023,-0.01061468272,-0.1266134354,-0.3259480816,0.7812587832,0.2003098803,-0.02676247146,-0.879941051,1.35310801,0.031859183,1.061345525,0.6879659518,-0.1796919782,0.161055725,-0.9565766907,-1.513997402,0.06092608547,-1.199524579
-0.0222742062,-0.06063683306,0.1091463755,0.01045758896,0.7731945906,0.06495318023,0.6307470557,-0.439297808,0.005848021339,-0.1457727604,0.5093968566,-0.1453349366,0.01422666848,-0.3640268305,0.3881336236,0.07941317904,0.3538069119,-0.1776553749,-0.07440972418,-0.01547067243,-0.1248479859,-0.3185006519,0.8108314553,0.2002657215,-0.04297342203,-0.8999689077,1.35682361,0.0257985088,1.055389197,0.7284484502,-0.1809688473,0.1566721433,-0.9884461378,-1.509919096,0.06549768902,-1.215756925
-0.02363640673,-0.06070185047,0.108280123,0.011257977,0.7756028269,0.07059161146,0.6271605354,-0.4474723398,0.005712499409,-0.1203700524,0.511897118,-0.1465384111,0.01755262332,-0.3743952651,0.397220516,0.08711092525,0.3576164843,-0.1871441284,-0.07211722479,-0.01531107314,-0.1192375299,-0.3099782444,0.8334346296,0.2010679739,-0.06098783434,-0.9246021353,1.357374028,0.02327342823,1.048414883,0.764064514,-0.1822750395,0.1534212067,-1.017112028,-1.505085781,0.06976306631,-1.236848964
-0.02540761,-0.0605697945,0.1080708252,0.009510459229,0.7779262322,0.07509930436,0.623779146,-0.4549965157,0.01022636124,-0.09373487501,0.5142174411,-0.1477063863,0.02048867634,-0.3861499629,0.4072784185,0.09590118029,0.3625573165,-0.1962749601,-0.07011186863,-0.01212151359,-0.1096987003,-0.2990088389,0.8514001787,0.2012542454,-0.07973015079,-0.9482917094,1.35589358,0.02297826636,1.051712853,0.7956854524,-0.183414657,0.1504890627,-1.043388942,-1.499135929,0.07406498321,-1.262286136
-0.02784749337,-0.06028268654,0.1087871801,0.005807864904,0.780096346,0.07942400952,0.6205705329,-0.4641744114,0.01886083817,-0.07110363746,0.5192846759,-0.1495860292,0.02304443533,-0.4005856457,0.4183379341,0.1059696537,0.3733213273,-0.2065141988,-0.06803336958,-0.006637652717,-0.09502102138,-0.2848652361,0.8609715029,0.2030559784,-0.09838774894,-0.9701530145,1.354179142,0.02655625152,1.061335202,0.8206453166,-0.1843458111,0.1475892452,-1.069399235,-1.495248094,0.0777788439,-1.282994959
-0.03026649033,-0.06021056186,0.1102285298,0.00115076423,0.7811528623,0.08279940277,0.6188239979,-0.4699937265,0.02859107493,-0.05156756795,0.525227299,-0.151191524,0.02548737889,-0.4137414368,0.4291738354,0.118492105,0.3872559681,-0.2117002241,-0.06783950725,-0.008884709664,-0.08011028081,-0.2693070158,0.869214793,0.2019727924,-0.1145497419,-0.9905133727,1.352111995,0.03177991112,1.079547513,0.8284338213,-0.1863725843,0.1447746185,-1.072502318,-1.492657926,0.07870777161,-1.317561228
-0.03284478627,-0.06024507723,0.1121654539,-0.002756860727,0.7817336997,0.08737543708,0.6174547396,-0.4764634298,0.03943248673,-0.03404592217,0.5311091383,-0.1521345297,0.0290152076,-0.4288721095,0.4394715055,0.1288241723,0.4032134913,-0.2138556789,-0.06704773175,-0.01817353548,-0.06467597433,-0.2536151565,0.8725100682,0.2017738253,-0.1307331539,-1.010206353,1.349049896,0.03857894625,1.099066693,0.8274264972,-0.1891410758,0.1435413608,-1.070258638,-1.49441704,0.07866710052,-1.343176224
-0.03554882709,-0.06030999625,0.114454464,-0.005908726569,0.7819028794,0.09324595686,0.6163587962,-0.4841708569,0.05030136486,-0.01871264623,0.5369694901,-0.1524483061,0.03270003917,-0.445634131,0.4489047369,0.1368521172,0.4199159286,-0.2135460669,-0.06625262315,-0.03159366379,-0.04872720985,-0.2375132658,0.8682828842,0.2037864,-0.1466817445,-1.027630916,1.344556227,0.04613558622,1.119028163,0.8225405215,-0.1914665644,0.1430005505,-1.066716354,-1.498645301,0.0780566331,-1.354083852
-0.0385074339,-0.06078902723,0.1173619049,-0.007684549769,0.7823726637,0.09894489964,0.6148527219,-0.4959053027,0.05891925531,-0.006629257042,0.545997577,-0.1531092913,0.03544786617,-0.4690971707,0.4558941016,0.1404276117,0.4425040263,-0.2134298251,-0.06877358346,-0.04952867998,-0.03838525186,-0.2195079102,0.8602493445,0.2096272198,-0.1657457385,-1.047462324,1.339112697,0.05547188769,1.140940023,0.8118575751,-0.1909259387,0.1417166797,-1.0620257,-1.505891708,0.07680692418,-1.362637794
-0.04145073811,-0.06120824062,0.120672468,-0.008798421123,0.78260279,0.1049747944,0.6135436035,-0.5085067471,0.06689878072,0.001349681959,0.5552966692,-0.1536106268,0.03753523674,-0.4948069362,0.4605415018,0.1408916886,0.4656361259,-0.2135753341,-0.07213276058,-0.06900802733,-0.0291716579,-0.1989339327,0.8384967656,0.21695196,-0.1800434617,-1.057122703,1.334313211,0.06238697552,1.176101415,0.7981715892,-0.1880952628,0.1396387081,-1.056905242,-1.514595342,0.07549502958,-1.374079763
-0.04443144861,-0.06183350947,0.1245788984,-0.01011592612,0.7828773118,0.1101538979,0.6122637515,-0.5221462978,0.07696331386,0.004000048339,0.5638406331,-0.1536539531,0.0389361048,-0.5245189652,0.4643889898,0.1361763224,0.4879069611,-0.2176024323,-0.07383289707,-0.08901709223,-0.02419115517,-0.1745922481,0.8109649046,0.2244451226,-0.1937346701,-1.06152822,1.328216062,0.06405540998,1.226489986,0.7804450473,-0.181803188,0.1365403717,-1.048968827,-1.52836709,0.07403969613,-1.394929771
-0.04750453868,-0.06262711608,0.1288730048,-0.01285457733,0.7830251505,0.1142861698,0.6112651183,-0.5339334476,0.09057360443,0.003198435475,0.5689730717,-0.1540240736,0.04034687143,-0.5565107195,0.4714123188,0.124465868,0.505351415,-0.2311686396,-0.0674838541,-0.1083202693,-0.02231345,-0.1470016641,0.7808127455,0.2325243327,-0.2075681044,-1.064122168,1.32430305,0.06125291898,1.285042302,0.7602729915,-0.174721599,0.1322402334,-1.038723713,-1.545253624,0.0721698534,-1.412559793
-0.05063127504,-0.06379892841,0.1333249328,-0.01706336055,0.7829189164,0.1163562436,0.6109075516,-0.5442905935,0.106424725,0.002169137341,0.576516363,-0.1555803578,0.04200189868,-0.5865380497,0.4826847278,0.104601412,0.5164348855,-0.2515393099,-0.05695914031,-0.1267084673,-0.02644598912,-0.1165991905,0.7513769544,0.2380179778,-0.2277581997,-1.062005071,1.32229688,0.0579379626,1.353047381,0.7379273972,-0.1676392362,0.1266370395,-1.026253057,-1.563167519,0.07029487004,-1.426576567
-0.05381117719,-0.06538015655,0.1375750572,-0.02223915996,0.7828426441,0.1161746933,0.6108733542,-0.5527026825,0.1228035252,8.663180496e-05,0.5843286483,-0.1572073441,0.04356834295,-0.6127364874,0.4968377321,0.07662061424,0.5227829292,-0.269854118,-0.04675991168,-0.1454600327,-0.03806060975,-0.08593201176,0.7264588418,0.2419636214,-0.2510812398,-1.056792044,1.32097163,0.05533329593,1.40679829,0.7144570411,-0.1611150579,0.1215026734,-1.011080136,-1.57826551,0.06960859879,-1.445230518
-0.05664270103,-0.06718250174,0.141355172,-0.02846873483,0.7826191925,0.1140377279,0.6113036294,-0.5591282841,0.1397626928,-0.003357198632,0.5902718305,-0.1584475407,0.04415640554,-0.6296425544,0.5105486988,0.0505504122,0.5287860636,-0.2871637007,-0.04555670822,-0.1616035988,-0.05777977949,-0.05622530257,0.7016255601,0.2406415288,-0.2771828876,-1.051615661,1.321285533,0.05082612354,1.474203675,0.6857006344,-0.1552190838,0.1103733052,-0.9880394385,-1.594410427,0.0704483238,-1.481432856
-0.05917681425,-0.0691594034,0.144536711,-0.03547977394,0.7827359362,0.1100043058,0.6115265265,-0.5651049296,0.1565232807,-0.01082600908,0.5966097408,-0.1600562697,0.04410954331,-0.639814572,0.5229117171,0.02956243797,0.5322076825,-0.3023593328,-0.04920111891,-0.1752923988,-0.08516708399,-0.03048814289,0.6779844539,0.2353788072,-0.3027755693,-1.046105101,1.325379147,0.04602961409,1.547281596,0.6559509698,-0.1509560138,0.09675300078,-0.963726797,-1.610997575,0.07119817167,-1.516218785
-0.06188244071,-0.07029117675,0.1460193842,-0.04224557728,0.7842902845,0.1053153443,0.6099284704,-0.5715313961,0.1694271231,-0.01944488485,0.599844972,-0.1620543807,0.04404237024,-0.6445080938,0.5322597223,0.01626111741,0.5288436139,-0.3182327065,-0.05310112682,-0.1857520403,-0.1053484164,-0.03164852954,0.6573951987,0.2294449096,-0.3241431844,-1.046515481,1.317224386,0.04451937534,1.574494037,0.624588275,-0.1489853329,0.08362516665,-0.9396981549,-1.633678779,0.07031144994,-1.526727324
-0.06473901684,-0.07106821325,0.146790436,-0.04609035048,0.7858458318,0.1009042007,0.6083916095,-0.5759068402,0.1768804787,-0.02980717012,0.600263719,-0.1634254424,0.04353300645,-0.643699766,0.5348158222,0.004638672139,0.5215249679,-0.3377344129,-0.05146883064,-0.1951599106,-0.1248861008,-0.04558670266,0.641770727,0.2247172334,-0.3432571301,-1.050981883,1.30739411,0.0447531851,1.562116443,0.5959341645,-0.1464089392,0.07061614314,-0.9163286095,-1.657236011,0.06855583636,-1.514330652
-0.06789335214,-0.07116358035,0.1472878336,-0.0480506097,0.7860417813,0.09735879695,0.6085644761,-0.5730389089,0.1823261255,-0.0375346764,0.5965060135,-0.1639360637,0.04288844587,-0.6347906859,0.5334495715,-0.004380874756,0.5104847237,-0.3601920592,-0.04817348465,-0.201032738,-0.1429308141,-0.06184112803,0.623193968,0.2150895806,-0.3602701991,-1.05343514,1.298949524,0.042004329,1.540041678,0.5703289705,-0.1439247901,0.05381272676,-0.8951331855,-1.671363611,0.06712076051,-1.49332863
-0.07149383486,-0.07072107228,0.1474824256,-0.04925480514,0.7854614821,0.09405651664,0.6097356771,-0.5655197828,0.187088496,-0.04232000548,0.5917588065,-0.1646668559,0.04236140526,-0.6221406447,0.5305738593,-0.009916974785,0.4977723906,-0.3849184425,-0.04585003736,-0.2042360109,-0.1588084203,-0.08126273002,0.6023373675,0.2012306351,-0.3777385487,-1.053412767,1.293106545,0.03847186051,1.5123276,0.5457543226,-0.1421156541,0.03571848939,-0.8747686185,-1.679257576,0.06903188362,-1.470217147
-0.075589146,-0.06982744633,0.147285174,-0.04992512432,0.7839371209,0.09127083173,0.6120618496,-0.5539795365,0.1918809002,-0.04400095598,0.5887813048,-0.1652574557,0.04193661642,-0.6047117125,0.5275431761,-0.01331266225,0.4844951704,-0.4165911989,-0.04473364416,-0.2059228757,-0.1716541834,-0.1028298254,0.5790996788,0.1849521455,-0.3945389508,-1.049500282,1.288189955,0.03449749602,1.47713868,0.5208934381,-0.1420463708,0.01979558302,-0.853936602,-1.683444272,0.07452414574,-1.445445722
-0.08020478336,-0.06854129405,0.1466731145,-0.05023205392,0.7819628119,0.08868889664,0.6149351033,-0.5399768114,0.1959826412,-0.04314749393,0.5875407745,-0.1657520323,0.04164429055,-0.5856712644,0.5242668782,-0.01571432352,0.4706140144,-0.452625162,-0.04461765515,-0.2062597139,-0.1815179196,-0.1276732891,0.5536106849,0.1668951646,-0.4105271606,-1.041354556,1.28189968,0.03078951668,1.433710404,0.4955898727,-0.142543609,0.004325052241,-0.8327750368,-1.685161522,0.08181638822,-1.417999168
-0.08520242771,-0.06703504823,0.1458497185,-0.05053769463,0.7793722251,0.08614948554,0.6185492238,-0.5235622557,0.1999984081,-0.04004605688,0.5840133042,-0.1651608389,0.0411913771,-0.5642038717,0.5218375126,-0.01723621532,0.4559050872,-0.4922039236,-0.04480200564,-0.2065045626,-0.1897344482,-0.1538731591,0.5272826957,0.147596544,-0.4239608243,-1.029843241,1.273960378,0.02622671244,1.384785442,0.4674180729,-0.1445882613,-0.01086109527,-0.8097564565,-1.684640398,0.08941090228,-1.387569431
-0.09061593899,-0.06533966793,0.1448124108,-0.05087164055,0.7765125175,0.08375456138,0.6224351852,-0.5067879507,0.2035649301,-0.03609085617,0.5798852671,-0.1643558755,0.04071681409,-0.5425372901,0.5202062587,-0.01856590957,0.4418631361,-0.534288763,-0.04556442453,-0.2064169773,-0.1958669227,-0.1818030538,0.4994205008,0.127917443,-0.4357141786,-1.015276966,1.264753846,0.02178708221,1.33535571,0.4368714951,-0.1472739738,-0.02619547976,-0.7855583219,-1.683056464,0.09684869021,-1.352184507
-0.09632102897,-0.0636688524,0.1439849978,-0.05115935887,0.7732977971,0.08110438383,0.6267498033,-0.4899273273,0.2086463118,-0.03159440818,0.5717963628,-0.1600596473,0.0403905243,-0.5219205742,0.5189984235,-0.01887320512,0.4309098858,-0.5799818413,-0.04580472373,-0.206938071,-0.2020800886,-0.2090116851,0.4701598177,0.1078695977,-0.4434549581,-0.998205472,1.254007999,0.01411390779,1.28918434,0.4007481716,-0.151578232,-0.04090270392,-0.7591270253,-1.680118458,0.1039574315,-1.312206299
-0.1023747608,-0.06200173325,0.1433908009,-0.051353372,0.7698964299,0.07850495118,0.6312363195,-0.4747919672,0.2147135735,-0.02831664901,0.5625956239,-0.1552487186,0.04015630192,-0.5031591659,0.5181092703,-0.01888084448,0.4221684822,-0.6273936613,-0.04641084157,-0.2078484933,-0.2075400734,-0.2351304042,0.4375372798,0.08738547708,-0.447802029,-0.9783655047,1.241486575,0.006271508679,1.245787864,0.3610444046,-0.1563630427,-0.05542273377,-0.7315129226,-1.676668698,0.1104213094,-1.268317043
-0.1086919488,-0.06049419074,0.1431048271,-0.0513496,0.7658597789,0.07651367419,0.6363707059,-0.4606414714,0.2255049275,-0.02484288491,0.5495285197,-0.1453465395,0.04049198817,-0.4837759984,0.5177684132,-0.02022388497,0.414780577,-0.6774424546,-0.0463947562,-0.2096447963,-0.2133725324,-0.258035416,0.4021801189,0.06740275619,-0.4507025659,-0.9544874316,1.23064814,0.001057627222,1.208102564,0.3189608219,-0.1618223342,-0.06944325705,-0.7015862248,-1.672099577,0.1166252003,-1.225186924
-0.1153424747,-0.0591518277,0.1431305085,-0.05101131955,0.7615186926,0.07498733359,0.6417663328,-0.4494007025,0.2391194138,-0.02368796682,0.5355817466,-0.1349604338,0.04099363754,-0.4655012893,0.5175632944,-0.0223324231,0.4079362903,-0.7287286398,-0.04673033641,-0.2116807742,-0.2198421558,-0.278222186,0.3638807617,0.0486054418,-0.4526651963,-0.9265114824,1.221060615,-0.001675362951,1.174759866,0.2762257404,-0.166973998,-0.08371991692,-0.6706138743,-1.667013429,0.1224591537,-1.182926961
-0.1222592953,-0.05807107108,0.1435358633,-0.04998378948,0.7562528543,0.07411497249,0.6481436662,-0.4392693,0.258261584,-0.02072154395,0.519862013,-0.1177878449,0.04298280254,-0.4470179341,0.5171329098,-0.02400733977,0.4034003699,-0.7822140309,-0.04681230592,-0.2159678398,-0.2281976962,-0.2944117231,0.3229882798,0.03072068914,-0.4538233194,-0.8932492386,1.210839239,-0.005184637482,1.14722393,0.2312443146,-0.1727878338,-0.09793815887,-0.6362421908,-1.661705155,0.1264719233,-1.142079287
-0.1294897119,-0.05723673,0.1442112576,-0.04810086231,0.7504919072,0.07387964273,0.654973284,-0.4322545366,0.2803864312,-0.01993739177,0.5044451075,-0.1001662736,0.04522597099,-0.4296687172,0.5162684252,-0.02495423157,0.4000361049,-0.8369876282,-0.04715717157,-0.2211151389,-0.2387667594,-0.3077236934,0.2795854318,0.01497959559,-0.4551543486,-0.8561785911,1.199792147,-0.009076675004,1.123511276,0.185906467,-0.1788059744,-0.1126223014,-0.5997320444,-1.656386475,0.1296638206,-1.102621138
-0.1370007112,-0.05666181208,0.1451297342,-0.04527404804,0.7435577301,0.07546323319,0.662855537,-0.4275192582,0.3075931773,-0.01752080554,0.4808638785,-0.08205846849,0.05195233722,-0.4110523196,0.5166459237,-0.0247805455,0.4000081881,-0.8967388004,-0.04862586722,-0.2306805476,-0.2496130808,-0.3167741768,0.2349911907,0.001100853156,-0.4566323814,-0.8187098789,1.185573171,-0.01272410763,1.101545531,0.137384803,-0.1858211279,-0.1264962261,-0.558385662,-1.6506152,0.1308844026,-1.065929251
-0.1439985102,-0.05622747813,0.1457792957,-0.04457583035,0.7369868368,0.07714321852,0.6700091951,-0.4221598335,0.329462223,-0.02506978948,0.4729470318,-0.07043074266,0.05048711716,-0.3904526302,0.5215681449,-0.02357470183,0.4037481425,-0.9382806153,-0.05491996922,-0.238988803,-0.2582982853,-0.3287873287,0.1939699172,-0.006532577659,-0.4591743232,-0.7804614157,1.168343687,-0.01337379667,1.083033752,0.08973821832,-0.1921078938,-0.1383176363,-0.511250558,-1.64494819,0.1308314099,-1.034106529
-0.1509648558,-0.05558063167,0.1463981667,-0.04455963634,0.7298301243,0.07597642508,0.6779306833,-0.4076011199,0.3409304792,-0.03234482397,0.4768050307,-0.07130843659,0.04555567846,-0.3684476781,0.5243444603,-0.01911912139,0.4079939055,-0.9603426125,-0.05715915933,-0.244354477,-0.2695423071,-0.3407041537,0.1555114971,-0.00958668771,-0.4597229463,-0.7420773337,1.14884821,-0.01168013972,1.066718001,0.03909373896,-0.197348529,-0.1478434516,-0.4573020834,-1.637148962,0.1281324737,-1.009436829
-0.1574903106,-0.05512629854,0.1472087358,-0.04241107683,0.7236944137,0.07439141014,0.6847872767,-0.389185109,0.3433526975,-0.03464124828,0.4810122037,-0.08130098613,0.04081765441,-0.3518940981,0.5225373584,-0.01313149716,0.4106246947,-0.967931853,-0.05758064078,-0.2518874192,-0.2853844401,-0.3557367404,0.1159112238,-0.01013480703,-0.4594561085,-0.7006121731,1.130223037,-0.00644304862,1.05418217,-0.009137228299,-0.1997602284,-0.1562318894,-0.3994159563,-1.628296967,0.1245087366,-0.9900447834
-0.163493717,-0.05490814472,0.1485212701,-0.03795899522,0.7179180842,0.0739863904,0.6911430771,-0.3700684725,0.3400611969,-0.03458206933,0.4852738216,-0.0988658124,0.03718073326,-0.3393129689,0.5206492679,-0.003219730562,0.416222458,-0.9657937241,-0.05762456604,-0.2623614177,-0.3038893617,-0.3703389071,0.07278134523,-0.01084169776,-0.457633078,-0.6548734863,1.113427658,-0.001173188215,1.045676752,-0.05449308397,-0.199792402,-0.1644137325,-0.3385889798,-1.619326804,0.1199182867,-0.9756390026
-0.1691260025,-0.05467664198,0.1501069779,-0.03320265282,0.712235988,0.07535731541,0.6970930757,-0.351862169,0.3361857982,-0.03388709609,0.4899018353,-0.1233761218,0.03472133323,-0.3276149084,0.5211030906,0.005967099088,0.4240948028,-0.9595625469,-0.0596656015,-0.2720865153,-0.3208536429,-0.3830202241,0.02773784841,-0.01517817404,-0.4549530949,-0.6047028048,1.098718512,0.004685048855,1.037999169,-0.0949082339,-0.2009747805,-0.1732096708,-0.2773992255,-1.610378617,0.1157742353,-0.96532205
-0.1743708164,-0.05424191203,0.151893559,-0.02913764137,0.7054795062,0.07740403113,0.7038879742,-0.3327040192,0.3341622303,-0.03202480311,0.4977698591,-0.1493006034,0.03437050174,-0.3118281136,0.521521223,0.01515999072,0.4327807481,-0.9499630671,-0.06078087977,-0.2784841229,-0.3357258301,-0.3910153071,-0.01760156537,-0.02456031992,-0.4471172611,-0.548321802,1.085047364,0.008295536098,1.033318789,-0.1317914879,-0.2036486248,-0.1815493433,-0.2160640099,-1.602724685,0.1115801951,-0.9585404813
-0.1793583025,-0.05356005528,0.1536403024,-0.02582563069,0.6981534922,0.07990586378,0.7110061822,-0.3139817909,0.3339519948,-0.02905642604,0.5087127934,-0.1755803033,0.03453166749,-0.293744975,0.5220202237,0.02417982057,0.4411174201,-0.9387343529,-0.06049410216,-0.2817411832,-0.347986244,-0.3963195879,-0.06045219183,-0.0373850942,-0.4379485965,-0.4903738303,1.073121995,0.01173368222,1.029636489,-0.1656279547,-0.2091965109,-0.1888555132,-0.1547869324,-1.595420691,0.1078542501,-0.9544343007
-0.1840840344,-0.05279783862,0.1554255162,-0.02263997647,0.6900008639,0.08252818971,0.7187317561,-0.2943704775,0.335321115,-0.02504078715,0.5226277137,-0.1994727886,0.03500866475,-0.2735618609,0.5210092271,0.0345108438,0.4473367999,-0.9292900059,-0.05947547279,-0.2823401081,-0.35979041,-0.3985410357,-0.1016190842,-0.05075988589,-0.4259152902,-0.4307262913,1.061989062,0.0117246404,1.02731962,-0.1972076987,-0.2163186842,-0.1930115603,-0.09301131236,-1.588140297,0.1067755008,-0.9526994709
-0.1884659653,-0.05199706731,0.1571673629,-0.01987254279,0.681824338,0.08546217113,0.726234722,-0.276152314,0.3385335007,-0.02138883637,0.5369177394,-0.219175859,0.03568482969,-0.253547939,0.5203196522,0.04604708353,0.4521463915,-0.9222330873,-0.05765115597,-0.2810163542,-0.369889185,-0.400158627,-0.1399754102,-0.06415628185,-0.4134877023,-0.3707156125,1.051847387,0.01215998081,1.026001996,-0.2262173225,-0.2246509073,-0.1945596382,-0.03154384519,-1.579658343,0.1072869287,-0.9513453967
-0.1925050032,-0.05116718749,0.1588375403,-0.01766539607,0.6734136582,0.08935206794,0.7336335506,-0.2592962441,0.3462242072,-0.01858111022,0.5496900417,-0.2273456728,0.03694285129,-0.2318099419,0.5217940879,0.05895997066,0.4522546189,-0.9196957441,-0.05619708058,-0.2774944818,-0.3771824686,-0.3997519946,-0.1760020037,-0.07606668377,-0.4007777641,-0.3100627992,1.042199709,0.01091245145,1.025932328,-0.250938124,-0.2334068364,-0.1938730797,0.02684141974,-1.57031351,0.1095519257,-0.9483270791
-0.1961202912,-0.05037644423,0.1604928976,-0.01623971998,0.6654757673,0.09361374206,0.7403477169,-0.245370646,0.3569468998,-0.01800540569,0.5597115495,-0.2284590995,0.03854186078,-0.2107600337,0.5253948088,0.07180357029,0.4499855265,-0.9202396992,-0.05417608921,-0.2724309295,-0.3817332746,-0.3996812866,-0.2095403347,-0.08662183119,-0.3884637717,-0.24928807,1.033331458,0.01018822117,1.026778558,-0.2718853744,-0.2411431463,-0.1911880179,0.08125030106,-1.558899217,0.112572882,-0.9429198993
-0.1990524016,-0.04963880367,0.1622265138,-0.01402175536,0.6582573509,0.09770694878,0.7462935096,-0.2332704129,0.3655506274,-0.01854935239,0.5655157462,-0.2212447132,0.04086489349,-0.1894893943,0.5273735315,0.08333382623,0.4429426804,-0.9237282037,-0.05100474313,-0.2677699615,-0.3874521847,-0.4008990396,-0.2413118542,-0.09496872946,-0.3761197669,-0.1881060359,1.024022281,0.007567242711,1.028533936,-0.2855720425,-0.2444097009,-0.1880449111,0.1295875059,-1.545977281,0.1163769188,-0.9389693611
-0.2014357299,-0.04891355114,0.1640060552,-0.01147598369,0.6516574387,0.1014379729,0.7516124147,-0.2225642974,0.3728030897,-0.0197812484,0.5688863336,-0.2122345214,0.04313615614,-0.1692767698,0.5282199239,0.0931406755,0.433957817,-0.9288428682,-0.04835036225,-0.2633345663,-0.3932204418,-0.4029931751,-0.2707457337,-0.1022222108,-0.3639408261,-0.1275765644,1.015246528,0.004770930494,1.031187669,-0.2940497258,-0.2435633167,-0.1838037422,0.1724976892,-1.531405159,0.1215655072,-0.9377439734
-0.2033674994,-0.04818310897,0.1657518029,-0.008907317477,0.6455104283,0.1047315651,0.7564841346,-0.2124178574,0.3786895783,-0.02081918832,0.5695384142,-0.2009460073,0.0465544119,-0.1478787557,0.5281424817,0.1029622725,0.4206202947,-0.9344542431,-0.04684765542,-0.2572608655,-0.3988410611,-0.4049362586,-0.2981966493,-0.1082486468,-0.3503875953,-0.06656615986,1.006483956,-0.00251381003,1.035576159,-0.2966705739,-0.2389168344,-0.179699395,0.2099690314,-1.518400627,0.1304387542,-0.9421748493
-0.2049920228,-0.0474077397,0.167405847,-0.006404690679,0.6397571768,0.1077879081,0.760954336,-0.2032874457,0.3837947693,-0.02172328995,0.5691687736,-0.190252024,0.04992353284,-0.1269849532,0.5275257469,0.1125706772,0.4055468315,-0.939882486,-0.04680047163,-0.2506513475,-0.4031729384,-0.4065776853,-0.32334586,-0.1140206146,-0.3371900316,-0.007141267458,0.9988690406,-0.01147067877,1.041784835,-0.2948561076,-0.2316500685,-0.1744929512,0.243503978,-1.507389133,0.140981397,-0.9510593696
-0.2061535908,-0.04658025094,0.168919966,-0.003941460146,0.6344981463,0.1110285887,0.7648981761,-0.1953532756,0.3880190069,-0.02216693462,0.5673320154,-0.1781882604,0.05429215351,-0.1048708257,0.5263002609,0.1216155061,0.3854328979,-0.9428082472,-0.04917965935,-0.2434571013,-0.4061670768,-0.4078111014,-0.3456927701,-0.1191708357,-0.3245405117,0.05043536549,0.9906319845,-0.02384392848,1.049761016,-0.288226557,-0.2235848674,-0.168445192,0.2747465971,-1.500453497,0.1514282831,-0.9630530146
-0.2069654084,-0.04569943599,0.1703157613,-0.001566848743,0.6298439817,0.1139910997,0.7683099198,-0.1887359898,0.3910293243,-0.02153147305,0.5651653301,-0.1670151776,0.05844355849,-0.08391013869,0.5240503754,0.1301840788,0.3637123605,-0.9434728049,-0.05197895432,-0.2359746245,-0.4078737144,-0.4089429847,-0.3653555886,-0.124523628,-0.3131089342,0.1046747188,0.9830774819,-0.03700724799,1.058526814,-0.2780653566,-0.2149857622,-0.1614112063,0.3032757013,-1.495832276,0.1606354003,-0.9792782269
-0.2075648351,-0.04476588386,0.1715241798,0.0002686866401,0.625688832,0.1173459781,0.7711960417,-0.1831757777,0.3952356236,-0.02092609695,0.5644607885,-0.1554418017,0.06214282787,-0.06433622856,0.5226116698,0.1387388746,0.3409874032,-0.941579838,-0.05532666714,-0.2281983179,-0.4077438606,-0.4087864706,-0.3828809746,-0.1310308288,-0.3036320186,0.1548505169,0.9760197005,-0.05096466636,1.067485547,-0.2662686428,-0.2084029888,-0.1552963577,0.3291951145,-1.495127335,0.1705623558,-0.9998436136
-0.2079592099,-0.04382021353,0.1725480596,0.001755909771,0.6221503934,0.1207376647,0.7735297157,-0.1784816693,0.3996811819,-0.02015962133,0.5646918053,-0.1448059871,0.06530023287,-0.04707316194,0.5216572101,0.1477530937,0.3194005239,-0.9380784541,-0.05819090044,-0.220577188,-0.4064823671,-0.4079656196,-0.3980616211,-0.1384345958,-0.2959327867,0.1995307101,0.9702251227,-0.06414694037,1.07470883,-0.2532657673,-0.2035698698,-0.1495155545,0.3522795524,-1.495660933,0.1799853676,-1.024931448
-0.2079367916,-0.04294106077,0.173161333,0.002851047525,0.6192688929,0.1242368277,0.7752826069,-0.1748800377,0.4028046671,-0.02000156094,0.562964331,-0.1320793526,0.06789241621,-0.02948013199,0.5217689818,0.1569754879,0.2963918055,-0.93205097,-0.06303497691,-0.2123519126,-0.4050714813,-0.4083001332,-0.4104577389,-0.1451730239,-0.2911961613,0.2403357253,0.9654853992,-0.07670929854,1.080443946,-0.2406205178,-0.2019733253,-0.1454854065,0.3750666703,-1.498622071,0.1877185676,-1.048303173
-0.2075930154,-0.04215134867,0.1734313075,0.003627957625,0.6170771746,0.1274438279,0.7765054213,-0.1723658571,0.4042674958,-0.01946630498,0.5604722982,-0.1200873906,0.07001918484,-0.0132943037,0.5221854067,0.1656881446,0.2740564813,-0.9243406672,-0.06715042466,-0.2036078231,-0.4039604973,-0.4096881782,-0.4200470716,-0.1512612155,-0.2887247546,0.2761919001,0.9621383509,-0.08826407809,1.083255621,-0.2289404988,-0.2032652259,-0.1427251323,0.3963307684,-1.501352424,0.1937471693,-1.069365933
-0.2070733961,-0.04155090006,0.1736205728,0.003984433694,0.6155364864,0.1307128023,0.7771828108,-0.1726266308,0.4052695674,-0.02058988459,0.5585732903,-0.1089087164,0.0720363866,-0.00239341151,0.5238690705,0.1713975982,0.2571797097,-0.9149951645,-0.0702632988,-0.1954651073,-0.4022482121,-0.4110498091,-0.4270695396,-0.1588947083,-0.2852357168,0.3076551029,0.9630110523,-0.09846172444,1.083383205,-0.2201186175,-0.206506017,-0.139787488,0.4129403539,-1.50496876,0.2031347869,-1.082173411
-0.2063691004,-0.04119070667,0.1737294656,0.004630911375,0.6143438358,0.1336830759,0.7776175418,-0.1740952695,0.4045366045,-0.02165191737,0.5568175855,-0.09914779031,0.07381622418,0.005432229209,0.5251787595,0.1746952628,0.2445900949,-0.9051316527,-0.07152775019,-0.1882644682,-0.4018335259,-0.4117339354,-0.4319951514,-0.1664215874,-0.2810798953,0.3342364524,0.9673729437,-0.1081449916,1.08156096,-0.2126070024,-0.2103433889,-0.1376929335,0.4259890712,-1.507774201,0.2134173168,-1.094178437
-0.205340022,-0.04081473847,0.1735187548,0.005460003208,0.6130289446,0.1366023614,0.7781423368,-0.1761034379,0.40199605,-0.02262281811,0.5589046838,-0.08859738319,0.07732749916,0.01419857754,0.5262224272,0.1742280635,0.2332776597,-0.8942176107,-0.07253037003,-0.1819870341,-0.4006462572,-0.4122775695,-0.4328505914,-0.1725612417,-0.2765161689,0.3558250206,0.9759808956,-0.1158656133,1.078146476,-0.204333141,-0.2134031512,-0.1372928504,0.4349689892,-1.510930062,0.2223279754,-1.104513972
-0.2039821081,-0.04042989893,0.1729824083,0.006378486318,0.6116929335,0.1392427583,0.7787185141,-0.1776517902,0.3981987689,-0.02202305703,0.5624920653,-0.07867468693,0.08090816812,0.02344777885,0.5267874439,0.1713548066,0.2234282468,-0.8822758873,-0.07356326199,-0.1762823011,-0.3989265698,-0.4131408621,-0.4303219935,-0.1766894232,-0.2723030136,0.3729772963,0.9866392724,-0.123849644,1.075127026,-0.1951296267,-0.2160028494,-0.1373748631,0.4409587902,-1.513932782,0.2297400672,-1.114737901
-0.2020416342,-0.04029695077,0.1727670455,0.008047305957,0.611184293,0.1418867688,0.7786251638,-0.1809129368,0.3949643081,-0.01408424653,0.5667682348,-0.07287674358,0.08263937145,0.02461472183,0.5263221475,0.164126369,0.2258039697,-0.8675427639,-0.07214873666,-0.1754823751,-0.3970937761,-0.41421013,-0.4284517356,-0.1743088128,-0.267213779,0.3883398907,1.00530864,-0.1370979453,1.08023016,-0.1835668004,-0.2167690969,-0.1293016111,0.4416851124,-1.510703806,0.2392087796,-1.128151734
-0.1995466471,-0.04032042424,0.1728774784,0.0104800576,0.6108509511,0.1449019145,0.7783024599,-0.1839414252,0.391806747,-0.002247829533,0.5709212969,-0.06912054754,0.08352445857,0.02162251597,0.5244910475,0.1542329682,0.2337742712,-0.8494648851,-0.0709192942,-0.1782016866,-0.3948968648,-0.4133673976,-0.4252281749,-0.1668921579,-0.2643550876,0.3985523475,1.023852854,-0.1524394223,1.089627669,-0.1702686205,-0.2150152618,-0.1189079978,0.4382420824,-1.505390977,0.2485134096,-1.144955791
-0.1969172701,-0.04066859508,0.1736959911,0.01404609611,0.6118633257,0.1476969507,0.776924442,-0.1919956979,0.3870577302,0.01203806249,0.5822211383,-0.07075808438,0.07981120209,0.008589484151,0.5196558802,0.1404859105,0.2504220092,-0.8295566291,-0.0656743485,-0.1820081182,-0.3947415555,-0.4093113721,-0.4218611975,-0.1559033356,-0.2724447969,0.39579585,1.03190178,-0.1524873667,1.09693228,-0.1572117721,-0.2125633215,-0.1003126918,0.4230712682,-1.493021686,0.2654706043,-1.148144767
-0.1940806603,-0.04128034151,0.1751900182,0.01859991227,0.6132919052,0.1504710368,0.7751680781,-0.2023631714,0.3814305725,0.02804499884,0.5978153526,-0.07326845927,0.07512627895,-0.009340829731,0.5124492495,0.1257865134,0.2703528616,-0.8086841931,-0.06020618405,-0.1861620049,-0.3960586918,-0.4002913312,-0.4178738353,-0.1435204935,-0.2853517058,0.3845468251,1.03484619,-0.1492169835,1.102486472,-0.1451873666,-0.2073758777,-0.08251235962,0.4011457699,-1.479433938,0.2859623982,-1.149564107
-0.1910200398,-0.04215254085,0.1771590427,0.0239051877,0.6144897408,0.1531776482,0.7735421828,-0.2129478104,0.3714097991,0.04205514863,0.613320345,-0.07536811683,0.07212218079,-0.02886882158,0.5045117212,0.1112076776,0.2955809051,-0.7872201807,-0.0547746485,-0.1916457795,-0.3980075965,-0.386821981,-0.4112585625,-0.1290300563,-0.2968265799,0.366011109,1.033019772,-0.148924121,1.103928336,-0.1355792104,-0.1991792906,-0.06990608347,0.3763817184,-1.466841609,0.3006317155,-1.153271966
-0.1877116442,-0.04320583788,0.1795259776,0.02939183804,0.6153732228,0.1559882796,0.7720878015,-0.2231292903,0.3592497241,0.05560055976,0.6276472556,-0.07702123593,0.06989112884,-0.04828844004,0.4963374154,0.09679297004,0.3219121737,-0.7648075874,-0.05022924715,-0.1974677368,-0.3995332917,-0.3692818491,-0.4028517998,-0.1142374815,-0.3063037587,0.3421444039,1.028409428,-0.1509799527,1.102895098,-0.127699849,-0.1893737179,-0.0613555117,0.3503438961,-1.456970778,0.3128454446,-1.159808472
-0.1841112629,-0.04440524477,0.1823438271,0.03538480904,0.6164683168,0.1588626775,0.7703748305,-0.2315858287,0.3445381611,0.06832080405,0.6418454783,-0.07968232297,0.06692405237,-0.07201005625,0.4869980411,0.08046191589,0.3538832595,-0.7404546733,-0.04480301479,-0.2046972467,-0.4017815385,-0.3483480561,-0.3949201694,-0.09767787084,-0.3237968861,0.3091236614,1.022814082,-0.1287813108,1.102394914,-0.1205851543,-0.1793818078,-0.05648579161,0.322223378,-1.446650447,0.3230361169,-1.171735485
-0.180194712,-0.04563447406,0.1855843306,0.04145436828,0.6175825363,0.1621923784,0.7684835578,-0.2379154873,0.329307631,0.08100791619,0.6550756986,-0.08231474517,0.06402774792,-0.09781084066,0.4768631434,0.06258177744,0.3865414294,-0.7134023033,-0.04026436693,-0.2122523187,-0.403528872,-0.3238794132,-0.3859178306,-0.08164606803,-0.3378148803,0.2733995763,1.016590852,-0.1128913269,1.101809404,-0.1131879493,-0.1700284777,-0.05386114734,0.2920212589,-1.436729705,0.3314505736,-1.185365792
-0.1758082887,-0.04699794616,0.1891271754,0.04748716908,0.6190820365,0.1650544193,0.7663154961,-0.2413015979,0.3141292116,0.09278867106,0.6672279569,-0.08563341529,0.06085346442,-0.1260036787,0.4647100637,0.04532613404,0.4203428282,-0.683619116,-0.03378632726,-0.2198087353,-0.4054767957,-0.2969938001,-0.3763544207,-0.06301084713,-0.3538790087,0.2325122492,1.01019159,-0.09496071818,1.103489116,-0.1043976963,-0.1607018714,-0.05206727588,0.2576209069,-1.427073348,0.3373670899,-1.196138607
-0.1709497278,-0.04844663773,0.1929293231,0.05346968049,0.6208467143,0.168111556,0.7638251471,-0.2423773744,0.3002258522,0.1035243074,0.6782375386,-0.08877719622,0.05794997365,-0.1550548597,0.4517873278,0.02881599019,0.4535735097,-0.6508902994,-0.02690161137,-0.2278285527,-0.4067818914,-0.2679031558,-0.3665565397,-0.04355421853,-0.3697475322,0.1890347078,1.004656683,-0.0779110357,1.107472848,-0.09477329283,-0.1516197718,-0.05038316012,0.2204540195,-1.417820038,0.3411379538,-1.203025108
-0.165448281,-0.04949862621,0.1965108622,0.05921209594,0.6235590893,0.1717832549,0.7603673475,-0.2447286642,0.2843132152,0.1110566398,0.6921540373,-0.09307718582,0.05481589733,-0.1810730346,0.4375371132,0.01114608937,0.4782763721,-0.6154079926,-0.01820757226,-0.2394469399,-0.4024328826,-0.2428370134,-0.3520559934,-0.02189684589,-0.3871862572,0.1389549537,0.9924323736,-0.06003988629,1.112911739,-0.08596962202,-0.1381301935,-0.04010012729,0.1827270457,-1.420357384,0.3572351247,-1.202707275
-0.1593663858,-0.05018096806,0.1999554588,0.0640380271,0.6271442272,0.1753182453,0.7562094698,-0.2464935453,0.2681788064,0.1184946672,0.7065974427,-0.0970435439,0.05191585477,-0.2056207155,0.4226687584,-0.006294475302,0.4957791594,-0.5753298435,-0.01010446148,-0.2512230622,-0.3930894731,-0.2205946084,-0.3355334573,-0.0006100288014,-0.4038713497,0.08972188058,0.9790870837,-0.04054736591,1.125191183,-0.07699867,-0.1210885846,-0.02855842105,0.1450160291,-1.431344305,0.3785142693,-1.2041054
-0.1528243923,-0.05113777644,0.2030168981,0.06870966591,0.6311539896,0.1788314999,0.7516268475,-0.24673776,0.2518070114,0.1256569109,0.7230372029,-0.1020132498,0.0493430374,-0.2301095669,0.4079768872,-0.02643447517,0.5100137028,-0.5290854238,-0.002114223252,-0.2614426516,-0.386911541,-0.1977801488,-0.3207024358,0.02309734419,-0.4290729193,0.03808836849,0.9613369277,-0.01704021274,1.141928464,-0.05929478961,-0.1104291934,-0.008297739525,0.09282661001,-1.414843498,0.4135610152,-1.230768659
-0.1458474541,-0.05229555014,0.2056751679,0.07284813026,0.6356709378,0.1819094018,0.7466756848,-0.2445531,0.2358271052,0.1337140539,0.7394259539,-0.106531925,0.04710441566,-0.2547258742,0.3938947892,-0.04640816361,0.5210229017,-0.4739820904,0.005201923806,-0.2703766255,-0.3828812759,-0.1755373464,-0.3070557442,0.04590921331,-0.4545410422,-0.01011238585,0.9435589612,0.005865907575,1.16125295,-0.04204453548,-0.1005098777,0.009208555702,0.04086724477,-1.377636966,0.450298511,-1.232847776
-0.1385798079,-0.05363736749,0.2084909889,0.07417949216,0.641068247,0.1831754973,0.7416034269,-0.2419301572,0.2255021069,0.142123997,0.7573723068,-0.1118479078,0.04510544596,-0.2870041434,0.380837933,-0.06833573536,0.5366655421,-0.4083706265,0.01454996802,-0.2684735616,-0.3785768867,-0.1492525546,-0.2933280018,0.06810910115,-0.4777367822,-0.05383244212,0.9347569856,0.02734343704,1.176050482,-0.02259860811,-0.09856559671,0.03440461935,-0.005620132292,-1.351108781,0.4727896777,-1.197700178
-0.1310555369,-0.05512861068,0.2112910279,0.07410375704,0.6472063307,0.1833518785,0.7362164677,-0.2388770535,0.2179492108,0.1493088942,0.7748704743,-0.1165748407,0.04345807953,-0.3212385687,0.3687101521,-0.08848519454,0.5509344319,-0.3389206513,0.02320566486,-0.2611484618,-0.3741002418,-0.1209109502,-0.2788361948,0.09035441858,-0.4962023622,-0.09507314625,0.9343855306,0.04382325755,1.19018652,-0.0008014843668,-0.09575467314,0.0582079053,-0.05316364948,-1.327179208,0.4985439369,-1.20061026
-0.1236809385,-0.05653673571,0.2139202855,0.07373344794,0.6540734187,0.1818995639,0.7305230251,-0.2347397007,0.2132438526,0.1558322324,0.7936457664,-0.1222122199,0.04138200824,-0.3549394115,0.354642196,-0.1114878595,0.5645604804,-0.270981076,0.03218903605,-0.2478240021,-0.3698767723,-0.09207555321,-0.2632158001,0.1166913981,-0.5115994766,-0.1352765114,0.9539280885,0.07324366698,1.194415449,0.02220960969,-0.09303372935,0.07725410683,-0.09866927993,-1.312996479,0.5310006127,-1.224382157
-0.1164695926,-0.05781145111,0.216277124,0.0737902152,0.6617150799,0.1794009564,0.724226107,-0.2299057201,0.2101461817,0.1609874224,0.8118634172,-0.1272543345,0.03947325236,-0.3864116211,0.3387460379,-0.132943104,0.5742107421,-0.2054028649,0.03864229699,-0.2320541063,-0.3659325274,-0.06452758959,-0.2462260221,0.1468883895,-0.5227850681,-0.1741346369,0.9820746999,0.0969783433,1.197725912,0.04585812938,-0.09040896767,0.09374415809,-0.1429488807,-1.305830413,0.5661960552,-1.259973031
-0.1096254231,-0.05881153867,0.2181922431,0.07457417122,0.669853196,0.1754737723,0.7175962263,-0.2219483894,0.2068732263,0.1655327299,0.831263103,-0.1331018403,0.03748900556,-0.41567009,0.3197205658,-0.1534303729,0.5820990394,-0.1452134656,0.04264254001,-0.2185247329,-0.3620805548,-0.04075657657,-0.2258615559,0.1782027799,-0.5228933973,-0.2091751852,1.023832028,0.1156711749,1.198485202,0.06634642838,-0.08680283272,0.1123922559,-0.1856711499,-1.301180105,0.6004429073,-1.301577828
-0.1031232255,-0.0595474731,0.2196315191,0.07578884737,0.6783337128,0.17055919,0.7106539154,-0.2105676285,0.2046927413,0.1692147068,0.8501541218,-0.1382660514,0.03571462584,-0.4436349062,0.2982966897,-0.1720468621,0.589440449,-0.09270718593,0.04461410001,-0.2065099828,-0.3578046139,-0.02042833114,-0.2045303453,0.2113047534,-0.5180739941,-0.2418650635,1.069219133,0.1285980767,1.205464345,0.08608659447,-0.08160506846,0.1318452656,-0.2286082456,-1.300903682,0.6335756026,-1.340952841
-0.09716991128,-0.06010038571,0.2206469001,0.07749764684,0.6870291686,0.1644223016,0.7035270733,-0.1948378691,0.2032845485,0.1723839869,0.8702668726,-0.1439094022,0.0331507305,-0.470713932,0.2742206922,-0.1876350544,0.5984125054,-0.05536747906,0.0438667658,-0.1961255981,-0.3531515845,-0.003117866819,-0.1840611263,0.2435454488,-0.5031873848,-0.2661941562,1.129838854,0.1428577739,1.216179659,0.1054158072,-0.07512678154,0.1540888487,-0.274456098,-1.3058575,0.6684057395,-1.3722653
-0.09174769077,-0.06047091359,0.2212223224,0.07953558278,0.6958947121,0.1577135976,0.6960826545,-0.1751362269,0.2035256662,0.1740936483,0.8898842399,-0.1486868022,0.03067550809,-0.4973712416,0.2489217936,-0.1990478552,0.6062143234,-0.03148148315,0.04153602629,-0.187241055,-0.3473507189,0.01115712149,-0.1657198241,0.2755008942,-0.4856553096,-0.286299438,1.18944358,0.1536882657,1.23937805,0.1247132135,-0.06720549274,0.1775127374,-0.3217547011,-1.316478174,0.7024893435,-1.39731169
-0.08690281335,-0.06074078907,0.2214618022,0.08177884087,0.7050327964,0.1504895789,0.6881815631,-0.1516750574,0.2037698705,0.1750423206,0.9096252511,-0.1535428545,0.02836035286,-0.524113009,0.224595125,-0.2068522261,0.612408473,-0.02124790105,0.03922280351,-0.1811916142,-0.3427824687,0.02310592538,-0.1486011411,0.3071760438,-0.4699747386,-0.3090799034,1.235697949,0.1555748955,1.27379824,0.1425894673,-0.05829326408,0.2011263132,-0.3680312122,-1.330746778,0.7325572497,-1.420616591
-0.08264907762,-0.06085439047,0.2213277661,0.08410161296,0.7144338586,0.1431508198,0.6797198123,-0.124635833,0.2046129509,0.1748007675,0.9282067015,-0.1575662153,0.02638387124,-0.5511543224,0.2015826214,-0.2120619837,0.6176045658,-0.01372144277,0.03726825767,-0.1770991657,-0.3386098278,0.0325397772,-0.1331119039,0.3374693603,-0.4585491565,-0.3351382185,1.27186562,0.1536937522,1.314970881,0.1604658535,-0.04862976071,0.2242920398,-0.4135543268,-1.348343037,0.7585707511,-1.441965142
-0.07888685606,-0.06114331596,0.2208925719,0.08649321672,0.7239394844,0.13575469,0.6708212955,-0.09466456194,0.2053793198,0.1740172665,0.9461938909,-0.1609220982,0.02424854863,-0.5770240839,0.1812426938,-0.2143494168,0.6212215034,-0.009947382262,0.03591882051,-0.173342637,-0.3367642049,0.04030413617,-0.1216103349,0.3674271308,-0.4471782404,-0.3610639574,1.300569723,0.1448069759,1.361482572,0.1797195603,-0.03881358924,0.246649525,-0.4585684157,-1.367984299,0.7806279147,-1.461723336
-0.07560235873,-0.06151764023,0.2201985775,0.08866614326,0.7336329166,0.1285691602,0.6613554488,-0.06229372393,0.2066028696,0.1723013623,0.9628018772,-0.1634222916,0.02232840211,-0.6032324022,0.1632554594,-0.2152230032,0.6243264767,-0.008782781146,0.03455183765,-0.1694785469,-0.3358728952,0.0459118757,-0.110762901,0.3990065187,-0.4397950321,-0.3904199426,1.323862413,0.1331797787,1.386541181,0.2008399028,-0.02925498839,0.2683879006,-0.503168869,-1.389262218,0.7997647352,-1.479350033
-0.07276020753,-0.06187451394,0.2192822692,0.09038336089,0.7436298711,0.1206277434,0.6513788532,-0.02884920167,0.2077675322,0.1715605141,0.9789889545,-0.1657143303,0.02032815385,-0.6284312591,0.1460935978,-0.2154943502,0.6259691624,-0.01242171081,0.03358847161,-0.1627143097,-0.336314216,0.04947942005,-0.09764358584,0.4323602397,-0.4309729383,-0.4226076199,1.343053903,0.1119361757,1.385893503,0.2241401687,-0.0223570263,0.2889347827,-0.5475348238,-1.410576517,0.8148271918,-1.496769765
-0.07034921093,-0.06221655034,0.218238198,0.09174076708,0.7538577866,0.1124203833,0.6408148927,0.005003929167,0.2090952331,0.170641893,0.9942526035,-0.1674421128,0.01854364507,-0.6532749165,0.1298559884,-0.2151808337,0.6252819196,-0.02271973257,0.03222376529,-0.1543305395,-0.3377768308,0.05093659467,-0.08394099369,0.4652526584,-0.4234344822,-0.4571761389,1.354807462,0.08876578554,1.386148458,0.2496785098,-0.01792263553,0.3094379652,-0.5919806436,-1.431923725,0.828709787,-1.512099927
-0.06836755856,-0.06185740127,0.2172464265,0.09160802778,0.7645498736,0.104040659,0.6294815337,0.03651774802,0.2106183399,0.1691282544,1.006562041,-0.1689816766,0.01687053032,-0.6773767495,0.1125899248,-0.2165054831,0.6215936636,-0.04134209224,0.03168822052,-0.1376045089,-0.3328220923,0.05114335184,-0.05993582816,0.4899618961,-0.4126333596,-0.4980931451,1.365220405,0.06657563852,1.376219685,0.2804016171,-0.01752229261,0.3272429157,-0.639823289,-1.454685379,0.8391658267,-1.52635443
-0.06672200405,-0.06096348989,0.2164602763,0.09067120262,0.775315065,0.09595829979,0.6176222856,0.06540714577,0.2124530673,0.1662982694,1.01691464,-0.1703191092,0.01546925914,-0.7010042506,0.0943002921,-0.2171597174,0.6148699511,-0.06892219556,0.03066772951,-0.1146817881,-0.3228002643,0.05063570345,-0.02938353817,0.5093282842,-0.3963480305,-0.5407576365,1.378557186,0.04857885209,1.362278622,0.3146769858,-0.01988782982,0.3435405485,-0.689890293,-1.479482612,0.8496520023,-1.540150437
-0.06534700907,-0.06005169352,0.2152981833,0.09036805965,0.785339499,0.08780249176,0.6061074225,0.09575153953,0.2117049623,0.1642906882,1.026722067,-0.1720976164,0.01375444946,-0.7233469162,0.07659767524,-0.2146092586,0.6097490081,-0.09854351488,0.02905036023,-0.09567357406,-0.314880403,0.04921085606,0.005255146969,0.5275521632,-0.3600050024,-0.5874765408,1.413327499,0.02407675431,1.368048713,0.3514115795,-0.02590245316,0.3646611009,-0.739380117,-1.504516463,0.8585212388,-1.553777748
-0.06417435232,-0.05905048922,0.2137952747,0.09053453321,0.7946838588,0.0801059464,0.5948647747,0.1266007678,0.2098914666,0.1626558354,1.036202981,-0.1737522776,0.01214530745,-0.7445391576,0.05947841752,-0.2099584798,0.6046415588,-0.12918173,0.02696364176,-0.0790018892,-0.3071428058,0.0467059752,0.03441225285,0.5461474986,-0.3124093514,-0.6333572811,1.458576185,-8.961760887e-05,1.358241612,0.3911908901,-0.03385961692,0.3888171056,-0.7878534367,-1.529566996,0.8633263051,-1.56930107
-0.06305948278,-0.05743072001,0.2116212038,0.09138217887,0.8028516859,0.07368993068,0.5845068536,0.1592790885,0.2066386393,0.1603576595,1.041121969,-0.1749398079,0.01084054839,-0.7604195544,0.04010891466,-0.2050520166,0.6029294752,-0.1564250897,0.02499981231,-0.06743375292,-0.2961105758,0.04096720743,0.06291663077,0.5644777924,-0.2616426588,-0.6760995019,1.488926629,-0.07137117039,1.331745465,0.4314185754,-0.04368469077,0.4146791168,-0.8311777543,-1.555605868,0.8633753933,-1.584599849
-0.06188600604,-0.05514778383,0.2092590201,0.09232093322,0.809309963,0.06847191438,0.57602589,0.1947563405,0.2031664752,0.1580903522,1.044287184,-0.1760661323,0.009760293659,-0.7694728895,0.01920401161,-0.1990639673,0.6021161666,-0.1802155079,0.02236853223,-0.06176692057,-0.2816564812,0.03411570408,0.09272942587,0.5853742125,-0.2207034729,-0.7107541886,1.516692118,-0.1230881317,1.318247703,0.4640487255,-0.05371550236,0.4415723283,-0.8650638767,-1.583183986,0.8653897147,-1.59727503
-0.06064819888,-0.05228467194,0.2070277267,0.09231453969,0.8136479839,0.06493084785,0.5702972637,0.2328017413,0.2013591959,0.1544678791,1.043079635,-0.1765908259,0.008580874116,-0.7687022386,0.0008783424874,-0.1932400506,0.6059477399,-0.1961100394,0.02008057416,-0.06043233507,-0.2636539576,0.02754613155,0.1235885424,0.6054418952,-0.184369847,-0.7402127857,1.529821455,-0.1682962242,1.330287983,0.4853193776,-0.06447389581,0.4637148366,-0.8876589902,-1.608624878,0.8653349767,-1.607114318
-0.05934243392,-0.04878443795,0.2048243263,0.09133176033,0.8167477695,0.06300577744,0.5662259819,0.2695164203,0.2007249431,0.1499841881,1.040304098,-0.1772005581,0.007530902392,-0.7606345345,-0.01503527266,-0.1871823172,0.6123630873,-0.2071002254,0.01810794724,-0.06123084475,-0.2420188609,0.01890145462,0.1492037261,0.621857622,-0.1523750058,-0.7677734588,1.533876182,-0.2014927117,1.337756735,0.4996063487,-0.07614133527,0.4794225057,-0.901744672,-1.630220666,0.8617645871,-1.614320086
-0.05843412425,-0.04542373659,0.2021925809,0.08938958299,0.819972279,0.06200546308,0.5619700051,0.3004086395,0.2011859061,0.1441965767,1.033125513,-0.1763706214,0.00682643081,-0.7500029683,-0.02592152749,-0.1814225681,0.6215764044,-0.2122674646,0.01612231907,-0.06104896443,-0.2254084146,-0.0009275530863,0.1626814139,0.6390426023,-0.1238165779,-0.8005204047,1.533574694,-0.2148883333,1.310319899,0.5129413016,-0.08696742922,0.4860989773,-0.9074261519,-1.643166604,0.8570017362,-1.617544882
-0.05786886025,-0.04209559269,0.199093223,0.08671790592,0.823294499,0.06202625328,0.5575113601,0.324890545,0.2026353776,0.1373082916,1.02414173,-0.1756143811,0.006360856623,-0.7359388006,-0.03286194605,-0.1769455538,0.6318794022,-0.2145813624,0.01438072381,-0.05997954305,-0.2114226393,-0.03008954842,0.1666058392,0.6561186282,-0.09553003256,-0.8331572822,1.532842491,-0.2273688722,1.273208566,0.5272192985,-0.09753618944,0.4844970859,-0.9069784847,-1.647563404,0.8492417874,-1.613515567
-0.05731449708,-0.03877731055,0.1956407881,0.08360853015,0.8266458699,0.06344718682,0.5528477855,0.3424430812,0.2046621804,0.1280393678,1.0114859,-0.1735117909,0.005844413625,-0.7187255835,-0.03597857383,-0.1752868944,0.6419540934,-0.2138686744,0.01295570386,-0.05999889619,-0.1973044355,-0.06351535182,0.1619673515,0.6726105593,-0.06427928895,-0.866132555,1.543047284,-0.2206097319,1.228301608,0.5429695589,-0.1051842523,0.4774915814,-0.9027800187,-1.645940705,0.8391802083,-1.606073258
-0.05670038373,-0.03545822027,0.1918564753,0.08026340202,0.8299151549,0.06588789848,0.5481399518,0.3531714605,0.2069495946,0.1177032022,0.9975518724,-0.1716108222,0.005458186183,-0.6979879729,-0.03603174643,-0.1758519476,0.6516181324,-0.2119785399,0.01183111353,-0.06130142594,-0.1833040506,-0.09905098379,0.1538847756,0.6903294615,-0.03713671757,-0.8961717981,1.553664226,-0.2170859249,1.181767059,0.5598555919,-0.1108415045,0.4665079204,-0.8959384523,-1.639475238,0.8277554298,-1.600081457
-0.0560221735,-0.03238496002,0.1878164661,0.07686930609,0.8334650487,0.06842973517,0.542903761,0.3562737103,0.2086715394,0.1061985859,0.9819860712,-0.168566093,0.005122377908,-0.6772152416,-0.03438995785,-0.1780290978,0.6603936013,-0.2073901985,0.01036214069,-0.06376590238,-0.1706097762,-0.1359321758,0.1529385281,0.7117657048,-0.01650195669,-0.9154486203,1.560404369,-0.2179996524,1.141885747,0.5767108332,-0.1133637346,0.4557129863,-0.8873693736,-1.631523607,0.819525077,-1.596676548
-0.05529606594,-0.02967928538,0.1834100796,0.07357600908,0.8372784304,0.07073042274,0.5371672069,0.3520627621,0.2101304669,0.09497913106,0.9660721582,-0.1657864248,0.004894220231,-0.6563402541,-0.03136974138,-0.1811078297,0.6684328877,-0.2023341028,0.008969909812,-0.06630667228,-0.1602622667,-0.1736820828,0.1600148997,0.7359345194,-0.002444794724,-0.926994111,1.56123409,-0.2259818134,1.116571965,0.5947821696,-0.1120595953,0.4479795906,-0.8775847539,-1.624421122,0.8185547688,-1.59638804
-0.05447710794,-0.02720869282,0.1788364287,0.07043427106,0.8411434218,0.0726799833,0.5312573553,0.3422792196,0.2105806486,0.08375437476,0.9495177192,-0.1635530164,0.004852747639,-0.6360286635,-0.02807689068,-0.1842202078,0.6751751581,-0.1965872838,0.007846004112,-0.0695243346,-0.1503359617,-0.2112226523,0.1744423146,0.7620021955,0.004830538556,-0.9309484178,1.559012931,-0.2317414213,1.110251041,0.6120198939,-0.108873232,0.4437221996,-0.867262618,-1.61868806,0.8213580119,-1.598017332
-0.05355616241,-0.02493276757,0.1742757992,0.067291872,0.8446724622,0.07421468709,0.5258254614,0.3285815697,0.2106248035,0.07369106195,0.9335957254,-0.1620399205,0.004895387141,-0.6152032585,-0.02443568423,-0.1874034016,0.6811908755,-0.1911859077,0.006941595022,-0.07247084486,-0.1406937408,-0.2460511201,0.1956080531,0.7878079739,0.007335748547,-0.9323827542,1.554358583,-0.2346858605,1.111986354,0.6281494032,-0.1047756676,0.4413300182,-0.857132502,-1.613841097,0.8244413922,-1.601430485
-0.05244990036,-0.02268646935,0.1699461158,0.06405413858,0.8477904035,0.07518716914,0.5210521939,0.3120603466,0.2089945456,0.06400211731,0.9179814189,-0.1609147754,0.004876733538,-0.5956043077,-0.02054813097,-0.1890007238,0.6870409095,-0.1858289935,0.005793103229,-0.07476307464,-0.1305640869,-0.2773025468,0.2235190355,0.8109300793,0.003871443554,-0.9329142543,1.549207839,-0.2292777307,1.118276307,0.6423964266,-0.1003794663,0.4393294958,-0.8474956588,-1.609155314,0.8246799337,-1.606203686
-0.05114873554,-0.02044239075,0.1659901989,0.06062653614,0.8502691422,0.07573705747,0.5173303656,0.2935893266,0.206731153,0.05564030881,0.9035747507,-0.1602347652,0.004856902263,-0.5765125023,-0.01651230058,-0.18991419,0.6927763734,-0.1810287916,0.004693279198,-0.07600754527,-0.1196018579,-0.3033887592,0.2558945685,0.8301435463,-0.003568815417,-0.9336402211,1.545183933,-0.2179003448,1.127075739,0.6545128628,-0.09626264789,0.4367490744,-0.8387650571,-1.604187418,0.8214237131,-1.611805157
-0.04970989667,-0.01804469846,0.162432605,0.05689997795,0.8522985982,0.07588070347,0.5143846915,0.273482087,0.2028270936,0.04772092473,0.8895996706,-0.1579895733,0.004629418131,-0.5595841025,-0.01224838091,-0.1884440233,0.6988036187,-0.1764141086,0.003746122372,-0.07613255906,-0.106715904,-0.3259075161,0.2913148554,0.8419635437,-0.01524271066,-0.9335742972,1.546038354,-0.2003653387,1.140034326,0.6644619167,-0.09260365506,0.4330557126,-0.8310035562,-1.599745181,0.8137027952,-1.61530431
-0.04813902608,-0.01553291998,0.1592853199,0.05293594654,0.8537968142,0.07577643349,0.512334576,0.2519791897,0.1984011666,0.04102193348,0.8766350549,-0.1555621501,0.00437619626,-0.5443140695,-0.008087400296,-0.1859676035,0.7047767575,-0.1723584491,0.002917836434,-0.07515528928,-0.09185699288,-0.3444627465,0.3278834542,0.8471833447,-0.02939895862,-0.9322027136,1.551642661,-0.1798795243,1.157146999,0.6727403144,-0.08946370433,0.4284471244,-0.8242560343,-1.596271953,0.8021373393,-1.61593481
-0.04647799611,-0.01301531196,0.1564700895,0.04870901119,0.8549931218,0.0752593258,0.5108328766,0.2284769853,0.1929011297,0.03431672998,0.8643610278,-0.1522917167,0.004055779206,-0.5319555784,-0.002822487682,-0.1810893783,0.7110614066,-0.1693551945,0.001075966973,-0.07261953652,-0.07646377607,-0.3600093642,0.3633114518,0.8429563145,-0.04565135635,-0.9295066954,1.56325564,-0.1584117328,1.176702517,0.6806406993,-0.086500426,0.4224161071,-0.8182490128,-1.594556134,0.7869784862,-1.614933866
-0.04471375185,-0.01059567487,0.1539330254,0.04448157369,0.85578866,0.07442748296,0.5100075576,0.2033177133,0.1872722808,0.02832460611,0.852882678,-0.1491292111,0.003768671484,-0.5216544937,0.00273679852,-0.1756036534,0.7171400924,-0.1670644231,-0.0008965184739,-0.06904772737,-0.06095256019,-0.3723381397,0.3964175204,0.8317384648,-0.06264242413,-0.9246748455,1.579915688,-0.1372053754,1.199403617,0.6882166832,-0.08322579973,0.4159485454,-0.8127323237,-1.594644224,0.7699526498,-1.613591567
-0.04286462784,-0.008287082291,0.1515776701,0.04032750322,0.856262944,0.07322422384,0.5097309841,0.1759186844,0.1811178165,0.02184340428,0.8424826505,-0.1446300093,0.003311734755,-0.513347405,0.008452902004,-0.1683012372,0.7238139505,-0.1660884264,-0.002710307613,-0.06461622001,-0.04604192396,-0.3818891284,0.427145284,0.8117326443,-0.07875869194,-0.9185578258,1.602282016,-0.1182421099,1.223189048,0.6962151929,-0.07993046721,0.4085121409,-0.8074272516,-1.596090751,0.7499946569,-1.613178796
-0.04093125288,-0.006201097926,0.1493346958,0.03638472457,0.8563238852,0.0716668831,0.5101464627,0.1469652928,0.175242578,0.01586771193,0.8328258896,-0.140163483,0.00286761391,-0.5061771384,0.01389030685,-0.1606036903,0.7303370806,-0.1656509016,-0.00432312084,-0.05942405041,-0.03225196855,-0.3886536237,0.4548801424,0.7864301473,-0.0934286246,-0.9105728379,1.62862628,-0.1011477383,1.248484481,0.7045075946,-0.07587121002,0.4013513448,-0.8021246322,-1.598949048,0.7299554163,-1.61413676
-0.03893676861,-0.00440099354,0.1470884287,0.0327834537,0.8560067417,0.06983242771,0.5111762273,0.1158168078,0.1693653537,0.009150892694,0.8247217741,-0.1344890632,0.002139840272,-0.4996354504,0.01966429315,-0.1516328037,0.7367818524,-0.1664952253,-0.006308366973,-0.0539867127,-0.02018009976,-0.3927093864,0.4813480788,0.7548681387,-0.1052974648,-0.9023439015,1.658308827,-0.0874654268,1.273549563,0.7143555819,-0.06965373353,0.3940171522,-0.7969591671,-1.602456229,0.7075127416,-1.617649367
-0.03695259842,-0.002874177686,0.1448263858,0.02938316978,0.8552125305,0.06770740021,0.5129949951,0.08356590595,0.1640469501,0.002849714393,0.8175395621,-0.1290253675,0.001421234482,-0.4931333458,0.0254339286,-0.1427895063,0.7428795054,-0.1676766757,-0.008219902772,-0.04834578681,-0.009357718028,-0.3943090555,0.5065868878,0.7199714608,-0.114659635,-0.8934462983,1.689985702,-0.07505576091,1.298989075,0.7248389137,-0.06163410488,0.3875093874,-0.7920805838,-1.607474911,0.6853428121,-1.619795901
-0.03505410338,-0.001553752975,0.142517332,0.02600296022,0.8539091942,0.06534339874,0.5156483049,0.04981816712,0.1589095714,-0.003674202789,0.8115477206,-0.1223306628,0.0003879154138,-0.4856331788,0.03211452917,-0.1332055743,0.7480086638,-0.1714213458,-0.009954404193,-0.04256856126,0.0003832547639,-0.3928196961,0.5325690977,0.6815954435,-0.1212728288,-0.8861915408,1.723190696,-0.0638956251,1.322843648,0.7366574999,-0.05270990862,0.3804248457,-0.7878460269,-1.613516744,0.6612678969,-1.622121513
-0.03328782277,-0.0004479452759,0.1401777318,0.02259045851,0.8520204917,0.06265149862,0.5192547954,0.01534853427,0.1542390991,-0.009537602805,0.8061650458,-0.1159062279,-0.0006139270485,-0.4769730115,0.03904062475,-0.1241095881,0.752481067,-0.1756729579,-0.01147720635,-0.03659841621,0.009039720414,-0.3884219115,0.5582824212,0.6424148122,-0.1256973406,-0.8797037393,1.756791716,-0.0525317613,1.346321391,0.7488651716,-0.04336648124,0.3732530188,-0.7841972075,-1.620262836,0.6366205142,-1.624794626
-0.03166715888,0.0007095939948,0.1377495145,0.01880842469,0.849660012,0.05967714402,0.5236055249,-0.02064345516,0.148833149,-0.01472360211,0.8028487199,-0.1082259923,-0.001433359983,-0.4672589139,0.04715500137,-0.1146609908,0.7565195934,-0.1839482828,-0.01375932467,-0.03110625456,0.01769532454,-0.382223305,0.5856023175,0.6010725884,-0.1293883182,-0.8739632306,1.792701456,-0.03981106488,1.370105623,0.7590302668,-0.03456250357,0.3633358965,-0.7805371975,-1.626367724,0.6109498573,-1.627484821
-0.03025538685,0.001860670345,0.135255823,0.01476555236,0.846705379,0.0563884304,0.5288594563,-0.05727508874,0.1431818555,-0.01860192729,0.8004963949,-0.1008313338,-0.002115475371,-0.4561520276,0.05568326729,-0.1060591797,0.7602985322,-0.1927658205,-0.01603721283,-0.02514791488,0.02566050322,-0.3740358778,0.6118264389,0.5606032935,-0.1312532258,-0.8688948733,1.827371114,-0.02778382018,1.392267724,0.7677152231,-0.02668520917,0.3527882134,-0.7772025671,-1.63260302,0.5866683721,-1.629677355
-0.02912649467,0.002978215143,0.1326355502,0.01040037003,0.843126755,0.05276569905,0.5350185869,-0.09429713369,0.1370692646,-0.02088721329,0.7994585608,-0.09234833252,-0.002719008613,-0.443460092,0.06588734466,-0.0972296286,0.7645642972,-0.2023051138,-0.01873106199,-0.01840025597,0.03241638964,-0.3648325013,0.6356017165,0.5204707189,-0.1320339899,-0.8642405167,1.859159578,-0.01804628379,1.411351384,0.7756768082,-0.01946253543,0.3392154384,-0.7737403096,-1.638374132,0.5632766055,-1.631585949
-0.02830590535,0.004014554769,0.1298895484,0.005981771103,0.838834595,0.0489074216,0.5421520126,-0.131293459,0.1307307599,-0.02169850963,0.7988374783,-0.08427741078,-0.003248678649,-0.4287784004,0.07673376598,-0.08965432181,0.7690316014,-0.2110468553,-0.02125853475,-0.0111004335,0.03782530699,-0.3545248667,0.6563633578,0.4827641004,-0.1319927916,-0.8596845877,1.887406958,-0.01052648392,1.427932714,0.7825150836,-0.01332311312,0.3246112236,-0.7702247722,-1.643982005,0.5419606316,-1.632776588
-0.02778374258,0.004961591045,0.1268911644,0.001290778058,0.8334981275,0.04492376298,0.5506914389,-0.1663860762,0.1249194793,-0.02060716384,0.7989418177,-0.07572863667,-0.002752278247,-0.410169169,0.09044507425,-0.08176347464,0.7727909489,-0.2218370487,-0.02449115748,-0.003788959553,0.04206624414,-0.3429503697,0.6754572838,0.4456240476,-0.1310379301,-0.8549658372,1.912864747,-0.004688246916,1.444306499,0.7870914967,-0.008127361551,0.3053871455,-0.7656336249,-1.649083399,0.5219900668,-1.632995417
-0.02756936461,0.005821306047,0.1235753124,-0.003336788899,0.8272999013,0.0408737012,0.5602616172,-0.2003870967,0.1191171395,-0.01829539799,0.7990824083,-0.06780730552,-0.002026225587,-0.3885145796,0.10527432,-0.07543397134,0.7761473478,-0.2321798387,-0.02756811908,0.00342497277,0.04489783141,-0.331191571,0.6924403735,0.4103740049,-0.1304940091,-0.849668273,1.93573771,0.002803637509,1.460319147,0.7899783385,-0.004340375506,0.2841126498,-0.760291111,-1.653224452,0.5050129205,-1.632586067
-0.02760781629,0.00647618687,0.1199364353,-0.008400869642,0.819939399,0.0365704036,0.5712192337,-0.231565571,0.1156353266,-0.01415624645,0.799649779,-0.05848840347,-0.001494275628,-0.3631385999,0.1224059807,-0.06909859207,0.7780213582,-0.2459968568,-0.03107741159,0.01074659974,0.04626070421,-0.3182110363,0.7090427635,0.3757023297,-0.1304971379,-0.8438522474,1.956335151,0.01300995136,1.47658928,0.7910043647,-0.001874718506,0.2602192413,-0.753391335,-1.656841682,0.4901227651,-1.631290488
-0.0278918709,0.006964039556,0.1158597829,-0.01362617082,0.8117626225,0.03189241217,0.5829568133,-0.2611614621,0.1131518439,-0.009419481508,0.8000383117,-0.04958456175,-0.001100005482,-0.3357047311,0.139907145,-0.06427906859,0.7791545884,-0.2595873329,-0.03431172507,0.01822406817,0.04555293714,-0.3055223545,0.7254815493,0.3420734131,-0.1327374974,-0.8370796007,1.975272543,0.03165046759,1.492582537,0.7912474609,-0.001072306162,0.2359466209,-0.7454301096,-1.658982573,0.4754494886,-1.629508933
-0.02832466148,0.007227845543,0.1112586298,-0.01942334425,0.8024687182,0.02692879109,0.5957696956,-0.2861544647,0.1134856665,-0.004155482052,0.7968081617,-0.03946144545,-2.443087625e-05,-0.3054353766,0.1601405237,-0.05833192128,0.7781624278,-0.2773380177,-0.03746220423,0.02669109696,0.04401144404,-0.2931518486,0.74112768,0.3117233537,-0.1327288813,-0.8275449985,1.987439207,0.04943934681,1.511312688,0.7916345222,-0.00170402117,0.2103595264,-0.7367399042,-1.659363831,0.4579930651,-1.626322337
-0.02889507417,0.007306219872,0.1060607599,-0.02535703561,0.7925006185,0.02158935504,0.6089611565,-0.308821695,0.1149787379,0.0003576149176,0.7916796922,-0.03014843696,0.001139444647,-0.2744677507,0.1806174697,-0.05350347592,0.7763029919,-0.2947540465,-0.0402289479,0.0352508471,0.04067636804,-0.282160078,0.7587292771,0.2828807003,-0.1319114702,-0.8158281888,1.993226008,0.07011905249,1.532455057,0.7926840663,-0.004423675732,0.1867981863,-0.7272401547,-1.657827599,0.4399620318,-1.621852102
-0.02937684075,0.007174117,0.1006701901,-0.03125318765,0.78144577,0.0160306797,0.6229837591,-0.3296305828,0.1178511327,0.003387134227,0.7848537097,-0.01843345642,0.002173418943,-0.2419023857,0.2021328972,-0.04653184399,0.7719590314,-0.3132840028,-0.04321505488,0.04240449199,0.03632871552,-0.2701996825,0.7762935839,0.2538559501,-0.1271516246,-0.8009929896,1.991365469,0.0922181287,1.538601616,0.7923653312,-0.009126731777,0.164931032,-0.7145544832,-1.656300268,0.4218103818,-1.615071518
-0.0299601772,0.006941485322,0.09550258837,-0.03573496274,0.7700029068,0.01197206404,0.6369263738,-0.3502207543,0.1218384255,0.003733674495,0.7742650907,-0.007968669004,0.003202852799,-0.2114383648,0.2232670821,-0.04194785867,0.7668495566,-0.3304504339,-0.04586073511,0.04581559789,0.03205545044,-0.2580488152,0.7902701845,0.2259967976,-0.1204516562,-0.7855883573,1.988385226,0.1133223006,1.543761209,0.792046795,-0.01496649362,0.1449590869,-0.701214611,-1.655516562,0.4048692174,-1.604837512
-0.03085059801,0.006483575919,0.09258065757,-0.031244475,0.7617883629,0.01930561241,0.6467840182,-0.3642328552,0.1226717732,-0.01060903436,0.7268202934,-0.004210466055,0.004379465854,-0.1973188285,0.2444498854,-0.05150638187,0.7577773763,-0.3497436145,-0.04755516206,0.02677796157,0.03294397498,-0.2497616201,0.7910092835,0.2029484034,-0.1129016379,-0.7693130758,1.98456386,0.1314851822,1.552887401,0.7913181462,-0.01823167859,0.1243734814,-0.68954621,-1.655253153,0.3879614288,-1.594790632
-0.03170509838,0.005392835898,0.09121672874,-0.02199766991,0.7557943611,0.03137658401,0.6536868488,-0.3689532034,0.1197731914,-0.02887143582,0.6732382256,-0.008776201199,0.005139291193,-0.1973911,0.2647475921,-0.06430280313,0.7473188574,-0.3679949564,-0.04888792105,-0.001508978177,0.03155392923,-0.2446962472,0.7826273243,0.1855247736,-0.1036851861,-0.7516372595,1.978795258,0.1478545201,1.560277254,0.7895534311,-0.01777411123,0.1046331123,-0.6769722861,-1.655495905,0.3734143029,-1.589249349
-0.03254362211,0.003857157781,0.09220559045,-0.01522453638,0.7527784247,0.03893575623,0.6569450994,-0.3720215269,0.1166888985,-0.04069876081,0.6188535971,-0.01068284656,0.005380810225,-0.2052456406,0.2783996538,-0.07408001291,0.7228405847,-0.3894098374,-0.05049403275,-0.02025390604,0.02457052816,-0.2430785914,0.7661465565,0.1708632687,-0.08895355113,-0.7296235691,1.970236355,0.1625319224,1.562364053,0.7803896965,-0.01320603211,0.08618817491,-0.6618550078,-1.655756748,0.3598116211,-1.589332499
-0.03340566937,0.002021491799,0.09491121021,-0.01006384993,0.7509189878,0.04267370073,0.6589372869,-0.3720669246,0.1132360386,-0.04654450886,0.5698523913,-0.009898781205,0.005584365638,-0.2162188301,0.2862641532,-0.07930454963,0.6945799981,-0.409983658,-0.05197483926,-0.03214090891,0.01289965561,-0.2402415581,0.7433738179,0.1579278042,-0.06960794259,-0.7042641347,1.960126502,0.1767781874,1.565160707,0.7647629362,-0.006636966285,0.06824185289,-0.64339376,-1.657116354,0.3482166342,-1.592513232
-0.03419900952,0.0001222855002,0.09861339918,-0.005918108159,0.7492252251,0.04408419517,0.6608200373,-0.3688614717,0.1095918693,-0.04798035397,0.5285856739,-0.006849369429,0.005258090281,-0.2269281569,0.2902528225,-0.08165202199,0.6625705668,-0.4307094917,-0.05424338057,-0.04013650782,7.392001356e-05,-0.2353447808,0.7131852428,0.1462875752,-0.04457750535,-0.6721514723,1.948502965,0.1895611799,1.576068134,0.7440730638,0.001880927458,0.05022527489,-0.6212008933,-1.660485366,0.3379489093,-1.59624016
-0.03507203077,-0.001799071122,0.1029749837,-0.002373265871,0.7474553639,0.04383198091,0.6628601693,-0.3635219637,0.1058399569,-0.04680917915,0.4973976428,-0.003014133019,0.004724989242,-0.2372818699,0.2912479481,-0.08150482922,0.6311576326,-0.4496252542,-0.05649254217,-0.04547885681,-0.01333039768,-0.2286144573,0.678816416,0.1360643288,-0.017478621,-0.6375452104,1.936495961,0.2020272586,1.588758638,0.7196137994,0.01076086467,0.03163509495,-0.5950258071,-1.666095071,0.3296404357,-1.599441075
-0.03609595638,-0.003572325132,0.1076129134,0.0004469347848,0.7453294346,0.04317926314,0.6652964643,-0.3557113747,0.1043409011,-0.04468122991,0.4709945653,0.0004124267775,0.004758404654,-0.2462847327,0.2919132947,-0.08123753187,0.5997493138,-0.4680642804,-0.05770673736,-0.05008413681,-0.02424646465,-0.2203383424,0.6397394459,0.127232218,0.006796355741,-0.6066345574,1.926631141,0.21205991,1.589302841,0.6923210772,0.02087233062,0.01153598515,-0.5652209395,-1.673601225,0.3233106892,-1.603757938
-0.03735473917,-0.005140785568,0.1123765257,0.002502854603,0.7431156277,0.04207478683,0.6678342698,-0.3466498023,0.1045524606,-0.04206777237,0.4514059754,0.002927183572,0.004262411443,-0.2553444356,0.2923254983,-0.08080451042,0.5707795044,-0.4846473103,-0.05846751144,-0.05329748915,-0.0327720383,-0.2120208179,0.6031593217,0.1190630796,0.02691295475,-0.5817993499,1.919595188,0.2208885856,1.584062022,0.6630859529,0.03080572994,-0.009865736709,-0.5315222784,-1.681616305,0.3192132361,-1.611224855
-0.03894813568,-0.006455251446,0.1170267681,0.003584578322,0.7409584902,0.04115367841,0.6702790772,-0.3363147219,0.107194622,-0.04021232714,0.4360549553,0.003338545953,0.003642113837,-0.2649629142,0.294202634,-0.0813698365,0.5418394859,-0.4997656549,-0.05892178091,-0.05537264902,-0.03794859992,-0.2043332539,0.5716374553,0.1110895693,0.04216841535,-0.5636361599,1.915928051,0.2300349937,1.574632268,0.6313312736,0.04051595993,-0.03219153038,-0.4987572181,-1.691735127,0.3156542466,-1.611977193
-0.04090828019,-0.007532224886,0.1215110054,0.003940375449,0.7389744578,0.04018764004,0.6725222507,-0.325067056,0.1117092916,-0.03930193436,0.4232347008,0.001761404527,0.003567351443,-0.2757953266,0.2969512036,-0.0824942419,0.5149429099,-0.5130940971,-0.05920658247,-0.05670293919,-0.04042177722,-0.1977203727,0.5443070782,0.1028731556,0.05501704413,-0.5503334889,1.914500496,0.238760164,1.563855879,0.5976991148,0.04888117387,-0.05312806754,-0.4683688489,-1.702167171,0.3127346203,-1.612520773
-0.04323770727,-0.008630771868,0.125629924,0.002892109804,0.7372631985,0.03909272835,0.6744674717,-0.3140109125,0.1190687886,-0.03855432033,0.4116944285,-0.001314592401,0.003167241413,-0.2875463126,0.3030652317,-0.0832272354,0.4894068296,-0.5251338355,-0.05953811017,-0.05650165311,-0.04088173303,-0.1924576992,0.5212643286,0.09506351151,0.06577366583,-0.5419726875,1.915318294,0.2482481701,1.550547691,0.5602414685,0.05555489447,-0.07425005953,-0.4433690923,-1.71409322,0.3100959751,-1.609554001
-0.04599741594,-0.009695270528,0.1292681626,0.0005615496339,0.7355281694,0.03777577471,0.6764399363,-0.3024349234,0.1288058589,-0.03917782341,0.4003615165,-0.00462381952,0.003479783996,-0.2996539525,0.3121785124,-0.08340057982,0.4669993287,-0.5356465532,-0.05980450155,-0.05465507381,-0.03944050351,-0.187873546,0.5017394713,0.087475227,0.07574720125,-0.5378493736,1.917692108,0.2576468394,1.534888849,0.5218860581,0.06000684657,-0.09235025822,-0.4236260582,-1.726003961,0.3072831015,-1.604992952
-0.04921593964,-0.01071291351,0.1326126843,-0.003570662635,0.7339381122,0.03576395176,0.6782647253,-0.2913090739,0.1410072616,-0.0400445211,0.3910078793,-0.007005006772,0.003441239948,-0.3139941906,0.3251407702,-0.08074318643,0.440190788,-0.5438210665,-0.06072328086,-0.04957284798,-0.03576519292,-0.1835025102,0.4842500339,0.0809981311,0.08546664993,-0.5372628382,1.921011233,0.2665924579,1.516624096,0.4842636547,0.06183373805,-0.1070356703,-0.411039837,-1.7385193,0.3058891385,-1.596811324
-0.05276079152,-0.01142991075,0.1354532756,-0.007990814345,0.7324284437,0.03480666622,0.6799067713,-0.281518925,0.1538040411,-0.04324204332,0.3834844961,-0.008636765278,0.00344565617,-0.3238440164,0.3381434784,-0.07745122836,0.4278903136,-0.5523213301,-0.06490189233,-0.04476046608,-0.02881880979,-0.1799031733,0.4679747873,0.07481716604,0.09428306656,-0.5385904972,1.925042171,0.2747429227,1.496699645,0.454929057,0.06250990628,-0.1179036576,-0.4063766008,-1.750814958,0.305290688,-1.583378419
-0.05682050148,-0.01191222936,0.1378098616,-0.012313613,0.7310473989,0.03500591363,0.6813168583,-0.2732727452,0.1669671121,-0.04750065425,0.3787078209,-0.009141426741,0.003186656199,-0.3280598042,0.3513588791,-0.07443829385,0.4210137159,-0.5631488964,-0.06940357898,-0.04036935093,-0.01946995636,-0.1767949855,0.4517797646,0.07040123999,0.1016528832,-0.5418246663,1.929623486,0.2824300927,1.475052206,0.4337726084,0.0621059577,-0.1254847581,-0.4095452445,-1.762633477,0.3065368744,-1.565444015
-0.06138116381,-0.01227061407,0.1396425101,-0.01615617494,0.7299406896,0.03609905607,0.682365317,-0.2665985629,0.1795673817,-0.05232941537,0.3755493521,-0.009030573714,0.002908209339,-0.3280259813,0.3643219648,-0.07180257486,0.4152182217,-0.5772536382,-0.07297682442,-0.03707018984,-0.009191444162,-0.1748740935,0.4359748818,0.06795223463,0.1082254645,-0.5474126984,1.934470296,0.2892807948,1.451946214,0.4188048217,0.06128946217,-0.1313808956,-0.4192917948,-1.773774994,0.3085454906,-1.543949919
-0.06647886505,-0.0125336702,0.1410236284,-0.01946304387,0.7290544432,0.03770325358,0.6831392782,-0.2612402865,0.1916209403,-0.05720049257,0.3753246421,-0.008407575209,0.00230658097,-0.3245156955,0.3769696682,-0.06902803469,0.4084759516,-0.5959603076,-0.07609037761,-0.03438115677,0.001061437765,-0.1735231035,0.4206359739,0.0684485317,0.1131729299,-0.555525689,1.938749474,0.2962226212,1.427403897,0.4080267738,0.05942137823,-0.1354573781,-0.4342924129,-1.784017348,0.3123087556,-1.519172068
-0.0720947761,-0.01274170232,0.1419664448,-0.02221171854,0.7285363532,0.03948965634,0.6835071241,-0.2570386321,0.2026285622,-0.0618414228,0.3765110295,-0.007453111215,0.001690891893,-0.3192598054,0.3890614948,-0.06624390424,0.400528094,-0.6201557792,-0.07850686413,-0.03233613417,0.01053261418,-0.1733235152,0.4062440865,0.07125733386,0.1172674946,-0.5666476176,1.942177262,0.3027770521,1.401213481,0.4001407943,0.05678012745,-0.1388868305,-0.4536451147,-1.793244518,0.3166262294,-1.490449648
-0.07815196945,-0.01290510461,0.1423819837,-0.02424900062,0.7280641186,0.04173123118,0.6838078163,-0.2540100851,0.2125707981,-0.06621814054,0.3803346214,-0.005802119381,0.0003254697467,-0.3114582571,0.400942423,-0.06264450074,0.3912090178,-0.6513186024,-0.08027333637,-0.03164068961,0.01931817257,-0.1735897307,0.3938562789,0.07692031029,0.1198840864,-0.5809690678,1.943929443,0.3094202904,1.372516327,0.3946560656,0.05192905873,-0.1411671764,-0.4762830074,-1.801652353,0.3217686047,-1.456510922
-0.08461604032,-0.01302997731,0.1423167545,-0.02587961825,0.7278067892,0.04396414894,0.6838820633,-0.2518616393,0.2213723654,-0.06998900241,0.3851171396,-0.003853375781,-0.001109382643,-0.3031418025,0.4123672676,-0.05893478719,0.3804780445,-0.6876547267,-0.08164911611,-0.03143639413,0.02707073377,-0.1749068692,0.3830484695,0.08463377782,0.1217362324,-0.5983797241,1.944309706,0.3156388297,1.340392439,0.3902021614,0.04504022641,-0.1433834836,-0.5013797287,-1.809280401,0.3268182311,-1.418512718
-0.09135539778,-0.01318411843,0.1416348897,-0.02732635419,0.7277462142,0.04605562413,0.6837525851,-0.2510798844,0.2291355878,-0.07351945206,0.3910574724,-0.001625172351,-0.00224823863,-0.2949960259,0.42383716,-0.05486796848,0.3690894994,-0.7279054282,-0.08372827979,-0.03154953511,0.03388558005,-0.1776599777,0.3747195291,0.09449067892,0.1224498953,-0.6182040137,1.943560742,0.3230623709,1.304880525,0.3874327503,0.03518079453,-0.1445936112,-0.5282660876,-1.816546336,0.3324186461,-1.377657633
-0.09833935814,-0.01336739669,0.1404031958,-0.02879436756,0.7278154243,0.04771257141,0.6835050132,-0.2508823224,0.2358543609,-0.07652191893,0.3970620947,0.0006102923714,-0.003176251182,-0.2878319229,0.4348877203,-0.05141515055,0.3571880569,-0.769692027,-0.08593044966,-0.03141527852,0.03958374229,-0.181547979,0.3680369005,0.1057863633,0.1232419929,-0.6404234118,1.942104964,0.3305362038,1.26564653,0.3850793521,0.02271634524,-0.1459572515,-0.556443058,-1.823503377,0.337725179,-1.335855893
-0.1054238343,-0.0136659469,0.1385255455,-0.02958697033,0.727783181,0.04892874376,0.683419513,-0.2512583672,0.2404259666,-0.07919769972,0.4057676387,0.003975477478,-0.003702109686,-0.2818281699,0.4440149129,-0.04788857271,0.3485969213,-0.8110659431,-0.08795786994,-0.03216840589,0.04323045869,-0.1856778092,0.3636197352,0.1192719383,0.124238047,-0.6648844974,1.939885116,0.3385318812,1.223095473,0.3861329707,0.007284121966,-0.1462870469,-0.5874142252,-1.830258554,0.3419858267,-1.291406163
-0.1125763525,-0.01406816595,0.1359944701,-0.02987570026,0.7275769575,0.04981073913,0.6835628016,-0.2513698553,0.2435675581,-0.08116094976,0.4151837465,0.007650769533,-0.004067434602,-0.2763249899,0.4516115937,-0.04457347255,0.3422901797,-0.850357073,-0.08972276067,-0.03351517618,0.04525186144,-0.1900905404,0.3606972666,0.1342255301,0.1260667955,-0.6911418515,1.937486242,0.3462669781,1.178785967,0.3890850035,-0.01076854429,-0.1464776581,-0.6201494927,-1.836712502,0.3454843832,-1.246218021
-0.1195929243,-0.01470646848,0.132850242,-0.02909413185,0.7279612504,0.05057830216,0.6831308694,-0.2560151313,0.2437281118,-0.08283852586,0.4283929855,0.01306037237,-0.004540033531,-0.2740412335,0.4575220942,-0.0409127563,0.3392616354,-0.8758004735,-0.09162593,-0.03639341943,0.04483750248,-0.1967223373,0.3604617692,0.1510116903,0.129201637,-0.7191362819,1.935345152,0.3519688791,1.133283465,0.3974460032,-0.03074838509,-0.1451116859,-0.6550702579,-1.843415118,0.3475658538,-1.199503798
-0.1264517802,-0.01555790027,0.1291536191,-0.02751685075,0.7283453558,0.05121758701,0.6827390603,-0.2621194226,0.2419377408,-0.08330223489,0.442329947,0.01882737604,-0.005028527443,-0.2726685232,0.462119294,-0.03728951284,0.3379156105,-0.8913515418,-0.09331173027,-0.0401563252,0.04239626918,-0.2036683745,0.3614346655,0.1689886965,0.1332717514,-0.7480491128,1.933661177,0.3566823764,1.089014327,0.4092483416,-0.05185781418,-0.1434238617,-0.6912149933,-1.851135665,0.3500643789,-1.153844425
-0.1328793239,-0.01643901503,0.1248545626,-0.02393417932,0.7283231304,0.05339917393,0.6827306211,-0.2675447733,0.237329051,-0.08420101667,0.454745288,0.02465298941,-0.005123785704,-0.2696790083,0.4634944087,-0.03565004595,0.3377687333,-0.9009774879,-0.09611053357,-0.0500871755,0.03957129306,-0.210078285,0.3654092131,0.1884894163,0.1383051181,-0.7786879433,1.9327963,0.3607671932,1.044690556,0.4278909505,-0.07199124339,-0.1424733469,-0.7294853057,-1.860881191,0.3510864745,-1.108812642
-0.1383003075,-0.01715078342,0.1209991706,-0.02471144556,0.7299085273,0.05382076279,0.6809744575,-0.2764828117,0.2371656891,-0.08335979899,0.4652636813,0.03004698679,-0.005266729796,-0.2723166198,0.4693647822,-0.02923839827,0.3393824411,-0.907240476,-0.1000055272,-0.05406530537,0.04129555397,-0.2201050679,0.3718603637,0.2056574656,0.1436462557,-0.8079824171,1.932515491,0.3654378941,1.007057119,0.4480682111,-0.09207590264,-0.1420320797,-0.7646936207,-1.872304754,0.3533572437,-1.068864136
-0.1421366888,-0.01787899593,0.1184589023,-0.02646348844,0.73363607,0.05474191058,0.6768169056,-0.2935807468,0.2397340805,-0.07927996398,0.4691015901,0.03694417716,-0.004777208169,-0.2822215831,0.4764127652,-0.02060492661,0.3378897334,-0.9103201528,-0.1038475446,-0.05950947652,0.04448307254,-0.2323797443,0.3796306309,0.2213679627,0.148499739,-0.8347988912,1.932674309,0.3713601156,0.9782001432,0.4696230964,-0.1093571554,-0.1416621828,-0.7956924827,-1.885608087,0.3553781383,-1.031956236
-0.1446041938,-0.0186406963,0.1171558771,-0.0274423997,0.7377443573,0.05674715339,0.6721308939,-0.3138750802,0.2422367264,-0.07350895677,0.468780869,0.04301381064,-0.004148155334,-0.2938883731,0.4826087756,-0.0116495563,0.3343427007,-0.9105323285,-0.1064270995,-0.06818311427,0.04682880196,-0.2412197458,0.3872264607,0.2354846807,0.1526611847,-0.8592681109,1.933326826,0.378326506,0.9571984456,0.4930242522,-0.1233537545,-0.1411101133,-0.8224627964,-1.899610012,0.3588546623,-1.000517644
-0.1459388505,-0.01932811752,0.116542783,-0.02780103118,0.7413938826,0.05903413524,0.667890099,-0.3311342112,0.2440482357,-0.06678028011,0.4620042164,0.04775623947,-0.002919681763,-0.302002719,0.4874328851,-0.002661037501,0.3254149138,-0.9077289337,-0.1081463535,-0.07803513989,0.04736798953,-0.2456863444,0.3971426573,0.2483030959,0.1557105109,-0.8829382882,1.933887014,0.3856700129,0.9418934185,0.5199682385,-0.1348224329,-0.1396463983,-0.8489831022,-1.912029564,0.3613739663,-0.9700878369
-0.1464527267,-0.01977697224,0.1163481922,-0.02772208869,0.7440842925,0.06131881458,0.6646879376,-0.3434842924,0.2447535303,-0.059581785,0.4523240327,0.05070922933,-0.001693426476,-0.3062813223,0.4905920381,0.00560882474,0.313844088,-0.9019288297,-0.1091443967,-0.08814604243,0.04637874984,-0.2451632235,0.4083604682,0.2595803357,0.1569632649,-0.9057799755,1.934868044,0.3931913427,0.930420556,0.5505210047,-0.1445890102,-0.1376676984,-0.8750900599,-1.923281789,0.3664983033,-0.9423111302
-0.1462908291,-0.01999913457,0.1161415417,-0.02701425437,0.7462550233,0.06357807726,0.6620660831,-0.3515964918,0.2434489508,-0.05335831573,0.4392010866,0.05296337842,1.974807779e-05,-0.3064355588,0.4914594739,0.01282386748,0.2979957822,-0.8926392355,-0.1096561866,-0.09828935103,0.04419490509,-0.2423343102,0.422549262,0.2692642869,0.1565146233,-0.9283237912,1.936135219,0.4002773356,0.9218458089,0.5865021967,-0.1521730261,-0.1351097138,-0.9022325893,-1.933149054,0.3729180376,-0.9169395015
-0.1456339796,-0.0200343102,0.1158070295,-0.02530830061,0.7478177714,0.0661378598,0.660116546,-0.3559121939,0.2398664505,-0.04887133954,0.4251804557,0.05424822455,0.001664659452,-0.3036010159,0.4898848605,0.01754534399,0.2810358547,-0.880470412,-0.1096109055,-0.1093759455,0.0407108578,-0.2374523854,0.4384123075,0.2778107249,0.154321749,-0.9502135813,1.937610071,0.4068270584,0.9156659799,0.6270428842,-0.1577364844,-0.1319110801,-0.9292299369,-1.942573724,0.3823343382,-0.8947029432
-0.1445165071,-0.01994819024,0.115190405,-0.02299552404,0.7492737893,0.0684655954,0.6583103044,-0.3571597536,0.2334957196,-0.04563544185,0.4107003388,0.05493843886,0.003306456542,-0.2981552791,0.4859726356,0.02060062368,0.2612840359,-0.8643822036,-0.1083144682,-0.119862643,0.03628692432,-0.2326837813,0.4557833546,0.2854698417,0.1512958663,-0.9700258855,1.938136348,0.4129633334,0.9148318684,0.6716211081,-0.1611715753,-0.1270018882,-0.9565623788,-1.950519395,0.3923858592,-0.8753439093
-0.1430335665,-0.01980359825,0.1142457565,-0.02019596588,0.7505687603,0.07055063733,0.656704855,-0.3557996793,0.2251337842,-0.04322615029,0.3975245967,0.05516873188,0.004730446022,-0.2911183721,0.4804521001,0.02202951037,0.241705566,-0.8457525912,-0.1064002952,-0.130011236,0.03092907231,-0.2282205035,0.4744228453,0.292241738,0.1474205023,-0.9878304141,1.938109602,0.4196069528,0.9184526695,0.7187820507,-0.1625344148,-0.120609153,-0.9824558535,-1.958112751,0.4044263534,-0.8603267589
-0.1411334972,-0.01963620843,0.112946986,-0.01744397089,0.7519246277,0.07199206518,0.6550741978,-0.3515927197,0.2148086255,-0.04049782413,0.3856264014,0.05426958497,0.006514946464,-0.2819238384,0.4739787449,0.0236702806,0.2197096981,-0.8245957582,-0.1037414897,-0.1387053531,0.02508283314,-0.2250456622,0.4944059356,0.2979384011,0.142430923,-1.002445023,1.9367262,0.4276767778,0.9289271231,0.7685414573,-0.161592237,-0.1129018433,-1.007031524,-1.966107517,0.4173287588,-0.8493474922
-0.138864528,-0.01945206945,0.111362084,-0.01505775345,0.7534357205,0.07278468705,0.6533071777,-0.3454654823,0.2035424622,-0.03710961523,0.375738341,0.05309511089,0.008163122118,-0.2723062276,0.4673659888,0.02602499059,0.198212689,-0.8015727424,-0.1010729831,-0.1460460985,0.01915467514,-0.2234111526,0.5159881859,0.3019834859,0.1363966009,-1.014549888,1.934987139,0.437415503,0.9444496547,0.8190642647,-0.1589757599,-0.1041030026,-1.028602218,-1.974260072,0.431051269,-0.8437800998
-0.1361577764,-0.0192745332,0.1095025406,-0.01355242099,0.7553721804,0.07259413988,0.6511215646,-0.3378666138,0.1914935013,-0.03276697923,0.3695179713,0.05081413561,0.01029772639,-0.2629330196,0.4610834593,0.0308387043,0.1769292691,-0.7764670259,-0.09842702848,-0.1513668496,0.01318897116,-0.2249622136,0.5390850152,0.3042794867,0.1281590363,-1.023487225,1.932527965,0.4489144414,0.9654637225,0.8687121117,-0.1563192146,-0.09328387581,-1.0455021,-1.977013314,0.4410929996,-0.846493117
-0.1330533263,-0.01913776119,0.1074601826,-0.01289743171,0.757605114,0.07165387133,0.6486400159,-0.3287944305,0.1791438993,-0.02764001734,0.3660566923,0.04866987084,0.01229330217,-0.2542818986,0.4555214369,0.03743279013,0.1570694533,-0.7493392422,-0.09556500635,-0.1550882652,0.007249472047,-0.2290218217,0.5644075749,0.3043868143,0.1183068734,-1.030798906,1.930980797,0.4615049301,0.988544276,0.91635833,-0.1529976866,-0.08198783624,-1.056736688,-1.9770634,0.4507937747,-0.8567611488
-0.1294179739,-0.0191866946,0.1052797772,-0.01282988427,0.7602120186,0.07001474242,0.6457639016,-0.3178402497,0.1660046651,-0.0220905909,0.365033727,0.04496187014,0.01458421119,-0.246629691,0.4503348103,0.04576370508,0.1379801833,-0.7196028797,-0.09223404784,-0.1581246751,-0.0003547902778,-0.2361395049,0.592321728,0.3030696658,0.1068922468,-1.037702097,1.930263188,0.4733879082,1.012320471,0.9590797862,-0.1496750088,-0.07082905908,-1.058135632,-1.975328856,0.4637031414,-0.8768327788
-0.125375627,-0.01935951307,0.1030398699,-0.01330048769,0.7630891623,0.06827552363,0.6425390885,-0.3054557417,0.1529550487,-0.01616810207,0.3658340585,0.04132892093,0.01667549898,-0.2406377521,0.4461059106,0.05475460253,0.1204614367,-0.6870865434,-0.08853161876,-0.1603922713,-0.007892051468,-0.2455972338,0.6221306502,0.3000923113,0.09426662372,-1.043762582,1.930755086,0.4844321811,1.036158447,1.000279025,-0.1451285585,-0.06008183221,-1.05540612,-1.971146917,0.4736390482,-0.9003350784
-0.1208305424,-0.01968679742,0.1007332815,-0.01394420496,0.7662671519,0.06609979016,0.6389608977,-0.2905160429,0.1386380627,-0.01025364256,0.3670335823,0.03647089424,0.01932637933,-0.2363734092,0.441991794,0.06339035705,0.1046994019,-0.6516037951,-0.08433434202,-0.1615476733,-0.01670225808,-0.2582238832,0.652297209,0.2964468237,0.07978122033,-1.047742438,1.931074196,0.4954148216,1.061427557,1.039712492,-0.1397868586,-0.04983587681,-1.048363221,-1.96467333,0.4807333545,-0.9264360301
-0.115805494,-0.02012365197,0.09845388521,-0.01470684847,0.7695542664,0.06405683342,0.6351902564,-0.27332409,0.1241387701,-0.004013961903,0.3688034223,0.03185263721,0.02180755484,-0.2337824525,0.4383781489,0.0709754423,0.09073816937,-0.6128619523,-0.08013616574,-0.1621806553,-0.02568135997,-0.272850986,0.6815720935,0.2920312319,0.06376861793,-1.048794693,1.93197448,0.5051822929,1.086202602,1.077014844,-0.1335894857,-0.04065687688,-1.037387736,-1.956713837,0.4855743273,-0.9543658278
-0.1103153395,-0.02075783332,0.09637546698,-0.01538786531,0.7730103459,0.06174710078,0.6311937217,-0.2538364417,0.1076941537,0.001686412967,0.3709375377,0.02638791564,0.02438367539,-0.2333335983,0.4346870051,0.07629887699,0.07804534896,-0.5709472546,-0.07608479017,-0.1627635545,-0.036186423,-0.2889285594,0.7094477754,0.2873911139,0.04856706077,-1.047764368,1.932143698,0.5109879693,1.110533975,1.110505252,-0.1278018168,-0.03230858151,-1.022274779,-1.947293443,0.4884089037,-0.9830190833
-0.1044291564,-0.02153614532,0.09466437899,-0.01608282071,0.7763830663,0.05969703348,0.6272216048,-0.2321738659,0.09087987655,0.007695944236,0.3737112865,0.02134814599,0.02665575705,-0.2348475474,0.431479728,0.07922884593,0.06697853507,-0.5260190758,-0.07247903617,-0.1634929631,-0.04712542994,-0.3046233529,0.7345863197,0.282383294,0.03428145817,-1.044350123,1.931432404,0.5135217367,1.135270256,1.140225601,-0.1222114929,-0.02540897563,-1.003752424,-1.936733957,0.4892910824,-1.012102103
-0.09830408138,-0.02248623407,0.09392206372,-0.01643415684,0.779060723,0.05748642329,0.6240910346,-0.2076275833,0.0719714677,0.01314311432,0.378230481,0.01569389351,0.02943665987,-0.2377265738,0.4280382825,0.07888523986,0.0599416596,-0.4789588564,-0.06892955909,-0.163830169,-0.06032734167,-0.3152604148,0.7543230152,0.2785233706,0.02191906497,-1.038810011,1.929220084,0.5131426428,1.160068859,1.164188511,-0.1167874822,-0.01943275811,-0.9823325979,-1.925466279,0.489475743,-1.041101599
-0.09206410123,-0.0235367492,0.09438352347,-0.01654513329,0.7809590711,0.05575753099,0.6218683829,-0.1808698216,0.05280335134,0.01892228271,0.3842213725,0.01066783827,0.03201641459,-0.2420161127,0.4249293261,0.07546956685,0.05578988447,-0.4301668552,-0.06599847909,-0.1640724601,-0.07437146203,-0.3192510882,0.7672162043,0.2755139107,0.0114121138,-1.031116747,1.925409118,0.5102317412,1.185296235,1.182801115,-0.1115280255,-0.01498570094,-0.9592489505,-1.913458113,0.4883824425,-1.069407225
-0.08593901086,-0.02459127778,0.0958776355,-0.01666113059,0.782870054,0.05373242527,0.6196367579,-0.1549634674,0.03278742721,0.02430460966,0.3918085703,0.005473760278,0.03478306027,-0.2503744328,0.4216391555,0.06857059747,0.05473517523,-0.3814485717,-0.06343059328,-0.1631565306,-0.08910012241,-0.3193509587,0.7759094819,0.2739215722,0.003524157467,-1.02300276,1.920940003,0.505259943,1.208800575,1.196317711,-0.1073036007,-0.01163642669,-0.9361884495,-1.900657701,0.4861852055,-1.09580816
-0.07984067576,-0.0256225122,0.09801006349,-0.01678791493,0.7852407248,0.05175067001,0.6167957832,-0.1306335713,0.01310200417,0.03020826033,0.3994591754,0.0009296274928,0.03724769016,-0.2627907747,0.4182024836,0.05922969762,0.05555735753,-0.3324905306,-0.06158580453,-0.161949098,-0.103372008,-0.3185961144,0.7817153683,0.2733993024,-0.00240563964,-1.014036011,1.915182207,0.4990141406,1.232964022,1.206793185,-0.1045507998,-0.009868076947,-0.9134992647,-1.88733385,0.48254879,-1.120351457
-0.07380562738,-0.02661625303,0.1005693507,-0.01696031182,0.7884572351,0.04913711281,0.6128891257,-0.1097510254,-0.006804544444,0.03544544706,0.40747669,-0.003340762212,0.03987527809,-0.2801392835,0.4138012984,0.04806789019,0.0584154524,-0.2839285794,-0.05971354156,-0.1597008369,-0.1178488173,-0.319213706,0.7871557213,0.2743130783,-0.007605379932,-1.004802296,1.909000619,0.4936180788,1.256363463,1.213851109,-0.1034984474,-0.009299944201,-0.8913202488,-1.873888035,0.4782363349,-1.142910829
-0.06777312329,-0.02755823565,0.1034078265,-0.01707833641,0.7922762391,0.04632276558,0.6081618968,-0.0910890829,-0.02577298197,0.04076417643,0.4150162494,-0.007026957484,0.04222795547,-0.3007073882,0.4086559132,0.03570348742,0.0619730879,-0.235182706,-0.05834933365,-0.1571164639,-0.1318881611,-0.320781123,0.792424264,0.2761506519,-0.01262793167,-0.9949708777,1.901459821,0.4878734577,1.280645337,1.218668975,-0.1038262281,-0.01026343292,-0.8695423491,-1.860451706,0.4728527861,-1.164648282
-0.06184862324,-0.02824125335,0.1064523597,-0.01730738924,0.7964688851,0.04305505153,0.6028963691,-0.07545695357,-0.04391345304,0.04533185309,0.4238649427,-0.01080612583,0.04421404811,-0.3235283729,0.4019837939,0.02479027573,0.06638326864,-0.1868652262,-0.05610478843,-0.1527403658,-0.1446839861,-0.3228075243,0.7993020081,0.2785917626,-0.01634838112,-0.9857574152,1.893709444,0.4813245985,1.302186511,1.22053028,-0.1041917339,-0.01135132288,-0.8483134358,-1.847769396,0.4682603156,-1.186006859
-0.05601934379,-0.0286751767,0.1097256593,-0.01727282848,0.8006427156,0.039884099,0.5975635113,-0.06129401928,-0.06041606304,0.04947714816,0.4329326232,-0.01408620852,0.04587052134,-0.3470691998,0.3941335251,0.01528497553,0.07081503581,-0.1386946004,-0.05379429815,-0.1473504545,-0.1560891161,-0.3235802872,0.8071761507,0.2814349396,-0.01883506124,-0.9766981312,1.885359175,0.4736003823,1.322166389,1.220216779,-0.1041497053,-0.01314783725,-0.8277099786,-1.835564319,0.4633336167,-1.208083914
-0.05034288532,-0.02868055033,0.113277986,-0.01665330748,0.8047745067,0.03662579559,0.5922155113,-0.05038862863,-0.0758231814,0.05251888086,0.444098627,-0.01740716458,0.04741383697,-0.3711281331,0.3831270797,0.009976804454,0.0768204093,-0.09117832078,-0.04984692592,-0.1401539511,-0.1659785943,-0.3234102287,0.8150678071,0.2846183025,-0.02139710993,-0.9674632775,1.877203538,0.4656464513,1.337470433,1.216308045,-0.1033494575,-0.01492323792,-0.8080486968,-1.823939688,0.458690403,-1.230245436
-0.04480974178,-0.0282779511,0.1170736436,-0.01511044109,0.8085963607,0.03381074456,0.5871970994,-0.04118341515,-0.08921000049,0.0547962394,0.4556500537,-0.02022123433,0.04876953231,-0.3943037637,0.3693128025,0.007593123994,0.08319306467,-0.04379693191,-0.04575028683,-0.1319357046,-0.1740536517,-0.3212199316,0.8229563569,0.2879617945,-0.02349479347,-0.9576103933,1.868923695,0.456597505,1.349531032,1.209885036,-0.1017269866,-0.01731340802,-0.789382502,-1.812484095,0.4534846573,-1.253455089
-0.03946912348,-0.02756052401,0.1210555164,-0.01250615222,0.8121238182,0.03172790749,0.5824876308,-0.03648540515,-0.09869604465,0.05603870324,0.4689656939,-0.02175493826,0.04973340426,-0.4156868796,0.3515027564,0.005863812759,0.09194185328,-0.001941045073,-0.04133567217,-0.1234764325,-0.1803484807,-0.3180656874,0.8288172575,0.2916672439,-0.02637967932,-0.9463221032,1.860703554,0.4467531184,1.357328275,1.199627398,-0.09896729728,-0.01956218283,-0.771488922,-1.801920809,0.4493911536,-1.275960006
-0.03431941337,-0.02647152059,0.1251826084,-0.009824360194,0.8152445767,0.02963610258,0.5782745573,-0.03459611926,-0.1045734823,0.0567551067,0.4817566859,-0.02265226202,0.05048722301,-0.4346940312,0.3283593183,0.0009893021042,0.09944526032,0.03293675506,-0.0391494045,-0.1125668836,-0.1845917859,-0.3136943072,0.8334650528,0.2949264888,-0.02908034028,-0.9338341342,1.852623788,0.435047711,1.361308917,1.186339654,-0.09586972516,-0.02234527285,-0.7545598242,-1.791678167,0.4450007805,-1.298522644
-0.02944931865,-0.02490637093,0.1295566018,-0.008585190179,0.8183386717,0.02631171862,0.5740695135,-0.03680507234,-0.1086239404,0.05887361427,0.4949233846,-0.02272825933,0.05039485148,-0.4535021705,0.298386174,-0.01577662659,0.101233908,0.04427931032,-0.0416503456,-0.09682730669,-0.1860463747,-0.3096946216,0.8352884979,0.2967271712,-0.03242103099,-0.9199780959,1.844648235,0.4218065683,1.361651477,1.168566634,-0.09300558733,-0.02417433399,-0.7392957166,-1.782069799,0.4418858549,-1.319366918
-0.02485864667,-0.02301050006,0.1341782343,-0.008238386669,0.821018918,0.02223299747,0.5704084143,-0.04128488181,-0.1108715418,0.06100624743,0.5073407403,-0.02241270355,0.05006151968,-0.4711835631,0.2667625824,-0.03029104913,0.1014758589,0.05007167234,-0.04422672226,-0.07825130244,-0.1850576885,-0.3045277962,0.8359283554,0.2970258605,-0.03493329605,-0.9054174882,1.83661372,0.4075457034,1.359818531,1.145678991,-0.09069477788,-0.02568600643,-0.7254246853,-1.772918546,0.4381266249,-1.338521048
-0.02058357954,-0.02102240385,0.1390595669,-0.007422497925,0.8233869511,0.01868589858,0.5671240362,-0.0499014886,-0.1116006433,0.0619641592,0.5227065097,-0.02142906176,0.04915265778,-0.4885066098,0.2381399947,-0.03568679336,0.105725909,0.0536818062,-0.04380892898,-0.0617673109,-0.1819451876,-0.2988382174,0.8327924915,0.2958388528,-0.03769961181,-0.8904222308,1.828511273,0.393129879,1.355649043,1.116259052,-0.08755775491,-0.02527504216,-0.7115651108,-1.764988894,0.4359089594,-1.355665501
-0.01662586743,-0.01896916212,0.144086369,-0.006093242886,0.8253419539,0.01575703541,0.5643804102,-0.06102059406,-0.1107065714,0.06175620369,0.5381036769,-0.02003742051,0.04820393053,-0.5037642472,0.2125273506,-0.03494257025,0.111948588,0.05646056117,-0.04222132538,-0.04701094865,-0.1766891359,-0.2924694161,0.8270772977,0.2934919857,-0.03980484444,-0.8749123573,1.820477217,0.3789959661,1.349658948,1.082143706,-0.0836778533,-0.02389938313,-0.6984262245,-1.757937975,0.4331142575,-1.371408168
-0.01297334293,-0.01689896555,0.1491407676,-0.004269088947,0.8271026821,0.01343985582,0.5618739169,-0.07582193134,-0.109021835,0.06075378585,0.5553963495,-0.01785233095,0.04675203448,-0.5172317144,0.1890956605,-0.03188654039,0.1178127977,0.05669593286,-0.04020125265,-0.03478420061,-0.1697635231,-0.2873890264,0.8165262435,0.2895463382,-0.04221818612,-0.8581370571,1.812229771,0.3640366094,1.34218309,1.042904741,-0.07924859016,-0.02107185701,-0.6848658017,-1.75152796,0.4301070707,-1.385960631
-0.009660779719,-0.01477107557,0.1542004231,-0.002888329521,0.8285935913,0.01092108936,0.5597365879,-0.09261701898,-0.1068698679,0.06001831015,0.5717350897,-0.01545784135,0.04529472644,-0.5290505714,0.1667787042,-0.03040352201,0.1211469838,0.05115638373,-0.03939465641,-0.02247589667,-0.1613053223,-0.2831885536,0.8029083084,0.2839029286,-0.04392740365,-0.8403673899,1.80415267,0.3490617477,1.333589451,0.9999269265,-0.07464533611,-0.01778270146,-0.6718464848,-1.74554183,0.4252618593,-1.398952937
-0.006652834135,-0.01263357662,0.1591836527,-0.001922582188,0.8298678005,0.008204248649,0.557896431,-0.1124837085,-0.1046525571,0.05965027876,0.5903749478,-0.01233338883,0.04348059104,-0.5397623193,0.1453453408,-0.03036655103,0.1223460708,0.04003524266,-0.0391706352,-0.01041444785,-0.1517039107,-0.2807970355,0.784398984,0.2766101124,-0.04544443397,-0.8203605765,1.79541903,0.3337175778,1.325262044,0.9526099919,-0.07006976174,-0.01305315014,-0.6579197832,-1.739823894,0.4202883857,-1.411011451
-0.003998537587,-0.01050263618,0.1640583005,-0.001716963974,0.8307835868,0.004957123488,0.5565708498,-0.1335923531,-0.1024884244,0.05982528745,0.6084026338,-0.009033364489,0.04174082691,-0.5492989302,0.1254078227,-0.03071626787,0.121789503,0.02643251017,-0.03937250451,0.002360723091,-0.1411135454,-0.2794226678,0.7632284988,0.2680644749,-0.04626966674,-0.7988689361,1.7874465,0.3196944681,1.31639214,0.9023670358,-0.06563700222,-0.007866825682,-0.644079641,-1.734502157,0.4134466675,-1.421178606
-0.001631178889,-0.008498608636,0.1686857872,-0.001717539502,0.8312403586,0.001764933997,0.5559077273,-0.1570527536,-0.1007323338,0.05997824062,0.6285568295,-0.00540658994,0.03963712698,-0.5570503295,0.1085189611,-0.02961183047,0.1241653103,0.01466518102,-0.03901043049,0.01354858343,-0.129989735,-0.2799455799,0.7381909327,0.2587268205,-0.04828260748,-0.7745481432,1.779318202,0.3069061573,1.308376793,0.8490660869,-0.06132853074,-0.0009244670273,-0.6289418578,-1.729364702,0.4047000348,-1.428573995
0.0003915711146,-0.00661597017,0.1730001639,-0.002024405497,0.831170892,-0.001453058584,0.5560114556,-0.181430174,-0.09934415107,0.06023200273,0.647975695,-0.001761479193,0.0376532645,-0.562209129,0.09441448457,-0.028248828,0.1277026773,0.004521212264,-0.03860389129,0.02381253038,-0.1183586257,-0.2818378644,0.7113583719,0.2488297969,-0.05003049112,-0.7483904331,1.771778258,0.2958081064,1.300629069,0.7948045986,-0.05678563563,0.006400036268,-0.6134009213,-1.72466335,0.3928342502,-1.432989615
0.002071621846,-0.004957953585,0.1768846196,-0.002381314332,0.8305458403,-0.004567749179,0.5569264514,-0.2072862732,-0.09829428584,0.0603715448,0.6695677635,0.001692529008,0.03548461059,-0.5645698493,0.08325375895,-0.02660083228,0.1355156031,-0.005041307729,-0.03810384496,0.03194513457,-0.1065622397,-0.285633309,0.6824671093,0.2391271624,-0.05126518246,-0.7191050877,1.763487963,0.2864155214,1.295932247,0.7378952839,-0.05134505471,0.01323304324,-0.5956027617,-1.718270804,0.3764218413,-1.437305297
0.003346157981,-0.003497892375,0.1802534104,-0.002802886764,0.8293826489,-0.007586196968,0.5586224263,-0.2335742627,-0.09759163601,0.06048133088,0.6903856582,0.005041315275,0.03350517136,-0.5633427889,0.07477887886,-0.02523545002,0.1449693719,-0.013067214,-0.03761410738,0.03885687661,-0.09473956683,-0.2910438309,0.6531459303,0.2299411127,-0.05146341631,-0.6879214125,1.755059638,0.2788028021,1.292781732,0.6812048873,-0.04518000825,0.01981103403,-0.5763289685,-1.71293327,0.3595079745,-1.439653686
0.0042619429,-0.002207683651,0.1830264887,-0.003052679875,0.8276208545,-0.01013745992,0.5611876997,-0.2602918276,-0.09699990375,0.06022182877,0.7133330892,0.008293585859,0.03136367334,-0.5587056298,0.06896614506,-0.0240976194,0.1575398679,-0.02031843423,-0.03734591816,0.0439941756,-0.08274190454,-0.2981985918,0.6230748441,0.2212903488,-0.05252404467,-0.6534716632,1.745822318,0.2729143019,1.292945775,0.624873663,-0.03880634832,0.02815371459,-0.5541567597,-1.708609476,0.3443044064,-1.440959849
0.004765591302,-0.001070924711,0.1851232732,-0.003089826011,0.8253233827,-0.01231123914,0.5645176706,-0.2866470617,-0.09675985607,0.05987366573,0.7354258199,0.01152316554,0.02942168956,-0.5502256228,0.06539839665,-0.02347015667,0.1709270173,-0.02620015583,-0.03714306698,0.04826127066,-0.07101215544,-0.3069562429,0.5936350596,0.2132856434,-0.05303301491,-0.6173827245,1.736554168,0.268187851,1.294526403,0.5718763973,-0.0319140412,0.03688701205,-0.5306126806,-1.705505271,0.330753883,-1.441202746
0.004892170858,1.375020007e-05,0.186519155,-0.002980146252,0.8224012164,-0.01390120464,0.5687302652,-0.3122374463,-0.09623936081,0.05908592691,0.7592398601,0.01442297875,0.02731269062,-0.5383367685,0.06330323839,-0.02328992755,0.1858533836,-0.03184806976,-0.03717603681,0.05247700727,-0.05879544066,-0.3167794864,0.5644702919,0.2058558477,-0.05352491727,-0.5791077205,1.726557677,0.2637658631,1.298334708,0.5220689981,-0.02526009374,0.04697661977,-0.5047282123,-1.7024173,0.3197792163,-1.443047144
0.004612033397,0.001036636182,0.1871398925,-0.002651599449,0.8189635983,-0.01508563242,0.5736410179,-0.3365917978,-0.0958457482,0.05821474816,0.7819707352,0.01725330972,0.02539997459,-0.523097475,0.06230771571,-0.02345838294,0.2006796431,-0.03653162553,-0.03725606662,0.0569851068,-0.04676105618,-0.327806403,0.5372209261,0.1991513935,-0.05329525979,-0.5404625113,1.717044757,0.2596012716,1.302202101,0.4774776421,-0.01858343558,0.05681929358,-0.4783255848,-1.699437468,0.3106065854,-1.445488148
0.003970187363,0.00193128274,0.1870464161,-0.002261166439,0.8147558388,-0.01590920409,0.5795814934,-0.3589601197,-0.09485429929,0.05708723001,0.8057151062,0.02051255982,0.02351557117,-0.5043153873,0.06293301783,-0.02412439812,0.2155934505,-0.04107012224,-0.0377474829,0.06161379714,-0.0351496695,-0.3380510218,0.5123564814,0.1927667228,-0.05273045815,-0.5019149356,1.707723959,0.255405095,1.307659927,0.4383977487,-0.01323168526,0.0666684464,-0.4521836035,-1.695956285,0.3032987562,-1.448252587
0.002955798788,0.002680290217,0.1861655962,-0.001659185234,0.8099967151,-0.01657280432,0.5861978426,-0.3795109541,-0.09383937909,0.05594954115,0.8280798237,0.02390685389,0.02185937786,-0.4827618634,0.06459902075,-0.02518955513,0.2297293576,-0.04487478296,-0.03827844515,0.06645782516,-0.02477837008,-0.3482461648,0.4908098687,0.1871417829,-0.0515894492,-0.4652182557,1.699425177,0.2511339301,1.312313863,0.4061603407,-0.008774433987,0.07554794448,-0.4279468384,-1.692504651,0.2972872542,-1.450225443
0.0016387938,0.003414129026,0.1846049888,-0.001260003847,0.8044745042,-0.0169437857,0.5937441306,-0.3980902739,-0.09160163059,0.05486582468,0.8511923227,0.02815570357,0.02008233478,-0.458163463,0.06766316269,-0.0267907106,0.2430753249,-0.04841567157,-0.03907202613,0.07224069072,-0.01458868777,-0.3571768851,0.4720696581,0.1817602123,-0.05048418478,-0.4300264795,1.691350274,0.2456007262,1.317383628,0.3760181177,-0.00646117195,0.0821871046,-0.4036525997,-1.687837353,0.2927865759,-1.457966372
1.977078012e-05,0.004097336469,0.1823238212,-0.0008705721962,0.7984067343,-0.01731957476,0.6018687241,-0.4149697807,-0.08902113396,0.05386800431,0.8728300089,0.03257437061,0.01846949512,-0.4315705059,0.07137809476,-0.02870248653,0.2553998562,-0.0513565812,-0.03983040544,0.07849761357,-0.005510902257,-0.3655936625,0.4569524276,0.1771218126,-0.0492374779,-0.3979000327,1.684567809,0.2395404916,1.320545277,0.3547301961,-0.005814388152,0.08633290872,-0.3834237305,-1.686206901,0.291293732,-1.459918984
-0.001732708855,0.004829304197,0.1797112705,-0.000900999349,0.7912675887,-0.01794210587,0.6112060799,-0.4302848009,-0.084991428,0.05375465881,0.8942549516,0.03893841735,0.01679103347,-0.4013128045,0.0758331467,-0.030844856,0.2662871608,-0.05415451637,-0.04100205539,0.08507414648,0.002886051469,-0.3712584077,0.4441367121,0.1727434626,-0.04808350995,-0.3675166942,1.678564052,0.2326268003,1.323465954,0.3439547623,-0.007265168414,0.08928934901,-0.3679892953,-1.688024395,0.2916760339,-1.453489465
-0.003627734905,0.005561131688,0.1767112329,-0.001216252757,0.7833888444,-0.01914752582,0.6212357132,-0.4448045912,-0.08042113409,0.05413834663,0.9136983496,0.04555690333,0.01525589601,-0.3690932046,0.08034052255,-0.03294510567,0.2761026894,-0.05652826327,-0.04215473276,0.09157002765,0.009709415479,-0.3756364002,0.4342952016,0.1692173697,-0.04689637074,-0.3401650351,1.673846883,0.2255043497,1.324168573,0.340299787,-0.01050171445,0.09134500003,-0.3563075128,-1.691846307,0.291852009,-1.441425264
-0.005548783964,0.006382239657,0.1735496741,-0.002218753143,0.7743459919,-0.02134017163,0.6323985761,-0.4567389153,-0.07407008827,0.05604840965,0.9287361592,0.05261130919,0.01369275852,-0.3342129267,0.0845463311,-0.03485807699,0.2845935277,-0.0582199921,-0.04340918431,0.09838635761,0.01513699854,-0.3775471654,0.4259598343,0.1665233373,-0.04603151521,-0.3141112237,1.669931759,0.2182857301,1.32450589,0.3389116738,-0.0159051928,0.09280703552,-0.3450173069,-1.697246764,0.2917894661,-1.427328185
-0.007541106545,0.007286390111,0.1701790513,-0.003751915288,0.7645589986,-0.0245105923,0.6440766194,-0.4679282326,-0.06679405822,0.05812956069,0.9400988894,0.0590120443,0.01226267273,-0.2985959668,0.08808298343,-0.03644272773,0.2922109281,-0.05945690092,-0.04455802356,0.1051702265,0.01898152879,-0.3786709201,0.4195564293,0.1649448906,-0.04541701903,-0.2902582271,1.667087103,0.2111946441,1.322492482,0.3386364386,-0.02304669977,0.09408148706,-0.3335926594,-1.703445166,0.2909589139,-1.411269936
-0.009634591041,0.008185316901,0.167251814,-0.007070319239,0.7530190097,-0.02869507121,0.6573347507,-0.4830870657,-0.0496487455,0.06701213114,0.9605222084,0.0690208861,0.01094736898,-0.2574372689,0.09189159122,-0.03779558939,0.2989917846,-0.05977788814,-0.04546833326,0.113579696,0.02337397472,-0.3738417948,0.4126351391,0.163752237,-0.04508994786,-0.2672642481,1.664727021,0.2047670681,1.319327686,0.3347808363,-0.03204308491,0.09485366675,-0.3193194548,-1.711958552,0.2884752241,-1.398458546
-0.01158081212,0.008853925591,0.1648673616,-0.009652766025,0.7430667192,-0.03330161398,0.6683185448,-0.4875818171,-0.0372009372,0.06834151958,0.9559547652,0.07350385845,0.009910574027,-0.2227261047,0.09276983907,-0.03837413448,0.3052377591,-0.05949284392,-0.04622447105,0.1196741688,0.02391803289,-0.3740885536,0.4060054772,0.1642596005,-0.04486321378,-0.2453280158,1.662821383,0.1989693694,1.313925676,0.3290150897,-0.04186026431,0.09655485599,-0.3014010308,-1.724481508,0.2841187271,-1.382260872
-0.01318129312,0.009154990991,0.1638755304,-0.008628672025,0.7360583786,-0.03601912495,0.6759040109,-0.4829407608,-0.03436651705,0.06246419154,0.9345270819,0.0718023787,0.009099421166,-0.1983233106,0.08969978558,-0.03890330237,0.3094619894,-0.05991181128,-0.04699027249,0.1173479186,0.01943241748,-0.3808822391,0.3956026027,0.1668598207,-0.04497108614,-0.221006454,1.661227722,0.1942835614,1.309056494,0.3190276465,-0.05151132155,0.09948720602,-0.277160123,-1.743696311,0.2784302407,-1.361704303
-0.01452528421,0.009143002361,0.1643634018,-0.005686187599,0.7313236696,-0.03752544922,0.6809737133,-0.4758477934,-0.03746616914,0.05216481953,0.9078740422,0.0701709906,0.00849916904,-0.1823753155,0.08549343526,-0.03848982086,0.3123234988,-0.06055721893,-0.04772794994,0.1110797016,0.01120229357,-0.3910779152,0.3807932247,0.1709458008,-0.04558971967,-0.1950335677,1.660206768,0.1899750442,1.30208862,0.3047550678,-0.06072143078,0.1021088817,-0.2480028549,-1.763991069,0.2732640062,-1.339352135
-0.0156718258,0.008911291202,0.1661557516,-0.002008107339,0.7275676295,-0.03866923281,0.6849423351,-0.4674225707,-0.04404151952,0.04068109545,0.8780537964,0.07205240447,0.00768320029,-0.1704232371,0.08049112103,-0.03742638322,0.3141225434,-0.06155797355,-0.04896131524,0.1025577285,0.00107837724,-0.4009058031,0.3614812763,0.1753949397,-0.0463391518,-0.1664273408,1.660180479,0.1871003373,1.295712966,0.285193271,-0.06821344625,0.1046579676,-0.2141879172,-1.780620243,0.270592289,-1.322825357
-0.01673170156,0.008533003461,0.1691681963,0.001405884352,0.7245236226,-0.03973354104,0.6881023104,-0.4598976989,-0.05132172569,0.02941189334,0.8493983892,0.07581053027,0.006875387773,-0.1616614088,0.07594438905,-0.03582193037,0.3152345035,-0.06263003099,-0.05023066455,0.09427084856,-0.009685141036,-0.4094419953,0.3385690497,0.1799040561,-0.04722744965,-0.1365881268,1.660537059,0.1848382008,1.288967026,0.2609832004,-0.07376934029,0.1057356747,-0.176564425,-1.793097482,0.2694378805,-1.313685624
-0.01774442823,0.008161881069,0.1730081119,0.004336370181,0.7212971507,-0.04102049796,0.6913963661,-0.4520457515,-0.05880499872,0.01952228993,0.8184520113,0.08072173654,0.006411303172,-0.1536854175,0.07127596168,-0.03416780667,0.3155463348,-0.0629663037,-0.05092609547,0.08670910156,-0.02036831184,-0.414874987,0.3113284896,0.1837468544,-0.04830125592,-0.1043484784,1.661754727,0.1847900962,1.284605535,0.2325971561,-0.07716821141,0.105009354,-0.1352978465,-1.801660738,0.2692625375,-1.311136775
-0.01880605859,0.007845065455,0.1775614259,0.006463409011,0.718106243,-0.04233619903,0.6946144934,-0.4453302977,-0.06517689095,0.01131420371,0.7878235312,0.08532950451,0.006082478743,-0.1470888714,0.06729042036,-0.03266132842,0.3153959997,-0.06308180379,-0.05138319367,0.08050598957,-0.03020400315,-0.4178986612,0.2815568529,0.1868786645,-0.04941084314,-0.07132918531,1.663011297,0.1854182341,1.280872827,0.2004159541,-0.07857823447,0.1016484068,-0.09066950836,-1.807397278,0.2691905899,-1.313667368
-0.01997451348,0.007618587244,0.18251858,0.008074734793,0.714470286,-0.04350304088,0.6982653468,-0.4385611052,-0.07042984183,0.003984704311,0.7506270688,0.08815437552,0.005242529206,-0.1397449629,0.06417111229,-0.03174460937,0.3135658496,-0.06311877958,-0.05214216787,0.07498400087,-0.03934641357,-0.4172610057,0.2500763624,0.188158958,-0.05058299372,-0.03704987579,1.665364954,0.1871808906,1.280134437,0.1658179496,-0.07771422568,0.09511709893,-0.04394466365,-1.811958486,0.2679194046,-1.319479758
-0.02134511462,0.007517971346,0.1878459611,0.00924552394,0.7108345641,-0.04407689164,0.7019159283,-0.4333711768,-0.07439984478,-0.002900633485,0.711428351,0.08875207253,0.00439089116,-0.1332864403,0.06236843022,-0.03169668561,0.3110684607,-0.06325877243,-0.05288601876,0.06997768303,-0.04743921652,-0.4142028929,0.21760033,0.1880887952,-0.05212730779,-0.003400802532,1.667965809,0.1888817925,1.279063071,0.1297025053,-0.07555166176,0.08575163543,0.003764636757,-1.816027348,0.2657316435,-1.326477478
-0.02295779878,0.007590217709,0.19341718,0.01047200201,0.707253455,-0.04312899809,0.7055655725,-0.4303497814,-0.07555551725,-0.01031652709,0.6553493117,0.07463945391,0.00512869559,-0.1271624573,0.06144994646,-0.03353918228,0.3088543815,-0.06326136814,-0.05300509724,0.06450288355,-0.05396225829,-0.4087563184,0.1820024989,0.1865329343,-0.05475407429,0.02938606041,1.671624651,0.1914856482,1.276291554,0.09366140208,-0.07270690902,0.07431486838,0.05044397643,-1.820207814,0.2644218903,-1.33396966
-0.02463278704,0.007799680543,0.1989488485,0.01129564692,0.7039707494,-0.04233104538,0.7088763468,-0.4265971324,-0.07682931625,-0.01727019024,0.6107102635,0.06855130967,0.004912977543,-0.1222866895,0.06012171617,-0.03504611241,0.3071052826,-0.06317634621,-0.0529303462,0.06061276093,-0.06069986083,-0.4027182358,0.1466579932,0.1842426928,-0.05799840856,0.05996512703,1.675492951,0.1939253883,1.271331476,0.05904872287,-0.06911196485,0.06118508044,0.09586605767,-1.824299714,0.2635386639,-1.34204413
-0.02660650788,0.007976108928,0.2040591191,0.01229498667,0.7011050905,-0.0422703244,0.7116977624,-0.4205014244,-0.07927086242,-0.02166544696,0.5807481143,0.06267627636,0.002608491121,-0.1206119932,0.05887941353,-0.03751538517,0.3099005601,-0.06577676918,-0.05276162742,0.0594437549,-0.07119815635,-0.3977880336,0.1109176775,0.1820296545,-0.06424689859,0.08855848147,1.674631228,0.1937586675,1.265815708,0.02826263154,-0.06602271925,0.04766266789,0.1382303776,-1.824242426,0.2640539951,-1.350899371
-0.02889120141,0.008151043243,0.2086396768,0.01317159765,0.6986144853,-0.04272866409,0.7140998328,-0.411760467,-0.08189314987,-0.02368479472,0.5596677209,0.05407787155,-0.0002689801523,-0.1208821675,0.05860989298,-0.04067857169,0.3144038906,-0.06872744686,-0.05257025876,0.06012718709,-0.083943364,-0.3940773085,0.0766682622,0.1791584977,-0.07175189977,0.1136569833,1.672359663,0.1928078955,1.258332246,0.0008940467268,-0.06323673287,0.03399225088,0.1772834118,-1.821096455,0.26561138,-1.360116986
-0.03130916195,0.008358077322,0.2124141937,0.01349530874,0.6962535354,-0.04376923448,0.7163331244,-0.3961218147,-0.08366770413,-0.02326676316,0.5391988821,0.0400096485,-0.001477912884,-0.1207398449,0.05739599559,-0.04498235659,0.3190090997,-0.07155450379,-0.05251575114,0.06167252699,-0.09714191538,-0.3917099549,0.04591175718,0.1748709917,-0.07857914097,0.1346687746,1.672730048,0.1941242475,1.248998976,-0.02315275467,-0.06064154019,0.02363486196,0.2136697356,-1.816963036,0.2712202229,-1.367781906
-0.03391912343,0.008618696498,0.2154358799,0.01356463003,0.6944362304,-0.04457082481,0.7180444028,-0.3772190837,-0.08461611229,-0.02239942047,0.5179870108,0.02042163681,-0.001686444675,-0.1212343863,0.05624931848,-0.04989834501,0.3232254171,-0.07399342445,-0.05249338595,0.06254929172,-0.1099196639,-0.3916870534,0.01881823284,0.1695266802,-0.08498196427,0.1513099106,1.674050538,0.1961617324,1.238440305,-0.04391515336,-0.05787405468,0.01410734074,0.2464012991,-1.812429279,0.278263578,-1.374138888
-0.03658312504,0.008889515412,0.2176287605,0.01289668643,0.6926458079,-0.04557152427,0.7197212631,-0.3526370479,-0.08487069056,-0.0244711252,0.4931696939,-0.005192320892,-0.002392018526,-0.1226591406,0.05551803958,-0.05633071386,0.3279610039,-0.07864424924,-0.05315357329,0.06423789282,-0.1226764145,-0.3929154711,-0.003965051135,0.1637766949,-0.09165400243,0.1630876857,1.675161685,0.1976082857,1.225966874,-0.06071768354,-0.05604624338,0.005472752232,0.275725012,-1.806412898,0.2852012459,-1.379900659
-0.03934136371,0.00919753116,0.2190709607,0.01186462899,0.6911724855,-0.04623075573,0.7211120184,-0.3259283531,-0.08466306872,-0.02880375009,0.4671590966,-0.03728016182,-0.00315332788,-0.1257091421,0.05555763651,-0.06352376732,0.3324560117,-0.08351253109,-0.0539069662,0.06549222576,-0.1350465263,-0.3960166843,-0.02305794544,0.1577193543,-0.09864714646,0.1703646005,1.676550761,0.1988145259,1.211751984,-0.07408513454,-0.05502634807,-0.002651160871,0.3016484685,-1.79911778,0.2914051998,-1.384942559
-0.0421738737,0.009505053816,0.2196245822,0.01029269433,0.6898884938,-0.04747151562,0.7222841419,-0.2975018109,-0.08412952318,-0.03369247575,0.441467123,-0.07645446451,-0.003021185228,-0.1291809385,0.05394335439,-0.07156321137,0.3391817381,-0.08854654079,-0.05405619852,0.06698267538,-0.1473381759,-0.4012282337,-0.03777422705,0.1512517636,-0.104543889,0.1734375026,1.679168975,0.200364731,1.19672801,-0.08319377538,-0.05540777536,-0.007672672281,0.3228349085,-1.789424586,0.2939961162,-1.386243251
-0.04509606357,0.009815455499,0.2193804893,0.008534904857,0.6888857194,-0.04864493941,0.7231855162,-0.2696239599,-0.08321713792,-0.03928897176,0.4166402581,-0.120677818,-0.002336319062,-0.1328177837,0.05152139198,-0.0794047363,0.3463885599,-0.09290968591,-0.05401078106,0.06756989852,-0.1590882097,-0.4085529045,-0.04909116419,0.1446445419,-0.1099532752,0.1731680553,1.682191427,0.202039589,1.181841936,-0.08897016737,-0.05645048604,-0.01110382666,0.3397805052,-1.777853644,0.29196145,-1.385694797
-0.04810797514,0.01004514795,0.218349983,0.006961619804,0.6879730708,-0.0502093344,0.7239638199,-0.2420167163,-0.08351220729,-0.04580355175,0.3926344311,-0.1690359657,-0.001212399738,-0.1359922976,0.0475218261,-0.08704097409,0.3563087668,-0.09878421681,-0.05414411117,0.06703486314,-0.1711828487,-0.4171681253,-0.05713773443,0.1385294834,-0.1138544063,0.1699023814,1.684863441,0.2030687963,1.168627223,-0.09033151133,-0.05745217763,-0.009901937781,0.3502617369,-1.76300146,0.288263004,-1.379558616
-0.05119526556,0.01020687789,0.2166433837,0.005809424886,0.6872269031,-0.05162206536,0.7245830501,-0.216937198,-0.08467951979,-0.05257141984,0.3684470916,-0.2244674795,2.30525393e-06,-0.1383881737,0.04270683103,-0.09384347503,0.3667267995,-0.1042648774,-0.05432600978,0.06473799316,-0.1831198837,-0.4270175257,-0.0630686369,0.1329577031,-0.1169415978,0.1648081956,1.687191496,0.2039445858,1.157516906,-0.08875598542,-0.05722926496,-0.006996987658,0.3556364716,-1.745920568,0.2810153423,-1.371557258
-0.0543549761,0.01019163334,0.2143963128,0.005566968147,0.6865722521,-0.05247563234,0.7251440268,-0.1960955338,-0.08511990598,-0.05776755013,0.3398199072,-0.2923448791,0.001937102407,-0.1393641775,0.03611787658,-0.1004419802,0.3780359597,-0.1105144358,-0.05350875211,0.0588680483,-0.1951535826,-0.4376751481,-0.0680625363,0.128083729,-0.120259632,0.1587665308,1.684425608,0.2034288343,1.150107135,-0.08502624509,-0.05563074296,-0.0007170229588,0.3561323612,-1.725177128,0.2714293039,-1.360746309
-0.05761575915,0.01005657128,0.211681222,0.006016519187,0.6858413814,-0.05259899599,0.7258228067,-0.1802446254,-0.08482529135,-0.06252660047,0.3113982424,-0.3567981647,0.003672910207,-0.1382292688,0.0287791858,-0.1059754245,0.3890073448,-0.1161661237,-0.05250729224,0.05026555271,-0.206535409,-0.4482744298,-0.07304398416,0.1232058415,-0.1230725768,0.1526612212,1.679803743,0.2030843205,1.14552955,-0.0803260425,-0.05167715268,0.005515822404,0.3530931395,-1.702288371,0.2580397687,-1.35012539
-0.06096249981,0.00978150397,0.2085302257,0.00678873082,0.6850397604,-0.0527658841,0.7265605283,-0.1672140243,-0.08512780415,-0.0684794511,0.2887041993,-0.4123789857,0.005112892811,-0.1351432482,0.01960901548,-0.1108222384,0.3996721895,-0.1232388221,-0.05156767646,0.04118135389,-0.2182966644,-0.4581636354,-0.07832729799,0.1192974008,-0.1250847582,0.1455678485,1.675428977,0.2030732899,1.141805272,-0.07361217957,-0.0466417329,0.01310138717,0.3446502873,-1.674954443,0.2427032364,-1.337541095
-0.06433449393,0.009436531547,0.2048981738,0.007226909522,0.6841909282,-0.05341663133,0.727308194,-0.1548135966,-0.08605323906,-0.07560336618,0.2733705956,-0.4632024709,0.005949115097,-0.1303215959,0.009535244279,-0.1138897872,0.409453912,-0.1298719178,-0.05079480231,0.03364203026,-0.2296099726,-0.4678247961,-0.080977259,0.1167397665,-0.1266855022,0.1343352478,1.673888466,0.2040575124,1.133517771,-0.06593188029,-0.03959885108,0.02002039789,0.3332837019,-1.646593752,0.2276972549,-1.326140909
-0.06764106101,0.009103540761,0.2012403036,0.007957072921,0.6834285376,-0.05395752782,0.7279771316,-0.146583716,-0.08814216242,-0.08429059551,0.2676976838,-0.5101713752,0.006950317619,-0.1249916423,-0.001667832351,-0.1161769435,0.4197545365,-0.1374631584,-0.05015941406,0.02862319663,-0.2404144065,-0.4758136487,-0.08025765783,0.1147069051,-0.1289747221,0.1181935551,1.675461164,0.2051660938,1.119116467,-0.05762728431,-0.03425627821,0.02908706773,0.3193946554,-1.616528071,0.2175306811,-1.316544284
-0.07083161049,0.008782070755,0.1974974912,0.008618867088,0.6827293933,-0.05457268066,0.7285795174,-0.140121551,-0.09077555069,-0.09329897676,0.2677791907,-0.5540963306,0.007665403492,-0.1188465458,-0.01318540334,-0.1170126896,0.4294671401,-0.144412522,-0.04968064839,0.02660780655,-0.2502549156,-0.4826085681,-0.07591092808,0.1134539327,-0.1324638954,0.09729190555,1.678512888,0.2059035792,1.10049894,-0.04893098445,-0.02951271188,0.03587869372,0.3042349873,-1.589419457,0.2112202107,-1.310293343
-0.07421334973,0.008490957354,0.1937162919,0.009434380018,0.6823872493,-0.0552356596,0.7288399388,-0.1365267956,-0.0942667941,-0.102184739,0.2727161407,-0.5963408847,0.008796142225,-0.1133758719,-0.02613606375,-0.1179351783,0.4387997543,-0.1517725986,-0.0487113488,0.02670958183,-0.2601427234,-0.4887560373,-0.0704827391,0.1122534238,-0.1369725379,0.07264945502,1.682552083,0.2059538326,1.078405869,-0.03882789241,-0.02750473124,0.04108446676,0.2853463349,-1.566977478,0.2091588172,-1.302769977
-0.07773948523,0.008179178963,0.1899217566,0.01016434513,0.6822098708,-0.05601472157,0.7289367114,-0.1338093302,-0.09800079936,-0.1102116818,0.2797395003,-0.6373394863,0.009823267691,-0.1079531874,-0.03946520726,-0.1177915908,0.447126385,-0.1584078929,-0.04775540305,0.02828446047,-0.2696573232,-0.4942518359,-0.06471793277,0.111659746,-0.1420561837,0.04559684419,1.686701157,0.2052682404,1.053154751,-0.02636313996,-0.02735942981,0.04482475103,0.2615957668,-1.548921121,0.208941162,-1.291488076
-0.0814002349,0.007893632029,0.1860972568,0.01127823136,0.6821731667,-0.05694376536,0.7288826927,-0.1336200642,-0.1029937921,-0.1180362385,0.2908296513,-0.6774357674,0.01069113447,-0.1030088158,-0.05294862679,-0.1176510177,0.4525479624,-0.1665074637,-0.04677631871,0.03028384488,-0.2792076397,-0.4990894834,-0.05896415665,0.112071542,-0.1491422379,0.01694358212,1.691349407,0.2056352771,1.023186523,-0.01091067313,-0.03068197249,0.04950553524,0.2323082794,-1.534112606,0.2105342124,-1.277205999
-0.08517054803,0.007609432086,0.1822454953,0.01239039254,0.6821306965,-0.05830091582,0.7287970871,-0.1338454996,-0.1087059941,-0.1249151848,0.3033953389,-0.7167349453,0.01126929775,-0.09860403986,-0.06587423554,-0.1165950213,0.4560331545,-0.1743874324,-0.04593955628,0.03300801907,-0.2882932295,-0.503321994,-0.05333225347,0.1133786089,-0.1565962465,-0.01258912522,1.69591293,0.2062676614,0.9903372103,0.006100525887,-0.03600566193,0.05468404264,0.1990568652,-1.522246376,0.2109251356,-1.260234285
-0.08898725398,0.007435389264,0.1782168081,0.01336789597,0.6827106681,-0.05966425554,0.7281261015,-0.1354798868,-0.1142695703,-0.1310927922,0.3158243136,-0.7552303067,0.01098008783,-0.09743040403,-0.07901304358,-0.1164475631,0.4584598943,-0.1832867476,-0.04483093894,0.03643795821,-0.2957889522,-0.507932875,-0.04777483192,0.1151302398,-0.1652520248,-0.04301575039,1.700515135,0.2077218104,0.9570224942,0.02631027473,-0.04454082224,0.06002361366,0.1598118216,-1.513534168,0.2061109014,-1.240681931
-0.09283992806,0.007309556879,0.1740653326,0.01419368051,0.6835793413,-0.06104578165,0.7271803326,-0.1372292184,-0.1195218498,-0.1363383122,0.3267686991,-0.7926891353,0.01030729157,-0.09853464115,-0.09171114459,-0.1160612758,0.4599382228,-0.1917054434,-0.04379053017,0.04011779079,-0.3016723665,-0.512225596,-0.04286697957,0.1172630916,-0.1737284567,-0.07367768433,1.704706904,0.2094794861,0.9256270527,0.04750790189,-0.05511872254,0.06699132668,0.116882846,-1.508173444,0.2016459573,-1.217622235
-0.09673416799,0.007109529284,0.1697355023,0.01550597878,0.6843650041,-0.06231208797,0.7263066223,-0.1382148312,-0.1254062952,-0.1403268853,0.3361174563,-0.8286141071,0.01094084374,-0.1014976899,-0.1050477965,-0.116433714,0.4602601876,-0.2010399057,-0.04313791935,0.04259289172,-0.307345192,-0.5147347161,-0.0390725304,0.1187521943,-0.1815475654,-0.1049844693,1.70864107,0.2127241879,0.8967366387,0.07075046772,-0.06859342802,0.07666932787,0.06933874615,-1.50746311,0.1978442783,-1.191051077
-0.1006535357,0.006792984775,0.1652597256,0.01719614392,0.6849903179,-0.06338149373,0.7255862066,-0.1383743971,-0.1313388108,-0.1429310545,0.343566508,-0.8626636775,0.01196733616,-0.1061665868,-0.1180480093,-0.1164366527,0.4597274939,-0.2098051297,-0.04269997423,0.04387419408,-0.3126263939,-0.5155565695,-0.03609033415,0.1199199779,-0.1880704866,-0.1369256125,1.712204237,0.2166495359,0.8701514786,0.09401137963,-0.08359062166,0.087617232,0.01996538055,-1.510653078,0.1939880881,-1.16142609
-0.1046468324,0.006331704697,0.1606353816,0.02008000555,0.6852906276,-0.06399634105,0.7251744738,-0.1375205647,-0.1393691049,-0.1466963576,0.3508057182,-0.8934918987,0.0149152354,-0.1124585068,-0.1308867869,-0.1157740437,0.4593024235,-0.2206318227,-0.04196073976,0.04241255923,-0.3180654212,-0.5146869601,-0.03418630215,0.1194547725,-0.1914433639,-0.1696226937,1.716804363,0.2203003601,0.8440008041,0.1185772027,-0.09847059717,0.1011067925,-0.03094466814,-1.517590106,0.1922466222,-1.131454716
-0.1084403311,0.005579519293,0.1558069711,0.024171562,0.6854181377,-0.06500875243,0.7248389988,-0.1334548507,-0.1502907801,-0.149956106,0.35830149,-0.9135998902,0.01939001785,-0.1210632098,-0.1442329459,-0.1132568062,0.4585427431,-0.2309898377,-0.04128044788,0.03936787692,-0.3256238509,-0.5136413426,-0.03171245917,0.1193731775,-0.1928696295,-0.2032615237,1.722003083,0.223861955,0.8176757946,0.1440062354,-0.1110319747,0.1153032617,-0.08047298629,-1.527774086,0.1912647844,-1.104450138
-0.1123069553,0.004646145637,0.150908263,0.02943219552,0.684323843,-0.06525887509,0.7256554989,-0.1257077724,-0.164586144,-0.1564272113,0.3687533091,-0.9233089114,0.02386242064,-0.1285012839,-0.1564215625,-0.1115147426,0.456559566,-0.2422007636,-0.03908870624,0.03407683871,-0.3336898168,-0.5083404156,-0.02908730471,0.1200219238,-0.1922293075,-0.2387086672,1.728100457,0.2254224209,0.7904936493,0.167939753,-0.1211467189,0.1296245828,-0.127859607,-1.537484539,0.1885982622,-1.079666623
-0.1163537786,0.003632702286,0.1459081805,0.03496948093,0.6823796676,-0.06462873519,0.7272951611,-0.1160635509,-0.1798839528,-0.1637981228,0.3790446948,-0.9245987293,0.02589380358,-0.1362853153,-0.1658608299,-0.1106061168,0.4540854498,-0.2525634274,-0.03670484924,0.02835122912,-0.3406981888,-0.4999009046,-0.02705296771,0.1211421821,-0.1911918105,-0.2750951438,1.734871343,0.2258709884,0.7617414457,0.1904014018,-0.1285774575,0.1433607585,-0.1720933744,-1.546622827,0.1847641092,-1.060108361
-0.120572029,0.002870061349,0.1408017517,0.0416264406,0.67946128,-0.06312599356,0.7298045748,-0.1065154616,-0.200034143,-0.1702993585,0.3974129273,-0.9203487071,0.02656985222,-0.1454199387,-0.1748465895,-0.1079246224,0.4537327749,-0.2607097812,-0.03628772518,0.02192255669,-0.3469252178,-0.4891323569,-0.02625516288,0.122791276,-0.1910147793,-0.3093325729,1.74213265,0.2251086649,0.7328287102,0.2122304273,-0.1336189194,0.157984017,-0.2130831717,-1.552493099,0.1799804363,-1.04669732
-0.1241353961,0.002630775636,0.1364817927,0.04586220567,0.6800326106,-0.06316074845,0.7290151072,-0.108389066,-0.2200667507,-0.1711948654,0.4154443734,-0.9121331241,0.02632124482,-0.1600120625,-0.1825654184,-0.1075129504,0.4572494988,-0.2691046283,-0.03769661146,0.01978772625,-0.3500998933,-0.4884130047,-0.02487846373,0.1233476047,-0.1919416636,-0.3385895012,1.749545266,0.2241732622,0.7071244377,0.2338986947,-0.1352921373,0.1727428955,-0.246623656,-1.557409741,0.1743047861,-1.040579414
-0.126275024,0.003078341893,0.1334966369,0.04847922371,0.6849745823,-0.06279287667,0.7242352112,-0.124858756,-0.2394538239,-0.1656903908,0.4339582588,-0.9006882332,0.02663377378,-0.178825809,-0.188357493,-0.1105297482,0.4600732249,-0.2773465664,-0.03899524897,0.01928121284,-0.3495707586,-0.5005423318,-0.02281649791,0.1198762659,-0.1951709896,-0.3576640058,1.75758943,0.2236807762,0.6894703576,0.2532731924,-0.1336428606,0.1882352466,-0.2679429481,-1.558033401,0.1710612613,-1.042100191
-0.1276113392,0.003955547924,0.1318871053,0.05010045952,0.6909800899,-0.06288251883,0.718388647,-0.1453518596,-0.2595136728,-0.1535689914,0.4510885472,-0.8895349638,0.02691726404,-0.1969713559,-0.1938706328,-0.1154049507,0.4615309565,-0.2856174508,-0.03935147335,0.02163094335,-0.3474488626,-0.5136793193,-0.02278413624,0.114212636,-0.1984831074,-0.3684268041,1.765019236,0.2233192597,0.679408289,0.268026675,-0.127956728,0.2012267227,-0.2826761933,-1.558641776,0.1708089481,-1.046848134
-0.1287967716,0.005029354924,0.1313660812,0.05118032351,0.6973183028,-0.06283165428,0.7121656705,-0.1695783712,-0.2797461522,-0.1349015416,0.4688184759,-0.8811171777,0.02662479755,-0.2145773509,-0.1987537915,-0.1222846235,0.4621191466,-0.2942728052,-0.03933671382,0.02657145304,-0.3450177889,-0.5259035931,-0.02601759384,0.1059445382,-0.2003839167,-0.373005435,1.768899777,0.2205910736,0.6741763585,0.2734643372,-0.1200963947,0.2118856255,-0.2901010232,-1.559869644,0.1782434061,-1.056477033
-0.1299793216,0.006201762488,0.132048579,0.05178748027,0.7021815415,-0.0631510835,0.707298438,-0.1922917902,-0.300415255,-0.1100555861,0.4863541179,-0.8751369732,0.02604455158,-0.2278587051,-0.2036150644,-0.1299285629,0.4619887464,-0.3034721294,-0.03913166902,0.03453307362,-0.3426388673,-0.5303534434,-0.03340277517,0.09619263534,-0.2012072317,-0.3724123537,1.770230208,0.2169372997,0.6732605857,0.2750985063,-0.1117709479,0.2179053179,-0.2977759345,-1.565368177,0.1901667771,-1.061253765
-0.1313401386,0.007480147342,0.1334158736,0.05210812801,0.706063729,-0.06312919305,0.7034013496,-0.215762872,-0.3193870891,-0.08256689374,0.5036185364,-0.871457188,0.02532647301,-0.2379582671,-0.2086526817,-0.1385992439,0.4631514128,-0.3132219816,-0.03915641939,0.04439508496,-0.339462225,-0.5307927348,-0.04265504871,0.083210844,-0.2014486123,-0.3680020255,1.770086004,0.2101989151,0.6735841501,0.2760277202,-0.1051820167,0.2184106615,-0.3073867462,-1.574205613,0.2038301072,-1.060383718
-0.1328603959,0.008778343569,0.1351114521,0.05229995978,0.709072538,-0.06298763107,0.7003666243,-0.2396080246,-0.3368673348,-0.05314742612,0.5196909317,-0.8756236384,0.02454068833,-0.2450842197,-0.2142565357,-0.147461483,0.4656354422,-0.3220662734,-0.03922580183,0.05457336959,-0.3357214183,-0.5296980515,-0.05227332023,0.06799705394,-0.200994238,-0.3611893267,1.767963293,0.2021880116,0.6739964881,0.2759195417,-0.1011330334,0.2168466801,-0.3174590187,-1.585037465,0.2187683857,-1.055029511
-0.1346977208,0.009979226699,0.1371878083,0.05319682258,0.7116137488,-0.06281364657,0.6977323387,-0.2650856282,-0.3540168432,-0.02491678191,0.5347207932,-0.8792213891,0.02405649405,-0.2521350389,-0.2205368725,-0.1567608129,0.4702387199,-0.3300281635,-0.03897778456,0.06345694935,-0.3342081371,-0.527391729,-0.06317170252,0.05148984014,-0.2030525807,-0.35320851,1.763783964,0.1963223703,0.673108342,0.2733479255,-0.1003708362,0.2157171715,-0.3270416355,-1.597567089,0.2363350288,-1.046739902
-0.1367542825,0.01094232872,0.1393899188,0.05475657189,0.7137087422,-0.0631288529,0.6954396431,-0.2903299888,-0.3702043721,0.002099928628,0.5462987658,-0.8822272803,0.02350066688,-0.2590564068,-0.2273148658,-0.1648624576,0.4759336223,-0.3366805101,-0.03869544929,0.07066711578,-0.3355993606,-0.5253768979,-0.07458958933,0.033950589,-0.2063689942,-0.3442783169,1.75737859,0.1922931641,0.6718992245,0.2685250391,-0.1014497964,0.2145753338,-0.3348913376,-1.610174264,0.2541931267,-1.036630367
-0.1390844301,0.01158042153,0.1416516913,0.0577073082,0.7155045916,-0.0634784476,0.6933206564,-0.3141225832,-0.384543368,0.02688183911,0.5535499349,-0.8847939692,0.022726218,-0.2669087488,-0.2371868557,-0.1723990937,0.4848841119,-0.345527653,-0.03818235942,0.0739198908,-0.3402982763,-0.5231803277,-0.0860808614,0.01659908572,-0.2109545325,-0.3356288148,1.751314932,0.1904081324,0.6718904254,0.2618227043,-0.1030318886,0.2129120882,-0.3418378363,-1.621947964,0.2688649199,-1.024791161
-0.1416241044,0.01193009107,0.1439165063,0.06168940169,0.7169959711,-0.06387329792,0.6913981464,-0.3352345913,-0.3972456286,0.04833071057,0.556646956,-0.8868010066,0.02204113922,-0.2749566058,-0.2486543864,-0.1780237326,0.4944874588,-0.3539535664,-0.03770445017,0.07415864394,-0.3477091862,-0.5208255127,-0.09712182089,-0.001086905944,-0.2162529899,-0.3268699585,1.745146603,0.1897429335,0.6748835527,0.2530513344,-0.1049256249,0.2111432849,-0.3473052149,-1.632704767,0.2816437231,-1.01183392
-0.1445524956,0.01202818218,0.1462282142,0.06721224264,0.7187781096,-0.06378981749,0.6890365758,-0.355521833,-0.4098299651,0.06400883212,0.5595123761,-0.8865304262,0.02295801503,-0.2857570963,-0.2611740797,-0.182372122,0.5054910978,-0.363593005,-0.03742059593,0.06957044727,-0.3577095223,-0.5197224686,-0.1068697008,-0.01869953329,-0.2226261838,-0.3192026182,1.739033386,0.1898888474,0.6801485341,0.241699387,-0.1054306221,0.2086558927,-0.3515322606,-1.642177163,0.2923846318,-0.9982530922
-0.1477230355,0.0119365471,0.1482392535,0.07354686407,0.7217079553,-0.06337590161,0.6853553685,-0.3779164454,-0.421984827,0.07340988404,0.562994667,-0.8851305746,0.02433210447,-0.3010198131,-0.2732392977,-0.1852927438,0.5155439998,-0.3724433503,-0.03725802771,0.06066079256,-0.3694257777,-0.5250760855,-0.1135052745,-0.03627816217,-0.2300338986,-0.3114218788,1.733392815,0.1884586165,0.6860787589,0.2291160054,-0.1049192059,0.2063244746,-0.3539516346,-1.650587686,0.3024266306,-0.9839738256
-0.1512443582,0.01163117763,0.1506269242,0.08085363518,0.7238733101,-0.06307880979,0.6822691437,-0.3987994442,-0.4352503621,0.07746855627,0.5677156534,-0.8846582519,0.0267207905,-0.3154641602,-0.2847071939,-0.1848024294,0.5252333602,-0.3821447075,-0.03701767926,0.05027894002,-0.3825780399,-0.5263773515,-0.1205139267,-0.05368777167,-0.2380647004,-0.3024508552,1.726129143,0.1856818306,0.6938063922,0.2131936769,-0.1013975191,0.2036288733,-0.3557511844,-1.656831477,0.3128226916,-0.971700641
-0.1550235083,0.01115902074,0.1532315312,0.08848252225,0.7256263002,-0.06318779389,0.6794443453,-0.4194589074,-0.4492310908,0.0767642124,0.5737496275,-0.8848000276,0.02903367368,-0.3298553892,-0.29505521,-0.1822076053,0.5335659847,-0.3910186686,-0.03682821518,0.03947365712,-0.3965088891,-0.525703528,-0.1265764054,-0.071050614,-0.2461323474,-0.2931401211,1.718965346,0.1806820183,0.7036782755,0.1949692414,-0.09562547225,0.2010842469,-0.3570212565,-1.662235682,0.3242640358,-0.9595246076
-0.1588415796,0.01058212649,0.156165133,0.09524729956,0.7273522053,-0.06348669569,0.6766506933,-0.4416832324,-0.4616416429,0.07328268036,0.5806105371,-0.8854412836,0.03138586083,-0.3443113517,-0.30292733,-0.1777995056,0.5403421967,-0.4016131804,-0.03647899642,0.02942398976,-0.4082711703,-0.5242081341,-0.1316541592,-0.08917979002,-0.2535374163,-0.2815861736,1.709136217,0.1746780128,0.7208889579,0.1749747392,-0.0863763938,0.1984989891,-0.3571178477,-1.667936076,0.3359314856,-0.9476078527
-0.1626345288,0.009981466748,0.159259363,0.1009151623,0.7291116262,-0.06438490011,0.6738449015,-0.464745759,-0.4727921753,0.06918177718,0.5893385515,-0.8866435679,0.03201443101,-0.3587686565,-0.3091086955,-0.1728768032,0.5454692328,-0.4117619547,-0.03612686599,0.02087112801,-0.4179387964,-0.5228740244,-0.1344284568,-0.1076669408,-0.2599510993,-0.2695983945,1.699465015,0.1662796022,0.740396692,0.1537099541,-0.07479382019,0.1963877143,-0.3563367441,-1.674145166,0.3477516912,-0.9348338522
-0.1662029718,0.009563634135,0.1621639707,0.1060026271,0.7305100612,-0.06584151399,0.6714040427,-0.4859337261,-0.4843471473,0.06602867986,0.5992641345,-0.8880184253,0.03260181073,-0.3722890953,-0.315069904,-0.1667889238,0.5491734273,-0.4241525212,-0.03524525681,0.0141517172,-0.4261307459,-0.5224949709,-0.1365551276,-0.1259446408,-0.2665638663,-0.2537639447,1.688692935,0.1588974457,0.7612118702,0.1351200876,-0.05737690648,0.1931910826,-0.3551757565,-1.679876228,0.3571018699,-0.9249959771
-0.1695121786,0.009330208773,0.1648622864,0.1104123136,0.7314635842,-0.06794879103,0.6694423858,-0.5048815255,-0.4959485118,0.06409414136,0.610054144,-0.8895360353,0.03347678946,-0.3845333952,-0.3208696795,-0.1601882063,0.5516228635,-0.4360991798,-0.03433533344,0.009305697869,-0.4325833468,-0.522777607,-0.1369719738,-0.1434305733,-0.2724834559,-0.2373055302,1.678652206,0.1515827699,0.7802791326,0.118345526,-0.03520988953,0.1909035077,-0.3532554217,-1.683594305,0.3661618103,-0.9152542818
-0.1724725654,0.009251639917,0.1673148498,0.1137901003,0.732178248,-0.07044824597,0.6678352124,-0.5219355322,-0.5060872145,0.06491103736,0.6211055339,-0.8915466426,0.03417321735,-0.3964221937,-0.3244369744,-0.1518879798,0.5536603733,-0.4481906556,-0.03319046803,0.008483615257,-0.4369476522,-0.523559606,-0.139308183,-0.1537870119,-0.2785614264,-0.2171261171,1.672077108,0.145899445,0.8016501212,0.1044425302,-0.01045297413,0.1894805237,-0.3494631973,-1.686766112,0.3728414747,-0.9022445191
-0.1750867423,0.00934140883,0.1695158001,0.1163951651,0.7325155167,-0.07312533791,0.6667277318,-0.5365361336,-0.5149719258,0.06749474201,0.6318853108,-0.8937711522,0.03527248308,-0.4070575635,-0.3267458898,-0.1438380268,0.5552162081,-0.459148977,-0.03210143602,0.01067819212,-0.438858977,-0.5243819946,-0.1423474327,-0.1582206016,-0.2836087049,-0.1958189885,1.667065715,0.1383605731,0.8202571624,0.09198087509,0.016569473,0.1906734373,-0.342243806,-1.68677872,0.3786495727,-0.8943101999
-0.1771444204,0.009712973184,0.1712966315,0.1180505971,0.73284497,-0.07580147125,0.6657750697,-0.5485095795,-0.5221349143,0.07059586626,0.6399869714,-0.8955263235,0.03647877251,-0.4170369616,-0.3261482811,-0.1345656073,0.557335463,-0.4696031905,-0.03127386146,0.01841445983,-0.4382617725,-0.5257596897,-0.1509113697,-0.1566062677,-0.2858602513,-0.1700710611,1.666856263,0.1294225811,0.8354925676,0.08535480441,0.04304298368,0.1934328871,-0.3316508543,-1.689314966,0.3847312831,-0.8976918529
-0.1787248621,0.01038441798,0.1727258148,0.1190076989,0.7329571261,-0.07819027766,0.6652047049,-0.557540757,-0.5280754161,0.07326488945,0.6456757599,-0.8966536956,0.03786652118,-0.4252506129,-0.3238690927,-0.1264126622,0.5598144909,-0.4788542124,-0.03070615234,0.02999600357,-0.4345879341,-0.5269474673,-0.1622452525,-0.1524112711,-0.2852134723,-0.1429812763,1.666794149,0.1201944384,0.8465078211,0.08322088401,0.06824986885,0.1985343227,-0.3176592753,-1.692388792,0.3910774597,-0.9118651632
-0.1798324962,0.01115906822,0.1740980071,0.1176928489,0.73339355,-0.08142223222,0.6645695707,-0.5640153909,-0.5300144691,0.07972177333,0.6460487244,-0.8982635351,0.0394557028,-0.4347370323,-0.3143577165,-0.1196459241,0.559781041,-0.490585634,-0.02839108509,0.05033496447,-0.4290507204,-0.5275980225,-0.1776986936,-0.1485256707,-0.2825061109,-0.112943131,1.665281655,0.1125876088,0.8560170541,0.08607944496,0.09189987367,0.20318648,-0.3011940296,-1.697156834,0.3953358666,-0.9307955221
-0.1805883177,0.01216977042,0.1753376239,0.114575338,0.7338586637,-0.08515691197,0.6641327081,-0.5684439461,-0.5289993454,0.08880964875,0.6436585643,-0.8999880445,0.04097100155,-0.4428878476,-0.3035298976,-0.1197143485,0.5609083786,-0.5012869622,-0.02874372719,0.07623440562,-0.4205670537,-0.5280955476,-0.1922237212,-0.1477806321,-0.2773523228,-0.08278546214,1.661940192,0.1053198895,0.8672548866,0.09248903449,0.1127780125,0.2089021708,-0.2834789071,-1.702872377,0.3980564405,-0.9490677883
-0.1810871382,0.01373407955,0.176161632,0.1103606035,0.7339609158,-0.08961414849,0.6641469834,-0.5701777909,-0.5282830901,0.097209558,0.6404397559,-0.9012106552,0.04415842436,-0.4468857472,-0.2948825064,-0.1246261203,0.5614090862,-0.5129228676,-0.03111339161,0.1067026919,-0.4088414806,-0.5293788455,-0.203171828,-0.1508856523,-0.2724965828,-0.0525297329,1.660748223,0.09932541064,0.8846704606,0.09717743661,0.1308199175,0.2120171732,-0.262210661,-1.707507257,0.3974456296,-0.9679548416
-0.1813766156,0.01582500767,0.176769677,0.105228543,0.7335082301,-0.09476935859,0.6647641677,-0.5699569221,-0.5274311548,0.1018939773,0.6370910185,-0.9017581878,0.04680239717,-0.4476460429,-0.2878612722,-0.1271138876,0.5603596102,-0.5242437684,-0.03253672573,0.1405184585,-0.3937189247,-0.5302281062,-0.2114040609,-0.1563202502,-0.2669468733,-0.02238134868,1.660829086,0.0939417243,0.9018086196,0.09923351572,0.1408980454,0.2144833526,-0.2417285297,-1.711159839,0.3967889225,-0.9841091512
-0.1814733217,0.01824097786,0.1772330436,0.09942357121,0.7326275481,-0.1009062093,0.6657249929,-0.5682261225,-0.5265104785,0.1021815248,0.632503739,-0.901071565,0.04924976106,-0.4462651772,-0.2823636373,-0.1267032509,0.5556791343,-0.5342806052,-0.03302718286,0.1783138447,-0.3783189805,-0.5307910217,-0.2193556189,-0.1640643207,-0.2619611823,0.009612149612,1.662899586,0.08928865464,0.9136815093,0.09761403555,0.1435204197,0.2119625969,-0.2223627164,-1.715660336,0.3943969387,-0.9946218934
-0.181438222,0.02079627022,0.1776596915,0.09328438076,0.7311452622,-0.1080787718,0.6671158887,-0.5647190427,-0.5260078708,0.09997774801,0.6270087064,-0.8995525179,0.05084437186,-0.443574758,-0.2781683366,-0.1236918451,0.5497070477,-0.5441384434,-0.0325844525,0.2170688968,-0.3622213348,-0.5308112292,-0.2269158991,-0.1709132135,-0.2564800924,0.04120133517,1.664957139,0.08602660141,0.919140425,0.09412473605,0.1414513154,0.2091371279,-0.2061715606,-1.721802182,0.3927399396,-0.9976891644
-0.1812741753,0.02339588565,0.1782156843,0.08632511058,0.7293814696,-0.1163059085,0.6685982222,-0.5594513452,-0.5253419556,0.09393251201,0.6190226657,-0.8975864031,0.05220945738,-0.4408514686,-0.2727021504,-0.1157601794,0.5416865924,-0.5532472726,-0.0311820292,0.2574459225,-0.3460229992,-0.530294133,-0.2339904619,-0.1773885584,-0.2510710042,0.07031347475,1.664138447,0.08437425306,0.9203496835,0.08985144636,0.1373150756,0.2063637686,-0.1917241634,-1.731780996,0.3928994261,-0.99624769
-0.1810702833,0.025923031,0.1789160481,0.07900934056,0.7273019795,-0.1253431968,0.6701331493,-0.5532315426,-0.5248700399,0.08579983036,0.6097799087,-0.8954279011,0.05279999842,-0.4383612989,-0.2668938526,-0.1054031439,0.5334449347,-0.5623349109,-0.02903310778,0.2968726939,-0.3297175575,-0.529378404,-0.2401956902,-0.1820720188,-0.2455425165,0.09566642509,1.661315413,0.08406946457,0.9235951312,0.08448162053,0.1321973106,0.2048963757,-0.1780952863,-1.744160577,0.3943755025,-0.9916690522
-0.1808672108,0.02845040222,0.1798245381,0.07104660773,0.7248484125,-0.1346575422,0.6718738756,-0.5459118908,-0.5240653623,0.07393894828,0.6004315,-0.8938795078,0.05343455635,-0.435947538,-0.2597400067,-0.09275996836,0.5264946228,-0.571010245,-0.02683469991,0.3356344232,-0.311736997,-0.5281304985,-0.2461010284,-0.1844052875,-0.2412562877,0.1185333393,1.659349117,0.08734964513,0.926683128,0.07730949151,0.1265517543,0.2045305538,-0.1638836195,-1.758758963,0.3982358864,-0.9845425104
-0.1807324374,0.03089383088,0.1809037832,0.06275918214,0.7220733272,-0.1442525657,0.673693248,-0.5381766095,-0.5234067078,0.05970721535,0.5913429955,-0.8928681648,0.05431768661,-0.4338714068,-0.252123971,-0.08013046484,0.5210565929,-0.5796844225,-0.02449733342,0.3725558181,-0.2927874304,-0.5267999292,-0.2519750323,-0.1845409855,-0.2363039812,0.1385047304,1.657934758,0.09200322566,0.9269552125,0.06796837167,0.1211911097,0.2051489426,-0.1482302335,-1.774845899,0.4032590413,-0.9757641565
