0,0,0.8515972453,0,0,0,1,-0.312,0,0,0.669,-0.363,0,-0.312,0,0,0.669,-0.363,0,0,0,0,0.2,0.2,0,0.6,0,0,0,0.2,-0.2,0,0.6,0,0,0
0.007766438787,-0.0004041171372,0.8507059247,2.665650016e-05,-0.0008528802417,-0.0001059886087,0.9999996303,-0.3084461787,-0.0006128539701,0.0006583197601,0.6644446663,-0.3628088577,0.0005513774798,-0.3091050984,0.0002735034084,0.0004830331863,0.6634560574,-0.3561035777,0.001257610655,-0.0001980856916,0.0004463490549,0.00263025264,0.1997182506,0.2002174429,-0.000306796873,0.6000098553,0.0002522441151,0.0006425824481,-0.0005555752127,0.1999009173,-0.2003638936,-7.613278462e-05,0.6000431331,-8.167356885e-06,0.0006056213136,0.0002486285109
0.01549153001,-0.0007412616867,0.8488626723,6.871682549e-05,-0.001886177479,-0.0002994420719,0.999998174,-0.303750075,-0.00178358914,0.00185985057,0.6580676336,-0.3627761762,0.001187281157,-0.3057500851,0.0007295967677,0.001156156631,0.6556808924,-0.3477741161,0.002741305509,-0.0005977761823,0.00132999317,0.00619012959,0.199505384,0.2006398698,-0.0008407332161,0.5999328152,0.0005597308768,0.001470460272,-0.001276562913,0.2000872141,-0.201088081,-0.0001827313822,0.6000547976,-1.850744642e-05,0.001386619919,0.0005595765458
0.02300548023,-0.001001747187,0.846000609,6.423941698e-05,-0.002756276485,-0.0002848962552,0.9999961588,-0.3011584361,-0.00385913035,0.003282188409,0.6535365624,-0.3618266438,0.003322295209,-0.3034875872,0.001371058429,0.001663513372,0.6484329835,-0.3368838161,0.005169440689,-0.001082248018,0.002844911233,0.01110821666,0.1991660811,0.2009074831,-0.00134440141,0.5996968725,0.0005850226553,0.00195446401,-0.001899263861,0.2003176664,-0.2019098797,-0.0004102379646,0.5998511394,4.432264312e-05,0.001817343821,0.000691426422
0.03033295196,-0.001197767491,0.8421259404,2.608683293e-05,-0.003489591301,-0.0001478507473,0.9999939001,-0.3002750918,-0.006586912086,0.005224708765,0.6502106449,-0.3606336787,0.005642257509,-0.3022545624,0.002196564607,0.001979883951,0.6420091369,-0.3262548662,0.007604362838,-0.001516488346,0.004905525371,0.01727551109,0.1987810779,0.2010753973,-0.001796810995,0.5993557966,0.0005212427737,0.002248770542,-0.002426152227,0.2005828404,-0.2027667718,-0.0007022436585,0.5996139696,0.000122183649,0.002068215201,0.0007437058277
0.03747298974,-0.001388716865,0.8372537738,8.524854875e-05,-0.003955489694,0.0001810375529,0.999992157,-0.301387447,-0.009551365644,0.007517785454,0.6473545368,-0.3577978405,0.008175710594,-0.3019026906,0.002643883122,0.002692202818,0.6350048015,-0.3151134936,0.01043459925,-0.001989370358,0.006801237823,0.02441357475,0.1982118287,0.2011753093,-0.002141572758,0.5989918676,0.0003607817158,0.00232870492,-0.002854299676,0.200682757,-0.2035201356,-0.001014095837,0.5993513732,0.000161498421,0.002080659435,0.0006996129919
0.04443866809,-0.001577758754,0.8313825229,0.000208606452,-0.004237375998,0.0006354745985,0.9999907986,-0.3041285982,-0.0126016001,0.01011022497,0.644877065,-0.3547163302,0.01047424732,-0.3023892002,0.00282090513,0.003711931939,0.6281821351,-0.3050230766,0.01305570205,-0.002392052797,0.008596866139,0.03258724567,0.1974997046,0.2012247235,-0.00240544986,0.5986082858,0.0001872412356,0.002319400599,-0.003201556421,0.2006101142,-0.2041821121,-0.001305487763,0.5990906741,0.0001851860729,0.002009065718,0.0006270779279
0.05118577087,-0.001764712814,0.8245052972,0.0002997692911,-0.004323311743,0.001304611692,0.9999897585,-0.3092362835,-0.01571995695,0.01316910015,0.6430243866,-0.349603938,0.01182550007,-0.3036289921,0.003174539076,0.004736603332,0.6221497781,-0.2950542622,0.01581282708,-0.002407102212,0.01049152276,0.04207507306,0.196569408,0.201012361,-0.002770579564,0.5983408821,-2.044804156e-06,0.002349146193,-0.003605322282,0.2002298564,-0.2048426512,-0.00163630551,0.5986886213,0.0002184170688,0.001847788948,0.0005440845902
0.05774246674,-0.001953901085,0.8166295765,0.000348621625,-0.004314296348,0.0021546181,0.9999883114,-0.3161808587,-0.01888452907,0.01653572806,0.6414813759,-0.3443293864,0.01273110944,-0.3052971413,0.00367990483,0.005625310783,0.6169250443,-0.2861771521,0.01830179786,-0.002078825885,0.01249606146,0.05290343294,0.195586223,0.2005539421,-0.003190309318,0.5981862008,-0.0001758346527,0.002405241972,-0.003991339684,0.1995088582,-0.2054905372,-0.001924497631,0.598282357,0.0002495990142,0.001674319513,0.0004724615763
0.06432148159,-0.002194895555,0.8078066637,0.0002253963032,-0.003981755413,0.002955893054,0.9999876787,-0.3232635917,-0.02139829955,0.01968413443,0.6366522718,-0.3397952228,0.01314072404,-0.3069688923,0.005045850461,0.006507982308,0.6098853263,-0.2834336692,0.02007637023,-0.001421124482,0.01456293509,0.0631181044,0.1948914957,0.2001360144,-0.003797092005,0.5980778934,-0.0002949659093,0.0023744057,-0.004500960964,0.198873674,-0.2061477338,-0.002190703477,0.597883537,0.0002313746246,0.001387529205,0.0003268264251
0.07089700226,-0.002486588518,0.7980131568,-1.902724118e-05,-0.003417381693,0.003741531398,0.999987161,-0.330801876,-0.0234875455,0.02244166765,0.6303982426,-0.3361754959,0.01335583538,-0.3088987456,0.006925587109,0.00705858082,0.6023662295,-0.2832668724,0.0214519438,-0.0005767539851,0.01656983679,0.0729812896,0.1944370036,0.1997604669,-0.004454193647,0.5979101685,-0.0003840313535,0.002313542433,-0.005009521141,0.1981590504,-0.2068151078,-0.002413483829,0.5974351346,0.0001999396837,0.001089893727,0.0001757341947
0.07764027216,-0.002854576264,0.7872088154,-0.0003108328846,-0.002695942215,0.004402515483,0.9999866265,-0.3387065923,-0.0245283962,0.02549129669,0.6261136418,-0.3338001544,0.01350909621,-0.31126713,0.008909367553,0.007493577277,0.597855954,-0.2865155098,0.02242054106,0.0006599004076,0.01823808038,0.08114676027,0.1947001954,0.1997346843,-0.00517083179,0.5975069958,-0.0004077185527,0.00207138525,-0.005641869864,0.1978403243,-0.2072676776,-0.00243838471,0.5969785741,0.000194578217,0.0008119019565,0.000102909672
0.08454188499,-0.003290891621,0.7754115447,-0.0006193370815,-0.002011328932,0.005001406045,0.9999852783,-0.3463409761,-0.02491093664,0.02826244354,0.6230909562,-0.3320538327,0.01362773262,-0.3133024916,0.01080534222,0.007682675361,0.5951608385,-0.2905204192,0.02317067942,0.002104065784,0.01952142713,0.08809500528,0.195515372,0.199960175,-0.005801490777,0.5970853619,-0.0004064133065,0.001759224676,-0.006251396557,0.1977289218,-0.2074917953,-0.002324502886,0.5966373948,0.0001951784351,0.0005722695953,7.639279261e-05
0.0919064208,-0.003837163075,0.7626699345,-0.0005552106455,-0.001230247623,0.005350133262,0.999984777,-0.3521765822,-0.0249944731,0.03159822785,0.6206956379,-0.3317975495,0.01355819752,-0.3131571863,0.01185156543,0.008808361587,0.5883157283,-0.3023133342,0.02408077238,0.00367730789,0.01924023869,0.09159277849,0.1981881895,0.2012137846,-0.006461085811,0.5958899141,-0.0003218722122,0.001238829587,-0.006860342847,0.1990269599,-0.2073328296,-0.00178687255,0.5959234746,0.0001053189083,0.0002157198916,0.0001204102843
0.09965526731,-0.004357504022,0.7492309019,-0.001015905851,-0.0006945867335,0.005664985987,0.9999831966,-0.3557011043,-0.02361079269,0.03374664191,0.6199138187,-0.3303966011,0.01366667764,-0.3122178243,0.01340638643,0.008606687078,0.5876811221,-0.300555788,0.02417138304,0.004998796589,0.01981288935,0.09282850177,0.2016565106,0.2022324099,-0.006917427345,0.5955095108,-0.0002000801133,0.0006637451086,-0.007376132989,0.2010700906,-0.2074146926,-0.001264720093,0.5956347796,-3.025703052e-06,-0.0001815135668,0.0001878593471
0.1065807334,-0.004640269607,0.7383805335,-0.002366564776,-0.003184324499,0.005885901213,0.9999748075,-0.365825808,-0.01994372615,0.03502077814,0.6485156649,-0.3351845215,0.015701248,-0.3192070195,0.01639277829,0.006149176311,0.6160143442,-0.308848419,0.02385907915,0.005477843782,0.02267604135,0.1030789995,0.1971179573,0.1992808858,-0.005674605303,0.6062664816,0.0001672125847,0.0005066860618,-0.00741878496,0.1956000056,-0.2058376975,-0.002720531357,0.6056609221,-0.000285852943,-0.0002282608259,-0.0001128577159
0.1132987002,-0.004776223995,0.7301555081,-0.003809430345,-0.008524891989,0.006112818546,0.999937722,-0.3741601911,-0.01595636762,0.03567725879,0.6939569202,-0.3475779337,0.01791262398,-0.3250735668,0.01948371091,0.003141144144,0.660377934,-0.3250317738,0.02321988635,0.005082140898,0.0257352052,0.1197699467,0.1885556748,0.1937082919,-0.004255089827,0.6231742774,0.0005566936444,0.001789502981,-0.007265927571,0.1865949105,-0.2023296204,-0.004757869339,0.6217578177,-0.0005863545268,0.001029502934,-0.0005914085917
0.1203549052,-0.004757627503,0.724269881,-0.005200693591,-0.01587637607,0.006243788465,0.9998409416,-0.3766182662,-0.01208844161,0.03598404421,0.7459268236,-0.3656709922,0.02028342315,-0.3254089603,0.02240832591,0.0002746730837,0.7106372492,-0.3470412118,0.02240165365,0.004099664961,0.0285771043,0.1387642389,0.1799380928,0.1863991578,-0.003750055558,0.642346672,0.00107436986,0.004279002618,-0.007083445965,0.177981051,-0.1972938424,-0.006285686367,0.6402823751,-0.001017460696,0.003414010483,-0.001111279096
0.1281031106,-0.004617608206,0.7204232376,-0.006302292807,-0.02391079112,0.006307355062,0.9996743332,-0.3723361328,-0.00890475935,0.03629738474,0.7967085593,-0.38768251,0.02276697303,-0.3195074944,0.02477634178,-0.001868925882,0.7597249757,-0.3730844855,0.02146807989,0.002601797611,0.03048358617,0.1557373863,0.1738841991,0.1780857817,-0.004416696947,0.6610528726,0.001571276794,0.007459340466,-0.007038195524,0.1723911629,-0.19090522,-0.006867676401,0.6586149997,-0.001436500064,0.006475080537,-0.001519631907
0.1365835234,-0.004438711785,0.7181798365,-0.007163327301,-0.03172222906,0.006493362224,0.9994499603,-0.3622007166,-0.006467255811,0.03639889557,0.8421090066,-0.4122207309,0.02532093002,-0.3080080478,0.02661789875,-0.00352730195,0.8035273416,-0.4016123938,0.0204113421,0.0006729573316,0.0315125454,0.1686105639,0.1718231408,0.1692899588,-0.006381290765,0.6776791836,0.002129571041,0.01076691451,-0.007138217373,0.1711677633,-0.1834970651,-0.006228767231,0.675229061,-0.001986045459,0.00967357142,-0.001787021123
0.1459097891,-0.004227860937,0.7172700169,-0.007757167926,-0.0383871299,0.006708583018,0.999210313,-0.3474991866,-0.004805460652,0.03645752268,0.8793966368,-0.4381432802,0.02787100227,-0.2921656285,0.02792426019,-0.00459291633,0.8393278188,-0.4313709123,0.01928615745,-0.001423237402,0.0315693862,0.1748315164,0.1745515778,0.1602971513,-0.009350790454,0.6915556464,0.002644656711,0.01382979347,-0.007424190905,0.1750999506,-0.1753181389,-0.00450530682,0.6893685498,-0.002511705849,0.01268390378,-0.001856189572
0.1558894803,-0.004022576833,0.7172976458,-0.008249980133,-0.04348053993,0.006899754612,0.9989963833,-0.3300265429,-0.003608690514,0.03624667871,0.9080382542,-0.4646359487,0.03034223346,-0.2736436652,0.02905239505,-0.005318114233,0.8663756989,-0.4612400588,0.01819057812,-0.003739069092,0.03118517368,0.1744965281,0.1818079848,0.1513851097,-0.01305555036,0.7024024067,0.003232625296,0.01641029142,-0.007748707197,0.1837029676,-0.166784905,-0.001859048437,0.7007287178,-0.003118645327,0.01530964155,-0.001819185054
0.1665099024,-0.003829707124,0.7180533871,-0.008632523328,-0.04663216298,0.006946793781,0.998850671,-0.3110156187,-0.002749783406,0.03598921234,0.9278207171,-0.490991292,0.03265474312,-0.2537314019,0.0300530962,-0.005615607799,0.884442858,-0.4904128023,0.01719621512,-0.006026338717,0.03035600886,0.1667960405,0.1933504835,0.1427842289,-0.01717006283,0.7104306662,0.003772799796,0.01842107607,-0.008162248521,0.1967381819,-0.1581358737,0.001411316119,0.7094531376,-0.003678903916,0.01743929392,-0.001641972786
0.1775046351,-0.003641026172,0.7193091016,-0.009114171992,-0.04774458935,0.006862152029,0.9987944218,-0.2913797361,-0.001844461229,0.03551770666,0.9387148701,-0.5170491891,0.03471927743,-0.2336551608,0.03124928885,-0.005941763279,0.8938503313,-0.518109288,0.01607158114,-0.008206896848,0.02974102994,0.1532438502,0.2079517486,0.1347198824,-0.02137614926,0.7158275872,0.004374999914,0.01987779254,-0.008449435897,0.2127486359,-0.1499519224,0.004999598298,0.7154848035,-0.004330035417,0.01899112538,-0.001433154003
0.1888201313,-0.003426204438,0.7208310471,-0.009977156909,-0.04665157111,0.006663154595,0.9988391711,-0.2710924423,-0.0002717841982,0.03487008671,0.9398483368,-0.5434015598,0.03662058384,-0.2150867971,0.03289035737,-0.007056752739,0.8960299648,-0.5435135468,0.01514092951,-0.01034728083,0.03007435772,0.1336776535,0.2251121651,0.1271982654,-0.025526627,0.7188836149,0.004922641709,0.02079595992,-0.008728068633,0.2312894426,-0.1426990505,0.008672621884,0.7190010283,-0.004926505394,0.01998191009,-0.001156106393
0.2001501629,-0.003180317008,0.7225750637,-0.01125548622,-0.04366367359,0.006601040619,0.9989610723,-0.2514615064,0.002314813214,0.03446408318,0.9320173616,-0.5677323821,0.03832560456,-0.1986580181,0.03477588975,-0.009458398128,0.8919986663,-0.564996061,0.01482286394,-0.01241064567,0.03150249869,0.1104196994,0.2430523795,0.1203801984,-0.02943449773,0.7200020278,0.005482683204,0.02131457566,-0.008922109011,0.2504966052,-0.1366185251,0.01200871628,0.7202301347,-0.005462803317,0.02051579758,-0.0009654229943
0.2113407843,-0.002920044578,0.7243411255,-0.0128931104,-0.03909128776,0.006812000614,0.9991292387,-0.2342399068,0.005834140357,0.03393713154,0.9164035602,-0.5844358694,0.03982320786,-0.1854849318,0.03662924282,-0.01314391786,0.8825886338,-0.5759935253,0.01604181001,-0.01456580267,0.03381139907,0.08479354455,0.2608666086,0.1145495896,-0.03300834778,0.7192689256,0.005974429455,0.02143288535,-0.009098368514,0.2694860461,-0.1317373813,0.01493490151,0.7194706219,-0.005910237879,0.0205851431,-0.0008124469467
0.2222084957,-0.002750446687,0.7259712082,-0.01432445779,-0.03373646688,0.00742018808,0.9993005561,-0.2198112948,0.009612876047,0.03388562508,0.8936987191,-0.5837048441,0.04104896092,-0.1747622742,0.03807242249,-0.01676905405,0.8691738735,-0.563407631,0.01707703155,-0.01635704105,0.03562139083,0.05918460828,0.2772155203,0.1104321257,-0.0360968889,0.7166015193,0.006439276713,0.02132786834,-0.009252748137,0.2867368122,-0.1278232237,0.01735044871,0.7168608336,-0.006260866358,0.02042820675,-0.0007377239615
0.2327243526,-0.002651899292,0.7274087326,-0.01555037812,-0.02794310015,0.008398827441,0.9994532648,-0.2077394802,0.0130959117,0.03386883623,0.8704993898,-0.5780717949,0.04154289084,-0.1660509814,0.03922767781,-0.02019270621,0.8552152128,-0.5440721025,0.01850565896,-0.0177944807,0.03693744972,0.03447652961,0.2916129391,0.1079307231,-0.03856985693,0.7127601863,0.00684295519,0.02090524687,-0.009371827105,0.3017097188,-0.1249137734,0.01929737516,0.7131155153,-0.00653976741,0.01997455529,-0.0007105192252
0.2428877617,-0.002643481745,0.7288668871,-0.0166588749,-0.02256968702,0.009573240174,0.9995606256,-0.196583357,0.01672584215,0.03429894524,0.8498709665,-0.5713011522,0.04157883618,-0.1586960745,0.0404388484,-0.02320895754,0.8445593289,-0.5248838714,0.0193902787,-0.01832219021,0.03811721408,0.01177778186,0.3032645242,0.1069213888,-0.04036950399,0.708548074,0.007200254193,0.02042484412,-0.009486129817,0.3137222195,-0.1230595483,0.02071017384,0.7091229187,-0.006673138138,0.01960201212,-0.0007198116321
0.2527612262,-0.002710486554,0.7303527443,-0.01769705587,-0.01753618545,0.01109959924,0.9996279785,-0.1860778256,0.01996263706,0.03421026388,0.8319105285,-0.5655193328,0.0412519597,-0.1522829959,0.04181928272,-0.02606979833,0.8366988806,-0.5072456088,0.02013984273,-0.01837199335,0.03923415578,-0.00934781688,0.3124126509,0.1072734427,-0.04150547173,0.7043320267,0.007505910298,0.01985331976,-0.009551978203,0.322881975,-0.1222649886,0.02167385732,0.7052240108,-0.006756584459,0.01922021147,-0.0007530754548
0.2623959131,-0.002833266753,0.731913907,-0.01888076224,-0.01339975322,0.01282324444,0.9996497026,-0.1748327994,0.02329495533,0.03359077452,0.8164575431,-0.5609656689,0.04085964473,-0.147787646,0.04383143373,-0.02917137099,0.8347259336,-0.4896269338,0.01975586898,-0.01806971947,0.04083473723,-0.02859260212,0.3190550347,0.10877409,-0.04200539085,0.7002321864,0.007703833061,0.01944140278,-0.009632218895,0.3292433754,-0.122700253,0.02229126135,0.7018327365,-0.006732291521,0.01918185534,-0.0006717048314
0.2718980886,-0.003011695436,0.7335783409,-0.02021522797,-0.01000210255,0.01510188762,0.9996315499,-0.1630976928,0.0266357497,0.03192564435,0.8030996579,-0.5573085622,0.04054187478,-0.1439701381,0.04620527206,-0.03293354556,0.8369470696,-0.4718417496,0.01888456475,-0.01802194575,0.04288599621,-0.04672375923,0.3235749487,0.1113549626,-0.04199473589,0.6964871048,0.00785335044,0.01908063811,-0.009679785124,0.3334019809,-0.1242312665,0.02253189987,0.6989818875,-0.006672161645,0.01925643805,-0.0005663636159
0.2812553744,-0.003240939712,0.7354482399,-0.02201232581,-0.007444785437,0.01747082774,0.9995773121,-0.1499671469,0.03069675046,0.02894810491,0.7907443376,-0.5541848208,0.04043142495,-0.1417789486,0.0492835995,-0.03851139917,0.8442487544,-0.4521880883,0.01673177994,-0.01924149134,0.04623983191,-0.06328677378,0.3259278193,0.1144008879,-0.04159602809,0.6931653152,0.007810382427,0.01904452351,-0.009692796682,0.3357720617,-0.1271413224,0.02244008373,0.6968376403,-0.0066078779,0.01963806328,-0.0002739758223
0.2905784788,-0.003539480221,0.7375304952,-0.02413005668,-0.005520037741,0.0201551112,0.9994903907,-0.1359569871,0.03528597778,0.02463278279,0.7791818859,-0.5508543673,0.04055475321,-0.1401166982,0.05275315231,-0.04549662924,0.8546589015,-0.4302021036,0.01414903779,-0.02179310346,0.05051037258,-0.07916942993,0.3265045679,0.117993265,-0.04097314138,0.6902565563,0.007723376736,0.01913828491,-0.009686623592,0.3372191507,-0.1311306894,0.02191829676,0.6952431723,-0.0065537978,0.02009289407,1.170866876e-05
0.2998128435,-0.003938921993,0.7398183571,-0.02709560803,-0.004004728555,0.02297225401,0.9993608286,-0.1207861777,0.04157577533,0.01867459615,0.7668973078,-0.5465083365,0.04102514892,-0.1400555167,0.05789332336,-0.05435325533,0.8681401278,-0.4048689889,0.01041433165,-0.02640689749,0.05710605331,-0.09409402756,0.3252226112,0.1214110346,-0.04009569951,0.6875371287,0.007282365158,0.01960438151,-0.009578302455,0.3379547143,-0.1365655251,0.0210738493,0.6938892406,-0.006594155508,0.02062373749,0.0005449416755
0.3090352969,-0.004494960644,0.7422982018,-0.03051716325,-0.002764170604,0.0260327881,0.9991913511,-0.1051101516,0.04896352203,0.01129721154,0.7539882219,-0.5383572622,0.04201666933,-0.1407218542,0.0641980968,-0.06445534375,0.8828001586,-0.3767749061,0.00713246733,-0.0328113571,0.06493507342,-0.1086173986,0.3223294883,0.1250482445,-0.03913862758,0.6848582757,0.006788483112,0.02014595121,-0.009450655859,0.338677695,-0.1428683189,0.01980661823,0.6927504183,-0.006662113998,0.02108288046,0.001049977866
0.3180184685,-0.005219112643,0.7448128619,-0.03479745736,-0.001301290636,0.02845120091,0.9989884748,-0.08950532319,0.05811697532,0.00217845224,0.7400446436,-0.5302558315,0.04367809273,-0.1446282056,0.0728803403,-0.07634940044,0.8931259748,-0.3513564944,0.005389202552,-0.04218096707,0.07440541239,-0.1213468206,0.3176165091,0.1279765697,-0.03797797602,0.6824110831,0.005882028511,0.0209963264,-0.009127880864,0.3394111656,-0.1500212395,0.01839489963,0.6916991935,-0.006927389859,0.02141465209,0.001827013051
0.3266834937,-0.006198195795,0.7472772571,-0.03922348977,0.0002502542614,0.02959132402,0.998792175,-0.07389598875,0.06792591725,-0.007497609825,0.7253657505,-0.5215641015,0.04596810653,-0.1532810542,0.08299984784,-0.08850887235,0.8972037172,-0.3264953526,0.004952474058,-0.05290285348,0.08369625944,-0.1316404169,0.3109256257,0.1309643562,-0.03674615747,0.6795841849,0.004946610125,0.02183233275,-0.00876918509,0.3400784796,-0.1572938817,0.0167659344,0.6905938541,-0.007222616309,0.02161484924,0.002558156533
0.3349065543,-0.007429056017,0.7493199635,-0.04368893204,0.001737171783,0.02917244047,0.9986176587,-0.05840092532,0.07804589816,-0.01745391962,0.711214771,-0.5134699916,0.04850479903,-0.1685071607,0.09579994018,-0.1006369048,0.8934343451,-0.3076569725,0.004938428965,-0.06587928461,0.09266665096,-0.1385290042,0.3019741888,0.1336442223,-0.03501920957,0.6761461807,0.003545902912,0.02289980079,-0.008032762923,0.34047765,-0.1649471121,0.01525608348,0.6890708275,-0.007824504283,0.02151691985,0.003637646096
0.3426519465,-0.008953640582,0.7508773862,-0.04761158344,0.002804204662,0.02683827056,0.9985013674,-0.04217254882,0.08742393512,-0.02675183298,0.697832396,-0.5058928351,0.05119623698,-0.1904105212,0.1097187766,-0.1124936876,0.8849700845,-0.2930608537,0.005157818149,-0.07992368715,0.09980962555,-0.141209717,0.290493231,0.1368129355,-0.03309635279,0.6719511064,0.002154344059,0.02383262133,-0.007237432717,0.3406495978,-0.1724869912,0.01366373521,0.6871927204,-0.008448407965,0.0212066909,0.004670482997
0.3499352396,-0.01070444458,0.7518510253,-0.05090736522,0.003510525363,0.02284066106,0.9984359872,-0.02577688499,0.09614985955,-0.03396726438,0.6860234901,-0.4993476274,0.05389774197,-0.2173328927,0.1222935043,-0.1230198069,0.8707852206,-0.2827729709,0.005101894077,-0.09440330781,0.1046826523,-0.1399690406,0.2768309203,0.140365336,-0.03047300695,0.6670718173,0.00030867839,0.02485522555,-0.006018994412,0.3401088094,-0.1797939828,0.0125048155,0.6846983355,-0.009328166965,0.02050297494,0.006129531158
0.356810371,-0.01267523207,0.7522180363,-0.05349240042,0.003643471661,0.01749423942,0.9984083532,-0.008749474223,0.1037462292,-0.03983503029,0.6760406771,-0.4942058681,0.05633668744,-0.2483523004,0.1333437236,-0.1325168239,0.8555633133,-0.2766001079,0.004781116226,-0.1093552488,0.1069083092,-0.1348153567,0.2609845543,0.144782099,-0.02760141311,0.6616506016,-0.001471302339,0.02568731106,-0.004772578802,0.3393480695,-0.1867186478,0.01144832953,0.6817427685,-0.01018391608,0.01957227213,0.007553990651
0.3632364039,-0.01482902621,0.7519810517,-0.05516057372,0.00365865094,0.01087395951,0.9984115797,0.007123336289,0.1094508078,-0.04412369203,0.6691671737,-0.4907297374,0.05854919575,-0.2821223768,0.1426755453,-0.1402735315,0.8303479728,-0.2653759545,0.004309144608,-0.1252761876,0.1058522263,-0.1262616653,0.2434182491,0.1498739959,-0.02406713887,0.6558371728,-0.003602290686,0.02658165018,-0.003205511988,0.3381853738,-0.1931357449,0.01087819068,0.678208023,-0.01124677564,0.01831147781,0.009283551797
0.3693712995,-0.01709427526,0.7512161473,-0.05634664998,0.003396403378,0.003516374764,0.9983992962,0.02263384163,0.1139990784,-0.04770170806,0.6649346265,-0.4892453305,0.06020299277,-0.3165880324,0.1509403876,-0.1477120599,0.8088207358,-0.2632148159,0.002928305449,-0.1423000872,0.1024541263,-0.1148602388,0.2242258933,0.1556094872,-0.02046424739,0.6502177947,-0.005593150994,0.02735489306,-0.001700405678,0.3375953621,-0.199342064,0.01029762564,0.6744963553,-0.01224628275,0.01688517154,0.01090485161
0.375319399,-0.01945175421,0.7499971121,-0.0568509352,0.00297558804,-0.004502188895,0.9983680921,0.03716562038,0.1169826255,-0.04970729644,0.6638882516,-0.4893330935,0.06150132225,-0.3507800243,0.1574327086,-0.1534541487,0.7815330123,-0.258253936,0.001470295343,-0.1591487435,0.09621732238,-0.101977737,0.2044864504,0.161853771,-0.0163211889,0.6447935525,-0.007777451033,0.02818426579,0.0001129434135,0.3372560425,-0.2050919914,0.01012070849,0.6707594848,-0.01335654063,0.01522567315,0.01276552752
0.3810327856,-0.02193757482,0.7481793952,-0.05617758104,0.002249026453,-0.01362259565,0.9983253208,0.05175569112,0.1174055473,-0.04924580013,0.6653727529,-0.4911078549,0.06241019236,-0.3869919209,0.1617382904,-0.15623667,0.7465560685,-0.2461092074,0.0009287871852,-0.1748214498,0.08587890163,-0.08762050716,0.1843725753,0.1692593255,-0.0119742391,0.6388437807,-0.009792444238,0.02884019101,0.001871685048,0.3371215589,-0.2100874541,0.01016426796,0.6667768403,-0.01438158717,0.01355855987,0.014521284
0.38669091,-0.02447821882,0.7458255496,-0.05423695338,0.00146437344,-0.02276385328,0.998267507,0.06513852206,0.1151143261,-0.04623845902,0.6697981926,-0.4942135536,0.06331834899,-0.4224209678,0.1632669181,-0.1549467096,0.7024177573,-0.2309921116,0.0005871469532,-0.1892565984,0.07181951154,-0.0734025675,0.1648090104,0.1775036308,-0.007303586651,0.6327234016,-0.01180213031,0.02937806534,0.003666284376,0.3372764123,-0.2145228894,0.01053263686,0.6625397564,-0.01537998694,0.01184181097,0.0163293484
0.3923343245,-0.02705378483,0.7428858117,-0.05125547848,0.0003571608436,-0.03171307035,0.998181862,0.07844531995,0.1105568621,-0.04123583034,0.6764374442,-0.4988880007,0.06399792438,-0.4578179075,0.1622504808,-0.1503404763,0.6560692845,-0.2171323058,0.0002950281758,-0.2025650709,0.05464477904,-0.05898962352,0.1457322902,0.1862443155,-0.002664859865,0.6265713706,-0.01358596768,0.02971547805,0.005315022028,0.3379764622,-0.2184919706,0.01091697245,0.6580387864,-0.0162598439,0.01015161215,0.01796055625
0.3981360183,-0.02959091923,0.7393158527,-0.0478292237,-0.0008829848205,-0.03994550983,0.9980560816,0.09152740085,0.105144789,-0.03410970077,0.684890206,-0.5057224856,0.06448007147,-0.4917520249,0.1601439303,-0.142594817,0.6123223896,-0.2007454313,-0.0009050367295,-0.2140236296,0.03630499246,-0.04544155603,0.1274899528,0.1948359242,0.002002296601,0.6206356573,-0.01520878387,0.02978522176,0.006930650815,0.3391754875,-0.2224450739,0.01122060254,0.6533247098,-0.01700531362,0.008387654998,0.01945875277
0.4041602664,-0.03208039795,0.7351563128,-0.04431883697,-0.002363283562,-0.04711368275,0.9979030797,0.1049776174,0.09957527565,-0.02620146299,0.6945970918,-0.5150363911,0.06479590986,-0.5240584039,0.156955038,-0.1328569647,0.5731357611,-0.185519764,-0.002321042804,-0.2242116682,0.01777388353,-0.03243907307,0.1101135578,0.202621568,0.006407395167,0.6152736328,-0.01659791934,0.029682548,0.00840701371,0.3409464337,-0.2263802159,0.01125895465,0.6487889699,-0.01763105356,0.00668162064,0.02073067398
0.4106152546,-0.03450279368,0.7310625122,-0.04216253569,-0.003790024325,-0.05280738422,0.9977070394,0.1180934707,0.09667719506,-0.01972245637,0.7053237718,-0.5259874837,0.06521118282,-0.5513865251,0.1552802526,-0.1258512489,0.5492318298,-0.153351243,-0.005509467227,-0.2330986176,0.002689263575,-0.02002844804,0.09438828593,0.2083883796,0.01052957644,0.611749472,-0.0177226461,0.02943961295,0.009815204248,0.3425444576,-0.230459416,0.01093774708,0.6455338982,-0.01808684089,0.005123679249,0.02180720119
0.4175373501,-0.03688603689,0.727196541,-0.04152491509,-0.004808064678,-0.05720684306,0.9974868125,0.1305728386,0.09689078748,-0.01515519533,0.7164217713,-0.5381022098,0.0658524802,-0.5730822457,0.1553555772,-0.1225215853,0.5377644078,-0.1144713354,-0.008510445879,-0.2405267845,-0.008382092241,-0.008700294682,0.08073790671,0.2117077764,0.01410813939,0.610008502,-0.01864183521,0.02927165247,0.01109786399,0.3439181408,-0.2342886836,0.01030905499,0.6439418532,-0.01845665852,0.003915783154,0.02267177242
0.42481592,-0.03933630738,0.7236839377,-0.04206216018,-0.00474622181,-0.06030171891,0.9972822824,0.1407256239,0.09986312618,-0.01282868891,0.7274522697,-0.5506087323,0.06602787085,-0.5889337515,0.15937794,-0.1173076984,0.5297242203,-0.08079822695,-0.0136569786,-0.2467971435,-0.01615355036,0.001156703739,0.06943722895,0.2132663302,0.01703317913,0.6089229819,-0.01932370541,0.02895728852,0.01217949183,0.3446590253,-0.2373423475,0.009457531323,0.643531548,-0.01860936999,0.003034832904,0.02322508869
0.4324172862,-0.04189204206,0.7205138485,-0.04318834753,-0.003445303246,-0.06209292321,0.997129563,0.1482000876,0.1045422129,-0.01249109088,0.7379440833,-0.5626560935,0.06620268581,-0.5994220841,0.1651674062,-0.1103675659,0.522009215,-0.05670184859,-0.01873470783,-0.2519407111,-0.02182099251,0.009134684451,0.0604943465,0.213314317,0.01916010939,0.6081474986,-0.01986633827,0.02865604887,0.01306224855,0.3449732175,-0.2391838022,0.008614125529,0.6438807641,-0.01868237492,0.002466855024,0.02358901639
0.4403124486,-0.04457242826,0.7176655799,-0.04416746457,-0.0007989191022,-0.06158386675,0.997123876,0.1516751745,0.1101168003,-0.01362041524,0.748157933,-0.573528409,0.06630583955,-0.6023559653,0.1722161635,-0.09919707646,0.5146539754,-0.04682076833,-0.02000284693,-0.2565957236,-0.02674607561,0.0139030499,0.05416366159,0.2128096569,0.0201813688,0.606640393,-0.02014562807,0.02802037499,0.01357731548,0.3460524944,-0.2398609332,0.007691275141,0.6439780127,-0.01848001535,0.001975444598,0.02363541314
0.4482099347,-0.04725839132,0.7152988741,-0.04538065173,0.00318029794,-0.06041212375,0.9971363284,0.1517097891,0.1169173012,-0.01480764834,0.7571558507,-0.5822125649,0.0664766714,-0.6036670962,0.1809920091,-0.09026556558,0.5075668856,-0.03009227726,-0.02216411215,-0.2584085322,-0.0300302809,0.01695740747,0.04977402087,0.2114710013,0.02087897111,0.6049650794,-0.02031443351,0.0271278218,0.01396396907,0.3458512594,-0.2393926578,0.007001154892,0.6444663598,-0.01822244167,0.001638403789,0.02358051393
0.4557985715,-0.04979743045,0.7137537878,-0.04676619851,0.007885583631,-0.05903107974,0.9971289144,0.1486638062,0.1243682158,-0.01591053702,0.7651248635,-0.5874469602,0.06646910777,-0.6052581181,0.1919206099,-0.08205429453,0.5012614077,-0.007971739921,-0.02688331775,-0.2575028619,-0.03212207071,0.01991387528,0.04678147779,0.2099243442,0.02136963737,0.6027962891,-0.02025808262,0.02574495037,0.01416443215,0.3437005135,-0.2378353211,0.006411990891,0.6449711326,-0.01771005516,0.001398261636,0.0232967355
0.4629776343,-0.05212235184,0.7130856639,-0.04839186927,0.01307468684,-0.05732324753,0.9970964471,0.1427338805,0.1323749252,-0.01756542336,0.771306147,-0.5877956715,0.06680167602,-0.6074852434,0.2035198855,-0.0741788366,0.4957460312,0.01588371867,-0.03151015418,-0.2544200635,-0.03302428027,0.02386056606,0.04473543447,0.208208488,0.02182228062,0.6004868806,-0.02014213345,0.02419868924,0.01431138224,0.3389690539,-0.2353821009,0.006120404625,0.6452745053,-0.01717151675,0.00123337581,0.02297907955
0.4696730267,-0.05413722226,0.7133990012,-0.05016061893,0.01812585111,-0.05586855415,0.9970125729,0.1344617165,0.1397765406,-0.01954965316,0.7766108572,-0.5845758798,0.0669375062,-0.6097704588,0.2149898323,-0.06675738606,0.49199826,0.03598839045,-0.03607059006,-0.2490422188,-0.03321690835,0.02952822911,0.04356491902,0.2065566425,0.02211372207,0.5980990716,-0.01984711587,0.02240354132,0.01428433836,0.33192646,-0.2323262768,0.005895654373,0.6450931261,-0.01641488799,0.001147995865,0.02247617609
0.475897856,-0.0558550871,0.7146959591,-0.05195596207,0.0229548616,-0.05433782654,0.9969057392,0.1236571556,0.1463311051,-0.0220306926,0.7801162995,-0.5794405242,0.06701666905,-0.61111725,0.2255240459,-0.05980315951,0.4887845175,0.05048490105,-0.04065756744,-0.2421820865,-0.03303454274,0.03700378663,0.04321880695,0.2051547995,0.02232285641,0.5958027178,-0.01953048346,0.02064949168,0.0142047669,0.3226510321,-0.2288279669,0.005920223608,0.6442288608,-0.01566782082,0.001026282272,0.02198021319
0.4818079608,-0.05735181571,0.7167346559,-0.05332871965,0.02730358514,-0.05276842244,0.9968079331,0.11136981,0.1506466278,-0.02454278378,0.7815882479,-0.573545633,0.06643228668,-0.610560672,0.2346661164,-0.05261677016,0.4853863511,0.05969181249,-0.04614233315,-0.2342887106,-0.03361284946,0.04562057224,0.04377583037,0.2043523307,0.02218430956,0.593568298,-0.01906110579,0.01889047192,0.01391277902,0.3123499914,-0.2248618116,0.00591804933,0.6426358082,-0.01473836677,0.0009141586101,0.02132231231
0.4874640801,-0.05868234477,0.7194239853,-0.05413892896,0.03119886662,-0.0503894719,0.9967730475,0.09664694374,0.1529137335,-0.02709461403,0.7806764352,-0.5671915217,0.065540358,-0.6070494198,0.2423956696,-0.04403749808,0.4805090165,0.0624329387,-0.05258606125,-0.2266441601,-0.0352200241,0.05509181121,0.04507852498,0.2042479349,0.02176351926,0.5914453102,-0.01858963774,0.01732870671,0.01352950734,0.3016683551,-0.2206169477,0.006026478656,0.6400531761,-0.01383802535,0.00064549171,0.02067315003
0.4930679163,-0.05992151644,0.722418215,-0.05424039466,0.0345482533,-0.04729994785,0.9968084634,0.08077166842,0.1530803415,-0.02910795991,0.7786368211,-0.5607211891,0.06430567269,-0.6002292448,0.2488970743,-0.03276099325,0.4743742212,0.05670342373,-0.05801187953,-0.2193158459,-0.03815506011,0.06437084741,0.04715220503,0.2047403963,0.02091741366,0.589515031,-0.01796008521,0.01587350198,0.01293521463,0.2917553778,-0.2162305155,0.006011416803,0.6368132988,-0.01277361608,0.000349959871,0.01989459619
0.4986895743,-0.06107886833,0.7256049068,-0.05362917276,0.03745071588,-0.04303166771,0.9969301035,0.06317244123,0.15152511,-0.03039002622,0.7754705709,-0.5546054662,0.06301015658,-0.5895576643,0.2536418681,-0.01852105014,0.4660843674,0.04199764668,-0.06160278779,-0.2129928419,-0.04219666015,0.07310521398,0.04988754,0.2056390441,0.01978948801,0.5877974343,-0.01734049265,0.01463933682,0.01227362851,0.2831164137,-0.2120716604,0.005987511038,0.6328656869,-0.01175802563,-0.0001023508502,0.01914262128
0.504423239,-0.06217209361,0.7287553525,-0.05250182901,0.03989012908,-0.03833900065,0.9970869855,0.04521174366,0.1489862217,-0.03054775284,0.7725309314,-0.5492311385,0.06165362784,-0.5767840493,0.2575856875,-0.001966849529,0.4567377166,0.02302250632,-0.06384929215,-0.2068454477,-0.04686101036,0.08062394578,0.0533018593,0.2066362786,0.01852240947,0.5864459958,-0.01662636407,0.0135286446,0.01150455462,0.2758838708,-0.2082049921,0.005895451804,0.6289887367,-0.01069673061,-0.0005112036723,0.01833298192
0.5102504253,-0.06315250648,0.7318580355,-0.05115753195,0.04186508855,-0.03339642635,0.9972536789,0.02701866867,0.146028429,-0.02956798596,0.769471479,-0.5445032989,0.06035397355,-0.5627790045,0.2607347073,0.01519625958,0.4467206445,0.003400137169,-0.06532060595,-0.2007092806,-0.05139557159,0.08724320506,0.0572845448,0.207478232,0.01734438093,0.5854998043,-0.01595757793,0.01258428494,0.01078059486,0.2696990152,-0.2049258929,0.005818312814,0.6253849462,-0.009734128442,-0.0009029303791,0.01759490054
0.5162088996,-0.06404914348,0.7347890251,-0.04955093707,0.04337367694,-0.0285848427,0.9974198392,0.009633791852,0.1427789762,-0.0280642525,0.767456546,-0.5414745244,0.05921919801,-0.548545972,0.2643872858,0.03385363388,0.4371156361,-0.01385228658,-0.06547901394,-0.1941918349,-0.05589135756,0.09263848754,0.06187245362,0.2082386535,0.01621113134,0.5849162807,-0.01516472537,0.01174102562,0.010027393,0.2643890467,-0.2018573751,0.005702372123,0.6224749722,-0.008736032723,-0.001145061447,0.01682213295
0.5223279684,-0.06486666588,0.7375125077,-0.04769706911,0.04435292374,-0.02351309941,0.99759959,-0.006911215606,0.1393907114,-0.02641381532,0.7658633497,-0.5391549891,0.05825013699,-0.5337327308,0.2682839673,0.05381996118,0.4278496187,-0.02648576502,-0.06486293245,-0.1880405046,-0.06030258754,0.09691491407,0.06704352155,0.2089181831,0.0151371463,0.5846395568,-0.01441867798,0.01106217421,0.009327798225,0.260090306,-0.1990485428,0.005610770426,0.6201495284,-0.007834189491,-0.001285675613,0.01611794004
0.5286004449,-0.06560741233,0.7399983402,-0.04564961173,0.0448497509,-0.01839838544,0.9977805932,-0.02218781802,0.1362473175,-0.02503748349,0.7650501864,-0.5379913992,0.05728913816,-0.5188618244,0.2732758074,0.07610755608,0.4199407321,-0.03433862555,-0.06188959984,-0.1819271474,-0.06449974145,0.1000667138,0.0725711614,0.2096337287,0.01405176785,0.5846674021,-0.0135187418,0.0104157005,0.008561559633,0.2565050396,-0.196207395,0.005433948751,0.6185596058,-0.006867224083,-0.001229900086,0.01532861381
0.5350333804,-0.06622268908,0.7422692346,-0.04357567513,0.0448675202,-0.01313522439,0.9979556764,-0.03614001445,0.1336750015,-0.02411112192,0.7647015806,-0.5373610944,0.05644676111,-0.5038328639,0.2785289546,0.09914243107,0.4136354535,-0.03835933732,-0.05841246193,-0.1761323538,-0.06799529129,0.1022286953,0.07837435102,0.2101157818,0.01305424757,0.585099135,-0.01266514257,0.009881789115,0.0078519252,0.2535489201,-0.1935656714,0.005251657076,0.6176706174,-0.00598396904,-0.001043456073,0.01459139559
0.5415726908,-0.06671977533,0.7442949649,-0.04156225064,0.04459590055,-0.00797536575,0.9981083,-0.04927722817,0.1312693443,-0.02385379926,0.7652332614,-0.5376460352,0.05557561284,-0.4889155096,0.2841178665,0.1227626796,0.4087522523,-0.03838106989,-0.05332196624,-0.1705943844,-0.07093571754,0.1034532037,0.08422295304,0.2105471327,0.01203594885,0.5858282633,-0.01182522281,0.009517002837,0.007058294887,0.2511204534,-0.1909384086,0.005051134784,0.6172734396,-0.005170193223,-0.0007366574808,0.01379864867
0.5482131539,-0.06704679345,0.7461204687,-0.03980282101,0.04402353862,-0.003050079865,0.9982326184,-0.0613291585,0.1294606611,-0.02407752343,0.7661009333,-0.5382151476,0.05480172075,-0.4741429618,0.2894368833,0.1450285675,0.4055288189,-0.03672108555,-0.04896998168,-0.165213935,-0.07282456764,0.1039102874,0.09009696274,0.2106334487,0.01112448412,0.5869389531,-0.01107703757,0.009289908203,0.006328721106,0.2490089483,-0.1885272119,0.004898869653,0.6174105238,-0.00446698342,-0.0003482452988,0.01307630284
0.5548453872,-0.06719286546,0.7477864316,-0.03834475566,0.04332575497,0.001316898479,0.9983240077,-0.07300189974,0.1282261702,-0.02488538751,0.7670716443,-0.5389961531,0.05405349154,-0.4596138331,0.29458366,0.1661663677,0.403312837,-0.03360085855,-0.04349841972,-0.1600501006,-0.07377246112,0.1039491306,0.09569295274,0.2105953978,0.01022049781,0.5882297516,-0.01032017337,0.009165810429,0.005569862039,0.2469860063,-0.1861895344,0.004742699095,0.6178446158,-0.003829263725,9.773651563e-05,0.01229540437
0.5614579402,-0.06711434743,0.7493413785,-0.03733754234,0.04249335224,0.004814521145,0.9983872211,-0.08397663701,0.1278170548,-0.02607637824,0.767857448,-0.5397825875,0.0534008831,-0.4454906586,0.2991775997,0.1846181045,0.402314293,-0.03169581112,-0.03860900001,-0.1547419762,-0.07341911735,0.1036762669,0.1010841178,0.2101639545,0.009449481632,0.5897456439,-0.009641149301,0.009118693204,0.004899696686,0.2448047837,-0.1840733342,0.004663818743,0.6186204395,-0.003283970741,0.0005873484518,0.01159001379
0.5679604409,-0.0668314166,0.7508155027,-0.03663665469,0.0416749625,0.007362050047,0.9984321475,-0.09462943874,0.1273604465,-0.02738202367,0.7683885363,-0.5402015723,0.05273861404,-0.4318165799,0.3023161852,0.1997915385,0.401430938,-0.03046011243,-0.03367000309,-0.1488928848,-0.07233688338,0.1031428775,0.1061357019,0.2095789315,0.008696237293,0.5912769387,-0.008974929389,0.00916232579,0.004263988801,0.2423768156,-0.1820674698,0.004614637355,0.6193809402,-0.002792760392,0.001093230594,0.01089572781
0.5743821262,-0.06637038234,0.7522060357,-0.0362378685,0.0408484951,0.008991044804,0.998467515,-0.1047839906,0.1270172341,-0.02871494172,0.7686357777,-0.5404779799,0.0521492261,-0.4182600566,0.3047472996,0.2123881641,0.4005663993,-0.0311154728,-0.02902935717,-0.1427636751,-0.07062167914,0.102252723,0.1111089253,0.2088957403,0.008026386349,0.5927109323,-0.00838678617,0.009249630624,0.003711177506,0.2397386289,-0.1801034233,0.004702337037,0.6201245235,-0.002375104628,0.001581073614,0.01029645758
0.5806470639,-0.06578681205,0.7535722706,-0.03597269847,0.04009311095,0.0100459258,0.9984976649,-0.1146737751,0.1260728878,-0.02976045932,0.7687060539,-0.5404145816,0.05156084691,-0.4050749954,0.3063627992,0.2226067969,0.3995081558,-0.03331668135,-0.0249198056,-0.1360232611,-0.06881204765,0.1010294292,0.1158459861,0.2082968651,0.007337515335,0.5939709121,-0.00784169705,0.009394266832,0.003125979852,0.2369526311,-0.1780882651,0.00483716588,0.6206590512,-0.002023727542,0.002063581197,0.00965821355
0.5867937534,-0.0650994036,0.7548875431,-0.03580232114,0.03938505111,0.0106701746,0.9985254924,-0.1241831215,0.1246512196,-0.03041426512,0.7686181201,-0.540274088,0.05103539103,-0.3918620863,0.3074485976,0.2311852689,0.398019695,-0.03733710466,-0.02169279328,-0.1291130028,-0.06702472887,0.09935577908,0.1205838872,0.2078163504,0.006708645945,0.5949925996,-0.007370071327,0.009538523222,0.002589180388,0.2341189862,-0.1760357397,0.005112802489,0.620965967,-0.001731631709,0.002488289799,0.009093922046
0.5927617836,-0.06433250524,0.7561903235,-0.0355704492,0.03872016882,0.01112802452,0.998554785,-0.1334671697,0.1225012056,-0.03062116057,0.7684804503,-0.5396649937,0.05043489943,-0.3790312049,0.3078816107,0.238335319,0.3964726997,-0.04267521494,-0.01964434458,-0.1219336257,-0.06553266893,0.09740866959,0.1251251252,0.2074991385,0.006067017614,0.5958132877,-0.006947934051,0.009719948751,0.001996073191,0.2313311955,-0.1739592852,0.005435723709,0.6210030757,-0.001504868104,0.002904229158,0.008491532932
0.5985843571,-0.06348528983,0.7574565541,-0.03529969629,0.03806991874,0.01148641644,0.9985853368,-0.1423613234,0.119851118,-0.03025693873,0.768283593,-0.5389932936,0.04986888532,-0.3662843391,0.3077272292,0.2444606181,0.3946573163,-0.04921792492,-0.01854213613,-0.1147685883,-0.06426746923,0.09512684075,0.1296537003,0.2072856512,0.005496790539,0.5964446651,-0.006586994156,0.009881130504,0.001446892345,0.2286330274,-0.1719586439,0.005864885031,0.6207983673,-0.001322817791,0.003253484444,0.007960368681
0.6042281362,-0.06256384899,0.7586939795,-0.03494428009,0.03740462476,0.01178273578,0.9986195264,-0.1510520781,0.1168081547,-0.02955583593,0.7682945068,-0.5378515472,0.04910855114,-0.353801471,0.3070695079,0.2498503802,0.3927827701,-0.05641623364,-0.01862701859,-0.1076304974,-0.06326742329,0.09269237712,0.1340107284,0.2071228697,0.004945797618,0.5970224988,-0.00628648961,0.01008714128,0.0008335170362,0.2260718066,-0.1701018467,0.006306555484,0.6204302999,-0.001215401307,0.003604964266,0.007384302418
0.6097213379,-0.06156307656,0.7598847113,-0.03453601084,0.03670505719,0.01201569805,0.9986569109,-0.1593340681,0.1135709603,-0.0284128879,0.7683688615,-0.5366908688,0.04836412866,-0.3414375025,0.3059457228,0.2547385742,0.3907494043,-0.06403423348,-0.01936915006,-0.1006625025,-0.06243711692,0.09004132011,0.1383683219,0.2069477761,0.004465889804,0.5975454187,-0.006037565965,0.01028557017,0.0002664057628,0.2236716378,-0.1684699781,0.006792147524,0.6199371876,-0.00114344671,0.003905875937,0.006871594348
0.6150497266,-0.06050358064,0.7610319529,-0.03412919809,0.03592134298,0.01207615823,0.9986986639,-0.167286971,0.1101421801,-0.02717513012,0.7684173549,-0.5348681395,0.04765813998,-0.3294697898,0.3048103193,0.2593474185,0.3889468192,-0.07128107222,-0.02135807671,-0.09389609778,-0.06179005256,0.08721947738,0.1426397487,0.2067702607,0.004051357935,0.5981515342,-0.005831421724,0.01056042892,-0.0002610813664,0.2214461136,-0.1670378096,0.007284615075,0.6194177553,-0.001131560724,0.00417560339,0.006391227672
0.6202331052,-0.05937683375,0.7621277257,-0.0337769629,0.03502513069,0.01201951272,0.9987431543,-0.1747834453,0.1067402023,-0.02580842401,0.768423666,-0.5330270269,0.04703570772,-0.3177660275,0.3036510446,0.2638231949,0.3873128203,-0.07784542851,-0.02378313865,-0.08751553748,-0.06117099303,0.08423369024,0.1469147061,0.2065128135,0.003708273118,0.5988429345,-0.005660471778,0.01085487579,-0.0007146593535,0.2194327126,-0.1658652934,0.007775378754,0.6188798746,-0.001140132092,0.004396287063,0.005984614467
0.625260206,-0.05819061837,0.7631589023,-0.03368226897,0.03398444167,0.0116562313,0.9987866112,-0.182022353,0.1032642011,-0.02481285117,0.7687747415,-0.5309444105,0.04645426965,-0.3060907243,0.3031749545,0.2685714397,0.3854961551,-0.08295232994,-0.02772680668,-0.08155200817,-0.06036206713,0.081266861,0.1511091575,0.2061412986,0.003388750185,0.5997596102,-0.005549484133,0.01122826628,-0.001221310369,0.217550196,-0.1649504304,0.008219512736,0.6184276651,-0.001234945541,0.004662221592,0.00553791918
0.6301506765,-0.05694919989,0.7641153275,-0.03381453442,0.03280629019,0.01108643145,0.998828021,-0.1889364975,0.09982292664,-0.02395324136,0.7692396115,-0.5289906614,0.04595179535,-0.2945164585,0.3031958028,0.2736732157,0.3835952294,-0.08651462864,-0.03202969641,-0.07620259309,-0.05941947837,0.07822571723,0.1552954254,0.2056595606,0.003061823697,0.6008226899,-0.005467838064,0.01163901366,-0.001697175447,0.2159286789,-0.1642632142,0.008601220174,0.618031838,-0.001346005157,0.004913991454,0.005127393962
0.634884845,-0.05566913055,0.765006933,-0.03421336432,0.03148963941,0.01011545526,0.9988671212,-0.1954044821,0.09592641806,-0.02352623029,0.7700625473,-0.5264567804,0.04547573428,-0.2831201574,0.3041067534,0.2789084775,0.381593836,-0.08802201718,-0.038016959,-0.07131625484,-0.0584438962,0.07525841879,0.1593922419,0.205174575,0.002755048539,0.6020747977,-0.005428954612,0.01215947912,-0.002107362926,0.2144594039,-0.1636723108,0.008933111918,0.6176850964,-0.001486799415,0.005155328028,0.004775299402
0.6394851947,-0.05435455871,0.7658226508,-0.03485083505,0.03005520621,0.008856129722,0.9989012328,-0.2013994097,0.09180538961,-0.02311105373,0.7709919055,-0.5239743046,0.04506194012,-0.2719558891,0.3055912538,0.2841551131,0.3796340847,-0.08785444548,-0.0440783184,-0.06707164654,-0.05747986822,0.0722337683,0.16345465,0.2046795295,0.002441638129,0.6034514257,-0.005405126225,0.0127210449,-0.002459529265,0.2133075745,-0.1631640492,0.009217647109,0.6173551386,-0.001620164868,0.005358069919,0.004479798338
0.6439512945,-0.05301400353,0.7665596414,-0.03572718356,0.02852768822,0.00711584456,0.9989289785,-0.206755233,0.08695359556,-0.02276065318,0.7719769707,-0.5211948593,0.04524619964,-0.2609877108,0.3076802603,0.2880814544,0.3775633962,-0.08624320186,-0.05093113637,-0.06283671226,-0.05659432739,0.06918818977,0.1674778665,0.2042624509,0.002085713343,0.6050089858,-0.005364354492,0.01338582405,-0.002814752877,0.2123453133,-0.1626342955,0.00948793953,0.6170671878,-0.00186175628,0.005620366252,0.004154376486
0.6483016073,-0.05164960265,0.767208757,-0.03685178739,0.02694224827,0.004982426768,0.9989450618,-0.2115407914,0.08172816094,-0.02207698689,0.772918316,-0.5185982336,0.04557874719,-0.250296391,0.3102051417,0.2909645847,0.3755554655,-0.08377543517,-0.05738940898,-0.05882768903,-0.05575413009,0.06597328284,0.1715733399,0.2038949878,0.001729194922,0.6066591175,-0.005320880522,0.01407066875,-0.003138703704,0.2116532839,-0.1620991831,0.009768237373,0.6168260198,-0.002109592781,0.005878095441,0.00385990181
0.6525038298,-0.05028423526,0.7677725026,-0.03800945756,0.02522316821,0.002488399807,0.9989558953,-0.215502396,0.07599120029,-0.02104641877,0.7742927733,-0.5160099636,0.04587788382,-0.2406859758,0.3128122449,0.2906437848,0.3749748326,-0.08091273689,-0.06334644578,-0.05453863592,-0.05533510628,0.06287019039,0.1755871323,0.2037469985,0.001434745524,0.6082689963,-0.005316642383,0.01478300617,-0.003399202188,0.211025955,-0.1614338169,0.01011827681,0.6165523016,-0.002379341874,0.006137483742,0.00364611384
0.6565897037,-0.04890574272,0.7682570502,-0.03927807582,0.02338644606,-0.0003064174566,0.99895456,-0.2185856502,0.07012897033,-0.01950956961,0.7758054373,-0.5136794997,0.0461207965,-0.2317232449,0.3154644673,0.288125069,0.3755163423,-0.07808413485,-0.06850650753,-0.0501918971,-0.05511797211,0.05972742131,0.17967245,0.2037081861,0.001244419146,0.6098960496,-0.005323209027,0.01545797776,-0.003603003401,0.2105074193,-0.1607118022,0.0105516855,0.61632979,-0.002627594556,0.006373001909,0.003499556373
0.6604954777,-0.04752785955,0.7686926246,-0.04032756019,0.02129900431,-0.003669751598,0.9989527382,-0.2197913524,0.06360084754,-0.01718571538,0.7776969444,-0.5117524584,0.04707901388,-0.2248254311,0.3177118896,0.2795661664,0.3793631167,-0.07552831317,-0.07258015205,-0.04467163493,-0.05566545064,0.05715849182,0.1837648113,0.2039831761,0.001166342154,0.6114309576,-0.00528712908,0.01611468102,-0.003655777882,0.2097600073,-0.1597652412,0.01108690496,0.6160564535,-0.002919718458,0.006604936533,0.003432543702
0.6642743598,-0.0461152514,0.7690966134,-0.04134529229,0.01903920064,-0.0075375922,0.9989350631,-0.2192599043,0.05694219727,-0.01417046047,0.7797413981,-0.5101505498,0.04811963995,-0.2191363521,0.3195523472,0.2670017574,0.3855261495,-0.0732969471,-0.07604389946,-0.03840096576,-0.0564390207,0.05478574917,0.1881942717,0.2043192918,0.001279637764,0.6130420853,-0.005241205597,0.01670627326,-0.003624876708,0.2087919312,-0.1587821608,0.01177420151,0.6158726807,-0.00319755334,0.006830270523,0.003434873198
0.6678827103,-0.04468092919,0.7693899268,-0.04206753707,0.01661834996,-0.01165221779,0.9989085937,-0.2176714464,0.0503055582,-0.01019962992,0.7822042147,-0.508977711,0.04864187744,-0.2164629528,0.3201823324,0.2472054705,0.3963073615,-0.07202508132,-0.07656791134,-0.03107141089,-0.05769305043,0.05269638687,0.1926921755,0.2049459735,0.00149343998,0.6144842206,-0.005254672883,0.01724379285,-0.003687280689,0.2075958917,-0.1576554306,0.01253922052,0.6156845264,-0.00346716017,0.007151107382,0.003410024528
0.6713738886,-0.04318011659,0.7696019318,-0.04272416113,0.01397216872,-0.01597612688,0.9988614458,-0.214751742,0.0440883947,-0.005734991274,0.7847778263,-0.5080624408,0.04893109943,-0.2151547766,0.3198055114,0.2231834732,0.4101443552,-0.07146297825,-0.07601717826,-0.02307345475,-0.05879714677,0.05084743831,0.1975402882,0.2055603944,0.001883814243,0.6159960078,-0.005284311834,0.01770447625,-0.003740918006,0.2061018818,-0.156596727,0.0134148415,0.6156563641,-0.003710200274,0.00750694531,0.003416157569
0.6746933733,-0.04160840615,0.7696912501,-0.04287231656,0.01109554722,-0.02040163276,0.998810606,-0.2108969613,0.03798121891,-0.0002746193884,0.7876124993,-0.5074664407,0.04915669538,-0.2177917396,0.3173116776,0.190419722,0.4302967416,-0.07182587929,-0.07337716304,-0.01389625795,-0.0601924246,0.04928363329,0.2025814214,0.2063836728,0.002257027537,0.6173856779,-0.005350236325,0.01811757492,-0.004023227339,0.2043143164,-0.1554623789,0.01428326773,0.6156774106,-0.004080602601,0.008041956602,0.003182640301
0.6779008108,-0.03989514851,0.7696987346,-0.04286160121,0.007824945666,-0.02491486567,0.9987396572,-0.2055856063,0.03249046071,0.005442783108,0.7904819842,-0.5070433824,0.04931561586,-0.2219846232,0.3129304283,0.1527838784,0.4546066807,-0.07260873161,-0.07082799794,-0.003946911377,-0.06092323989,0.04817342143,0.2080988966,0.2069512443,0.002730374702,0.6189734464,-0.005418142679,0.01847407229,-0.004316453183,0.2021043768,-0.1545956767,0.01519044074,0.6159214292,-0.004454926143,0.00864124126,0.002932018501
0.6808829093,-0.03804252258,0.769521404,-0.04243324456,0.004392043766,-0.02941397784,0.9986565714,-0.199557317,0.0272465742,0.01167508069,0.7930998363,-0.5068295765,0.0497661384,-0.2288992185,0.3047587258,0.1067478383,0.4834299014,-0.07466404969,-0.06440560459,0.006965695973,-0.06143108987,0.04807571787,0.2136278553,0.2076306962,0.003285445135,0.6205064502,-0.005562555885,0.01868381533,-0.004644309762,0.1993996925,-0.1537604881,0.01599870414,0.616109504,-0.004789770563,0.00914123871,0.002573086968
0.683704019,-0.03599923607,0.7691876179,-0.04195785601,0.000734751928,-0.0339564183,0.9985419171,-0.1925538597,0.02284693295,0.01771870642,0.7955239433,-0.5067397868,0.05023165669,-0.2366315703,0.2939777418,0.05758530236,0.5149078435,-0.0768678115,-0.05806773268,0.01852378948,-0.06076642002,0.04885514657,0.219546873,0.208055804,0.003987086113,0.6222041114,-0.005714401324,0.01882812439,-0.004906045371,0.1961320389,-0.1532573054,0.0168164877,0.6163830692,-0.00508138871,0.009596159977,0.002254632763
0.6863330167,-0.03381583668,0.7686380468,-0.04137306282,-0.002737000244,-0.03829885839,0.9984057171,-0.1853191145,0.01921499187,0.02361843883,0.7979280142,-0.5067665907,0.05038245975,-0.2452868687,0.2792921779,0.002765837053,0.5476071829,-0.07958083787,-0.05001734379,0.03036887838,-0.05946945955,0.05026767623,0.2253947621,0.2085397363,0.004625694342,0.6239799555,-0.005766264028,0.01889750728,-0.005263680282,0.1925855059,-0.1529356647,0.01749905175,0.6166309308,-0.005309274264,0.01013487501,0.001850964956
0.6888130858,-0.03146517418,0.7678893639,-0.04092394576,-0.006032086691,-0.04267717806,0.998232189,-0.1776267592,0.0167283623,0.02894772092,0.8002315936,-0.5068520549,0.05040841315,-0.2539563516,0.2624155817,-0.05204088758,0.5805565006,-0.08175862233,-0.04304465972,0.04252455571,-0.05695963865,0.05209330277,0.2315508611,0.2088526209,0.005319939092,0.6258842335,-0.005782508134,0.01895347197,-0.005582231575,0.1886638299,-0.1529624918,0.01816704814,0.6169712572,-0.005498696296,0.01069518593,0.001495541704
0.6911018412,-0.02892443217,0.7669531079,-0.04065777211,-0.008792737985,-0.04672812813,0.9980411391,-0.1699578525,0.01524362828,0.03350643576,0.8026105089,-0.5070496578,0.05024003445,-0.2621502627,0.2427534944,-0.1082931684,0.6116803199,-0.08360379877,-0.03585703623,0.05436774767,-0.05302393736,0.05434769202,0.2375081014,0.2090152221,0.005876066442,0.6278130441,-0.005859241816,0.01884138894,-0.006136258863,0.1845472704,-0.1534010962,0.01855603733,0.6172659132,-0.005684536823,0.01126287618,0.0008658957932
0.6932157683,-0.026207646,0.7658336521,-0.04062360137,-0.01098913662,-0.05078845294,0.9978223764,-0.1621654157,0.0148557875,0.03727971656,0.8048754956,-0.5072668295,0.05002357549,-0.2701201681,0.2222952803,-0.1609160205,0.6412091656,-0.08453105978,-0.03001754807,0.0661548562,-0.04767011235,0.0567922165,0.2435968799,0.209052593,0.006423478835,0.6296515228,-0.005949284711,0.01868849311,-0.006689172106,0.1800990269,-0.1542016085,0.01882972711,0.6176043147,-0.005854480976,0.01181380014,0.0002277570012
0.6952180451,-0.02331971742,0.7646890655,-0.04091376638,-0.01254751085,-0.05430410887,0.9976069805,-0.1547123421,0.01593786853,0.04015282162,0.806699347,-0.5069943389,0.0502732977,-0.2755568855,0.201682726,-0.2090717772,0.6658767718,-0.08521212161,-0.02370097358,0.07737748981,-0.04065095596,0.05901363636,0.2495227103,0.2089415365,0.00681898,0.6315640771,-0.006074778524,0.01839644236,-0.007398394559,0.1756730137,-0.1553298222,0.01884012406,0.6179967442,-0.006036431858,0.01227361986,-0.0006179819983
0.6970717364,-0.02029974465,0.7635047527,-0.0413583752,-0.01337697722,-0.05765411493,0.9973898658,-0.1477694781,0.01808289989,0.04222005985,0.8081310243,-0.506575373,0.05062755066,-0.280224189,0.182133285,-0.2507886375,0.6873708061,-0.08602052332,-0.01779928572,0.08841801484,-0.03253988482,0.06085722393,0.2554839811,0.2089068018,0.007227073977,0.6332378975,-0.00620294675,0.0180859699,-0.008067385033,0.1710008014,-0.1565976608,0.01877102896,0.6184105554,-0.006206165865,0.01269214737,-0.001435128759
0.6987996003,-0.01723488093,0.7624872296,-0.04229972757,-0.01365820879,-0.06047214994,0.9971796756,-0.141491587,0.02212237887,0.04329922154,0.8096071782,-0.5051570621,0.05098747409,-0.2824353615,0.1659689322,-0.2846193089,0.7034551058,-0.0871826784,-0.01330828333,0.09874446734,-0.02328600484,0.06242135611,0.2611449702,0.208940016,0.007586255849,0.6348622447,-0.006437285994,0.01771061974,-0.008879315754,0.1664065254,-0.1578419583,0.018595091,0.6189756514,-0.006373932452,0.01301440057,-0.002365042095
0.7003485327,-0.01414179045,0.7616142889,-0.04337201185,-0.01329010176,-0.06304762648,0.9969790562,-0.1361049155,0.02702003843,0.04349418554,0.8109124023,-0.5034899308,0.05132018417,-0.2841918105,0.1525060787,-0.31145998,0.7159648203,-0.08915382374,-0.009562139777,0.1086843031,-0.01380420916,0.06364766158,0.2665612766,0.2092117933,0.008015438899,0.6361767391,-0.006683082983,0.01734064644,-0.009634546022,0.161650593,-0.1589212595,0.01843941437,0.619529409,-0.006524331786,0.01330447643,-0.003227046446
0.7017964243,-0.0110101908,0.7608534497,-0.04464777132,-0.01246849013,-0.06504743169,0.996804868,-0.1312013556,0.03392058363,0.04271477053,0.8110654976,-0.5004397497,0.05202565876,-0.2836222021,0.1426250907,-0.330705816,0.7231165423,-0.09340812992,-0.004880604284,0.1182180174,-0.003490891913,0.06455681898,0.2717557247,0.2096523776,0.008423793611,0.6374072836,-0.006908189326,0.01676029971,-0.01050592381,0.1568345387,-0.159901407,0.018169137,0.6201682445,-0.006666346649,0.01356571449,-0.004292443092
0.7030795549,-0.007844225565,0.7601706206,-0.04572039059,-0.01106454003,-0.06666664289,0.9966658319,-0.1273345338,0.04155287987,0.04092210835,0.8105169944,-0.4972168012,0.05278450001,-0.2827175332,0.1350468713,-0.3440522326,0.7265220339,-0.09994746883,6.873581087e-05,0.1275136411,0.006694593637,0.06510835472,0.2767218551,0.2103986145,0.008919859789,0.6382866719,-0.007106819949,0.01614039542,-0.01130502975,0.1517183648,-0.1607217072,0.01791651933,0.6206740472,-0.006789690605,0.01381476845,-0.005309018973
0.7041925089,-0.004619748017,0.7597796566,-0.0471273059,-0.009208569461,-0.06792472857,0.9965342195,-0.1242879216,0.05080069018,0.03784151678,0.8090614986,-0.4933857641,0.05331432673,-0.2804031165,0.1319803622,-0.3497688837,0.7242116498,-0.1080619808,0.005317182798,0.1364727644,0.01783518187,0.06556762658,0.2813726851,0.2111939337,0.009386391342,0.6391508202,-0.007434657776,0.01538767744,-0.01232502256,0.1464026317,-0.1615200876,0.01757594434,0.6212254904,-0.006988496499,0.01397871104,-0.006599927457
0.7050787903,-0.001332046591,0.7596354086,-0.04834336485,-0.006819313177,-0.06890570665,0.9964278296,-0.1225301609,0.06016072394,0.03372672348,0.8070988574,-0.4897282165,0.05375618918,-0.2782452065,0.1311742653,-0.3503003379,0.7177930972,-0.1174227934,0.01063531287,0.1451142719,0.02874778165,0.06602632197,0.285687607,0.212168465,0.00988608976,0.6396928115,-0.007769997403,0.01464581713,-0.01329843618,0.140714384,-0.1622482612,0.0172439986,0.6215301183,-0.007186858306,0.0141036733,-0.007845548314
0.7057167607,0.002133703031,0.7597099795,-0.04970789962,-0.004111711551,-0.06988585364,0.9963072749,-0.1211995981,0.07206831669,0.02884929089,0.8049121246,-0.4859278857,0.05417660377,-0.2771084587,0.1330638845,-0.3445327346,0.7086932053,-0.1266638333,0.01656242747,0.1541698383,0.04123725426,0.06686346577,0.2897260444,0.2131018528,0.01036514427,0.6402164456,-0.008169875168,0.01372813384,-0.01441754528,0.1343860586,-0.1630402067,0.01680023093,0.6216234271,-0.007395384532,0.01409153882,-0.00929484827
0.706081503,0.00577414126,0.7599795727,-0.05075876562,-0.001105396449,-0.07064357945,0.9962087183,-0.1205339156,0.08471915792,0.0226390005,0.8026364087,-0.482421294,0.05459841178,-0.277217447,0.1356712867,-0.3347623062,0.6977703466,-0.1355435205,0.02271655358,0.1630924706,0.05423556372,0.06829951347,0.2934795461,0.214140725,0.01086168621,0.640514478,-0.008547252814,0.01282992145,-0.01545709465,0.1273293758,-0.1638487623,0.01635383938,0.621370082,-0.007581748937,0.01400638918,-0.01065914277
0.7061502311,0.009538804125,0.7605896282,-0.05208086549,0.002083414205,-0.07121130436,0.9960984856,-0.119915885,0.09983448386,0.0151233617,0.7996642608,-0.4790203236,0.05411931176,-0.2777458205,0.1391121083,-0.3232393521,0.6843839334,-0.1425102105,0.03151033484,0.1720080428,0.06821585933,0.07073015173,0.2968226953,0.2152043061,0.01120272741,0.6408547021,-0.009097720085,0.01171667169,-0.01692577753,0.1195485753,-0.1646591954,0.01567643125,0.6210972155,-0.007815883951,0.01387721397,-0.0124372149
0.7059126197,0.01342263855,0.7614935563,-0.05312159342,0.005541722576,-0.07161688691,0.9960012084,-0.1197616948,0.1154898104,0.006179990325,0.7963537849,-0.4759921999,0.05349040497,-0.2793619932,0.1420032445,-0.3104091439,0.6691011329,-0.1466211783,0.04162886371,0.1808063622,0.08191895144,0.07409605492,0.2999035758,0.2164283053,0.01148466862,0.6409123634,-0.009642377133,0.01061877539,-0.01838443689,0.1110603304,-0.1654372175,0.01496011828,0.6205338651,-0.008035407235,0.01373323196,-0.01417288999
0.7055199339,0.01732234198,0.7622852739,-0.0533268099,0.009035877257,-0.07186690259,0.9959466615,-0.1194141174,0.1323035898,-0.002356463823,0.793867781,-0.4738871739,0.05242558997,-0.2808649748,0.143091475,-0.2967693935,0.6524640899,-0.1495890964,0.05264986387,0.1902654421,0.09401531087,0.07799003979,0.3029609389,0.2181234341,0.01164479362,0.6406549296,-0.01017880448,0.009374501737,-0.02016253156,0.1021014959,-0.1659650957,0.01412481606,0.6196050797,-0.008237267271,0.01353606438,-0.01618808494
0.7049738666,0.02126174573,0.7629376889,-0.05251921309,0.01265731566,-0.07193474446,0.995945238,-0.1191094978,0.149064522,-0.0112808995,0.7919454726,-0.4722681002,0.05139292242,-0.2828113812,0.142077959,-0.2820976577,0.6351826823,-0.1517994446,0.06307172285,0.2000645355,0.1042013786,0.08226898418,0.3060888747,0.2201307463,0.01184039038,0.6401637092,-0.01065335481,0.008150467987,-0.02185412617,0.09263541752,-0.1664270072,0.01334591143,0.6182355888,-0.008408423928,0.01328967604,-0.01808204096
0.7045120846,0.02511971433,0.7632821927,-0.04987176525,0.01591528734,-0.07113822016,0.9960917951,-0.118964995,0.1648841638,-0.01890025589,0.7926839436,-0.4712572603,0.04960721853,-0.2841848311,0.137355179,-0.2644626217,0.619420589,-0.1562416349,0.07407851936,0.2095398666,0.1102483127,0.08591839072,0.3095849957,0.2231084463,0.01205812606,0.6392345571,-0.01108047017,0.006725322978,-0.0238751989,0.08344656339,-0.1662941262,0.01266112913,0.616586075,-0.008602491563,0.01301951115,-0.02025754304
0.7041466204,0.02896433132,0.7633345512,-0.04578997818,0.01882141379,-0.06931171547,0.9963658557,-0.1188625158,0.1800548587,-0.0263723981,0.794886859,-0.4704591486,0.0478258665,-0.2846378065,0.1298922986,-0.2447373151,0.6050686557,-0.1642295383,0.08348801359,0.2183741391,0.1133935765,0.08884264404,0.3131510311,0.2264656501,0.01235694456,0.6383974379,-0.01143506939,0.005342351013,-0.02579139802,0.07469254799,-0.1661076713,0.01202625495,0.6146299648,-0.008774907917,0.01268692551,-0.02230427041
0.7037909199,0.03283519283,0.7637186349,-0.04069538434,0.02161733705,-0.06597218752,0.9967568645,-0.1200091132,0.1966505556,-0.03311962713,0.7981940607,-0.4693771146,0.04551792743,-0.2832505137,0.1205170913,-0.2224422505,0.5893117856,-0.1745915025,0.09150206732,0.2255496076,0.1143357739,0.09103654268,0.3163354991,0.2306430911,0.01265525877,0.6375900309,-0.01170012683,0.003818318853,-0.02804590788,0.06654466396,-0.1653497582,0.01140331872,0.6126552201,-0.008979779211,0.01227592338,-0.02467688474
0.7034475617,0.03683795543,0.7644268493,-0.0346460129,0.02431837861,-0.06148394262,0.9972101058,-0.1221096164,0.2137203108,-0.04011665664,0.8017114098,-0.4682496243,0.04334356625,-0.2804170968,0.1088531279,-0.1988062048,0.5722648659,-0.1871212384,0.09771524286,0.2317528409,0.1135991956,0.09241858394,0.319053701,0.2349962469,0.01301114891,0.63694748,-0.01189534668,0.00239437567,-0.03017045106,0.05909697722,-0.1646508553,0.01082388082,0.6105026151,-0.00916204622,0.01182339893,-0.02690829758
0.7031625227,0.04096172731,0.765093645,-0.02743917542,0.02675400329,-0.05549193366,0.9977233886,-0.1254573719,0.2337660729,-0.04599583095,0.8057034132,-0.4674967442,0.04038205914,-0.2772653573,0.09420459409,-0.1722605972,0.5565859606,-0.2025307213,0.1028103828,0.2371089639,0.111470334,0.09275064976,0.3209591713,0.2395671311,0.0133390307,0.6361554179,-0.01204760801,0.0009190481301,-0.03266117403,0.05261428444,-0.1635625276,0.01024556661,0.608305777,-0.009466260346,0.01138987611,-0.02952911875
0.702949639,0.04533076162,0.7657400465,-0.01928810029,0.02878691398,-0.04831062866,0.9982311185,-0.1294795925,0.2555822234,-0.0527475233,0.8094266635,-0.4668770039,0.03755495634,-0.2731487042,0.07659156276,-0.1448385139,0.5419417309,-0.220647857,0.1056792024,0.2420115559,0.1088650545,0.09217001944,0.3221479886,0.2436535062,0.01364874043,0.6354215078,-0.01216108611,-0.0004624044509,-0.03500181561,0.04699394141,-0.1627958354,0.009734318305,0.6061591192,-0.009766143124,0.01098398416,-0.03198683577
0.702865451,0.04990788714,0.7667624007,-0.01060129269,0.03027892139,-0.03975775149,0.9986942078,-0.134939546,0.2816280556,-0.05950940448,0.8132405277,-0.4657569083,0.03402725508,-0.2654087636,0.05744425263,-0.1146239448,0.5250191686,-0.2421439574,0.1046025013,0.2462237969,0.1058465757,0.09028133167,0.322468834,0.2477612771,0.01407573665,0.6347474845,-0.01228407991,-0.001754684388,-0.03751392027,0.04226369013,-0.1617281555,0.009474037913,0.6044079829,-0.01022669346,0.0105763253,-0.03459420866
0.7029193185,0.0548326775,0.7681351018,-0.001143172061,0.03128717327,-0.03049674229,0.9990444208,-0.1414230479,0.3093935997,-0.06773031005,0.8164780269,-0.4645049057,0.03074181268,-0.2550344751,0.03583193264,-0.08290545671,0.5064044683,-0.264025472,0.09991461651,0.250604482,0.1022397803,0.08695229453,0.3224274915,0.2513750809,0.01457366457,0.6339913996,-0.01239640897,-0.002942533705,-0.03979291963,0.03829387139,-0.1608780965,0.009517457229,0.6029326876,-0.01068108855,0.01025256496,-0.036922206
0.7031585378,0.06027608698,0.7699952637,0.008726846389,0.03195674221,-0.02100747358,0.9992303512,-0.1497947878,0.335642726,-0.0773542677,0.8191413628,-0.4635348756,0.02713925914,-0.2388254799,0.01469238078,-0.04258161476,0.4813558724,-0.2859535724,0.08806396117,0.2538296677,0.09895565033,0.08230501282,0.3223422851,0.2540126372,0.01507500412,0.6331268861,-0.01265430356,-0.004037845985,-0.04205534778,0.03542140613,-0.1602485353,0.0100168513,0.6021680986,-0.01139976889,0.01015895214,-0.03916715032
0.7035089819,0.06642901963,0.7724532019,0.01873367739,0.03251094269,-0.01288228558,0.9992127575,-0.1587457792,0.3603711576,-0.08703730608,0.8211018149,-0.4628772023,0.02385218655,-0.2210499826,-0.007883097715,-0.003905422151,0.4525579067,-0.3038638087,0.07121796242,0.2583691256,0.09696565762,0.07593445626,0.3226143172,0.2545960648,0.01552290733,0.6325802795,-0.01293014912,-0.005059816956,-0.044011005,0.03317641548,-0.1604681091,0.01088047993,0.6021469576,-0.01212682798,0.01028588357,-0.04104980498
0.7040174073,0.07359937481,0.7756610157,0.02697908014,0.03289858993,-0.008841195959,0.9990553765,-0.166440027,0.3820643691,-0.09692813762,0.8230336215,-0.461701908,0.02040303852,-0.2032390579,-0.02604415987,0.03346060944,0.420506263,-0.3110384408,0.04390068583,0.2663143138,0.1010118345,0.06706017046,0.3242410901,0.2505683468,0.01566886861,0.6337745269,-0.01354107589,-0.005508426945,-0.04572209321,0.03074005228,-0.1625289402,0.01201640643,0.6033711584,-0.01325429687,0.01066841324,-0.04259722693
0.7045999026,0.08171453903,0.779719444,0.03366107109,0.03300481537,-0.007171640308,0.998862444,-0.1741593857,0.4000876172,-0.1077820817,0.8253313012,-0.4605093193,0.01740453986,-0.1869075157,-0.03922571553,0.07616455037,0.3878197209,-0.2992944406,0.01554286725,0.274409286,0.1107034547,0.05636500558,0.3270286586,0.242481369,0.01499513083,0.6361517129,-0.01419167167,-0.005498539171,-0.04718566589,0.02825090226,-0.1659218209,0.01292829502,0.6053705066,-0.01438908768,0.01119869501,-0.04385212424
0.7052547568,0.09032820196,0.7843514957,0.03904998251,0.03328271756,-0.007015993119,0.9986581675,-0.1822512898,0.4088615937,-0.1210196805,0.8289115595,-0.4596690394,0.01505422367,-0.1680736927,-0.04119781479,0.1332549031,0.3495943437,-0.2727878419,-0.007693672264,0.2794408574,0.1231427359,0.0451442803,0.3313083939,0.2318593868,0.01356826394,0.6387869458,-0.01517542315,-0.004802101046,-0.04835313436,0.02619824612,-0.1697221688,0.01371429394,0.607897051,-0.01582644945,0.01187317704,-0.04476592658
0.7060026342,0.09901999444,0.789112487,0.0447395167,0.03390032238,-0.005945755767,0.9984056249,-0.193859507,0.407959498,-0.1330147664,0.8336037486,-0.4591278797,0.01325727225,-0.1455485736,-0.03584360053,0.2093403793,0.3068256358,-0.2361424491,-0.02025433889,0.2781743795,0.133689478,0.03398612658,0.336285539,0.2219367488,0.01096833918,0.6398055776,-0.01616064039,-0.003847422706,-0.04952787348,0.0257954759,-0.1719580043,0.01395069502,0.6093489084,-0.0171848899,0.01241486203,-0.04562847987
0.7066824065,0.1074782952,0.7935292799,0.04962987566,0.0351332109,-0.004866222966,0.9981376923,-0.2074265318,0.4011823453,-0.1433903988,0.841049307,-0.4602115277,0.01165523908,-0.1228572319,-0.02352453033,0.2980239776,0.2661253677,-0.2087484382,-0.02726558619,0.2713123023,0.1424781729,0.0237401539,0.3415007228,0.213381539,0.007955075961,0.6396824922,-0.01754067788,-0.00264888351,-0.05064144974,0.02719761588,-0.172834184,0.01398302194,0.6091924581,-0.01881765552,0.01255927045,-0.04635791419
0.7072104763,0.1154701705,0.7973199102,0.05438706977,0.03670092527,-0.002507633565,0.9978420719,-0.2237792258,0.3889803377,-0.1503791486,0.849744259,-0.4616656558,0.01028587746,-0.1004260886,-0.007515353783,0.3927126876,0.2275589206,-0.180089869,-0.03076704125,0.2580303266,0.1477132431,0.01559154745,0.3451265165,0.2075304324,0.004510897357,0.6380663319,-0.0188636444,-0.00150333586,-0.05180138224,0.03093182315,-0.1718643261,0.01347578341,0.6070091969,-0.02032852916,0.01217745461,-0.04715156181
0.7075192895,0.1229415826,0.8002574519,0.05830462948,0.03838945009,-0.0005010313529,0.9975603086,-0.2392592037,0.3761249377,-0.1550673922,0.8602479595,-0.4650347531,0.009204609951,-0.08294691876,0.01024429046,0.473010744,0.1965919233,-0.1507279257,-0.02755364684,0.2414463269,0.1505834917,0.01010715352,0.3466510107,0.2034773391,0.001679142186,0.6362645521,-0.02053063242,-0.0002561927885,-0.05253207505,0.03638306873,-0.1699143781,0.01301924786,0.6035141981,-0.02208229057,0.01115048174,-0.04754507904
0.7075979871,0.1297942799,0.8022736363,0.06174780637,0.03986296767,0.000867356045,0.9972950416,-0.2522498335,0.3626107986,-0.1564591128,0.8709067095,-0.4686092382,0.008266695063,-0.07028141188,0.0300485855,0.5339843995,0.1720130818,-0.1228756368,-0.02147068124,0.2227733439,0.1502109146,0.008186653076,0.3453628218,0.2017694623,-0.0005906344557,0.634209459,-0.02210419973,0.0009122561471,-0.05308019913,0.04351264267,-0.1668864751,0.01254861031,0.5994026014,-0.02371090511,0.009742241975,-0.04784569654
0.7076384455,0.1360523558,0.8033345183,0.06398137951,0.04078683918,0.00171958873,0.9971157705,-0.262339703,0.3508568432,-0.1566415561,0.8806874096,-0.4730237349,0.007193817699,-0.06108665301,0.05442218808,0.576329994,0.1554697757,-0.09338626354,-0.01142207782,0.2036528078,0.1481124968,0.008063828149,0.3422949969,0.2019820012,-0.00193137345,0.6322591027,-0.02367199156,0.002057653905,-0.05309279227,0.05170506296,-0.1629907767,0.01240352439,0.5956415137,-0.02514271112,0.008050761774,-0.04763374577
0.7076415097,0.1418376954,0.8035331054,0.06528205605,0.04116442728,0.001536607228,0.9970162395,-0.2686925456,0.3399628728,-0.1552164601,0.8892556726,-0.4772386899,0.006175200927,-0.0551892887,0.08092295517,0.6007727886,0.1455527533,-0.0715617556,-0.00502753708,0.1853263048,0.1440617224,0.009715512952,0.3373587103,0.2035869345,-0.00249547918,0.6308278613,-0.02505094371,0.003115780798,-0.05288757551,0.06095961304,-0.1588514924,0.01255692441,0.5926396951,-0.026356559,0.006422310538,-0.04726271785
0.7077704359,0.1470776761,0.8028784594,0.06585981343,0.04096359428,0.0008663063852,0.9969873211,-0.2725196367,0.3305839723,-0.1539499399,0.89631749,-0.4827090993,0.005071538021,-0.05096127909,0.1080405738,0.6156894237,0.1427501316,-0.05067467058,0.00601296894,0.1675209217,0.1366153464,0.01168067554,0.332158205,0.2072163993,-0.001968371563,0.6291353581,-0.02622947364,0.004054459423,-0.05204066873,0.07056290227,-0.1534931736,0.01340649455,0.5906648367,-0.02728765204,0.00490112717,-0.04629673888
0.7080170511,0.1519142418,0.8014949889,0.06557489896,0.04017159352,-0.0006256315392,0.9970385069,-0.2735061032,0.3226934376,-0.152779482,0.9020649858,-0.4880580238,0.004068016841,-0.04757785885,0.1340245679,0.622129077,0.1449740788,-0.03621889238,0.01362853247,0.1511055671,0.1266423834,0.01375681981,0.3265036522,0.212032924,-0.0006441481583,0.6279576241,-0.02720546655,0.004869124354,-0.05100085313,0.08059308769,-0.1477690633,0.0148175059,0.5896665839,-0.02802957323,0.003677232531,-0.04517122789
0.7082806022,0.1565167446,0.7995575928,0.06370603118,0.03905727772,-0.002705822156,0.9972004559,-0.2733863878,0.3155439651,-0.1513592338,0.9046629742,-0.494084632,0.003031613915,-0.04833301332,0.1598010771,0.6102850362,0.1552275187,-0.02409840622,0.01453648303,0.1371557442,0.1168064797,0.01492387867,0.3201371459,0.2165189451,0.001365883866,0.627776016,-0.02788080347,0.005696801953,-0.04942651779,0.09058776447,-0.1424480603,0.01666663329,0.5898166171,-0.02843074826,0.002783871315,-0.04356893416
0.7085850967,0.1609894804,0.7971682963,0.0601528426,0.03740960491,-0.005601138116,0.9974721972,-0.2716590435,0.3090953913,-0.1497298549,0.9051928262,-0.4998098559,0.002096710701,-0.04999004441,0.1846556291,0.5890975882,0.1694812024,-0.01966878818,0.01062599402,0.1257612795,0.10775835,0.01566403441,0.3133854863,0.2201994601,0.003700014268,0.6285353102,-0.02839132034,0.006544730993,-0.04775560208,0.1003154771,-0.1379016035,0.01881605359,0.5910662456,-0.02869206348,0.002288757338,-0.04189323483
0.7088435589,0.1654215804,0.7943666903,0.05546850902,0.03533978758,-0.009398386418,0.9977905663,-0.2684810228,0.3038654654,-0.1469406268,0.9029212805,-0.5063242168,0.001297089328,-0.05505153767,0.2066540129,0.5544547488,0.1893647431,-0.01958772662,0.006522879366,0.1173986969,0.09949279452,0.01614115111,0.3067288121,0.2230057675,0.006189199965,0.6295121342,-0.02854243338,0.007368676788,-0.045658194,0.1090227465,-0.1340002463,0.02114744288,0.5930614724,-0.02857535757,0.002103436782,-0.03987338302
0.7091143382,0.1698721166,0.7912044828,0.04947170571,0.03272967997,-0.01383538056,0.9981432265,-0.2642334535,0.2996632275,-0.1441178759,0.8992231926,-0.5125165217,0.0006242481121,-0.06011456839,0.2262772835,0.5162203427,0.2110892533,-0.02466832481,0.001581261242,0.1113049393,0.09261252117,0.0163871496,0.3005267497,0.2247162646,0.008571677594,0.6307600719,-0.02857180433,0.00813285126,-0.04358844601,0.1167553321,-0.1308463645,0.02355532274,0.595643048,-0.02836556175,0.002201711547,-0.03788704282
0.7093165735,0.1743734311,0.7877824639,0.04282702155,0.02986871624,-0.0181593806,0.9984708022,-0.2602299155,0.2964737325,-0.1418472834,0.8939708782,-0.5195878047,-0.000341574079,-0.06612995802,0.2436740138,0.4753753862,0.2351257192,-0.03582030132,-0.003504258329,0.1063582559,0.08679464258,0.01650917166,0.2948139758,0.2255536164,0.01066785872,0.6319592024,-0.028209968,0.008789251955,-0.04125760883,0.1234241878,-0.1282655585,0.02580220094,0.5983709744,-0.02780272729,0.002465510506,-0.03572034634
0.7094873517,0.1789389192,0.7841500534,0.03536450922,0.02664362585,-0.02204421832,0.9987760115,-0.256770322,0.2943652002,-0.1407828838,0.8881381926,-0.5262908569,-0.001263197796,-0.07112767353,0.2596954518,0.4367537966,0.2593097762,-0.05183139797,-0.009014165728,0.1019966665,0.08245540573,0.01661883753,0.2895727922,0.2254305859,0.01234846135,0.6332577412,-0.02776655846,0.009374804603,-0.03908002247,0.1291995619,-0.1262075727,0.02778753281,0.601213662,-0.02719851119,0.002825304044,-0.03371275782
0.7095805875,0.1835425829,0.7804676298,0.02750840239,0.02332631587,-0.02499827595,0.9990366645,-0.254531237,0.2927986802,-0.1411929543,0.8810485327,-0.533478571,-0.002202597807,-0.07632868205,0.274664199,0.3999563442,0.2841915093,-0.07170403116,-0.0141435748,0.09748174292,0.07898252182,0.01663186055,0.2845999435,0.2248083723,0.0135494231,0.6345488669,-0.02692298767,0.009935131938,-0.03682265807,0.1342262921,-0.124398314,0.02928558576,0.6039715406,-0.02624322317,0.00323888008,-0.03168932863
0.7096108273,0.1881737299,0.7767687603,0.01920068991,0.01976430244,-0.02697236149,0.9992563223,-0.2533187122,0.2919795944,-0.1428827999,0.8735915732,-0.5401657394,-0.003017069636,-0.08068762945,0.2890929392,0.3657821306,0.308698462,-0.09409370675,-0.0191940397,0.09284139628,0.0764281161,0.01690188727,0.2798126323,0.2237161318,0.01431042058,0.6358361665,-0.02604551913,0.01046674193,-0.03479592862,0.1386005279,-0.1227303691,0.03038528699,0.6066740173,-0.02528468167,0.003662027941,-0.02990020604
0.7095329057,0.19281716,0.7731362744,0.01100251792,0.016282735,-0.02781562817,0.9994198857,-0.2533814014,0.2909903707,-0.1448372206,0.8647879985,-0.5473114758,-0.004058527417,-0.08516150357,0.3021094968,0.3328933789,0.3327697818,-0.1187642712,-0.02339606902,0.08771989429,0.07375030879,0.01743348449,0.2750572828,0.2227366525,0.01468070515,0.6368359695,-0.02487679337,0.01090745241,-0.03278087344,0.1424125771,-0.1210249975,0.03103732617,0.6091803493,-0.02401750327,0.004124504633,-0.02816777864
0.709344823,0.1974759616,0.7695751663,0.002853761152,0.01276095152,-0.02777716504,0.9995286105,-0.2543515361,0.2901421483,-0.1467113822,0.8557306836,-0.5539863111,-0.005057363888,-0.08928812686,0.313960924,0.3010222824,0.3559086184,-0.1446584386,-0.02694440423,0.08265613623,0.07103335302,0.01854614451,0.2703140988,0.221838861,0.01479895436,0.6375115357,-0.02374476257,0.0112543866,-0.03100202724,0.1456652256,-0.119272975,0.03142586888,0.6114674271,-0.02279217886,0.004575565368,-0.02666211627
0.7090806,0.2021617215,0.7661673879,-0.004896694235,0.009508710603,-0.02701719312,0.9995777499,-0.2559016804,0.2891099473,-0.1481676972,0.8450989403,-0.5618324431,-0.006174381811,-0.09350575526,0.3239670586,0.270182991,0.3776745988,-0.1710714438,-0.02999560233,0.07745629401,0.06772750297,0.01961394372,0.2657726146,0.2213846386,0.01475221228,0.6377738961,-0.02235965874,0.01147635837,-0.02918511546,0.1486038927,-0.1174369871,0.03157612583,0.6135005066,-0.02128338378,0.005024690617,-0.02512414961
0.7087177337,0.2068915667,0.7629029904,-0.01231793576,0.00641738281,-0.02597059511,0.9995662128,-0.2576831528,0.2881834591,-0.1489947009,0.8343116838,-0.5694092734,-0.007227540319,-0.09781353233,0.3322310826,0.2392832116,0.3980154706,-0.1971070784,-0.03256877739,0.07287007386,0.06400232762,0.02097150707,0.2614496545,0.2212838035,0.0147058706,0.637605674,-0.02105064586,0.01156840853,-0.02754724162,0.1510587711,-0.1155716936,0.03166295074,0.6152443112,-0.01985254738,0.005444681746,-0.02374515144
0.7083170851,0.2116818993,0.7598318987,-0.01890517466,0.003835750826,-0.02490400836,0.9995037127,-0.2595246691,0.2868404933,-0.1494201684,0.8230181059,-0.5782324547,-0.008214797276,-0.1022344785,0.3375870409,0.2097478332,0.4160428921,-0.2218183549,-0.03492543783,0.06867689871,0.05893709667,0.02172762698,0.2576701434,0.2218941534,0.01469065964,0.6369515813,-0.01951603297,0.01155783007,-0.02588029052,0.1532785203,-0.113697978,0.03172836236,0.6166534152,-0.01819626266,0.005958137181,-0.02226024702
0.7078321515,0.2165670198,0.7569381551,-0.0248107508,0.001616634689,-0.02432725208,0.9993948158,-0.2610021723,0.2856110788,-0.1492941616,0.8123349631,-0.5867021863,-0.009102064134,-0.1071986324,0.340251236,0.1807028882,0.4322586783,-0.2436391123,-0.03649977852,0.0656285079,0.0529845338,0.02234046259,0.254403915,0.223010336,0.01487413714,0.6358974372,-0.0180849614,0.0114158605,-0.0243560096,0.1549183429,-0.1119459875,0.03186403755,0.6177051815,-0.01665496068,0.006462337343,-0.02088628152
0.7073062084,0.221563278,0.754214244,-0.02976001658,-0.0001898899623,-0.02421194767,0.9992637725,-0.2619890541,0.2840367084,-0.1486041879,0.8017418717,-0.5953674836,-0.01037855165,-0.112005653,0.3397596471,0.1523606087,0.4457724361,-0.261698612,-0.0399117237,0.06360908221,0.04576161493,0.02249617634,0.2516374335,0.2247713035,0.0152308904,0.6345671128,-0.01660850679,0.0110943567,-0.0228479836,0.1560561426,-0.1103318573,0.03195097872,0.6183356699,-0.01494758813,0.006921930883,-0.01949713284
0.7066997031,0.2267090652,0.7516576738,-0.03403531745,-0.001699316661,-0.02473498503,0.9991130517,-0.2624775258,0.282729839,-0.1477340714,0.7921304639,-0.6032923328,-0.01164465683,-0.1171714659,0.3371182682,0.125759042,0.4580613453,-0.2764197612,-0.0444694091,0.06273458287,0.03802674655,0.02253912221,0.2493272881,0.2268961329,0.0158498845,0.633096533,-0.01528273143,0.01066022439,-0.02146720698,0.1564033898,-0.1090232095,0.03203677278,0.618566114,-0.0133794636,0.007297616959,-0.01824437508
0.7060703124,0.2320171819,0.74930506,-0.03749926694,-0.002925977595,-0.02551131245,0.9989666744,-0.2624339779,0.2815784502,-0.1474829698,0.7825199303,-0.6118307755,-0.01424418117,-0.1224276274,0.3326119844,0.1017693222,0.4696767657,-0.2891129001,-0.0516652471,0.06237292256,0.02974547114,0.02215218582,0.2473804185,0.2294215924,0.01661360225,0.6317457543,-0.01396456297,0.01012625435,-0.02015437686,0.1564341518,-0.1079574157,0.03200054024,0.6186675719,-0.01174579803,0.007619296944,-0.01701540615
0.7053869236,0.2375219194,0.747179322,-0.04049133114,-0.004013545134,-0.02637633434,0.9988236243,-0.2620919338,0.2811791905,-0.1482990241,0.7737571548,-0.6197625034,-0.01692910309,-0.1279303682,0.3272449222,0.08110490257,0.4816352709,-0.3009784938,-0.06036785453,0.06219851555,0.02176711175,0.02175459326,0.2456018087,0.2320460657,0.0175251089,0.6306491969,-0.01278970016,0.009597602696,-0.01897413175,0.1560346419,-0.1072871721,0.03182816731,0.6186279382,-0.01027116093,0.007868254669,-0.01593893
0.7047174303,0.2432161688,0.7453440977,-0.04297387777,-0.00496988672,-0.02711586665,0.9986957874,-0.261522854,0.2809678633,-0.1514977229,0.7672646489,-0.6268074832,-0.01979245855,-0.1332406144,0.3212061976,0.06328967059,0.4934580714,-0.3120933479,-0.07277451731,0.06222983521,0.01390699337,0.02089305468,0.2439687047,0.2347685548,0.01840318275,0.6299374652,-0.01155882566,0.009183608285,-0.01788325748,0.1556989055,-0.1070188353,0.03146130731,0.6185537956,-0.008747983715,0.008151840243,-0.01487381186
0.7040430001,0.2491325467,0.743834447,-0.04515531301,-0.005900840872,-0.02770121961,0.9985783996,-0.260478528,0.2816200452,-0.1564644806,0.7625197518,-0.6327947115,-0.02234635673,-0.1385763842,0.3146048495,0.04844953292,0.5056935782,-0.3228335483,-0.08616406717,0.06235135827,0.006689610309,0.01988923908,0.242437784,0.2373280637,0.01931269783,0.629641384,-0.01044162829,0.008875407548,-0.01691441134,0.1552839692,-0.1072266017,0.0309343949,0.6185477425,-0.007378576415,0.008418696791,-0.01394149475
0.7034211969,0.2552760993,0.742635255,-0.04684707344,-0.006828908938,-0.02811870012,0.9984828774,-0.2588768949,0.2823687565,-0.162551813,0.7587763116,-0.6400221027,-0.02483986153,-0.1434363512,0.3072835334,0.03681728869,0.5178601576,-0.3331354903,-0.1016735458,0.06294845872,-0.000216055079,0.01837169022,0.2411846496,0.2398275044,0.02013991737,0.6296391105,-0.009326013896,0.008634433836,-0.01604404282,0.1551211853,-0.1078143992,0.03026232044,0.6186397274,-0.005982796918,0.008678334881,-0.01304185341
0.7028318382,0.261664116,0.7417873201,-0.04818257582,-0.007855938457,-0.02807499685,0.9984129998,-0.257210167,0.2836549486,-0.167714624,0.7569872854,-0.6456497394,-0.0284899399,-0.1477832829,0.2989063571,0.02764179367,0.5299461867,-0.3429814933,-0.1164488706,0.06344841055,-0.006503553352,0.01669875165,0.2401015185,0.242098226,0.02094176993,0.6299678062,-0.008328971397,0.008472702148,-0.01528488228,0.1550970315,-0.1087625533,0.02944914787,0.618914685,-0.004734079869,0.008920243684,-0.01227034251
0.7023660147,0.2682853203,0.7412161174,-0.04918419542,-0.00895934499,-0.0273561296,0.998374823,-0.2550785395,0.2838929654,-0.1713016599,0.7557482685,-0.6505095149,-0.03295847356,-0.1513568984,0.2894349846,0.02015989388,0.5416204278,-0.3524703498,-0.130464265,0.06418841653,-0.01212280766,0.01432606895,0.2392381568,0.2440305946,0.02158039639,0.6305599318,-0.007396657791,0.008431660337,-0.0146643291,0.1555082318,-0.1101918403,0.02847643359,0.6193387691,-0.003537635257,0.0091707854,-0.01155671765
0.7019915581,0.2751384031,0.7409371474,-0.04996799835,-0.01021114862,-0.02569321422,0.9983680636,-0.253516563,0.2834524655,-0.1716565106,0.7556440573,-0.6540999159,-0.03861639155,-0.1538654779,0.2785797371,0.01362432219,0.5524427913,-0.3613178737,-0.1414773245,0.06464276585,-0.01686790923,0.01160225669,0.238508376,0.2455851991,0.02210623165,0.6313000604,-0.006584768125,0.008468049059,-0.01415346997,0.1562211843,-0.112025517,0.02735539511,0.6199081641,-0.002490370898,0.009419105851,-0.01096378787
0.7017129337,0.2821752321,0.7409765043,-0.05071377373,-0.01156792529,-0.02321466247,0.9983763698,-0.252262917,0.2819396548,-0.1683961526,0.7559172829,-0.6585660008,-0.0450338747,-0.1555013104,0.2668658664,0.006770172239,0.5621835379,-0.3684791421,-0.1509989959,0.06443642852,-0.02067666259,0.008322873133,0.237761017,0.2466250559,0.02245078723,0.6320607831,-0.005878962352,0.008628717931,-0.0137282448,0.1575386305,-0.1143153832,0.02613703066,0.6205301883,-0.001516912201,0.009657499946,-0.01039155627
0.7015096503,0.2893814827,0.7413350017,-0.05137599694,-0.01307611089,-0.02031411783,0.9983871288,-0.2515826789,0.279106339,-0.1630061825,0.7570722661,-0.6623131349,-0.05141233507,-0.1560689058,0.2539559921,-0.0004731477051,0.5706009252,-0.3734983838,-0.1573118812,0.06417975348,-0.02372687808,0.004637267554,0.2371430373,0.2472645139,0.02270013345,0.6326792409,-0.00528759716,0.008805113931,-0.01337248062,0.1592343432,-0.1168799595,0.02489107236,0.6212857408,-0.0006778167191,0.009904428383,-0.009897908844
0.7014514661,0.2965395643,0.742056754,-0.05227444019,-0.01453873363,-0.01735655647,0.9983760604,-0.2501894378,0.2752216155,-0.1574712386,0.7574314362,-0.6655506522,-0.05752273761,-0.1557638212,0.2415669369,-0.007891615969,0.5773719305,-0.3760769629,-0.1627543215,0.06341339975,-0.02579959118,0.0004200565682,0.23647841,0.247441965,0.02295161071,0.6330848999,-0.004872455885,0.009086145464,-0.01300288064,0.1615476472,-0.1198193752,0.02378832278,0.6222162971,-1.740744597e-06,0.01016668456,-0.009320949961
0.7015170369,0.3036380063,0.7431384931,-0.05334367231,-0.01593460174,-0.01470115924,0.9983408321,-0.2485439554,0.2704390726,-0.1522130914,0.7577449907,-0.6678992924,-0.06281473593,-0.1549635957,0.2296853655,-0.01484467757,0.582642185,-0.3752912991,-0.167058251,0.06268362942,-0.02709226966,-0.004340453393,0.235891744,0.2472989321,0.02319898185,0.6332210357,-0.004563572488,0.009336727827,-0.01265571617,0.1642849016,-0.1229296924,0.02278724057,0.6233274279,0.0005435526194,0.01046264321,-0.008772968536
0.7017798715,0.3105685134,0.7443912817,-0.05459104685,-0.01727966632,-0.01195616749,0.9982876744,-0.246946316,0.2652579022,-0.1477563648,0.7582261212,-0.6697619215,-0.06749229934,-0.1536547508,0.2192221009,-0.02055105351,0.5873419316,-0.3723592313,-0.1719372389,0.06212190433,-0.02744713345,-0.009818167909,0.2350520467,0.2468771828,0.02354060077,0.6331811255,-0.004463455424,0.009634189412,-0.01219307617,0.1673790382,-0.1262687363,0.02191986499,0.6244135081,0.0009397847903,0.01064014007,-0.008095603233
0.7022400707,0.3173415653,0.7457966949,-0.05600733675,-0.01858220356,-0.009224614898,0.9982147997,-0.2451650745,0.2598968897,-0.1440315054,0.7587811565,-0.671106434,-0.07095879185,-0.1518416081,0.2100437228,-0.02502156663,0.591314495,-0.3667309023,-0.1769882687,0.06174234762,-0.02687925097,-0.0159983221,0.2341811273,0.2462264555,0.02392677077,0.6328644031,-0.004445818075,0.009865990826,-0.01172037606,0.1706860716,-0.1297662097,0.02115418569,0.6254388998,0.00124082944,0.0107861721,-0.007434292564
0.7027039497,0.3238573183,0.7471906003,-0.05748248215,-0.01958055993,-0.006779483556,0.9981314565,-0.2441333601,0.2531467922,-0.1418752297,0.760038126,-0.6719072145,-0.0720792247,-0.1489077337,0.2064436101,-0.0277130154,0.5919443505,-0.3651800776,-0.1850422173,0.05929364496,-0.02640145444,-0.02169726706,0.2325915753,0.2452105469,0.02450293223,0.632515294,-0.004732540047,0.01017131095,-0.01107601187,0.1741962552,-0.133606764,0.0205833491,0.626238643,0.001279418578,0.01067436783,-0.006611990448
0.703160546,0.3301320414,0.7485507677,-0.05877406664,-0.0201871018,-0.005246622978,0.9980533868,-0.2431515563,0.2453801082,-0.1401775455,0.7613896697,-0.6722247833,-0.07119973867,-0.1460908339,0.2069758345,-0.03046406613,0.5902049457,-0.3650284088,-0.193230135,0.05602539005,-0.02644622113,-0.02713268282,0.2303860619,0.2439440694,0.02508918566,0.6320414261,-0.005087140741,0.01045238822,-0.01042755784,0.1778524642,-0.1376738812,0.02003307268,0.6267883064,0.001227492735,0.01046781312,-0.005821722636
0.7034932907,0.3361102193,0.7497002296,-0.05970734968,-0.02042135805,-0.004732341208,0.9979957943,-0.2426372005,0.2365940128,-0.1384619921,0.7634002655,-0.6723667395,-0.06775707052,-0.1439932895,0.213001312,-0.03152066505,0.5830291341,-0.3605365203,-0.2004032309,0.05113380993,-0.02782084544,-0.03156713021,0.2273697962,0.2426484988,0.02586284391,0.6311702089,-0.005759173359,0.01078975879,-0.009574449146,0.1816089172,-0.1417947858,0.0196694975,0.6270106766,0.0009405395899,0.01002370657,-0.004836425879
0.7036764755,0.3417335962,0.7505449634,-0.05967548,-0.02030441454,-0.005631889422,0.9979954156,-0.2418735424,0.226348361,-0.1351862867,0.765436974,-0.6723216867,-0.06274755987,-0.1438453667,0.2235351762,-0.0327853487,0.5726810643,-0.3472952476,-0.2051249762,0.0455143827,-0.03188821878,-0.03487746076,0.2235265,0.2419461301,0.02665366222,0.6295860427,-0.006468055438,0.01103922545,-0.008747010899,0.185356684,-0.1456067514,0.01936096089,0.6267345407,0.0006083498162,0.009494945866,-0.003897954743
0.7037274423,0.3471254046,0.75103711,-0.05922720738,-0.02006245134,-0.007585502316,0.9980140761,-0.2409303047,0.2157323046,-0.1309335693,0.7676351185,-0.6715656119,-0.05545902635,-0.1452724007,0.2369439084,-0.0351361279,0.5594594433,-0.3377179772,-0.2111593964,0.03859709297,-0.03703566837,-0.03692726879,0.2187235066,0.240907163,0.02763814699,0.6278694969,-0.007479892111,0.0112539346,-0.007699273521,0.1892900728,-0.149690901,0.01920204667,0.6261420951,5.359892296e-05,0.008690607175,-0.002775612241
0.7036319904,0.3522851503,0.7511386895,-0.05804733487,-0.01972807317,-0.01089800042,0.9980593888,-0.2394947733,0.2045191906,-0.1248556357,0.7698678761,-0.6703396939,-0.04745302912,-0.1489418729,0.2522440791,-0.03935415744,0.5452992672,-0.3284807704,-0.2165124499,0.03116215548,-0.04388944144,-0.03771693633,0.212909599,0.2398937915,0.02856601345,0.6259079671,-0.00848343793,0.01138820923,-0.006689276891,0.1933370992,-0.1539346125,0.01897096422,0.6252751704,-0.0005127712319,0.00781373348,-0.001720634625
0.7034439274,0.3571997569,0.750980508,-0.05665416744,-0.01937779192,-0.01512068471,0.9980912641,-0.2374458557,0.1937771184,-0.1178567795,0.7715630433,-0.6683152322,-0.03872690644,-0.154338061,0.2698518307,-0.04378017177,0.5273067651,-0.319763846,-0.2225393038,0.02257591924,-0.05138878907,-0.03728528429,0.206407193,0.2385974307,0.02960708378,0.6238209793,-0.009726024489,0.01146912363,-0.005520532341,0.1974672245,-0.1582163991,0.01885024215,0.6244081197,-0.001257808749,0.006736657368,-0.000560847991
0.7031375015,0.3618658601,0.7505202018,-0.05461077335,-0.01906690309,-0.02043175769,0.9981165563,-0.234842569,0.1827691026,-0.109134197,0.7730718841,-0.6658808317,-0.03034251843,-0.1622337856,0.2886072617,-0.04926161045,0.5081649857,-0.3094441886,-0.227691217,0.01347821316,-0.06047541898,-0.0355446121,0.1990389344,0.237475985,0.03050762475,0.6214762154,-0.01091580315,0.01147735165,-0.004438032491,0.2016711347,-0.16241337,0.01862445341,0.6234649252,-0.001978285552,0.00566072294,0.0004915041541
0.7028425915,0.3663251526,0.7499712344,-0.05259633708,-0.01881761652,-0.02628067539,0.9980926053,-0.2316385115,0.1725336358,-0.1000306668,0.7739778788,-0.6630015654,-0.02228129611,-0.1718085017,0.3076302191,-0.05539483805,0.4869607669,-0.3012983964,-0.2328776847,0.003897570278,-0.06957348651,-0.03307590258,0.1912117718,0.2362073992,0.03148682673,0.619220168,-0.01226851299,0.01147364458,-0.003224253423,0.2060539093,-0.1665651038,0.01849168752,0.6227597232,-0.00285473605,0.004462904146,0.00162709504
0.7025433058,0.3705987804,0.7493276648,-0.05041425326,-0.01874429565,-0.03263563213,0.9980190228,-0.227961124,0.1626243295,-0.09019388619,0.7747373615,-0.6599306598,-0.01495688056,-0.1833506116,0.3261496244,-0.0623680778,0.4662349302,-0.2950406219,-0.2374183075,-0.005909220052,-0.07907338082,-0.02962708701,0.18273905,0.2349732002,0.03231393938,0.6170316702,-0.01352790263,0.01144836193,-0.002106888097,0.2106456542,-0.170653639,0.01822459299,0.6222426974,-0.003684888657,0.003338202737,0.002648797898
0.7023332002,0.3747067012,0.748708401,-0.04852582342,-0.01870805375,-0.03900839945,0.9978845614,-0.224421806,0.1536555993,-0.08059119014,0.775582407,-0.6568843014,-0.007617931063,-0.1958885828,0.3443781264,-0.07063743649,0.4432978387,-0.2915228334,-0.2423638743,-0.01630943981,-0.08790316268,-0.02578722266,0.174125647,0.2335685564,0.03323165133,0.615028047,-0.01493259131,0.01142958464,-0.0008805921047,0.2153760401,-0.1747195916,0.01802671261,0.6219486896,-0.004677896813,0.002097566203,0.003724737445
0.7022109163,0.3786748192,0.7481278826,-0.0468675426,-0.01888854196,-0.04524408969,0.9976971629,-0.2206682241,0.1453818534,-0.07120933542,0.7764998687,-0.6539012131,-0.000661005509,-0.2096591946,0.3620018001,-0.07897473984,0.4220061006,-0.2876726856,-0.2474804423,-0.02715366898,-0.09618447385,-0.02111679561,0.1651085325,0.2320290999,0.03396074273,0.6132676983,-0.01622866501,0.01142757882,0.0002376116387,0.2203792169,-0.1787489317,0.01764103654,0.6218534262,-0.005612019608,0.0009345724315,0.004674048767
0.7023068822,0.3825504608,0.7475967782,-0.04542868366,-0.01924525285,-0.05094437148,0.9974820931,-0.2167824784,0.1373667017,-0.06263531293,0.7777855875,-0.6519199658,0.005924086222,-0.2224086755,0.3771575748,-0.08826411283,0.3999442276,-0.2854009907,-0.2544022912,-0.03799930426,-0.103799333,-0.01636260199,0.1562635217,0.2304678079,0.03464514515,0.6114962308,-0.01750540277,0.01134990982,0.001434461353,0.2254437312,-0.1827220466,0.01720940591,0.6218857084,-0.006518665725,-0.0002941809651,0.005631431188
0.702617142,0.3863409914,0.7470955074,-0.04413837079,-0.01974553008,-0.05634931808,0.9972395262,-0.212548789,0.1296992338,-0.05444746343,0.7790892031,-0.6505998479,0.01202760095,-0.2349155133,0.3901605546,-0.09740618188,0.3786551223,-0.2854386108,-0.2606357669,-0.04826449751,-0.110838449,-0.011569683,0.1476189195,0.2288417127,0.03517509838,0.6096625666,-0.01863921449,0.01121428478,0.002528472429,0.2306010575,-0.1865764642,0.01666646933,0.6219426284,-0.007320195463,-0.001415653653,0.006473584019
0.7031808086,0.3900590059,0.7465801571,-0.0429977524,-0.0201926869,-0.06170815367,0.996963165,-0.2082792369,0.1231033765,-0.04571299096,0.7802037915,-0.6490858198,0.01863266088,-0.2471143347,0.4002641284,-0.1075263375,0.3578809904,-0.286715703,-0.2661287962,-0.05743006499,-0.1172224274,-0.007483668436,0.1399611692,0.227290896,0.03583665981,0.6075112702,-0.0197305793,0.01094078588,0.003625828456,0.2352973599,-0.1903631896,0.01628934954,0.6219694596,-0.008134845089,-0.0024735579,0.007322658428
0.7039878818,0.3937148273,0.7460439747,-0.04210572039,-0.02068885929,-0.06684938959,0.9966595399,-0.2037580496,0.1174962035,-0.0368196732,0.7811934304,-0.6476900556,0.02516800614,-0.2591968295,0.4081885496,-0.116875361,0.3389518031,-0.2885228287,-0.2696924396,-0.06566228476,-0.1226935883,-0.003719625441,0.1330904577,0.2256836607,0.03645293054,0.605268869,-0.02069118386,0.01058134025,0.004617902303,0.239559742,-0.1940101764,0.01590710597,0.6218658808,-0.008867597193,-0.003418944345,0.008077296015
0.7050587978,0.397202398,0.7455450686,-0.04177508548,-0.02135970697,-0.06909441559,0.9965061801,-0.200636589,0.1166664888,-0.02669413561,0.7835219528,-0.6488066054,0.03249263147,-0.2690581858,0.4137961133,-0.1150350037,0.3272523152,-0.2817711919,-0.2723632841,-0.07736736381,-0.127219757,0.0004441844451,0.1263986948,0.224301724,0.03671879211,0.6033887627,-0.02152475512,0.01021036131,0.005502992985,0.2438701353,-0.1971411593,0.01518023404,0.6215450368,-0.009480896796,-0.004480426572,0.008675607549
0.7064276361,0.4005723994,0.7451045165,-0.04217874707,-0.02205398328,-0.06883097891,0.9964922837,-0.1985093324,0.1193857809,-0.01676611716,0.7858832968,-0.649215882,0.03952142894,-0.2764491145,0.4156948694,-0.1105995966,0.3193490011,-0.2737981868,-0.2741691802,-0.09108551921,-0.1302324841,0.004726272406,0.119535109,0.2225965216,0.03648116797,0.6021368796,-0.02221022543,0.009945933305,0.006200977287,0.2487973165,-0.1999788137,0.01405924045,0.6210583978,-0.009974293152,-0.005562686436,0.009087860151
0.7080572441,0.4037948287,0.7446893585,-0.04290929075,-0.02264167029,-0.06674774438,0.9965896278,-0.1972693038,0.1234786363,-0.007498948516,0.7887552023,-0.6499959059,0.04634907725,-0.2819601291,0.4140364076,-0.1060468719,0.3122222351,-0.2653556509,-0.2755477081,-0.1061506814,-0.1328064144,0.008858826846,0.1127436207,0.2207873764,0.03588822475,0.6012251394,-0.02277637765,0.009743903189,0.006754919883,0.2541758414,-0.2024668425,0.01274527179,0.620516953,-0.01038093959,-0.006647233644,0.009370694559
0.7099323303,0.406904466,0.7442727542,-0.04377115311,-0.02302598759,-0.06421458666,0.9967097757,-0.196275196,0.1272550257,0.0006329667652,0.7917117865,-0.6505736934,0.05193876777,-0.2867193586,0.4096034345,-0.1034247517,0.3035004849,-0.2609284367,-0.2764788535,-0.120033518,-0.1351264872,0.01253400823,0.1062716342,0.2187071968,0.03509476995,0.6003963963,-0.0232446301,0.009575403226,0.00718803,0.2597639964,-0.2047073368,0.01143978173,0.6200092572,-0.01071528406,-0.007617242741,0.009568968085
0.7119805525,0.4099319551,0.7437480334,-0.04421252889,-0.02317992178,-0.06300807432,0.9967637263,-0.1946688471,0.1276682775,0.007430222612,0.794161131,-0.6498962659,0.05638603948,-0.2921165217,0.4028341564,-0.1087610987,0.2907973621,-0.260631373,-0.2770692811,-0.1307295979,-0.1382039634,0.01551321118,0.1007381629,0.2166569947,0.03446953772,0.5990689761,-0.02363315507,0.009221980333,0.007574556349,0.2647394371,-0.2068589321,0.01047359769,0.619577078,-0.01096101072,-0.008387578703,0.009786491392
0.7141909076,0.4128658815,0.743120554,-0.04443009783,-0.02323786387,-0.06346187938,0.9967239126,-0.1921671585,0.1260088805,0.01355150347,0.7964491111,-0.6486880407,0.06001512447,-0.2987086314,0.3960249811,-0.1172897013,0.2778679688,-0.2601613501,-0.2773797105,-0.138021287,-0.1416276879,0.01809393805,0.09638606864,0.2147093969,0.03410125402,0.5973544847,-0.02396527689,0.00871117163,0.007940004139,0.2686572393,-0.2088481874,0.00986368964,0.6193118275,-0.01116677571,-0.008956950458,0.01002574381
0.7165509719,0.4156882192,0.742429117,-0.04454730947,-0.02336490083,-0.06481749672,0.9966284718,-0.1887948747,0.1228634516,0.01880933667,0.7989657233,-0.6482379656,0.06368800291,-0.3060168047,0.3894389125,-0.1270818806,0.2665742952,-0.2556717306,-0.27774102,-0.1436224829,-0.1453325829,0.02081316791,0.09283054091,0.2129720059,0.03400985453,0.595444844,-0.02430751321,0.008009351439,0.008374871452,0.2715273988,-0.2106604226,0.009515539747,0.6192898721,-0.01139146804,-0.00947962789,0.01027533548
0.7190917737,0.4183973284,0.7416883991,-0.04478307493,-0.02356157313,-0.06704454277,0.9964659341,-0.1844547823,0.1191018747,0.02327807511,0.8014383125,-0.6482922687,0.06734833241,-0.3137899192,0.3840066179,-0.1370076488,0.2577462277,-0.2484256969,-0.2781206474,-0.1476734427,-0.1488167083,0.02362858608,0.09014999354,0.2113969887,0.03409374131,0.5935883014,-0.02461891175,0.007249484116,0.008806988871,0.2734372001,-0.2123063771,0.00934140621,0.6194088618,-0.01160425184,-0.009900775489,0.01051966756
0.7218367461,0.4210012918,0.7409257046,-0.0449988888,-0.02383899143,-0.06951422092,0.99628037,-0.1791187609,0.1144199961,0.02676669127,0.8036411994,-0.6495239033,0.07101629639,-0.3212783359,0.3786234837,-0.1467292016,0.250023388,-0.2396087028,-0.2787119009,-0.1513026435,-0.1523032588,0.02654012808,0.0880537014,0.2100705487,0.03420512265,0.5918926704,-0.02488930374,0.006417606085,0.009189368573,0.2747611528,-0.2137289309,0.009203783884,0.6197481943,-0.01176419862,-0.01024939869,0.01074643515
0.7248086137,0.4235056419,0.7401220762,-0.0453051039,-0.02409100507,-0.07229012755,0.9960628537,-0.1729634163,0.1094442055,0.02956508176,0.8053563626,-0.6516394247,0.07469823264,-0.3286947991,0.3738727213,-0.1554362092,0.2432747749,-0.2314249431,-0.2794008083,-0.1543595225,-0.1554403183,0.0292892968,0.08655608482,0.2088884772,0.03428161528,0.5904143832,-0.02511723718,0.005636420088,0.00951169566,0.2757196256,-0.215032837,0.009072757416,0.6200760385,-0.01189039916,-0.01052185373,0.01094326094
0.7279887547,0.4259198833,0.7393139687,-0.04569341892,-0.02417262837,-0.07479379479,0.9958582649,-0.166489341,0.1040408998,0.03117378452,0.8062626825,-0.6544043726,0.07811120306,-0.3356700183,0.3692107355,-0.1633381495,0.2353700188,-0.2252730236,-0.2801512879,-0.1577064537,-0.158189033,0.03204397129,0.08512359475,0.2077539056,0.03422384114,0.5890311142,-0.02533051051,0.004834401394,0.009775571246,0.2766322196,-0.2163359554,0.008836069271,0.6202681022,-0.01198952723,-0.01086590338,0.01107239952
0.7313786423,0.4282472077,0.7384841616,-0.04617780674,-0.02404057282,-0.07723406343,0.9956528313,-0.1598540819,0.09868585169,0.03216882765,0.8065033418,-0.657711179,0.08135228669,-0.3426824907,0.3649535852,-0.1699849446,0.2272861287,-0.220973466,-0.2808759988,-0.16090146,-0.1604592109,0.03470391384,0.08373712971,0.206632274,0.03404336549,0.5877272227,-0.02551540696,0.0040931496,0.00997974832,0.2775380593,-0.2176747798,0.008508809151,0.6202891423,-0.01206765263,-0.0112195927,0.01115428504
0.7350014077,0.4304743718,0.7376709486,-0.04678417737,-0.02369161611,-0.07937557117,0.9954644478,-0.1531719927,0.09312394784,0.03207811942,0.8059739205,-0.6610913304,0.08413349148,-0.3491851517,0.3610403336,-0.1764594619,0.2187847836,-0.2184612337,-0.2815859806,-0.1645250458,-0.1622640004,0.03723261393,0.08216286481,0.2055097638,0.03376045801,0.5864010352,-0.02570247197,0.003345053853,0.01013262211,0.2785506587,-0.2190355048,0.008082964939,0.620233136,-0.01213918179,-0.01165233154,0.01117571127
0.7388590955,0.4325994918,0.7368710992,-0.04749531635,-0.02310590422,-0.08144207315,0.9952775999,-0.1465789472,0.08776163038,0.03150989317,0.8050066799,-0.6645835593,0.08666602964,-0.3554834869,0.3577252735,-0.1822321616,0.210714795,-0.2169320476,-0.2822208916,-0.1681025422,-0.1636140629,0.0395599728,0.08039779061,0.2043935455,0.03338963718,0.5850734963,-0.02586931332,0.002643352316,0.01023964602,0.2796744843,-0.2204032201,0.007581752576,0.6201362238,-0.01219967574,-0.01208102574,0.01116143446
0.7429586941,0.4346392947,0.7361298327,-0.048383979,-0.02221955029,-0.08312725074,0.9951156427,-0.1403216151,0.08245531125,0.02985436027,0.8031116999,-0.6664751067,0.08846959929,-0.3611005463,0.3547768573,-0.1879879718,0.2020327845,-0.2169634295,-0.282833256,-0.1721503226,-0.1642298835,0.04178479598,0.07831674503,0.2032418764,0.03291298555,0.5836649742,-0.02600904788,0.001968819595,0.01030585133,0.2809339371,-0.2218990786,0.006990677101,0.6199293738,-0.01225555647,-0.01256308256,0.01112179297
0.7473028131,0.4365894758,0.7354442647,-0.0493963748,-0.02102262887,-0.08469351935,0.9949598258,-0.1344179072,0.07753085418,0.02783687992,0.8008877365,-0.6677863608,0.08999404072,-0.3663697073,0.35239123,-0.1932073458,0.1937783846,-0.2175615133,-0.2833725669,-0.1761382106,-0.1642166531,0.04383179798,0.07595381267,0.2020865853,0.03236289202,0.582181134,-0.02612487695,0.001333732094,0.01033851065,0.2823001121,-0.2234737504,0.006337450529,0.6196955482,-0.01230359201,-0.01302807206,0.01106534929
0.751911998,0.4384516098,0.734941199,-0.05044299068,-0.01949616879,-0.08596704431,0.9948291669,-0.1284381298,0.07271590825,0.02530241245,0.7973554715,-0.6678301239,0.09061417834,-0.3704639494,0.3501863907,-0.1979008899,0.1852868268,-0.2193370538,-0.2839590383,-0.1803169736,-0.1636703074,0.04593644747,0.07337895914,0.2009527401,0.03181627574,0.5806173267,-0.02628493974,0.0006359857719,0.01034875782,0.2836685756,-0.2250248796,0.005640610626,0.6194459771,-0.01235043946,-0.01359116613,0.01093137933
0.7567959711,0.440233865,0.7345984947,-0.05156043645,-0.01750491336,-0.08709030931,0.994711203,-0.1226646984,0.0683647922,0.02270054769,0.7929788125,-0.6679217424,0.09104501881,-0.3739736879,0.3483801063,-0.2019918803,0.1774146487,-0.2213175435,-0.2845211167,-0.1844051154,-0.1623828833,0.04781042286,0.07062640993,0.199767482,0.03124194217,0.5789734321,-0.02643999031,-5.51947977e-05,0.01034161066,0.2851136602,-0.2266389053,0.004911891549,0.6191298546,-0.01238898781,-0.01414852499,0.01077482264
0.7618889452,0.441950596,0.7343701023,-0.05279333289,-0.01499582286,-0.08788456809,0.9946176612,-0.1175021508,0.06456975248,0.01973877899,0.787720013,-0.6676415563,0.09075663619,-0.3766892639,0.3470636072,-0.2058116999,0.1702497245,-0.2236904438,-0.2853031542,-0.188752379,-0.1603097447,0.04993522656,0.0676802571,0.1985376271,0.03066260719,0.5772106959,-0.02660465608,-0.000778982798,0.0102949227,0.2865688059,-0.2283466953,0.004180264222,0.6185798345,-0.01242579204,-0.01476686923,0.01057346796
0.767201536,0.4436098713,0.7342389323,-0.05414581261,-0.01187352922,-0.08843871427,0.9945380054,-0.1130559039,0.06143010944,0.01669222141,0.7817879136,-0.6678994424,0.090460644,-0.3789142917,0.3462996913,-0.2092184777,0.1641209352,-0.2257913135,-0.2861677877,-0.1931493769,-0.1573483144,0.0520927697,0.06454688144,0.197211034,0.03003971196,0.5753605907,-0.02675304303,-0.001485937991,0.01022941827,0.2880660443,-0.2301909742,0.003426456078,0.6178786255,-0.01245567572,-0.01538353576,0.01036830329
0.7727365524,0.445201816,0.7342050501,-0.05523394051,-0.008515669322,-0.08870954187,0.9944884677,-0.1082543167,0.0579241813,0.01362634731,0.7743482708,-0.6675945355,0.08905245891,-0.3793330583,0.3450862507,-0.2120811578,0.1595782585,-0.230215978,-0.2874191968,-0.1981300605,-0.1544920703,0.05432782579,0.06154828838,0.1958753835,0.02951215243,0.5734905037,-0.02702353585,-0.002207383912,0.01024829402,0.2897378867,-0.2319814194,0.002799452423,0.6169858654,-0.01259527729,-0.01618620462,0.01016088189
0.7784536403,0.4467636224,0.7342800992,-0.05641060406,-0.004634297686,-0.08903305188,0.9944191685,-0.1037804849,0.05491039052,0.0106473479,0.765814261,-0.6675662424,0.08739443034,-0.3794532958,0.3443605778,-0.2148021009,0.1554178688,-0.2332436481,-0.2888115919,-0.2030846541,-0.1507532795,0.05641580152,0.05850795644,0.1943305859,0.0290468298,0.5717614538,-0.02730075091,-0.002898944937,0.01030155803,0.2913700941,-0.2338641663,0.002200410418,0.6160599559,-0.01275126473,-0.01701244573,0.009970086282
0.7842198112,0.4482740668,0.7344738057,-0.05748780613,-0.0006770803355,-0.08941525306,0.9943337499,-0.09928215958,0.05256200087,0.008496204677,0.7565314987,-0.6677235168,0.08505718483,-0.3794499819,0.3438318275,-0.2166961066,0.1524082104,-0.2344939958,-0.2905073686,-0.2076068607,-0.1468999995,0.05874621976,0.05566664497,0.1928517427,0.02871136742,0.5702464744,-0.02754455715,-0.003606252718,0.01040186517,0.2926128697,-0.2355041629,0.00169474827,0.6152885808,-0.01285997516,-0.01779459462,0.009809637452
0.7899995605,0.449774893,0.7347952884,-0.05881275895,0.003543207463,-0.0899073128,0.9942058037,-0.09511403045,0.0512856177,0.006747464154,0.7465998916,-0.6682499427,0.08259188922,-0.3802782103,0.3440111297,-0.2185214422,0.1498844408,-0.232765385,-0.2922794257,-0.2116336384,-0.1420338336,0.06133916673,0.05286508951,0.1912367865,0.02846418598,0.5689990418,-0.02775134752,-0.00425651408,0.01052187163,0.2933075422,-0.2370856881,0.001233691026,0.6146311056,-0.01294047135,-0.01848135616,0.009675003367
0.7956975768,0.451247829,0.7352465217,-0.06012874769,0.007497802208,-0.09070531106,0.9940326268,-0.09090425967,0.05104751135,0.006279780779,0.7366161659,-0.6687999232,0.07862674175,-0.381463633,0.3443139554,-0.2203065602,0.1489040516,-0.2290118019,-0.2946506117,-0.2154093808,-0.1371699397,0.06432558724,0.05035607977,0.1895738727,0.02840249446,0.5679031578,-0.02802920725,-0.004951702984,0.01071206583,0.2935079889,-0.2384336413,0.0009363319247,0.6141119413,-0.01305445038,-0.01913752294,0.009533064392
0.8013219506,0.4527048365,0.7358259305,-0.06151824763,0.01128622735,-0.09157304009,0.9938322316,-0.08710238698,0.05164462184,0.006748571892,0.7269560945,-0.6696668686,0.07410886425,-0.3829489161,0.3446996949,-0.2222085225,0.1490778514,-0.2237766375,-0.2972414926,-0.2192028528,-0.1320563415,0.06761393758,0.04796234208,0.1878069497,0.02832856938,0.5670427402,-0.02829797036,-0.005574544387,0.0109016578,0.2934243453,-0.2396028027,0.0006798337578,0.6136212042,-0.01316294469,-0.01973452941,0.009395757895
0.8068366173,0.4540803068,0.7366061673,-0.0625010027,0.01455417896,-0.09227126335,0.9936638337,-0.08510999833,0.05199765649,0.008135299009,0.7194126215,-0.6692141152,0.06915178161,-0.3836446322,0.3440108865,-0.2240849644,0.1500614631,-0.2172149471,-0.3001616941,-0.2222327708,-0.1281245724,0.07114171804,0.04588818249,0.186277128,0.0281184004,0.5664704754,-0.02846654236,-0.00610889771,0.01100640354,0.2931783316,-0.2403501187,0.0004099628321,0.6133365208,-0.01324292854,-0.02017599233,0.00924306548
0.8122764776,0.4553822532,0.7375896448,-0.06316345345,0.01721642738,-0.09275312148,0.9935345144,-0.08443171109,0.05208392146,0.01020344759,0.7138284093,-0.6675498412,0.06448910436,-0.3830231495,0.3424686153,-0.2257271861,0.1516422597,-0.2103838879,-0.3030744158,-0.2245818707,-0.125182275,0.07504755036,0.04419423253,0.1848378336,0.02782517722,0.5662201373,-0.02858353128,-0.00653154374,0.01106268939,0.292837858,-0.2408074916,0.000181156928,0.6131871486,-0.01330437571,-0.02049683523,0.009100103023
0.8176777457,0.4565682599,0.7386719283,-0.06345764046,0.01906709038,-0.09307636548,0.9934517422,-0.08499289034,0.05183148353,0.01254681847,0.7105604379,-0.664167829,0.05923752736,-0.380543167,0.3397843294,-0.2277382639,0.1536851165,-0.2032516872,-0.3067080753,-0.2258925188,-0.1236697326,0.0791384257,0.04293910742,0.1835594364,0.02746606082,0.5661890248,-0.0286698452,-0.006889699713,0.01105234549,0.292486125,-0.2410230023,-3.36275494e-05,0.6131771903,-0.01337166483,-0.02071744333,0.008934632542
0.8230809859,0.4576435976,0.7398326226,-0.06347961855,0.02022743462,-0.09317922096,0.9934177478,-0.08689162046,0.05143557865,0.01497509409,0.7083422516,-0.6594498193,0.05452006779,-0.3763391398,0.3363051289,-0.2297433286,0.1561719176,-0.1966359195,-0.3105344622,-0.2264071632,-0.1232020362,0.08308651283,0.04230090435,0.1822821374,0.02707384496,0.5663790693,-0.02873624322,-0.007166707252,0.01101645093,0.292248139,-0.2411907094,-0.000190574273,0.6131883957,-0.01343338329,-0.02086395323,0.008786445423
0.8285115145,0.4585996189,0.7409956319,-0.06328659318,0.02078316622,-0.09299330782,0.9934360129,-0.09030708906,0.0512244517,0.01688924242,0.7064610169,-0.652346781,0.05023647961,-0.3703437399,0.331949392,-0.2321216735,0.1585901605,-0.1903587018,-0.3142585802,-0.2260672426,-0.1235607121,0.08648371478,0.04219909147,0.1810871265,0.026546105,0.5667302947,-0.02869931819,-0.007315014813,0.01089446478,0.292155888,-0.2413478656,-0.000395224874,0.613192332,-0.01343811797,-0.0208268036,0.008626182892
0.8339725906,0.4594483033,0.7421381386,-0.06298624656,0.02076926837,-0.09254373208,0.9934973719,-0.09533461192,0.05138881168,0.01800021765,0.7040446846,-0.6461703221,0.0468645851,-0.3628179215,0.3271478075,-0.2346093395,0.1610719692,-0.184677128,-0.3176003951,-0.2249801635,-0.1244276279,0.08933160638,0.04271951302,0.1798864782,0.02599384531,0.5671714114,-0.02863536036,-0.007388050563,0.01075442061,0.2921106492,-0.241647568,-0.0005896810596,0.6131321301,-0.013425252,-0.02071807212,0.008484860745
0.8394750608,0.4602002685,0.7431976032,-0.06260862734,0.02040124022,-0.09193933673,0.9935849775,-0.1014375004,0.05189746753,0.01842565227,0.7019348241,-0.6401337503,0.04345877347,-0.3544073655,0.3217792566,-0.2378964566,0.1635503923,-0.1789032994,-0.3209327131,-0.2230246757,-0.1256169599,0.09137617353,0.04366212659,0.1787349841,0.02534292831,0.5676682382,-0.02848083179,-0.007311525184,0.01051442991,0.292052382,-0.2420413272,-0.0008331823827,0.6130759194,-0.01338487753,-0.02041740066,0.008328099015
0.845050799,0.4608575083,0.7441875607,-0.06219679113,0.01960424743,-0.09137039669,0.9936793664,-0.1078962572,0.05284781185,0.01904193953,0.7015708004,-0.6328355786,0.04037822671,-0.3450692484,0.3162952708,-0.2414585652,0.1662365374,-0.1729538687,-0.3239681736,-0.2201018789,-0.1270621873,0.09267299453,0.04528700601,0.1776133362,0.02475537663,0.5682385127,-0.02831774597,-0.007196768097,0.01027376653,0.2918007967,-0.24257369,-0.001036383608,0.6131468656,-0.01334635605,-0.02004442547,0.008196477741
0.850701239,0.4614369245,0.7451195024,-0.06170638143,0.01854036836,-0.09090644548,0.9937729094,-0.114117145,0.05397785147,0.02019480088,0.7030473268,-0.625192386,0.0370943436,-0.3352292571,0.3106003901,-0.2452296144,0.1691401566,-0.1664264859,-0.3265159167,-0.216156687,-0.1287125634,0.09314597595,0.0473989839,0.1765765651,0.02413591447,0.5689374976,-0.02807098696,-0.007001818675,0.009945491351,0.2912979407,-0.2430792723,-0.001263977808,0.6134237877,-0.01327058344,-0.01946191727,0.008034943616
0.8564490367,0.4619432082,0.746006002,-0.06122246435,0.01723273453,-0.09052975233,0.9938607582,-0.1197687837,0.05526298832,0.02152520379,0.7055625668,-0.6184691222,0.0341506463,-0.3249663668,0.3049983997,-0.2489601458,0.1724080996,-0.1595196365,-0.3285095518,-0.2114717173,-0.1303469095,0.09274608648,0.05019138024,0.1755867852,0.02360205633,0.5697697116,-0.02782725092,-0.006789923997,0.009630465125,0.2904630477,-0.2436254982,-0.001449455786,0.613894395,-0.013195947,-0.01881335679,0.007891831329
0.8622512549,0.4623969468,0.7468379598,-0.06076376141,0.01592297298,-0.09011398338,0.993948537,-0.1250536988,0.05661111864,0.02260236063,0.70755837,-0.612957975,0.03129179412,-0.3147401941,0.2995203752,-0.2526940063,0.1757776197,-0.1522063371,-0.3302302586,-0.2061767452,-0.1317845578,0.09159486542,0.05329898094,0.1746544971,0.02299100442,0.5707258877,-0.02750128869,-0.006455051712,0.009219521175,0.2893616393,-0.244104949,-0.001689876887,0.6144264348,-0.01307763727,-0.01797411641,0.007698519436
0.8681054231,0.4628066073,0.7476094433,-0.06042453355,0.01460223262,-0.08953882025,0.9940414731,-0.1301457979,0.0581388006,0.02304327879,0.7086670846,-0.6083834521,0.02877039216,-0.3045584379,0.2943667018,-0.2563444623,0.1793585588,-0.1449523548,-0.3316114438,-0.2006525255,-0.1328216523,0.08981564012,0.05676942934,0.1737523894,0.02240608784,0.5717384392,-0.02718632715,-0.006088410019,0.00882001795,0.2879273276,-0.2446093711,-0.001923455529,0.6149398762,-0.01295877424,-0.01712673227,0.007512778479
0.8739661616,0.4631867236,0.7483177236,-0.06015459782,0.01336213431,-0.08881791351,0.9941399579,-0.1352239262,0.05976085919,0.0233591045,0.7095343982,-0.6034980545,0.02619536772,-0.2944508427,0.2894909357,-0.2598024701,0.1827860783,-0.1377928816,-0.3325677815,-0.1946910806,-0.1335796658,0.08773055924,0.06029882468,0.1729131743,0.02170297813,0.5727925733,-0.02677712072,-0.00560921896,0.008328495362,0.2862165439,-0.2450061517,-0.002225674773,0.6153743772,-0.01278510001,-0.01614596909,0.007279312073
0.8798488221,0.4635378496,0.7489639865,-0.05997625193,0.01217310268,-0.08792009444,0.9942458055,-0.1401344534,0.06145433121,0.02354665973,0.7106030377,-0.5979269761,0.02382311051,-0.2843891833,0.2849659646,-0.2629935996,0.1861838018,-0.1311141175,-0.3331418009,-0.1885401221,-0.1340330975,0.08535418196,0.06403898974,0.1721270861,0.02102174702,0.5738521441,-0.02638387518,-0.005126201637,0.007855976502,0.2841743729,-0.2453606404,-0.002494227822,0.615753297,-0.01261436652,-0.01520140917,0.007061024424
0.8857297244,0.4638651755,0.7495799678,-0.05974147201,0.01104300136,-0.08700947297,0.9943532372,-0.1444653228,0.06226922909,0.02372255506,0.7117676335,-0.5968075551,0.02219781869,-0.2738595378,0.280051876,-0.2672737319,0.1888868113,-0.1245365314,-0.3354802058,-0.1814953,-0.1346683896,0.08302023477,0.06781162141,0.171333176,0.02020906845,0.5750796903,-0.02579835707,-0.004530933872,0.007403214684,0.2817874173,-0.2454152137,-0.002810179769,0.6160517968,-0.01234436476,-0.01420354125,0.0068941191
0.8916200405,0.4641658024,0.7501560156,-0.05954420428,0.01006685685,-0.08607269414,0.9944569561,-0.1485274808,0.06257031105,0.02369683368,0.7126335387,-0.5963161071,0.02083505273,-0.263339907,0.2752372584,-0.2720145475,0.1912127941,-0.1185933705,-0.3387927889,-0.1739131182,-0.1352340096,0.08050773344,0.07188580696,0.1705213847,0.01944471995,0.5763454204,-0.02522000674,-0.003938674636,0.007008388009,0.2789696725,-0.2453135249,-0.003005835809,0.6162477529,-0.01207482833,-0.0132734579,0.006779643689
0.8974951439,0.4644440768,0.7507209908,-0.05926223387,0.009240165699,-0.0852176317,0.9945554596,-0.1525855487,0.06226215253,0.02415212991,0.7143830162,-0.5941778904,0.01991348669,-0.2523685075,0.2710172842,-0.2757507978,0.1921155706,-0.112949923,-0.3420850529,-0.1655959121,-0.1359627762,0.07801163172,0.07608654599,0.1698484804,0.01858609873,0.5776141465,-0.02443775923,-0.003368912962,0.006641537022,0.2758723031,-0.2448407446,-0.003177826184,0.6163986069,-0.01161961747,-0.01229195454,0.006719603478
0.9033574616,0.4647105619,0.7512715624,-0.05899311398,0.008625561593,-0.08439448192,0.9946471654,-0.1567209605,0.06155657619,0.02464895835,0.7160877652,-0.5917052278,0.0191903904,-0.2415229375,0.2673940418,-0.2785379272,0.1922142043,-0.1080632961,-0.3450878345,-0.1569367313,-0.1365918485,0.07543788563,0.08056598821,0.1692491575,0.01782247761,0.578853736,-0.02367972407,-0.002862092368,0.006328840814,0.2723752749,-0.2441624763,-0.003193523127,0.616471062,-0.01115853876,-0.01137879472,0.006704431764
0.9091970838,0.4649551034,0.7518065116,-0.05861964284,0.008168667633,-0.0838338778,0.9947205091,-0.1602263962,0.05978551529,0.02553628587,0.717245354,-0.5899822508,0.01840957362,-0.2302807293,0.2654987818,-0.2781034214,0.1901802611,-0.1027912658,-0.3473900436,-0.1477703804,-0.1375394014,0.07304866207,0.08519252431,0.1687531741,0.0170452731,0.579969186,-0.02283970487,-0.002421057635,0.005958021157,0.2686186759,-0.2431641761,-0.003165990959,0.6165470499,-0.01062918133,-0.01037609834,0.006621660912
0.9149970973,0.4652058452,0.7523211509,-0.05832315534,0.008001217212,-0.08324680002,0.9947886008,-0.1637970465,0.05739479421,0.0263274491,0.7173115158,-0.5896983408,0.01769059738,-0.2194518541,0.2647609848,-0.2755776488,0.1870096335,-0.09793992289,-0.3490544234,-0.1388185362,-0.1382840157,0.07077823581,0.08989121376,0.1681977241,0.01634044601,0.5810612545,-0.02206528946,-0.00204312347,0.005609680721,0.2645631404,-0.2420673886,-0.003052058776,0.6165123304,-0.01013383028,-0.009443026831,0.006535298257
0.9207578975,0.4654662025,0.7528150439,-0.0582188726,0.008001929784,-0.08325328462,0.9947941609,-0.1667154358,0.05340885248,0.02761106366,0.7169655201,-0.5866572831,0.01753817049,-0.2082822852,0.2674551243,-0.2679842765,0.1814005466,-0.09329861211,-0.3503508245,-0.1291676193,-0.1387831614,0.06895854923,0.09459481136,0.1676574051,0.01564525151,0.582199237,-0.02114586293,-0.001692609933,0.005304247585,0.2601427009,-0.2407855768,-0.002929735946,0.6165619293,-0.009519620784,-0.008423969237,0.00644868876
0.9264721128,0.4657648428,0.7532830908,-0.05843209884,0.008333625278,-0.08332661226,0.9947727963,-0.1697924684,0.04828012798,0.0290635409,0.7162204376,-0.583478789,0.01766121068,-0.1974664248,0.2720111706,-0.2576198627,0.174465024,-0.0898966208,-0.3513594043,-0.1199490484,-0.1386219961,0.06740554848,0.09923630879,0.166958583,0.01499375246,0.5834475207,-0.02028033294,-0.001354960292,0.005045951691,0.2554463955,-0.2395163453,-0.002768632391,0.6165343991,-0.008932289924,-0.007477781026,0.006377323799
0.932140256,0.4660174949,0.7536640384,-0.05899758178,0.008857104862,-0.08466532551,0.9946218476,-0.1709786689,0.04215193966,0.03055129108,0.7148338746,-0.5782751575,0.01705337499,-0.1860628343,0.2834418828,-0.2366205599,0.1636177347,-0.08671264116,-0.3527336667,-0.1091938819,-0.1381953356,0.06652783644,0.1043036996,0.1663515592,0.01446962238,0.5844186564,-0.0193269635,-0.001093135775,0.004927086666,0.2501949729,-0.2381677493,-0.002393160108,0.6164778847,-0.008350228389,-0.006451094651,0.006399392591
0.9377801115,0.4661871882,0.7539644298,-0.05960780138,0.009920334724,-0.08621707109,0.9944421118,-0.1710390147,0.03653415028,0.03193824775,0.7149269303,-0.5779203568,0.01763727591,-0.1750642959,0.2972774873,-0.2095025176,0.1504015765,-0.08450361059,-0.3543920789,-0.09898818937,-0.1381107926,0.06545615427,0.1097415713,0.1660141075,0.01401318743,0.5853237231,-0.0184495114,-0.0008677618236,0.004854302684,0.2448156062,-0.2365078354,-0.00187489364,0.6163180796,-0.007833656243,-0.005526874552,0.006458098499
0.9433861123,0.4661710038,0.75413489,-0.05969835233,0.01126592921,-0.08875127081,0.9941993751,-0.1692376313,0.03105755989,0.033598752,0.7162536968,-0.581122299,0.01780961035,-0.1638452295,0.3154703382,-0.1696502495,0.1338061643,-0.08056702315,-0.3549509325,-0.08794861061,-0.1399611049,0.06431375459,0.1158045724,0.166652624,0.0137081311,0.5856916037,-0.01746762626,-0.0008974709774,0.004925214217,0.2393015251,-0.2339736127,-0.001124389002,0.6159560003,-0.007165570772,-0.00467234162,0.006640316092
0.9489364162,0.4660557456,0.7541867954,-0.0594386753,0.01321648076,-0.09089888857,0.9939968614,-0.1672505052,0.02620536691,0.03532047807,0.7178796806,-0.5865209041,0.01847348717,-0.1532735369,0.3335256451,-0.1247505535,0.1156084251,-0.07503272588,-0.3549227297,-0.07844462024,-0.1429884805,0.06292226998,0.1217797758,0.1677220491,0.0134995606,0.5862023428,-0.01654865275,-0.001000090981,0.005024464752,0.2340042413,-0.2309767564,-0.0003352851776,0.6152172314,-0.006510129202,-0.004019866128,0.006832022901
0.9544191111,0.465864791,0.7540223208,-0.05896752509,0.01558960178,-0.09295895804,0.9937999937,-0.1648398478,0.02178359689,0.03766640828,0.7195151363,-0.5928644168,0.01943903298,-0.1441354918,0.3492403142,-0.08009945717,0.0981966315,-0.06640047463,-0.3539596695,-0.06922916664,-0.1471569621,0.06153241202,0.1273937023,0.16913075,0.0132432809,0.5869305635,-0.01545149067,-0.001249823338,0.005207863401,0.2291706395,-0.2275054264,0.0003937048998,0.6139734023,-0.005757835208,-0.003645251467,0.007024788302
0.9598204331,0.4656378847,0.7536832727,-0.05865988038,0.01842898124,-0.09446607923,0.9936274709,-0.1625349894,0.01801048306,0.03967836633,0.7208744422,-0.5997126935,0.02001354934,-0.136757513,0.362323862,-0.03953615548,0.08230354744,-0.05513377557,-0.3524652648,-0.06114839691,-0.1515515637,0.06039408942,0.1323911361,0.1705409978,0.01305078741,0.5880579108,-0.01441289335,-0.001473524494,0.005402567202,0.2246833148,-0.2238510033,0.001107577648,0.6124661373,-0.005049618469,-0.003497387105,0.007194589998
0.9651463264,0.4653549047,0.7531194323,-0.05850216183,0.02130136989,-0.09529912261,0.9934997866,-0.1595406524,0.01451562704,0.0415038578,0.7231213578,-0.6088799961,0.01935192348,-0.1311362395,0.3729714304,-0.004223996742,0.06903859492,-0.04037486274,-0.3503502433,-0.05468309674,-0.1564999938,0.06004762912,0.1364146123,0.1718879053,0.0129361813,0.5891091372,-0.01323950599,-0.001840525335,0.005666350468,0.2207654947,-0.2200760211,0.001873685663,0.6109889407,-0.004292032857,-0.003416347579,0.007378563286
0.9704291635,0.4650131842,0.75238778,-0.05875691822,0.02428761043,-0.0953332987,0.9934129548,-0.1559650859,0.01167121955,0.0427713108,0.7256078811,-0.618450546,0.01816251429,-0.1271129055,0.3820260999,0.02503368123,0.05824111644,-0.02329373855,-0.3479459535,-0.04991422479,-0.1613897377,0.06034239192,0.1394021762,0.1730425759,0.0128408306,0.5902944291,-0.01214889983,-0.002188830511,0.005919447088,0.217577733,-0.2162236109,0.002659792133,0.609778894,-0.003599167483,-0.003395310398,0.007547969547
0.9758337439,0.4647013677,0.7514735787,-0.05894673518,0.0267203335,-0.09524533824,0.9933476892,-0.1502624017,0.009711689042,0.04499478518,0.7291700794,-0.6271627663,0.01570234597,-0.1237125861,0.3865122247,0.0447805999,0.05066997765,-0.002370487333,-0.34295884,-0.04501287307,-0.1663535739,0.06084151674,0.141811643,0.1739730959,0.01262891079,0.5912672736,-0.01090691263,-0.002528450453,0.006167774458,0.2150561496,-0.2128481707,0.003369842695,0.6086039111,-0.002766351015,-0.003228646093,0.007770478382
0.9814029599,0.4643604149,0.7505552949,-0.05991132097,0.02888065537,-0.09469085879,0.9932825291,-0.1427885322,0.01017312629,0.0462673834,0.7334297298,-0.6327057353,0.01312928977,-0.1205533859,0.390600595,0.05788081696,0.04591292459,0.01774262584,-0.3364300044,-0.04071167319,-0.1697387315,0.06110151266,0.1437383887,0.1746086176,0.01242512575,0.5925760793,-0.009747655697,-0.002824427755,0.006387318817,0.2131112566,-0.209657876,0.003989373867,0.6083190984,-0.00198948125,-0.002994926563,0.007983694982
0.9871698404,0.4640320083,0.7498538277,-0.06169141648,0.03050695863,-0.09371478119,0.9932175162,-0.1333990724,0.01303673556,0.04610852537,0.7409914845,-0.6371952161,0.01083621181,-0.1170163394,0.3953620521,0.06666279286,0.044476393,0.03357297103,-0.3284462414,-0.03725834506,-0.1710395596,0.06120606024,0.1449058476,0.1748307322,0.01228470246,0.5945072587,-0.008534979631,-0.00298580179,0.006846118656,0.2116021514,-0.2066842174,0.004473154158,0.6093394742,-0.001236552004,-0.002760741689,0.008339495232
0.9932034943,0.46365565,0.7494004253,-0.0639587062,0.03192603403,-0.09224409849,0.9931671755,-0.1223670445,0.01741705879,0.04441765635,0.7496961467,-0.6406039886,0.008919621113,-0.1127989648,0.4006289851,0.0726052663,0.04502601515,0.04408678144,-0.3199471431,-0.0348208395,-0.1710665846,0.06009359451,0.1457446192,0.1749645903,0.01211332449,0.5966782416,-0.007438330928,-0.002987936479,0.007318543643,0.2110788233,-0.2035803161,0.004923035457,0.6114043774,-0.0005760819008,-0.002404226091,0.008701083691
0.9993625631,0.4632211092,0.7490608408,-0.06653270387,0.03278753641,-0.09179294845,0.9930117982,-0.1105757299,0.02295494183,0.04308902892,0.7598392601,-0.6445934818,0.007357929582,-0.107626329,0.4067279582,0.07771978112,0.04798253938,0.04973025141,-0.311542289,-0.0337769027,-0.1710059678,0.05793180368,0.1469025023,0.1751810913,0.0119556489,0.5986944818,-0.00632353278,-0.002661523881,0.007841750527,0.2112157466,-0.2005283214,0.005569589019,0.6138550514,-2.467913099e-05,-0.001588124963,0.009028231511
1.005699077,0.4627006501,0.7487925919,-0.06896201022,0.03332051758,-0.0921250731,0.9927975399,-0.09839035413,0.02823883695,0.04179421632,0.7700292079,-0.6482011171,0.006095708836,-0.101206353,0.4128349651,0.08327402869,0.05222873916,0.05057249024,-0.3038213987,-0.03428719837,-0.1717591066,0.05399495912,0.1483681685,0.1756208122,0.0116338463,0.6005089911,-0.005319735948,-0.002186049808,0.008281497192,0.2127433569,-0.197377385,0.00623093561,0.6163524017,0.0004376087799,-0.0006431231666,0.00930249325
1.012000352,0.462109334,0.748535384,-0.07146836996,0.03333925438,-0.09355503687,0.9924858796,-0.08746793325,0.0342805389,0.03998583879,0.7799543836,-0.6536515234,0.00418287923,-0.09288908493,0.4197660463,0.0902105624,0.05669994928,0.04772193625,-0.2992322344,-0.03512781338,-0.172968766,0.04980676639,0.1497100157,0.1761797992,0.0113125534,0.6023906455,-0.004564118698,-0.001668694207,0.008687488095,0.2147463744,-0.1942479002,0.006835108394,0.6184284116,0.0008035368594,-2.600582324e-06,0.009589653429
1.018289834,0.461431514,0.7482816183,-0.07377390119,0.0330329099,-0.09582056386,0.9921112125,-0.07826925908,0.04023540214,0.03756408682,0.7890008563,-0.659144698,0.002322244608,-0.08296488733,0.4267819959,0.09928785849,0.06095190202,0.0415758007,-0.2971107161,-0.03671650528,-0.1751743994,0.04482224149,0.1509849818,0.1769545779,0.01094464529,0.6042341729,-0.003962615495,-0.001130217481,0.009013093354,0.2175029143,-0.1910998645,0.007377011177,0.6201119217,0.001106097505,0.0004309854441,0.00984415694
1.024403165,0.4606552826,0.7480946665,-0.07626843264,0.032377388,-0.0982322725,0.9917082492,-0.07268366169,0.04793055637,0.03469155364,0.7978347124,-0.6647691446,-0.0001965312396,-0.07332312658,0.4345828306,0.1081497876,0.06656977374,0.03375348881,-0.2972434984,-0.03888611329,-0.1774571318,0.03982963372,0.1520984725,0.1778992277,0.01055607874,0.6065919232,-0.003308643982,-0.0003936803478,0.009350184168,0.220779287,-0.1875743891,0.008118597055,0.6218646872,0.001267873816,0.0009146825207,0.01013735338
1.030371859,0.4597724779,0.7479769244,-0.07864133259,0.03119453749,-0.1006729128,0.9913159972,-0.07007341782,0.05621885812,0.03105046016,0.8056321493,-0.6698570717,-0.002591594526,-0.0628834873,0.4422834909,0.1173088058,0.07290729074,0.02451451273,-0.2989857767,-0.04168869184,-0.1805566331,0.03504534066,0.1531612633,0.1791158525,0.01017708653,0.6091815368,-0.002706402796,0.0004482865643,0.00963679814,0.2247144561,-0.1836223825,0.009037622414,0.6236790505,0.001370945659,0.001405037075,0.01042875722
1.035927475,0.4587662881,0.7479667649,-0.08168344059,0.03005343929,-0.1019585089,0.9909737982,-0.0713841013,0.06632649907,0.0270689459,0.8084414595,-0.6707484683,-0.00533150886,-0.05315491318,0.4515721676,0.1211942262,0.07874133901,0.01581115883,-0.3006870919,-0.04526171362,-0.1834647419,0.03230678539,0.1534026456,0.1805011761,0.009793616486,0.6121261885,-0.00200640479,0.001564765511,0.009853442844,0.2287799313,-0.1790939096,0.01017102463,0.6258374223,0.001444096558,0.002116973584,0.01071843049
1.041091434,0.4576450134,0.7480283758,-0.08501508792,0.02875311169,-0.1024935589,0.990676922,-0.07625292748,0.07683425436,0.02273096441,0.8080533292,-0.6704233175,-0.007870885383,-0.04359586569,0.4614057786,0.1203927661,0.08405014032,0.007902692021,-0.3022030559,-0.04886300215,-0.1870874679,0.03172486238,0.1531530471,0.182142751,0.009494152962,0.6149639952,-0.001353127558,0.002749416973,0.01002254942,0.2329631923,-0.1740092301,0.0116063087,0.6281835503,0.001498620555,0.002943855597,0.01101932501
1.045868977,0.456375317,0.7479358583,-0.08804132595,0.02775833744,-0.1022905007,0.9904619392,-0.08232361545,0.08735321629,0.01874791225,0.807188715,-0.6768352818,-0.01087940941,-0.03330637616,0.4702330759,0.1159638975,0.08606184422,0.0008166888011,-0.3027865813,-0.05116988385,-0.1927622617,0.03348070622,0.1526135017,0.1843538675,0.009288413607,0.6166055559,-0.0005424968996,0.003626469054,0.01039610218,0.2366328479,-0.1682597667,0.01336098402,0.6302963076,0.001679807582,0.00359024843,0.01137972491
1.050367358,0.4549561451,0.7476498155,-0.09016641057,0.02725353509,-0.1023438401,0.9902792544,-0.08749412958,0.09639287176,0.01540332696,0.8093695583,-0.6904470749,-0.01445659035,-0.02369260552,0.4768757639,0.1106402146,0.08596277289,-0.00521061113,-0.3027139269,-0.05105454072,-0.2015993327,0.03617359057,0.1526620969,0.1872016219,0.009420060072,0.617185061,0.0002197295008,0.004150112331,0.01083329253,0.2397870985,-0.1618673599,0.01567074345,0.6322252052,0.001866870871,0.004185974407,0.01181715707
1.054607803,0.4534225029,0.7470938753,-0.09155402839,0.02767713126,-0.1021888224,0.9901561901,-0.09073887799,0.1043686801,0.01186335788,0.811489074,-0.7052722588,-0.01831072977,-0.01533665716,0.4815704189,0.1043891558,0.08245064459,-0.00941148886,-0.3017471585,-0.04984882535,-0.2128541049,0.0395040807,0.153142536,0.1907734916,0.009828156758,0.61679035,0.001151121038,0.004183916747,0.01146385923,0.2420760533,-0.1549745916,0.01819553075,0.6339141477,0.002371053139,0.004538360556,0.01244971247
1.058565157,0.4518125109,0.7462514415,-0.09215011955,0.02914976577,-0.1020917385,0.9900686459,-0.09317669496,0.110980775,0.008711310324,0.8125662202,-0.7181796815,-0.02224586125,-0.009359391603,0.4845231399,0.09740665307,0.07683832266,-0.01195849823,-0.300269562,-0.04735078146,-0.2264118069,0.04322736679,0.1539249917,0.1949375442,0.01060177187,0.615799514,0.002028747821,0.003914572319,0.01213115512,0.2433304526,-0.1478066653,0.02095234982,0.6351492578,0.00291548839,0.00477239318,0.01313700792
1.062292868,0.4501948068,0.7452429912,-0.09241585797,0.03158943846,-0.101668834,0.9900125579,-0.09596429447,0.1174514618,0.005406654524,0.8129261041,-0.7301864124,-0.02578531341,-0.005211100139,0.4864926421,0.08934961609,0.06893258653,-0.01220311323,-0.2982531452,-0.04458919155,-0.2407169887,0.04707321967,0.1545278401,0.1993395878,0.0113610682,0.6149125294,0.003165068609,0.003428548417,0.01286023901,0.2436379612,-0.140829774,0.02347377535,0.6358600969,0.003697156018,0.00485522736,0.01386273948
1.065763833,0.4486060897,0.744048153,-0.09242255765,0.0348686963,-0.1011119088,0.9899589015,-0.09939866244,0.123814076,0.002610410333,0.8122532183,-0.7408466502,-0.02906873645,-0.003046261944,0.4879107627,0.08104224806,0.06019463085,-0.01197610695,-0.2960964496,-0.04132194697,-0.2555174891,0.05145350866,0.154857179,0.2038109857,0.01224863524,0.6140846332,0.004254760943,0.002894457374,0.01355887125,0.2427584623,-0.1343052486,0.02584430193,0.635920652,0.004468780454,0.00482636329,0.01454765069
1.06908886,0.4471341332,0.7426348272,-0.09255406875,0.03853547677,-0.09994470707,0.9899291979,-0.1030832601,0.1307408494,-0.0007861718397,0.8110976832,-0.7508280959,-0.03255293959,-0.001536999346,0.4894097248,0.07324654131,0.05084763767,-0.0124585148,-0.2949752544,-0.03885442256,-0.2691845218,0.05660311648,0.1547233813,0.2080524168,0.01299084081,0.6137817394,0.005438874243,0.002296332176,0.01422188354,0.2410737111,-0.1283631215,0.02772906643,0.635511328,0.005406655853,0.004577906526,0.01512356919
1.072260973,0.4457887096,0.7410003368,-0.09278216004,0.04258340427,-0.09840637288,0.9898961108,-0.1072341773,0.1378883648,-0.004269808079,0.8093910587,-0.7595031266,-0.03607702222,-0.0009550592165,0.4911277832,0.06631404001,0.04156977489,-0.01477055669,-0.2946718287,-0.03676603494,-0.2817623075,0.06249509103,0.1541691974,0.2120018343,0.01368631228,0.6137787266,0.006524124796,0.001781686397,0.01480863282,0.2385328209,-0.1230843909,0.02926149079,0.634664048,0.006297070038,0.004210509217,0.01559312247
1.075448278,0.4445538529,0.7392302753,-0.09365851445,0.04651307581,-0.09653234706,0.9898212578,-0.110487397,0.1468669918,-0.008718169993,0.8074246504,-0.7669683373,-0.03992172714,-0.0002613078327,0.4943812206,0.05826388482,0.03272488464,-0.01845358206,-0.2951863137,-0.03490638044,-0.2917810289,0.06860575003,0.1534035226,0.2155556902,0.0142052985,0.614631424,0.007720541448,0.001445953526,0.01543002879,0.235606617,-0.11830872,0.03042681845,0.633720748,0.007318934246,0.00379290747,0.01606428174
1.078651485,0.4434272117,0.7373382792,-0.09489820826,0.05041552527,-0.09457951631,0.9897006214,-0.1131771794,0.1563623115,-0.01374783492,0.8051702512,-0.7738578679,-0.04435713798,0.0001917232543,0.498513064,0.04987129781,0.02470006813,-0.02392979391,-0.296274518,-0.03300527168,-0.2999362822,0.07454394175,0.1526835187,0.2188118063,0.0146913643,0.6158961921,0.008820362356,0.001295613725,0.01600294229,0.2322275772,-0.1139201844,0.03139880638,0.6328080366,0.008269327463,0.003383309837,0.01648296086
1.081942928,0.4423561946,0.7353979128,-0.09641902715,0.05419987001,-0.09252708019,0.9895476162,-0.1153990007,0.1657167021,-0.01988856521,0.8030924503,-0.780846804,-0.04934298263,0.001842177622,0.5033356003,0.04149846847,0.01593438125,-0.03053885541,-0.2987100879,-0.03097511364,-0.3066045079,0.07991131032,0.1521259558,0.2222144901,0.01500916171,0.6173565791,0.009926439158,0.001222715019,0.01648694287,0.2288513413,-0.1095334549,0.03219992423,0.6318890592,0.00926485694,0.002977105669,0.01681523448
1.085304602,0.4413410481,0.7334197929,-0.09798780875,0.05796904485,-0.09075078794,0.9893443656,-0.1173464986,0.1743776496,-0.02631600889,0.8011791317,-0.7881634043,-0.05454474009,0.003825795832,0.5083065994,0.03400300547,0.007223423409,-0.0383888784,-0.301925401,-0.02842020618,-0.3123774525,0.08434899832,0.1519005306,0.2258045984,0.01539453026,0.6187431051,0.01091445776,0.001203491829,0.01689902791,0.2252985542,-0.105086062,0.03301117463,0.6310572894,0.01016537448,0.002611501834,0.01709197356
1.088785737,0.440464967,0.7315250999,-0.09949569025,0.06159671506,-0.08890907871,0.9891418645,-0.1192251673,0.1817633842,-0.03378005977,0.7995028323,-0.7946221631,-0.0612622182,0.00661281568,0.5129477634,0.02776360292,-0.001822297231,-0.04809491056,-0.3062952593,-0.02631842267,-0.3166251889,0.08765243226,0.1518767097,0.2294871527,0.01570465858,0.6200020949,0.01181155638,0.001200204272,0.01706117045,0.2216933754,-0.1009001736,0.0336508586,0.6304664941,0.01101176802,0.002352066904,0.01716987871
1.092367669,0.4397321476,0.7297093198,-0.1008724819,0.06509767314,-0.0874088989,0.9889118867,-0.1207764079,0.187894898,-0.04109258242,0.7980170847,-0.8004076724,-0.06827884403,0.009577187199,0.5171401439,0.02291047086,-0.01036067522,-0.05859289794,-0.3111824781,-0.02400510696,-0.3195909415,0.08974450579,0.1520757221,0.233202775,0.01607065933,0.6209956741,0.01258593434,0.001192244355,0.0171282387,0.2179691894,-0.09696438099,0.03421898337,0.6300392741,0.01175010847,0.002173793834,0.01717166034
1.096147358,0.4390915402,0.7278549634,-0.1016519329,0.06853278215,-0.08567750803,0.988751489,-0.1224168979,0.1932454967,-0.04677956243,0.7963944874,-0.8030390629,-0.07569200298,0.01398474981,0.5201267963,0.01883289695,-0.02017788459,-0.0698224141,-0.3166847622,-0.02156448068,-0.3220343994,0.09020784776,0.1524571974,0.2370400274,0.01621559778,0.6213924256,0.01336738231,0.001258971119,0.01693473675,0.2144947275,-0.09353245003,0.03461056952,0.6292816691,0.01247605476,0.002125595328,0.0170802723
1.100089781,0.4385804999,0.7259848808,-0.1022523473,0.07193995895,-0.08404217729,0.988587888,-0.1236515172,0.1982313957,-0.05167437698,0.7943927331,-0.8044348317,-0.08239775344,0.01873764968,0.5226223307,0.01479022282,-0.03027310166,-0.08009138604,-0.3222159224,-0.01853751808,-0.3230794124,0.08914891481,0.1529121262,0.2406596279,0.01639829958,0.6214556409,0.01407202858,0.001268489631,0.01668961315,0.2108942195,-0.09077949759,0.03487853254,0.6284707542,0.01311995975,0.002099578856,0.01696771688
1.104264482,0.4381007358,0.7242100982,-0.1036086599,0.07495451363,-0.08122475648,0.9884581961,-0.1240697435,0.2089558417,-0.05367085926,0.7938672959,-0.8115857199,-0.09314003656,0.02606107695,0.526727872,0.005491490666,-0.04338417534,-0.0875671981,-0.3235847984,-0.01614521249,-0.3209430748,0.08729767056,0.1534544946,0.2441041115,0.01654556164,0.6217353048,0.01505297272,0.001336695465,0.01659293914,0.2068286036,-0.08904136991,0.03501624325,0.6280656708,0.01398748081,0.002206158515,0.01701948074
1.108646598,0.4375577912,0.7226702006,-0.1037958053,0.07767931704,-0.0775024906,0.9885270449,-0.1238997821,0.2192526223,-0.05317947853,0.7930985573,-0.8197083528,-0.1044870471,0.03432201877,0.5282849264,-0.006981721073,-0.05760120605,-0.09378162672,-0.3219218835,-0.01410968651,-0.3203508023,0.08413238464,0.1540160208,0.2486013653,0.01679690853,0.6218617495,0.01600621015,0.001437730238,0.01652551026,0.2024454231,-0.08702756333,0.03504942109,0.6283016784,0.01481801013,0.00237472402,0.01708407426
1.113213712,0.4370458243,0.7215072386,-0.1009720264,0.08037267083,-0.07146177327,0.9890591987,-0.127985134,0.223332586,-0.05191388755,0.79580037,-0.8227470135,-0.112320285,0.04220282634,0.5228955426,-0.02187874814,-0.07254645222,-0.1015170314,-0.3176157967,-0.01650371361,-0.3241058611,0.07881871208,0.1554477367,0.2538001185,0.01815310667,0.6205883547,0.01608147493,0.00109709484,0.01725555118,0.1976169823,-0.08537313756,0.03633913048,0.6273685991,0.01505157277,0.002247766292,0.01771577426
1.117959224,0.4366678133,0.7207197206,-0.09624069957,0.08262545934,-0.0642295123,0.9898410635,-0.1337653688,0.2249265506,-0.04910784399,0.800035084,-0.8219203615,-0.1172058699,0.05003394423,0.5124146529,-0.03686317784,-0.08663751754,-0.1106780015,-0.3118853968,-0.02024257422,-0.3296494541,0.07254328849,0.1568605355,0.2589280191,0.02016034954,0.6190584169,0.0158838556,0.0005189756046,0.0182538339,0.1922835001,-0.08453148983,0.03801903967,0.6254707619,0.01507159538,0.00183627536,0.01852485025
1.122475828,0.4370011117,0.7207658531,-0.08893055796,0.0858091638,-0.05785378266,0.9906468004,-0.1416168819,0.216254047,-0.04620405221,0.7964234331,-0.7903744537,-0.1253983551,0.0483324196,0.4940933636,-0.05163734541,-0.090911086,-0.1308398262,-0.307393125,-0.02036272366,-0.3351495713,0.06756340444,0.1594953754,0.2625103001,0.02114796945,0.6171390267,0.01584409222,0.0002578986314,0.01738698894,0.1852573993,-0.08600194792,0.03793379137,0.6229682231,0.01532313147,0.001968317231,0.01779319488
1.126781628,0.438076178,0.7217239063,-0.08163681786,0.08913758459,-0.05074859924,0.991370012,-0.1512317553,0.2055766551,-0.04380397672,0.7870992633,-0.7403905152,-0.1286488586,0.04188131204,0.4742428722,-0.06757144854,-0.08948573911,-0.147521317,-0.3039918701,-0.01906219346,-0.3347477212,0.06638699767,0.1629048729,0.2635309737,0.02135400335,0.6161127787,0.01586673708,0.000125996951,0.01597953857,0.1760531735,-0.09078812901,0.03636597802,0.6203101759,0.01562422336,0.002233836406,0.01653791767
1.131226459,0.439520526,0.7235533639,-0.07402201997,0.09166125403,-0.04219357657,0.9921384264,-0.1600473438,0.1925096987,-0.03815307549,0.775897473,-0.686337168,-0.1253357956,0.03737343088,0.4529650074,-0.08418688555,-0.08757476852,-0.158236172,-0.3014038272,-0.01980270347,-0.3321943102,0.06700681873,0.1663115301,0.2620811427,0.02076914918,0.6155684917,0.01569298478,0.0003078955222,0.01426879692,0.1658617367,-0.09879646755,0.03396738013,0.617473497,0.01569628108,0.003020655278,0.01514170788
1.135856781,0.4413951264,0.7260881672,-0.06606074765,0.09367425778,-0.03306201417,0.9928585067,-0.167108843,0.177007511,-0.0286769261,0.7672759447,-0.6384989762,-0.1214173068,0.03391236872,0.4300191669,-0.1011753427,-0.08459416382,-0.1663323768,-0.2993296792,-0.02100947654,-0.3271595805,0.06817953582,0.1699579676,0.2578575178,0.01911391256,0.615395971,0.01548391197,0.0006605774405,0.01254424481,0.155628686,-0.1104342594,0.03060715963,0.6139173616,0.0156933907,0.003793356335,0.01377650127
1.140865046,0.4434058943,0.729427675,-0.05708544822,0.09515578776,-0.02481884753,0.993514294,-0.1716823781,0.1575526385,-0.01620265649,0.7619293774,-0.591107157,-0.1166451542,0.030657594,0.4042350342,-0.1175193321,-0.07820705616,-0.1744258485,-0.2986190686,-0.02204051007,-0.3231226254,0.06699771885,0.1746360216,0.2525484038,0.01654993973,0.6150848988,0.01526627055,0.001218378243,0.01038068577,0.1465217249,-0.1238457439,0.02675156139,0.6100478128,0.01566078607,0.004974819316,0.01229644458
1.146221104,0.4456665404,0.7333705378,-0.04739673285,0.09612147061,-0.01724814929,0.9940908982,-0.1741085874,0.1357177274,-0.001111638227,0.7584999177,-0.5436864182,-0.1120203041,0.02804212791,0.3759573553,-0.1329201164,-0.06898742,-0.1809115901,-0.2989382142,-0.02293523947,-0.3187520713,0.06371436263,0.1799633476,0.2453762782,0.01301102346,0.6147471197,0.01508584667,0.001812236002,0.008187124227,0.1389345705,-0.1396729197,0.02219790778,0.6053002297,0.01563402865,0.006013761112,0.01084933973
1.151955102,0.4479413533,0.7377581307,-0.03713705629,0.09678350422,-0.01059304881,0.9945559711,-0.1746656345,0.1118678605,0.01388895105,0.7557755403,-0.4955223824,-0.1073270433,0.02562990918,0.3456292921,-0.1466574013,-0.05672650601,-0.1856501033,-0.2996153088,-0.02348956628,-0.3157390687,0.05742478001,0.1860030229,0.238176839,0.008865026531,0.6143587275,0.01493984443,0.002644088544,0.005578013007,0.1336656786,-0.1558638178,0.01755956731,0.6003369018,0.01555298212,0.007533530878,0.009221967712
1.158028834,0.4503379562,0.7424904732,-0.02700553502,0.09697657549,-0.004275825847,0.9949110323,-0.1737655575,0.08789250334,0.02856976767,0.7534892784,-0.446249151,-0.103251442,0.02434439859,0.3147402923,-0.1591005477,-0.04262982394,-0.1864294806,-0.3004922275,-0.02427069441,-0.3119891988,0.04898075795,0.1922143409,0.2300434569,0.004234523997,0.6142180734,0.01484175964,0.00350546246,0.003020569209,0.1306227461,-0.1729840007,0.01261264437,0.5951415618,0.01547559682,0.008929815649,0.007630845864
1.164392266,0.452617848,0.7474699589,-0.01715234387,0.09713463863,0.001798942105,0.9951218131,-0.1732104014,0.06398454721,0.04125963322,0.7517802594,-0.3954189219,-0.09839934969,0.0237020971,0.2840829194,-0.1701088432,-0.02761842854,-0.183755973,-0.3009454196,-0.02485334995,-0.3089613426,0.03805459041,0.1985278787,0.2229314428,-0.0004615608227,0.6142612842,0.01485342787,0.004602022035,0.000181144539,0.1296906056,-0.1891079268,0.007962296179,0.5903378828,0.01536242388,0.01075395516,0.005951338378
1.170989894,0.4548502614,0.7526588931,-0.00800573834,0.09696455234,0.007982021096,0.9952236287,-0.1729301309,0.04111491076,0.05223019236,0.7500887023,-0.347234024,-0.09433911301,0.02444407935,0.2547324625,-0.1800153163,-0.01242578102,-0.1769653774,-0.3010945698,-0.0254889082,-0.3053991408,0.02573525329,0.2044671692,0.2161676888,-0.005012381586,0.6146252647,0.0149147504,0.005714770357,-0.002495020883,0.1305565476,-0.204558792,0.003423768218,0.5859947457,0.01525722421,0.01249677634,0.004367760969
1.177750675,0.4569093346,0.7580625241,0.0007014711154,0.09655432392,0.01340813597,0.9952371538,-0.1738625675,0.01708193263,0.06151976373,0.7480512537,-0.3086099637,-0.08937649695,0.02476779258,0.22609206,-0.1882814425,0.005325407528,-0.169268466,-0.3000233039,-0.02482726217,-0.3032071534,0.01192777704,0.210354877,0.2112497581,-0.009168432935,0.6151826125,0.01528760059,0.007059379559,-0.005518398277,0.1322870416,-0.2183638851,-0.0008681648293,0.5827937072,0.01530689945,0.01487938183,0.002719675944
1.184610105,0.4588588333,0.7636397065,0.00843346714,0.09550097762,0.01891723377,0.9952138354,-0.1765254818,-0.006661220152,0.06935265725,0.7441655741,-0.2760648118,-0.0853000396,0.02621459382,0.1995589902,-0.1956193727,0.02418087797,-0.157123038,-0.2982261169,-0.02397968128,-0.3007468825,-0.001984681202,0.2156258459,0.2073704046,-0.01281558286,0.6160842267,0.01573392088,0.008412665138,-0.008351149428,0.1347393211,-0.2310168869,-0.005009551918,0.580396805,0.01540890457,0.01730161195,0.001171468667
1.191567583,0.4607337789,0.7692917832,0.01591281302,0.0940092898,0.0239704652,0.9951554917,-0.1822103295,-0.03138542739,0.07639477689,0.7395768318,-0.2501574588,-0.08055381038,0.02556191714,0.1728547546,-0.2004380866,0.04870453594,-0.1456008779,-0.2950714321,-0.02215856856,-0.2992037575,-0.01712565795,0.2209535216,0.2048974751,-0.01588409765,0.6175262945,0.01636959904,0.01010051859,-0.01127413896,0.1371672616,-0.2422446413,-0.008699080495,0.5794054691,0.01539375721,0.02035553216,-0.0002879688351
1.198635194,0.4625465533,0.7749901438,0.02271263547,0.0913856852,0.02951869215,0.9951188067,-0.1898307806,-0.05538830022,0.08284061134,0.7351294731,-0.229319957,-0.07613950382,0.02622761174,0.1476189543,-0.203975657,0.07619812978,-0.1332536709,-0.2912526304,-0.02051574708,-0.2973269833,-0.03178114339,0.2260064414,0.2033992305,-0.01840794206,0.6194569249,0.01700815448,0.01185883276,-0.01392457907,0.1397838145,-0.2522857895,-0.01207891846,0.5793203478,0.0153500769,0.02344169734,-0.001593720594
1.205790354,0.4644094752,0.7808170918,0.02962395666,0.08780735156,0.03439913476,0.9951025021,-0.1987072649,-0.08064415092,0.08950517697,0.7319739841,-0.2132431546,-0.07068564722,0.02429879323,0.1210847709,-0.2038520663,0.1120017913,-0.1208727293,-0.2864853682,-0.0177372835,-0.2961966112,-0.04652826733,0.231863096,0.2028228953,-0.02079643614,0.6217571734,0.01780136736,0.01417217363,-0.01670452754,0.1422324674,-0.2612283617,-0.01495474503,0.5801363984,0.01515490092,0.02713760576,-0.002713015883
1.213115716,0.466314835,0.7867559477,0.03613930115,0.08269088211,0.03982181033,0.9951233051,-0.2077513725,-0.1052916284,0.09606285299,0.7300035933,-0.2004445951,-0.06553963799,0.02392615095,0.09547814762,-0.2025868183,0.1519154447,-0.1028122929,-0.2814567555,-0.01548577925,-0.2943794809,-0.06027022235,0.2383502935,0.2028022629,-0.02301214845,0.6245915924,0.018574914,0.01660213818,-0.01927394003,0.145076598,-0.2692251451,-0.01751377131,0.5815150819,0.01493975755,0.03077180535,-0.003668582612
1.220671966,0.4683139429,0.7926218566,0.04232127564,0.07610706773,0.04504936485,0.9951819827,-0.2163369114,-0.1282471497,0.1051279822,0.7285839287,-0.1914938508,-0.06028109521,0.02057995321,0.06990604485,-0.2000405295,0.202976774,-0.084838174,-0.2763331722,-0.01349250819,-0.2917640583,-0.07462741483,0.246443766,0.2029688005,-0.02542085553,0.6282838956,0.01942544569,0.01953905339,-0.02183566137,0.1484878642,-0.2763603387,-0.01954883099,0.5837123795,0.01444010909,0.03476967703,-0.004423094489
1.22857811,0.4703883131,0.7984071855,0.04790923065,0.06748008319,0.05145925904,0.9952402166,-0.2234183028,-0.1492997121,0.1144751312,0.7278104232,-0.1847354418,-0.05559077465,0.01957553483,0.04605653076,-0.1991294342,0.2595479251,-0.06490374203,-0.271650469,-0.01340095574,-0.2875842642,-0.08861236347,0.2557991607,0.2031932532,-0.02805951271,0.6327855866,0.02023435603,0.02262904033,-0.02422134427,0.1535032222,-0.282673567,-0.02141208308,0.5862540878,0.01391850319,0.03855409664,-0.005066378209
1.236633016,0.47258477,0.8037089174,0.05284911332,0.0582314993,0.05775710644,0.9952287076,-0.2286265707,-0.1681641421,0.1239988998,0.7266956388,-0.179746773,-0.05004379148,0.01572897685,0.02301544613,-0.2002917461,0.3238847398,-0.04350354631,-0.2646062896,-0.01397792352,-0.2815205078,-0.1033043122,0.2662731508,0.2033159858,-0.03106294828,0.637488778,0.02102457424,0.02611381602,-0.02668884309,0.1601455592,-0.2882647037,-0.02288216604,0.5888853341,0.0131165859,0.04247767921,-0.005508479589
1.244943641,0.4748703163,0.8085546454,0.05700866371,0.04792591354,0.0644589967,0.9951372553,-0.230752459,-0.1847746711,0.1310993686,0.7263587038,-0.1753444054,-0.0443309141,0.01335172263,0.00166613065,-0.2041198489,0.3902028872,-0.01748555668,-0.2572697172,-0.01563328285,-0.2733910208,-0.117999877,0.2776973245,0.2033406738,-0.03423656049,0.6424680441,0.02174377738,0.02957061785,-0.02900807377,0.1689380797,-0.2930313268,-0.02414712683,0.5916713227,0.01232039891,0.04609350209,-0.005854650009
1.253375175,0.4771861002,0.8126570889,0.05992135267,0.03796743496,0.06950188002,0.9950564778,-0.2293835784,-0.1970987156,0.1321439718,0.727354228,-0.1719673868,-0.03678818935,0.006623494386,-0.01827775927,-0.2091047538,0.4604952701,0.01298623131,-0.2478222358,-0.01565301713,-0.2628442134,-0.134310714,0.2900126887,0.2028291473,-0.03712758927,0.6477442526,0.02221878556,0.03309864925,-0.03127710371,0.1793812671,-0.296812976,-0.0247558659,0.5949295328,0.01119228186,0.04963196565,-0.006032969627
1.26193424,0.4794597553,0.8160004643,0.06199130746,0.02795949118,0.07387638726,0.9949460408,-0.2242009914,-0.2052855424,0.1307541126,0.7279415847,-0.170171826,-0.03008420099,-0.0003756626476,-0.0370461911,-0.2159974465,0.5283098092,0.05010010723,-0.2396516818,-0.01564496858,-0.250843526,-0.1511609878,0.3027731485,0.2022081743,-0.03960950146,0.652807944,0.02251164702,0.03635516063,-0.03337630949,0.1915285939,-0.299343906,-0.02495694955,0.5984551216,0.01008888804,0.05287557696,-0.006133501414
1.270425172,0.4815660698,0.8186019932,0.06265655046,0.01899318529,0.07735691218,0.9948514079,-0.2161205839,-0.207503025,0.1298718528,0.7264693365,-0.1725066317,-0.02370961143,-0.01165023943,-0.05199952229,-0.2239147986,0.5894711876,0.0748743416,-0.2323157418,-0.01558908792,-0.2370769585,-0.1690123407,0.314931503,0.2012909644,-0.04152834977,0.6580398796,0.02257912092,0.03950998739,-0.0352161661,0.2050143547,-0.3008737453,-0.02472711718,0.6022015868,0.008778228222,0.05579048433,-0.006084731364
1.278684815,0.4834611021,0.8204143879,0.06248037945,0.01061152931,0.07975610145,0.9947977492,-0.2049056927,-0.2058617327,0.1285339479,0.7238720645,-0.1763592238,-0.01807726886,-0.02723802698,-0.06419039595,-0.2313301762,0.6384755833,0.09108758617,-0.2262466198,-0.01517281926,-0.222747212,-0.1859712893,0.3260754121,0.2002784447,-0.04296965472,0.6630518826,0.02260723737,0.04241118623,-0.03671031096,0.2187807296,-0.3012605037,-0.02416094439,0.6061633971,0.007549868962,0.05841443211,-0.005971892951
1.286534776,0.4851162755,0.8214246383,0.0621381997,0.003551623342,0.08035403711,0.9948213201,-0.1930538417,-0.2014659428,0.1284522212,0.7199839176,-0.1818233603,-0.01237859663,-0.04869150026,-0.07469318233,-0.2348858596,0.669656901,0.08902610969,-0.2194173595,-0.0130222165,-0.2093523409,-0.2019587983,0.3355507741,0.1991836905,-0.04383484353,0.6675917966,0.02242944546,0.0450956265,-0.03773943462,0.2315971384,-0.3010164594,-0.02325175639,0.6100646188,0.006125869047,0.06059879896,-0.005758980982
1.293829817,0.4865024038,0.8215252594,0.06199321286,-0.002870605676,0.07927144863,0.9949194131,-0.1798107134,-0.1958997867,0.1282827433,0.7159217497,-0.1873403249,-0.007292811225,-0.07608015464,-0.08460478486,-0.2356281216,0.6883797441,0.07985187206,-0.2131890532,-0.009663522581,-0.1973935788,-0.214791646,0.3431649182,0.1980373465,-0.04421511233,0.671400969,0.0222319511,0.04744176501,-0.0384033291,0.242216603,-0.3000953754,-0.02199774327,0.6138139828,0.00479830897,0.06252083078,-0.005484946829
1.300127456,0.4876644588,0.8207104702,0.06364196127,-0.007481551147,0.07516139598,0.9951102912,-0.1677758971,-0.1919425949,0.1307346011,0.7119346052,-0.1940786217,-0.002183305156,-0.1112562604,-0.09875654165,-0.2296774006,0.6738349958,0.06205416363,-0.2055010498,-0.003990853122,-0.1893411783,-0.2227667047,0.3481417656,0.1969806943,-0.04376912547,0.6730239319,0.02171388263,0.04912326394,-0.03862698574,0.2485738557,-0.2993377693,-0.02032129283,0.6162319461,0.003319165498,0.0638892459,-0.005112294047
1.305432529,0.4885795249,0.81885479,0.06684673262,-0.01113209741,0.06897698545,0.9953139034,-0.155535648,-0.1895415248,0.1340207136,0.7089040477,-0.2005714316,0.002357671348,-0.1530488171,-0.115885046,-0.2197303973,0.6511953768,0.04420619221,-0.1981001698,0.002025167522,-0.1843769006,-0.2241295062,0.3503825841,0.1960453669,-0.04280930482,0.6728865516,0.02113764394,0.05016215418,-0.03861006494,0.2501515596,-0.2987265222,-0.01840918316,0.6173168649,0.001953942338,0.06485121971,-0.004685104144
1.310548945,0.4892491935,0.8161786195,0.06890194789,-0.01484549445,0.06435431941,0.9954349072,-0.1428359329,-0.186476071,0.1343361286,0.7052890678,-0.2076394291,0.007239896412,-0.1917864931,-0.1274465191,-0.2120763376,0.6582157532,0.03008400792,-0.1899599953,0.004661341743,-0.1786168558,-0.2226033328,0.3507225934,0.1950089583,-0.04175502705,0.6731951808,0.02032116184,0.05076886946,-0.03834407868,0.250201805,-0.2979833307,-0.01680490179,0.6181790558,0.0005543209189,0.06509868706,-0.004311710783
1.315645432,0.4897399638,0.8128937558,0.06950766572,-0.01814002716,0.06112297809,0.9955418652,-0.1305039136,-0.1820489387,0.1321167019,0.701274249,-0.2142297198,0.01172719229,-0.2249439216,-0.1334230095,-0.2078956273,0.6797018419,0.01435208234,-0.1825210555,0.004704514723,-0.1715987204,-0.220207632,0.3496303537,0.1936668276,-0.04092024848,0.6744425069,0.01954005687,0.05129037582,-0.03804267855,0.249978451,-0.2970700099,-0.01561662963,0.6192864773,-0.000707463927,0.06501778948,-0.004027582074
1.320681111,0.4901231209,0.808912319,0.06849936967,-0.02077813828,0.05815616836,0.9957379,-0.1185833344,-0.1761591962,0.1282326364,0.695097498,-0.2243073277,0.01712542918,-0.2556707152,-0.1339857624,-0.2068651216,0.705919499,0.006777715603,-0.174932106,0.004123325076,-0.1625103884,-0.2175713854,0.3476329529,0.1919882676,-0.04006793088,0.676199976,0.01865504837,0.05175321376,-0.03762941251,0.2497906365,-0.2955892345,-0.01459084259,0.6207567369,-0.001942519473,0.06462378856,-0.003863810962
1.325614168,0.4903492989,0.8042083622,0.06648198956,-0.02268603146,0.05506647292,0.9960086207,-0.1076009923,-0.1699241623,0.1237076181,0.6878702377,-0.2346742063,0.02221441242,-0.284036956,-0.1302298449,-0.2085285543,0.7306969777,0.004168467609,-0.1674382843,0.003442207729,-0.1528304801,-0.2145474273,0.3449971914,0.1904354797,-0.03920557625,0.6777253098,0.01782762443,0.05217257313,-0.03720191833,0.2493126903,-0.293250462,-0.01349335742,0.6224445843,-0.003032709901,0.06423093901,-0.003742982291
1.33047379,0.4905044855,0.7988338119,0.06359616965,-0.02393791621,0.05168164762,0.9963490908,-0.09696344541,-0.1636031065,0.1184631204,0.6797998311,-0.2507470202,0.02835169072,-0.3098171197,-0.1233626227,-0.2117205836,0.7555373104,0.00160515261,-0.1604241741,0.002850104558,-0.1422471746,-0.2111351144,0.3421722206,0.1888741594,-0.03821804584,0.6793625151,0.01697472054,0.0523999409,-0.03655645038,0.2490318582,-0.289910241,-0.01228395267,0.6245514718,-0.004096585369,0.06357338727,-0.003616512326
1.335300173,0.4906281778,0.7928889696,0.05979875852,-0.02440621513,0.04822866548,0.996745926,-0.0872871249,-0.15721935,0.112504077,0.6716578504,-0.2671887037,0.03415980416,-0.3320610872,-0.1144195135,-0.216714231,0.7822172884,-0.004253523947,-0.155355727,0.002004340351,-0.1306666079,-0.2079153927,0.3393353975,0.1871821098,-0.03727451853,0.6812589833,0.01621414165,0.0525948454,-0.0358901651,0.249266432,-0.2857290417,-0.01091680098,0.627146542,-0.005029982266,0.06296681591,-0.003480579439
1.340097933,0.4908755383,0.7870293706,0.05579704369,-0.02456227892,0.0450464372,0.9971229628,-0.07853137019,-0.1514371219,0.1068982256,0.6626814156,-0.2836489513,0.04131692474,-0.3494416738,-0.1061446624,-0.2202329072,0.8096009823,-0.007382311228,-0.1525893026,0.001271593762,-0.1187826143,-0.205365216,0.3371697214,0.1851677114,-0.03629779016,0.6832518651,0.01543844011,0.05237242097,-0.0350528797,0.2499992134,-0.2811490348,-0.009497698692,0.6299133181,-0.005963098689,0.0619753506,-0.003504571821
1.344840672,0.4912068832,0.7813204792,0.05138165328,-0.02417282263,0.04223587965,0.9974927222,-0.0717088649,-0.1457131224,0.1014595883,0.653977174,-0.2984992164,0.04808055629,-0.3625163964,-0.09744975042,-0.2238863944,0.8378668616,-0.01483323569,-0.1502440916,0.0005083538188,-0.1063134614,-0.2039795769,0.3355584018,0.1829265029,-0.03541391303,0.685373531,0.01474406973,0.05207293427,-0.03423398346,0.2512449649,-0.2761060645,-0.008023577244,0.6329294002,-0.006790019999,0.0610005255,-0.003567366821
1.349454315,0.4916087239,0.7762978954,0.04677292015,-0.02353535823,0.03982864736,0.9978336834,-0.06632190888,-0.1402144394,0.09671902441,0.643959094,-0.3093768689,0.05643427969,-0.3694275407,-0.08703210996,-0.2265063748,0.8619095616,-0.02789791267,-0.1491427252,-5.066959689e-05,-0.09368684519,-0.2033121649,0.3344892103,0.180622944,-0.03449414113,0.6872887437,0.01398361132,0.05147060985,-0.03333188523,0.2528359818,-0.2706747937,-0.006622131681,0.6360340267,-0.007597918761,0.05972641169,-0.003830639737
1.353859573,0.4920655251,0.7719174273,0.04219285398,-0.02241939083,0.03772896719,0.9981451092,-0.06342376513,-0.1354081157,0.09284203078,0.6340597068,-0.3178646652,0.06431750124,-0.3724596654,-0.07597240452,-0.2291544945,0.8810460902,-0.04596772487,-0.1488743558,-0.0003166996734,-0.08143555587,-0.2035070689,0.3338129758,0.1784232629,-0.03359935363,0.6887228827,0.01327950128,0.05079759276,-0.03247862022,0.2544641683,-0.2649331833,-0.005146994747,0.638943768,-0.00830221733,0.05852531156,-0.004110150953
1.357984108,0.4925913454,0.7683445209,0.03747258028,-0.02125841732,0.03580695281,0.9984296408,-0.06200589121,-0.1314520631,0.0898052293,0.6220782805,-0.3234590148,0.07347228232,-0.3708649548,-0.06345462559,-0.2314958644,0.8935072719,-0.06813759297,-0.1498720798,-0.0001027681838,-0.06912389005,-0.2034082556,0.3331979722,0.1761849966,-0.03269198258,0.6893856169,0.01256943608,0.04986859792,-0.03154473312,0.2558705901,-0.2589820824,-0.003688960678,0.6415346315,-0.008946654713,0.05714095246,-0.004547795192
1.361778872,0.4931647775,0.7655036153,0.03288617879,-0.01987666191,0.03408486924,0.9986799484,-0.06305937527,-0.1287743572,0.08789652951,0.6099505375,-0.3276446937,0.08196440284,-0.3666173511,-0.05063373106,-0.2337295139,0.9000668462,-0.09307954457,-0.1517087958,0.0004083881612,-0.05743010555,-0.2031558848,0.3325702652,0.1741721768,-0.03182987714,0.6891066186,0.01192421333,0.04883299324,-0.03066926407,0.2568075862,-0.2528717205,-0.002098205162,0.6435523552,-0.009492287594,0.05583368104,-0.004958647893
1.365168303,0.4938323966,0.7633254008,0.02855824507,-0.01854427845,0.03247188013,0.9988924433,-0.06583284944,-0.1281929893,0.08688027766,0.5953685802,-0.3272852996,0.09027452723,-0.3596454122,-0.03782194597,-0.2356353347,0.9007783237,-0.1199858844,-0.1544325143,0.001460844991,-0.04624201686,-0.2015954825,0.3313482417,0.1722956845,-0.03094294768,0.6875831276,0.01122501476,0.04741135883,-0.02978568611,0.2569071653,-0.2469352243,-0.0006802105981,0.6447019569,-0.009868218745,0.05430420211,-0.005542548088
1.36820913,0.4945150863,0.7618037487,0.02493372935,-0.0170908697,0.03074917475,0.9990699173,-0.07002157592,-0.1289401066,0.08834222397,0.5832073701,-0.3322562756,0.0990215649,-0.3511921422,-0.02592772112,-0.2365233324,0.8964065666,-0.1476430927,-0.1577555176,0.003097649249,-0.03673243004,-0.1993074886,0.3299224285,0.1710734472,-0.02999755777,0.6849653784,0.0105708935,0.04578713124,-0.02897193082,0.2560302342,-0.2408378418,0.0008548836947,0.6452689481,-0.01015176677,0.05280485808,-0.006087055486
1.370947105,0.4951836243,0.7608620125,0.0222290533,-0.0157846582,0.02877246776,0.9992141206,-0.07367802787,-0.1303107817,0.09302151746,0.5725166767,-0.3409857469,0.1094554037,-0.3413420652,-0.01535450733,-0.2356962746,0.887947214,-0.1752079836,-0.160930361,0.005862313281,-0.02929917474,-0.195764267,0.3281359725,0.1706102725,-0.02882147631,0.6814527402,0.009881716732,0.04384740825,-0.02812643829,0.2540557699,-0.2344966654,0.00228818471,0.6454956984,-0.01028110431,0.05113330922,-0.006767056829
1.373399991,0.4958391651,0.7604617159,0.02047681308,-0.01433766014,0.02668421173,0.9993313187,-0.07762744511,-0.1325261075,0.09980708479,0.5631738824,-0.3513956459,0.1194912051,-0.3312004335,-0.006526057852,-0.2333351788,0.8758962057,-0.2013615043,-0.1638846227,0.009244753588,-0.02397057906,-0.1916879668,0.326170172,0.1709246316,-0.02748412677,0.6772981828,0.009250501569,0.04180242178,-0.02732385786,0.2510248167,-0.2281281383,0.003836692065,0.6451845058,-0.01034193008,0.04952947851,-0.007385122616
1.375537875,0.4965036003,0.7604520002,0.01948249657,-0.01273281691,0.02469079578,0.9994241704,-0.08149479792,-0.1346915295,0.1077360045,0.5522212633,-0.3597226227,0.1291141486,-0.3212730743,0.0003056685879,-0.2298742417,0.8603570593,-0.2238918304,-0.1660246569,0.01315604647,-0.02021587559,-0.1867315063,0.3235917461,0.1716792585,-0.02596417288,0.6726663976,0.008557232361,0.03955351159,-0.02653440237,0.2469785678,-0.2219382884,0.005101620349,0.6443357776,-0.01014350238,0.04789537441,-0.008080722444
1.377284643,0.4972155675,0.7606993978,0.01906965909,-0.01091087817,0.02304067844,0.9994930855,-0.08694059488,-0.137324181,0.1152302666,0.5392529347,-0.3616765965,0.136851847,-0.3123403251,0.005233360199,-0.2251199822,0.8413875526,-0.2398563174,-0.167372623,0.01707288415,-0.01750555921,-0.1806782511,0.3201733984,0.172727719,-0.02441764999,0.6674354023,0.007914239064,0.03728974716,-0.02580272065,0.2417379638,-0.2164415868,0.006245263324,0.6424371826,-0.009873619285,0.0463049742,-0.008718658524
1.378631872,0.4980042543,0.7610668381,0.01899331358,-0.009168767735,0.02177839776,0.9995403389,-0.09323300373,-0.1399792142,0.1218971051,0.5238663624,-0.3551132558,0.1447772598,-0.3044165186,0.008632645115,-0.2191173277,0.8204061141,-0.2485827174,-0.1672577895,0.02073439201,-0.01511020934,-0.1728895306,0.315548859,0.1737926874,-0.02287890632,0.6616489816,0.007225514033,0.03491373765,-0.02502602237,0.2353764474,-0.2117179631,0.006905880263,0.6395063545,-0.009383051429,0.04453013004,-0.009384254379
1.379586293,0.4988637535,0.7615050992,0.01915208194,-0.007482076244,0.02092385554,0.9995696117,-0.1008770051,-0.1424618001,0.1273435232,0.5085544359,-0.3449417462,0.1519576154,-0.2977137552,0.01111515762,-0.2119319423,0.7992816568,-0.2524371559,-0.1658046292,0.0240578628,-0.01281451095,-0.1634636917,0.3097828071,0.1749194389,-0.02143772121,0.6553968107,0.006592674091,0.03255487347,-0.02429876186,0.2278953965,-0.207945361,0.0072982477,0.6356275232,-0.008873586391,0.04268974205,-0.01000125565
1.380276269,0.4997603935,0.7619547964,0.01936882436,-0.00610678061,0.02034522022,0.9995867285,-0.1077898038,-0.142844597,0.1323597172,0.4941538856,-0.3300698834,0.161242609,-0.2918227209,0.01324216015,-0.2039585479,0.7800347729,-0.254291238,-0.1629468219,0.02717106039,-0.01025602405,-0.1525780296,0.303260029,0.1760646145,-0.02005151556,0.6489364411,0.005862366302,0.03012967646,-0.02367325176,0.2196751909,-0.2048308889,0.007229553365,0.6312899044,-0.008237860291,0.04078012354,-0.01072278967
1.380763856,0.5007185024,0.7624356437,0.01970362183,-0.004838187647,0.01986290155,0.9995968309,-0.1141187642,-0.1423701676,0.1356389604,0.4822249662,-0.3161669675,0.1698010742,-0.2869559799,0.0151026065,-0.1953568204,0.7630272354,-0.2556867774,-0.1592212615,0.03031865279,-0.00750395329,-0.1409734907,0.2963178988,0.1771539157,-0.01877065644,0.6425537593,0.005180200886,0.02777684754,-0.02313069018,0.2109195891,-0.2025337066,0.006947531218,0.626733795,-0.007632633128,0.03891584167,-0.011415883
1.381172518,0.5016680003,0.7629536165,0.02013605719,-0.003757116701,0.01951425138,0.9995997285,-0.1182850691,-0.1396174495,0.1393646556,0.4719516511,-0.3037656548,0.1790428476,-0.2827559499,0.0168263774,-0.1860908131,0.748431529,-0.2573117119,-0.1552649036,0.03325241376,-0.004833166402,-0.1291256315,0.289331247,0.1782588791,-0.01758101643,0.6365320626,0.004466747776,0.02543072101,-0.02258783723,0.2021601312,-0.200584274,0.006339313344,0.6222949311,-0.006991314721,0.03696375847,-0.01211953916
1.381529946,0.5026454419,0.7635283479,0.02077492253,-0.002604803775,0.01929263257,0.9995946238,-0.1211522995,-0.1363897329,0.1416765222,0.4633090068,-0.2953619015,0.186265652,-0.2794663196,0.01815680277,-0.176223994,0.7357496473,-0.25945718,-0.1513697799,0.03596734062,-0.002401035735,-0.1177263461,0.2824786748,0.1792444572,-0.01651495869,0.6310515602,0.003822637979,0.02325099454,-0.02209230195,0.1935784837,-0.1991526157,0.005599687904,0.6180565541,-0.006407865081,0.03510127548,-0.01277101457
1.381921494,0.5035933547,0.7640638421,0.02140370304,-0.001557934063,0.01900290708,0.9995890875,-0.121947577,-0.1321440681,0.1438663006,0.4560549952,-0.2903490238,0.1929929253,-0.2767908278,0.01944555709,-0.1659446627,0.7251819837,-0.2622571103,-0.1470110374,0.03863592397,-0.0001721404803,-0.1069061646,0.275991553,0.1801927688,-0.01551917437,0.6262190566,0.003165894789,0.02114654423,-0.02159965135,0.185493444,-0.1979227792,0.004684901158,0.6140707593,-0.005787857628,0.03323561766,-0.01334962048
1.382352413,0.5045244772,0.7645704776,0.02206259277,-0.0004099433675,0.01881890523,0.9995793729,-0.1216365722,-0.127778783,0.1448730539,0.4495776951,-0.2885555644,0.1978104822,-0.2748695014,0.02054298242,-0.155572256,0.7161893098,-0.2656522244,-0.142569004,0.04093608727,0.001771635378,-0.09713550341,0.269942152,0.1810415665,-0.01462386147,0.6220593353,0.00257802333,0.01926108328,-0.02115372735,0.1780008233,-0.1969684406,0.003735549072,0.6104090022,-0.005223526245,0.03150173696,-0.01386131826
1.382855383,0.5054418002,0.7650217709,0.02272454949,0.0006226531033,0.01854710367,0.9995695134,-0.1199332739,-0.1245015543,0.1450759537,0.4426321118,-0.285765159,0.2013832375,-0.2731939645,0.02148022306,-0.1451889151,0.7086572455,-0.2696350304,-0.1377003892,0.04294036789,0.003384054627,-0.08823089154,0.2643809638,0.1818535421,-0.01380659396,0.6186570976,0.002021106554,0.01749976502,-0.02061516633,0.1713269515,-0.1960189822,0.002723509058,0.6069955536,-0.004656166859,0.02972397095,-0.01426775286
1.383427251,0.5063408426,0.7654132602,0.02329608912,0.001685081887,0.01841748764,0.9995575265,-0.1177010941,-0.1218354478,0.1446573277,0.4356956706,-0.2831059189,0.2038900323,-0.2718153907,0.02231454616,-0.135286847,0.7020911308,-0.2739571377,-0.1328665614,0.04428645707,0.00482323094,-0.0804926871,0.2593108747,0.1826035697,-0.0130931073,0.6158974801,0.001536790663,0.0159809399,-0.02010205685,0.16554594,-0.1951331089,0.001749672043,0.6038656671,-0.004147260033,0.02805795152,-0.01461338441
1.384073945,0.5072214624,0.7657349753,0.02371722231,0.002589626111,0.018202138,0.9995496333,-0.1147035247,-0.1203235549,0.144286568,0.4276819886,-0.2776789433,0.2063717997,-0.2704736588,0.02316309634,-0.1258668971,0.6966516703,-0.2786821644,-0.127444379,0.04521415318,0.006297441137,-0.07360194554,0.2547606996,0.1832656681,-0.01245872143,0.6137252767,0.001032462102,0.01456441755,-0.01960559197,0.1606390397,-0.1942537633,0.0008172199785,0.6009519069,-0.003704914227,0.02645133159,-0.01491300461
1.384789412,0.5080738238,0.7659782165,0.02388873064,0.003430986368,0.01807648991,0.9995452953,-0.111614393,-0.1194724674,0.1436800004,0.4196455772,-0.2714805247,0.2086379921,-0.2692209106,0.02414617012,-0.1173928183,0.6919679062,-0.2834759083,-0.1220846151,0.04549607087,0.007958777803,-0.06773457508,0.2506860528,0.1838446745,-0.0119350612,0.6120097205,0.000579333044,0.01335354218,-0.01917111219,0.156656664,-0.1934120993,-3.478218697e-05,0.5983063872,-0.003328714282,0.02498528712,-0.01517883079
1.385558067,0.5088994808,0.7661928592,0.02405931714,0.004074730665,0.01790892602,0.9995418031,-0.107986556,-0.1196701726,0.1433092708,0.4114616289,-0.265252861,0.2114490868,-0.2677621051,0.02449472387,-0.1096813724,0.6880180303,-0.2892748522,-0.1165790266,0.04541290569,0.009455529794,-0.06245179091,0.246980496,0.1844203146,-0.01148585635,0.6107100152,0.0001626314381,0.01226008147,-0.01863810472,0.1535236535,-0.1924817816,-0.0007952269457,0.5958736499,-0.003012158262,0.02346091436,-0.01533014412
1.38637914,0.5096850608,0.7663799781,0.02413902955,0.004629599518,0.0177832346,0.9995397094,-0.1043014051,-0.1203174063,0.1429209378,0.403716787,-0.259965309,0.2141282578,-0.2663047141,0.02452162868,-0.1028017114,0.6845345285,-0.2953203551,-0.1114244336,0.04488328642,0.01092018834,-0.05798450496,0.2436429803,0.1849953028,-0.01110277286,0.6097402632,-0.0001949940456,0.01134235625,-0.01813037277,0.1512628123,-0.191475094,-0.001428500555,0.593735996,-0.002746738144,0.0220398348,-0.01543254776
1.387229192,0.5104560756,0.7665100556,0.02438250641,0.005041033063,0.01755136042,0.9995359079,-0.1001771365,-0.121796275,0.1429976157,0.3961188522,-0.25600459,0.2173262716,-0.2648101763,0.02389699475,-0.09650801456,0.6814948615,-0.3006860678,-0.1059805858,0.04422217044,0.01209987259,-0.05396836278,0.2406306968,0.1855684569,-0.01071743388,0.6089701252,-0.0005858421614,0.01048685806,-0.01757650099,0.1495938763,-0.1904518622,-0.001910876092,0.591855244,-0.002560401387,0.02064745235,-0.01541261033
1.388108098,0.5112092839,0.7665834811,0.02469595279,0.005400010534,0.01731225623,0.9995305076,-0.09605783103,-0.1236568507,0.1432065664,0.389000802,-0.2534680664,0.2204551496,-0.2634227186,0.02278021003,-0.09082385325,0.6786956131,-0.3051296347,-0.1010626012,0.04331583882,0.0131765993,-0.05060907817,0.237927252,0.1861121066,-0.01036049457,0.6083748124,-0.0009426014054,0.009750545665,-0.01706457821,0.1485591652,-0.1894519048,-0.002263587998,0.5902489878,-0.002417672977,0.01939259098,-0.01535267791
1.388988564,0.5119589491,0.7666371093,0.02512009043,0.005609788905,0.01689400317,0.9995259396,-0.09148995889,-0.125919941,0.1438148891,0.3819540313,-0.2521757307,0.2238884967,-0.2620547778,0.0211785763,-0.08555591145,0.6762173916,-0.3083416206,-0.09633381593,0.04251795872,0.01420338961,-0.04749011025,0.235456754,0.1865769372,-0.009982343,0.6079196177,-0.001346402781,0.009074012315,-0.01649043005,0.1479031459,-0.1885318575,-0.002485202662,0.5888752551,-0.002377121511,0.01813334372,-0.0151906943
1.389874068,0.5126995184,0.7666683902,0.02557121865,0.005767804073,0.01644741349,0.9995210492,-0.0869545268,-0.1282937909,0.144475439,0.3752781871,-0.2519566244,0.2272895083,-0.2608161298,0.01929918751,-0.08077470853,0.6740162886,-0.3104703148,-0.09215579525,0.04160016469,0.0153305933,-0.04485170032,0.2332313008,0.1869652543,-0.009629898962,0.607566039,-0.001719860865,0.008495886358,-0.01595407219,0.1476839578,-0.187706374,-0.002613593306,0.5877222265,-0.00237214455,0.01699283554,-0.01500813487
1.390741606,0.5134423961,0.7666516815,0.02599096875,0.005836283241,0.01580319969,0.999520218,-0.08204634067,-0.1306796799,0.1454848754,0.3685599671,-0.2529100672,0.2311228844,-0.2598278645,0.01724363044,-0.07654571987,0.6722714611,-0.3113295527,-0.08805974088,0.0407955428,0.01664076347,-0.0424141007,0.2312038935,0.1872931312,-0.009224730424,0.6072678105,-0.002150297693,0.007979980814,-0.01536799363,0.1476085331,-0.1869853057,-0.002622000859,0.58680551,-0.002438017389,0.01589646361,-0.0147109031
1.391595557,0.5141734465,0.7665877566,0.02633171861,0.005890610938,0.01516799918,0.9995208217,-0.07723462913,-0.1328695561,0.146461498,0.3621090097,-0.2547944637,0.2349532738,-0.2590469643,0.01525988638,-0.07291437322,0.6710006708,-0.3114981212,-0.08429608746,0.03980280276,0.01817901012,-0.04036918128,0.2293445841,0.1876114777,-0.008834122294,0.6070181816,-0.00255058589,0.007545693383,-0.01482589816,0.1477774323,-0.1863269099,-0.00257368904,0.5860954095,-0.002518647798,0.0149249261,-0.01440503114
1.392416391,0.5149214382,0.7664963324,0.02663187899,0.005877735395,0.01439284424,0.9995244075,-0.07203965391,-0.1349975478,0.1476126945,0.355403162,-0.2575156017,0.2389835319,-0.258494556,0.01325524097,-0.06985501268,0.670239639,-0.3107822602,-0.08061537689,0.03889614008,0.01991985492,-0.03847035372,0.2276424083,0.1879403903,-0.008384938603,0.6068293955,-0.003022640912,0.00717810704,-0.01422722972,0.1479995364,-0.1857267861,-0.002435187063,0.5855900398,-0.002690049933,0.01396357339,-0.0139909692
1.393206135,0.5156764016,0.7663794191,0.02684304124,0.005873733152,0.01370331785,0.9995284736,-0.0670123286,-0.1368937921,0.1486083817,0.3488414793,-0.2607613377,0.2428687403,-0.2580898327,0.01141995225,-0.06742118519,0.6699645171,-0.3099126747,-0.07726443446,0.03776092977,0.02192236695,-0.03690683452,0.2260455444,0.1883037849,-0.007947022344,0.6067025762,-0.003463638554,0.006884460587,-0.01367149059,0.1483944028,-0.1851664305,-0.002272347532,0.5852319841,-0.002870051402,0.01310139092,-0.0135840474
1.393964543,0.5164404868,0.7662369702,0.02700550953,0.0057739068,0.01293349823,0.9995349364,-0.06182704384,-0.1385803855,0.1495731709,0.3422969674,-0.2642130757,0.2463682836,-0.2577017364,0.009702226802,-0.06557342503,0.670385271,-0.3093691809,-0.07408949564,0.03686351198,0.02412376296,-0.03548651239,0.2245691623,0.1887545991,-0.007437485263,0.6066958235,-0.004011393977,0.006701536459,-0.01313050334,0.1487498019,-0.1846563713,-0.002053151459,0.5850211354,-0.003198246895,0.01227288792,-0.01319139015
1.394695672,0.5172113832,0.7660765587,0.02708986637,0.005651394219,0.01226507767,0.9995417794,-0.05693587017,-0.1399925341,0.1502986644,0.3361338702,-0.2675913998,0.2493941779,-0.2572667888,0.00815079634,-0.06430504031,0.6712539132,-0.3094604694,-0.07131957757,0.03592848,0.02656639913,-0.03439691807,0.2232105027,0.1892740201,-0.006912600434,0.6068035268,-0.004530189287,0.006597006307,-0.01264533547,0.1491617019,-0.1841978129,-0.001828711807,0.5849225736,-0.003535806941,0.01154228196,-0.01284292352
1.395391645,0.5180158055,0.7658972032,0.02722996085,0.005494521273,0.01157552868,0.9995470707,-0.05183620404,-0.1414422633,0.1512430552,0.3298398023,-0.2710515787,0.2518370775,-0.2567911642,0.006399317432,-0.06344181368,0.6724028452,-0.310154781,-0.06867298078,0.03504719126,0.02894519615,-0.03352719471,0.2220168721,0.1898878914,-0.006318617184,0.6069789827,-0.005102724965,0.006534696076,-0.01217836268,0.1495674629,-0.1837659822,-0.001536113301,0.5849176084,-0.003904572996,0.01085553156,-0.01242710976
1.396047688,0.5188569665,0.7657052623,0.02736172718,0.005367016583,0.01102678491,0.9995503694,-0.04704775282,-0.142805304,0.1521740952,0.3238147593,-0.2743694816,0.2537257595,-0.2562910963,0.004559271595,-0.06295916189,0.6736694351,-0.3115612136,-0.06634658866,0.03401469731,0.03140253597,-0.03301514204,0.220922672,0.1905395111,-0.005724802304,0.6072351489,-0.005627126115,0.006513560984,-0.01176115594,0.1500538707,-0.1834000561,-0.001248116428,0.5849523469,-0.004242009084,0.01025088923,-0.01203086124
1.396659959,0.5197318473,0.7654985741,0.02765054892,0.005210197851,0.01048811609,0.9995490485,-0.04212579475,-0.1444494356,0.1534519747,0.3177119502,-0.2776214442,0.2556452067,-0.2556815327,0.002346513556,-0.06253040714,0.6750118942,-0.3137711991,-0.06431073366,0.03316602664,0.03348410143,-0.03267508153,0.2199126888,0.191274715,-0.005068215714,0.6076091763,-0.006200400308,0.006577025727,-0.01132196882,0.1505470931,-0.183039988,-0.0009194767569,0.5850346489,-0.004647854974,0.009644922928,-0.01159820498
1.397222441,0.5206483718,0.7652822246,0.02798884673,0.005084283503,0.01011644808,0.9995441121,-0.03756552059,-0.1461206851,0.1548162394,0.3119286988,-0.2805742836,0.2573382886,-0.2550164789,-9.041393721e-05,-0.06223767014,0.6762943966,-0.3167253354,-0.06261616815,0.03227153305,0.03545082502,-0.03263949679,0.2189574845,0.1920018263,-0.004410891406,0.6080851682,-0.006724269442,0.006690329986,-0.01091331311,0.1511017307,-0.1827618845,-0.0006062923974,0.5851085202,-0.005029711297,0.009095452328,-0.01119601873
1.397738585,0.5215896742,0.7651119689,0.02840369764,0.004931736374,0.009797840574,0.9995363476,-0.03311523235,-0.1476238356,0.1566823426,0.3060346628,-0.2819442092,0.2577139627,-0.2544007737,-0.002732008689,-0.06194726412,0.6777558418,-0.3202295792,-0.06141513646,0.03166100127,0.0372727523,-0.03280906553,0.2181435428,0.1927543182,-0.003706922394,0.6086283882,-0.007347970884,0.006824240599,-0.01063206613,0.1516418092,-0.1825699304,-0.0002669530979,0.5851966297,-0.005513372699,0.008595997266,-0.01087052312
1.398202904,0.5225690352,0.7649882096,0.02880116172,0.004769845918,0.009693321766,0.9995267786,-0.02913963592,-0.1489273668,0.1586487789,0.3005458154,-0.2818589544,0.2573807138,-0.2537609608,-0.005504719436,-0.06178996849,0.6792061512,-0.3240441724,-0.06057385735,0.03107355877,0.03919554415,-0.03322069898,0.2174390315,0.1934331569,-0.003028888032,0.6092108261,-0.007932823088,0.006972566561,-0.01041542732,0.1522019652,-0.1825498463,3.113451732e-05,0.585242779,-0.005974855283,0.008160195414,-0.01060244051
