0,0,0.7594907453,0,0,0,1,-0.312,0,0,0.669,-0.363,0,-0.312,0,0,0.669,-0.363,0,0,0,0,0.2,0.2,0,0.6,0,0,0,0.2,-0.2,0,0.6,0,0,0
0.0007302957292,-3.525548578e-06,0.7546594072,-0.0001669147896,-0.001413111722,-0.0001650283607,0.999998974,-0.3188435003,0.001706548169,-0.0004080707844,0.6910612448,-0.3580073747,0.001190384561,-0.319355161,-0.0002356863069,-0.000543181603,0.6908641131,-0.3612941224,-8.095168595e-05,-4.817063034e-06,0.0003133379829,0.0005633405996,0.2004916748,0.1996217643,-0.0003205337237,0.6006253282,0.0001190318033,0.0002333346152,-0.0001206166319,0.2004962391,-0.1998622223,0.0003105726746,0.6006276273,-6.338895467e-05,0.0002498653521,0.0002100336277
0.001834823798,-1.762503652e-05,0.7490227071,-0.0003324006951,-0.003337289586,-0.0004900638651,0.9999942559,-0.3209633352,0.004031264388,-0.001035097127,0.7072879707,-0.3540851863,0.002234776004,-0.3226946922,-0.0009383852679,-0.0009114081085,0.7065250043,-0.3578530471,-5.224748241e-05,-2.437130075e-05,0.0005428054413,-0.0003177721556,0.2017884143,0.1989595941,-0.0008973425891,0.6016280358,0.0002637794722,0.0005987770436,-0.0003003441739,0.2017936289,-0.1994757136,0.000855816088,0.6016843425,-0.0001443727237,0.0006389673821,0.000496319335
0.002936142912,-1.164705953e-05,0.7431400408,-0.0002602621239,-0.004814867767,-0.0009259762951,0.9999879459,-0.3248053826,0.005387438042,-0.0009406986952,0.726761298,-0.3590967568,0.001959643171,-0.3280659777,-0.001676615433,-0.0009235241972,0.7264251958,-0.3624844418,8.624503485e-05,5.708005135e-05,0.0004130876868,-0.002533883248,0.202997349,0.1977512106,-0.001545906784,0.6041319785,0.0004299306899,0.001159351711,-0.0006049786271,0.2028910784,-0.1984746155,0.001433096046,0.6042231219,-0.0003155449244,0.001175703817,0.0008258761474
0.003822051376,1.613215984e-05,0.7377331701,-6.488852599e-05,-0.006908259938,-0.001350569666,0.9999752235,-0.3313024684,0.006156511589,-0.0001293760199,0.7528867364,-0.3697776642,0.001379268901,-0.3359727949,-0.002400330741,-0.0007628368541,0.7534502059,-0.3726053591,0.0002551245024,4.340249208e-05,0.0001840054747,-0.002872845481,0.2026472617,0.1953136982,-0.001947911849,0.6099982026,0.0006063584298,0.002054395586,-0.0008641081008,0.2024066994,-0.1962799762,0.001703594607,0.610040092,-0.0005145903522,0.002017496256,0.001070591455
0.004463900603,5.658490372e-05,0.7328101034,0.0002227103851,-0.009141767459,-0.001745097921,0.9999566656,-0.3408226193,0.006565399281,0.001142721767,0.784626197,-0.384063601,0.0007416720228,-0.3468292318,-0.003192766533,-0.0004867386676,0.7864255821,-0.3863108489,0.0003898029963,3.961859768e-05,-7.052155589e-05,-0.002392452668,0.2019108034,0.1919100806,-0.002584664183,0.6173955563,0.000839221505,0.003382229778,-0.001095387579,0.2015332466,-0.1931827023,0.00221576391,0.6173076464,-0.0008040254037,0.00327744283,0.001283163215
0.004976547816,0.00011367125,0.7284888177,0.0005349909921,-0.0119571739,-0.002080996324,0.9999262019,-0.3500065285,0.006757583516,0.002508533153,0.8188270668,-0.4009130248,8.791447706e-05,-0.3571893549,-0.003997639197,-0.0001234270176,0.8219364143,-0.4025768712,0.000494867969,4.513422019e-06,-0.0001917575458,-0.0005269086797,0.201283996,0.1875183354,-0.003523458,0.6258538099,0.001068688639,0.005044558963,-0.001319172566,0.2007899583,-0.1892336763,0.00300780354,0.6255611047,-0.001093473049,0.004858129218,0.001485715968
0.005520363143,0.000157211317,0.7245096312,0.0008173671251,-0.01447149844,-0.002300166522,0.9998923026,-0.3599231161,0.006911207864,0.003788612196,0.8541314784,-0.4197893957,-0.0004951828877,-0.368097402,-0.004822503257,2.902427954e-05,0.858531505,-0.4208497597,0.0005309725854,-7.122215657e-05,-0.0001421248364,0.0001509114002,0.2019693527,0.1826432107,-0.005053600465,0.6337029982,0.001416954784,0.006874788687,-0.001531790976,0.201424494,-0.1848141356,0.00437652098,0.6331798915,-0.001451222711,0.006606635031,0.001740770218
0.006110380697,0.0001899726297,0.7209512841,0.001046938609,-0.01703746764,-0.002434826466,0.9998513391,-0.3686380127,0.007119623387,0.004980019182,0.8884987573,-0.4399822284,-0.0009941208159,-0.3776388378,-0.005669602325,-0.0001317708366,0.8940939618,-0.4403967259,0.0004947669524,-0.0001318476341,0.0001345054403,0.0003847309551,0.2038326193,0.1772372818,-0.006961808766,0.6411541668,0.001768198942,0.008681385095,-0.00176604352,0.2032786759,-0.1799166822,0.006124079307,0.6404061205,-0.001795338692,0.008335408728,0.002034407745
0.006818426147,0.0002265903085,0.7175775313,0.001191381435,-0.01889045879,-0.002543593496,0.999817614,-0.3777158941,0.007540149173,0.006172459567,0.9214866006,-0.4612741979,-0.001391014399,-0.3873361029,-0.006474530918,-0.0005800256378,0.9280014706,-0.4609293274,0.0004323761343,-0.0001052433871,0.0006511248264,-0.001649673302,0.2073667338,0.1716617363,-0.009299393771,0.6471757874,0.002143725296,0.01025892548,-0.002000474739,0.2068815388,-0.174828158,0.008357546796,0.6462781514,-0.002180357162,0.009879515919,0.002349523172
0.007598100747,0.0002608233849,0.7144495539,0.001279083956,-0.02046547542,-0.002612100519,0.9997863298,-0.3857776903,0.008284860605,0.00761912173,0.9520754796,-0.4832530455,-0.001701984118,-0.3958512988,-0.007379664732,-0.001431475717,0.9592683792,-0.482019881,0.0003547205864,-3.156849134e-05,0.001320754752,-0.004789060332,0.2120324263,0.16593446,-0.01181024137,0.6522995983,0.002486844843,0.01157380117,-0.002252235908,0.2116639183,-0.1694866314,0.01082140874,0.6513615043,-0.002538815099,0.0111920623,0.002684149124
0.008439400506,0.000303833432,0.7113774257,0.00126537296,-0.02100606908,-0.002605018778,0.9997751536,-0.3946585338,0.009222624798,0.008942044149,0.9801678644,-0.5058354058,-0.001986806289,-0.4049089006,-0.0081854125,-0.002501709992,0.9876548563,-0.5035842506,0.0002800798137,6.7922513e-05,0.002173094725,-0.01033564135,0.217984717,0.1602636034,-0.01459335031,0.6558920508,0.00285553438,0.01257465094,-0.002531035218,0.2178413059,-0.1642014941,0.01353706807,0.6549919608,-0.002925011618,0.01223183478,0.002981318746
0.009274237533,0.0003495165163,0.7083830671,0.001205328078,-0.02101306,-0.002538401765,0.9997752522,-0.4029150562,0.01039444468,0.01044924496,1.005009757,-0.5289592498,-0.002249904125,-0.4131720955,-0.009094928421,-0.003933071427,1.012526533,-0.525562306,0.000230351018,0.0002038498195,0.003059902931,-0.0168879612,0.2245644205,0.1547012148,-0.01740474315,0.6585030216,0.003190403883,0.01327979623,-0.002825348701,0.2247035678,-0.158932273,0.01629295844,0.6577541938,-0.003277680739,0.01300485985,0.003270886029
0.01011361585,0.0002239974237,0.7052238038,0.0009227975603,-0.02004472748,-0.002511046008,0.9997955051,-0.4120234844,0.01298629593,0.01301765127,1.027043192,-0.5523940481,-0.002339790265,-0.4223903784,-0.009036467505,-0.00527234486,1.039138119,-0.5523914891,0.0009673784237,0.0007357235349,0.004357006404,-0.02546547233,0.2318939142,0.1493899871,-0.02029342927,0.6597167701,0.003598632428,0.01375214659,-0.00309524915,0.2322114713,-0.1540283971,0.01918576423,0.6590767958,-0.003709037242,0.0135842264,0.003509266749
0.0108708701,-7.898788745e-05,0.7019647064,0.0004177704296,-0.01867843891,-0.002234367669,0.9998229588,-0.421301999,0.01689285815,0.01620813836,1.04650474,-0.5751773679,-0.002132104118,-0.4308307391,-0.00843261297,-0.007049539209,1.064382017,-0.5810958587,0.001841572521,0.001128449125,0.006008180219,-0.03443700198,0.2391370822,0.1443283997,-0.02305116676,0.6603107232,0.00398512557,0.01399939198,-0.003349730825,0.239575629,-0.1493911119,0.02194871274,0.6597658879,-0.00411737143,0.01393382183,0.003725559014
0.01160129346,-0.0004288236346,0.698090121,-0.0004514568967,-0.01662726699,-0.001529035861,0.9998604864,-0.432389143,0.02207175188,0.01905670598,1.06567618,-0.5998704628,-0.001630690658,-0.4394585747,-0.006879131349,-0.009132891617,1.09171269,-0.6153806747,0.003005804247,0.0010624555,0.008718003649,-0.04425796657,0.246104969,0.1394270491,-0.02587417411,0.659983035,0.004397186677,0.0140736936,-0.003601083932,0.2469304536,-0.1455028056,0.02452552528,0.6591770336,-0.004486851941,0.01401257428,0.00389677171
0.01222704984,-0.0008537631022,0.6937616724,-0.001144002214,-0.01456092825,-0.0006528166307,0.9998931165,-0.4453382327,0.02664262385,0.02109256618,1.086760153,-0.6237132031,-0.001263107709,-0.4465088383,-0.005368215999,-0.01084874678,1.11805656,-0.6503265167,0.004086923245,0.0009281841077,0.01119290044,-0.05317060549,0.2521332672,0.1348669122,-0.02845632736,0.6595737269,0.004770795524,0.01400036816,-0.003830744039,0.2532940757,-0.1419076428,0.02678254729,0.6585792178,-0.004811766153,0.01390621462,0.004031342646
0.01281721758,-0.001357421757,0.6889180917,-0.001491760413,-0.01232620032,0.0004699289605,0.9999228063,-0.4611706518,0.03052783188,0.02252175918,1.11173966,-0.6475155127,-0.00104031494,-0.4529402769,-0.004113502536,-0.01206788212,1.145833844,-0.6793833106,0.005387279362,0.0007246679862,0.01317990389,-0.0617431201,0.2574528302,0.1308577577,-0.03099329241,0.6587092616,0.005145215266,0.0138901891,-0.00410025084,0.2590366648,-0.1385701015,0.0288598037,0.6576989017,-0.005155288288,0.01372874118,0.004079756491
0.01338228029,-0.001949854734,0.6836936137,-0.001204654006,-0.01037436997,0.001485719793,0.9999443554,-0.4782632226,0.03298099264,0.0239189174,1.139842465,-0.669812743,-0.001246255755,-0.4571472426,-0.003387204704,-0.01227473079,1.172538025,-0.7031855053,0.00657689659,0.0009110772618,0.01404775755,-0.0690499259,0.2619355621,0.1274029719,-0.03322366742,0.6580320414,0.00547933477,0.01372829656,-0.00435385974,0.263688803,-0.135284921,0.03075477757,0.6572937786,-0.005474685964,0.01356124884,0.004105064112
0.01392499024,-0.002634638948,0.6781153079,-0.000532027395,-0.008305645921,0.002264172963,0.9999628027,-0.4970583723,0.03467717828,0.02526679788,1.170840387,-0.6912308797,-0.001699198548,-0.4619644424,-0.002737994982,-0.01200452609,1.200915553,-0.7250891878,0.007461543204,0.00142443164,0.01445407655,-0.07577725147,0.2656983918,0.1243340192,-0.03529121552,0.6572478357,0.005767167426,0.01356893135,-0.004623940511,0.2675201579,-0.1323463714,0.03257201692,0.6568817961,-0.005839562406,0.01342174512,0.004037860986
0.0144584848,-0.003415123433,0.6722996524,0.0006268867509,-0.006505341412,0.002607539842,0.9999752438,-0.5158078342,0.03556412666,0.02697656741,1.20342406,-0.7112053732,-0.002405294165,-0.4660128204,-0.002238727231,-0.01101085084,1.228139458,-0.7454266625,0.00791614694,0.002429591167,0.0142122833,-0.08115549285,0.2686903183,0.1215966573,-0.03704473759,0.6568237092,0.006009264847,0.01341322139,-0.004861585412,0.2702112322,-0.1296403241,0.03425057225,0.6569600268,-0.006186490327,0.0133508497,0.003962621603
0.01498359071,-0.004324548186,0.6662678688,0.001994669942,-0.004720261115,0.00263272003,0.9999834045,-0.5348502895,0.03625875175,0.028742597,1.237094837,-0.7298833668,-0.003181216863,-0.4716839889,-0.001359710281,-0.009465395876,1.256086442,-0.7670048373,0.008666822065,0.003432103022,0.01371834942,-0.08580547314,0.2710992596,0.1192658816,-0.03858312605,0.6561932332,0.006185909215,0.0132234362,-0.005079129391,0.2720944358,-0.1272216378,0.0358529181,0.6569457557,-0.006509586117,0.01329394374,0.003862264315
0.01549862867,-0.005353870583,0.6601293583,0.003558231238,-0.003336465102,0.002321463078,0.9999854088,-0.5527651255,0.03700185848,0.03071519007,1.270866462,-0.7470311312,-0.004073402032,-0.4781429705,-0.0003717055166,-0.007257772714,1.282746999,-0.7904757704,0.00888643153,0.004431392673,0.01306264488,-0.08891511719,0.27268586,0.1172096983,-0.03985108194,0.6558805542,0.006325655537,0.01303838588,-0.005258903838,0.2729677981,-0.1250678307,0.0372647982,0.6572182151,-0.006793973312,0.01326712624,0.00376756039
0.01605663477,-0.006545301551,0.6539374223,0.005142971701,-0.002106077046,0.001952284799,0.9999826513,-0.5697988434,0.03807097218,0.03254138352,1.304187389,-0.7630928696,-0.004962142676,-0.4868183063,0.0008343171034,-0.004611801353,1.309966603,-0.814025135,0.009432872213,0.004959879543,0.01235367908,-0.09134385558,0.2737410608,0.115589485,-0.04088347335,0.6552086785,0.006345654777,0.01276990181,-0.005432522289,0.2733403989,-0.1231817508,0.03852707821,0.6571067883,-0.007085819871,0.01314364758,0.003614088778
0.01669171172,-0.007882459311,0.6477956752,0.006602051733,-0.001350837387,0.001694518279,0.9999758581,-0.5847772937,0.03954772892,0.03386860049,1.336175784,-0.7780202352,-0.005799776873,-0.4962246525,0.002122858187,-0.002433103476,1.337796844,-0.8371787689,0.009455713089,0.004867750498,0.01196974271,-0.09257245212,0.2740233327,0.114215452,-0.04172905374,0.6547867023,0.006333232322,0.01249871336,-0.005586850961,0.2732744191,-0.1216290097,0.03952021764,0.6570175508,-0.007346826335,0.01296091695,0.003443955628
0.01744646266,-0.009360280707,0.6417155548,0.007947420564,-0.0005662201815,0.001610312729,0.9999669619,-0.5986283427,0.04120352888,0.03463409331,1.366531569,-0.7924463104,-0.006411203406,-0.5066855794,0.003565496045,-0.0006499522491,1.366219811,-0.8597557139,0.009574549564,0.004127763243,0.01167403192,-0.09380236663,0.2739484612,0.1133298292,-0.04235541458,0.653859375,0.006225291334,0.01210923452,-0.005737470841,0.2731958042,-0.1203763239,0.04027132133,0.6562646519,-0.007566319377,0.01260800824,0.003224583782
0.01834393596,-0.01096955105,0.635778565,0.009092248494,1.340097867e-05,0.001787896069,0.9999570662,-0.6105696367,0.04302539828,0.03454375839,1.394743521,-0.8065662912,-0.006956162235,-0.5168860436,0.005173386227,0.0002275281725,1.394773364,-0.8815301206,0.009387538394,0.002754083997,0.01168132028,-0.09464550329,0.2732743252,0.1127919591,-0.04280256013,0.6529842062,0.006105665348,0.01168622664,-0.005868369195,0.2730925714,-0.1194658491,0.04073110674,0.6553496742,-0.007745971836,0.0121475422,0.002988196183
0.01923831313,-0.01257624636,0.6300588549,0.009477232489,0.0008916591729,0.001791043659,0.9999530885,-0.622316451,0.04607826829,0.03317333599,1.421333166,-0.8205249218,-0.007335022954,-0.5300664252,0.008619336502,0.0004327082353,1.425270821,-0.8979480728,0.008565745934,0.001664712841,0.01357242179,-0.0957201084,0.2717455284,0.111945137,-0.04292015218,0.6522856855,0.005885480449,0.01118580598,-0.005977202736,0.2724572971,-0.1195655248,0.04075343217,0.6540599285,-0.007876565355,0.01155153056,0.0026917605
0.02015625702,-0.01421075182,0.6246285574,0.009343854598,0.00163974283,0.001896653295,0.9999532021,-0.6329019594,0.04958588675,0.03052146975,1.446243106,-0.8343773527,-0.007845498245,-0.5436358268,0.01293810776,-0.0003947550443,1.455993879,-0.9093581867,0.007380769876,0.0003772839935,0.01668114697,-0.09618029402,0.2693151785,0.111027683,-0.04286761265,0.6518057555,0.005656765063,0.01072326139,-0.00605246069,0.2712200023,-0.1203962952,0.04036301836,0.6528510214,-0.007979344056,0.01091284663,0.002366895798
0.02106405837,-0.01587462878,0.6193055462,0.009070006553,0.002508518735,0.002100370388,0.9999535143,-0.6437344655,0.05312112084,0.02731091484,1.470293485,-0.8470743423,-0.008358247199,-0.5580362799,0.0172593485,-0.00181860488,1.486919592,-0.9161871237,0.006292743745,-0.001063971812,0.02009525327,-0.09654625535,0.2663628889,0.1105096612,-0.04258888053,0.6506913488,0.005310654994,0.01024633284,-0.00614435457,0.2694109774,-0.1218076681,0.03959891894,0.6511756563,-0.008039745192,0.01023242923,0.001990326803
0.0219832405,-0.01758063696,0.6141645118,0.008766742602,0.003222503221,0.002399796955,0.9999534993,-0.6538974905,0.05650763734,0.02365296801,1.493474839,-0.8591227175,-0.00921807664,-0.5716784177,0.02133176063,-0.003751241916,1.516805973,-0.9195726665,0.005482015065,-0.002617158355,0.02352764975,-0.09631524451,0.2627842799,0.1104195078,-0.04213090785,0.6493876053,0.004967565252,0.009742294734,-0.006213028467,0.2669800905,-0.1236605477,0.03852602503,0.6494948305,-0.008080981705,0.009537490948,0.001594829685
0.02288309647,-0.01929016183,0.6090643476,0.008414892946,0.003913269858,0.002519250807,0.9999537636,-0.6640204506,0.06012206469,0.01988604134,1.516407978,-0.8703639847,-0.009909162514,-0.5859200558,0.02536057512,-0.005986491679,1.547284062,-0.920193925,0.004676711828,-0.003699087245,0.02726070706,-0.0957986382,0.2589308866,0.1106799247,-0.04145960514,0.6475313002,0.004491178451,0.009237190569,-0.006351135692,0.2640391652,-0.1262739678,0.03720871462,0.6473357069,-0.008104079177,0.008889667995,0.001151825558
0.02378681261,-0.02100903306,0.6040995196,0.008032340178,0.004378888621,0.002538860567,0.9999549295,-0.6732740676,0.06383594636,0.01593197061,1.538845459,-0.8813550353,-0.01084948283,-0.599503176,0.02916452348,-0.008715118418,1.577476287,-0.9192408453,0.003966487646,-0.004493357008,0.03123808643,-0.0946806157,0.2547394858,0.1112366981,-0.04062074563,0.6456780584,0.004027478695,0.008710018926,-0.006469985207,0.2605167415,-0.129511457,0.03564553337,0.645262086,-0.008122768639,0.008257770302,0.000702491226
0.02458159876,-0.02279812456,0.5993055776,0.007919758015,0.00499276786,0.002924234699,0.9999518981,-0.6832790946,0.06639414584,0.01160855514,1.560520323,-0.8902459913,-0.01240593723,-0.613883191,0.03212768711,-0.01152859653,1.608127113,-0.9169336545,0.003425509675,-0.005402311337,0.03463660734,-0.09350980572,0.250085531,0.1124681675,-0.0396335549,0.643905988,0.003495491111,0.008239962615,-0.006700266059,0.256283571,-0.1329174245,0.03375893569,0.6434934818,-0.008063835353,0.007730306687,0.0001762110981
0.02525951595,-0.02466972924,0.5947729586,0.008056186667,0.005538259384,0.00367704022,0.999945451,-0.6931916351,0.06790264762,0.006883898703,1.581133599,-0.8975290431,-0.01463452958,-0.6277073792,0.03434724372,-0.01443642924,1.638039585,-0.9140233174,0.00304404372,-0.00639423059,0.03749128454,-0.0917986469,0.2448582863,0.114258185,-0.03849114521,0.6425045461,0.003005850166,0.007829652242,-0.006919196488,0.2513434635,-0.1364142842,0.0316443255,0.6421936342,-0.007987592662,0.007297255099,-0.0003716465774
0.02585091478,-0.02660507801,0.590485351,0.008347002018,0.006076681753,0.004622085775,0.9999360169,-0.7033743155,0.06854370812,0.001644155263,1.601182785,-0.9032339205,-0.01656644639,-0.6414100776,0.03619662982,-0.01727385416,1.667450922,-0.9102608401,0.00281736878,-0.007232720063,0.04007259388,-0.09006378576,0.2394699417,0.1164653458,-0.0372938696,0.6411532743,0.002454218285,0.007582335238,-0.007236240434,0.246101898,-0.1400990361,0.02946325562,0.6409926495,-0.007868354977,0.007073775137,-0.0009381862594
0.02636179845,-0.02861877411,0.5864976154,0.00883342265,0.006470261079,0.005707034162,0.9999237652,-0.7130386606,0.06843557047,-0.003880321427,1.620173538,-0.9076795981,-0.01832283487,-0.6539483367,0.03763258622,-0.02001184954,1.695227984,-0.9061941628,0.00271952879,-0.007861565012,0.04227038826,-0.08801997926,0.2339606346,0.1190257615,-0.0360114904,0.6400005809,0.001947093626,0.007400487488,-0.007530135998,0.2405760815,-0.1438472634,0.02726138227,0.6400383421,-0.007751596159,0.006944439248,-0.00148220216
0.02682974102,-0.0306564095,0.5827412161,0.009443180311,0.006856205286,0.006866561549,0.9999083304,-0.723279906,0.06772488803,-0.009702157671,1.639361286,-0.9103296572,-0.01982350135,-0.6657443699,0.03885637336,-0.02241819717,1.721283901,-0.9016418998,0.002772857123,-0.008278298453,0.04427546736,-0.08625990579,0.2286869433,0.1217848633,-0.03476419571,0.638589129,0.001348576526,0.007331234372,-0.007913455045,0.2352116895,-0.1477095099,0.0251590453,0.6388460774,-0.007623782859,0.006935090061,-0.002039977489
0.02726584727,-0.03273025697,0.5792492269,0.01023676938,0.007090975504,0.007982349711,0.9998905984,-0.7329231301,0.06670143095,-0.01533180687,1.657781345,-0.9115483106,-0.02101521162,-0.6760888023,0.03980761909,-0.02450370177,1.745109051,-0.8971005743,0.002916112656,-0.008357694333,0.04594184659,-0.08448859679,0.2236937088,0.1246988146,-0.03349312763,0.6371252041,0.0007886540036,0.007251317232,-0.008265602993,0.2299408001,-0.1515517115,0.02315908714,0.6376573302,-0.007510335301,0.006935247823,-0.002559636672
0.02768213091,-0.0348094119,0.5759151705,0.01112035093,0.007386772142,0.009042387989,0.9998699959,-0.7430184077,0.06551878369,-0.02085533578,1.676220803,-0.9110667439,-0.02180550561,-0.685927235,0.04079980022,-0.02624488541,1.767343709,-0.8925105543,0.003055461494,-0.008148003687,0.04749475765,-0.0831851116,0.2191866911,0.1276265716,-0.0322755623,0.6350977384,0.0001307560705,0.00717726481,-0.008656375846,0.2250810125,-0.1554455839,0.02135182515,0.6359087189,-0.007392655516,0.00693785935,-0.003069292148
0.02808395608,-0.03689888653,0.5727705807,0.01211661137,0.007578172707,0.009978462974,0.9998480831,-0.7523479283,0.06441189009,-0.02597582874,1.693632382,-0.9094082611,-0.02218340061,-0.694665126,0.04171589985,-0.0278005421,1.787853917,-0.888298206,0.003100606317,-0.007621183862,0.04889111626,-0.0819889801,0.2151054077,0.130504871,-0.03106330497,0.6328876948,-0.0004854416154,0.007016112075,-0.008998169243,0.2204669137,-0.1592839526,0.01968363028,0.6339910674,-0.007290353005,0.00686488305,-0.00353054124
0.02845376287,-0.03893641822,0.5696506959,0.01310467226,0.007888663931,0.01083648672,0.9998242881,-0.7624802088,0.06331963341,-0.03102736308,1.711579978,-0.9064603365,-0.02251895178,-0.7034838159,0.04271329601,-0.02928302289,1.807528021,-0.8842916842,0.002936370407,-0.006981601164,0.05036425764,-0.08115309152,0.2114187338,0.1332176358,-0.02989139406,0.6300126585,-0.001229591174,0.006821523474,-0.009349634907,0.21631447,-0.1631954671,0.01820282386,0.6313457304,-0.007234032871,0.006696257809,-0.003980849465
0.0287932565,-0.04092865504,0.566604599,0.01413374544,0.008106126451,0.01155317926,0.9998005061,-0.7720378022,0.06238685962,-0.03571556673,1.728958188,-0.9028554783,-0.0226973252,-0.711692614,0.04363829029,-0.03075752589,1.82631999,-0.8808182449,0.002541164648,-0.006197593099,0.05180631736,-0.08021598804,0.2079832232,0.1357301626,-0.02873785729,0.6270015407,-0.001932784131,0.006520189768,-0.009646711248,0.2123788145,-0.1670383939,0.01682177353,0.6285487016,-0.007202196738,0.006405692223,-0.004389344287
0.02907315214,-0.04283565489,0.5635002938,0.01512727305,0.008378741994,0.01215895688,0.9997765361,-0.7823147056,0.06145615782,-0.04030795302,1.747136633,-0.8985045311,-0.02297354392,-0.7207592907,0.04463177282,-0.03227927807,1.845552383,-0.8771272163,0.001823346453,-0.005357257264,0.05330366709,-0.07923541956,0.2047621662,0.1380886915,-0.02756990462,0.6234674266,-0.00272741887,0.006165940537,-0.00990251012,0.2087553931,-0.1708667353,0.01557504722,0.6251785071,-0.007202600655,0.005998060654,-0.004759319173
0.02930274779,-0.04466373708,0.5604018542,0.01611352406,0.008491323613,0.01264504985,0.999754147,-0.7919701126,0.06062798018,-0.0446189045,1.765027824,-0.8940110312,-0.02319181465,-0.7296558768,0.04551521679,-0.03387344073,1.864793252,-0.8734787886,0.0009080622228,-0.004503829452,0.05480043152,-0.07779111976,0.2016119042,0.140249342,-0.02640450062,0.6199866491,-0.003464056583,0.005724849271,-0.01009605571,0.2052461258,-0.174553171,0.01438461758,0.6218366228,-0.007216580573,0.005488794167,-0.00508869976
0.02947568324,-0.04638694194,0.5571357694,0.01704761614,0.008553055196,0.01308932397,0.999732411,-0.8022038691,0.05966506679,-0.04891914431,1.784022518,-0.8893737291,-0.02358692911,-0.7398368852,0.04638587685,-0.03559562216,1.885504554,-0.8688886723,-0.0004189068142,-0.003565861639,0.0563155006,-0.0760473393,0.1985909586,0.1423274564,-0.02518148854,0.6162190981,-0.00429441888,0.005284763902,-0.01025108258,0.2020049786,-0.1781845789,0.01329049426,0.6181364249,-0.007284191775,0.004888221011,-0.005383101585
0.02960469419,-0.0480130511,0.5537831159,0.01793392352,0.008355086932,0.013521068,0.9997128326,-0.8117722008,0.05868770461,-0.05307241503,1.803078761,-0.8850675087,-0.02399735495,-0.7500506808,0.04708191082,-0.03743989888,1.906912416,-0.8635686885,-0.00188937667,-0.002657588292,0.0578488981,-0.07362535071,0.195575738,0.1442618286,-0.02393828232,0.6127435887,-0.005062838084,0.004812272652,-0.01035270142,0.1988562397,-0.1816388266,0.01222313726,0.6146880552,-0.007364742804,0.004235345646,-0.005646741825
0.02971926853,-0.04951223455,0.5502033003,0.01883150001,0.008040979883,0.01378976977,0.9996952333,-0.8212845037,0.05730061093,-0.0579583541,1.826424016,-0.8817465329,-0.02495823949,-0.7615643768,0.04728420482,-0.03951851961,1.929972943,-0.8567095302,-0.003619671779,-0.00204045374,0.0592011073,-0.07097324816,0.1926744836,0.1462088922,-0.0225956321,0.6092624141,-0.005915872848,0.004385662654,-0.01041455622,0.1960396367,-0.1849967288,0.01124371422,0.611195509,-0.007508460841,0.003541484385,-0.005858861463
0.02982889622,-0.05090037168,0.5464934231,0.01976896126,0.007452259236,0.01389532151,0.9996802349,-0.8296986767,0.0557746917,-0.06297589322,1.851015651,-0.8794045156,-0.02607572993,-0.7731987333,0.04699187572,-0.0416413156,1.953821708,-0.8485595883,-0.005328632861,-0.001711591739,0.06029805081,-0.06780701481,0.1897566222,0.1481283941,-0.02121017651,0.6063071046,-0.006700258644,0.003981325852,-0.01043209775,0.1934309799,-0.18808607,0.01027549549,0.6082183202,-0.007660062134,0.002856945812,-0.00604700373
0.02994253373,-0.0521744552,0.5425591419,0.02075487821,0.00681750196,0.01375835912,0.9996666766,-0.8373504268,0.05374487172,-0.06870998797,1.87936161,-0.8781203006,-0.02775033103,-0.7858342641,0.04597820879,-0.04403109935,1.978801228,-0.8389944632,-0.006995937093,-0.001995558217,0.06113944719,-0.06458668393,0.1868686733,0.1501238154,-0.01972013371,0.6035870383,-0.007533304801,0.003659140409,-0.01041176941,0.1912400235,-0.1910460407,0.009386203092,0.6054369132,-0.00787199368,0.002199293314,-0.006162277916
0.03007430634,-0.05335131606,0.5384922963,0.02181150252,0.006063548289,0.01331967285,0.9996549795,-0.8431296316,0.05163612651,-0.07456525031,1.90842254,-0.8775793058,-0.0293547339,-0.7986131833,0.04444420639,-0.04643900104,2.004150435,-0.8284049772,-0.0084871597,-0.002718975343,0.06165432024,-0.06122198531,0.1839489681,0.1521565272,-0.01819671447,0.60148797,-0.00828768823,0.003398029556,-0.0103586204,0.1894359614,-0.1937145226,0.008508291063,0.6032806607,-0.008083003814,0.001603790317,-0.006256871433
0.0302309176,-0.05443334952,0.5341647364,0.0228558355,0.005411395483,0.01263947341,0.9996442224,-0.8474403716,0.04913037219,-0.08108801698,1.939478309,-0.8770559364,-0.03106859219,-0.8120621745,0.04245877583,-0.04916984243,2.03014581,-0.8172273534,-0.009982497488,-0.003955360848,0.06202904531,-0.05813925296,0.1811361379,0.1542589409,-0.01660314341,0.5997036836,-0.009092655808,0.003235483152,-0.01028762503,0.1881804739,-0.1962733006,0.007713552171,0.6013982546,-0.008367560414,0.001046613147,-0.006286636122
0.03042523069,-0.05543254903,0.5296554279,0.02388351788,0.004855684578,0.01166205482,0.9996349316,-0.8493181528,0.04667682521,-0.08782996923,1.970024441,-0.8764835931,-0.03236843292,-0.8256130302,0.04024633896,-0.05204263912,2.056222301,-0.8060258567,-0.01136369792,-0.00552892196,0.06226120579,-0.05538018312,0.1784158278,0.1563724614,-0.01500778421,0.5984996542,-0.009822299095,0.003142644199,-0.01019786735,0.1874676921,-0.1986068259,0.006934900652,0.6001105215,-0.008646815964,0.0005660297651,-0.006304314682
0.03063024538,-0.05633781143,0.5248926401,0.02479929402,0.004582099041,0.01059174742,0.9996258371,-0.8501965931,0.0438781432,-0.09516993333,2.000999101,-0.8757682309,-0.0339654732,-0.8394300748,0.03786881752,-0.05528454357,2.082331752,-0.7954749796,-0.01292918986,-0.007428540139,0.06257371097,-0.05311291131,0.1758788899,0.1584508474,-0.01340923638,0.5975705826,-0.01060314491,0.003134167891,-0.01011002016,0.1873217705,-0.2009097539,0.006219170429,0.5990311268,-0.009008234987,9.018095231e-05,-0.006285687775
0.03083859561,-0.05716008868,0.519942653,0.02560173121,0.004524084108,0.009376707893,0.9996180077,-0.8495957663,0.04115491678,-0.1026128553,2.03047296,-0.8750672326,-0.03543442547,-0.8530537317,0.03548952623,-0.05876264064,2.108160195,-0.7861395884,-0.01448740235,-0.009513825227,0.06296078619,-0.05115309866,0.1734428243,0.1604441774,-0.01185408056,0.5970914327,-0.01131226158,0.003180634214,-0.01001376546,0.1876353165,-0.2030798869,0.00549367379,0.598426334,-0.009357995931,-0.0003226025592,-0.006270287258
0.0310187002,-0.05788941101,0.5147468582,0.0262647223,0.004762113973,0.008240922317,0.9996097108,-0.8490225308,0.03798429595,-0.1103696699,2.059389717,-0.874177259,-0.03714617142,-0.8666025718,0.03307556475,-0.0625623882,2.133839222,-0.7785100521,-0.01628401957,-0.01174400206,0.06348126954,-0.04946765619,0.171160623,0.1623550449,-0.01035164851,0.5967140983,-0.01203820958,0.00325197661,-0.009902194445,0.1883596439,-0.2052108151,0.004811386275,0.5979456727,-0.009745716648,-0.0007487419914,-0.006210904756
0.03115915262,-0.05853207257,0.5093640293,0.02676755975,0.005182439127,0.00710649937,0.9996029901,-0.8479984791,0.03485160473,-0.1179741242,2.08629233,-0.8732331274,-0.03870556399,-0.8796658286,0.03080032202,-0.06659817613,2.159169749,-0.772972979,-0.01811281713,-0.01396765493,0.06418334552,-0.04775135236,0.1689334954,0.1641146334,-0.008920453073,0.5966065511,-0.01268856339,0.003336907183,-0.009780298386,0.1893408509,-0.2072303694,0.004120129679,0.5978266105,-0.01010504511,-0.001118367983,-0.006154316654
0.03127808414,-0.05906934815,0.5037897776,0.0271218029,0.005815365088,0.006163326866,0.9995962199,-0.8471620295,0.03130117469,-0.1252359099,2.110830791,-0.8732455489,-0.04012380525,-0.8923226986,0.0284199992,-0.07094333007,2.184307403,-0.7696485474,-0.02022374257,-0.01631940526,0.06516212121,-0.0462407052,0.1669686411,0.1656629561,-0.007577939932,0.5964688765,-0.01337063286,0.003418411912,-0.009637859494,0.1906603124,-0.2092551614,0.003513316732,0.5976946434,-0.01051988997,-0.001533986697,-0.006067129361
0.03136319575,-0.05949872409,0.4980668588,0.02723435804,0.006540231219,0.005333540023,0.9995934516,-0.8462518597,0.02783730063,-0.1319440977,2.132474138,-0.8738604002,-0.04133179108,-0.9042440192,0.02620093483,-0.07561533147,2.209069145,-0.7686563262,-0.02235503066,-0.01863501913,0.0666366548,-0.04460943342,0.1651319469,0.1669022895,-0.00635486672,0.5964698817,-0.01398677452,0.003494179424,-0.009490796471,0.1921673574,-0.2112700725,0.00291188118,0.5977400063,-0.01090788837,-0.001917877525,-0.005985728695
0.03141925721,-0.05979188188,0.4922576792,0.02697313319,0.007460583508,0.004863471049,0.9995964868,-0.846508643,0.0240955841,-0.1382843053,2.150199267,-0.874727484,-0.04216759507,-0.915737459,0.02401165459,-0.0808824272,2.233355064,-0.7697261771,-0.02461909115,-0.02120118218,0.06907969207,-0.04311661932,0.1635723492,0.1676948288,-0.005344980231,0.5962388716,-0.01456899467,0.003526859366,-0.009304699759,0.1940749526,-0.2135383926,0.002355235005,0.5974064088,-0.01128833079,-0.002397015624,-0.005856923362
0.03140616234,-0.0599859571,0.4864198387,0.02650442664,0.008262427601,0.004516607821,0.9996043457,-0.8484593913,0.02032810366,-0.1447861676,2.166642122,-0.8763810288,-0.04329848111,-0.9262815698,0.02205227975,-0.08634888349,2.25709744,-0.7727027221,-0.02678394158,-0.0236458971,0.07200085132,-0.04090025502,0.1620104924,0.1681906968,-0.004481108708,0.5959965599,-0.01507907205,0.003519762286,-0.00911722758,0.1959391241,-0.2157456337,0.001767288954,0.597196972,-0.01162993944,-0.002878810093,-0.005738377941
0.03132159431,-0.06015947897,0.4806583356,0.02610093554,0.008902653546,0.004344731622,0.9996102277,-0.8533354281,0.01589409463,-0.1520522424,2.184532759,-0.878539881,-0.04524939769,-0.9360565961,0.01997272534,-0.09174638815,2.280407193,-0.7771208161,-0.02913866427,-0.02607744085,0.07483992065,-0.03787069512,0.1605468557,0.1685847985,-0.003706995891,0.5955219298,-0.0155661325,0.003434174765,-0.008850585653,0.1977995078,-0.2177591518,0.00124326489,0.5969723341,-0.01197151968,-0.003456363899,-0.005572839532
0.0311639787,-0.06035358027,0.4750684507,0.02602114562,0.009179608491,0.004061119,0.9996109954,-0.8599732074,0.01132490052,-0.1589856153,2.204743586,-0.8810542655,-0.04775957074,-0.9446787553,0.01797406328,-0.09637964099,2.303150689,-0.7826900311,-0.03149368246,-0.02808232776,0.07693549304,-0.03359778591,0.1590952332,0.1690038819,-0.002939042211,0.5952019689,-0.0159943177,0.003305317874,-0.008570937076,0.199358221,-0.2192430155,0.000789269008,0.5972305306,-0.01228347589,-0.003974209582,-0.005413929861
0.03094653338,-0.06059687033,0.4696719785,0.02626778076,0.009301221159,0.003832847006,0.9996043219,-0.8684026845,0.006080489988,-0.1656930549,2.22691062,-0.8830921141,-0.05084150692,-0.9528383467,0.01553172471,-0.1005285336,2.325394759,-0.7888733886,-0.03432747226,-0.0300526044,0.07837531255,-0.02847463014,0.1579176981,0.1693795792,-0.002178078616,0.5948564917,-0.0164923575,0.003129106549,-0.008285115395,0.2010119192,-0.2204211613,0.0005056633698,0.5976107197,-0.01268488014,-0.0045336423,-0.005286695842
0.03067886636,-0.06090924538,0.4645392878,0.02688874096,0.00916440648,0.003467867568,0.9995904077,-0.877230499,0.0008862098732,-0.1714243993,2.249863036,-0.8844971618,-0.05382542241,-0.9602523481,0.01302915659,-0.1038127859,2.346801146,-0.7953300877,-0.03724192617,-0.0316880748,0.07903581704,-0.02233101696,0.1569665387,0.1697141726,-0.001422031942,0.5947893245,-0.01695767082,0.002959161735,-0.008013738302,0.2026053962,-0.221152305,0.0003489587701,0.5983882579,-0.01307537985,-0.005000538899,-0.005178363693
0.03035541106,-0.06127494389,0.4596790585,0.02775064881,0.009030830831,0.003081848628,0.9995693312,-0.8867700908,-0.004822306497,-0.1767879018,2.272945664,-0.8848207986,-0.05709636165,-0.9674689261,0.01002623481,-0.1066661907,2.366983138,-0.8017274898,-0.04047918678,-0.03351762218,0.0792311084,-0.01552859198,0.1563825444,0.1699912808,-0.0006850501777,0.5947914407,-0.01746035154,0.002773191729,-0.007721348841,0.2045099809,-0.2216583775,0.0003756915943,0.5991874655,-0.0135263254,-0.005510709474,-0.005065144649
0.02998000651,-0.06170621104,0.4551291997,0.02884631681,0.008825440928,0.002507147331,0.9995417529,-0.8959047419,-0.01031195685,-0.1813583777,2.294908038,-0.8842174666,-0.06012819819,-0.9743568317,0.006958091385,-0.108845389,2.385623872,-0.8077484736,-0.04358714552,-0.0352320787,0.078962917,-0.007932202761,0.1560810513,0.1702091453,9.556509997e-06,0.5950353424,-0.0179197471,0.002625103077,-0.007444570701,0.2065868143,-0.2218688435,0.0005117924565,0.6001882969,-0.01395028837,-0.005944158094,-0.004954103093
0.02956425503,-0.0621918273,0.4508549812,0.03001009988,0.008829311215,0.001932981724,0.9995087297,-0.9050602236,-0.01607333192,-0.1858903035,2.314935522,-0.8825070593,-0.06301555465,-0.981402159,0.003440542939,-0.1109269023,2.402608312,-0.8133263102,-0.04686905209,-0.03727311604,0.07868786372,-0.0001356129745,0.1561791023,0.1703260986,0.0006395174707,0.5952764818,-0.01842344406,0.002459203797,-0.007192301202,0.2091297366,-0.2220568473,0.0007830482342,0.6010378646,-0.01444365584,-0.006432105688,-0.0048717949
0.02909463113,-0.06273823133,0.4468689933,0.0312143132,0.008900515847,0.001175604481,0.9994723935,-0.9137802935,-0.02149495215,-0.1902137273,2.332370234,-0.879367431,-0.06541399183,-0.9883646396,-3.792327855e-05,-0.1128075971,2.417910499,-0.8184239098,-0.04990469299,-0.03929122114,0.0784400215,0.008224329791,0.1564898243,0.1703493992,0.00118867701,0.5956103095,-0.0188861254,0.002325388556,-0.006971362757,0.2119129313,-0.2221841472,0.00108921722,0.6018961899,-0.01490649764,-0.006870284856,-0.004801988431
0.02859541868,-0.06333646194,0.4431144134,0.03236784356,0.009176134512,0.0004881902925,0.9994337812,-0.9227753883,-0.02702707457,-0.1947611476,2.347496672,-0.8747060282,-0.06751882342,-0.9954071563,-0.003610795592,-0.114838799,2.431840824,-0.8231126337,-0.05297350351,-0.04149387198,0.07839252451,0.0166477816,0.1570732184,0.1703405491,0.001670825612,0.5958121959,-0.01934394455,0.002141561761,-0.006704002002,0.2150881776,-0.2223727904,0.001420881161,0.6025179922,-0.01533280208,-0.007421642675,-0.00470754238
0.02805141401,-0.06399545444,0.4396084835,0.03350482733,0.009526277561,-0.0003027877542,0.9993931083,-0.9314098882,-0.03216216187,-0.1992529133,2.360518741,-0.869002696,-0.06921747801,-1.002293388,-0.006935431946,-0.1169016785,2.444569883,-0.8275821082,-0.05579014493,-0.04357904702,0.07843664043,0.02547727246,0.1577443752,0.1703249078,0.002110085391,0.5960171029,-0.01975091815,0.001963109937,-0.006443862706,0.2183778111,-0.2225519349,0.001725042203,0.6031335854,-0.01570370468,-0.00794714747,-0.004612926757
0.02748124817,-0.06475374913,0.4363075022,0.03464860909,0.01005677216,-0.0008445234913,0.9993485988,-0.9400275456,-0.037291625,-0.2039580347,2.371695895,-0.862952058,-0.07092626805,-1.009179568,-0.01023454735,-0.1192032634,2.456633553,-0.8319486931,-0.05877759176,-0.04574224094,0.07861327395,0.03432477351,0.1585962509,0.1703559177,0.00250479196,0.5960668528,-0.02012723377,0.001712578073,-0.006168560579,0.2219012677,-0.2227929646,0.002014753188,0.6036403778,-0.01603544162,-0.008543843382,-0.004512153661
0.02687089116,-0.06562152413,0.4332333754,0.03584342626,0.01067121266,-0.001270107867,0.9992996352,-0.9481232917,-0.04200325369,-0.2085437791,2.381622042,-0.857287103,-0.07249614374,-1.015897293,-0.01325121063,-0.1215301872,2.467962727,-0.8363274565,-0.06160294755,-0.04774487005,0.07880310879,0.04345133284,0.1594424332,0.1704484574,0.002884531876,0.5961262742,-0.0204530075,0.001461877683,-0.005911522887,0.2254158142,-0.2230153652,0.002253711571,0.6042330538,-0.01632098985,-0.009084259874,-0.004421450593
0.02625580398,-0.06649474341,0.4302873526,0.03696013908,0.01145531107,-0.001512908486,0.9992499362,-0.9563225952,-0.04703857905,-0.2133615928,2.391814136,-0.8522835846,-0.07392183381,-1.022879473,-0.01658054369,-0.1241175307,2.478642208,-0.8404616818,-0.06451888705,-0.05009104079,0.07916185644,0.05241411255,0.1603842726,0.1705943093,0.003216003477,0.5960537784,-0.02076355715,0.001139652799,-0.005659171535,0.229155786,-0.2232965791,0.002455882541,0.6047428708,-0.01657569471,-0.009686823597,-0.00433415154
0.02561674014,-0.06739208628,0.4274972232,0.03808172053,0.01227534935,-0.001780455614,0.9991976423,-0.964053449,-0.05186769028,-0.2181025327,2.40186133,-0.8481279171,-0.07512113249,-1.029888496,-0.01980806946,-0.1266864592,2.488684608,-0.8444012146,-0.06723469084,-0.05240817774,0.07944664946,0.06158725593,0.1612165025,0.1708477234,0.003549838288,0.5959987398,-0.02103564371,0.0008222180097,-0.005429154138,0.2328331609,-0.2235117241,0.002599824388,0.6053891039,-0.01679532162,-0.01022406556,-0.004262076692
0.02493756375,-0.06828523317,0.424791296,0.03908550189,0.01327007974,-0.001879563912,0.9991459832,-0.9721600501,-0.05715475417,-0.2234284689,2.411951658,-0.8445374008,-0.07658849709,-1.037565673,-0.02364220495,-0.1297494526,2.498405172,-0.8478776546,-0.07029003501,-0.05509444999,0.0799735051,0.07091392622,0.1620943308,0.1710574283,0.003860466562,0.5958455397,-0.02138800955,0.0003843777612,-0.005273197277,0.236699905,-0.2238483555,0.002694704011,0.6060113802,-0.01707032989,-0.01085250664,-0.004293910021
0.02419926385,-0.06919354072,0.4221983914,0.04005781771,0.01428044733,-0.002061858232,0.9990931832,-0.9799824274,-0.0622429233,-0.2288798655,2.421658923,-0.8415322588,-0.07794588396,-1.045589329,-0.02749961512,-0.1329303826,2.507712571,-0.8509132125,-0.07320406212,-0.05770401495,0.0804781884,0.08082044801,0.1628131493,0.1712971661,0.004174446489,0.5957208085,-0.02172707084,-5.331887336e-05,-0.00515200334,0.2404550186,-0.2241724245,0.002718260001,0.6068086154,-0.01733424954,-0.01141239206,-0.004364110353
0.02345649601,-0.07006950212,0.4196500929,0.04091428327,0.01521994725,-0.002245482496,0.9990442095,-0.9878326497,-0.06757609194,-0.2345827447,2.43152893,-0.838573175,-0.07918704718,-1.053781012,-0.0316381494,-0.1364426135,2.516811947,-0.8532633342,-0.07623865791,-0.06054732958,0.08116838603,0.09104140994,0.1635037892,0.171532873,0.004463817441,0.595518071,-0.02201819386,-0.0006073355665,-0.004929588424,0.2442631521,-0.2245145734,0.002714691739,0.6075582008,-0.01754796681,-0.01213032311,-0.004383594328
0.02269817788,-0.0709316139,0.4171738817,0.04174264407,0.01601657039,-0.002637660407,0.9989965285,-0.9951985206,-0.07261802199,-0.2402187764,2.441145554,-0.8355761465,-0.0801576555,-1.061980768,-0.03560100132,-0.1399470558,2.52562154,-0.8549626868,-0.07905253233,-0.06325185071,0.08178282931,0.101770839,0.1640262488,0.1718295667,0.004770257557,0.5953531433,-0.02226327815,-0.001148122409,-0.004689512762,0.2478835161,-0.2247577247,0.002688985093,0.6084342974,-0.01772519887,-0.01279850838,-0.004387463723
0.02191835261,-0.07171429029,0.4147401658,0.0426447253,0.01681540561,-0.00317056052,0.9989437507,-1.002260336,-0.07721246884,-0.2476428219,2.451412077,-0.8327326208,-0.08115289983,-1.070533366,-0.0403036848,-0.1432410989,2.534296998,-0.8560431275,-0.08222184573,-0.06636601048,0.08247162116,0.1128528208,0.1645148092,0.1719890892,0.005137307264,0.5951167471,-0.02262289621,-0.001836575946,-0.004389090776,0.2514671482,-0.2250971787,0.002693323471,0.6092783177,-0.01796130209,-0.01367033844,-0.004355182022
0.02110823075,-0.07243305066,0.4123764237,0.04374843676,0.01756229595,-0.00403972139,0.9988800332,-1.008607355,-0.08095793787,-0.2561701989,2.46149697,-0.8298072537,-0.08195688097,-1.079348897,-0.04525882012,-0.145939839,2.542823961,-0.8566349262,-0.08526373009,-0.06946709801,0.0828950198,0.1244201955,0.1647883046,0.1721096934,0.005511582976,0.5949301373,-0.02297938634,-0.00250431684,-0.004094916905,0.2548497699,-0.2254024674,0.002667368348,0.6102169598,-0.0181914814,-0.01449907479,-0.004320947251
0.02031633805,-0.07307906562,0.4100290161,0.04481865498,0.01831672956,-0.004910954083,0.9988151321,-1.014369328,-0.08516534549,-0.2649797249,2.470917288,-0.8265205089,-0.08304054387,-1.088167324,-0.05079645888,-0.1490414978,2.551262755,-0.8567317813,-0.08929004365,-0.07290309135,0.08333530832,0.1359306468,0.1649927796,0.1721095016,0.005862443206,0.594770181,-0.02342409714,-0.003187874799,-0.00376082589,0.2583111217,-0.2257954215,0.00264451755,0.6111526779,-0.01856194795,-0.01541568169,-0.004334501372
0.01953392106,-0.07366097703,0.4077105347,0.04588617427,0.01905190353,-0.006008630876,0.998746905,-1.019287747,-0.08921341493,-0.2739917395,2.479057636,-0.8223822276,-0.08380258766,-1.09698084,-0.05625156541,-0.1521203239,2.559573415,-0.8565551245,-0.09339044674,-0.07624393884,0.08368381703,0.1474860824,0.1650329018,0.1720369833,0.006183921263,0.5946628618,-0.02384814526,-0.003799840538,-0.003443566544,0.2616763877,-0.2262195617,0.002598098683,0.6121464497,-0.01893615624,-0.01623708548,-0.004364442104
0.01876347026,-0.07410957181,0.4054936283,0.04668852142,0.01993582013,-0.007134852616,0.9986850549,-1.02267595,-0.0941316931,-0.2831167058,2.490218302,-0.8177644282,-0.08477027832,-1.105589398,-0.06282449965,-0.1564107666,2.567144834,-0.8561836126,-0.09928077152,-0.08038401304,0.08427394524,0.1587550057,0.1648898594,0.1716483968,0.006510903444,0.5945080131,-0.02441068294,-0.004487477097,-0.003033417457,0.2652859944,-0.2268901291,0.002572184621,0.6129421756,-0.01940562513,-0.0172947238,-0.004362352689
0.01799570194,-0.07446390332,0.4033999275,0.04741589733,0.02101745397,-0.008603672184,0.9986170318,-1.024343828,-0.09912738449,-0.2916402905,2.502632357,-0.8123780832,-0.08550408824,-1.11436793,-0.06957306656,-0.1610075479,2.574070673,-0.8558747153,-0.105410956,-0.08468252366,0.08455686904,0.1696655908,0.1644945293,0.1711922307,0.006820162415,0.5943244572,-0.02495818425,-0.005139128386,-0.002630595571,0.2688978328,-0.2275424061,0.002524200156,0.6137928852,-0.0198578837,-0.01831425125,-0.004353282646
0.01725397676,-0.07478096402,0.4013386082,0.0478775486,0.02226250362,-0.009962711761,0.9985553894,-1.024969173,-0.1059337295,-0.2987782548,2.519211789,-0.8053710528,-0.08625614115,-1.122668432,-0.07678343932,-0.1670207436,2.58052032,-0.8558008094,-0.1137886247,-0.08945543521,0.08432301243,0.179992364,0.164009216,0.1706267322,0.007141614777,0.5940752716,-0.02555691602,-0.00586240892,-0.002043490528,0.2728128385,-0.2283282263,0.00250495109,0.6144969693,-0.02037984911,-0.0195673259,-0.004223582926
0.01652239462,-0.07510262209,0.3993412401,0.04815294756,0.02372430785,-0.01147847325,0.998492211,-1.024266021,-0.1133842849,-0.3035055366,2.537495255,-0.7959116906,-0.08690949775,-1.130814583,-0.08353950669,-0.1736384675,2.586437827,-0.8562635345,-0.1224433614,-0.09419508294,0.0832892249,0.1897014801,0.1633593817,0.170144269,0.007505137678,0.5938349358,-0.02611029749,-0.006551107466,-0.001444292486,0.2767227098,-0.2290054618,0.00249976142,0.615308742,-0.02087308648,-0.02075448171,-0.004065248205
0.01585186439,-0.07537438434,0.3972790963,0.0482872606,0.02520896822,-0.01273237684,0.9984341415,-1.02293922,-0.1223415641,-0.3062927828,2.558330542,-0.7857013921,-0.08787040245,-1.138395961,-0.09079226171,-0.1810410639,2.592530387,-0.857082944,-0.1329191736,-0.09927944143,0.081802117,0.1987601339,0.1627487269,0.1696086604,0.007877785759,0.5935707219,-0.02668631417,-0.007356887505,-0.0007479300433,0.280903801,-0.2297603575,0.002513564057,0.6160489019,-0.02136386574,-0.02209660706,-0.00384652761
0.01522457162,-0.07563738242,0.3951838241,0.04826191036,0.02674073257,-0.01400223916,0.9983785147,-1.020932883,-0.131679586,-0.3070302327,2.579749339,-0.7760413588,-0.08884266023,-1.145595216,-0.0975361255,-0.1887161821,2.59862266,-0.8584750532,-0.1433539563,-0.1041847444,0.07979228766,0.2072323719,0.1620826234,0.1691707979,0.008288353215,0.5933536817,-0.02720964777,-0.008132153078,-7.972998435e-05,0.2850582412,-0.2303850234,0.002535149883,0.6169230771,-0.02180598013,-0.02332861071,-0.003629292313
0.01479793175,-0.07585956976,0.3927712285,0.04821311614,0.02795791575,-0.01516313512,0.9983305714,-1.018725629,-0.1411728487,-0.3064146696,2.601743688,-0.7661233168,-0.08958134339,-1.151417389,-0.1031846871,-0.196164082,2.605923514,-0.8606932987,-0.1538147824,-0.108597366,0.0776110691,0.2144517595,0.1616890682,0.1688141055,0.008613160271,0.5931634575,-0.02759373223,-0.008847617417,0.0006273001496,0.2892013946,-0.2310345876,0.002555495695,0.6178673869,-0.02220852272,-0.02447538321,-0.003328908411
0.01455088974,-0.07605815072,0.3900771649,0.04805357997,0.02889295286,-0.01628376752,0.9982939896,-1.016414649,-0.1502878541,-0.3047267853,2.622936374,-0.756979593,-0.090193246,-1.155927277,-0.1075339478,-0.2033713901,2.614288737,-0.8638806116,-0.1635253624,-0.1124422004,0.07542358336,0.22051506,0.1614707807,0.1685161871,0.008941810918,0.5931172309,-0.02789344567,-0.009471375554,0.001284076659,0.2930951354,-0.2316275071,0.002572632433,0.6189396958,-0.02255890143,-0.02543574977,-0.003029947853
0.01455276887,-0.076215548,0.3869242603,0.04779103058,0.02937957285,-0.01729699544,0.9982753488,-1.014750028,-0.1595503231,-0.3030329404,2.643649597,-0.7466833,-0.09045664082,-1.159818883,-0.110114191,-0.210385591,2.624713971,-0.867231358,-0.1741464348,-0.1152987961,0.07354932745,0.2251600976,0.1615614173,0.1682041873,0.00916684527,0.5930714508,-0.02815321232,-0.01015294682,0.001911613435,0.2966237401,-0.2323774425,0.00250039872,0.6198406229,-0.02287425565,-0.0265102608,-0.002750551735
0.01477227916,-0.0763320979,0.3833670769,0.04731146556,0.02933976082,-0.01819994119,0.9982833094,-1.01358137,-0.1685013459,-0.3013972119,2.66291927,-0.7369643824,-0.0905739323,-1.162648588,-0.1110852301,-0.2171236195,2.636993751,-0.870745731,-0.1844106544,-0.1173355479,0.07220895452,0.2288092291,0.1618170608,0.1677807701,0.0094046537,0.5931498517,-0.0283726357,-0.01079799603,0.00248010502,0.299435076,-0.2332616581,0.002358803123,0.6206443511,-0.02314708431,-0.0275090549,-0.002508784554
0.01520772142,-0.0763807827,0.3794964283,0.04649938368,0.02906886938,-0.01908424951,0.9983128766,-1.014019238,-0.177420676,-0.3008517935,2.680915264,-0.7265076036,-0.09051309396,-1.163700966,-0.1097268794,-0.2238202645,2.650228809,-0.8753642348,-0.1942553803,-0.118118517,0.07178134109,0.2308973175,0.1623549557,0.1671865048,0.009519927645,0.5933697853,-0.02849193608,-0.01135744877,0.002925913557,0.30142555,-0.2344157158,0.002068887224,0.6214029308,-0.02337780843,-0.02832857625,-0.002399842045
0.01584404762,-0.07638164444,0.3753425042,0.04538771717,0.02812415565,-0.01977924085,0.9983775682,-1.015099081,-0.1861992313,-0.3008907779,2.697074706,-0.7168525083,-0.0903567729,-1.164465588,-0.1072571835,-0.230272371,2.665240837,-0.8789731464,-0.2039830593,-0.1181739491,0.07199790959,0.2325069874,0.1630351247,0.1665241655,0.009597182644,0.5936803842,-0.02856921531,-0.01181761115,0.003289414214,0.3023501017,-0.2356772066,0.001670930564,0.6221025008,-0.02357193596,-0.0289825168,-0.002358192446
0.01664607684,-0.07626684572,0.3710340094,0.04382278942,0.02680939905,-0.02042983775,0.9984705509,-1.017620317,-0.1949006004,-0.3028025306,2.713114972,-0.706991081,-0.09061051843,-1.16414263,-0.1030088797,-0.236579321,2.680897332,-0.8822991984,-0.2128904006,-0.1170127935,0.07345087194,0.2334175657,0.1638213031,0.1656376438,0.009525750055,0.5940907577,-0.02866352647,-0.01217526902,0.003434447186,0.302419925,-0.2372503272,0.001131219854,0.6226448264,-0.02382899839,-0.02959385254,-0.002501631314
0.01759896093,-0.07604327546,0.3666150937,0.0419250022,0.02500036953,-0.02101998389,0.9985867193,-1.02119693,-0.2032606662,-0.3055791522,2.728131876,-0.6980448473,-0.09089746135,-1.162459366,-0.09766896202,-0.242586752,2.697108474,-0.8851573127,-0.2207690155,-0.1149299591,0.0757617296,0.2339836437,0.1647581248,0.1645921499,0.009430335247,0.5945902881,-0.02875517556,-0.01246108669,0.003500639079,0.3013488551,-0.2390030752,0.0005171386455,0.6231460149,-0.02408122601,-0.03011182214,-0.002696254408
0.01866313692,-0.07571903001,0.3621397093,0.03988830276,0.02296324434,-0.02161584087,0.9987063473,-1.025928161,-0.2111745278,-0.3089703994,2.742511238,-0.6899702526,-0.09131195178,-1.159712303,-0.09150648837,-0.2481013384,2.71349337,-0.887893502,-0.2274777989,-0.1121690601,0.07840582005,0.2340149148,0.1658726027,0.1637112553,0.009247813589,0.5950957551,-0.02865771444,-0.01264800682,0.003569603669,0.2994403953,-0.2406333805,-8.636305862e-05,0.6237129781,-0.02419321759,-0.03042719768,-0.002788355245
0.01983354308,-0.07529043369,0.3576446763,0.03774527207,0.02059584227,-0.02217958965,0.9988289,-1.031464808,-0.2185030624,-0.3124655955,2.755652684,-0.6830194138,-0.09168466817,-1.15575573,-0.0850742446,-0.2531655687,2.730045053,-0.8903490023,-0.2331783027,-0.1089446447,0.08128309882,0.2337882899,0.167138167,0.162950404,0.00908571666,0.5956864701,-0.02851281288,-0.01277508448,0.003636131956,0.2966252958,-0.2421170632,-0.000648669806,0.6243159227,-0.02425272281,-0.03061262302,-0.002837823489
0.02107532766,-0.07470780357,0.3532477278,0.03555827183,0.01823642595,-0.02277565304,0.9989415957,-1.037650707,-0.2255195347,-0.3166086381,2.767628578,-0.677860206,-0.09191862824,-1.151327904,-0.07848691731,-0.2576008819,2.746292417,-0.892689765,-0.2379170252,-0.1054265989,0.0845409978,0.2330563247,0.1685158181,0.1624102315,0.00883813235,0.5962615768,-0.02819705303,-0.01274056555,0.003682011869,0.2932911123,-0.2434772631,-0.001214151686,0.6249251811,-0.02418270944,-0.03053401391,-0.002767441929
0.02238472338,-0.07396662811,0.3489811926,0.03334979089,0.01577944401,-0.02337921999,0.9990456509,-1.044058711,-0.2320169913,-0.3208495157,2.778318462,-0.6735085731,-0.09202200191,-1.146285047,-0.07214795036,-0.261414443,2.762282729,-0.8947738213,-0.2418589367,-0.1017622411,0.08810194481,0.2320934015,0.169964889,0.1620228336,0.008616071225,0.5969111337,-0.02786200466,-0.01264159899,0.003717033863,0.2894133469,-0.2447033188,-0.001746001398,0.6255352196,-0.02408245708,-0.03035119786,-0.002667490935
0.02371023731,-0.07304071941,0.3448928652,0.03110478739,0.01337333548,-0.02407050076,0.999136756,-1.050295989,-0.2373990283,-0.3251755019,2.78818437,-0.6656045714,-0.09197481258,-1.141447852,-0.06611187471,-0.2645388845,2.777878917,-0.8964445666,-0.2449334758,-0.09805084521,0.09224257765,0.2311382726,0.1713056557,0.1617209973,0.008322461289,0.597478594,-0.02750378038,-0.01248717692,0.003602973611,0.2848989943,-0.2457688516,-0.002249979553,0.6260796578,-0.02398293685,-0.03005900968,-0.002648365827
0.02504367118,-0.07194886339,0.3410404139,0.02897986328,0.0110421515,-0.02472321836,0.9992131909,-1.055668642,-0.2416786944,-0.3286691428,2.799111099,-0.6555711417,-0.09198409058,-1.136703715,-0.06084271903,-0.2667399174,2.792996766,-0.8976516003,-0.2472550173,-0.0945182019,0.09658750276,0.2301404195,0.172448829,0.1615249487,0.008043000842,0.5981542787,-0.02717460051,-0.01231752969,0.003446300107,0.2797667319,-0.2465085109,-0.002719307231,0.6266824259,-0.02389620473,-0.02975027422,-0.002667782262
0.02636668932,-0.07086144095,0.3375115891,0.02700615129,0.00884413027,-0.02527208297,0.9992766239,-1.059845553,-0.2451239455,-0.3330070365,2.809966005,-0.6433260619,-0.09129271956,-1.13261988,-0.05555211116,-0.2679249552,2.807453551,-0.8981448309,-0.2486686751,-0.09079098708,0.1009544327,0.2291719118,0.1732390092,0.1615889944,0.007618595267,0.5988291016,-0.02667912407,-0.01211160631,0.003143446379,0.2739479868,-0.2467394038,-0.00328138728,0.6274444605,-0.02363485595,-0.02923762596,-0.002762368876
0.02767980426,-0.06977372623,0.3343414781,0.0251978372,0.00686555831,-0.02557672823,0.9993316587,-1.062844058,-0.2476672024,-0.3370406512,2.821362487,-0.6306306468,-0.09050557627,-1.128870658,-0.05067150173,-0.268031202,2.820867521,-0.8979948633,-0.2493278044,-0.08713881747,0.1053604052,0.2280525082,0.1737017067,0.1617741327,0.007175577258,0.5995788956,-0.02618148184,-0.01190169815,0.002813359501,0.2676086374,-0.2465504477,-0.00381681342,0.6282542493,-0.02334500545,-0.02868192949,-0.002883067746
0.02896825065,-0.0687607258,0.3315374854,0.02355550314,0.005097257237,-0.02565367287,0.9993803307,-1.065036577,-0.2494358456,-0.3408147202,2.832701892,-0.6179056762,-0.08982066238,-1.125867729,-0.04568189891,-0.2670249594,2.833077791,-0.8969644048,-0.2491832492,-0.08337058721,0.1097316643,0.2270188751,0.1737723893,0.1621459893,0.006632031119,0.6002316861,-0.02560033026,-0.01166470187,0.00234841022,0.2607283293,-0.245873112,-0.004369824371,0.6291073136,-0.02292695858,-0.02798481151,-0.00307113045
0.03023755739,-0.06780779653,0.3291105117,0.02201975696,0.003612495008,-0.02540303883,0.9994282194,-1.066666183,-0.2505541914,-0.3444071116,2.84350798,-0.6057355527,-0.08917777092,-1.123122993,-0.04091908129,-0.2650220171,2.84373746,-0.8952725326,-0.2484416485,-0.07969088329,0.1142562881,0.225909508,0.1735281435,0.162537444,0.006084074779,0.6008058455,-0.02505220516,-0.01144651991,0.001877696374,0.2535219483,-0.2448963915,-0.004827037002,0.6298118934,-0.0225105313,-0.0273059048,-0.003263956654
0.03150537813,-0.06693405307,0.3270275477,0.02036346003,0.002305985762,-0.02488008251,0.9994803617,-1.068164251,-0.2506925179,-0.3482480125,2.853371993,-0.5938018525,-0.08844635323,-1.120417271,-0.03557237576,-0.2624070189,2.852777732,-0.8929548246,-0.2468204585,-0.07595443649,0.119450415,0.2249141393,0.1728921534,0.1628303976,0.005387053979,0.6012402225,-0.02443103509,-0.0112474305,0.001176218134,0.2458484535,-0.2437984251,-0.005426941671,0.6304875967,-0.02196829216,-0.02648984891,-0.00365384921
0.03278169376,-0.0661260131,0.3252840467,0.0186419425,0.00125361392,-0.02400160009,0.9995373078,-1.069722798,-0.2501957025,-0.3524011676,2.861860004,-0.5822091205,-0.08764701866,-1.117438236,-0.0301858363,-0.2593496518,2.860260899,-0.8902755416,-0.2447536227,-0.07233855861,0.1252196029,0.2238065919,0.1720026645,0.1629430163,0.004623184815,0.601488258,-0.02385133573,-0.01109562937,0.0004556035082,0.2379383365,-0.2427253098,-0.006025645566,0.6309573104,-0.02144089223,-0.02571594313,-0.00407658724
0.03407824137,-0.06547534732,0.323878828,0.01687397512,0.0003696167443,-0.02306765077,0.9995914245,-1.07154565,-0.2490715633,-0.3568406549,2.868191205,-0.5699686124,-0.08690748098,-1.114435341,-0.02415031505,-0.2563617939,2.866410923,-0.8873055553,-0.2418235636,-0.06881291495,0.1313572201,0.2228896119,0.1708638009,0.1630315614,0.003747499074,0.6015108404,-0.02314671316,-0.01099938476,-0.0003294425875,0.2296564902,-0.24151795,-0.006719008698,0.6314532878,-0.02071774129,-0.0248471953,-0.004518917764
0.03540463651,-0.06496227935,0.3228025488,0.0151176224,-0.0002695497414,-0.0219995439,0.999643639,-1.073666483,-0.2476016634,-0.3614889336,2.872597355,-0.5572483111,-0.08608838774,-1.111153313,-0.01802635583,-0.2535378519,2.871287309,-0.8842550115,-0.2386272218,-0.06549946682,0.1377944695,0.2219416598,0.1695577408,0.1629923606,0.002831226395,0.6013163627,-0.02247621998,-0.01096468974,-0.001070667593,0.2212840451,-0.2403344377,-0.007374795059,0.6317372153,-0.02000726461,-0.02404632957,-0.004928545022
0.03677775184,-0.06459265978,0.3219693961,0.01337368094,-0.0009325133896,-0.02136286015,0.999681901,-1.075421274,-0.2454557371,-0.3660837932,2.875749449,-0.543379864,-0.08520009433,-1.107834056,-0.01109415881,-0.2510575528,2.875130714,-0.881044776,-0.2347260758,-0.06211738482,0.1442856759,0.2215008073,0.1679701565,0.1629255186,0.001882994324,0.6008510419,-0.02186967664,-0.01098234924,-0.001890027849,0.2125800617,-0.2391006251,-0.00805354416,0.6319253937,-0.01925679214,-0.0233339927,-0.005237139085
0.03822010011,-0.06435580303,0.321369406,0.01171996174,-0.001519298873,-0.02097792909,0.9997100883,-1.076872268,-0.2430753609,-0.3704722815,2.878003711,-0.5287301089,-0.08422053117,-1.104618016,-0.004161551144,-0.2488994139,2.87808913,-0.8774486023,-0.230928758,-0.05894688053,0.1507170913,0.2212332061,0.1661999703,0.1627694692,0.0009276737727,0.6001853997,-0.02134415066,-0.0110562627,-0.002666506727,0.2038751123,-0.2378875229,-0.008651082848,0.6318456212,-0.01857149597,-0.02276114198,-0.005483655732
0.03973537375,-0.06426098249,0.3209584204,0.01019877638,-0.002186965048,-0.02094544865,0.9997262077,-1.077880517,-0.2407583986,-0.3744019841,2.879692827,-0.5131271569,-0.08319653327,-1.101524334,0.003372955073,-0.2469531433,2.880300219,-0.8732657814,-0.2269482812,-0.05583749944,0.1568620592,0.221504176,0.1642028946,0.1626351785,-6.032710841e-05,0.5995292366,-0.0208209469,-0.01106370601,-0.003523612582,0.1950950819,-0.2365161874,-0.009211211544,0.6318579132,-0.01788940077,-0.02213889346,-0.005666984475
0.04133319938,-0.06427189057,0.3207861147,0.008534878197,-0.002786984133,-0.02108287701,0.999737416,-1.078582658,-0.2385300573,-0.3784323656,2.880867157,-0.496716482,-0.08201539666,-1.098316868,0.01104839575,-0.2456372056,2.881345005,-0.8685417885,-0.2233557749,-0.05309795936,0.1634860491,0.2220426555,0.1619717566,0.1621622684,-0.001050074161,0.5991010644,-0.02034721798,-0.01104823147,-0.00432638079,0.1864710965,-0.2352744534,-0.00970097243,0.631847204,-0.01727753966,-0.02157314399,-0.005810700959
0.04304183865,-0.06449193023,0.3206733031,0.00717817346,-0.003568173994,-0.02148713477,0.9997369879,-1.079140277,-0.2364320721,-0.3819667014,2.881315088,-0.478906852,-0.08110994671,-1.095201311,0.0192494573,-0.2445477254,2.882507603,-0.8629169647,-0.2197448081,-0.05031636244,0.1696228588,0.2230713738,0.159480454,0.1617998254,-0.001949919314,0.5985062678,-0.02010364337,-0.01104099803,-0.005200567815,0.1777625263,-0.2338153586,-0.01021298694,0.6318285688,-0.01671048399,-0.02121431274,-0.006006511452
0.04487996172,-0.06488105116,0.32060992,0.005931114587,-0.00437563597,-0.02196048058,0.9997316705,-1.07974,-0.2345644403,-0.3853256891,2.881309925,-0.459809714,-0.08008218307,-1.092157503,0.02740995368,-0.2439061318,2.883586818,-0.8563189172,-0.2165014575,-0.04781357203,0.1758544564,0.2241991887,0.1568226115,0.1613001384,-0.002804153921,0.5978103172,-0.01995173997,-0.01106568474,-0.006014314289,0.1692972625,-0.2324612412,-0.010658014,0.6315263718,-0.01621150651,-0.02100242193,-0.006198922837
0.04683030343,-0.06539356607,0.3205454524,0.004926826676,-0.005256073669,-0.02272071741,0.9997158942,-1.08041593,-0.232834749,-0.3880746804,2.881163278,-0.4393216745,-0.07883233586,-1.0891169,0.03553056768,-0.2433347977,2.884592692,-0.8488762308,-0.213150851,-0.04526405348,0.1817686694,0.2256256066,0.1540438046,0.1608888601,-0.003624439615,0.5969934418,-0.01981987834,-0.01106140703,-0.006877258199,0.160907461,-0.2310938894,-0.01107553753,0.6310991601,-0.0156980564,-0.02065938294,-0.00648657603
0.04890242344,-0.06601431945,0.3204927125,0.004071186814,-0.00608650011,-0.02363317304,0.9996938797,-1.081155831,-0.231282796,-0.3904620423,2.88079336,-0.4175906695,-0.07738173427,-1.086015216,0.04319512542,-0.2430381509,2.885471014,-0.840673904,-0.2101221818,-0.04289320013,0.187641382,0.2270686126,0.1512039078,0.1604205624,-0.004398221243,0.5961655242,-0.0197044749,-0.01107552466,-0.007671720272,0.1527759512,-0.2298502407,-0.01142626455,0.6305170826,-0.01523275834,-0.02033818751,-0.006775406862
0.05105885333,-0.06664049591,0.3204527211,0.00330807556,-0.006973196285,-0.02490679831,0.9996599835,-1.081795048,-0.2296229759,-0.3924163033,2.880496281,-0.3945353301,-0.07631033215,-1.082892613,0.05031642609,-0.2427890556,2.885992208,-0.8317097115,-0.2072208822,-0.04045524316,0.1934777729,0.2290158943,0.1480698468,0.159771668,-0.005036906661,0.5953291633,-0.01975223541,-0.01115685305,-0.008431633762,0.1445735992,-0.2287631498,-0.01180418255,0.6298307204,-0.01481047589,-0.02008897777,-0.007287612722
0.05331404205,-0.06726581145,0.320439485,0.002575362905,-0.007753793154,-0.0264172123,0.9996176154,-1.082376201,-0.227911077,-0.3940510385,2.879999546,-0.3703703038,-0.07523835306,-1.079766545,0.05661234624,-0.2428324469,2.886361433,-0.8221677749,-0.20466716,-0.03816298382,0.1994522569,0.2310712707,0.1447833991,0.1588900012,-0.005602625465,0.5945166208,-0.01984407838,-0.01127941633,-0.009096901986,0.1364842263,-0.2279033146,-0.01216942131,0.6290200446,-0.01444498474,-0.01992894779,-0.007822378205
0.05563889947,-0.06787066346,0.3204540725,0.001932142644,-0.008591170521,-0.02817676797,0.9995641692,-1.082892804,-0.2259971643,-0.3950199279,2.879203318,-0.3451644184,-0.07413444207,-1.076415844,0.06256907376,-0.2430020336,2.886744292,-0.8120694441,-0.2021879331,-0.03560251682,0.2054095543,0.2337653405,0.141294701,0.1578321486,-0.006125143075,0.5937338016,-0.0199844343,-0.01139454603,-0.009749991329,0.1281855408,-0.2271711027,-0.01257187453,0.6281705042,-0.01405019638,-0.01979202811,-0.008473360092
0.05805506515,-0.06844461985,0.3205146192,0.001261972328,-0.009291201598,-0.0299940259,0.9995060977,-1.083426342,-0.224033135,-0.3956271355,2.877946947,-0.3191696327,-0.0729056496,-1.072907712,0.0678850156,-0.2434949442,2.887152997,-0.8016037295,-0.1999999848,-0.03312858274,0.2116515417,0.2366122053,0.1377859348,0.1564960936,-0.006645081544,0.5930274529,-0.02012289128,-0.01151413727,-0.01033005534,0.1199508228,-0.2267614049,-0.0130395461,0.6272854063,-0.01377375921,-0.01968662243,-0.009042701691
0.06053896672,-0.06895486991,0.3205748384,0.0006411829982,-0.01007337945,-0.03203543365,0.9994357643,-1.083566424,-0.2218915959,-0.3963590428,2.876741523,-0.2920738535,-0.0717461642,-1.069606494,0.07305859157,-0.2439193332,2.887744328,-0.790462589,-0.1979834276,-0.03028080945,0.2178481344,0.2402042592,0.1341595818,0.1549998678,-0.007168908811,0.5922172364,-0.02033230987,-0.01168305189,-0.01089273428,0.1114553012,-0.2265419666,-0.01363762742,0.6262867244,-0.01350661392,-0.01974796465,-0.009638999206
0.06311676037,-0.06939129868,0.3206586683,-4.067006845e-05,-0.01073022068,-0.03406781966,0.9993619186,-1.083454361,-0.2197432639,-0.3973539524,2.875290672,-0.2642900714,-0.0704067462,-1.066522727,0.07772484928,-0.2443974416,2.888393488,-0.7787184459,-0.1962614147,-0.02751123947,0.2242755953,0.2440073647,0.1306029109,0.1532329696,-0.007711692567,0.5914146184,-0.02053911608,-0.01188643042,-0.01139038311,0.1030446819,-0.2267982797,-0.01444880451,0.6252036054,-0.01343347795,-0.01986282765,-0.01006890574
0.06573426371,-0.06972587132,0.3208225859,-0.0005378947509,-0.01141028617,-0.03613729946,0.9992815477,-1.082564736,-0.2177735206,-0.3990785336,2.874191981,-0.2364627815,-0.06912868713,-1.063554409,0.08181192529,-0.2442718806,2.888917248,-0.7662717834,-0.1945533078,-0.02448508273,0.230162955,0.2487280385,0.1269180054,0.1513249956,-0.008263639397,0.5906106224,-0.02079482819,-0.01214941669,-0.01189201132,0.09466741326,-0.2272939616,-0.01555911888,0.6240061173,-0.01341239501,-0.02006109006,-0.01056629232
0.06842997438,-0.06995795358,0.3210683379,-0.0008559615761,-0.01186742496,-0.03811406391,0.9992025569,-1.081247119,-0.2161023205,-0.4017350854,2.872957506,-0.2092547786,-0.06762485059,-1.060944738,0.08510520887,-0.2435236316,2.889335662,-0.7532055092,-0.1930693054,-0.0214770356,0.2355230833,0.2536694761,0.1234298849,0.1492673013,-0.008831365137,0.5898089895,-0.02103816104,-0.01243806673,-0.0123435856,0.08665204065,-0.2282292371,-0.01692855366,0.6227308653,-0.01354232448,-0.02026769696,-0.01094219841
0.07123041111,-0.07016728021,0.3213181966,-0.001123280038,-0.01246554053,-0.03997487886,0.9991222936,-1.078496044,-0.214988396,-0.4057227462,2.871042714,-0.1838254692,-0.06704763247,-1.058206332,0.08914053555,-0.2425469611,2.8898163,-0.7393234381,-0.191716774,-0.01809930045,0.2404170638,0.2591983588,0.1200338647,0.1472021362,-0.009313685137,0.5888970766,-0.02141069478,-0.01278757351,-0.01277746318,0.07898978506,-0.2294215219,-0.01845578733,0.6213134694,-0.0139410987,-0.0205887402,-0.01127561489
0.07417788821,-0.07033591166,0.3215702681,-0.001386863453,-0.01292290819,-0.04161660712,0.9990491144,-1.075040885,-0.2145160169,-0.4113159832,2.868140045,-0.1613268209,-0.06644819128,-1.055640798,0.09344719427,-0.2413359047,2.890300167,-0.7246548064,-0.1906250827,-0.01462815671,0.2450111772,0.2645403743,0.117075568,0.1450517311,-0.009742194289,0.5879641728,-0.02178448212,-0.01316901198,-0.01315154592,0.07181678887,-0.2309679234,-0.01998061069,0.6198119524,-0.01437650688,-0.02095193738,-0.01155972711
0.07727507799,-0.07049656969,0.3219298136,-0.001747470532,-0.0135933737,-0.04317400836,0.998973559,-1.070171775,-0.2146159882,-0.4188479133,2.863769694,-0.143054111,-0.06625411233,-1.052611055,0.09948991396,-0.2399305924,2.890218263,-0.7090531234,-0.1897080831,-0.01062218451,0.2493361727,0.2704727748,0.1141028115,0.1428982294,-0.01003522558,0.5870631643,-0.02215797864,-0.01365746646,-0.01343945995,0.06486648536,-0.2326658126,-0.02148741763,0.6180939321,-0.0146988022,-0.02144422751,-0.01172718021
0.08057301141,-0.07063728402,0.3223484641,-0.00208360838,-0.01416148618,-0.04453091604,0.9989054552,-1.064931187,-0.2153414196,-0.4271674669,2.858252681,-0.1287634826,-0.06603966817,-1.049703676,0.1062934348,-0.2380868276,2.889835014,-0.6923767877,-0.1890683198,-0.006367431202,0.2531600106,0.276055145,0.1115922611,0.1408313554,-0.01026223619,0.5860851392,-0.02249657658,-0.01417468863,-0.0136605299,0.05814098529,-0.2343568029,-0.02273774167,0.6162988665,-0.01488433879,-0.02195704433,-0.01194728415
0.08405060019,-0.07075885137,0.3228932342,-0.002427137274,-0.01487901174,-0.04573841387,0.9988396876,-1.058130706,-0.2163555635,-0.4353737945,2.851612935,-0.1179023854,-0.06647796958,-1.046110009,0.1143299484,-0.2357441265,2.888888288,-0.6747508506,-0.1885635974,-0.00195287767,0.2565565833,0.2819781955,0.1090654164,0.1387967032,-0.01037620075,0.5850515787,-0.02282232119,-0.01477404069,-0.01383553832,0.05149821093,-0.2360107191,-0.02373490276,0.614304357,-0.01483530923,-0.02254462299,-0.01225894849
0.0877617429,-0.07086572115,0.3235009777,-0.002632915515,-0.0153705323,-0.04663812744,0.9987901179,-1.050828768,-0.2177180666,-0.4424086469,2.844879493,-0.108913541,-0.06701188961,-1.042558588,0.1225981543,-0.2327592445,2.887716613,-0.6560823462,-0.1882795525,0.002392697767,0.2592010173,0.2871260721,0.1069653838,0.1369692634,-0.01046786237,0.5838735553,-0.02311364193,-0.0153873163,-0.0139768032,0.04507784175,-0.2373445522,-0.02433983491,0.6121967002,-0.01461799688,-0.02311958126,-0.01271069941
0.09168972466,-0.07094492191,0.324217874,-0.002710318968,-0.01591407243,-0.04746050512,0.998742658,-1.04227012,-0.2179371267,-0.4479596632,2.838356318,-0.1002592392,-0.0679837532,-1.038197887,0.1313197252,-0.2290321807,2.886121699,-0.6365611448,-0.1881793758,0.006801666219,0.2611186886,0.2923080266,0.1048446998,0.1353683613,-0.01043092318,0.582482107,-0.0234166692,-0.01604963644,-0.0140735858,0.03891333451,-0.238329774,-0.02446944019,0.6098668104,-0.0142068853,-0.02374716424,-0.01313918574
0.09588775948,-0.07100048732,0.3249849376,-0.002538016679,-0.01614305259,-0.04798663439,0.9987142951,-1.033460278,-0.21765453,-0.4520765844,2.832581036,-0.09222614904,-0.06896539355,-1.033674873,0.1395786704,-0.2245260998,2.884431993,-0.6161503616,-0.1882780486,0.01097917439,0.2620356443,0.2964381774,0.1030683513,0.1341332395,-0.01035051598,0.5808947029,-0.0236937828,-0.01672411567,-0.01414495022,0.0332269646,-0.238752983,-0.02416204979,0.6074331162,-0.01373701251,-0.02432862837,-0.01362336322
0.100355757,-0.07098647751,0.3259023313,-0.002368462826,-0.01639159071,-0.04838537722,0.9986914245,-1.024208485,-0.2156883498,-0.4542734314,2.827334454,-0.08412652052,-0.07018598492,-1.02833359,0.1479483583,-0.2194509493,2.882074425,-0.5947357805,-0.1885566297,0.01492442196,0.2625396726,0.3005490497,0.1011101408,0.1330706262,-0.01009195546,0.5791873193,-0.02399487409,-0.01744814967,-0.01417211476,0.02777872694,-0.2386956779,-0.02350980669,0.6049737685,-0.01339058991,-0.024718036,-0.01428047635
0.1051457358,-0.07089231639,0.3269409888,-0.002233420331,-0.01634668617,-0.0483685617,0.9986932862,-1.015346143,-0.2129759541,-0.4554960909,2.822776596,-0.07681643858,-0.07136526869,-1.022531856,0.1556558301,-0.2139933578,2.879130542,-0.5722756663,-0.1889839151,0.01823714454,0.2627427339,0.3037138552,0.09923430584,0.1321757134,-0.00979684884,0.5774546899,-0.02427163609,-0.01816582153,-0.01417649372,0.02286955798,-0.2381791695,-0.02266881246,0.6026506818,-0.01315858074,-0.02493819388,-0.015035385
0.1102545764,-0.07065907078,0.328194046,-0.00219523482,-0.01642688781,-0.04824142637,0.9986982042,-1.0059423,-0.2080505907,-0.4562830668,2.819190047,-0.07102179757,-0.07251346853,-1.015469579,0.1628333857,-0.2079591617,2.875168913,-0.5486074373,-0.1892637367,0.02093256772,0.2628457289,0.3071730006,0.09708293534,0.1313786056,-0.009324907051,0.5757062025,-0.02463051793,-0.01889208978,-0.0141034767,0.01823463948,-0.2373420085,-0.02176362044,0.6003663582,-0.01311026121,-0.02522699862,-0.01593202205
0.115746273,-0.0702766787,0.3296174616,-0.0021986007,-0.01627698862,-0.04777883772,0.9987228887,-0.9971025875,-0.2020674776,-0.4571157407,2.816151945,-0.0671644127,-0.07363196887,-1.007696259,0.1688777825,-0.2014228645,2.870341387,-0.5236085975,-0.1895541144,0.02281857374,0.2627597059,0.3098167443,0.09498200701,0.1307263095,-0.00884955365,0.5739747584,-0.02497596732,-0.01958325421,-0.01400947644,0.01426238071,-0.2362121014,-0.0209002356,0.5982413254,-0.01317591982,-0.02546400574,-0.0169248222
0.121574639,-0.0697372572,0.3310905662,-0.002308641536,-0.01609266521,-0.04739995082,0.9987436813,-0.9880251594,-0.1945310797,-0.4581092673,2.812974085,-0.06689299112,-0.07466852985,-0.9991330158,0.1755174769,-0.194692757,2.864963701,-0.4975906071,-0.1896958594,0.02439835905,0.2627860521,0.312264542,0.09270511383,0.1300922702,-0.008297165872,0.5724100084,-0.02538536432,-0.02020397287,-0.01397470264,0.01062844661,-0.2351409461,-0.02026103213,0.5963037986,-0.01339341252,-0.0255021446,-0.01800845135
0.1277900422,-0.06902367287,0.3325676038,-0.002469810043,-0.01559109877,-0.04684907137,0.9987772435,-0.9797122707,-0.1865900233,-0.4595274396,2.809456375,-0.06890803909,-0.0756743809,-0.9901529182,0.1819011329,-0.1876468659,2.859095995,-0.4704380291,-0.189908725,0.02534530786,0.2628282542,0.3136397995,0.09056122515,0.1295072486,-0.007806455962,0.5709415546,-0.02576973012,-0.02075257737,-0.01396330719,0.007652576923,-0.2341627551,-0.01974557452,0.5944591723,-0.01357789652,-0.02559058457,-0.01896937389
0.1343065748,-0.06814238981,0.3342252892,-0.002639293266,-0.0152054353,-0.04616486013,0.9988146147,-0.9706277453,-0.1780577211,-0.4597009461,2.80553833,-0.07459440262,-0.0766972464,-0.9799380995,0.1874134659,-0.1799194959,2.852047947,-0.4419563394,-0.1898947797,0.02553402692,0.2625263116,0.3159555403,0.08817936568,0.1291163076,-0.007285248461,0.5697165036,-0.026056059,-0.02116375455,-0.01378856419,0.005064551288,-0.2334326041,-0.01945959315,0.5924278706,-0.01349468031,-0.02600679788,-0.01948030018
0.1411982837,-0.0670875496,0.3360035887,-0.002800883339,-0.01447656941,-0.04520534297,0.9988688908,-0.9619771536,-0.1696831433,-0.4593582397,2.801512668,-0.08099915241,-0.07765483236,-0.9692680431,0.1917112398,-0.1716495521,2.843916204,-0.4121074606,-0.1898771802,0.02499901544,0.2618611286,0.3177853354,0.08600021984,0.1289462978,-0.006831470709,0.5686627102,-0.02627899521,-0.02147440522,-0.01358446181,0.003295367974,-0.2329152827,-0.01915690878,0.5901582119,-0.01323761538,-0.02675476891,-0.0195655666
0.1483707518,-0.06583507224,0.3381354815,-0.003279165565,-0.01359965936,-0.04449444994,0.9989116779,-0.9514882454,-0.1590498188,-0.4588641532,2.796840717,-0.0901358133,-0.07843885355,-0.9590824445,0.1949082856,-0.163127591,2.833737529,-0.3804077516,-0.1898782816,0.02435035442,0.2615418235,0.3210063721,0.08370369159,0.1289033603,-0.006384363937,0.567771235,-0.02663040978,-0.02180234458,-0.01352568872,0.00213088093,-0.2327866184,-0.01899185253,0.5872883919,-0.0128785375,-0.02797166676,-0.01948434052
0.1558992758,-0.06437679593,0.3405506864,-0.003943884817,-0.012101282,-0.04384903867,0.9989570894,-0.9405216331,-0.1474766812,-0.4586519089,2.791894329,-0.09931078331,-0.07913919904,-0.9500597535,0.1966330877,-0.1543558257,2.821812418,-0.3467665198,-0.1898673304,0.02344960463,0.2612401818,0.3241477922,0.08180563376,0.1290673503,-0.005994454209,0.5669104282,-0.02698127035,-0.02210705878,-0.01352625204,0.001794645659,-0.2329383624,-0.01885573064,0.5841840131,-0.01252340378,-0.02935662928,-0.01932833294
0.163607592,-0.06282823549,0.3427682595,-0.005331550677,-0.01069936781,-0.04415145527,0.9989533258,-0.9288849819,-0.1293118556,-0.4619548823,2.784734853,-0.109513399,-0.08044434937,-0.9404706248,0.1973055538,-0.1466532841,2.809654611,-0.3124420157,-0.1900620359,0.02456829223,0.2623137685,0.3286074662,0.0810387574,0.1289315751,-0.005603272882,0.5657709183,-0.02743500228,-0.0225522445,-0.01359546975,0.002567494985,-0.2339899899,-0.01847419391,0.5806703281,-0.01218676298,-0.03087924486,-0.0190047348
0.1713781388,-0.06115858664,0.3448403414,-0.007042407855,-0.008845289598,-0.04479936557,0.9989320208,-0.9196663199,-0.1101761539,-0.465919991,2.776254086,-0.1189828808,-0.08170058278,-0.9314638127,0.1962370826,-0.1395665056,2.797314472,-0.2776143817,-0.1901949709,0.02658242858,0.2638966328,0.3335914296,0.08109982936,0.1285582109,-0.005155130065,0.5646327031,-0.02787846842,-0.02306218416,-0.01365263779,0.00374589961,-0.2357136078,-0.01808111579,0.5773432438,-0.01190650451,-0.03236601133,-0.0186382784
0.1789376059,-0.05951524174,0.3468898964,-0.009028927766,-0.007204652699,-0.04573122006,0.9988869941,-0.9101904539,-0.09155075891,-0.4690952803,2.766323788,-0.1292436098,-0.08319086041,-0.9188029334,0.1925053589,-0.1330208408,2.784967301,-0.2449925567,-0.1905278721,0.02983361252,0.2660123131,0.3394190304,0.08242927615,0.127774996,-0.004819356892,0.5636108712,-0.02834371829,-0.02378833628,-0.01386723953,0.006003468135,-0.2382561148,-0.01763742114,0.5745800192,-0.01162185009,-0.03363105315,-0.0181508202
0.1856455263,-0.05798671768,0.3492973169,-0.01086619196,-0.004423856156,-0.04638954684,0.9988545266,-0.9044840871,-0.0777782821,-0.4696176095,2.756947114,-0.1397088205,-0.08445952193,-0.9077834718,0.1891308833,-0.1272830877,2.772119346,-0.2159150355,-0.1911117023,0.03379517357,0.2676364455,0.345761889,0.08279925131,0.1268416974,-0.00422967696,0.5631522089,-0.02877889102,-0.02455581607,-0.01404619804,0.006975945443,-0.2410392614,-0.01772514205,0.5730238227,-0.01141596238,-0.03460181634,-0.0178558955
0.1913027747,-0.05653409181,0.3522442993,-0.01236617781,-0.0008459182914,-0.04682425975,0.9988262365,-0.8998576401,-0.06897202826,-0.4675594679,2.747831369,-0.1510089977,-0.08587882982,-0.899337581,0.1859917469,-0.1228219319,2.760412887,-0.1929517833,-0.1924654426,0.03819365529,0.2686285138,0.3526734761,0.08173418279,0.12575597,-0.003398366828,0.5632220681,-0.02911885606,-0.0254551528,-0.01430000186,0.006193057971,-0.2440202564,-0.01879748131,0.5723324683,-0.0108891303,-0.03560243219,-0.01790816645
0.1960794801,-0.05518429257,0.3556013187,-0.01367297842,0.003201330289,-0.04713615241,0.9987897598,-0.8964128401,-0.0633050192,-0.4644762809,2.738830883,-0.1611907785,-0.0872481684,-0.893208634,0.183368466,-0.1194997899,2.748779441,-0.1763581313,-0.193926574,0.04290282869,0.2691009856,0.3601877556,0.08012637357,0.1248297332,-0.002567049268,0.5631401209,-0.02940054497,-0.02628272771,-0.01454124436,0.004312493063,-0.2471693325,-0.02042832298,0.5718402953,-0.01027927535,-0.03650075223,-0.0182027473
0.200311955,-0.05388150496,0.3592237177,-0.01459966783,0.006801826753,-0.04700496736,0.9987647961,-0.8921396159,-0.06051559523,-0.4605644528,2.729069434,-0.1700065995,-0.08901182909,-0.8872850587,0.1793183592,-0.1186853285,2.739516714,-0.1683175877,-0.195798731,0.04684862883,0.2687213195,0.3678209766,0.07878253277,0.1243611189,-0.002069574064,0.5628719532,-0.02955937345,-0.0271375329,-0.01502630333,0.002601399083,-0.2502047129,-0.02242090389,0.5715332351,-0.009563111208,-0.03719363953,-0.01860107837
0.2042352128,-0.05261934958,0.3629279156,-0.01516453985,0.009959367615,-0.04667866705,0.9987451876,-0.8869860128,-0.05955462236,-0.4560614868,2.71909805,-0.1773807706,-0.09071381746,-0.88086519,0.1739524872,-0.1198354075,2.730526688,-0.1693737119,-0.1976782083,0.05042645674,0.2674678242,0.3745274993,0.07871299272,0.1244107177,-0.001872925124,0.5622922972,-0.02965672211,-0.02794188073,-0.01558052998,0.001824463243,-0.2530828807,-0.02448944303,0.5713838672,-0.008914783674,-0.03766084689,-0.01923749049
0.207998277,-0.05138031603,0.3666440969,-0.01524297407,0.01222373959,-0.04608543097,0.9987463967,-0.8797091302,-0.06015311017,-0.450511585,2.708235739,-0.1837655839,-0.0925815163,-0.872452186,0.1664092058,-0.1233925256,2.722049557,-0.178188562,-0.1998072887,0.05335993016,0.2651100536,0.3802766604,0.07999457354,0.1251092149,-0.002051186329,0.5616713897,-0.02958220176,-0.02864061876,-0.0163536385,0.002357749382,-0.2555374566,-0.02684468421,0.5715558059,-0.008269478566,-0.03770165311,-0.02041231293
0.2117380934,-0.05014171182,0.3702507288,-0.0149988839,0.0139151187,-0.04531446919,0.9987632361,-0.8710249838,-0.06181511652,-0.4444111383,2.697430961,-0.1892558094,-0.0942845376,-0.8623145946,0.157477214,-0.1277133935,2.71401215,-0.1888418423,-0.2016399116,0.05580185212,0.2619987608,0.3837618014,0.08328136571,0.1262996153,-0.00239496545,0.5611107381,-0.0294537625,-0.02924711644,-0.01714919167,0.004576709768,-0.257668758,-0.0293144726,0.5720621536,-0.007665287499,-0.03757049612,-0.02192594099
0.2154519868,-0.04891300649,0.3737583458,-0.01441266122,0.01487199617,-0.04429471739,0.998803823,-0.8606510837,-0.0645479842,-0.4376006304,2.686561048,-0.1938109982,-0.09603507604,-0.8499789703,0.1471818517,-0.1326413755,2.705454089,-0.2008985068,-0.2037289316,0.05779980493,0.2577491899,0.385325261,0.08801238403,0.1282219981,-0.00293946631,0.5609086288,-0.02907365063,-0.02968423863,-0.01809620178,0.008208778932,-0.2590639712,-0.03179200502,0.5731214734,-0.007015313639,-0.03695218314,-0.02352461295
0.2191508848,-0.04765003643,0.3771423989,-0.01378368698,0.01546931115,-0.04330575628,0.9988469962,-0.8494515758,-0.0675899451,-0.4306904531,2.676316266,-0.1976746297,-0.09760126077,-0.8367470801,0.1367233751,-0.1375114368,2.696837115,-0.2123788087,-0.2055807557,0.05974368804,0.2530486364,0.3841623668,0.09443751887,0.1305347586,-0.003382671622,0.5610803979,-0.02865225238,-0.03000161164,-0.01899252577,0.01314205273,-0.2600411802,-0.03381257932,0.5746133832,-0.006410846484,-0.03611259142,-0.02477314612
0.2227242474,-0.04636926793,0.3805017339,-0.01311825831,0.01557388033,-0.04241080497,0.9988927316,-0.83717112,-0.07064095726,-0.4234774377,2.66523968,-0.2012837709,-0.09923115232,-0.8225414771,0.1262302562,-0.1427100711,2.687174127,-0.2241236772,-0.207636171,0.06184817302,0.2476050024,0.3812966306,0.1016706999,0.1334549616,-0.003785972574,0.5617266143,-0.02794802637,-0.03010731668,-0.01993905942,0.01861724458,-0.2602628754,-0.03520058957,0.5766449014,-0.005748649567,-0.03465412629,-0.02548426646
0.2261940058,-0.04502367583,0.3838048793,-0.01266957672,0.01545877352,-0.04171614095,0.9989295629,-0.8245129757,-0.07332686271,-0.4166185924,2.654229837,-0.2045823756,-0.1007047861,-0.8082393288,0.1164285566,-0.1478489416,2.677174466,-0.2349649854,-0.2094620115,0.06415304905,0.2420248904,0.376092298,0.1100058754,0.1366746561,-0.003973618382,0.5627276431,-0.02723070226,-0.03008332615,-0.02079110717,0.02466708933,-0.2599813447,-0.03572735149,0.5789578632,-0.005153070384,-0.03298959956,-0.02564268307
0.229477177,-0.04365181691,0.3871322551,-0.01234351342,0.01491109501,-0.04104521307,0.998969763,-0.8113377709,-0.07583188353,-0.4094262572,2.642208662,-0.2079563489,-0.1020911742,-0.7931145453,0.1070577398,-0.1529943313,2.665298192,-0.2458420769,-0.2114432164,0.06671277214,0.2356179506,0.3696709078,0.1187656859,0.1404829498,-0.004136542947,0.5641473362,-0.02617747954,-0.02977234846,-0.02165183555,0.03077804167,-0.2587989582,-0.03563711586,0.5817058391,-0.004482079353,-0.03070363426,-0.02548954141
0.2326420876,-0.04222023666,0.3904075723,-0.01228911019,0.01414453667,-0.04034916182,0.9990099374,-0.7981276449,-0.07810191333,-0.402524464,2.630208225,-0.2111833233,-0.1033096311,-0.7777370735,0.09834238381,-0.1578452627,2.65255309,-0.2558296774,-0.2131922699,0.06937067174,0.2287567262,0.361275449,0.1283812426,0.1446818576,-0.004153657241,0.5658011008,-0.02513093836,-0.02932617446,-0.02242856684,0.03728587195,-0.2568979912,-0.03485603202,0.584573934,-0.003876906629,-0.02831641816,-0.02508408597
0.2356342142,-0.04075584724,0.3936980764,-0.01235808828,0.0128982047,-0.03941604769,0.9990632058,-0.7849848311,-0.08012218107,-0.3947586617,2.616957614,-0.2151401198,-0.1044047545,-0.7612708188,0.0897232982,-0.1626895401,2.637850487,-0.2658206713,-0.2151128901,0.07197431533,0.2208950428,0.3519368008,0.1383114914,0.1494977889,-0.004259359156,0.5677327361,-0.02363039537,-0.02862028142,-0.02313515765,0.04390038751,-0.2540766916,-0.03373979625,0.5876878137,-0.002995665299,-0.0254896603,-0.02445663692
0.2385171996,-0.03923692603,0.3969235191,-0.01266807047,0.01137007076,-0.03811538929,0.9991283494,-0.7725588822,-0.08188860911,-0.3870489495,2.603612172,-0.2191257307,-0.1053742083,-0.7442067222,0.08127921006,-0.1672325173,2.622334086,-0.2750211721,-0.2168015711,0.07434098713,0.2123447984,0.3409156636,0.1488757467,0.1547683609,-0.004302611535,0.5697804742,-0.02214602429,-0.027821945,-0.0237645195,0.05104906986,-0.2505322603,-0.03207818941,0.5906915927,-0.002092912179,-0.02275932441,-0.02351835199
0.2412466875,-0.037669971,0.4001501982,-0.01299989601,0.009252672287,-0.03641538502,0.9992093427,-0.760509224,-0.08307807394,-0.3784457567,2.589893158,-0.2236459074,-0.1061361091,-0.7257320091,0.07232466313,-0.1720132474,2.605244922,-0.2842306019,-0.2185980486,0.07663817815,0.2025707472,0.3292208246,0.1596839237,0.160553119,-0.004548582831,0.5720678216,-0.02025704878,-0.02671030519,-0.02436263563,0.05855126687,-0.2462920749,-0.03009807568,0.5936890486,-0.0008888807357,-0.01974750286,-0.02219215801
0.2438757562,-0.03604033675,0.4033201783,-0.01341361368,0.006765461825,-0.03425033482,0.9993003643,-0.7492340505,-0.08381533838,-0.3702403703,2.576980333,-0.2271796724,-0.1066734459,-0.7064170078,0.0630260702,-0.1764881623,2.587757801,-0.2927424113,-0.2201455365,0.07881830301,0.1917370355,0.3161460166,0.1710004507,0.1667169249,-0.004771811231,0.5744834854,-0.01844062379,-0.02552350608,-0.02491549404,0.06671693601,-0.24147548,-0.02754471543,0.5964789273,0.0003398659328,-0.01693292857,-0.02042679428
0.2463687387,-0.03429951458,0.4065079281,-0.01360806631,0.00375018081,-0.03194944359,0.9993898087,-0.7377138173,-0.08357976833,-0.360821744,2.56425339,-0.229482406,-0.1069289752,-0.6859428291,0.05269801113,-0.1816269617,2.568728753,-0.3015540634,-0.2217992224,0.08111433159,0.1795370169,0.3026325213,0.1823577965,0.173306015,-0.005166934306,0.5771961968,-0.01623207717,-0.02406978745,-0.02537264506,0.07514817282,-0.236084418,-0.02468372118,0.5993298197,0.001871171857,-0.01387564605,-0.01821687386
0.2487777757,-0.03242699114,0.4096548623,-0.01367445406,0.0004633854378,-0.02941072285,0.9994737635,-0.7265251061,-0.08268236682,-0.3514446587,2.552552876,-0.2307157481,-0.1070650618,-0.6649505104,0.04158836236,-0.1866244382,2.549401678,-0.3098266664,-0.2231850946,0.08336955507,0.1662095537,0.2878910327,0.1940956891,0.1801483973,-0.005498977374,0.5800478574,-0.01413540291,-0.02258486645,-0.02577571462,0.08411193193,-0.2302525688,-0.02146655331,0.6020896937,0.003344801036,-0.01097627788,-0.01589142045
0.251069118,-0.03036896118,0.412801741,-0.01325284721,-0.00321184085,-0.02706101239,0.9995407684,-0.7149088974,-0.08090855598,-0.3406297633,2.54115808,-0.2314961715,-0.1070410777,-0.6435334833,0.02900664955,-0.1923359353,2.530163745,-0.31807721,-0.2245817261,0.08587987653,0.151499366,0.2728355827,0.2058324063,0.1871884818,-0.005919271219,0.583116607,-0.01174960682,-0.02087374913,-0.02604880307,0.09306372239,-0.224087554,-0.01825014136,0.6049756377,0.004945099896,-0.00780004367,-0.01356378523
0.2533063433,-0.02809579018,0.4158911807,-0.01265869705,-0.007089491982,-0.02442940892,0.9995962687,-0.7036191061,-0.07872533909,-0.3293561729,2.530591483,-0.2317897808,-0.1071120654,-0.6219024773,0.01551473817,-0.1969586818,2.512356318,-0.3248212922,-0.2259071393,0.08783642424,0.1362078456,0.2567376147,0.217834171,0.1941414781,-0.00630078287,0.5863333121,-0.009524170911,-0.01915856252,-0.02627843656,0.1024275939,-0.2178724824,-0.01507414051,0.6077720316,0.006407823228,-0.00477796466,-0.01144631352
0.2554724071,-0.02558527484,0.4189757918,-0.01184166544,-0.01121321243,-0.02180457029,0.999629231,-0.691528843,-0.07600033161,-0.3168738568,2.520129428,-0.2323453208,-0.107242029,-0.6000674149,0.0008501740858,-0.201957927,2.495650787,-0.3316531303,-0.227338982,0.08961461905,0.1208591112,0.2406872335,0.2295293554,0.2006771802,-0.006815148357,0.5898292426,-0.00717781134,-0.01723768103,-0.02639509207,0.1115772436,-0.2119919862,-0.01220973079,0.6105087572,0.007840286081,-0.001608866266,-0.009453426282
0.257644758,-0.022828604,0.4219800611,-0.01107645828,-0.01537255099,-0.01866166117,0.999646307,-0.679546891,-0.07323988271,-0.3042192716,2.510247936,-0.2331255454,-0.1075438691,-0.5781681727,-0.01446961332,-0.2055461535,2.480980517,-0.337563547,-0.2288696537,0.09039895329,0.1060527961,0.2238058175,0.241236395,0.2066830107,-0.00740893853,0.5934283704,-0.00503891901,-0.01532422552,-0.02649981391,0.1210566576,-0.2065754719,-0.009645564745,0.6130454674,0.009108199124,0.001326624631,-0.007705162428
0.2597861361,-0.01990423124,0.4249567385,-0.01044350804,-0.01953025134,-0.01540219139,0.9996360712,-0.6662861047,-0.0705884556,-0.291296729,2.500084677,-0.2351481797,-0.1080429632,-0.5563389012,-0.02978736228,-0.2089445738,2.467872176,-0.3436120743,-0.2307437229,0.09061993354,0.09222660691,0.2075342302,0.2521703446,0.2118968348,-0.008122956204,0.5970973646,-0.002889582839,-0.0133044815,-0.02641925693,0.130001737,-0.2018440424,-0.007526952646,0.6153476861,0.01031344639,0.004211092931,-0.006049192123
0.2619687614,-0.01682591105,0.4278126626,-0.01000921024,-0.02336414025,-0.01183557748,0.9996068486,-0.6528424414,-0.06831920136,-0.2788803449,2.490265814,-0.2383488862,-0.1086831542,-0.5350196601,-0.04508609665,-0.2121601049,2.455957892,-0.3497181428,-0.2324560501,0.09009339349,0.07939925101,0.1907640885,0.2627417228,0.2164288196,-0.008928198989,0.6005910171,-0.0009650346686,-0.01136992749,-0.02632119719,0.1389294127,-0.1977303857,-0.005758295572,0.6173499678,0.01136895785,0.00679138883,-0.004602280742
0.264083179,-0.01371642594,0.4306895701,-0.009952012589,-0.02679972325,-0.008566350138,0.9995545758,-0.6378105814,-0.06649578789,-0.2673184337,2.479890122,-0.2438588561,-0.1095321433,-0.5144562816,-0.05866096416,-0.2161782676,2.444051601,-0.356532007,-0.2344308198,0.08932297261,0.06802012598,0.1752141771,0.2720954999,0.2200695156,-0.00976959913,0.6038288663,0.0008672706336,-0.009445334979,-0.02601186499,0.1468802284,-0.1943280474,-0.004364282971,0.6190316422,0.01229560076,0.009206195336,-0.003222599562
0.266160216,-0.01057299719,0.4335192161,-0.01025197259,-0.02942609342,-0.005658994821,0.9994983631,-0.6225741206,-0.06516987859,-0.2569935205,2.469674846,-0.2516341382,-0.1104989272,-0.4955391343,-0.0703202889,-0.221231309,2.432235519,-0.3645729439,-0.2362198779,0.08846553056,0.05796605824,0.159732317,0.2805772425,0.2228562946,-0.01063262639,0.6067324888,0.002473327428,-0.007687244117,-0.02568036286,0.1541645759,-0.1915900676,-0.00323876283,0.6203972188,0.01308210948,0.01130961983,-0.002008898978
0.2680695104,-0.007479715689,0.4364349993,-0.01106976772,-0.03141438569,-0.003554055299,0.9994388252,-0.6058391175,-0.06350710222,-0.2482143566,2.459047018,-0.2623782796,-0.1117664374,-0.4787242242,-0.07832207304,-0.2282572882,2.419039403,-0.3728979558,-0.2381470143,0.08786791768,0.04968974563,0.1462015714,0.28729719,0.2245713763,-0.0112905099,0.6093814663,0.003924436936,-0.006058142407,-0.02500904954,0.159932634,-0.1895454407,-0.002345264462,0.6215187605,0.01378132879,0.01317431115,-0.0007851061323
0.2698618465,-0.00445246948,0.4393506207,-0.01208000848,-0.03240200719,-0.002169130755,0.9993995588,-0.5890747956,-0.0622082262,-0.2404769213,2.448319314,-0.2761462873,-0.113188415,-0.4645528768,-0.08304215609,-0.2368583712,2.405551596,-0.3820510921,-0.239917127,0.0873913282,0.04234485255,0.1335563227,0.2927284619,0.2255435829,-0.01188071092,0.6115297328,0.005162996244,-0.004633954932,-0.02429816267,0.1645861711,-0.1879494077,-0.001589526726,0.6223128059,0.0143757495,0.01474880876,0.0003200226642
0.2715277015,-0.001573076948,0.4422846473,-0.01333135184,-0.032886036,-0.001510400834,0.9993690521,-0.5708390448,-0.06075027003,-0.233942226,2.437069512,-0.293243736,-0.1149703428,-0.4522942257,-0.08382855329,-0.2468826827,2.391054001,-0.3914518916,-0.2419184768,0.08698078414,0.03591347765,0.1231587499,0.2964189811,0.2258921295,-0.01216445679,0.6132836867,0.006153364063,-0.003349425864,-0.02327124368,0.1678620534,-0.1866189068,-0.0008821269625,0.6228189906,0.01483070176,0.01602273277,0.001431411283
0.2731308782,0.001150323978,0.4451548826,-0.01450519667,-0.0324710166,-0.001375301899,0.9993664698,-0.5528297759,-0.05987250262,-0.2279949176,2.425406606,-0.3134578818,-0.1168294531,-0.4423483486,-0.08134656467,-0.2577893116,2.37699723,-0.4016306883,-0.2439074681,0.08636261431,0.0295858748,0.1138478623,0.2988065121,0.2259663298,-0.01236360765,0.6144252962,0.006952191415,-0.002266796596,-0.02225136248,0.1702823609,-0.185373395,-0.0001863196332,0.6228929387,0.01519375003,0.01701420721,0.002437796863
0.2747122086,0.003697623115,0.4479269439,-0.01575118359,-0.0317288949,-0.001599137654,0.9993711124,-0.5338560068,-0.05875656539,-0.2229403821,2.413156955,-0.3366976129,-0.1187972905,-0.4333444992,-0.07592531421,-0.2687279687,2.362467471,-0.4119506436,-0.2460652382,0.08553281541,0.02371888874,0.106435424,0.2996607211,0.2257832473,-0.01228336803,0.6152450528,0.007492257096,-0.001274553461,-0.02102946087,0.1719228074,-0.1842237237,0.0005609675801,0.6225103286,0.01541046814,0.01765705961,0.003430802483
0.2763077535,0.006084673794,0.4505414691,-0.01685881922,-0.03025728025,-0.002128444121,0.9993976921,-0.5155544285,-0.05785450222,-0.2182427929,2.400510522,-0.362486446,-0.1206762189,-0.4261749242,-0.06875559272,-0.2799747976,2.348403406,-0.4224704797,-0.2480174991,0.08446456342,0.01781249852,0.09985584151,0.2993400345,0.2255312801,-0.01212048491,0.6155543455,0.00788757467,-0.0004502788545,-0.01986544012,0.1731161306,-0.1831353445,0.001344723049,0.6216366123,0.01555984036,0.01803414978,0.004330711737
0.2779953645,0.008303733196,0.4530683071,-0.01810490923,-0.02864580169,-0.00284877501,0.9994215901,-0.4968957684,-0.0553944,-0.2140477438,2.387230196,-0.3903455191,-0.1224905853,-0.4193360305,-0.06041600104,-0.2897313242,2.331321808,-0.4317519059,-0.2498836799,0.08340046344,0.01242107941,0.09486100242,0.2978856348,0.2250998731,-0.011662556,0.6155611353,0.008161701798,0.0002294924262,-0.01843551323,0.1738448584,-0.1821800115,0.002207591632,0.6203179232,0.01571424127,0.01803653507,0.005304549881
0.2798060563,0.01038487634,0.4554623021,-0.01941165105,-0.02648695727,-0.003420884557,0.9994548146,-0.4795397173,-0.05221193165,-0.2103469702,2.37372494,-0.4196480743,-0.1241444009,-0.4134280554,-0.05195101305,-0.2972781252,2.314167866,-0.4407652935,-0.2519234973,0.08184919064,0.007360124108,0.09040109878,0.2955161891,0.2245881828,-0.01117108607,0.6151662629,0.008363996652,0.0007522747133,-0.01706468084,0.1744753811,-0.1814137831,0.003053584634,0.6185479987,0.01585559782,0.01780149987,0.00621109312
0.281822718,0.01245944692,0.4577052103,-0.02097932569,-0.0244214238,-0.003715150705,0.9994746918,-0.4623691282,-0.04717674721,-0.2069440861,2.360788843,-0.4500682301,-0.1255263558,-0.4065987245,-0.04376625079,-0.3008722793,2.296021113,-0.4495095794,-0.2543764186,0.07976191328,0.00311798355,0.08715539277,0.2924824664,0.2238341939,-0.01061819298,0.6144966163,0.008665380949,0.001104659938,-0.01533578882,0.1751423682,-0.1810084945,0.003758461327,0.6162270679,0.01621972887,0.01711186908,0.007256560958
0.2840744127,0.01453001735,0.4597728759,-0.02277111169,-0.02202831149,-0.003518464813,0.999491796,-0.4469530195,-0.04098837189,-0.2038821921,2.348496787,-0.4806937871,-0.1267588972,-0.3995192021,-0.03664020624,-0.3023986628,2.279183021,-0.4588407237,-0.2566120705,0.07693097237,-0.0004774017796,0.08407271917,0.2889279648,0.2229848483,-0.01016345599,0.6135289033,0.008960843674,0.001319718301,-0.01367709434,0.1761148195,-0.1809168301,0.004281194079,0.613573916,0.01661423942,0.01620057516,0.008229896341
0.2866205492,0.01662524738,0.4616496858,-0.02491053824,-0.01967476473,-0.002996779053,0.9994915648,-0.4323431487,-0.03345572855,-0.2011759589,2.336555832,-0.5106776138,-0.1278141824,-0.3908166376,-0.02996374249,-0.3029899563,2.263678763,-0.4694364552,-0.258328964,0.0736338229,-0.002887377436,0.08138654602,0.2852126873,0.221790932,-0.009778616021,0.6123709296,0.009107022101,0.001460467883,-0.01208395651,0.177371112,-0.1813650454,0.004618075074,0.6107327804,0.01684614239,0.01499557719,0.009109679989
0.2894697341,0.01874184184,0.4633117667,-0.02721841958,-0.0170125066,-0.002162621945,0.9994823937,-0.4195779725,-0.02532051661,-0.198544661,2.325094775,-0.5392967253,-0.1287805699,-0.3816769447,-0.0243361894,-0.3034434052,2.249422181,-0.4809939601,-0.2596002186,0.06999243797,-0.004595528754,0.07832944861,0.2814621942,0.2204355321,-0.009551064458,0.610975399,0.009187047095,0.001507819072,-0.0106908248,0.1789934565,-0.1822251139,0.004747934089,0.6078865258,0.01700224692,0.01372175964,0.009852000327
0.2926062427,0.02085316914,0.4647003046,-0.02972347975,-0.01445175332,-0.0011814636,0.9994529832,-0.4076090821,-0.01661584298,-0.1960897648,2.31414609,-0.5659741275,-0.1295828274,-0.371209733,-0.01919336587,-0.3040591311,2.236075004,-0.4935406807,-0.2602617129,0.06614651192,-0.005536276301,0.07557807054,0.2778188808,0.2188248531,-0.009389318352,0.6094059277,0.009265911747,0.001431096166,-0.009229436276,0.1807889613,-0.1835389723,0.004635620678,0.6050955818,0.01714454323,0.01223637859,0.01058411064
0.2960047581,0.02294235512,0.4658351194,-0.03215682676,-0.01174102355,-0.0001770890077,0.999413856,-0.3978069902,-0.009002608009,-0.193629214,2.304212318,-0.5895377914,-0.1302080448,-0.3605699093,-0.01502123391,-0.3047600469,2.223589138,-0.5065530129,-0.260542434,0.06236358194,-0.006405650319,0.0727145161,0.2742443274,0.2171727335,-0.009298639786,0.6077517378,0.00933026298,0.001261972222,-0.007900025175,0.1826235425,-0.1850695562,0.004308411877,0.602612315,0.01726358806,0.01077999851,0.01121246241
0.2995974068,0.02502609034,0.4666833694,-0.03459859805,-0.00931592728,0.0005788664316,0.9993577014,-0.3894731336,-0.002919787411,-0.191359478,2.296190543,-0.6091539452,-0.1305819411,-0.3489299555,-0.0111205012,-0.3052570194,2.211645097,-0.5200018694,-0.2603200356,0.05889695009,-0.006996522621,0.07046328665,0.2707815405,0.2153157748,-0.009160979997,0.6061339622,0.009366864424,0.001028820907,-0.00649153614,0.1842552573,-0.1869195683,0.003802328721,0.6004532509,0.01730641012,0.009219496633,0.0118103336
0.3032822676,0.02698016235,0.4674068917,-0.03638668949,-0.006805092187,0.001233805879,0.9993138532,-0.3833297171,0.000496089045,-0.1887403973,2.289516078,-0.6247768785,-0.1306886411,-0.3377105683,-0.00864448063,-0.3050930918,2.200288247,-0.5333852493,-0.2598976996,0.05555056954,-0.009207618701,0.06852567384,0.2669867065,0.2139557914,-0.00889483745,0.6048658017,0.009383695173,0.0007836963934,-0.005195273472,0.1852543057,-0.1881401725,0.003107655869,0.5992848435,0.01730976883,0.007787645878,0.01228179202
0.3068737391,0.02877029751,0.4681126562,-0.03745786202,-0.004413007425,0.001936605943,0.9992865873,-0.3784452462,0.001456272696,-0.1860279675,2.284073223,-0.6372666955,-0.1304296075,-0.326835583,-0.007646289163,-0.3041769444,2.189361564,-0.5466093461,-0.259301183,0.05187210238,-0.01318140142,0.06751680304,0.2624517155,0.2131521513,-0.008358484832,0.6041973504,0.009360952658,0.0005907007915,-0.00377909017,0.1854336171,-0.1885300314,0.002281586256,0.5990886985,0.01723371163,0.006358422349,0.01271016737
0.3103204018,0.0303445937,0.4688940255,-0.03767193564,-0.001870410947,0.002689196848,0.9992847918,-0.3749640752,0.0001250938524,-0.1829583669,2.27900041,-0.6471945154,-0.1300176317,-0.31730131,-0.008050412781,-0.3023553721,2.178844369,-0.5593441923,-0.2586994419,0.04799681985,-0.01937670357,0.06706951732,0.2570339383,0.2131440829,-0.007603213892,0.6040632827,0.009327361645,0.0004944201791,-0.002457361625,0.1848678465,-0.187829054,0.001466141914,0.5997153157,0.01714171987,0.005150972319,0.01303927386
0.3135381911,0.03171354028,0.4697337048,-0.03744655787,0.0005020297137,0.003476667469,0.9992924577,-0.3722473081,-0.002392304424,-0.1797109523,2.275408878,-0.6561872435,-0.1295551813,-0.3083198973,-0.008765666229,-0.3000949115,2.168832082,-0.5718991315,-0.2580604747,0.04372932047,-0.02661202079,0.06751672797,0.2508343572,0.2134450949,-0.00660575875,0.6043514232,0.009219118237,0.0005413254712,-0.00100684802,0.1839177392,-0.1866379633,0.0008225232224,0.6004976582,0.01695233618,0.003961245564,0.01340267203
0.316563507,0.03290351161,0.4706063809,-0.03696861559,0.002832948263,0.004104119084,0.9993039838,-0.3701867276,-0.00535519972,-0.1761585276,2.272853017,-0.6646879112,-0.1291971078,-0.3004458063,-0.009378087889,-0.2973543347,2.159275054,-0.5839304762,-0.2575428208,0.0394701783,-0.03439007561,0.0683798059,0.24421201,0.2139635937,-0.005530845882,0.6047419561,0.00909774814,0.0006691327954,0.0003503152897,0.1828789334,-0.1851882437,0.0004134810795,0.6011271022,0.01675584959,0.002908759159,0.01374991842
0.3194011061,0.0339457094,0.4715080211,-0.03659037011,0.00492383473,0.004533844591,0.999307933,-0.3681680012,-0.007816443409,-0.1723465333,2.271109466,-0.6738890615,-0.1289820117,-0.293099063,-0.009320601719,-0.2946092758,2.149895265,-0.5954163709,-0.2571701942,0.03501858831,-0.04175907937,0.07000724049,0.2374107881,0.2142481717,-0.004294519702,0.6051733515,0.008858831636,0.0008710520369,0.001863615366,0.1819848897,-0.1839931895,0.0003329809017,0.6013407928,0.01644097995,0.001751160924,0.01422235559
0.3220990111,0.03487322231,0.4723789714,-0.03642623787,0.006924197339,0.004679310419,0.9993014003,-0.3662590748,-0.00936116257,-0.168337921,2.269716137,-0.6835022809,-0.1289500867,-0.2867373731,-0.008631328815,-0.2919156203,2.14080318,-0.6059880024,-0.2569466071,0.03057616897,-0.04838840583,0.07183473816,0.2307836723,0.2142789286,-0.003129792508,0.60539014,0.008605235462,0.001077044745,0.003280988801,0.1814892536,-0.183209064,0.0004588765668,0.6010323418,0.01612261456,0.00061746925,0.01471384008
0.3246726018,0.03573600895,0.4731842469,-0.03663892632,0.008773331963,0.004714716734,0.9992789346,-0.3644529334,-0.009812354661,-0.1645551274,2.269084947,-0.6937392825,-0.1290246906,-0.2809479293,-0.007410582649,-0.2896285921,2.131814166,-0.6153719889,-0.2567678148,0.02587681913,-0.0537063946,0.07400076232,0.2244289745,0.2138203431,-0.0019752259,0.6054663491,0.00829167618,0.001311507433,0.004869249905,0.1815194057,-0.1831234256,0.0007979990772,0.6001227432,0.0157256483,-0.000694653772,0.01539110407
0.3271480736,0.03653225604,0.4738985487,-0.03712442463,0.01057345382,0.004540408759,0.9992443965,-0.362740879,-0.009251813147,-0.1609442519,2.268882695,-0.7033039529,-0.1291767452,-0.2760631957,-0.005956716854,-0.2876231711,2.123230509,-0.6233691842,-0.2566004301,0.02116325174,-0.05798617847,0.0761736471,0.2185130372,0.2130538237,-0.0009823317007,0.6052946695,0.007988114485,0.001511682627,0.006351128442,0.1820990747,-0.183586336,0.001171531141,0.5988498709,0.01534250848,-0.002020100093,0.01607427047
0.3294603604,0.03724145079,0.4745008648,-0.03797302173,0.0122314426,0.004193513491,0.999195104,-0.3611510233,-0.007502844506,-0.1579528874,2.269125069,-0.7126977004,-0.12935783,-0.2715343068,-0.003769861169,-0.2860967239,2.115727193,-0.6307262022,-0.2566271845,0.01617507998,-0.06086008362,0.07837127064,0.2129708661,0.2118364651,-1.958865324e-05,0.6050103227,0.007597493165,0.001701012964,0.007919728949,0.1831746374,-0.1847121252,0.001619852776,0.5972796448,0.01487271199,-0.003501498038,0.01686455434
0.3316098358,0.03783234378,0.4750168495,-0.03890451602,0.013832628,0.003682374139,0.9991403991,-0.3597753622,-0.005117539383,-0.1553953634,2.269549977,-0.7211170273,-0.1295528395,-0.2676790265,-0.001536358072,-0.2847475131,2.109348072,-0.637329648,-0.2567391858,0.01102336932,-0.06308641406,0.08044580475,0.2077502094,0.2105093732,0.0007935580007,0.6046285619,0.007217806488,0.001854544586,0.009349891622,0.1846792668,-0.1861199226,0.001957978469,0.5957689524,0.01442124042,-0.004949785357,0.01760039663
0.3335865843,0.03825607109,0.4754808559,-0.03976538309,0.01534381871,0.003200888969,0.9990861003,-0.3586819173,-0.00257360647,-0.153236148,2.270277681,-0.7293708213,-0.129745455,-0.2644458712,0.001482017444,-0.2846384134,2.105230738,-0.6439844607,-0.2570886562,0.005802216603,-0.06504656799,0.08229293625,0.202710107,0.2091135963,0.001602439966,0.6043414481,0.00675659685,0.002031529243,0.01080622949,0.1863694486,-0.1876898947,0.002254102359,0.5944191581,0.0138887568,-0.006466500062,0.01835787659
0.335399741,0.03850137806,0.4759163813,-0.04040941053,0.01676157929,0.002734086876,0.999038865,-0.3577446827,-0.0001513825008,-0.1513232753,2.271061048,-0.7367452842,-0.1299281605,-0.2617959265,0.004853968543,-0.2855143904,2.102887146,-0.649878596,-0.2574649846,0.0006443175593,-0.06711246186,0.0839196727,0.1978526919,0.207804866,0.002316132374,0.6041340845,0.006318205293,0.002206018156,0.01211790655,0.1882547907,-0.1892313639,0.002431693371,0.5933404893,0.01338563967,-0.007866840891,0.01903167185
0.3370473717,0.0385820625,0.4763302444,-0.04086567073,0.01811301156,0.002465047299,0.9989974171,-0.3572286006,0.001964735123,-0.1497870651,2.272355894,-0.7439479227,-0.1300929533,-0.2597453576,0.008998901031,-0.2876444347,2.101658061,-0.6551282041,-0.2578824807,-0.004588438808,-0.06910037657,0.0853197712,0.1930496219,0.2064672349,0.003050708049,0.6040886267,0.005807261193,0.002405149549,0.0134244099,0.1902165004,-0.1908445147,0.002586497236,0.5924261276,0.01280524524,-0.009251925443,0.01967949087
0.3385519636,0.03850764173,0.4767103894,-0.04108233837,0.01934744757,0.002234142115,0.9989659285,-0.3567897821,0.003801637297,-0.1483499414,2.273796673,-0.7503354911,-0.1302484895,-0.2582082487,0.01365811116,-0.290808032,2.101240182,-0.6595051856,-0.2582117765,-0.009552674181,-0.07110191375,0.08652038362,0.1884484767,0.2051373334,0.003704700313,0.6040683222,0.005326606622,0.002600006313,0.01459597714,0.1923030957,-0.1925070762,0.002677983639,0.5916330216,0.01226137516,-0.01049372683,0.02024969891
0.3398968815,0.03829113452,0.4770438893,-0.04120073251,0.020544387,0.002075614963,0.9989374954,-0.3568145584,0.005609992581,-0.1470817684,2.275802785,-0.7566885622,-0.1303483336,-0.2572465274,0.01889833903,-0.2948484771,2.100472133,-0.6630433704,-0.2584923477,-0.01441652043,-0.07281663854,0.08753680627,0.1839603009,0.203670846,0.004384963424,0.6040478334,0.004744964837,0.002796539392,0.01572396124,0.1944085646,-0.1943707094,0.002786491771,0.5908409918,0.01163675884,-0.0117151629,0.02077234855
0.3411018985,0.03794188711,0.4773062387,-0.04114695394,0.02163853458,0.001815197352,0.9989171172,-0.356901678,0.007399877357,-0.1457200108,2.277957248,-0.7623594985,-0.1304463773,-0.2567719092,0.02440688133,-0.2995074581,2.099551799,-0.6658322392,-0.2586658705,-0.01885326138,-0.07438793336,0.08842306018,0.1797445077,0.2021323413,0.004981231227,0.603898573,0.00419102201,0.002959793655,0.01672485471,0.1965364373,-0.1964038659,0.002851763917,0.5900255,0.01105146818,-0.01281894976,0.02122884086
0.342157755,0.03748065166,0.4774786672,-0.04101541928,0.02276649889,0.001553524167,0.9988978969,-0.3575940149,0.009217529685,-0.1444835697,2.280894098,-0.7679837163,-0.1304988259,-0.2571376178,0.03022337972,-0.3044961386,2.097637262,-0.6681563238,-0.2588254262,-0.02323151295,-0.07554574891,0.08902756191,0.1757832667,0.2004372076,0.005559466694,0.6036454416,0.003562854193,0.003105156703,0.01765180367,0.1986648855,-0.1987026758,0.002918478537,0.5891618306,0.01040738503,-0.01387018632,0.02163136164
0.3430704311,0.03690693873,0.4775490926,-0.04068887859,0.02380750914,0.001153566577,0.9988875247,-0.358393084,0.01096979229,-0.1431076093,2.284075427,-0.7729917264,-0.1305572257,-0.2581117625,0.03596462107,-0.3094884686,2.095267222,-0.6701231189,-0.2589538253,-0.02726385699,-0.07656407117,0.08958630057,0.1721158005,0.1987032661,0.006033939135,0.603234487,0.002975911024,0.003205323304,0.01845872369,0.200731637,-0.2011600077,0.00290540866,0.5882880405,0.009811563696,-0.01481422944,0.02197224012
0.3438397377,0.03619968995,0.4775302737,-0.04027768006,0.02490114039,0.0007362077143,0.9988779203,-0.3598267125,0.01283994766,-0.1417140262,2.287976543,-0.7778844128,-0.1305695332,-0.259767807,0.04213730841,-0.3145810815,2.092046042,-0.6717379245,-0.2589567211,-0.03117862812,-0.07730777583,0.08980654557,0.1687302466,0.1968953564,0.006477267291,0.6027291297,0.002311181754,0.003264104586,0.01916896652,0.2027155136,-0.2038103999,0.002833280613,0.5874464822,0.009150972354,-0.015706353,0.02222348639
0.3444654466,0.03535566645,0.47741644,-0.03964120313,0.02591056837,0.0002074224298,0.9988779577,-0.361385288,0.01465203247,-0.1400936796,2.292039794,-0.7822163841,-0.1305947574,-0.2618054639,0.04824215481,-0.3195328252,2.088525962,-0.6731074844,-0.2589162495,-0.03476119423,-0.07810842385,0.08998728003,0.1656138166,0.1951351283,0.006826352488,0.602106399,0.001691422461,0.003276706467,0.01977188411,0.2045506209,-0.2065350355,0.002648540394,0.5866499409,0.0085396865,-0.01650033221,0.02241003089
0.3449424326,0.03436007797,0.4772281103,-0.03890976588,0.02701552527,-0.0003986865527,0.9988773862,-0.3636493671,0.01669005756,-0.1382900599,2.296773788,-0.7864140478,-0.1305210738,-0.2645688441,0.05421650207,-0.3245518604,2.083592058,-0.6738439013,-0.258447809,-0.03813664164,-0.0787951956,0.08983474523,0.1627948752,0.1933906391,0.007149656488,0.6014308078,0.00101027512,0.003261879772,0.02028364966,0.2062877753,-0.2093564397,0.002406840982,0.5858899108,0.007879723639,-0.01723299624,0.02250899293
0.3452617327,0.03320732346,0.4769599642,-0.03794802384,0.02805118422,-0.00116978301,0.9988852337,-0.3660706221,0.01877563234,-0.1361796191,2.301611459,-0.7901105673,-0.1304616556,-0.2677150165,0.05969841322,-0.329315166,2.078084057,-0.6743709019,-0.2578992309,-0.0411206846,-0.07969634039,0.08973813186,0.1602343491,0.191781702,0.007412977987,0.6006706226,0.0003810155426,0.003213972843,0.02071209107,0.2078164447,-0.2121608143,0.002078130156,0.5851673538,0.007274385457,-0.01787641596,0.02255933104
0.3454152409,0.03187560692,0.4766307493,-0.03692079392,0.02920126633,-0.001980789624,0.9988894921,-0.3693174031,0.02122702522,-0.1339043529,2.306974278,-0.7935489869,-0.1302967476,-0.2712830096,0.06542567839,-0.3332986567,2.072185843,-0.6738919752,-0.2575255441,-0.04389151772,-0.08054023624,0.08937478789,0.1579573415,0.190255473,0.007687448835,0.5998556303,-0.0003021028406,0.0030895271,0.02107180261,0.2091263689,-0.2149838686,0.001701348333,0.5844440229,0.006655689321,-0.01850130112,0.02251986754
0.3454116414,0.03037277663,0.4762360895,-0.03578979949,0.03028639216,-0.002704907161,0.9988966454,-0.3728837341,0.02385685964,-0.1317125662,2.312366183,-0.7965187469,-0.1301433952,-0.2745465634,0.07097653016,-0.3360652731,2.066955844,-0.6736111881,-0.2575891416,-0.04657901841,-0.08138450945,0.08913789057,0.1558707179,0.1888182791,0.00789318099,0.5990450578,-0.0009276595431,0.002935877592,0.02136702826,0.2102512715,-0.2178084574,0.001218419108,0.5836925363,0.00610118579,-0.01907884152,0.02243959445
0.345308544,0.0287214508,0.4757856884,-0.03465495612,0.03157705063,-0.003121627695,0.9988954797,-0.3775367603,0.02664244383,-0.1298173526,2.318348557,-0.7990755685,-0.1298068869,-0.2777337141,0.07649023267,-0.3370132825,2.061816994,-0.6729463971,-0.2581394767,-0.04956833571,-0.08192989484,0.08837239045,0.1540717346,0.187365246,0.007986702228,0.5982910586,-0.001561915006,0.002776040148,0.0214879638,0.2114087443,-0.2207647843,0.0006303287067,0.5828903687,0.005537328,-0.01958289348,0.0222365705
0.3451101973,0.02690955018,0.4752823873,-0.03348980568,0.03287056539,-0.003282626521,0.9988929789,-0.3826234855,0.02958600723,-0.128230339,2.324312939,-0.8011897131,-0.1294745531,-0.2801760053,0.08170261574,-0.3372873027,2.057899267,-0.6732450864,-0.2585772906,-0.05263453858,-0.08229060112,0.0875347159,0.1524676438,0.185964801,0.007951223766,0.5975969566,-0.002129468562,0.002627375582,0.02152563353,0.2125707193,-0.2237495131,-9.359613816e-05,0.5821061312,0.005033211385,-0.02003251316,0.02199259672
0.3448692583,0.02494661105,0.4747309279,-0.03229835841,0.03433159835,-0.003183628564,0.9988833875,-0.3885431823,0.03266915278,-0.1268595903,2.330702233,-0.8029524747,-0.1289711456,-0.2822443044,0.08712391984,-0.3371862868,2.054994891,-0.6747233748,-0.2590239029,-0.05587374314,-0.08241439419,0.08613677048,0.1511839879,0.18458433,0.007803772981,0.596843712,-0.002699907109,0.002393757486,0.02144422965,0.2138290604,-0.2268211181,-0.0009391031567,0.5812448043,0.004562958381,-0.02049512237,0.02162594483
0.3445826746,0.02283095723,0.4741318127,-0.03105700971,0.03576443591,-0.002941190075,0.9988732235,-0.3946357999,0.03593681025,-0.1256475105,2.33693528,-0.8043787952,-0.1285002691,-0.283692873,0.0924665673,-0.3372422031,2.053093331,-0.6775285127,-0.2593829526,-0.0589860621,-0.0823882696,0.0846383786,0.1501163795,0.1832446248,0.007566219081,0.5960695615,-0.003208592561,0.00213304158,0.02132231237,0.2150896364,-0.2299330691,-0.001903623343,0.5803721411,0.004156275199,-0.02094061935,0.02123556869
0.3443132631,0.02056814436,0.4734575518,-0.02972162735,0.03738814671,-0.002559003086,0.9988554464,-0.4014147468,0.03931712473,-0.1244047032,2.343494484,-0.8053571463,-0.1278434203,-0.2848501975,0.09798665231,-0.337357265,2.0519267,-0.6817233404,-0.2599041621,-0.06204226193,-0.08225708206,0.08219145123,0.1495967444,0.1819902757,0.007195425067,0.5952244844,-0.003684171188,0.001830845195,0.02098845448,0.2165548819,-0.2331533616,-0.002973256199,0.5794240365,0.003765857454,-0.02131718498,0.02069645595
0.3440356063,0.01816374484,0.4727291673,-0.02831567767,0.03895479485,-0.002116606503,0.9988374574,-0.4081715297,0.04288415186,-0.1232250862,2.349845101,-0.8060495594,-0.1272342641,-0.2856867036,0.1034256859,-0.337625567,2.051412546,-0.6867852781,-0.260492607,-0.06483053427,-0.08200319325,0.07948903204,0.1493937238,0.1807847453,0.006766325558,0.5944380391,-0.004096274736,0.001523233565,0.02061153053,0.2179849001,-0.2364443369,-0.004160643747,0.5785336948,0.003424921948,-0.02165081727,0.02013965893
0.3437854089,0.01560604537,0.4719503328,-0.02673055736,0.04063602348,-0.001545126891,0.9988151999,-0.4153720865,0.04633566399,-0.1219407257,2.356429295,-0.8062541589,-0.1264303676,-0.2867774668,0.1096072217,-0.3373584917,2.050826777,-0.6925427422,-0.2614116363,-0.06746570419,-0.08202362506,0.07615394828,0.1495720501,0.1798384177,0.006298349681,0.5936968114,-0.00445272296,0.001108854208,0.02011910121,0.2193512033,-0.2395535564,-0.005491535696,0.577736403,0.003175348411,-0.02199514704,0.01945086891
0.3435294387,0.01293103462,0.4711582228,-0.02516476238,0.04216308557,-0.0009316762451,0.9987933425,-0.4222957143,0.05003523306,-0.1208569727,2.362772513,-0.8062276777,-0.1256864478,-0.288200181,0.1158748401,-0.337018357,2.05035921,-0.6979663987,-0.2624207967,-0.06974109029,-0.08183781846,0.07299209949,0.1498614293,0.1789156548,0.00587191232,0.5931800698,-0.004750107581,0.0006905745295,0.01964435907,0.2203795482,-0.2426386569,-0.006930629979,0.5770819196,0.002985518552,-0.02230954476,0.01876286962
0.3433018221,0.01016146441,0.4703620967,-0.02357023184,0.04387756429,-2.090680424e-05,0.9987588313,-0.42999168,0.05346276425,-0.1199028197,2.369424038,-0.8055178846,-0.1247097122,-0.2904419478,0.1228646904,-0.3361349084,2.049502892,-0.7030487222,-0.2633087224,-0.07179069174,-0.08168783225,0.06940569376,0.1502771013,0.1781881526,0.00545098281,0.5929635143,-0.004951166357,0.0002690688229,0.01901986484,0.2212412727,-0.2454394679,-0.008462129906,0.5766884223,0.002869962596,-0.02249048179,0.01791618066
0.3430664103,0.007347156838,0.4696144226,-0.02226500517,0.04547550852,0.001024353285,0.9987167759,-0.4376447314,0.05730320895,-0.1194217997,2.375838592,-0.8045819972,-0.123799656,-0.2931198177,0.1301202299,-0.3355022893,2.048395939,-0.7071802413,-0.2639645836,-0.07331904833,-0.08082424914,0.06631665766,0.1506125158,0.1773335203,0.005115075063,0.5931508357,-0.005098139081,-8.796420617e-05,0.01842611311,0.2215991513,-0.2481946018,-0.01003432822,0.57658578,0.002793502541,-0.02256963459,0.01708414927
0.3428349782,0.004508482087,0.4689751002,-0.02135111022,0.04724785037,0.002295034054,0.9986523437,-0.446343746,0.06127105389,-0.1192793331,2.382709627,-0.802773565,-0.1226527796,-0.2965870622,0.1387625328,-0.334778343,2.046546106,-0.7106162895,-0.2646478604,-0.07418741087,-0.07918331062,0.06323003331,0.1509878223,0.176365061,0.004791783612,0.5937420896,-0.005144314821,-0.0004115434729,0.01770691711,0.2216706719,-0.2507646995,-0.01159468818,0.5767111181,0.002813752634,-0.02248025999,0.01611865881
0.3425863943,0.001645242974,0.4684528785,-0.0207195646,0.04886686012,0.003765411103,0.9985832721,-0.4556178733,0.06507018016,-0.1193563946,2.389268525,-0.8006574837,-0.1215808641,-0.3000607295,0.147842458,-0.3344256508,2.044166758,-0.7132480425,-0.265271368,-0.0744228039,-0.07709142603,0.06095099722,0.1513815681,0.175366347,0.004517859576,0.5944965796,-0.005157720743,-0.0006522551027,0.0170292503,0.2212289364,-0.2531021729,-0.01306224173,0.5770020078,0.002862022293,-0.02229754112,0.01519944679
0.3423495397,-0.001326941464,0.4680549309,-0.01997586379,0.05055105732,0.005575176336,0.9985061206,-0.4669640153,0.06743025624,-0.1190202757,2.395921432,-0.7972012842,-0.120227758,-0.303887773,0.1564233375,-0.3344916519,2.041675078,-0.7149110248,-0.2659824407,-0.07447648228,-0.07595412548,0.05874391057,0.1518150906,0.1748767788,0.004247197524,0.5952319654,-0.005059387115,-0.0008676759981,0.01625914274,0.2207299429,-0.2546206409,-0.01436121775,0.5773691335,0.003031693671,-0.02195277066,0.01418103198
0.3421321637,-0.004375057738,0.467720829,-0.01921758979,0.05186548032,0.007523383108,0.9984408119,-0.4796785504,0.06805650382,-0.1181206901,2.402011627,-0.793313124,-0.1189364766,-0.3069159504,0.1648781108,-0.3347760498,2.03904423,-0.7157440646,-0.2667090085,-0.07400979734,-0.07550634513,0.0575384084,0.152325971,0.174712815,0.004052063384,0.5957588066,-0.004937911084,-0.001054679406,0.0155459532,0.2200774526,-0.255659223,-0.01538315449,0.5775209164,0.003225333831,-0.02156502373,0.01324773265
0.3419704863,-0.007492037343,0.4673619726,-0.01832850113,0.05301866454,0.009576755039,0.9983793733,-0.4949029559,0.06589074988,-0.1163501708,2.407991125,-0.7876994117,-0.1173118539,-0.309618961,0.1727762061,-0.3354194072,2.036919794,-0.7156919052,-0.2675605717,-0.07329219766,-0.07625917991,0.05651033824,0.1530016237,0.1749402675,0.003881681044,0.596009105,-0.004730432296,-0.001232423503,0.01475444329,0.2198160746,-0.2562618331,-0.01609871205,0.5772740784,0.003504133193,-0.02104987183,0.01227555051
0.3418961502,-0.01058587729,0.4668709615,-0.01773123933,0.05349808912,0.01123896106,0.9983472559,-0.5118422251,0.06061478148,-0.1134889485,2.413156874,-0.7815389083,-0.1157261516,-0.3107164999,0.1812913984,-0.3359482266,2.034957744,-0.7148675515,-0.2684608494,-0.07157269742,-0.07709101765,0.05666343948,0.1540584863,0.175066683,0.003805709124,0.5958797159,-0.004521438262,-0.001440473323,0.01404541042,0.2196961421,-0.2571217615,-0.01646694124,0.5764253156,0.003780546222,-0.02056181468,0.0114415126
0.3419235843,-0.01355513775,0.4662649139,-0.01705187774,0.05371006135,0.01269518375,0.9983302535,-0.5317222559,0.05221014223,-0.1093698165,2.418020157,-0.7739591172,-0.1138310166,-0.311100077,0.1888009527,-0.3366023313,2.033737939,-0.7134246601,-0.2694612767,-0.06936773082,-0.07832286847,0.05678304948,0.1555706144,0.1751108984,0.00374881991,0.5954809341,-0.004233528436,-0.001685975465,0.01334150966,0.2200741559,-0.2582862641,-0.01660688814,0.5751989955,0.004095683915,-0.02003098607,0.01066024913
0.3420480616,-0.01637516807,0.4655365563,-0.01667402451,0.05322222917,0.01352161815,0.9983519104,-0.5532229271,0.04191605793,-0.1039744404,2.422192977,-0.7665589082,-0.112051102,-0.3097737963,0.1966218787,-0.3368751579,2.032682525,-0.7114454757,-0.2704790398,-0.06613710411,-0.07914803493,0.05784293846,0.1575923176,0.174909036,0.003819352004,0.5949335975,-0.003958502471,-0.001979689034,0.0127474978,0.2203804204,-0.2598985898,-0.01656690488,0.5738688113,0.0043797445,-0.01954510032,0.01001853405
0.3422733488,-0.01897727716,0.4648433782,-0.01624405062,0.05255515699,0.01431906194,0.9983832184,-0.5772823976,0.03183542827,-0.09783343343,2.426368592,-0.7586093635,-0.1100165572,-0.3077504891,0.203194554,-0.3374885141,2.031271871,-0.7089371786,-0.2715458201,-0.0627973273,-0.07958735851,0.05870647053,0.1598494003,0.1746644424,0.003900902895,0.5945757129,-0.003595302297,-0.002356198273,0.01220698996,0.2206644142,-0.2615954741,-0.01661895254,0.5728851467,0.004768796408,-0.01909278512,0.009440471147
0.3425689156,-0.02137391478,0.4642436444,-0.01592619672,0.05135288827,0.01473760747,0.9984448107,-0.6024103371,0.02282271043,-0.09125760185,2.430137283,-0.7513571495,-0.1081849619,-0.3042812249,0.209463888,-0.3377784692,2.029397061,-0.7059996847,-0.2725910384,-0.0588844621,-0.07943139133,0.06028628311,0.1622647369,0.1744098522,0.004125199778,0.5944652926,-0.003248810344,-0.002728058936,0.01177188868,0.2204072302,-0.2632501101,-0.01669560742,0.572428813,0.005140256902,-0.01863336951,0.008951374241
0.342947444,-0.02341765704,0.4638990996,-0.01531272705,0.05015170838,0.01545144233,0.9985046717,-0.6300422921,0.01636223303,-0.08498512399,2.433698845,-0.7437379201,-0.1061061655,-0.3002436839,0.2136799629,-0.3382407032,2.027064866,-0.7035210945,-0.2736570579,-0.05552312652,-0.07822484269,0.06128431242,0.1647077937,0.1743484729,0.004318655483,0.5946601722,-0.002862514505,-0.003039364002,0.01133486178,0.2199923372,-0.2646058392,-0.01688805028,0.5725603485,0.005503908434,-0.01813248862,0.008509377714
0.3433818847,-0.0251222209,0.4638570606,-0.01437315988,0.04853441866,0.01603415202,0.9985893693,-0.6583266442,0.0124484574,-0.0791869503,2.436702,-0.7368556768,-0.1042564085,-0.2948210173,0.2162425198,-0.3380064235,2.024337391,-0.701401833,-0.2746766145,-0.05199580504,-0.07620288082,0.06272372919,0.1670714078,0.1745380445,0.004624372305,0.5951026497,-0.002506915186,-0.00326964041,0.01096366088,0.2190736556,-0.2655547325,-0.01706701847,0.5732489773,0.005822233673,-0.01757385347,0.008129262622
0.3438668453,-0.02654528068,0.4640327383,-0.01327718619,0.04705088828,0.01663661047,0.9986656865,-0.6881435832,0.01036345916,-0.07385247087,2.438934261,-0.7292136357,-0.1023469499,-0.2894218755,0.2175429033,-0.3376556701,2.021509791,-0.699853828,-0.2757462204,-0.04886526176,-0.07335387812,0.06341869385,0.1693181964,0.1749483235,0.004908408217,0.5958144468,-0.00226145534,-0.003400548754,0.01042769621,0.2180866508,-0.2661797771,-0.01729919312,0.57445563,0.005974804865,-0.0169056021,0.00763746093
0.3443868464,-0.02769742798,0.4644387589,-0.01188541027,0.04527633797,0.01701286085,0.9987589062,-0.7177543855,0.009810984002,-0.06900266267,2.440384869,-0.7221915256,-0.1006813008,-0.2830991992,0.2175379786,-0.3365132256,2.018587609,-0.6987660121,-0.2767791921,-0.0457042045,-0.07009287111,0.0643668712,0.17138554,0.1756337273,0.005263510024,0.5966223694,-0.002076379663,-0.00344793243,0.009905081549,0.216850704,-0.2664362317,-0.0174815892,0.575988413,0.006060032319,-0.0161743114,0.007160029707
0.3449785628,-0.02862945104,0.4649887357,-0.01035432894,0.04373491752,0.01738856009,0.9988381665,-0.7485396418,0.01025790609,-0.06439562838,2.440659268,-0.714462775,-0.09889657824,-0.2769915168,0.2165515075,-0.33505511,2.015278774,-0.6979762459,-0.2778638269,-0.04292826185,-0.06631067205,0.06453486499,0.1733624645,0.1765659719,0.005591906155,0.5975067852,-0.001971728879,-0.003437595624,0.009302758639,0.2157792686,-0.2664080702,-0.01766053679,0.5776935605,0.006023921877,-0.01542178825,0.006622445622
0.3456232779,-0.02934657271,0.4656813957,-0.008556454328,0.04200489763,0.0175831232,0.998926028,-0.7788628086,0.01145954733,-0.06004258425,2.440053332,-0.7073995228,-0.09731522922,-0.2701728647,0.2144633538,-0.3328513594,2.011760598,-0.6974156268,-0.2789049517,-0.04021085129,-0.06235518205,0.06492961573,0.1751546942,0.1777564457,0.005988032656,0.598320274,-0.001902552632,-0.003389746394,0.008748576608,0.2146834438,-0.2661090884,-0.01776141942,0.5794160423,0.005956200438,-0.01468010673,0.006124794504
0.3463174352,-0.02989437227,0.4664107945,-0.00666924243,0.04055640661,0.01776191603,0.9989971038,-0.8101810152,0.01306424479,-0.05562964494,2.438147825,-0.6996060298,-0.09551860231,-0.2638963467,0.2115852238,-0.330574247,2.008473866,-0.6967803224,-0.2799680905,-0.03779055311,-0.05812470907,0.06460704301,0.1768847644,0.179102778,0.006382068071,0.5990620617,-0.001946573798,-0.003330816212,0.008106971808,0.2138395211,-0.2656583512,-0.01782169379,0.5810720127,0.00575148551,-0.01399048711,0.005538298108
0.3470393592,-0.0302737491,0.4671809494,-0.004647941759,0.03894954341,0.01781605002,0.999071528,-0.840918372,0.01495062601,-0.05133860266,2.435447032,-0.6924885628,-0.09389034963,-0.2571631354,0.2079445499,-0.3279498112,2.005410417,-0.6960791029,-0.2809659876,-0.03546013951,-0.05375624419,0.06463751526,0.1784019531,0.1805685767,0.006842546668,0.599675733,-0.002019726833,-0.003271589106,0.007517696535,0.2130158073,-0.2650971818,-0.01781887076,0.5825969382,0.005529115305,-0.01335893766,0.004988633354
0.347786076,-0.03053094616,0.4679012379,-0.002710131776,0.03761667162,0.01785686162,0.9991290075,-0.8723748867,0.01688587185,-0.04702289704,2.431659946,-0.684535077,-0.09197108662,-0.2510008997,0.2040700652,-0.3255359837,2.002782975,-0.6960345421,-0.2819574008,-0.03344521985,-0.04912074748,0.06405555785,0.1798658803,0.1820458303,0.007250929808,0.6002829601,-0.002152009038,-0.003132125028,0.006845321836,0.2124470943,-0.2645173477,-0.01776018715,0.5840079919,0.005172190955,-0.01279487347,0.004369912423
0.3485294519,-0.03066493953,0.4685904496,-0.0008612974508,0.03613862848,0.01779559736,0.9991879575,-0.9030920599,0.01884756957,-0.04291026074,2.427334356,-0.6772457179,-0.09020138727,-0.2445097265,0.2000956803,-0.3230886669,2.000426761,-0.696528118,-0.2828715501,-0.03156560758,-0.04423474899,0.06392083455,0.1810863106,0.1834612302,0.007698047005,0.6008417196,-0.002303203301,-0.003001214169,0.006239745152,0.2118696713,-0.263943665,-0.01767088363,0.585310551,0.004814400998,-0.01229133867,0.003796910469
0.349295493,-0.03074175326,0.4691600594,0.0006387440482,0.03482666891,0.01763581622,0.9992375459,-0.9342922654,0.02049611615,-0.03892530476,2.421430905,-0.6688864734,-0.08816425952,-0.238698593,0.1968749521,-0.3203738033,1.999609616,-0.697118421,-0.2838018498,-0.03021250603,-0.03912110942,0.06312257591,0.1822326384,0.1846523016,0.008282093409,0.6011674007,-0.002671923204,-0.00316948187,0.005691656996,0.2115098727,-0.2633674577,-0.01750407416,0.5866516525,0.004359120868,-0.01184143454,0.00320009394
0.3500612338,-0.03076281015,0.4696287425,0.001769985473,0.03326179163,0.01740509519,0.999293542,-0.9645933977,0.02176202981,-0.0352559968,2.41478888,-0.6611906925,-0.08627358779,-0.2325229273,0.1945422808,-0.3173858187,1.999700465,-0.6978323759,-0.2846693819,-0.02927229486,-0.03374400897,0.06271032306,0.1829939088,0.1855809228,0.009135242325,0.6010926845,-0.003198941495,-0.003708559546,0.005399612614,0.2112779535,-0.2627921117,-0.01736543798,0.5879510621,0.003926983838,-0.01143829256,0.002651016606
0.3508097539,-0.03074780325,0.4699932127,0.002532358163,0.03188963129,0.01713402372,0.999341315,-0.9948706399,0.02273281868,-0.03180904525,2.406734144,-0.6526510414,-0.08404260875,-0.226954413,0.1930077173,-0.3148671444,1.999593764,-0.6989399312,-0.2854393016,-0.02855213462,-0.02814610778,0.06202732349,0.1834971375,0.1862384764,0.01005119673,0.6007567541,-0.003842363057,-0.004428496538,0.005150358278,0.2111745589,-0.2622224637,-0.01726723339,0.589185692,0.00341699736,-0.01112961067,0.002040002632
0.3515145757,-0.03069659083,0.4702721602,0.002962749664,0.03038611278,0.01676232608,0.9993932813,-1.023972195,0.02341249106,-0.02860324998,2.398148792,-0.6448783351,-0.08196245929,-0.2212718848,0.1922866078,-0.3124805897,1.999229723,-0.7004895887,-0.2860960898,-0.02793733775,-0.02242634913,0.06190675328,0.1835455345,0.1866578246,0.01091051136,0.6003156935,-0.004407380596,-0.005072402515,0.004944840159,0.2109891069,-0.2616629692,-0.01720809921,0.5903489468,0.002940792553,-0.01086740808,0.001469103202
0.3521862911,-0.03063064354,0.4704727708,0.003137914443,0.029087344,0.01632359291,0.9994386526,-1.052621718,0.023816971,-0.02555459229,2.388365972,-0.6363551188,-0.07952638688,-0.2162834182,0.1920387525,-0.310947448,1.998987883,-0.7021299893,-0.2865750657,-0.02729725712,-0.01682824805,0.06152247242,0.1834180048,0.1869364334,0.01158496329,0.5999650756,-0.004950947908,-0.005586825834,0.004663258085,0.2107644311,-0.2609984234,-0.01713940712,0.591500091,0.002410140007,-0.01067312397,0.0008736123345
0.3528043269,-0.03055041131,0.4706059892,0.003099603783,0.02770436816,0.01575353704,0.9994872118,-1.079814504,0.02399872126,-0.02267270082,2.378320205,-0.6286264243,-0.07725996991,-0.2113221281,0.1922367324,-0.310043431,1.998798522,-0.7037914306,-0.2869000887,-0.02657703469,-0.0114623635,0.06160835858,0.1830339712,0.1870768535,0.01197526329,0.5997988554,-0.005344062568,-0.005834730255,0.004281279076,0.2103002765,-0.2602413928,-0.01703120662,0.5925923183,0.001921615926,-0.01049824914,0.0003377205455
0.3533973703,-0.03043738804,0.470697292,0.002954781596,0.02661398169,0.01519739493,0.9995258898,-1.107141384,0.02370110701,-0.01923859699,2.367824225,-0.6212336535,-0.07469408973,-0.2072365904,0.1923458304,-0.3103173994,1.999456081,-0.7052706109,-0.2870652434,-0.02586983254,-0.006483650199,0.06122844205,0.1826869511,0.1870552966,0.01200792773,0.5998819503,-0.005653143668,-0.00585570563,0.003737339289,0.2098956916,-0.2594397977,-0.01683936465,0.593615095,0.001374397271,-0.0103119004,-0.0001645865086
0.353944753,-0.0302963979,0.4707526918,0.002730813778,0.02544954343,0.01456145019,0.9995663197,-1.133430007,0.02308747168,-0.01543769603,2.357661412,-0.6148400849,-0.07234316486,-0.2031580258,0.1924174432,-0.3113971525,2.000601102,-0.7064918657,-0.2871128057,-0.02506661554,-0.00198465921,0.06129501759,0.1822996153,0.186859924,0.01173402666,0.6001649271,-0.005851955609,-0.005679882669,0.003103643279,0.2093185,-0.2585811742,-0.01657110648,0.5945423466,0.0008685751443,-0.01012143152,-0.0005920165807
0.3544426117,-0.03014022681,0.4707525475,0.002329243143,0.02452553979,0.01389991211,0.9995998524,-1.15912469,0.02197706218,-0.01114443238,2.346434605,-0.6081108135,-0.06950644387,-0.1997523173,0.1927019463,-0.3133783176,2.001153842,-0.7076566234,-0.2870983422,-0.0241354859,0.002266607016,0.06129506438,0.1819543247,0.1865336776,0.01125054455,0.600632954,-0.006049942725,-0.005501937927,0.002434279738,0.2086414292,-0.2576387445,-0.01628750212,0.5953871855,0.0003586788491,-0.01001331201,-0.00102262509
0.354870171,-0.02997256252,0.4706984304,0.001794654801,0.0236072345,0.01307763133,0.9996341597,-1.183345555,0.02059019265,-0.006582542146,2.335363206,-0.6020741438,-0.06683624218,-0.196539417,0.1932229095,-0.3159121095,2.001272896,-0.7087117478,-0.2870489041,-0.02292615598,0.006140938947,0.06182861558,0.1816415545,0.1860803256,0.01068924474,0.6011347285,-0.006221729368,-0.005319348493,0.001808661863,0.2076568737,-0.2566133049,-0.01594874317,0.5961127312,-9.703570254e-05,-0.009931864652,-0.001397951208
0.3552289725,-0.02976925307,0.4706170857,0.001153916433,0.02292935499,0.01234053468,0.9996602545,-1.207586968,0.01873727005,-0.0009894921996,2.321899962,-0.5958811292,-0.06394897186,-0.1939659977,0.1937864579,-0.3188621446,2.000600155,-0.7099231502,-0.2869935773,-0.02163983154,0.009807171124,0.06247144388,0.18131917,0.1854993979,0.01010102535,0.6016350361,-0.006440666474,-0.005282808327,0.001242437522,0.2065841231,-0.2555271626,-0.0156476298,0.5967195746,-0.000521819563,-0.009963299123,-0.001811019364
0.355500345,-0.02953358148,0.4704999714,0.0004304649293,0.02224393141,0.01152724719,0.9996860231,-1.230883477,0.01666663062,0.005079690254,2.308162002,-0.5905265678,-0.06126389591,-0.1915506105,0.1944803761,-0.3218965974,1.999450529,-0.7110985086,-0.2869450295,-0.02008539327,0.01318133121,0.06383257368,0.1809762278,0.1848316534,0.009557612668,0.6019903749,-0.006652517192,-0.005309805917,0.0007585998179,0.2052171117,-0.2544091771,-0.0153172853,0.5971571284,-0.0008902006494,-0.01002626757,-0.002183659123
0.3557294576,-0.02928032591,0.4703402806,-0.0004350399423,0.02178379369,0.01070207334,0.9997053279,-1.253376035,0.01417583264,0.01113766417,2.293570536,-0.5842398932,-0.05803733957,-0.1898135996,0.1954010235,-0.3253136371,1.998278387,-0.7125069822,-0.2868644516,-0.018332532,0.01637475703,0.06502956011,0.1807365711,0.1841622469,0.009034722237,0.6023042895,-0.006859408804,-0.00542400717,0.000319026491,0.2037926181,-0.2532340985,-0.0149931149,0.5975415455,-0.001256500273,-0.01011869296,-0.002548007861
0.3558994285,-0.02901475811,0.4701372392,-0.001406106971,0.02134105199,0.009752268326,0.9997236996,-1.274356196,0.01152028546,0.0169361314,2.279608497,-0.5786986554,-0.05495091513,-0.1883141508,0.1965813414,-0.3288298037,1.997169934,-0.7138613583,-0.286771477,-0.01628680908,0.01927409735,0.06658890322,0.1805764876,0.1835365545,0.008598687546,0.6025004655,-0.007044659462,-0.00557043159,-5.28883989e-05,0.2021202643,-0.2520023793,-0.01462023951,0.5978445829,-0.001582560284,-0.01020250133,-0.002860314727
0.3560332063,-0.02872479701,0.4699223656,-0.002411239249,0.02111937954,0.008866948862,0.9997347323,-1.294563447,0.008238038229,0.02284432582,2.265326245,-0.5730687992,-0.05158017187,-0.187404334,0.1978134392,-0.33219598,1.995735644,-0.715044103,-0.2865856384,-0.01421804792,0.02181669511,0.06799070901,0.1804601812,0.1830031259,0.008195409446,0.6027034924,-0.007207547863,-0.005771690976,-0.0003652755291,0.2004392556,-0.2506385708,-0.01426481614,0.5981536149,-0.001876261304,-0.01032061423,-0.003144096386
0.356112747,-0.02840811808,0.4696833514,-0.003475580671,0.02091346556,0.00791317455,0.9997439317,-1.313537672,0.004746936748,0.02877635637,2.251371638,-0.5682773422,-0.04854411138,-0.1866866092,0.1992166108,-0.3352502478,1.994180775,-0.7160538915,-0.2863561787,-0.01197779866,0.02405003651,0.06975941113,0.1803635576,0.1825613144,0.007880640475,0.6028022371,-0.007347935372,-0.005980960209,-0.0006171968968,0.1985903763,-0.2492210741,-0.01385966407,0.5983621724,-0.002126925888,-0.01042897296,-0.00337701832
0.3561688653,-0.02803336182,0.4694583028,-0.004514229886,0.0208350158,0.006996698048,0.9997482533,-1.331838646,0.0008385247295,0.03466022116,2.23623866,-0.561958742,-0.04528347554,-0.1862916819,0.200514491,-0.337714665,1.99214651,-0.7173273318,-0.2861337826,-0.009823705591,0.02601406648,0.07147156463,0.1802655929,0.182183518,0.007590824024,0.6028901665,-0.007489722984,-0.00626903954,-0.0008340219716,0.1967353508,-0.247745065,-0.01349878667,0.5985284008,-0.002346341907,-0.01058194296,-0.003629516529
0.3561905766,-0.0275943704,0.4692291433,-0.005584961379,0.02071328579,0.005982223397,0.9997519597,-1.349088605,-0.003062663662,0.0404140798,2.220959671,-0.5559134116,-0.04238718859,-0.1858827454,0.2018884657,-0.3395218387,1.989933769,-0.7185884949,-0.2859359255,-0.007587013821,0.0278380693,0.07354300952,0.1801654086,0.1818501835,0.007363113778,0.60285891,-0.007618169039,-0.00656811176,-0.001009850891,0.1947619123,-0.2463165898,-0.01311615857,0.5985488333,-0.002530565784,-0.01073502507,-0.003852097329
0.3562061759,-0.02708482135,0.4690203189,-0.006664435856,0.02070886652,0.004907770171,0.99975129,-1.365423113,-0.006824390146,0.04572345674,2.20393216,-0.54826897,-0.0394086333,-0.1858128871,0.2031430247,-0.3410940594,1.987633449,-0.7211145665,-0.2857125158,-0.005377054551,0.02960718021,0.07536912903,0.1800799302,0.1815617565,0.007143891384,0.6028286922,-0.007765387503,-0.006884336133,-0.001204243598,0.1928401691,-0.2449012637,-0.01276674585,0.5985463896,-0.002729898269,-0.01088904136,-0.004095563944
0.3562133749,-0.02649797826,0.4688118571,-0.007792516408,0.0206648453,0.003693636522,0.9997492675,-1.380504327,-0.01023382052,0.05049210925,2.186746209,-0.5411082006,-0.03675145947,-0.1856947079,0.2044241509,-0.3423155757,1.985451616,-0.7238693734,-0.2854881697,-0.003122485594,0.03141111966,0.07730801028,0.1800316923,0.1813026357,0.006961873132,0.6026996614,-0.007903412801,-0.007185538199,-0.001380160198,0.1908988114,-0.2435883726,-0.01239954362,0.5984315628,-0.002910752139,-0.01102867012,-0.004310485246
0.3562267498,-0.02585755553,0.4686533697,-0.008811281047,0.02068432833,0.002424693004,0.9997442877,-1.394584536,-0.01307438725,0.0542228351,2.167440344,-0.5315353224,-0.03417451006,-0.1855896259,0.2052561162,-0.3438471422,1.982356767,-0.7281270101,-0.2852994028,-0.0008401975196,0.03291084588,0.07906315342,0.1799678311,0.1811131701,0.006814830388,0.6025180465,-0.008077032141,-0.00756162888,-0.001540870393,0.1889904538,-0.2422669883,-0.01206561586,0.5982878702,-0.003089650336,-0.01121036075,-0.00454759296
0.356250196,-0.02514644087,0.4685270886,-0.00977522237,0.02066287453,0.001042945847,0.9997381672,-1.407431927,-0.01525951957,0.05690903155,2.148312719,-0.5226995419,-0.03184958752,-0.1852828879,0.2058004459,-0.3452688613,1.979058492,-0.7326449352,-0.2851629602,0.001501359001,0.03426808767,0.08085120989,0.1799300149,0.1809283091,0.006712273844,0.6022381113,-0.008243562578,-0.007945568574,-0.001673423868,0.1870812139,-0.2410711691,-0.01171935433,0.5980258594,-0.003247054745,-0.01139468004,-0.00475725117
0.3563011439,-0.02437792846,0.4684768945,-0.01056677909,0.020709319,-0.0004179654086,0.9997296097,-1.419182247,-0.01669746928,0.05759231537,2.127686711,-0.5117135268,-0.0296175442,-0.184910826,0.2058911583,-0.3460013144,1.975152372,-0.7371337028,-0.2850975443,0.00377329408,0.03526748622,0.08231198871,0.1798758631,0.1807237436,0.006638729237,0.6019707696,-0.00843659418,-0.008377458607,-0.001803076909,0.1852162974,-0.2399305627,-0.0113916646,0.5977759032,-0.003428156539,-0.01159217268,-0.004995441569
0.3563893374,-0.02353614501,0.4684925505,-0.0112527735,0.02072363579,-0.001889746716,0.9997201283,-1.429648686,-0.01745443857,0.0568417227,2.108116103,-0.5021607265,-0.02763609712,-0.1843381777,0.2056335368,-0.3459793429,1.971591369,-0.7412557279,-0.2850988981,0.005839948732,0.03610778803,0.08364136493,0.1798014131,0.1804339865,0.006560300509,0.6017042728,-0.008616389404,-0.008787709973,-0.001917749261,0.1834422564,-0.2389586157,-0.01108781773,0.5974539535,-0.003594957229,-0.01178486721,-0.005214382526
0.3565250197,-0.02264133634,0.4686162395,-0.01177208523,0.02079719452,-0.003259284464,0.9997090936,-1.438864617,-0.01763976938,0.05448829607,2.088941987,-0.492423531,-0.02596267098,-0.1837229721,0.2048968974,-0.3451951157,1.968096662,-0.7441599701,-0.2851751297,0.007521159006,0.03667053492,0.08478508895,0.1795770387,0.180026072,0.006465542486,0.6015623459,-0.008809504718,-0.009211183154,-0.00201429149,0.1816665667,-0.2380678154,-0.0108732686,0.5971969028,-0.003762256317,-0.01198603999,-0.005450062993
0.3567266759,-0.02168218937,0.468824384,-0.01216944752,0.0208691014,-0.004452941321,0.9996982327,-1.446866571,-0.01733506598,0.05125321997,2.071285872,-0.4842127187,-0.02466552504,-0.1829646791,0.203644599,-0.3440236505,1.965389832,-0.7462800244,-0.2852921478,0.008740361124,0.03709507518,0.08580979052,0.1792346011,0.1794759171,0.006294820131,0.6014458001,-0.008984530252,-0.009584290773,-0.002104156705,0.1800500057,-0.2373638892,-0.01073539323,0.5968575065,-0.00390792034,-0.01218320456,-0.00567118414
0.3570448676,-0.02067785538,0.4691558825,-0.01241556456,0.02101399656,-0.005389024137,0.9996875633,-1.453974763,-0.01640288524,0.04708351649,2.054344281,-0.4759380253,-0.02384556083,-0.1821279805,0.2017337731,-0.3426182963,1.9628827,-0.7466749439,-0.2853370996,0.009547407385,0.03743496808,0.08676659626,0.1787244872,0.1787705159,0.006041413024,0.6014363573,-0.009173805133,-0.009950654176,-0.002196965174,0.1784584251,-0.2367178167,-0.0107250315,0.5965877958,-0.004052119126,-0.01240592623,-0.005928165707
0.3575038035,-0.01961791237,0.4695683887,-0.01251817201,0.02118859687,-0.006040587962,0.9996788735,-1.460308932,-0.01498160255,0.04238826832,2.038415261,-0.4684833811,-0.02333192599,-0.1810454092,0.1990845388,-0.3412830703,1.960923249,-0.7459981589,-0.2853192452,0.009952500004,0.03773998389,0.08764782426,0.1781382232,0.177914101,0.005664616297,0.6013651174,-0.00934556575,-0.01026794688,-0.002297833866,0.1770858364,-0.2362462496,-0.01078904832,0.5961937865,-0.004175552713,-0.01262942779,-0.006176596132
0.3581253028,-0.01853415623,0.4700917867,-0.01238857162,0.02142476491,-0.006415035549,0.9996731216,-1.466068043,-0.01292477841,0.03712673606,2.022294947,-0.4596192468,-0.02297640749,-0.1797887863,0.1954817764,-0.3400432585,1.959282531,-0.7440063888,-0.2852381259,0.00998828492,0.03776683148,0.08859557198,0.1774759466,0.1770605855,0.005182487211,0.6012007289,-0.009483341028,-0.01060008541,-0.00235085622,0.1757392324,-0.2356868541,-0.01094660814,0.5958264781,-0.004246010448,-0.01287238758,-0.006440542608
0.3589405173,-0.01740933919,0.4706733234,-0.01206569178,0.02169378716,-0.00652870784,0.9996705331,-1.47141313,-0.01038188254,0.03132552918,2.00652873,-0.4509698817,-0.02269590899,-0.1781483777,0.1909818676,-0.3389947456,1.957929043,-0.7410653295,-0.2851082464,0.009747384482,0.03766020604,0.08952859354,0.1768384792,0.1761608576,0.004588144605,0.6008487452,-0.009593624966,-0.01091675816,-0.002402595395,0.1746408265,-0.2352204748,-0.01112631129,0.5952781205,-0.004287239872,-0.01311758046,-0.006685734302
0.3599479903,-0.01629794916,0.4713410145,-0.01157628543,0.02207534927,-0.006450790193,0.999668473,-1.476279046,-0.007338139239,0.02413446381,1.988452448,-0.4380912077,-0.02230923576,-0.1762417601,0.1858218751,-0.3380731618,1.956320068,-0.7372376889,-0.2849375728,0.009332322458,0.03730651792,0.09046385432,0.1762334262,0.1753575358,0.003928215527,0.6003575171,-0.009710964584,-0.01127617363,-0.002509723837,0.1736603084,-0.2346588139,-0.01134967741,0.5946844882,-0.004328520015,-0.01339214621,-0.007004206816
0.3611758401,-0.0151710286,0.4720477214,-0.01096179197,0.02254627106,-0.006230143413,0.9996662894,-1.480860219,-0.003823274235,0.01632647477,1.970461074,-0.4263940746,-0.02206802118,-0.173942562,0.1800959615,-0.3372269349,1.954453126,-0.7326837988,-0.284741062,0.008855790353,0.0368878412,0.09132140575,0.1757534768,0.1745398069,0.003209081407,0.5996998871,-0.009815385902,-0.01163960943,-0.002640210347,0.1729491696,-0.2342214434,-0.01155953419,0.5939015619,-0.004360656199,-0.01367482403,-0.007313121691
0.3625822829,-0.01405890997,0.4727685697,-0.01026007671,0.0231858342,-0.005809693321,0.9996616404,-1.485513337,-0.0002449548549,0.009025794274,1.951623663,-0.4164722783,-0.02265588013,-0.1715419162,0.1741335657,-0.3364262238,1.952305224,-0.7275787901,-0.2844853964,0.008212581736,0.03621801993,0.09214830677,0.175245854,0.1738285175,0.002487391225,0.5990275692,-0.009915239565,-0.0120477805,-0.002807262024,0.1723581828,-0.2337270993,-0.01180737297,0.5930774593,-0.004368961497,-0.01400596919,-0.00765417821
0.3641866021,-0.0129367616,0.4734573599,-0.009562452881,0.02392651206,-0.005303976726,0.9996539148,-1.490362045,0.003418396906,0.001811131669,1.932740083,-0.4077818168,-0.0233779108,-0.1688522055,0.1681242758,-0.3356310659,1.949864783,-0.721995718,-0.2842004914,0.00760886533,0.03557068556,0.0929977301,0.1748019956,0.1731195326,0.001768385611,0.598255722,-0.01000169026,-0.01245030656,-0.002978228393,0.1719559024,-0.2333889821,-0.01203166142,0.5920857452,-0.004365146251,-0.01434576094,-0.007967536948
0.3658893541,-0.01183704223,0.4740916207,-0.008773761031,0.0247616189,-0.004768816185,0.9996435073,-1.495220735,0.007151739936,-0.00544830039,1.91151875,-0.3959952548,-0.02429348909,-0.1660844182,0.1619585526,-0.334862044,1.947556897,-0.7163496279,-0.2838248699,0.007128184478,0.03448524604,0.09409606757,0.1742529172,0.1726899256,0.001127664492,0.5973233631,-0.01005934869,-0.01296331439,-0.003079702533,0.1715028768,-0.2328881148,-0.01226243012,0.5909509773,-0.004278760017,-0.01482081879,-0.008277218506
0.3677247889,-0.01072444932,0.4746370043,-0.008095721888,0.02562600903,-0.004308397,0.9996295337,-1.500205977,0.01101608762,-0.01338152929,1.889484079,-0.3837217476,-0.02503953144,-0.1630299058,0.1560970899,-0.3340422554,1.945187834,-0.7106288334,-0.2834137821,0.006909486626,0.03351128978,0.09543269633,0.1737374036,0.1723337373,0.0005755773445,0.5962702501,-0.01010091785,-0.01350427812,-0.003145447438,0.1710622149,-0.2325094624,-0.01242664532,0.5896194443,-0.004173698422,-0.01533262915,-0.008543600777
0.3696026948,-0.009625140766,0.4751028269,-0.007533209272,0.02655107271,-0.003835095433,0.9996117163,-1.504994556,0.01467912874,-0.02076772953,1.865653883,-0.3695961062,-0.02603954131,-0.1599545938,0.1507587087,-0.333197017,1.942838795,-0.7052153912,-0.2828875637,0.006849565155,0.03237906544,0.09724505037,0.17298069,0.1722144057,0.0001279118616,0.5951909539,-0.01004601111,-0.01419224791,-0.003061942859,0.1703964126,-0.2319698887,-0.01262589438,0.5882069555,-0.003911549571,-0.01599282107,-0.008746731157
0.3715528554,-0.008504908345,0.4754753141,-0.007261109079,0.0275188497,-0.003451208952,0.9995889547,-1.509817238,0.01823223752,-0.0280076283,1.842047936,-0.356523554,-0.02697799152,-0.1567816495,0.1462864547,-0.3322716551,1.94029119,-0.7000080419,-0.2823213241,0.007065386579,0.03156709009,0.0994403303,0.1721350946,0.1721300394,-0.0002018764671,0.5941217291,-0.009967290054,-0.01489429479,-0.002928230465,0.1695400658,-0.2315197476,-0.01276961707,0.586712047,-0.003628325674,-0.01667089747,-0.008898689077
0.373507469,-0.007343515869,0.4757993499,-0.007062007956,0.02865062698,-0.003084831488,0.9995597798,-1.514525525,0.02129225674,-0.03426367944,1.819434729,-0.3441659993,-0.02791484629,-0.1539703616,0.1420530775,-0.3313569085,1.937942363,-0.6954577699,-0.2816338933,0.007410560037,0.0305432795,0.1019455662,0.1710232347,0.1721858285,-0.000440629439,0.5930990785,-0.009850652574,-0.01564499497,-0.002757435132,0.1684379093,-0.2310035945,-0.01293230049,0.5852021251,-0.00326742083,-0.01742832213,-0.008995995317
0.3754842458,-0.006117430766,0.4760718411,-0.007091463136,0.02991361787,-0.002819356816,0.9995233553,-1.519212612,0.02399424012,-0.04007531782,1.798432159,-0.3325781881,-0.02870552254,-0.151427777,0.1383681878,-0.3303734816,1.93553955,-0.6914098291,-0.280918739,0.007964862015,0.02971186084,0.1047600686,0.1697588878,0.1722339071,-0.0005844347722,0.5921364633,-0.009735463639,-0.01635904798,-0.002582002045,0.1670779416,-0.2305971728,-0.01304853383,0.5836880322,-0.002921711141,-0.01816258026,-0.009057636613
0.3774167688,-0.004816510329,0.4763266924,-0.007165102342,0.03125913256,-0.002556904335,0.9994823611,-1.523650405,0.02634116185,-0.04422597329,1.780034201,-0.319181509,-0.02975434803,-0.1492958263,0.13462282,-0.3295460053,1.934012981,-0.6884602961,-0.2800928528,0.008649782123,0.02856035282,0.1079811319,0.1682538648,0.172369626,-0.0006699049945,0.5911732887,-0.009581359141,-0.01716035949,-0.002288289232,0.165420028,-0.2301377213,-0.0132406086,0.5821588227,-0.00246511766,-0.01902683798,-0.009072203342
0.3793213316,-0.003435134175,0.4765786435,-0.007361553781,0.03268460335,-0.002281003001,0.9994360016,-1.527940547,0.02839892838,-0.0465081036,1.765748293,-0.3045249738,-0.03112206512,-0.1474826607,0.1309900836,-0.3288231176,1.93292638,-0.6865026677,-0.2792560359,0.00939193145,0.02728411095,0.111557358,0.1665703515,0.1725307913,-0.0006859252391,0.5902755337,-0.009432476633,-0.01793305818,-0.001978800138,0.1634698924,-0.2296894481,-0.01343418119,0.5806817915,-0.002024200562,-0.01987886259,-0.009072223049
0.3812528299,-0.001964559367,0.4768704935,-0.007531613116,0.03417440052,-0.001907916924,0.9993856838,-1.532142075,0.02994148844,-0.04598592631,1.756872426,-0.2884051057,-0.03298533835,-0.1460182862,0.1270245481,-0.3282090995,1.933331006,-0.6865428992,-0.2783942825,0.01010919851,0.02539542483,0.1152074781,0.1647547783,0.1727653794,-0.0006935803831,0.5894738424,-0.009222274915,-0.01870996728,-0.001582013593,0.1614079757,-0.2291766211,-0.01373438409,0.5792919271,-0.001480616181,-0.02077519167,-0.009016241533
0.3832102262,-0.0004189690217,0.477196006,-0.00766517269,0.0357899664,-0.001381785258,0.9993289819,-1.536120052,0.03075461557,-0.043541213,1.751954826,-0.2731703037,-0.03455685218,-0.1448811932,0.1227339892,-0.3276239306,1.934419107,-0.6881470695,-0.277582281,0.01069435121,0.02284845661,0.1188043272,0.162840527,0.1731381052,-0.0006755396869,0.5886979374,-0.009017214272,-0.01941946972,-0.001198716082,0.1592615156,-0.2285825329,-0.01404541414,0.5779598449,-0.000963607521,-0.02161887741,-0.00895755362
0.3851381419,0.001148155706,0.4775855184,-0.00771629894,0.0374669677,-0.0007407240504,0.9992678001,-1.540038851,0.03105619945,-0.03994300424,1.749369892,-0.2582700117,-0.03565809963,-0.1440600709,0.1182007045,-0.3267516897,1.936089266,-0.6917984792,-0.2768099384,0.01114297811,0.01955910468,0.1221585999,0.1608363596,0.173637694,-0.0006719326367,0.5879731168,-0.008761826699,-0.0201150551,-0.0007102272652,0.1571239951,-0.2278448527,-0.01444891317,0.5767193318,-0.0003401238563,-0.02249145375,-0.00883675487
0.3870354512,0.002726226698,0.4780109559,-0.007634006979,0.03921903021,3.752072882e-05,0.9992014753,-1.543784804,0.03079480006,-0.03553606258,1.748570541,-0.2452499353,-0.03616619311,-0.143484803,0.1133666753,-0.3254577685,1.937852429,-0.6966532356,-0.276124004,0.01141765717,0.01540605857,0.1252455751,0.1587811173,0.1743396816,-0.0006553356063,0.5871679281,-0.008520285859,-0.02075084785,-0.0002425755537,0.1550416886,-0.2269818779,-0.01482908642,0.5754553751,0.0002502961907,-0.02330903197,-0.008717910792
0.3887637272,0.004216564308,0.4785020796,-0.007474577842,0.04094357639,0.0009173287276,0.9991330806,-1.547452578,0.0304143372,-0.03071719797,1.748600461,-0.2337844778,-0.03599123084,-0.1433309297,0.1086585451,-0.3235520769,1.940136337,-0.702986881,-0.2754765208,0.01167077794,0.0105650182,0.1278073583,0.1566411794,0.1751242569,-0.000709691241,0.5864057806,-0.008230395223,-0.0213120721,0.0003448827848,0.1530520598,-0.2259750594,-0.01523731962,0.5742836861,0.000930037978,-0.024092302,-0.008523232682
0.3903275564,0.005610531633,0.4790158453,-0.007157652607,0.04258690768,0.001974315733,0.9990651757,-1.550936334,0.02975766603,-0.02545394286,1.749232077,-0.2242035941,-0.03518493395,-0.1433499817,0.1039220232,-0.3211163683,1.942636337,-0.7092996626,-0.2748928509,0.01174572767,0.004864332751,0.1299485333,0.1544873831,0.1760742309,-0.0007849436248,0.5855143328,-0.007958903459,-0.02180881197,0.000900892599,0.1512093263,-0.224853241,-0.01556832891,0.5730517979,0.001564720322,-0.02480449836,-0.0083286518
0.391551657,0.006816056819,0.4795785578,-0.006780964386,0.0440987514,0.003240223723,0.9989989087,-1.554317112,0.02917299627,-0.01993539078,1.749752221,-0.216021913,-0.03379185231,-0.1439985127,0.09960214115,-0.3182855678,1.946088905,-0.7159389401,-0.2743782876,0.01157916573,-0.001371664912,0.1316076677,0.1521719218,0.1770303268,-0.0009900662693,0.5845909026,-0.007704353496,-0.02215072146,0.001573574042,0.1494982394,-0.2235850867,-0.01581451986,0.57195503,0.002233960294,-0.02539148496,-0.008028616628
0.3924507486,0.007828793052,0.4801382657,-0.00626436673,0.04537127222,0.004790391117,0.998939066,-1.557495988,0.02846904929,-0.01408811769,1.750030441,-0.2088841958,-0.03201222477,-0.1448651376,0.09552295014,-0.3151787263,1.950028549,-0.7219543594,-0.2739375896,0.01103956486,-0.008291686419,0.1329617204,0.1497978391,0.1780692972,-0.001245431732,0.5834792254,-0.007480722142,-0.02242945812,0.002185656771,0.1480221663,-0.2222124965,-0.01592245349,0.5708108322,0.002841486728,-0.0258872811,-0.007721638933
0.3928573672,0.008636630032,0.480715585,-0.005778643379,0.04642955544,0.006510796795,0.9988836335,-1.560597792,0.02781845194,-0.008342150948,1.749509549,-0.202156338,-0.0297448346,-0.1466195454,0.09211834302,-0.312027356,1.954313926,-0.728114601,-0.2735865815,0.00988493222,-0.01511127423,0.1340817789,0.1472783048,0.1789094589,-0.001638712249,0.5823805007,-0.00734171095,-0.02252584897,0.002874491955,0.146701875,-0.2208516147,-0.01587723981,0.5698724333,0.00339751767,-0.02622628652,-0.007298464564
0.3927901785,0.009236193107,0.4812631626,-0.005256637943,0.04713754153,0.008399054024,0.9988392643,-1.563459779,0.02719769556,-0.002677205856,1.748119385,-0.1952634076,-0.02725433598,-0.1487933455,0.08925609513,-0.308865737,1.958651543,-0.7336674455,-0.2733144853,0.008186306573,-0.0219511161,0.1351751654,0.1447859654,0.1797224771,-0.001995461113,0.5811338035,-0.00718961431,-0.02256217145,0.003411971583,0.1456742746,-0.2195067813,-0.01570532093,0.5689570536,0.003876329355,-0.02647617782,-0.006873327171
0.3921919745,0.009725027135,0.4818236578,-0.004823234726,0.0475536644,0.01013433962,0.998805627,-1.565867728,0.02658770733,0.002321790595,1.745492537,-0.1878012971,-0.02456853986,-0.1525159387,0.08687750578,-0.306227238,1.963533839,-0.7397720981,-0.2731602508,0.00567032947,-0.0279425867,0.1362299395,0.1425542021,0.1803476644,-0.002212453729,0.5798666091,-0.007075428548,-0.02242742096,0.003877964039,0.1450588321,-0.2182905259,-0.01534834198,0.5682516429,0.004238751499,-0.02661671074,-0.006315907637
0.3910790771,0.01010330428,0.4823760114,-0.004527609478,0.04747962722,0.01165459177,0.9987939508,-1.567527388,0.02614591095,0.00644699195,1.741593966,-0.1791822069,-0.02200875375,-0.1573178118,0.08518470572,-0.3040475502,1.968432606,-0.7453767922,-0.273089439,0.002595444558,-0.03295629662,0.137594445,0.1406920087,0.1810178358,-0.002173357249,0.5786306982,-0.006841519642,-0.02223808663,0.004126915215,0.1449474188,-0.2171947475,-0.01491786425,0.5676731293,0.00452451048,-0.02669682641,-0.005764532265
0.3895770987,0.01048793358,0.4828448445,-0.004326714368,0.04705631728,0.01264278459,0.9988028547,-1.568489522,0.025669685,0.009400927426,1.736863846,-0.1695343101,-0.01954124602,-0.163950804,0.08353408616,-0.3023652917,1.972324141,-0.7514109473,-0.2731020611,-0.00103775999,-0.03677309474,0.1387506314,0.1395477985,0.1818421502,-0.001697032265,0.577616549,-0.006486048558,-0.0218529298,0.004200844318,0.1456436945,-0.2163354151,-0.01429141162,0.5673491624,0.004626572697,-0.02667047908,-0.005053625857
0.3876817409,0.01087320335,0.4832053876,-0.004189856262,0.04607424021,0.01303379199,0.9988441969,-1.568368129,0.02539154132,0.0112058404,1.731425007,-0.1588571319,-0.01736838967,-0.1720314527,0.08195782707,-0.3010157718,1.975291146,-0.7569563444,-0.2731670743,-0.004966627677,-0.03949396369,0.140150169,0.1389770484,0.1829390856,-0.0009946859262,0.5768482849,-0.006099161649,-0.02140585168,0.004225458804,0.1471320687,-0.2156483734,-0.0136181852,0.5672167256,0.004659512366,-0.02658507451,-0.004352167289
0.3854489704,0.01126134861,0.4833431001,-0.003881548382,0.04483693832,0.01273660435,0.9989055819,-1.567318795,0.02524218502,0.01218703119,1.725363151,-0.1483701158,-0.0153806873,-0.1816651304,0.07931811228,-0.3004205265,1.977567691,-0.7641640602,-0.2733166412,-0.008757471538,-0.04183057811,0.141252394,0.1387837246,0.1842883275,0.0002101732242,0.5762755147,-0.005938845812,-0.02085668668,0.004314680209,0.1493219781,-0.2151527375,-0.01275730309,0.5671753576,0.004520986385,-0.02652609335,-0.003485852796
0.3828667558,0.01165486112,0.4832343546,-0.003471702412,0.04314079768,0.01175274114,0.9989938398,-1.565234436,0.02533858863,0.01232161824,1.719145394,-0.1387013552,-0.01367635557,-0.1924390959,0.07602422359,-0.3003588227,1.979084598,-0.771216239,-0.2735066612,-0.01238428868,-0.04364922271,0.1425268245,0.1387215055,0.1857780515,0.001507249434,0.5760152267,-0.005896187683,-0.0202965191,0.004578561387,0.1520726176,-0.2148655654,-0.01184231577,0.567198399,0.004342187441,-0.02646573546,-0.002632885349
0.3800076246,0.01204732555,0.4828337644,-0.002732174929,0.0415500029,0.009811463695,0.9990845148,-1.563287635,0.02573159157,0.01170057734,1.713273287,-0.1307420284,-0.01211318462,-0.2051037116,0.07103916596,-0.3009902942,1.973553228,-0.7764417232,-0.273539279,-0.01514467242,-0.04600387475,0.1435300188,0.1383592338,0.187523974,0.003160783739,0.5760934107,-0.00593896092,-0.01962658365,0.005054426431,0.1548293777,-0.2148154872,-0.0106965923,0.5671698156,0.004017987489,-0.02639166327,-0.001608707651
0.3769929993,0.0124172478,0.4821281909,-0.001930558109,0.0397579808,0.007742227962,0.9991774786,-1.561266776,0.02542355216,0.01046068069,1.707971982,-0.1247142749,-0.01081014663,-0.2158288273,0.06581019074,-0.3013309443,1.972326049,-0.7790923478,-0.2736584129,-0.01833225076,-0.04824877766,0.1445103445,0.1378199261,0.1894638991,0.004867838394,0.5764406091,-0.006099606566,-0.01892903067,0.005580043116,0.1580908789,-0.2149418208,-0.009580680684,0.5671738175,0.00368151183,-0.02634215227,-0.0006232092129
0.3743756582,0.01277801531,0.4815220661,-0.001493921509,0.03805678909,0.006050637866,0.9992561427,-1.55987798,0.02393325692,0.008298332131,1.704047568,-0.1200792214,-0.009635028014,-0.2235888678,0.06140831826,-0.3016626702,1.975923717,-0.7797037809,-0.273916386,-0.02216983977,-0.0499203767,0.1455181615,0.1368934259,0.1914123032,0.006588302827,0.5777006415,-0.006206367964,-0.01809820181,0.006224208032,0.16171293,-0.2151944681,-0.008515888396,0.5674574219,0.003291975202,-0.02635455146,0.0004345717091
0.3721378117,0.01309694701,0.481043489,-0.001366517751,0.03650137504,0.004592731019,0.9993221148,-1.559068328,0.02193689793,0.005390294064,1.701328939,-0.1164954805,-0.008574928043,-0.2292744937,0.05798086591,-0.3021469816,1.982340337,-0.7793012829,-0.2742118888,-0.02631395454,-0.05127213915,0.1465260582,0.1356031274,0.193436363,0.008175272334,0.579623792,-0.006239702229,-0.01716694292,0.006909370063,0.1655912314,-0.2153633708,-0.007567942005,0.568129386,0.002924289176,-0.02634517134,0.001406926508
0.3704614774,0.01336678606,0.4808551445,-0.001420675432,0.03526294602,0.003370710534,0.9993713747,-1.559467453,0.01941505367,0.001917006216,1.70040783,-0.1131270476,-0.007381267091,-0.2335044675,0.05494652255,-0.3028390882,1.989437034,-0.7778951583,-0.2743922535,-0.03055850674,-0.05292783901,0.1475695631,0.1341014738,0.1956329065,0.009733776946,0.5817712364,-0.006266267995,-0.01615379057,0.007610855226,0.1694451415,-0.2152527017,-0.006641412237,0.5690401086,0.002578564879,-0.02633305786,0.002403371229
0.3693141372,0.01358220738,0.4809703649,-0.001573201621,0.03434526031,0.002227885096,0.9994063061,-1.560718293,0.0168394357,-0.001874785003,1.700811706,-0.1093452457,-0.006076806339,-0.2367794615,0.05199194326,-0.3036697964,1.996266796,-0.7755612013,-0.2744635629,-0.03457570239,-0.05508526832,0.1487531087,0.1323591749,0.1979870786,0.01124399376,0.5839317419,-0.006291192066,-0.01515074922,0.008274172968,0.173144182,-0.214813388,-0.005746957778,0.5701523256,0.002274294101,-0.02627152511,0.00330794961
0.3687473331,0.01377785628,0.4813480324,-0.001764937622,0.03377256077,0.00123457076,0.9994272234,-1.56337314,0.01441689478,-0.005393863786,1.702460568,-0.1039319671,-0.004184897444,-0.2392808431,0.04900875543,-0.3044654111,2.002194176,-0.7721892619,-0.2742918904,-0.03812511772,-0.05768130906,0.1503354869,0.1305495295,0.2004252867,0.01266639587,0.5857411137,-0.006344587526,-0.01422642789,0.008881900869,0.1763833642,-0.2140138101,-0.004902090244,0.5712530519,0.002040674978,-0.02622150601,0.004141776044
0.368741555,0.01395521605,0.4819893184,-0.001923265346,0.03353691727,0.000296962749,0.9994355847,-1.566914585,0.01231904779,-0.008591694627,1.705115755,-0.0966585907,-0.002172442262,-0.2412956635,0.04561049811,-0.305231636,2.006977378,-0.7676199869,-0.2739513291,-0.04104774729,-0.06086379397,0.1523763919,0.12863213,0.2029089852,0.01401204372,0.5871706788,-0.006415663857,-0.01343053464,0.009431613988,0.1790715779,-0.2128602973,-0.004056684273,0.572304714,0.001852488258,-0.02615365247,0.00487118676
0.3692091228,0.01414721148,0.4827584717,-0.001949123287,0.03354898866,-0.0004780940231,0.9994350593,-1.570821386,0.01068141849,-0.01049020114,1.707543999,-0.0886191576,0.0002400878142,-0.2428500431,0.04169637962,-0.3058758463,2.010779938,-0.7618929139,-0.273438115,-0.04326198845,-0.06436774234,0.1548329666,0.1266820199,0.2054305822,0.0152306495,0.5879818395,-0.006549172544,-0.0128977642,0.009882815728,0.1810197572,-0.2113174209,-0.003372787465,0.5732523273,0.001784276219,-0.02619358894,0.005431057695
0.3701484023,0.01437351511,0.4836340638,-0.001921439968,0.0338171188,-0.001164092125,0.9994255127,-1.575091565,0.009486448572,-0.01130048533,1.709422599,-0.08043506981,0.002427559065,-0.2441378929,0.03738350681,-0.3063000954,2.01332278,-0.7546956771,-0.2728300059,-0.04470178391,-0.06795565012,0.1576669638,0.1247074815,0.2078279273,0.01632935434,0.5882836219,-0.006685369409,-0.01257196025,0.01028303127,0.1822221234,-0.2095775994,-0.002715357304,0.5739483519,0.001762701594,-0.02626233362,0.005881222052
0.3714624731,0.01463887924,0.4844835584,-0.001780142956,0.03417748355,-0.001747559349,0.9994126659,-1.578055762,0.00917270108,-0.01055672271,1.708257549,-0.07338477352,0.004781098467,-0.2446635287,0.03216532312,-0.3067971149,2.014741748,-0.7461945584,-0.2720238899,-0.04545708337,-0.07145068356,0.1607058142,0.1227590556,0.210134789,0.01721684558,0.5879897102,-0.00675413878,-0.01249105213,0.0106171323,0.1826371766,-0.2076281341,-0.002242538213,0.5744934741,0.001907111343,-0.02631262481,0.006178465613
0.3731856513,0.01498240122,0.4852502783,-0.001723195015,0.03472442154,-0.002373373953,0.9993926217,-1.58025297,0.009618876306,-0.008930911648,1.704623301,-0.0664505723,0.006812010146,-0.2448229763,0.02663172144,-0.3070980436,2.014781164,-0.7359969022,-0.2711449835,-0.0454054353,-0.07430159006,0.1635814732,0.1210358513,0.2120691298,0.01790633643,0.5872474355,-0.006783767024,-0.01259107819,0.0109244151,0.1824116809,-0.2058232215,-0.001783040228,0.5746731229,0.002089758055,-0.02635803651,0.006406929497
0.3752796017,0.01540554656,0.485898026,-0.001828159849,0.03544887121,-0.00302510841,0.9993652406,-1.580973754,0.01144210618,-0.006182425601,1.695380125,-0.05736451884,0.008740049649,-0.2445481608,0.02039654781,-0.3077749925,2.013775563,-0.7241062652,-0.2701557656,-0.04451260996,-0.07614369411,0.1661684232,0.1197000688,0.2135690662,0.01828740227,0.5861191472,-0.006726119497,-0.01288399306,0.0111327765,0.1816795527,-0.2042503588,-0.001438511201,0.5746199482,0.002364604246,-0.02633639078,0.006492916556
0.3777917518,0.01594018534,0.4863698707,-0.002278611035,0.03636852607,-0.00380347368,0.9993286105,-1.580926485,0.01425168104,-0.003259212,1.683483298,-0.04912523886,0.01038529501,-0.2438273178,0.01416829745,-0.3087683457,2.0120932,-0.7107666978,-0.269167984,-0.04279511732,-0.07651493999,0.1682252325,0.1189987948,0.2144375859,0.01845957814,0.5847066537,-0.00665442147,-0.0132985861,0.01128851084,0.1805314757,-0.2031692401,-0.001098579341,0.5742440266,0.002637344463,-0.02630888356,0.006542828738
0.3806873025,0.01654810504,0.4866545992,-0.003045203786,0.03735890569,-0.004666806142,0.9992863753,-1.580013552,0.01799587609,-0.001045745173,1.669778311,-0.04138407118,0.01259276764,-0.2422953105,0.007192664311,-0.3107889049,2.010362605,-0.6962416687,-0.2680738733,-0.04053978803,-0.07572821313,0.1701595177,0.1189372973,0.214879061,0.01844763312,0.5828622878,-0.006553932577,-0.0139712193,0.0113445762,0.1791445425,-0.2024309053,-0.000820202318,0.5736351408,0.002978426986,-0.02632064817,0.006469157316
0.3839804695,0.01722672246,0.4867399062,-0.004129134932,0.03850806457,-0.00558140267,0.9992341703,-1.579004036,0.02228798113,0.0003242750833,1.657477075,-0.03750554587,0.01466361858,-0.2401869897,6.858188136e-06,-0.3135908226,2.008807443,-0.6808146689,-0.2669926394,-0.03792905367,-0.07381394537,0.1716949783,0.1195336239,0.214930561,0.01832191953,0.5808153866,-0.006462550011,-0.01475515945,0.01135202234,0.1775142058,-0.2020129944,-0.0005792039445,0.5728911698,0.003301525177,-0.02637276723,0.006369804744
0.3875285848,0.01790443734,0.486635919,-0.005323636541,0.03962402967,-0.006529284182,0.9991791449,-1.578271864,0.0271020821,0.0006605093142,1.64709635,-0.03189659856,0.01676892202,-0.2371161604,-0.008244442959,-0.3174555887,2.007799404,-0.6647645161,-0.2658201668,-0.0351707586,-0.07156026115,0.173313324,0.1206278465,0.2148909928,0.01809358185,0.578579818,-0.006329388222,-0.01577356509,0.0113363436,0.17570924,-0.2016314313,-0.0004101926496,0.5721049678,0.003680384872,-0.0265195601,0.006192668708
0.3913027499,0.01856666392,0.4863671534,-0.006579574383,0.0408344176,-0.007361166437,0.9991171467,-1.578428474,0.03201793184,0.0006638359628,1.641041891,-0.0304180032,0.01841707304,-0.2335556844,-0.01698642678,-0.3220371937,2.007151317,-0.6482080831,-0.2646757306,-0.03254486088,-0.06910926085,0.1748434148,0.1219898357,0.2148222946,0.01781256199,0.5764011624,-0.006198938149,-0.01682734584,0.01131065152,0.1736703325,-0.2011962936,-0.0003083180558,0.571357549,0.004036535995,-0.02670840522,0.005998729589
0.3950857511,0.01916822399,0.4859830755,-0.007725196493,0.04195177015,-0.008046319025,0.9990573693,-1.579376133,0.03668056565,0.001021497811,1.640090739,-0.02967780885,0.01975329124,-0.2296713938,-0.02620631344,-0.3270457826,2.007115271,-0.6313463675,-0.2633978443,-0.03010892597,-0.06684528062,0.1765512655,0.1233082551,0.2147843322,0.01752718347,0.5744478563,-0.006034180377,-0.01800552623,0.01131680282,0.1713607094,-0.2006095296,-0.0003326589885,0.5707211665,0.004435189979,-0.0269874706,0.005728544587
0.3988371682,0.01968680273,0.4855179433,-0.008721414106,0.04310631187,-0.008467101862,0.998996542,-1.581138208,0.0407968212,0.001846261694,1.643294652,-0.03103919051,0.0209717426,-0.225910364,-0.03530141701,-0.3320992385,2.007345738,-0.6142512266,-0.2619896744,-0.02802257319,-0.06489714247,0.1783254085,0.1243576004,0.214858105,0.01725188422,0.5727831615,-0.005871530038,-0.01911403,0.01133293229,0.1687477585,-0.1997871078,-0.0004380110994,0.5701970428,0.00480766991,-0.02728346594,0.005441588654
0.4023576223,0.02006620174,0.4850555317,-0.009576596329,0.04408265121,-0.008679851352,0.9989442771,-1.583293236,0.04459889889,0.002980130898,1.64926749,-0.03431858761,0.02210380426,-0.2222870975,-0.04384338176,-0.336986002,2.00781047,-0.5971266131,-0.2600817436,-0.02616840161,-0.06326705126,0.1803507234,0.1249149188,0.2149682496,0.01703440772,0.5714892634,-0.005718696628,-0.02026218997,0.01138258478,0.1657876253,-0.1987513877,-0.0006759971346,0.5698082387,0.005187364513,-0.02767904316,0.005051558087
0.4056234946,0.02029542348,0.4846182432,-0.01024683398,0.04497440818,-0.008629457783,0.9988983119,-1.585897216,0.04791754431,0.004415895361,1.656923143,-0.03915955933,0.02325614084,-0.2190220495,-0.05152380065,-0.3415156496,2.008155683,-0.5800560792,-0.2580426128,-0.02459917081,-0.06206203229,0.1825305402,0.1248948941,0.2151641327,0.01686835251,0.570484155,-0.005578955742,-0.02129209398,0.01143492186,0.1625175633,-0.1975003536,-0.0009619528422,0.5694791163,0.005533227533,-0.02807921942,0.004649528859
0.4084968378,0.02036634542,0.4842165751,-0.01069744655,0.04570215554,-0.008463262739,0.9988619779,-1.588531615,0.05064492935,0.005842222068,1.665167985,-0.04509290891,0.02452315233,-0.2163069749,-0.05738514598,-0.3448576481,2.0085126,-0.5636070314,-0.2555000316,-0.02323504966,-0.06118397564,0.1846674353,0.1243646401,0.2153747702,0.01675347073,0.5697884958,-0.005401453512,-0.02225039718,0.01151972613,0.1590728141,-0.1961114897,-0.001318958885,0.569258177,0.005908116628,-0.02848219666,0.004218104077
0.410969884,0.0202759087,0.4838618266,-0.01086455778,0.04629454713,-0.008150322914,0.9988354962,-1.591172279,0.05279685074,0.00736549119,1.673314424,-0.05147938462,0.02582878992,-0.214021123,-0.06183448064,-0.3472294247,2.008631952,-0.5479532731,-0.2530352576,-0.02209050713,-0.06076346173,0.1867514659,0.1233186906,0.2156294455,0.01667712003,0.569286869,-0.00522684441,-0.02306759633,0.01159995782,0.1555244271,-0.1946104934,-0.001671497864,0.56906275,0.006255116159,-0.02885172554,0.003809183848
0.4129007964,0.0199939025,0.4835357165,-0.01074664309,0.04676526724,-0.007773020502,0.9988178511,-1.593447684,0.05442676212,0.008872642737,1.680416996,-0.0580298711,0.02748557009,-0.2121501465,-0.06455963672,-0.3485460234,2.008870371,-0.5341636505,-0.2500432554,-0.02116062385,-0.06077818589,0.1886277288,0.121982571,0.2160156509,0.01657197785,0.568924544,-0.00497239651,-0.02371164339,0.01167971631,0.1520974867,-0.192966732,-0.002014372883,0.56888847,0.006614195311,-0.02914200124,0.003432574881
0.4142919408,0.01953776071,0.483247091,-0.01040849158,0.04708632072,-0.00737053457,0.9988093997,-1.595381082,0.05567252121,0.01021447696,1.686052753,-0.06399774627,0.02932772872,-0.2106740021,-0.066063046,-0.3492074681,2.009093534,-0.522202752,-0.2472281868,-0.02036575179,-0.06103051474,0.1903838926,0.1203792845,0.2164028512,0.01647581011,0.5686915702,-0.004715042314,-0.02422065076,0.01174763885,0.1488143041,-0.1913233407,-0.002289534264,0.5687060622,0.006940564259,-0.02937973695,0.003104519604
0.4150879917,0.01889739786,0.4829943012,-0.01000364973,0.04723697738,-0.00683887764,0.9988102045,-1.596613073,0.05657826415,0.01129595872,1.68933981,-0.06885102622,0.03148171174,-0.209678909,-0.0656017061,-0.3477277141,2.011193585,-0.5135805857,-0.244040535,-0.01998674364,-0.0610664473,0.1916932288,0.1187627078,0.2168033617,0.01635947458,0.5685547411,-0.004429223145,-0.02455852878,0.01174882712,0.1459512996,-0.189692507,-0.002470694529,0.5686115927,0.007212284407,-0.02948790699,0.002780683968
0.4153114988,0.01809200793,0.4827809111,-0.009656195962,0.04711095013,-0.006176420112,0.9988238924,-1.59703651,0.05720424171,0.01183472092,1.68994102,-0.0717244245,0.03363150811,-0.2090574229,-0.06373048248,-0.3450451294,2.014303126,-0.5075868883,-0.2411536217,-0.01996642742,-0.06056142417,0.1927515151,0.1171493417,0.2170596262,0.01621999049,0.5685568528,-0.004157582747,-0.02478668236,0.0117230569,0.1435883424,-0.1882151497,-0.002575303603,0.5685987201,0.007439437493,-0.0295336785,0.002496401638
0.4150081053,0.01711488498,0.4825846571,-0.009370038771,0.04668351976,-0.005375516446,0.9988513179,-1.596294445,0.05771842264,0.01195209043,1.687528029,-0.0723942467,0.03594784551,-0.2090173712,-0.06083991967,-0.3408301602,2.019633228,-0.5054163904,-0.2378526971,-0.0203390066,-0.05957229163,0.1931568751,0.1158952239,0.2173016967,0.01600244149,0.5686911723,-0.003863801661,-0.02477865919,0.0115947324,0.1419559016,-0.186840428,-0.002575653321,0.5687286541,0.0075785253,-0.0294061569,0.002236715901
0.4142122332,0.01597918457,0.4823934707,-0.009219756694,0.04586327181,-0.004378089251,0.9988955845,-1.594340342,0.05803393174,0.0115393544,1.682461586,-0.07098167915,0.03803037356,-0.2092164553,-0.05695536036,-0.3353061767,2.025627145,-0.5060943748,-0.2350774851,-0.02111122297,-0.05789241281,0.1930156112,0.1150205957,0.2174061793,0.01570864622,0.5689878845,-0.003589306339,-0.02465562672,0.01142940577,0.1412106034,-0.1856663404,-0.002525823789,0.5689875528,0.007677177673,-0.02921575323,0.002017284655
0.4129722851,0.01470756275,0.4821861357,-0.009056761428,0.04472686269,-0.003253223715,0.9989529015,-1.59120639,0.05815569978,0.01100683697,1.675410204,-0.06848802044,0.04029170025,-0.2099493022,-0.05249403611,-0.327952299,2.03230013,-0.5098796217,-0.2320439362,-0.02225188854,-0.05584371925,0.1919655792,0.1147620838,0.2174929353,0.01528329138,0.5694718241,-0.003317542165,-0.02425770233,0.01111801414,0.1413587558,-0.1846585828,-0.002412256265,0.569446364,0.007662724648,-0.0288093051,0.001803015698
0.4113039752,0.01330476308,0.4819580211,-0.008929447813,0.04320845216,-0.001916920428,0.9990243341,-1.586990054,0.05795171144,0.01032366171,1.667108478,-0.06581304109,0.04226187002,-0.2108000759,-0.04740531565,-0.3192429223,2.03876001,-0.5149096866,-0.2294935442,-0.02378174075,-0.05329716228,0.1901355539,0.1150416134,0.2174687968,0.01474818125,0.5701617671,-0.003072327354,-0.02375257355,0.01077054604,0.1425090114,-0.1838622163,-0.002317376609,0.570092558,0.007617741266,-0.02834207842,0.001611077474
0.409257755,0.01179155453,0.4816936523,-0.008642899128,0.04143603925,-0.0004498165555,0.9991036746,-1.58173897,0.05754237124,0.01000786001,1.658007756,-0.06408559003,0.04435914504,-0.2120917271,-0.04228710172,-0.3094637732,2.045434397,-0.5205555791,-0.226396027,-0.02563412692,-0.05073357071,0.1871910683,0.1159936176,0.2175025158,0.0140680881,0.5710636664,-0.00284046145,-0.0229533927,0.01026663011,0.1445082151,-0.1831942319,-0.002183078426,0.5710278439,0.007442056219,-0.02762376542,0.001418261364
0.4068329307,0.01017709457,0.4813965795,-0.00832125333,0.03932581855,0.001191112512,0.9991910818,-1.575658093,0.05683375671,0.009760110049,1.648416681,-0.06354333459,0.04611339043,-0.2134368276,-0.03697450045,-0.2993326804,2.051806633,-0.5258091842,-0.2235593572,-0.02775597228,-0.04784919235,0.1833760108,0.1174784432,0.2174428427,0.01329886356,0.5721983931,-0.00263261217,-0.02207022811,0.009745348342,0.147395367,-0.1827406157,-0.002098106239,0.572190327,0.007248688737,-0.02684458847,0.001241630801
0.4040465857,0.008482087322,0.4810746441,-0.007844409171,0.03702944535,0.002925720747,0.9992791029,-1.568605873,0.05596964473,0.009942821916,1.638094328,-0.06480764636,0.04811745884,-0.2153454949,-0.03167431085,-0.2882079591,2.058440602,-0.531064625,-0.2200626916,-0.03015075413,-0.04495647197,0.1784514556,0.1195557668,0.2173899964,0.01243419485,0.5735770488,-0.002443640349,-0.0208866068,0.009057899125,0.150920669,-0.1824491437,-0.001943896689,0.5737065835,0.006903812736,-0.0257648296,0.001053920275
0.4008966763,0.006716458883,0.480727568,-0.007354650741,0.03442444634,0.004796897571,0.9993687289,-1.560882152,0.05483439922,0.01014259421,1.62720135,-0.06744330255,0.04984765046,-0.217356084,-0.02620458449,-0.2768547159,2.064797079,-0.5357384735,-0.216839624,-0.03275640848,-0.04171010739,0.17274918,0.1220802956,0.2171981247,0.01151581183,0.5751851711,-0.002273948607,-0.01964275558,0.008366741837,0.1551401674,-0.1824065343,-0.001839490157,0.575443545,0.006552969951,-0.02462639996,0.0008802162266
0.3973968286,0.00489942938,0.4803792035,-0.006705817151,0.03170251882,0.006785083618,0.9994518222,-1.552137391,0.05332901759,0.01068841886,1.615172557,-0.0719089028,0.05177350867,-0.2200446594,-0.02078926413,-0.2644203445,2.071305544,-0.5399483572,-0.2131032093,-0.03577209351,-0.03847502644,0.1659377124,0.1250863616,0.2169397009,0.01052612773,0.5770721136,-0.002126666441,-0.01807998809,0.007528236213,0.1599075649,-0.1825623155,-0.001646700613,0.5775241156,0.006050434546,-0.02318800995,0.0007248755929
0.3935480184,0.003036728809,0.4800135136,-0.006027418553,0.02869118371,0.008899495279,0.9995305324,-1.542877053,0.05146323999,0.01118569773,1.602336529,-0.07727948689,0.05334992985,-0.2228559135,-0.01528084989,-0.2516757608,2.077489376,-0.5435101751,-0.2097166456,-0.03904285461,-0.03494629264,0.15843228,0.1284477002,0.2165115192,0.009477533793,0.5791407698,-0.001995894399,-0.0164749513,0.006705124744,0.165320661,-0.1829858985,-0.00150742686,0.5797422612,0.005558972352,-0.02172183526,0.000591168607
0.3894254134,0.001179481562,0.4796110875,-0.005194767512,0.02563827544,0.01116751717,0.999595408,-1.53302555,0.048700404,0.01173346776,1.588367907,-0.0839549503,0.0548928663,-0.2262671774,-0.009707613113,-0.2368214581,2.083240591,-0.5461861635,-0.2059099818,-0.04282781408,-0.03143077545,0.14984567,0.1321319416,0.2159302663,0.008357508678,0.5814658251,-0.00190936622,-0.01452739039,0.005749578823,0.1713684722,-0.1837308434,-0.001267730266,0.5821688695,0.004879292433,-0.02000022288,0.0004867954394
0.385002696,-0.000678603803,0.4791656976,-0.00431115666,0.02218323836,0.01354409421,0.9996528774,-1.524205343,0.04537884693,0.01202449225,1.574517135,-0.08892003569,0.05596124911,-0.2294085119,-0.00397738306,-0.2208178586,2.088325743,-0.5482249897,-0.2025154929,-0.04685946998,-0.027740661,0.1411125151,0.1358923022,0.2151755226,0.007194967186,0.5839006711,-0.001841350007,-0.01256239838,0.004828352202,0.17795635,-0.1847790815,-0.001110518821,0.5846553043,0.004217901796,-0.01829794893,0.0004000130577
0.3803758647,-0.002501401746,0.4786729197,-0.003307503933,0.0185388848,0.01587710752,0.9996965978,-1.516600041,0.0409140172,0.01173795354,1.561036163,-0.09162865027,0.05688732282,-0.2328772898,0.001712223363,-0.2035494639,2.09318387,-0.5508558556,-0.1989584241,-0.05126774531,-0.02416507335,0.1319859161,0.1395962495,0.2142584321,0.006034863101,0.5866150141,-0.001816533361,-0.01027886995,0.003852622235,0.1849440468,-0.1861558128,-0.0008823571577,0.5873295785,0.00339873077,-0.01639686841,0.0003877815428
0.3755413432,-0.004327514806,0.4781332352,-0.002291509826,0.0144617564,0.01804068465,0.9997300337,-1.509817073,0.03628272048,0.01097262783,1.548114979,-0.09070194405,0.05775336612,-0.2359938488,0.007163737167,-0.1878842856,2.098681045,-0.5530882201,-0.1951653419,-0.05569686565,-0.02059457644,0.1230386067,0.1431953618,0.2132818686,0.004900393898,0.5894240006,-0.001805034811,-0.008018379408,0.002944611128,0.1922865147,-0.1876956078,-0.0007216586568,0.5901465179,0.002619062799,-0.01454072323,0.0004016061454
0.3706322424,-0.006104909999,0.4775264912,-0.001166258006,0.01021933123,0.01989074009,0.9997492503,-1.503916575,0.03079540909,0.009757986609,1.536005443,-0.08662997124,0.05861321447,-0.2389957662,0.01184939546,-0.1753634542,2.104047362,-0.5550811583,-0.1903052397,-0.06020575777,-0.01746266362,0.1139454674,0.1466597333,0.21240788,0.003837735292,0.592343458,-0.001844051197,-0.005529706253,0.00203177497,0.1999195089,-0.1893306644,-0.0004426578262,0.5931215247,0.001690259806,-0.01254100433,0.0004901216171
0.3656520564,-0.007819581265,0.4768569224,1.651854938e-06,0.005640695341,0.02106674434,0.9997621591,-1.498024863,0.02499902793,0.007777406508,1.5246486,-0.07980241961,0.059596447,-0.2417530246,0.01557470241,-0.167243681,2.111031659,-0.5565609309,-0.1851327596,-0.06415688833,-0.01458533599,0.1050829967,0.1500807705,0.211515479,0.002901122026,0.5952928083,-0.001892721761,-0.003144461145,0.001214696232,0.2077282832,-0.1911038027,-0.0001568977374,0.5961926583,0.0008134476668,-0.01060110972,0.0006097873976
0.3607205007,-0.009411871244,0.4762001724,0.001214137803,0.0009817498894,0.02164142814,0.9997645776,-1.492430419,0.01817432482,0.005062030633,1.514334273,-0.07179419966,0.06088547241,-0.2444205197,0.01846296325,-0.1619000449,2.119215827,-0.5575679159,-0.179818114,-0.0678011332,-0.01200913629,0.09649853228,0.1532739763,0.2105551253,0.002131761865,0.5984593315,-0.002010730103,-0.00063186716,0.0004488096961,0.215395106,-0.1930437805,0.0002366979615,0.5994086517,-0.000209189611,-0.00859131408,0.0008108536814
0.3558596956,-0.01089311738,0.4755415928,0.002542405165,-0.00386485346,0.0215234571,0.9997576406,-1.486644004,0.01073477746,0.001698742014,1.505180723,-0.0637619514,0.06274336146,-0.2468260055,0.02062534442,-0.1580013088,2.129048668,-0.5582347591,-0.1752986706,-0.07097669565,-0.009891457145,0.08831957161,0.1564251502,0.2096002042,0.00147848536,0.6016308159,-0.002138430435,0.001754107833,-0.0002208383323,0.2229790279,-0.1950542094,0.0006213049291,0.602646723,-0.00116986438,-0.006674586286,0.001031073413
0.3511933173,-0.01225094705,0.4749887289,0.004014390563,-0.008670530534,0.0209764235,0.9997343128,-1.480736779,0.002431045205,-0.002040925479,1.49714997,-0.05688145458,0.06530972772,-0.2488331466,0.02209822722,-0.1546042775,2.139346349,-0.5587964115,-0.1708564904,-0.07412845093,-0.008371373546,0.08059468021,0.1593456131,0.2087549267,0.0009191805068,0.6048414254,-0.002339145542,0.004189329428,-0.0008519092352,0.2302217263,-0.1969728395,0.001048217348,0.6059296592,-0.002238087854,-0.004762896352,0.001278107692
0.3467452196,-0.01351105064,0.4745052884,0.005733572434,-0.01340586217,0.01992865719,0.9996950823,-1.474473666,-0.006221442417,-0.005958288786,1.490198351,-0.05198873283,0.06845915239,-0.2505206918,0.02292322993,-0.1510068831,2.149938814,-0.559335466,-0.1670364127,-0.07706551036,-0.00769041144,0.07310684168,0.1622314374,0.2081482034,0.0004149581412,0.6078618803,-0.002541149488,0.006460651045,-0.001416239933,0.2373076339,-0.198694201,0.001459304499,0.6090769103,-0.003225336951,-0.002982198094,0.001515054933
0.3426270571,-0.01464868058,0.4742527618,0.007579177046,-0.01790313981,0.01881260542,0.9996339928,-1.467950438,-0.01515092712,-0.009276932898,1.48444391,-0.04970189489,0.07228933089,-0.2517191792,0.02356044367,-0.1470223102,2.159350925,-0.5598021075,-0.1630231804,-0.07997972021,-0.007395119558,0.06620407375,0.164889776,0.2077354783,-9.73258067e-05,0.6106994966,-0.002798203295,0.00866829914,-0.001975438549,0.2439851002,-0.2001400917,0.001851498029,0.6120295096,-0.004259487659,-0.001291995435,0.001702912568
0.3388428771,-0.01567842571,0.4742068386,0.009598681211,-0.02205156778,0.01755380225,0.9995566306,-1.461325192,-0.02383183382,-0.01143007261,1.479942551,-0.04876531569,0.0760676416,-0.2526757902,0.02423724164,-0.1423301242,2.16742221,-0.5602640286,-0.1594041005,-0.08268330846,-0.007580198062,0.05955178683,0.1674386614,0.2075480392,-0.0005888577123,0.6132394405,-0.003043911753,0.01066391847,-0.002488193132,0.2503565267,-0.2012766269,0.002219711785,0.6147336801,-0.005195948425,0.0002305646858,0.001857636944
0.3354820354,-0.01657156766,0.474612412,0.01154543108,-0.02578619641,0.01651012853,0.999464452,-1.454218132,-0.03185669924,-0.01198182441,1.476455967,-0.04832763118,0.0797595966,-0.2533930578,0.02514932349,-0.13729361,2.172647888,-0.5601131751,-0.1554462111,-0.08526512908,-0.007495360664,0.05366519649,0.1696586377,0.2074591088,-0.001106937722,0.6155598295,-0.003328327638,0.01250620953,-0.00300456552,0.2561749026,-0.2020430125,0.002509841637,0.6172340883,-0.00612919357,0.001595646886,0.001914369859
0.3325403279,-0.01732788006,0.4754430183,0.01346071464,-0.02893253811,0.01562742274,0.9993685512,-1.446776329,-0.03901353822,-0.01041341519,1.474082514,-0.04841082847,0.08286159518,-0.2544571228,0.02610682051,-0.1319750847,2.175404084,-0.5591766918,-0.1517684092,-0.08759917454,-0.007194727382,0.04809430729,0.1716681552,0.2074460328,-0.001616075199,0.6175424496,-0.003593854627,0.01412326258,-0.003479783776,0.2615293764,-0.202487318,0.00277999008,0.6194745329,-0.006958209696,0.002792181084,0.001934384695
0.3300156698,-0.01793226922,0.476846252,0.01497442216,-0.03158036885,0.01509529543,0.9992750267,-1.437990356,-0.04504116605,-0.006823287233,1.47178727,-0.04927165612,0.08568762297,-0.2555681455,0.02683968872,-0.1273298611,2.175189138,-0.5572481884,-0.1477215135,-0.08983937147,-0.005841053879,0.04331909625,0.1731959461,0.2072805867,-0.002128379744,0.6193219685,-0.00390821103,0.01552856024,-0.003971040995,0.2662268393,-0.2026924722,0.002934950945,0.6215355568,-0.007765078234,0.003799948617,0.001807775694
0.327909206,-0.01837270433,0.4787892622,0.01608673805,-0.03349613668,0.01477524187,0.9992001391,-1.428344053,-0.04987377219,-0.001234191683,1.469810717,-0.05059164251,0.08787306313,-0.2574266539,0.02728016502,-0.1234271358,2.172508172,-0.5542509174,-0.1438432204,-0.09176203065,-0.003372527277,0.03876329394,0.1744502777,0.2069202909,-0.002639265897,0.6207280341,-0.004205006174,0.01671147103,-0.004420895232,0.270349763,-0.2027856448,0.003074873468,0.6233241106,-0.008474499477,0.004658792598,0.00165221845
0.3261984081,-0.01865562691,0.4812702821,0.01664307696,-0.03491101165,0.01475569964,0.999142882,-1.417344785,-0.05368635275,0.005578538767,1.467491284,-0.05259412825,0.08998197699,-0.2592167173,0.02753292039,-0.1206450424,2.167194121,-0.5503750484,-0.1396021926,-0.0935815137,0.0004360911771,0.03499792223,0.1752028692,0.2062903679,-0.003115565625,0.6218066463,-0.004549207346,0.01764833201,-0.004866529412,0.2737816068,-0.2028024477,0.00313087678,0.6249237294,-0.009133866607,0.005339474627,0.001371415175
0.3248828723,-0.01877166773,0.4842484975,0.01674093694,-0.03558059336,0.01479172929,0.9991170938,-1.405809113,-0.05649070226,0.01293832382,1.464946845,-0.05456712535,0.09176977718,-0.2617564897,0.02755999966,-0.1186540851,2.159596993,-0.5455305592,-0.1354736378,-0.09494775832,0.005425794588,0.03143133629,0.1757198083,0.2054396598,-0.003561995657,0.622372321,-0.00487534632,0.01835768442,-0.005260261287,0.2765314603,-0.2028295867,0.003218813052,0.6262303092,-0.009704856945,0.005903046695,0.001093041362
0.3239413387,-0.01872599001,0.4876322246,0.01641683731,-0.03589668081,0.01493661473,0.9991090097,-1.393445791,-0.05881087818,0.02002733036,1.461824003,-0.05561388878,0.09392815948,-0.2639228963,0.02765310239,-0.117282722,2.14978607,-0.539926039,-0.1309854965,-0.09611568683,0.01144286177,0.02870192484,0.1758092518,0.2043535687,-0.003903779207,0.6225502476,-0.00528082464,0.01882454952,-0.005626423422,0.2786021373,-0.2028855738,0.003290307294,0.6273340171,-0.0102633319,0.006300016815,0.0007230814864
0.3233745647,-0.01851712253,0.491379087,0.01582788678,-0.03561556128,0.01492362599,0.9991287681,-1.381212141,-0.06048444657,0.02636875796,1.458261174,-0.05602887174,0.09597081305,-0.266526959,0.0277005756,-0.1160372145,2.13812172,-0.5334937799,-0.1266276173,-0.09674350506,0.01818104109,0.0262171797,0.1757611439,0.2031616706,-0.004166611037,0.6221863481,-0.005673548243,0.01908337178,-0.005932656375,0.2799608876,-0.2029946921,0.003442010884,0.6281394535,-0.01075810221,0.006604726284,0.0003832031165
0.3231615795,-0.01817168388,0.4953621168,0.01505924359,-0.03519056874,0.01482314603,0.9991572035,-1.368512209,-0.06185655413,0.03176314627,1.454413634,-0.0546062694,0.09837304999,-0.2682999084,0.02791567495,-0.1147403955,2.124882698,-0.5265370862,-0.121974251,-0.09720701901,0.02529398742,0.02453862343,0.1754038115,0.201815101,-0.004260268813,0.6215239435,-0.006223588241,0.01916124635,-0.006231809185,0.280752842,-0.2032065684,0.003631181658,0.628760097,-0.01132432854,0.006744327894,-4.821901653e-05
0.3233088173,-0.01769370268,0.4995435441,0.0142527124,-0.03433622906,0.01445601056,0.999204137,-1.356231264,-0.06268411965,0.03628385575,1.450462583,-0.05297974608,0.1005281389,-0.2700886385,0.02813148028,-0.1130328881,2.110438063,-0.5190520968,-0.1175363374,-0.09729442631,0.0325072488,0.02297240109,0.1750045264,0.2004645422,-0.004265212355,0.6204636656,-0.00676862473,0.0190927364,-0.006482605129,0.2810034083,-0.2035040115,0.003895005706,0.6291064971,-0.01185264945,0.006805054224,-0.0004435390065
0.3237931916,-0.01711439003,0.5037866049,0.01347178787,-0.03350479419,0.01401697174,0.9992494504,-1.343521444,-0.0634441448,0.03987014463,1.445754922,-0.05055705943,0.1028762347,-0.2705850274,0.02836631759,-0.1110106148,2.095105638,-0.5113875028,-0.1129029252,-0.09743779267,0.03953575181,0.02204051148,0.1743738875,0.1991008256,-0.004117798432,0.6192815626,-0.007418359151,0.01888824928,-0.006678133223,0.2809127275,-0.2038647651,0.004158714853,0.6292926352,-0.01239970449,0.006705474256,-0.0008536273524
0.3246224378,-0.01644112918,0.508050894,0.01279470773,-0.0323790584,0.01338211096,0.9993041635,-1.331432448,-0.06379402132,0.04256162642,1.440555069,-0.05050179974,0.1048469526,-0.2707200303,0.0285544043,-0.1084569864,2.079224578,-0.5035668092,-0.1085538358,-0.09746020184,0.04624461162,0.02099459134,0.1737366559,0.1978554419,-0.003910110011,0.617864001,-0.008034398144,0.01859825408,-0.006822950786,0.2805675047,-0.2042781565,0.004452540691,0.6292173468,-0.01289364823,0.006538350878,-0.001210584835
0.3257391625,-0.01570865463,0.5122228948,0.01218431755,-0.0313649177,0.01274712198,0.9993524379,-1.319129148,-0.06410820595,0.04414387735,1.433771929,-0.05106397461,0.1074050178,-0.2694263416,0.02876432363,-0.105700342,2.063045647,-0.4960033139,-0.1041121918,-0.09774690976,0.05258317796,0.02034902477,0.1728587818,0.1966571758,-0.003579077834,0.6164848224,-0.0087747436,0.0182610714,-0.006924444658,0.2801359952,-0.2047477325,0.00472655887,0.6289965796,-0.01345492025,0.006217265927,-0.001573999877
0.3271565238,-0.01491494228,0.5162622695,0.01168999114,-0.03018795199,0.01198144887,0.9994040607,-1.307698546,-0.06402750286,0.04505381301,1.426394386,-0.05315731382,0.109644969,-0.2675591695,0.02895073424,-0.1025378777,2.046854137,-0.4886813423,-0.1000046346,-0.09806168689,0.05850196681,0.01944668774,0.1719454049,0.1955805763,-0.00322324408,0.6150089679,-0.00947584565,0.01790265902,-0.006991361206,0.2797282717,-0.205305969,0.004997098894,0.6285352338,-0.01397532953,0.005842797479,-0.001890782182
0.3286996556,-0.01411814317,0.5201546741,0.0111951407,-0.02924206629,0.01130537497,0.9994457258,-1.296527528,-0.06369198059,0.04548701724,1.418173648,-0.0554172827,0.1116929267,-0.2640754945,0.02932994229,-0.09946441607,2.030604354,-0.4822503129,-0.09586809972,-0.09872207972,0.06413694396,0.01893684049,0.1707443671,0.1945158554,-0.002755157742,0.6136806605,-0.01031256436,0.0175712702,-0.006998778251,0.2793830408,-0.2059560863,0.005254641066,0.6279567314,-0.01459755719,0.005316814219,-0.002194794324
0.3303842863,-0.01330843132,0.5238683073,0.01079287117,-0.02824278891,0.01057053271,0.9994869297,-1.286340208,-0.06301348734,0.04583751512,1.410013647,-0.05808226861,0.1131372978,-0.2599670253,0.02971771947,-0.09621747832,2.014535692,-0.4766236808,-0.09207531257,-0.0994262085,0.06936770646,0.01811970815,0.1694707974,0.1935129889,-0.002284434614,0.6123652455,-0.01110224168,0.01726097998,-0.006976370372,0.2792144528,-0.2067303234,0.005494821626,0.6272121291,-0.01518335116,0.004756385133,-0.002453933203
0.3320756745,-0.01252173253,0.5274244992,0.01041247121,-0.02754132882,0.009989215133,0.9995165187,-1.276439493,-0.06230724287,0.04618979637,1.401954389,-0.06061816736,0.114094524,-0.2543198739,0.03010545309,-0.09322295063,1.99844259,-0.4722496384,-0.08828499272,-0.1004747915,0.07427916793,0.0176473739,0.1679027824,0.1924794068,-0.00172162133,0.6112925225,-0.01201828705,0.01704013001,-0.006913914438,0.2791732713,-0.2076113772,0.00571935076,0.6264464213,-0.01585751556,0.004095923059,-0.002672662691
0.3337887026,-0.01175186808,0.5307944144,0.01014024586,-0.02683909176,0.009385342853,0.9995442731,-1.267367495,-0.06145048712,0.04674208742,1.394299792,-0.06306533629,0.1146828086,-0.2482410779,0.03039324632,-0.09017458986,1.982608112,-0.4689348169,-0.08483355403,-0.1015098692,0.0787611132,0.01679147471,0.1662838229,0.1914768183,-0.001176292485,0.610290106,-0.01287592574,0.01686580459,-0.006835867767,0.2793660086,-0.2086100594,0.005923782364,0.625618254,-0.01648639159,0.003442848172,-0.002846770158
0.3354323984,-0.01102425534,0.5340035388,0.009910442209,-0.02639280032,0.008878146882,0.9995630954,-1.258394896,-0.06057306794,0.04746065917,1.386873227,-0.06528608463,0.1151350325,-0.2410437281,0.03059075489,-0.08737642446,1.966831038,-0.4670091283,-0.08146214792,-0.1027712175,0.08288970897,0.01612774907,0.1644527039,0.1904315042,-0.0005543696729,0.6095305821,-0.01382615051,0.01677937973,-0.00671207737,0.2796653089,-0.2096880263,0.006131145474,0.6248519152,-0.01720494801,0.002733293023,-0.002993399413
0.3370199713,-0.01033445655,0.5370235518,0.009778322251,-0.02593735156,0.008312688222,0.999581181,-1.250050913,-0.05955699505,0.04838996577,1.379760257,-0.06723826775,0.1155899578,-0.2337529349,0.03066627913,-0.0845705093,1.951433252,-0.4662222771,-0.07844434566,-0.1039451181,0.08661306641,0.0150175945,0.1626426176,0.1894053531,3.718471402e-05,0.6088286282,-0.01470410593,0.01673038593,-0.006577364275,0.280169963,-0.2108526389,0.006327187054,0.624079741,-0.01787419121,0.002060852884,-0.003106932074
0.3385100297,-0.009694135396,0.5399189665,0.00964668701,-0.0257459441,0.007830783983,0.9995912998,-1.241580666,-0.05858102658,0.04937676802,1.372796768,-0.06883972459,0.1162089505,-0.2252691597,0.03083172937,-0.08197767701,1.935795266,-0.4670160829,-0.07545487545,-0.1053323934,0.09004831264,0.01419925972,0.1606412651,0.1883653958,0.0006874755593,0.6083537178,-0.01560678841,0.0167416306,-0.006374285629,0.2806965948,-0.2120410625,0.006514621975,0.6233951596,-0.01855517134,0.001376781428,-0.0031562242
0.3399180454,-0.00910032889,0.5426594496,0.009586361894,-0.02552366958,0.007261157825,0.9996018805,-1.233598249,-0.05748443486,0.05045222459,1.366003093,-0.0700685943,0.1170114623,-0.2167522853,0.03098740317,-0.07933773597,1.920361212,-0.4691039656,-0.07278234428,-0.1065868318,0.09311397869,0.01295340469,0.1587150171,0.1873820756,0.00130285011,0.607898727,-0.01642177758,0.01677159652,-0.006161516771,0.2813633843,-0.2132561805,0.006700166307,0.6227185371,-0.01916736617,0.000749004689,-0.003169456581
0.3411811447,-0.008571107062,0.5452854968,0.009528425258,-0.02554829025,0.00677587147,0.9996052128,-1.225333508,-0.05644079813,0.05153723584,1.359074852,-0.07091534357,0.1180942096,-0.2075852606,0.0312342554,-0.07694981824,1.905023544,-0.4725085237,-0.07024526329,-0.1080091034,0.09592259843,0.0118378602,0.1567137372,0.1863520612,0.002004783817,0.6076655869,-0.01733489096,0.01690814535,-0.005896160101,0.2820694784,-0.2145060737,0.006926046497,0.6221436228,-0.01986900212,0.0001050204793,-0.003131415574
0.3423138627,-0.008101841276,0.5477687579,0.00951635033,-0.02557468786,0.006229156209,0.9996082093,-1.217385038,-0.05530978992,0.05260656974,1.352114407,-0.07143066983,0.1193081259,-0.1987373595,0.03150017446,-0.07460064519,1.890185097,-0.4768816439,-0.06803035484,-0.1092971018,0.09844836917,0.01025645873,0.1548697891,0.1853385877,0.00267575264,0.6074637481,-0.01818173874,0.01707462161,-0.005631594439,0.2829267725,-0.2157949373,0.007164605174,0.6215770225,-0.0205236763,-0.0004865641651,-0.003069159887
0.3432947904,-0.007699911593,0.5501992682,0.009492144987,-0.02576037778,0.005798189507,0.999606264,-1.209052743,-0.05421695784,0.05364089978,1.34483079,-0.07198164965,0.1204042783,-0.1895248917,0.0319432481,-0.07245667681,1.875205996,-0.4822620034,-0.06586311333,-0.1107471933,0.1006820168,0.00899492249,0.1529266772,0.1843158202,0.003379180276,0.6074069475,-0.01902544912,0.01727593416,-0.005320316901,0.2837002933,-0.2170610541,0.0074122946,0.6210708298,-0.02119242535,-0.001069957541,-0.002971476518
0.3441387983,-0.00735788319,0.5525463982,0.009494826492,-0.02586757867,0.005346590665,0.9996059877,-1.20104781,-0.0530428451,0.05464166616,1.337368639,-0.07253640833,0.1213005075,-0.180859572,0.03245449534,-0.07036211926,1.86053335,-0.4883391574,-0.0639450559,-0.1120675948,0.102616731,0.00746554637,0.1511069864,0.1833272671,0.004018806379,0.6073108943,-0.01977916628,0.01746985259,-0.005020439815,0.2845157192,-0.2183298829,0.007656385513,0.6205230397,-0.02179410672,-0.001601853206,-0.00286308301
0.3448994442,-0.007041955695,0.5548926414,0.009460649405,-0.02613714605,0.005028908749,0.9996009483,-1.192849149,-0.05204720794,0.05559324404,1.329897073,-0.07312597391,0.1220911995,-0.1717968178,0.03310353977,-0.06844332655,1.845457893,-0.4949710126,-0.06215464248,-0.1135587444,0.1044119622,0.006380782439,0.1491734274,0.1823035747,0.004648557954,0.6073460462,-0.02047937355,0.01766257235,-0.004646956911,0.285216068,-0.2195776948,0.007859308937,0.620014997,-0.02232318592,-0.00212276215,-0.002683617423
0.3455922801,-0.006749047759,0.5572076597,0.009445957956,-0.02631514795,0.00468541101,0.9995980861,-1.185053339,-0.05103843043,0.05654633083,1.322445144,-0.0736413018,0.1228063338,-0.1632504152,0.03377701488,-0.06649224155,1.830510705,-0.5018933791,-0.06059966949,-0.1148923546,0.1060146688,0.005106749899,0.1473708155,0.1813072291,0.005201644266,0.607314661,-0.02109001985,0.01783397744,-0.00428442909,0.2859200133,-0.220815007,0.008044868603,0.619467301,-0.02277394995,-0.002596683621,-0.002491611864
0.3462071138,-0.006488499062,0.5595238042,0.009403237699,-0.02668845306,0.004513515387,0.9995893826,-1.176850489,-0.05026963219,0.05746543868,1.314835277,-0.07420132016,0.1235508168,-0.1543114059,0.03460943078,-0.06476581489,1.815421502,-0.5091249852,-0.05917919152,-0.1163533427,0.1074258367,0.004283225741,0.1454950417,0.1803019106,0.005755132269,0.6073596113,-0.02169411439,0.01797733251,-0.003896130457,0.2864695065,-0.2220113845,0.008179220813,0.6189334072,-0.0231793019,-0.003085415164,-0.002288958569
0.3467624044,-0.006255209834,0.5618100712,0.009373167428,-0.0269915338,0.004349561943,0.9995822538,-1.16889952,-0.04952823192,0.05838114677,1.307120453,-0.07465852139,0.1243542069,-0.1458966534,0.0354995992,-0.06305228439,1.800616643,-0.5164139367,-0.05796704714,-0.1176085104,0.1086396978,0.003242828525,0.1437960569,0.1793330255,0.006242590873,0.607304997,-0.02223341361,0.0180888821,-0.003536683444,0.2869953615,-0.2231995887,0.008296983082,0.6183286296,-0.02352775021,-0.003543788673,-0.00209726128
0.347275123,-0.006048381721,0.5641431857,0.009243819439,-0.0273452027,0.004313569703,0.9995740017,-1.160718868,-0.04870250162,0.05928162728,1.299165277,-0.07508197477,0.1251437011,-0.1372434025,0.03674039063,-0.06149427405,1.7853465,-0.5238580336,-0.05679794007,-0.1188593755,0.1098013782,0.002518379327,0.1421249652,0.1783213118,0.00668596034,0.6073467213,-0.02270250216,0.0181934602,-0.003144072058,0.2873903965,-0.2243594694,0.008360740148,0.6177822414,-0.02381096548,-0.003972324828,-0.001880053453
0.3477578073,-0.00586303565,0.5664879006,0.009082751797,-0.02752197259,0.004260515905,0.9995708542,-1.152899389,-0.04769954282,0.06021413941,1.291016025,-0.07531057024,0.1259829859,-0.129195299,0.03810242584,-0.05994626931,1.770017944,-0.5312441591,-0.05576946353,-0.119830157,0.1108327514,0.001549667438,0.1407061071,0.1773305217,0.00704876256,0.6072878403,-0.02310235143,0.01827915136,-0.002780639237,0.2877517196,-0.2255123193,0.008415649222,0.6171892695,-0.02404463059,-0.004354508948,-0.001670603612
0.3483555255,-0.005671042182,0.5689249349,0.008903544453,-0.02767909286,0.004412630577,0.9995674682,-1.144932133,-0.0469607318,0.06127061674,1.282936559,-0.07566473028,0.126869587,-0.1210539708,0.03949717376,-0.0585399741,1.753882053,-0.537971377,-0.05492044711,-0.1207803163,0.1115289356,0.0009115388404,0.1393319097,0.1764594959,0.007326310056,0.6072441361,-0.02332183364,0.01829587727,-0.002390223515,0.287919242,-0.2265236947,0.008378238335,0.6166644159,-0.0240900301,-0.004644852373,-0.001401462816
0.3490779552,-0.00546878206,0.571417111,0.008750054191,-0.02758565905,0.004597123326,0.999570575,-1.137358774,-0.04625379453,0.06251623082,1.274934606,-0.07600975528,0.1279209477,-0.1135673374,0.04084419031,-0.05705096285,1.737486473,-0.5439110554,-0.05421856006,-0.1213978603,0.1118700812,5.497244435e-05,0.138212532,0.1757461426,0.007540476525,0.6070411978,-0.02346493692,0.01826815795,-0.00203292558,0.2879801761,-0.2274401252,0.008339769146,0.6160876946,-0.02407357633,-0.004877177986,-0.001135780961
0.349950688,-0.005236850912,0.5740520051,0.008574096024,-0.02733604769,0.004874795816,0.9995776417,-1.129661384,-0.04566395615,0.06389137559,1.266800705,-0.07651620207,0.1293368348,-0.1056633413,0.04187814804,-0.05584999572,1.719899578,-0.5495220898,-0.05370810766,-0.1218975326,0.1118941331,-0.0003962181157,0.1371134818,0.1751546394,0.007687616462,0.6068561228,-0.02346193504,0.0181234539,-0.001653842624,0.2877602684,-0.2281952562,0.008192350117,0.6155560228,-0.02387756172,-0.005089093008,-0.000831823815
0.3509792716,-0.004974278579,0.5767845163,0.008409903983,-0.02667786753,0.005042098378,0.9995959895,-1.122463706,-0.04489109621,0.06543211378,1.258576677,-0.07706223971,0.131054437,-0.09828643277,0.04267453855,-0.05457191741,1.701669302,-0.554768513,-0.05330929334,-0.12193821,0.1115985331,-0.001015161799,0.1362581487,0.1747431726,0.007809335124,0.6064760508,-0.02341781592,0.01792563883,-0.001306401547,0.2873255629,-0.2288440092,0.008064277502,0.6149165351,-0.02364835147,-0.005280482912,-0.000541338806
0.3522132631,-0.004689894402,0.5796975088,0.008194859467,-0.02596418575,0.005368275375,0.9996148693,-1.114804644,-0.04412066212,0.06733845616,1.250162081,-0.07774992296,0.1337623261,-0.09030209202,0.04336824008,-0.05355678963,1.682203872,-0.559481669,-0.05288437426,-0.1219881531,0.1109831093,-0.00127848408,0.135503589,0.1745513365,0.007875950342,0.6060793049,-0.02318457988,0.01763028229,-0.0009217845723,0.2865950668,-0.2292508131,0.007849623551,0.6143942621,-0.02320145135,-0.005379076098,-0.0001825655872
0.3536594208,-0.004381928348,0.5827405616,0.007978213191,-0.02489822897,0.005623793902,0.9996423357,-1.107385159,-0.043080541,0.06953125771,1.241604484,-0.07847120834,0.1369772003,-0.08279241701,0.04398843399,-0.05241311041,1.662021885,-0.563472633,-0.05245439351,-0.1216302305,0.1100267403,-0.001860169747,0.1350589871,0.1746287596,0.007945818221,0.6054780335,-0.02292142384,0.01729855028,-0.0005649366989,0.2856831907,-0.229484982,0.007691146323,0.6137865003,-0.02273659153,-0.005437697807,0.0001678634779
0.3552426101,-0.004096380095,0.586032752,0.00776469441,-0.02368803431,0.006001078714,0.9996712328,-1.098957335,-0.04168424074,0.07237237478,1.231738285,-0.07936946742,0.1413973266,-0.07498603545,0.04445342591,-0.05150622845,1.640520866,-0.5668860477,-0.05172846847,-0.1212194146,0.1085814612,-0.002413916718,0.1346295031,0.1750153499,0.008036143593,0.6049048417,-0.02253457336,0.01685239564,-0.0001541291344,0.2844462241,-0.2293726241,0.007487689583,0.6132918903,-0.02212984126,-0.005508715846,0.0005357842161
0.3569663191,-0.003818770728,0.589506716,0.007549882801,-0.02206813733,0.006269966409,0.9997082995,-1.090458729,-0.03982346755,0.075487516,1.220869144,-0.08036412952,0.1461290412,-0.06796457759,0.04487115396,-0.05049800698,1.618178147,-0.5694237384,-0.05090397386,-0.1203547613,0.1067658443,-0.003492684925,0.1344076918,0.1757159027,0.00819065995,0.6040974044,-0.0221546682,0.01637530349,0.0002374934224,0.2830054146,-0.2290770364,0.007384532387,0.6125819692,-0.02154375302,-0.005592262112,0.0008810845018
0.3588994953,-0.003510866661,0.5932727869,0.007268723974,-0.02028624021,0.006579274271,0.9997461414,-1.081563313,-0.03819499607,0.07838525437,1.209344172,-0.08126073112,0.1510688307,-0.0608364201,0.04521768291,-0.04958973023,1.594093132,-0.5706267999,-0.04988586203,-0.1192048894,0.1046384987,-0.004383445552,0.1341708855,0.1766582636,0.008296791347,0.6032682803,-0.02156976878,0.01577251792,0.000651914799,0.2812549456,-0.2285245551,0.007185898143,0.6118425505,-0.02068456291,-0.005636728959,0.001327098578
0.3610402526,-0.003174184745,0.5972617709,0.006974644226,-0.01809206672,0.006663192802,0.9997897946,-1.072979551,-0.03635115963,0.08119648,1.197385355,-0.08196645954,0.1559521702,-0.05460939163,0.04552951901,-0.04833726863,1.568993667,-0.5702423605,-0.04882532144,-0.1173758663,0.1021319184,-0.005602217868,0.134141038,0.1779319791,0.008463267546,0.6021415747,-0.02098953995,0.01513372283,0.001036865092,0.2792212296,-0.2277965069,0.007095097131,0.6108535625,-0.01983518449,-0.005686380495,0.001771705953
0.3633561513,-0.002860465176,0.6015591771,0.006641749469,-0.01590277029,0.006636960146,0.9998294554,-1.063311223,-0.03425892228,0.08395061037,1.184495433,-0.0824905885,0.160733504,-0.04907484076,0.04576070742,-0.0471668818,1.543458245,-0.5673199707,-0.04772954885,-0.1150692383,0.09892558723,-0.006515980064,0.1341348045,0.1795307364,0.008649899552,0.6009475535,-0.02026605095,0.01442410405,0.001454623633,0.276827854,-0.2267618433,0.007006240203,0.6099200679,-0.01882068935,-0.005679323719,0.002262508077
0.3658656082,-0.002561897289,0.6060932204,0.00624692369,-0.01348157836,0.006381612322,0.9998692405,-1.053362915,-0.03172576282,0.08665039314,1.170975265,-0.08279821238,0.1653581368,-0.0448184599,0.04599898129,-0.04590564565,1.517991837,-0.5616690525,-0.04665986202,-0.1121550142,0.09514849241,-0.007668971285,0.1343815242,0.1814729,0.00892730085,0.5994870703,-0.01958025674,0.01370556463,0.001847173715,0.274221989,-0.2255751777,0.007073611825,0.60874547,-0.01786550862,-0.005677477302,0.0027340317
0.368564501,-0.002236698972,0.6108294806,0.005911859997,-0.01109126859,0.005973336807,0.9999031718,-1.042455243,-0.02944311961,0.08926756055,1.156852455,-0.0832125064,0.1703056867,-0.041336552,0.04568733109,-0.0447890159,1.492974349,-0.5531470202,-0.04546920474,-0.1091116124,0.09078702116,-0.008599023406,0.1346895983,0.1836167476,0.009234046861,0.5980425922,-0.01882549963,0.01300262407,0.002316293677,0.2715534805,-0.2242481346,0.007221616032,0.6075946514,-0.01687915281,-0.005673712539,0.003288884503
0.3714659927,-0.001882010458,0.6156980502,0.005576424033,-0.008528027247,0.005279113859,0.9999341514,-1.031374778,-0.02704144021,0.09173917309,1.142472598,-0.08371723916,0.1753012025,-0.03910042086,0.04511739555,-0.04353318896,1.468750565,-0.5416859936,-0.044288279,-0.1057559609,0.08602453893,-0.00976052894,0.1352370119,0.1859922391,0.009622256041,0.5964305053,-0.01813444562,0.0123326176,0.002770055862,0.2689365909,-0.2228826427,0.00753344807,0.6062247799,-0.01599110394,-0.005701354973,0.003834105993
0.3745205502,-0.001497833827,0.6207125525,0.005061516544,-0.006226289551,0.004630022913,0.9999570877,-1.018954788,-0.02462019512,0.09404693645,1.127351443,-0.08419048167,0.1807027091,-0.03713718111,0.04484112047,-0.04251767829,1.445390439,-0.5272079551,-0.04291866341,-0.1026197227,0.08153147992,-0.01097674734,0.1358837813,0.1881860868,0.009999059792,0.5951582348,-0.0174508389,0.01179739774,0.003299961671,0.266736632,-0.2215318069,0.007910200311,0.6051252178,-0.01515955555,-0.005719837802,0.004465889877
0.3777391745,-0.001082943272,0.6257998086,0.004407257787,-0.003968303021,0.003872736357,0.999974915,-1.006073437,-0.0219763997,0.09616415636,1.111933047,-0.08469757594,0.1860561142,-0.03602472289,0.04475136174,-0.04156990252,1.423098001,-0.5096010446,-0.04151527817,-0.09947117117,0.07725184089,-0.01274365425,0.1368545374,0.1903038191,0.01038651157,0.5939096244,-0.01684798346,0.01135718682,0.003805302029,0.2650371593,-0.2202291144,0.008419067614,0.6040439366,-0.01443766772,-0.005732438516,0.005083636224
0.3810128769,-0.0005848669945,0.6308465604,0.003736195148,-0.002052792864,0.00308343603,0.9999861596,-0.9922652033,-0.02020574246,0.0974012905,1.096038449,-0.08515270479,0.1913403713,-0.03530959603,0.04464626489,-0.04063640045,1.402523742,-0.4894039576,-0.04019942877,-0.09661706682,0.07358554541,-0.01498286174,0.1379873102,0.1919910596,0.01076864744,0.5930814578,-0.01637908812,0.01116125213,0.004393107056,0.263993634,-0.2191283217,0.009024225422,0.6031636437,-0.01392622693,-0.005854045941,0.005771590379
0.3843422976,-1.035609816e-05,0.6357897206,0.003068505895,-0.0003542691378,0.002114334003,0.9999929942,-0.9782356324,-0.01880424435,0.09803142148,1.080251805,-0.08570538554,0.1962449873,-0.03529361786,0.04447191426,-0.03948380793,1.383751508,-0.4666983631,-0.03904125033,-0.09386959375,0.07046967649,-0.01794101189,0.1394736656,0.1933988158,0.01114125655,0.5923434502,-0.01600775,0.0110834398,0.004955167298,0.2635642722,-0.2181871963,0.009733207823,0.6023216994,-0.01353839215,-0.005999683273,0.006436875644
0.3876482533,0.0007032905258,0.6404717133,0.002575490049,0.00118291088,0.001127020152,0.9999953487,-0.9645705872,-0.01903514157,0.09746177396,1.064845591,-0.08646722515,0.2007593729,-0.036500705,0.04427781417,-0.03807598838,1.369063916,-0.4461015284,-0.0380485661,-0.09159475024,0.06819431369,-0.02159616029,0.1412337516,0.1943445911,0.01153716476,0.591981781,-0.01582290716,0.01126501066,0.005590444559,0.2639028697,-0.2175571596,0.01057111898,0.6016057488,-0.0134116504,-0.006216103326,0.007197588207
0.3909097498,0.001549599425,0.6448829937,0.002182611637,0.002300411001,5.231149455e-05,0.9999949708,-0.9509402229,-0.020160415,0.09613229272,1.050293454,-0.0875093837,0.2048015653,-0.03828713064,0.0441246684,-0.03640964415,1.357742882,-0.4281809634,-0.03732994763,-0.08972287228,0.06682806637,-0.0252436653,0.1431548285,0.1949078328,0.01192597486,0.5918824711,-0.01571872993,0.01155732137,0.006195693401,0.2647706967,-0.2171483807,0.01142362533,0.6010534018,-0.0133821094,-0.006429353992,0.007927522086
0.3940817932,0.002524109021,0.649111644,0.001887627947,0.003199145832,-0.0009506921499,0.9999926492,-0.9372788692,-0.02244856227,0.0938235018,1.035884834,-0.08883888342,0.2078707696,-0.0406245019,0.04428994164,-0.03463750979,1.348655364,-0.4171676041,-0.03709320085,-0.08819797643,0.06640892585,-0.02886793678,0.1450461082,0.1949565766,0.01232066838,0.5923476566,-0.0158169088,0.01193734768,0.006728063829,0.2661130036,-0.2170064956,0.01220014267,0.6007519475,-0.01361139083,-0.006722656321,0.008524769682
0.3970950557,0.003631307749,0.6531407662,0.001683098382,0.003693167882,-0.002227064675,0.9999892839,-0.9234541998,-0.02507146846,0.09107384496,1.022012932,-0.09037247587,0.2102765034,-0.04437349813,0.04466037383,-0.03251359859,1.339254677,-0.4129327023,-0.03708679703,-0.08654008697,0.06688609399,-0.03176528967,0.1468231124,0.1946049922,0.01272631302,0.5930311857,-0.01597311362,0.01235866394,0.007202324191,0.2674738227,-0.2170972712,0.01289471318,0.6006440209,-0.01389731154,-0.006976835302,0.009026802683
0.399899123,0.004813407067,0.6569788801,0.001795192182,0.003969328315,-0.003915684281,0.9999828444,-0.9089879747,-0.02798612415,0.08850168492,1.007844796,-0.09284797113,0.2121818623,-0.05103390796,0.04515710738,-0.03006596513,1.327246634,-0.4169200647,-0.03698165874,-0.08412077957,0.06739464115,-0.03396808691,0.1482597263,0.1941324219,0.01327011557,0.5938740183,-0.01625601936,0.01284469145,0.007653765165,0.2683495072,-0.2172550974,0.0135637879,0.6006672075,-0.01431319043,-0.007242518186,0.009441609304
0.4024704443,0.006071258739,0.6605839966,0.002171562019,0.003725086192,-0.005901602399,0.9999732892,-0.893865116,-0.03096925871,0.08644671709,0.9938900242,-0.09592094134,0.2137360064,-0.05965497326,0.04553092232,-0.02741992492,1.315318035,-0.4233424597,-0.03723583162,-0.08132215759,0.06798146099,-0.03470369585,0.1493314055,0.1936499123,0.01387516724,0.5945965974,-0.01655360894,0.01332720144,0.008070352335,0.2685699463,-0.2174982158,0.01420162679,0.6005944213,-0.01472452231,-0.007469244523,0.009796423997
0.4049017641,0.007326753413,0.6639450564,0.002887871874,0.002963962834,-0.007528921257,0.9999630946,-0.8778047998,-0.03444457675,0.08556687235,0.9799461361,-0.09990265095,0.2147166484,-0.06819752543,0.04567767407,-0.02488214439,1.306247113,-0.4272447242,-0.03782050978,-0.0786037668,0.06798971056,-0.03418456771,0.1500458524,0.1933860046,0.01441155393,0.5953404156,-0.01684016504,0.01374229243,0.008323821468,0.26834368,-0.2175820846,0.01469880817,0.6004653368,-0.01511324215,-0.007683428579,0.01000573234
0.4072719463,0.00861417936,0.6670483943,0.00362571188,0.001904247942,-0.008546173357,0.9999550945,-0.8619417581,-0.03833276416,0.08538719698,0.9666437281,-0.1041978873,0.2153674792,-0.07591443303,0.04581762394,-0.02283460616,1.30142049,-0.429537755,-0.03882116163,-0.0763380272,0.06828827649,-0.03316114031,0.1506683801,0.1930402339,0.01478913481,0.5961258829,-0.01708748626,0.01411987845,0.008485968071,0.2681236581,-0.2178413644,0.01507158032,0.6001401599,-0.01544790499,-0.007896551879,0.01014597608
0.4096695947,0.009867099311,0.6699124535,0.004314344353,0.0008349274792,-0.008798878933,0.9999516334,-0.846161593,-0.04224745458,0.08626965477,0.953868837,-0.110015746,0.2154028261,-0.08269560771,0.04657221873,-0.02169056763,1.298387815,-0.4308320722,-0.03966548495,-0.07433533038,0.06864869001,-0.03239451498,0.1513432304,0.1926748818,0.01490516215,0.5969692393,-0.01720011397,0.0144000243,0.008432986988,0.2680524791,-0.218089136,0.01522298543,0.5997982503,-0.01564353635,-0.008034811494,0.01007094148
0.412055778,0.01110209923,0.6725288161,0.004929440625,-0.0001484079644,-0.008517062256,0.9999515679,-0.8314600633,-0.046129691,0.08771551614,0.9420225752,-0.1162722011,0.2149648578,-0.08933251767,0.0479595365,-0.02167607503,1.295658254,-0.4333496036,-0.04005990509,-0.07226776076,0.06917736183,-0.03193613924,0.152084872,0.1922212073,0.01489377241,0.5977356272,-0.01725988772,0.01461925242,0.008311311462,0.2679125893,-0.2184320704,0.01524877329,0.5994469496,-0.01577380268,-0.008129147076,0.009927963782
0.4144148111,0.01224915752,0.6749612701,0.005619740804,-0.0009767855239,-0.00791899006,0.9999523759,-0.8175228205,-0.04943695888,0.09014979778,0.9312177819,-0.1238775515,0.2134177512,-0.09659465851,0.05023405658,-0.02284432422,1.290569049,-0.4359970357,-0.03971214678,-0.06993988173,0.06917392579,-0.03168418087,0.1528394352,0.1919699084,0.01476081736,0.5982887652,-0.0171456131,0.01468377377,0.008023975985,0.2673881357,-0.2185216137,0.01511285097,0.5992703319,-0.01570011699,-0.008063602406,0.009637885597
0.4167314573,0.01333753356,0.6771902033,0.006418804449,-0.001551999454,-0.007086795833,0.9999530827,-0.8051042871,-0.05252994612,0.0933480879,0.9213739704,-0.1314533522,0.2114671866,-0.1048590544,0.05299675108,-0.0248864527,1.285315776,-0.4394640681,-0.03941523518,-0.06730539783,0.06868095524,-0.03178025433,0.1536606081,0.1918151917,0.01460235274,0.5985900731,-0.01699135972,0.01465374527,0.007711010543,0.2664408662,-0.2185458606,0.01493716431,0.5990811042,-0.01556974284,-0.007930902397,0.009327596408
0.4190062209,0.01433069833,0.6793154945,0.007174711544,-0.002166075549,-0.006001271513,0.9999539071,-0.793304088,-0.05448214723,0.09740234518,0.9125232636,-0.1392770226,0.2087100221,-0.1127738892,0.05634939684,-0.0275731006,1.280269408,-0.4418650739,-0.03977254459,-0.06487693154,0.06777003632,-0.0315229693,0.1543988187,0.1917425248,0.01429965086,0.5987768501,-0.01665057983,0.01447963877,0.007265513549,0.2650187609,-0.2184278508,0.01458415038,0.5989911821,-0.01525161172,-0.007620788646,0.008872109421
0.4212649795,0.0152542044,0.6813279041,0.007856815098,-0.00269625559,-0.004610900682,0.9999548691,-0.782459093,-0.05571366634,0.1021268525,0.9045439728,-0.1465306779,0.2058585414,-0.120401445,0.06007418133,-0.03095577837,1.276418453,-0.4448752773,-0.04041653698,-0.06270511689,0.0666229854,-0.03127917289,0.1551292473,0.1916004456,0.01388444413,0.5988915099,-0.01628711953,0.01426303831,0.006805434421,0.2633601572,-0.2183635392,0.01413973092,0.5988413367,-0.01490583346,-0.007279771711,0.00840233422
0.4235471573,0.01609139646,0.6833263512,0.008327625396,-0.002857914288,-0.003250749432,0.9999559568,-0.7725771473,-0.0550150128,0.1076951185,0.8968826301,-0.1528967132,0.2029744706,-0.1287698435,0.06433270827,-0.0349474318,1.272861658,-0.4468799837,-0.04145546388,-0.06069150224,0.06561394847,-0.03217276062,0.1562554462,0.1913576434,0.01326436426,0.5990492025,-0.01578545658,0.01398803236,0.006251816389,0.2617606887,-0.2183434968,0.01359980745,0.5987965529,-0.0144523816,-0.006794104268,0.007875365208
0.4258190389,0.01683009018,0.6852821538,0.008689972416,-0.00286361199,-0.00189087557,0.9999563534,-0.763200473,-0.05273861435,0.1142737681,0.8894454626,-0.1579937412,0.2005763765,-0.137724338,0.06907964102,-0.03997709605,1.268646994,-0.4494507898,-0.04201021278,-0.05890363752,0.06442869061,-0.03358320056,0.1575690892,0.1911268367,0.01254604639,0.5991155912,-0.0152966288,0.01372374588,0.005704655684,0.2601299865,-0.21829881,0.01301613388,0.5987142867,-0.0140118261,-0.006304842172,0.007366862783
0.4280768375,0.01748688642,0.6871989116,0.008901825046,-0.002858757095,-0.0007598656773,0.9999560028,-0.7536409964,-0.0490411925,0.1214919972,0.8814979465,-0.1606355657,0.1984822479,-0.1472673739,0.07417409693,-0.04567315018,1.263536446,-0.4516010463,-0.04238446203,-0.05729999231,0.06324198061,-0.03539745462,0.1591105422,0.1909422974,0.01169694639,0.5991655549,-0.01472213383,0.01347749127,0.005157467403,0.2585562768,-0.2181811746,0.0123498126,0.5986773978,-0.01349974397,-0.005714063131,0.006869158596
0.4303036347,0.01805539032,0.689042278,0.009075962455,-0.002954124635,0.0002043850634,0.9999544281,-0.7439450149,-0.04441249267,0.1293961576,0.8734872321,-0.161431357,0.1969274607,-0.1573358317,0.07950854653,-0.05216266627,1.257795135,-0.4544105852,-0.04238924048,-0.05596529516,0.06176336274,-0.03730595737,0.1607350229,0.1908785852,0.01080808003,0.5991056036,-0.01418319594,0.01326536522,0.004646355993,0.2570573303,-0.2179663278,0.01167884518,0.5985408498,-0.01301689977,-0.005154386269,0.006410677494
0.4324985395,0.0185934652,0.6907701463,0.009113636285,-0.003153607701,0.0009051471907,0.9999530874,-0.7342302117,-0.03957570505,0.137024844,0.8652784784,-0.1598121882,0.1951326216,-0.1677844279,0.08469584009,-0.05881133378,1.252232901,-0.4571118615,-0.04259566056,-0.05484375896,0.06042545099,-0.03934465404,0.1625237424,0.1907870238,0.009839577071,0.5990792514,-0.01360307473,0.01310079339,0.004156808378,0.25579248,-0.2177986097,0.0109842912,0.5984620901,-0.01255097066,-0.004504359182,0.005991063039
0.4346431537,0.01909630557,0.6923696163,0.009114124666,-0.003550828462,0.001355883092,0.9999512418,-0.7246775525,-0.03498006866,0.1442781078,0.8576398195,-0.1571021601,0.19338668,-0.178459794,0.08972456525,-0.06559065144,1.24694068,-0.4604266975,-0.0426440705,-0.05394001208,0.05897960248,-0.04124643246,0.1643414317,0.1907151142,0.008875922536,0.5990621683,-0.01307246747,0.01297934306,0.003709554842,0.2547251196,-0.217630554,0.01030924331,0.5984015162,-0.0121385334,-0.003884864043,0.005615847447
0.4367007399,0.0196114357,0.693828719,0.009052395846,-0.003973845108,0.00167492307,0.9999497274,-0.7157460367,-0.03130668599,0.150385904,0.850355803,-0.1532076964,0.1906247227,-0.1894552839,0.09442333775,-0.07196328693,1.242363608,-0.4642045747,-0.04312734686,-0.05320992363,0.05779815744,-0.04318053664,0.16622335,0.190463864,0.007913475732,0.5991801371,-0.01261083112,0.01298143785,0.003281966322,0.253930231,-0.2176600514,0.009686220228,0.5985463443,-0.01187205351,-0.00318177371,0.005292993362
0.4386372515,0.02012181083,0.6951429117,0.009033952759,-0.004549056219,0.001758899316,0.9999472986,-0.7073600683,-0.02849326945,0.1556092647,0.8440008993,-0.149335975,0.1876346138,-0.2007714545,0.09884208627,-0.07787448579,1.237707283,-0.4685731307,-0.04343732077,-0.05249880149,0.05658013051,-0.04474790398,0.1680433434,0.1901593999,0.007018237288,0.5993675166,-0.01222203492,0.01304563123,0.002899528469,0.2532545612,-0.2177484822,0.009119075086,0.5988653135,-0.01168056171,-0.002487217152,0.005016506874
0.4404152139,0.02063426325,0.6963594713,0.009065109075,-0.005197515949,0.001603800502,0.9999441172,-0.69952742,-0.02680958737,0.1594664117,0.8382668528,-0.1457317789,0.1839786741,-0.2124184742,0.1025156,-0.08267996548,1.232053981,-0.4740786459,-0.04368234758,-0.05158001469,0.05530381392,-0.04592107535,0.1698335958,0.1898325865,0.006217147345,0.5996207571,-0.01187544399,0.01310081187,0.002555433105,0.2524666614,-0.2178675432,0.008584836367,0.5993705222,-0.01152381812,-0.001768923944,0.004752523556
0.4420202617,0.02112869685,0.6974654108,0.009156255495,-0.006009942945,0.001208028275,0.9999392903,-0.6920547243,-0.02585562353,0.1623563255,0.8333169377,-0.1429280597,0.1802303954,-0.2243113677,0.1056201426,-0.08655963116,1.226012642,-0.4803809508,-0.04377042928,-0.05049957715,0.05388289704,-0.04645804996,0.171548328,0.189594881,0.005535009937,0.5998605414,-0.01158135075,0.01315776974,0.002259224134,0.2515291946,-0.2179320503,0.008115475641,0.5999459266,-0.01139538898,-0.001082895772,0.004518013795
0.4434861435,0.02163086721,0.6984696809,0.009320322712,-0.006771716007,0.0005857210537,0.999933464,-0.6851626852,-0.02555523187,0.164254767,0.8289424855,-0.1412983212,0.1758093393,-0.236053545,0.107648211,-0.08901134894,1.21885052,-0.4869888923,-0.0438311157,-0.04927154871,0.05243711526,-0.0467376111,0.1732439799,0.189410705,0.004947873936,0.6001087197,-0.01131636904,0.01318279684,0.001960676979,0.250443988,-0.2180320552,0.007700305073,0.6005051922,-0.01130729268,-0.0003994825083,0.004264223291
0.4448072342,0.02212730965,0.6993652611,0.009488786798,-0.007552412261,-0.0001647502334,0.9999264457,-0.678770463,-0.02569123484,0.1653791233,0.8252046553,-0.1409061035,0.1712691927,-0.2473897074,0.1089360327,-0.09053073249,1.211966808,-0.4942916483,-0.0437520824,-0.04807530378,0.05107023362,-0.04659359219,0.1748475215,0.1893188422,0.004450484772,0.6003527724,-0.01108909984,0.0132051641,0.001690146969,0.2492397536,-0.2181291023,0.007327719719,0.6009826083,-0.01124054196,0.0002185388209,0.00402686035
0.4459893272,0.02262348992,0.7001437795,0.009653803355,-0.008223268092,-0.0008034705293,0.9999192649,-0.6733309825,-0.02645495073,0.1654789481,0.8220325341,-0.1412248336,0.1661166607,-0.2572883618,0.1091554309,-0.09037917002,1.204564312,-0.4997050184,-0.04392504127,-0.04668610064,0.04975374702,-0.04627374255,0.1762662118,0.1892132933,0.003952888116,0.6006570953,-0.01084732114,0.01320210909,0.001332074031,0.2479258078,-0.2183032338,0.0069025802,0.601324111,-0.0111464744,0.000846695798,0.003687764058
0.447030274,0.02310259661,0.7008042589,0.009743695768,-0.008777366141,-0.001295266518,0.9999131665,-0.6688669881,-0.02763582719,0.1647224858,0.8194814924,-0.1421715537,0.1609347124,-0.26575868,0.1087825942,-0.08929015986,1.197789193,-0.5051552944,-0.04375278441,-0.04522080572,0.04859617083,-0.04578810672,0.1775368316,0.1891344261,0.003496189514,0.6009636958,-0.01062750342,0.013198273,0.0009791086575,0.2464872835,-0.2185145187,0.006470540135,0.6015653894,-0.01105407515,0.001411328121,0.003344641625
0.4479262431,0.023571254,0.7013136144,0.00982454345,-0.009200558879,-0.00139080526,0.9999084427,-0.665905993,-0.03002803843,0.1624042129,0.8178813331,-0.1431814847,0.1557245956,-0.2729651425,0.1075616205,-0.08704667087,1.192310365,-0.5095576945,-0.04339552077,-0.04348413625,0.04745150415,-0.04527194423,0.1786684918,0.1890096664,0.002929033607,0.6013008743,-0.01030715407,0.01309974463,0.0004708443366,0.2449967264,-0.2187635331,0.005908619145,0.6016926038,-0.01084031519,0.001980268154,0.002853284477
0.4486732232,0.02401487142,0.7016826798,0.009826348442,-0.009525030201,-0.001224570749,0.9999056041,-0.6640707275,-0.0331578182,0.1588257489,0.8170498069,-0.144203269,0.1508883534,-0.2788991848,0.1060657032,-0.08414631515,1.187894183,-0.5143283746,-0.04257457584,-0.04138350532,0.04643897305,-0.04462717684,0.1797603324,0.1888515651,0.002380036396,0.6016207709,-0.009991541256,0.01297008248,-3.695188731e-05,0.2433125017,-0.2190340303,0.005334153378,0.601808285,-0.01061353701,0.002501660906,0.002359757024
0.4493027876,0.02444815516,0.7019205651,0.009830603154,-0.009868287981,-0.0007824365139,0.9999026772,-0.6630582875,-0.03757019777,0.1536585578,0.8169635172,-0.145311507,0.1463456741,-0.2833792175,0.104566583,-0.08046066735,1.184537467,-0.5178396005,-0.04134641267,-0.03850274912,0.04552825697,-0.04392874107,0.1809783954,0.1885469459,0.00165842815,0.6018870137,-0.009496394857,0.0126531171,-0.000748024276,0.2414599265,-0.2193623773,0.004598877984,0.6019616519,-0.0101963568,0.003141480321,0.001651130255
0.4498149957,0.02486167059,0.7020343462,0.009803473473,-0.01018913881,-0.0002382398762,0.9999000033,-0.66260523,-0.0426682404,0.147375582,0.8173002083,-0.1463147289,0.1423717417,-0.2866428102,0.1032678319,-0.07636160297,1.181782087,-0.5214113658,-0.0399260958,-0.03479293323,0.04479126416,-0.04325393912,0.1825214887,0.1881162229,0.0009432622601,0.6020611473,-0.009002767589,0.0122700838,-0.001451594784,0.2392694833,-0.2197587729,0.003876774486,0.6022075021,-0.0097688273,0.003795156244,0.0009468465833
0.4502489388,0.02527435098,0.7020382818,0.009794504092,-0.01046933116,0.0003440188767,0.9998971659,-0.6622234057,-0.04876733988,0.1402279314,0.8177036946,-0.1485817311,0.1386388499,-0.2887156572,0.1023979079,-0.07214046672,1.17955123,-0.5247904846,-0.03831230178,-0.03032448093,0.04433689699,-0.04274982159,0.1845076452,0.187547245,3.747093977e-05,0.6020403007,-0.008332109271,0.01164243773,-0.002367790561,0.2368369161,-0.2202549798,0.002995652878,0.6025631987,-0.009151762436,0.004594348289,3.813030661e-05
0.4505866833,0.02566936925,0.7019416001,0.00983277822,-0.01065451276,0.0008855988502,0.9998945012,-0.6621531702,-0.05526642763,0.1327506792,0.8181305932,-0.1513738397,0.1354465368,-0.2899216013,0.1018374855,-0.06800245616,1.177467215,-0.5281238949,-0.03678973889,-0.02519579897,0.04406828862,-0.04246587351,0.1869912489,0.1869107434,-0.0008689724769,0.6018850095,-0.007682627221,0.01094531421,-0.003263468515,0.2339908433,-0.2207957197,0.002112589349,0.6030460578,-0.008546213185,0.005407126313,-0.0008484049733
0.4508467782,0.02603505439,0.7017565219,0.009913203065,-0.0107902591,0.001437248243,0.9998916106,-0.6623665834,-0.06193841992,0.1253629373,0.8187145831,-0.1547750836,0.1330990301,-0.2902317746,0.1016316843,-0.06427184985,1.175568689,-0.5313026086,-0.03529855654,-0.01970122494,0.04401661459,-0.0424859791,0.1899350217,0.1863218561,-0.001948795419,0.6015388978,-0.006894739682,0.01001088779,-0.004352511701,0.2308262777,-0.2212969622,0.001042384401,0.6036882225,-0.007796024006,0.006373197345,-0.001936625859
0.4510085069,0.02636442937,0.7014955049,0.01007608626,-0.01086672917,0.001953557873,0.9998882789,-0.6630068619,-0.06846599472,0.1184110354,0.8194713442,-0.1579791424,0.1314537392,-0.2899043493,0.1015749629,-0.06087745544,1.17366251,-0.5348211578,-0.03416154952,-0.01391903229,0.04408318152,-0.04274667865,0.1932745736,0.1857834483,-0.003014695234,0.601132229,-0.006149829116,0.009046276187,-0.005401357524,0.2272453208,-0.2217576239,-5.336979902e-05,0.6044312668,-0.007082586946,0.007337808921,-0.002992673351
0.4510743185,0.0266497634,0.7012030429,0.01031894272,-0.0108740772,0.00250794642,0.9998844854,-0.6641429385,-0.07488533923,0.1120363468,0.820580323,-0.161513988,0.130533822,-0.2890290735,0.1015690369,-0.05803591109,1.171608405,-0.5388710494,-0.03355670628,-0.008152337224,0.04424746532,-0.04320374352,0.1968423821,0.1853709481,-0.004210625796,0.6006105759,-0.005326734173,0.007893568945,-0.00660851692,0.2233720154,-0.2221137532,-0.001341570889,0.6052950051,-0.00628305384,0.008407283854,-0.004227431596
0.451028503,0.02689109507,0.7008861983,0.01065500157,-0.01082943532,0.003015177564,0.9998800443,-0.6656580034,-0.08093589947,0.1063770108,0.8218323534,-0.1646650805,0.1301332746,-0.287846702,0.1015328661,-0.05548134897,1.169411065,-0.5436303547,-0.03343183288,-0.002352430402,0.0444919762,-0.04374826762,0.2005590543,0.1850340549,-0.005369844217,0.6000809081,-0.004567194527,0.006760054207,-0.007752677068,0.219171201,-0.2224220051,-0.002646860126,0.6061634623,-0.005541232719,0.009438775861,-0.005410979006
0.45089511,0.0270754051,0.7006368708,0.01107941919,-0.01074296295,0.003460677003,0.9998749216,-0.6673428297,-0.08622661087,0.1017498459,0.8232010032,-0.1679348659,0.1302915234,-0.286252916,0.1013483242,-0.05330550474,1.166593339,-0.5487396159,-0.03393795545,0.003260688605,0.04470574863,-0.0443563253,0.2042969284,0.184843865,-0.006586682099,0.5995111749,-0.003732266877,0.005542562578,-0.008969637754,0.2148025032,-0.2225679602,-0.004041553848,0.6071283927,-0.004728890284,0.01058352217,-0.006670438052
0.4506662059,0.02721069318,0.7004474545,0.01157984136,-0.0106075836,0.003792835968,0.9998694919,-0.669064984,-0.09078193801,0.09806838367,0.8243933707,-0.1710097006,0.130714066,-0.2845666138,0.1010323502,-0.05129477672,1.163378421,-0.5541894197,-0.03479362078,0.008725523116,0.04495041422,-0.04500040584,0.2079998262,0.1847173622,-0.007744667676,0.5989496501,-0.002962289248,0.004399224424,-0.01009401905,0.2103183045,-0.2226531456,-0.005378449819,0.6080029034,-0.00397908894,0.01167655153,-0.007837049039
0.4503604438,0.02729689313,0.7003802862,0.01217764909,-0.01044890721,0.004118588332,0.9998627718,-0.6706790933,-0.09441117428,0.09562067898,0.8253738644,-0.1743077172,0.1314756083,-0.2827279985,0.1004868683,-0.04944897685,1.159490402,-0.5593610926,-0.03620255821,0.01405195534,0.04509619051,-0.04557794525,0.211564754,0.1846782178,-0.008886364005,0.5983591442,-0.002228854403,0.003210550314,-0.01124576179,0.205826672,-0.2225812068,-0.006718893504,0.6088172373,-0.003243164353,0.01275764188,-0.009060094667
0.449975459,0.02734238698,0.7004194984,0.01283487385,-0.01024380677,0.004461543953,0.999855202,-0.6721188117,-0.09726900294,0.09418237463,0.825948602,-0.1779868379,0.1323259028,-0.2810065634,0.09977950461,-0.04767995068,1.155222383,-0.5642164279,-0.03778908308,0.01915524945,0.04525800875,-0.04612560622,0.2149637682,0.1846583773,-0.009947782491,0.5977522565,-0.001583914234,0.002108568012,-0.01229424832,0.2013982903,-0.2224653227,-0.007950923216,0.609411312,-0.002587015436,0.01372466194,-0.01018228001
0.4495404257,0.02734696381,0.7005983479,0.0136074321,-0.01000393779,0.004846306829,0.9998456242,-0.6733846822,-0.09904439636,0.09417351872,0.826322709,-0.182678012,0.133380371,-0.2792719202,0.09872413802,-0.04602023845,1.150282914,-0.5682247005,-0.039935546,0.02394702072,0.0451875609,-0.04656110812,0.2180623616,0.1847384765,-0.01093589244,0.597145354,-0.0009791078993,0.001058838493,-0.01326463618,0.1971560536,-0.2221881283,-0.009098042379,0.60987311,-0.001957388094,0.01461188958,-0.01124288811
0.4490594701,0.02732325123,0.7008932239,0.01442439562,-0.009697355801,0.005340874242,0.9998346729,-0.674362339,-0.1000191012,0.09523338334,0.826174058,-0.1883611386,0.1344043494,-0.2777373151,0.09748348705,-0.04441289469,1.145003995,-0.5714819079,-0.04215981869,0.02830571997,0.04507958912,-0.04697087321,0.2208510055,0.1848376616,-0.01183420213,0.596522122,-0.0004497001645,0.000123627999,-0.01411401076,0.1932065213,-0.2218832389,-0.01009629773,0.6100536946,-0.001399704985,0.01536140215,-0.01217431573
0.4485606297,0.02726654816,0.70126292,0.01529342801,-0.009386209553,0.005864900096,0.9998217907,-0.6751744587,-0.1000454461,0.09743568311,0.8259818991,-0.1954358005,0.1355038863,-0.2762893801,0.09603922229,-0.04305506348,1.139519335,-0.5738705333,-0.04533404276,0.03228278064,0.04474192704,-0.04728650707,0.2233030633,0.1850234295,-0.01266286907,0.5959276089,3.339215581e-05,-0.0007365708741,-0.01491395908,0.1895962211,-0.2214938959,-0.01099452145,0.6100237322,-0.0008805272766,0.01601646041,-0.01305185861
0.4480517149,0.02719183644,0.7016872518,0.01613918858,-0.009040266493,0.006501938446,0.999807744,-0.6756897339,-0.09945159287,0.1003536089,0.8253614275,-0.2034558488,0.136473468,-0.2750383142,0.09454558749,-0.04183491217,1.134070868,-0.5756307896,-0.04868081153,0.035745612,0.044381729,-0.04761130982,0.2254239348,0.1852035428,-0.01342113386,0.5953431133,0.0004526452943,-0.001488273433,-0.0156204177,0.1864162813,-0.2211450375,-0.01176521505,0.6097199506,-0.0004257164694,0.01653723818,-0.0138205088
0.4475601917,0.02711810354,0.7021020733,0.01697515337,-0.008745126567,0.007264232031,0.9997912771,-0.6762324683,-0.09832079816,0.1040738066,0.8249323986,-0.2117690044,0.1375736617,-0.273777783,0.09292995633,-0.04088521488,1.128734586,-0.5767181001,-0.05256311579,0.03875139155,0.04388609381,-0.04772025517,0.2270904891,0.1854511903,-0.01404314363,0.5948490608,0.0007673598447,-0.002115918117,-0.01621197331,0.1836155682,-0.2207652321,-0.01242504814,0.6092261021,-3.382830212e-05,0.01687403957,-0.01448254943
0.4470968841,0.02705642675,0.7024974409,0.01774899074,-0.008463528404,0.008199218286,0.9997730317,-0.6766983654,-0.09692939934,0.1081808913,0.8244353631,-0.2200181454,0.138589484,-0.27257356,0.09135044774,-0.04006491545,1.123702789,-0.5775015352,-0.05637047435,0.04123796542,0.04339868528,-0.04775074799,0.2283483443,0.1857041564,-0.01455714361,0.594416722,0.001017955637,-0.002632072865,-0.01670321134,0.181260691,-0.2204341122,-0.01296789319,0.6085517567,0.0002983375157,0.01707332493,-0.01503806875
0.4466841028,0.02702685184,0.7028540167,0.01849523052,-0.008244760363,0.00919616142,0.9997526599,-0.6777632242,-0.09555581069,0.1122258929,0.8253279509,-0.2272621451,0.1402050054,-0.2714145343,0.08952368756,-0.03976530782,1.119118536,-0.5780101279,-0.06055769132,0.04305772552,0.04276850197,-0.04759331866,0.2291536109,0.1860236032,-0.01494587721,0.5941210891,0.001221307289,-0.00299591955,-0.01704328975,0.1793203925,-0.2201131331,-0.01340356435,0.6077606399,0.0005843538346,0.01711496351,-0.01542841007
0.4463321696,0.0270327895,0.703182373,0.01923634925,-0.008083557241,0.01016399749,0.9997306198,-0.6790204,-0.09429266595,0.1159767169,0.8270599492,-0.2333289695,0.1418518329,-0.2702710846,0.08761807952,-0.03949251734,1.115107722,-0.578549134,-0.06460156335,0.04440057786,0.04196316801,-0.04730079288,0.2295625946,0.1863795164,-0.01522093235,0.5939596367,0.001389580872,-0.00325518487,-0.01729281284,0.1778013743,-0.2197925095,-0.01373794786,0.6069637707,0.0008247892021,0.01706880467,-0.01572019933
0.4460358451,0.02706623473,0.7034972731,0.01996713255,-0.008049877484,0.01092267282,0.9997085617,-0.6805095333,-0.09302980646,0.1186233227,0.8302125018,-0.2378555254,0.1441758854,-0.2689483202,0.08550920668,-0.03963745703,1.111592732,-0.5792904278,-0.06900650091,0.04501008297,0.04095457858,-0.04677139494,0.2294848388,0.1867336235,-0.01536368526,0.5939891034,0.001467008452,-0.003365564966,-0.01745295118,0.1766352875,-0.2195064001,-0.01399280396,0.606208219,0.0009907162367,0.01691440345,-0.01591030256
0.445811275,0.02712827918,0.7038115497,0.0207542476,-0.008085993654,0.0113036115,0.9996880045,-0.6817996956,-0.09172349409,0.120171439,0.8341205729,-0.2412395474,0.1465776507,-0.2676022256,0.08330559719,-0.03954425265,1.108628953,-0.5803002093,-0.07328207028,0.04522407462,0.03960282941,-0.0461871146,0.2290488113,0.1870939763,-0.01541109655,0.5941586286,0.001508672613,-0.003390420759,-0.0175604486,0.1758594856,-0.219208242,-0.01417202218,0.6055775866,0.001114218688,0.01672958592,-0.01604375531
0.4456539525,0.02721521015,0.704093085,0.02144521902,-0.008162642476,0.01134368734,0.9996723436,-0.6827122446,-0.09024983643,0.1200687435,0.8388104216,-0.2438290101,0.1495783209,-0.2664129674,0.08126508769,-0.03967995991,1.106281604,-0.5814546886,-0.07804561679,0.04488568889,0.03820786048,-0.04562605305,0.2282209421,0.1873699774,-0.01533567173,0.5944562042,0.001450503379,-0.003268636925,-0.0175665704,0.1754389415,-0.218993049,-0.01424156195,0.6050589584,0.001119216358,0.01649581696,-0.01606270932
0.4455801993,0.02732573788,0.7043506686,0.02214150575,-0.008219697372,0.01086349271,0.9996620303,-0.6828614784,-0.08860337139,0.1181101257,0.8436553036,-0.245965858,0.1526840368,-0.2655078035,0.07932080246,-0.03947876024,1.104540919,-0.5827335651,-0.08273014372,0.0443320629,0.03654332175,-0.0452616497,0.2271538765,0.1876194033,-0.01518503834,0.5948095984,0.001366751458,-0.003092500681,-0.01752998741,0.1753941163,-0.2187843706,-0.01422730932,0.6047104118,0.001084717059,0.01627513756,-0.01603381763
0.4455925476,0.02746488368,0.7045425012,0.02267823502,-0.008302161429,0.009917043389,0.9996591539,-0.68181915,-0.08705209103,0.1137480263,0.8487351902,-0.2483325362,0.1567399759,-0.2648214292,0.07778009772,-0.03921469902,1.103402606,-0.5840396852,-0.08739369631,0.04369140395,0.03496673033,-0.04507857129,0.2259021957,0.1878197721,-0.01489637487,0.595177208,0.001164988204,-0.002795571951,-0.01735416502,0.1756274382,-0.2186334695,-0.01406476532,0.6044479946,0.0009397914232,0.01599984448,-0.01585723923
0.445704726,0.02762540897,0.7046729432,0.02314958192,-0.008306270731,0.008426230495,0.9996619936,-0.6795647777,-0.08539865223,0.1075166786,0.8534957295,-0.2506726183,0.1608022494,-0.2645289062,0.07646806338,-0.03865803942,1.102803985,-0.5853521097,-0.09166252643,0.04308186909,0.03324452074,-0.04533614733,0.2246219698,0.188065733,-0.01451891914,0.5955076772,0.000946108868,-0.002485411051,-0.01713758047,0.176145542,-0.21844095,-0.01379543869,0.6043208545,0.0007733707218,0.01574169498,-0.01563572596
0.4459188148,0.02781950832,0.7046992836,0.02348072341,-0.008294091303,0.006646077546,0.9996677915,-0.6761846132,-0.08395724184,0.1005266505,0.8577341196,-0.2539080939,0.1653672402,-0.2643590902,0.07544974908,-0.03815894013,1.102643194,-0.5867369794,-0.09575325011,0.04244156952,0.0316114093,-0.04598297855,0.2234683159,0.1883489007,-0.01407273008,0.5957883449,0.0007131458162,-0.002131431782,-0.01682858463,0.1768662357,-0.2182373995,-0.01341976276,0.6042247744,0.0005942783683,0.01547551981,-0.01528329678
0.4462284159,0.02804476603,0.7046231586,0.02367078897,-0.0081995412,0.004707436109,0.9996750979,-0.6722279172,-0.08252942105,0.09383580653,0.8611596351,-0.2570752789,0.1693234019,-0.26437218,0.07462829074,-0.03779949002,1.102797461,-0.5882271367,-0.09938327953,0.04159291628,0.03005623284,-0.04713927018,0.2223947041,0.1886900691,-0.01361565966,0.5960395577,0.0005008368352,-0.001793130665,-0.01651693844,0.1778223497,-0.2180019055,-0.01301825722,0.6041583957,0.0004302178034,0.01522647413,-0.01491905694
0.4466216217,0.02832515532,0.7044469563,0.02366866857,-0.008079847505,0.002972201048,0.9996827878,-0.6677679846,-0.08152000389,0.08904427454,0.8627523406,-0.2626369173,0.1733651105,-0.264289519,0.07403733163,-0.03791724185,1.103100858,-0.5898909378,-0.1029647012,0.04040333494,0.02887274274,-0.04866362004,0.2214386314,0.1890042321,-0.01320971978,0.596260357,0.0003001339815,-0.00142636921,-0.01617172171,0.178993883,-0.2178487777,-0.01263312229,0.6039775605,0.0002767466987,0.01493072704,-0.01451053114
0.4470606527,0.02865618901,0.7041777523,0.02348402668,-0.00794482182,0.001515724991,0.9996914938,-0.6640230285,-0.08107842602,0.08550563141,0.8632534831,-0.2675276718,0.1768335832,-0.2641346321,0.07362651286,-0.03843860243,1.103523386,-0.5917373974,-0.106186889,0.03883869953,0.02802064253,-0.05038441356,0.2203897926,0.1892922627,-0.01286613404,0.5964780744,0.0001259534091,-0.00107620962,-0.01585373287,0.180286565,-0.2177506424,-0.01233849154,0.6037505747,0.0001439501827,0.01462237618,-0.01413868341
0.4474803992,0.02901194761,0.7038984134,0.02322102386,-0.007834406144,0.0004303025371,0.9996995654,-0.6607651126,-0.08145402198,0.08289188443,0.8624924954,-0.2724368158,0.1807966401,-0.2637983543,0.07340724834,-0.03909988647,1.103969403,-0.5939291619,-0.1091856236,0.0371220781,0.02749038651,-0.05198048875,0.2192664416,0.1895407702,-0.01257757431,0.596661565,-2.68300311e-06,-0.0007629993396,-0.01553152245,0.181529993,-0.2177003828,-0.01214888667,0.6035030432,6.359788228e-05,0.0142828542,-0.01378408967
0.4478542269,0.02938148439,0.7036273361,0.02295241852,-0.007778829466,-0.0003782171906,0.9997062235,-0.6587457013,-0.08256834021,0.08056791826,0.8616852684,-0.2754808921,0.18415538,-0.2633325295,0.07325056387,-0.0396849763,1.104431029,-0.5963244692,-0.1118137282,0.03543854833,0.02708914577,-0.05327436972,0.2179846169,0.189786315,-0.01230929935,0.5968243424,-0.0001040014723,-0.0004965224386,-0.01523838077,0.1825875455,-0.2176135273,-0.01204630759,0.6033462026,7.095919646e-06,0.01396331228,-0.0134811357
0.4481502074,0.02973796998,0.7034269535,0.02276509559,-0.007753281524,-0.0009162067445,0.9997103569,-0.6578566929,-0.08428531227,0.07849947495,0.8613510805,-0.2774969714,0.1873028644,-0.2629262417,0.07311850432,-0.04005779507,1.10500579,-0.5988247309,-0.1143750631,0.03391185533,0.02675317041,-0.05427920725,0.2166557765,0.1900131391,-0.01207639146,0.5969838482,-0.0001734742027,-0.0002361018468,-0.0150013031,0.1834360777,-0.2174904373,-0.01199733821,0.6033126586,-5.092041468e-05,0.01367235556,-0.01323579085
0.4483714872,0.03008016001,0.7033093566,0.02267959515,-0.007798861346,-0.001323711072,0.9997114891,-0.657753547,-0.08636464618,0.07658645898,0.8616584194,-0.2786040781,0.1898902618,-0.2625134398,0.07295479409,-0.04006493195,1.105598956,-0.60117853,-0.1167221928,0.03274316255,0.02644067125,-0.05491038052,0.2153567418,0.1902140117,-0.01184888504,0.597132387,-0.0002267557585,-9.043512921e-06,-0.01480209145,0.1840255507,-0.2173101231,-0.01195368296,0.6034202947,-0.0001044003814,0.01344240041,-0.01303389847
0.4485275386,0.03039890854,0.7032613654,0.02270953948,-0.007959119981,-0.001554198715,0.9997092146,-0.6580623472,-0.08868597462,0.07495627466,0.8626521342,-0.2794942124,0.1924658244,-0.2617604589,0.0727179515,-0.03977311618,1.105915607,-0.6034155905,-0.1188961621,0.03186229021,0.02614241557,-0.05517013898,0.2141510161,0.1903923013,-0.01166273899,0.5972540596,-0.0002485807189,0.000167989602,-0.01468676477,0.1843506266,-0.2170828112,-0.01195082607,0.6036242553,-0.0001240945592,0.01331163654,-0.0129385317
0.4486305903,0.0306965788,0.7032818597,0.02284217302,-0.008185915996,-0.001712087639,0.9997041036,-0.6584824226,-0.09105691599,0.07362236153,0.8639985976,-0.2804091129,0.1949649442,-0.26086726,0.07242231115,-0.03913089666,1.105966814,-0.6052913225,-0.1208175241,0.03139921826,0.02589489405,-0.05521364479,0.21316974,0.1905322219,-0.01149788837,0.5973232278,-0.0002595864344,0.000298695635,-0.0146084401,0.1844359218,-0.2168296753,-0.01193191502,0.6038864992,-0.0001319645305,0.0132515619,-0.01288406937
0.4487003203,0.03099404169,0.7033427487,0.0230690297,-0.008398603751,-0.00177642847,0.9996970179,-0.6591236981,-0.09351461881,0.07266463127,0.8657058764,-0.2817087353,0.1978324009,-0.2601598787,0.07192201921,-0.03831830775,1.105835111,-0.6063249895,-0.1225609717,0.03121150299,0.02567411905,-0.05517501783,0.2123920542,0.1906364263,-0.01139053119,0.59734681,-0.0002525464707,0.0003663721634,-0.01461765666,0.1843660918,-0.2165701082,-0.01193084999,0.6041342463,-0.0001279639475,0.01318160148,-0.01292433709
0.4487451724,0.03129319414,0.7034367515,0.02334482257,-0.00859849279,-0.001795121111,0.999688883,-0.6596412872,-0.09590460134,0.07200037903,0.8673490386,-0.2834797961,0.2009080967,-0.2596117233,0.07132786875,-0.03733129976,1.105568912,-0.6065041612,-0.1240513402,0.03133305837,0.0255885688,-0.05508317608,0.2118887243,0.1906858568,-0.0113201749,0.5973062796,-0.0002415115892,0.0003927704193,-0.01465490183,0.1841447334,-0.2163402295,-0.01191413269,0.6043250835,-0.0001207468534,0.01312064422,-0.01298760118
0.4487851949,0.03160226068,0.7035309609,0.02365138113,-0.008803748587,-0.001742843011,0.9996799831,-0.6600365748,-0.09823451785,0.07166367897,0.8689628613,-0.2857248852,0.2044995956,-0.259108768,0.07059494602,-0.03626382981,1.105140957,-0.6058090978,-0.1252635005,0.0316269112,0.02558584245,-0.05491794039,0.2115628648,0.1907521975,-0.01132928176,0.5972147918,-0.0001552768855,0.0003532153998,-0.01472833907,0.1838040003,-0.2160877962,-0.01195426418,0.6044637252,-3.054576622e-05,0.01308756608,-0.01309412235
0.4488290564,0.03192256086,0.7036169392,0.02393982021,-0.008988188028,-0.001635187617,0.9996716579,-0.6601702134,-0.1004029918,0.07151091094,0.8702578643,-0.288395332,0.2082408321,-0.2586671665,0.06985488989,-0.03517046817,1.104688273,-0.6045746871,-0.1261878187,0.03209069202,0.02577492957,-0.05477396484,0.2114677823,0.1908088605,-0.01138043304,0.5970664813,-5.513597741e-05,0.0002823176283,-0.01480951416,0.1833727558,-0.2158592854,-0.01200050236,0.604524372,7.613784052e-05,0.01306597122,-0.01320292923
0.4488913745,0.0322602407,0.7036170013,0.02409218786,-0.009170508934,-0.001533510065,0.9996665027,-0.66025392,-0.1022511886,0.07125576637,0.8717126398,-0.2918740032,0.2122521249,-0.2581553884,0.06926696379,-0.03443734096,1.104361359,-0.6034511129,-0.1273093236,0.03258407642,0.02641189856,-0.05481372124,0.2115516655,0.1907423907,-0.01153543893,0.5969222873,-3.909054307e-05,0.000272043039,-0.01512943978,0.1829668158,-0.2158172065,-0.01210009863,0.6045382933,5.874518663e-05,0.01314760896,-0.01353797934
0.4489729372,0.0326104214,0.703533687,0.02413489205,-0.009345232024,-0.001449909728,0.9996639792,-0.6602259511,-0.1037958788,0.07089018646,0.8730464804,-0.2954518016,0.2160620066,-0.2575797834,0.06881589022,-0.03395949967,1.104225237,-0.6027471622,-0.128389292,0.03311080186,0.02741388648,-0.05504542497,0.2118193732,0.1905720114,-0.01176328776,0.5968014901,-4.938955319e-05,0.0002826849303,-0.01550361783,0.1825738687,-0.2159240818,-0.01225377855,0.6045575785,5.187278261e-06,0.01325746149,-0.01391875582
0.4490692215,0.0329677607,0.7034400436,0.0242104685,-0.009500839317,-0.001317620588,0.9996608681,-0.6602894833,-0.1053810339,0.07066878847,0.8743491959,-0.2987779138,0.2197451871,-0.2569236913,0.06828514653,-0.03348227744,1.104105989,-0.6023749198,-0.1294699123,0.03368294008,0.02832835923,-0.05526973757,0.2121111712,0.1904859481,-0.01203367664,0.5966698284,2.920304078e-05,0.0001922368928,-0.01584184748,0.182132574,-0.2159421589,-0.01249699672,0.6045830617,7.674465234e-05,0.01334896441,-0.01428233008
0.4491812759,0.03333413389,0.7033392313,0.02429486596,-0.009629929153,-0.001152403331,0.9996577894,-0.6604257154,-0.1069165603,0.07053169264,0.8755797348,-0.3016872737,0.22304327,-0.2562136081,0.06773584751,-0.0329743192,1.104047,-0.6024797666,-0.1304374397,0.03430778172,0.02921693646,-0.05551006261,0.2124395338,0.1904423203,-0.01229623644,0.596542297,0.0001275847636,6.769827479e-05,-0.016134994,0.1816437573,-0.2159159533,-0.01276023276,0.6046103845,0.0001803076014,0.01342648123,-0.01460669807
0.4493127219,0.03372042885,0.7032523321,0.02443089268,-0.009744532091,-0.0009678756554,0.9996535594,-0.6606550639,-0.1084891156,0.07060666571,0.8769356637,-0.3045130557,0.2262481493,-0.2554406595,0.06701005046,-0.03242127574,1.104032914,-0.6030617669,-0.1311136915,0.03492784897,0.03002017551,-0.05572115708,0.2127325278,0.1904526342,-0.01255396616,0.5964328378,0.0002287508935,-6.366776858e-05,-0.01643741022,0.1811333544,-0.2158304253,-0.01303442018,0.6046584965,0.0002834240958,0.0134870995,-0.0149420798
0.4494667598,0.0341290703,0.7031816385,0.02458070176,-0.009832945369,-0.0007839838066,0.9996491823,-0.6608952684,-0.1099965781,0.07081711419,0.8782640819,-0.3071208354,0.2291572085,-0.2546441362,0.06622388628,-0.03180368751,1.104054467,-0.6040810369,-0.1315545601,0.03556384346,0.03083107194,-0.05594398046,0.2130175805,0.1904769627,-0.01278490596,0.5963489263,0.0003208356498,-0.0001859824338,-0.01671170519,0.1806157786,-0.2157264688,-0.01328456466,0.6047116378,0.0003762238018,0.01353858207,-0.01524679636
0.4496375836,0.03455501319,0.7031430962,0.02475432082,-0.00992111285,-0.0005844978712,0.9996441634,-0.6610265551,-0.11151463,0.07118585723,0.879530181,-0.3097522713,0.2319998586,-0.2539195003,0.06535463248,-0.03113500485,1.104240538,-0.6053275527,-0.1317519907,0.0361743058,0.03158123339,-0.05607330192,0.2132708186,0.1905443527,-0.01299268137,0.5962734378,0.0004179845403,-0.0003231702843,-0.0169747941,0.1800869343,-0.2155616001,-0.01352159724,0.6047716958,0.0004784912659,0.01358297022,-0.01554737451
0.4498308552,0.03500191893,0.7031365514,0.02490716563,-0.009988216005,-0.0003720275329,0.9996398002,-0.6610248801,-0.1129565976,0.07161099529,0.8806129415,-0.3123211863,0.2346219691,-0.2532773899,0.06449535487,-0.03044631794,1.104514017,-0.6066489998,-0.1317795873,0.03676146339,0.03237903764,-0.05618324639,0.2135205504,0.1906147901,-0.01317240247,0.59621133,0.0005071156908,-0.0004528891084,-0.01720672361,0.1795833008,-0.2153835265,-0.01372303446,0.6048168065,0.0005736671775,0.0136210236,-0.01581443317
0.4500440314,0.03546063281,0.7031626294,0.02505386439,-0.01006619857,-0.0001543638456,0.9996354094,-0.6607324216,-0.1144112689,0.07206917401,0.8814489148,-0.3150512567,0.2372351159,-0.2526343864,0.06363365472,-0.02970045265,1.104807457,-0.6079391569,-0.1315507465,0.03729756009,0.03314983912,-0.05620713188,0.2137353598,0.1907299954,-0.01332777716,0.5961766383,0.0006116813588,-0.0005717149686,-0.01738424414,0.1791129105,-0.2151436714,-0.01390382226,0.6048505588,0.0006990546682,0.01361429778,-0.01602494993
0.4502807895,0.03593386909,0.7032174991,0.02516104682,-0.01011756641,6.532904901e-05,0.9996322085,-0.6602494786,-0.1157933509,0.07248586237,0.8819917591,-0.3177932116,0.239658946,-0.2520712885,0.06283181177,-0.02894951489,1.105065857,-0.6090152739,-0.131178185,0.03778983605,0.03397106447,-0.05624712844,0.2139466704,0.1908623612,-0.01345290436,0.5961513295,0.0007103476646,-0.0006732143499,-0.01752446757,0.1787050873,-0.2148830881,-0.01404093145,0.6048489954,0.0008210927609,0.01358930028,-0.01619243154
0.450540838,0.0364226172,0.7032866767,0.02524346414,-0.01013461998,0.0002631277822,0.9996299254,-0.65966165,-0.1172109949,0.07285139302,0.8824219406,-0.3208305842,0.2420781991,-0.2516098548,0.06203964101,-0.02821880267,1.105259248,-0.6098187135,-0.1306436828,0.0382490802,0.03480753019,-0.05634060232,0.2141510166,0.1910149498,-0.01359163914,0.596119219,0.0008044985003,-0.0007766580129,-0.01771419101,0.1783592912,-0.2146142673,-0.01418159241,0.6048221937,0.000929549882,0.0135839798,-0.01640887492
0.45082284,0.03692725371,0.7033669697,0.02528706586,-0.01011028173,0.0004276635894,0.999629013,-0.6590207637,-0.1185825872,0.07313344414,0.8826765711,-0.3238358676,0.2443008706,-0.2512719656,0.06129650286,-0.0275132176,1.105374671,-0.610240464,-0.1300464423,0.03868676781,0.03568923892,-0.05649637554,0.2143544347,0.1911707435,-0.01372432441,0.5960674751,0.0008877274782,-0.0008738673828,-0.01790186608,0.1780645115,-0.2143600068,-0.01430732246,0.6047735839,0.001022928346,0.01358387243,-0.01661941908
0.45113009,0.03744343735,0.7034524579,0.0253192907,-0.01008375157,0.0005974652402,0.9996283782,-0.6583146691,-0.1200975457,0.07328874913,0.8829150914,-0.3269527761,0.2462607,-0.2508184271,0.06054720807,-0.02682713543,1.105225532,-0.6103846522,-0.129288409,0.03904817173,0.0365295389,-0.05666009835,0.2144873106,0.1913815882,-0.01383783193,0.5960373369,0.0009464143684,-0.0008839446642,-0.01810033037,0.1778271631,-0.2140950292,-0.01440340598,0.6047179945,0.001070689515,0.0135851609,-0.0168139937
0.4514607959,0.03797100431,0.7035399846,0.02533585652,-0.01003060454,0.0007344574398,0.9996284019,-0.6576249658,-0.1216236788,0.07337188967,0.8830937043,-0.329890353,0.2479571274,-0.2503656755,0.05983088016,-0.02612841987,1.104907207,-0.6102495117,-0.1284893648,0.03939189319,0.0373364408,-0.05687505675,0.2145757814,0.1916362232,-0.0139163859,0.5960085615,0.0009917491389,-0.0008614414779,-0.01827993229,0.1776325324,-0.2138297214,-0.0144604482,0.6046562982,0.001099691828,0.01358617678,-0.01697998223
0.4518161033,0.03853502437,0.7036396207,0.02544040843,-0.009984936219,0.0009042007101,0.9996260646,-0.65718083,-0.1235401892,0.0736100912,0.8836054387,-0.3325023617,0.249533861,-0.249979392,0.05886397893,-0.02528382912,1.104574406,-0.6096298082,-0.1273660336,0.03962252283,0.03790628843,-0.05692501738,0.2145326299,0.1919644537,-0.01393322113,0.5959208732,0.001016382212,-0.0008964776085,-0.01841024808,0.1773947806,-0.2134938431,-0.01451735468,0.6045560142,0.001158233042,0.01350748582,-0.01712877748
0.4522033046,0.03913839779,0.7037517652,0.02558024358,-0.00993217847,0.001049483927,0.9996228797,-0.6568324061,-0.125612554,0.07395564694,0.8843075202,-0.3348258315,0.251010613,-0.2496439848,0.05781340026,-0.02429202825,1.104306251,-0.6086771696,-0.1261495078,0.03984123937,0.03836896076,-0.05687681858,0.214399786,0.1923276184,-0.01389573294,0.5957891074,0.001032081675,-0.0009590730692,-0.0185055316,0.1771336643,-0.2131360075,-0.01454749625,0.6044164836,0.001220173596,0.01340144844,-0.01725386301
0.4526244777,0.03978817086,0.7038613557,0.02568324757,-0.009866180974,0.001202129449,0.9996207201,-0.65663682,-0.1279554541,0.07441554117,0.8857447226,-0.337433445,0.2525090115,-0.2494403112,0.05677990656,-0.02350901043,1.10422436,-0.6075522807,-0.1252326182,0.04000569519,0.03888378884,-0.05676401394,0.2142334086,0.1926222597,-0.01385617722,0.5956426986,0.0009449205303,-0.0009987643554,-0.01871637249,0.1769111384,-0.2128458596,-0.01454577042,0.6042706688,0.001142176709,0.01330027836,-0.017487552
0.4530866326,0.04048584839,0.7039755597,0.02573240335,-0.009778529909,0.001311677922,0.9996201795,-0.6564001304,-0.1304019507,0.07503531955,0.887585169,-0.339789607,0.2539293085,-0.2493187721,0.05580489453,-0.02281321357,1.104333282,-0.6063680276,-0.1245392465,0.04019450743,0.03949347446,-0.05663319915,0.2140735517,0.192827714,-0.01382336035,0.5955150475,0.0008362853254,-0.001030958575,-0.01894236669,0.1767284285,-0.2126271438,-0.01452875889,0.6041596485,0.001029441329,0.01321129366,-0.01773015468
0.4535815997,0.04121727742,0.7041058175,0.02574931272,-0.009719450736,0.001423307224,0.9996201675,-0.6557640397,-0.1331105213,0.07580243901,0.889430013,-0.3420599689,0.2554165928,-0.2492728516,0.05495940912,-0.02186523308,1.104798765,-0.6050973851,-0.1235027744,0.04042741647,0.04007946011,-0.05631641488,0.2138718612,0.193057249,-0.01377184924,0.5954046912,0.0007814633936,-0.001061173479,-0.01908465767,0.1765374899,-0.2123317312,-0.01450948597,0.6040715086,0.001006745683,0.01308614599,-0.01790212883
0.4541209154,0.0419853841,0.7042548104,0.02567926626,-0.009633328372,0.001542348795,0.9996226265,-0.6547868285,-0.1358898836,0.07677194032,0.8912681577,-0.3440200399,0.2568042441,-0.2493200975,0.05429765798,-0.02087410126,1.105483836,-0.6037267878,-0.1223209295,0.04068832834,0.04076508971,-0.05599215431,0.2136972492,0.1932743361,-0.0137041515,0.5953219432,0.0007496517842,-0.001088212441,-0.0191811603,0.1763870915,-0.2120018353,-0.01446192997,0.6040051895,0.001014629235,0.01296181912,-0.01802812226
0.4546992747,0.04278454826,0.7043842216,0.02553679752,-0.009501065751,0.001685865666,0.9996273103,-0.6533463169,-0.1387149444,0.07801749159,0.8929040232,-0.3460139891,0.2580067704,-0.2494782342,0.0537666976,-0.01993972316,1.106373826,-0.6023861505,-0.1210069799,0.04093655757,0.04152364803,-0.05567108495,0.2135534455,0.193498125,-0.01362532489,0.5952374385,0.0007059384987,-0.001136758825,-0.01926284335,0.176268382,-0.211646306,-0.01440078618,0.6039367995,0.001007364517,0.01278235042,-0.0181581479
0.45532199,0.04361819096,0.7044943956,0.02527655388,-0.009280695326,0.001870970538,0.9996356656,-0.6515839548,-0.1414673134,0.07955642093,0.8943768089,-0.3478075407,0.2590141816,-0.2497811345,0.0534142579,-0.01918746722,1.107339899,-0.6010314627,-0.1196957598,0.04114936485,0.04245552756,-0.0554727723,0.2134640144,0.1936967485,-0.01354467869,0.5951603862,0.0006640035349,-0.001189865148,-0.01932949384,0.1762129165,-0.2113028127,-0.01432448911,0.603859767,0.000996960893,0.0125971435,-0.0182730661
0.4559809738,0.04447788998,0.7045716593,0.0249165337,-0.008998246727,0.002142268747,0.9996467419,-0.6493694966,-0.1442545073,0.08135313017,0.8955668777,-0.3497195396,0.2596345564,-0.2500790598,0.05324007865,-0.01848912256,1.108235513,-0.5997779115,-0.1179980972,0.04129055639,0.04349729198,-0.05529692057,0.2133468786,0.1939359588,-0.01344961762,0.5950869516,0.0006265091528,-0.001230858965,-0.01936926272,0.1761845441,-0.2109276078,-0.01425627494,0.6037573279,0.00102038527,0.01237225986,-0.01836079084
0.4566750835,0.04536419842,0.7046150922,0.02443673845,-0.008608447227,0.002499464593,0.9996611892,-0.6470014335,-0.1469892112,0.0833191533,0.8965420539,-0.3514120882,0.2600876796,-0.2504926837,0.05326633449,-0.01797418626,1.109031258,-0.5985756521,-0.1161804147,0.04137229231,0.04468337201,-0.05524077702,0.2132112181,0.1942014069,-0.01334030213,0.5950094551,0.0005949682261,-0.001264885166,-0.01939338068,0.1761877129,-0.2105426959,-0.01418194068,0.6036363359,0.001052425749,0.01214900734,-0.01842885874
0.4574068106,0.0462842874,0.7046587398,0.02400185136,-0.008143569481,0.002865123041,0.9996746393,-0.6441959821,-0.1500645573,0.08501885382,0.8966754111,-0.3540327657,0.2607333155,-0.2509868634,0.05317532377,-0.01737613445,1.109743596,-0.597398741,-0.1141568991,0.04146724974,0.04572679594,-0.05519817477,0.2130751638,0.1945190066,-0.01320092732,0.5949005117,0.0005592146232,-0.001328764235,-0.01936868608,0.1762241894,-0.2101142362,-0.01409587762,0.6034863388,0.001085287793,0.011848659,-0.01846823687
0.4581657586,0.04723960666,0.7046993333,0.0235534593,-0.007575330877,0.003250865291,0.9996885919,-0.6414900847,-0.1531969975,0.0864676929,0.8963043977,-0.3566633043,0.2614141346,-0.2516387401,0.05307167491,-0.01680337142,1.110366447,-0.5962046443,-0.1121743913,0.04155600448,0.04675697317,-0.05519764438,0.212908464,0.1948590438,-0.01303403345,0.5947594207,0.0005259592818,-0.001403973714,-0.01932512256,0.1762570209,-0.2096841336,-0.01399406737,0.6032963472,0.00111568494,0.01154203228,-0.01849150216
0.4589511783,0.04822503207,0.7047329331,0.02309218323,-0.006979089428,0.003660440506,0.999702278,-0.6388396622,-0.1562349352,0.08776879827,0.8955311534,-0.3591363732,0.262322741,-0.2523353295,0.05299084545,-0.01611470201,1.110999454,-0.5950224034,-0.1098199479,0.04162879618,0.04778492177,-0.05514596462,0.2127087591,0.1952299578,-0.01284240863,0.5946101991,0.0004878913578,-0.001469236311,-0.0192544677,0.1762915914,-0.2092275803,-0.01388009761,0.6031100861,0.001143167059,0.01120874047,-0.01848926077
0.4597564259,0.04923991802,0.7047602122,0.02260397336,-0.006352067049,0.004093474565,0.9997159372,-0.6365807085,-0.1590711884,0.08877477457,0.8946415039,-0.3611306072,0.2629402361,-0.2530776582,0.05295103969,-0.01543574217,1.111630304,-0.5938297708,-0.1074207163,0.04168711048,0.04883687894,-0.05502437014,0.2124527871,0.1956227591,-0.01262910128,0.5944562881,0.0004524080476,-0.001528020502,-0.01917714885,0.1762964817,-0.2087570624,-0.01375170187,0.6029333468,0.001167180268,0.01089567899,-0.01847647093
