-2.849267145036240775e-03,1.366543293481015334e-07,7.897332763307721715e-01,9.996877567648511098e-01,-1.813327787105943048e-08,-2.498777648975578081e-02,-7.467526890873238029e-07,3.000313756737561788e-02,-9.933311960176249362e-06,3.483432503309940610e-06,4.999246312187125008e-02,-3.001484557594850597e-02,1.041877877028595065e-05,3.000253992375228815e-02,1.022385065746112104e-05,-4.952477960568853463e-07,4.999257122013661681e-02,-3.001435600038428880e-02,-1.012729302031225117e-05,-2.401092716380528693e-09,4.979994958096549684e-01,3.000000000000133116e-01,1.052134656310506962e-14,5.009998733665081971e-01,2.611398878742402084e-17,4.979994958662067872e-01,-2.999999999999877209e-01,8.755120703577001456e-15,5.009998716473406111e-01,-3.644431502681995795e-18
-2.849267145036240775e-03,1.366543293481015334e-07,7.897332763307721715e-01,9.996877567648511098e-01,-1.813327787105943048e-08,-2.498777648975578081e-02,-7.467526890873238029e-07,3.000313756737561788e-02,-9.933311960176249362e-06,3.483432503309940610e-06,4.999246312187125008e-02,-3.001484557594850597e-02,1.041877877028595065e-05,3.000253992375228815e-02,1.022385065746112104e-05,-4.952477960568853463e-07,4.999257122013661681e-02,-3.001435600038428880e-02,-1.012729302031225117e-05,-2.401092716380528693e-09,4.979994958096549684e-01,3.000000000000133116e-01,1.052134656310506962e-14,5.009998733665081971e-01,2.611398878742402084e-17,4.979994958662067872e-01,-2.999999999999877209e-01,8.755120703577001456e-15,5.009998716473406111e-01,-3.644431502681995795e-18
-2.849267145036240775e-03,1.366543293481015334e-07,7.897332763307721715e-01,9.996877567648511098e-01,-1.813327787105943048e-08,-2.498777648975578081e-02,-7.467526890873238029e-07,3.000313756737561788e-02,-9.933311960176249362e-06,3.483432503309940610e-06,4.999246312187125008e-02,-3.001484557594850597e-02,1.041877877028595065e-05,3.000253992375228815e-02,1.022385065746112104e-05,-4.952477960568853463e-07,4.999257122013661681e-02,-3.001435600038428880e-02,-1.012729302031225117e-05,-2.401092716380528693e-09,4.979994958096549684e-01,3.000000000000133116e-01,1.052134656310506962e-14,5.009998733665081971e-01,2.611398878742402084e-17,4.979994958662067872e-01,-2.999999999999877209e-01,8.755120703577001456e-15,5.009998716473406111e-01,-3.644431502681995795e-18
-2.849267145036240775e-03,1.366543293481015334e-07,7.897332763307721715e-01,9.996877567648511098e-01,-1.813327787105943048e-08,-2.498777648975578081e-02,-7.467526890873238029e-07,3.000313756737561788e-02,-9.933311960176249362e-06,3.483432503309940610e-06,4.999246312187125008e-02,-3.001484557594850597e-02,1.041877877028595065e-05,3.000253992375228815e-02,1.022385065746112104e-05,-4.952477960568853463e-07,4.999257122013661681e-02,-3.001435600038428880e-02,-1.012729302031225117e-05,-2.401092716380528693e-09,4.979994958096549684e-01,3.000000000000133116e-01,1.052134656310506962e-14,5.009998733665081971e-01,2.611398878742402084e-17,4.979994958662067872e-01,-2.999999999999877209e-01,8.755120703577001456e-15,5.009998716473406111e-01,-3.644431502681995795e-18
-2.849267145036240775e-03,1.366543293481015334e-07,7.897332763307721715e-01,9.996877567648511098e-01,-1.813327787105943048e-08,-2.498777648975578081e-02,-7.467526890873238029e-07,3.000313756737561788e-02,-9.933311960176249362e-06,3.483432503309940610e-06,4.999246312187125008e-02,-3.001484557594850597e-02,1.041877877028595065e-05,3.000253992375228815e-02,1.022385065746112104e-05,-4.952477960568853463e-07,4.999257122013661681e-02,-3.001435600038428880e-02,-1.012729302031225117e-05,-2.401092716380528693e-09,4.979994958096549684e-01,3.000000000000133116e-01,1.052134656310506962e-14,5.009998733665081971e-01,2.611398878742402084e-17,4.979994958662067872e-01,-2.999999999999877209e-01,8.755120703577001456e-15,5.009998716473406111e-01,-3.644431502681995795e-18
-2.849267145036240775e-03,1.366543293481015334e-07,7.897332763307721715e-01,9.996877567648511098e-01,-1.813327787105943048e-08,-2.498777648975578081e-02,-7.467526890873238029e-07,3.000313756737561788e-02,-9.933311960176249362e-06,3.483432503309940610e-06,4.999246312187125008e-02,-3.001484557594850597e-02,1.041877877028595065e-05,3.000253992375228815e-02,1.022385065746112104e-05,-4.952477960568853463e-07,4.999257122013661681e-02,-3.001435600038428880e-02,-1.012729302031225117e-05,-2.401092716380528693e-09,4.979994958096549684e-01,3.000000000000133116e-01,1.052134656310506962e-14,5.009998733665081971e-01,2.611398878742402084e-17,4.979994958662067872e-01,-2.999999999999877209e-01,8.755120703577001456e-15,5.009998716473406111e-01,-3.644431502681995795e-18
-2.849267145036240775e-03,1.366543293481015334e-07,7.897332763307721715e-01,9.996877567648511098e-01,-1.813327787105943048e-08,-2.498777648975578081e-02,-7.467526890873238029e-07,3.000313756737561788e-02,-9.933311960176249362e-06,3.483432503309940610e-06,4.999246312187125008e-02,-3.001484557594850597e-02,1.041877877028595065e-05,3.000253992375228815e-02,1.022385065746112104e-05,-4.952477960568853463e-07,4.999257122013661681e-02,-3.001435600038428880e-02,-1.012729302031225117e-05,-2.401092716380528693e-09,4.979994958096549684e-01,3.000000000000133116e-01,1.052134656310506962e-14,5.009998733665081971e-01,2.611398878742402084e-17,4.979994958662067872e-01,-2.999999999999877209e-01,8.755120703577001456e-15,5.009998716473406111e-01,-3.644431502681995795e-18
-2.849267145036240775e-03,1.366543293481015334e-07,7.897332763307721715e-01,9.996877567648511098e-01,-1.813327787105943048e-08,-2.498777648975578081e-02,-7.467526890873238029e-07,3.000313756737561788e-02,-9.933311960176249362e-06,3.483432503309940610e-06,4.999246312187125008e-02,-3.001484557594850597e-02,1.041877877028595065e-05,3.000253992375228815e-02,1.022385065746112104e-05,-4.952477960568853463e-07,4.999257122013661681e-02,-3.001435600038428880e-02,-1.012729302031225117e-05,-2.401092716380528693e-09,4.979994958096549684e-01,3.000000000000133116e-01,1.052134656310506962e-14,5.009998733665081971e-01,2.611398878742402084e-17,4.979994958662067872e-01,-2.999999999999877209e-01,8.755120703577001456e-15,5.009998716473406111e-01,-3.644431502681995795e-18
-2.849267145036240775e-03,1.366543293481015334e-07,7.897332763307721715e-01,9.996877567648511098e-01,-1.813327787105943048e-08,-2.498777648975578081e-02,-7.467526890873238029e-07,3.000313756737561788e-02,-9.933311960176249362e-06,3.483432503309940610e-06,4.999246312187125008e-02,-3.001484557594850597e-02,1.041877877028595065e-05,3.000253992375228815e-02,1.022385065746112104e-05,-4.952477960568853463e-07,4.999257122013661681e-02,-3.001435600038428880e-02,-1.012729302031225117e-05,-2.401092716380528693e-09,4.979994958096549684e-01,3.000000000000133116e-01,1.052134656310506962e-14,5.009998733665081971e-01,2.611398878742402084e-17,4.979994958662067872e-01,-2.999999999999877209e-01,8.755120703577001456e-15,5.009998716473406111e-01,-3.644431502681995795e-18
-2.849267145036240775e-03,1.366543293481015334e-07,7.897332763307721715e-01,9.996877567648511098e-01,-1.813327787105943048e-08,-2.498777648975578081e-02,-7.467526890873238029e-07,3.000313756737561788e-02,-9.933311960176249362e-06,3.483432503309940610e-06,4.999246312187125008e-02,-3.001484557594850597e-02,1.041877877028595065e-05,3.000253992375228815e-02,1.022385065746112104e-05,-4.952477960568853463e-07,4.999257122013661681e-02,-3.001435600038428880e-02,-1.012729302031225117e-05,-2.401092716380528693e-09,4.979994958096549684e-01,3.000000000000133116e-01,1.052134656310506962e-14,5.009998733665081971e-01,2.611398878742402084e-17,4.979994958662067872e-01,-2.999999999999877209e-01,8.755120703577001456e-15,5.009998716473406111e-01,-3.644431502681995795e-18
-2.849267145036240775e-03,1.366543293481015334e-07,7.897332763307721715e-01,9.996877567648511098e-01,-1.813327787105943048e-08,-2.498777648975578081e-02,-7.467526890873238029e-07,3.000313756737561788e-02,-9.933311960176249362e-06,3.483432503309940610e-06,4.999246312187125008e-02,-3.001484557594850597e-02,1.041877877028595065e-05,3.000253992375228815e-02,1.022385065746112104e-05,-4.952477960568853463e-07,4.999257122013661681e-02,-3.001435600038428880e-02,-1.012729302031225117e-05,-2.401092716380528693e-09,4.979994958096549684e-01,3.000000000000133116e-01,1.052134656310506962e-14,5.009998733665081971e-01,2.611398878742402084e-17,4.979994958662067872e-01,-2.999999999999877209e-01,8.755120703577001456e-15,5.009998716473406111e-01,-3.644431502681995795e-18
-2.849267145036240775e-03,1.366543293481015334e-07,7.897332763307721715e-01,9.996877567648511098e-01,-1.813327787105943048e-08,-2.498777648975578081e-02,-7.467526890873238029e-07,3.000313756737561788e-02,-9.933311960176249362e-06,3.483432503309940610e-06,4.999246312187125008e-02,-3.001484557594850597e-02,1.041877877028595065e-05,3.000253992375228815e-02,1.022385065746112104e-05,-4.952477960568853463e-07,4.999257122013661681e-02,-3.001435600038428880e-02,-1.012729302031225117e-05,-2.401092716380528693e-09,4.979994958096549684e-01,3.000000000000133116e-01,1.052134656310506962e-14,5.009998733665081971e-01,2.611398878742402084e-17,4.979994958662067872e-01,-2.999999999999877209e-01,8.755120703577001456e-15,5.009998716473406111e-01,-3.644431502681995795e-18
-2.849267145036240775e-03,1.366543293481015334e-07,7.897332763307721715e-01,9.996877567648511098e-01,-1.813327787105943048e-08,-2.498777648975578081e-02,-7.467526890873238029e-07,3.000313756737561788e-02,-9.933311960176249362e-06,3.483432503309940610e-06,4.999246312187125008e-02,-3.001484557594850597e-02,1.041877877028595065e-05,3.000253992375228815e-02,1.022385065746112104e-05,-4.952477960568853463e-07,4.999257122013661681e-02,-3.001435600038428880e-02,-1.012729302031225117e-05,-2.401092716380528693e-09,4.979994958096549684e-01,3.000000000000133116e-01,1.052134656310506962e-14,5.009998733665081971e-01,2.611398878742402084e-17,4.979994958662067872e-01,-2.999999999999877209e-01,8.755120703577001456e-15,5.009998716473406111e-01,-3.644431502681995795e-18
-2.849267145036240775e-03,1.366543293481015334e-07,7.897332763307721715e-01,9.996877567648511098e-01,-1.813327787105943048e-08,-2.498777648975578081e-02,-7.467526890873238029e-07,3.000313756737561788e-02,-9.933311960176249362e-06,3.483432503309940610e-06,4.999246312187125008e-02,-3.001484557594850597e-02,1.041877877028595065e-05,3.000253992375228815e-02,1.022385065746112104e-05,-4.952477960568853463e-07,4.999257122013661681e-02,-3.001435600038428880e-02,-1.012729302031225117e-05,-2.401092716380528693e-09,4.979994958096549684e-01,3.000000000000133116e-01,1.052134656310506962e-14,5.009998733665081971e-01,2.611398878742402084e-17,4.979994958662067872e-01,-2.999999999999877209e-01,8.755120703577001456e-15,5.009998716473406111e-01,-3.644431502681995795e-18
-2.849267145036240775e-03,1.366543293481015334e-07,7.897332763307721715e-01,9.996877567648511098e-01,-1.813327787105943048e-08,-2.498777648975578081e-02,-7.467526890873238029e-07,3.000313756737561788e-02,-9.933311960176249362e-06,3.483432503309940610e-06,4.999246312187125008e-02,-3.001484557594850597e-02,1.041877877028595065e-05,3.000253992375228815e-02,1.022385065746112104e-05,-4.952477960568853463e-07,4.999257122013661681e-02,-3.001435600038428880e-02,-1.012729302031225117e-05,-2.401092716380528693e-09,4.979994958096549684e-01,3.000000000000133116e-01,1.052134656310506962e-14,5.009998733665081971e-01,2.611398878742402084e-17,4.979994958662067872e-01,-2.999999999999877209e-01,8.755120703577001456e-15,5.009998716473406111e-01,-3.644431502681995795e-18
-2.849267145036240775e-03,1.366543293481015334e-07,7.897332763307721715e-01,9.996877567648511098e-01,-1.813327787105943048e-08,-2.498777648975578081e-02,-7.467526890873238029e-07,3.000313756737561788e-02,-9.933311960176249362e-06,3.483432503309940610e-06,4.999246312187125008e-02,-3.001484557594850597e-02,1.041877877028595065e-05,3.000253992375228815e-02,1.022385065746112104e-05,-4.952477960568853463e-07,4.999257122013661681e-02,-3.001435600038428880e-02,-1.012729302031225117e-05,-2.401092716380528693e-09,4.979994958096549684e-01,3.000000000000133116e-01,1.052134656310506962e-14,5.009998733665081971e-01,2.611398878742402084e-17,4.979994958662067872e-01,-2.999999999999877209e-01,8.755120703577001456e-15,5.009998716473406111e-01,-3.644431502681995795e-18
-2.849267145036240775e-03,1.366543293481015334e-07,7.897332763307721715e-01,9.996877567648511098e-01,-1.813327787105943048e-08,-2.498777648975578081e-02,-7.467526890873238029e-07,3.000313756737561788e-02,-9.933311960176249362e-06,3.483432503309940610e-06,4.999246312187125008e-02,-3.001484557594850597e-02,1.041877877028595065e-05,3.000253992375228815e-02,1.022385065746112104e-05,-4.952477960568853463e-07,4.999257122013661681e-02,-3.001435600038428880e-02,-1.012729302031225117e-05,-2.401092716380528693e-09,4.979994958096549684e-01,3.000000000000133116e-01,1.052134656310506962e-14,5.009998733665081971e-01,2.611398878742402084e-17,4.979994958662067872e-01,-2.999999999999877209e-01,8.755120703577001456e-15,5.009998716473406111e-01,-3.644431502681995795e-18
-2.849267145036240775e-03,1.366543293481015334e-07,7.897332763307721715e-01,9.996877567648511098e-01,-1.813327787105943048e-08,-2.498777648975578081e-02,-7.467526890873238029e-07,3.000313756737561788e-02,-9.933311960176249362e-06,3.483432503309940610e-06,4.999246312187125008e-02,-3.001484557594850597e-02,1.041877877028595065e-05,3.000253992375228815e-02,1.022385065746112104e-05,-4.952477960568853463e-07,4.999257122013661681e-02,-3.001435600038428880e-02,-1.012729302031225117e-05,-2.401092716380528693e-09,4.979994958096549684e-01,3.000000000000133116e-01,1.052134656310506962e-14,5.009998733665081971e-01,2.611398878742402084e-17,4.979994958662067872e-01,-2.999999999999877209e-01,8.755120703577001456e-15,5.009998716473406111e-01,-3.644431502681995795e-18
-2.849267145036240775e-03,1.366543293481015334e-07,7.897332763307721715e-01,9.996877567648511098e-01,-1.813327787105943048e-08,-2.498777648975578081e-02,-7.467526890873238029e-07,3.000313756737561788e-02,-9.933311960176249362e-06,3.483432503309940610e-06,4.999246312187125008e-02,-3.001484557594850597e-02,1.041877877028595065e-05,3.000253992375228815e-02,1.022385065746112104e-05,-4.952477960568853463e-07,4.999257122013661681e-02,-3.001435600038428880e-02,-1.012729302031225117e-05,-2.401092716380528693e-09,4.979994958096549684e-01,3.000000000000133116e-01,1.052134656310506962e-14,5.009998733665081971e-01,2.611398878742402084e-17,4.979994958662067872e-01,-2.999999999999877209e-01,8.755120703577001456e-15,5.009998716473406111e-01,-3.644431502681995795e-18
-2.849267145036240775e-03,1.366543293481015334e-07,7.897332763307721715e-01,9.996877567648511098e-01,-1.813327787105943048e-08,-2.498777648975578081e-02,-7.467526890873238029e-07,3.000313756737561788e-02,-9.933311960176249362e-06,3.483432503309940610e-06,4.999246312187125008e-02,-3.001484557594850597e-02,1.041877877028595065e-05,3.000253992375228815e-02,1.022385065746112104e-05,-4.952477960568853463e-07,4.999257122013661681e-02,-3.001435600038428880e-02,-1.012729302031225117e-05,-2.401092716380528693e-09,4.979994958096549684e-01,3.000000000000133116e-01,1.052134656310506962e-14,5.009998733665081971e-01,2.611398878742402084e-17,4.979994958662067872e-01,-2.999999999999877209e-01,8.755120703577001456e-15,5.009998716473406111e-01,-3.644431502681995795e-18
-2.849267145036240775e-03,1.366543293481015334e-07,7.897332763307721715e-01,9.996877567648511098e-01,-1.813327787105943048e-08,-2.498777648975578081e-02,-7.467526890873238029e-07,3.000313756737561788e-02,-9.933311960176249362e-06,3.483432503309940610e-06,4.999246312187125008e-02,-3.001484557594850597e-02,1.041877877028595065e-05,3.000253992375228815e-02,1.022385065746112104e-05,-4.952477960568853463e-07,4.999257122013661681e-02,-3.001435600038428880e-02,-1.012729302031225117e-05,-2.401092716380528693e-09,4.979994958096549684e-01,3.000000000000133116e-01,1.052134656310506962e-14,5.009998733665081971e-01,2.611398878742402084e-17,4.979994958662067872e-01,-2.999999999999877209e-01,8.755120703577001456e-15,5.009998716473406111e-01,-3.644431502681995795e-18
-2.849267145036240775e-03,1.366543293481015334e-07,7.897332763307721715e-01,9.996877567648511098e-01,-1.813327787105943048e-08,-2.498777648975578081e-02,-7.467526890873238029e-07,3.000313756737561788e-02,-9.933311960176249362e-06,3.483432503309940610e-06,4.999246312187125008e-02,-3.001484557594850597e-02,1.041877877028595065e-05,3.000253992375228815e-02,1.022385065746112104e-05,-4.952477960568853463e-07,4.999257122013661681e-02,-3.001435600038428880e-02,-1.012729302031225117e-05,-2.401092716380528693e-09,4.979994958096549684e-01,3.000000000000133116e-01,1.052134656310506962e-14,5.009998733665081971e-01,2.611398878742402084e-17,4.979994958662067872e-01,-2.999999999999877209e-01,8.755120703577001456e-15,5.009998716473406111e-01,-3.644431502681995795e-18
-2.849267145036240775e-03,1.366543293481015334e-07,7.897332763307721715e-01,9.996877567648511098e-01,-1.813327787105943048e-08,-2.498777648975578081e-02,-7.467526890873238029e-07,3.000313756737561788e-02,-9.933311960176249362e-06,3.483432503309940610e-06,4.999246312187125008e-02,-3.001484557594850597e-02,1.041877877028595065e-05,3.000253992375228815e-02,1.022385065746112104e-05,-4.952477960568853463e-07,4.999257122013661681e-02,-3.001435600038428880e-02,-1.012729302031225117e-05,-2.401092716380528693e-09,4.979994958096549684e-01,3.000000000000133116e-01,1.052134656310506962e-14,5.009998733665081971e-01,2.611398878742402084e-17,4.979994958662067872e-01,-2.999999999999877209e-01,8.755120703577001456e-15,5.009998716473406111e-01,-3.644431502681995795e-18
-2.849267145036240775e-03,1.366543293481015334e-07,7.897332763307721715e-01,9.996877567648511098e-01,-1.813327787105943048e-08,-2.498777648975578081e-02,-7.467526890873238029e-07,3.000313756737561788e-02,-9.933311960176249362e-06,3.483432503309940610e-06,4.999246312187125008e-02,-3.001484557594850597e-02,1.041877877028595065e-05,3.000253992375228815e-02,1.022385065746112104e-05,-4.952477960568853463e-07,4.999257122013661681e-02,-3.001435600038428880e-02,-1.012729302031225117e-05,-2.401092716380528693e-09,4.979994958096549684e-01,3.000000000000133116e-01,1.052134656310506962e-14,5.009998733665081971e-01,2.611398878742402084e-17,4.979994958662067872e-01,-2.999999999999877209e-01,8.755120703577001456e-15,5.009998716473406111e-01,-3.644431502681995795e-18
-2.849267145036240775e-03,1.366543293481015334e-07,7.897332763307721715e-01,9.996877567648511098e-01,-1.813327787105943048e-08,-2.498777648975578081e-02,-7.467526890873238029e-07,3.000313756737561788e-02,-9.933311960176249362e-06,3.483432503309940610e-06,4.999246312187125008e-02,-3.001484557594850597e-02,1.041877877028595065e-05,3.000253992375228815e-02,1.022385065746112104e-05,-4.952477960568853463e-07,4.999257122013661681e-02,-3.001435600038428880e-02,-1.012729302031225117e-05,-2.401092716380528693e-09,4.979994958096549684e-01,3.000000000000133116e-01,1.052134656310506962e-14,5.009998733665081971e-01,2.611398878742402084e-17,4.979994958662067872e-01,-2.999999999999877209e-01,8.755120703577001456e-15,5.009998716473406111e-01,-3.644431502681995795e-18
-2.849267145036240775e-03,1.366543293481015334e-07,7.897332763307721715e-01,9.996877567648511098e-01,-1.813327787105943048e-08,-2.498777648975578081e-02,-7.467526890873238029e-07,3.000313756737561788e-02,-9.933311960176249362e-06,3.483432503309940610e-06,4.999246312187125008e-02,-3.001484557594850597e-02,1.041877877028595065e-05,3.000253992375228815e-02,1.022385065746112104e-05,-4.952477960568853463e-07,4.999257122013661681e-02,-3.001435600038428880e-02,-1.012729302031225117e-05,-2.401092716380528693e-09,4.979994958096549684e-01,3.000000000000133116e-01,1.052134656310506962e-14,5.009998733665081971e-01,2.611398878742402084e-17,4.979994958662067872e-01,-2.999999999999877209e-01,8.755120703577001456e-15,5.009998716473406111e-01,-3.644431502681995795e-18
-2.849267145036240775e-03,1.366543293481015334e-07,7.897332763307721715e-01,9.996877567648511098e-01,-1.813327787105943048e-08,-2.498777648975578081e-02,-7.467526890873238029e-07,3.000313756737561788e-02,-9.933311960176249362e-06,3.483432503309940610e-06,4.999246312187125008e-02,-3.001484557594850597e-02,1.041877877028595065e-05,3.000253992375228815e-02,1.022385065746112104e-05,-4.952477960568853463e-07,4.999257122013661681e-02,-3.001435600038428880e-02,-1.012729302031225117e-05,-2.401092716380528693e-09,4.979994958096549684e-01,3.000000000000133116e-01,1.052134656310506962e-14,5.009998733665081971e-01,2.611398878742402084e-17,4.979994958662067872e-01,-2.999999999999877209e-01,8.755120703577001456e-15,5.009998716473406111e-01,-3.644431502681995795e-18
-2.849267145036240775e-03,1.366543293481015334e-07,7.897332763307721715e-01,9.996877567648511098e-01,-1.813327787105943048e-08,-2.498777648975578081e-02,-7.467526890873238029e-07,3.000313756737561788e-02,-9.933311960176249362e-06,3.483432503309940610e-06,4.999246312187125008e-02,-3.001484557594850597e-02,1.041877877028595065e-05,3.000253992375228815e-02,1.022385065746112104e-05,-4.952477960568853463e-07,4.999257122013661681e-02,-3.001435600038428880e-02,-1.012729302031225117e-05,-2.401092716380528693e-09,4.979994958096549684e-01,3.000000000000133116e-01,1.052134656310506962e-14,5.009998733665081971e-01,2.611398878742402084e-17,4.979994958662067872e-01,-2.999999999999877209e-01,8.755120703577001456e-15,5.009998716473406111e-01,-3.644431502681995795e-18
-2.849267145036240775e-03,1.366543293481015334e-07,7.897332763307721715e-01,9.996877567648511098e-01,-1.813327787105943048e-08,-2.498777648975578081e-02,-7.467526890873238029e-07,3.000313756737561788e-02,-9.933311960176249362e-06,3.483432503309940610e-06,4.999246312187125008e-02,-3.001484557594850597e-02,1.041877877028595065e-05,3.000253992375228815e-02,1.022385065746112104e-05,-4.952477960568853463e-07,4.999257122013661681e-02,-3.001435600038428880e-02,-1.012729302031225117e-05,-2.401092716380528693e-09,4.979994958096549684e-01,3.000000000000133116e-01,1.052134656310506962e-14,5.009998733665081971e-01,2.611398878742402084e-17,4.979994958662067872e-01,-2.999999999999877209e-01,8.755120703577001456e-15,5.009998716473406111e-01,-3.644431502681995795e-18
-2.849267145036240775e-03,1.366543293481015334e-07,7.897332763307721715e-01,9.996877567648511098e-01,-1.813327787105943048e-08,-2.498777648975578081e-02,-7.467526890873238029e-07,3.000313756737561788e-02,-9.933311960176249362e-06,3.483432503309940610e-06,4.999246312187125008e-02,-3.001484557594850597e-02,1.041877877028595065e-05,3.000253992375228815e-02,1.022385065746112104e-05,-4.952477960568853463e-07,4.999257122013661681e-02,-3.001435600038428880e-02,-1.012729302031225117e-05,-2.401092716380528693e-09,4.979994958096549684e-01,3.000000000000133116e-01,1.052134656310506962e-14,5.009998733665081971e-01,2.611398878742402084e-17,4.979994958662067872e-01,-2.999999999999877209e-01,8.755120703577001456e-15,5.009998716473406111e-01,-3.644431502681995795e-18
-2.849267145036240775e-03,1.366543293481015334e-07,7.897332763307721715e-01,9.996877567648511098e-01,-1.813327787105943048e-08,-2.498777648975578081e-02,-7.467526890873238029e-07,3.000313756737561788e-02,-9.933311960176249362e-06,3.483432503309940610e-06,4.999246312187125008e-02,-3.001484557594850597e-02,1.041877877028595065e-05,3.000253992375228815e-02,1.022385065746112104e-05,-4.952477960568853463e-07,4.999257122013661681e-02,-3.001435600038428880e-02,-1.012729302031225117e-05,-2.401092716380528693e-09,4.979994958096549684e-01,3.000000000000133116e-01,1.052134656310506962e-14,5.009998733665081971e-01,2.611398878742402084e-17,4.979994958662067872e-01,-2.999999999999877209e-01,8.755120703577001456e-15,5.009998716473406111e-01,-3.644431502681995795e-18
-2.849267145036240775e-03,1.366543293481015334e-07,7.897332763307721715e-01,9.996877567648511098e-01,-1.813327787105943048e-08,-2.498777648975578081e-02,-7.467526890873238029e-07,3.000313756737561788e-02,-9.933311960176249362e-06,3.483432503309940610e-06,4.999246312187125008e-02,-3.001484557594850597e-02,1.041877877028595065e-05,3.000253992375228815e-02,1.022385065746112104e-05,-4.952477960568853463e-07,4.999257122013661681e-02,-3.001435600038428880e-02,-1.012729302031225117e-05,-2.401092716380528693e-09,4.979994958096549684e-01,3.000000000000133116e-01,1.052134656310506962e-14,5.009998733665081971e-01,2.611398878742402084e-17,4.979994958662067872e-01,-2.999999999999877209e-01,8.755120703577001456e-15,5.009998716473406111e-01,-3.644431502681995795e-18
-2.849267145036240775e-03,1.366543293481015334e-07,7.897332763307721715e-01,9.996877567648511098e-01,-1.813327787105943048e-08,-2.498777648975578081e-02,-7.467526890873238029e-07,3.000313756737561788e-02,-9.933311960176249362e-06,3.483432503309940610e-06,4.999246312187125008e-02,-3.001484557594850597e-02,1.041877877028595065e-05,3.000253992375228815e-02,1.022385065746112104e-05,-4.952477960568853463e-07,4.999257122013661681e-02,-3.001435600038428880e-02,-1.012729302031225117e-05,-2.401092716380528693e-09,4.979994958096549684e-01,3.000000000000133116e-01,1.052134656310506962e-14,5.009998733665081971e-01,2.611398878742402084e-17,4.979994958662067872e-01,-2.999999999999877209e-01,8.755120703577001456e-15,5.009998716473406111e-01,-3.644431502681995795e-18
-2.849267145036240775e-03,1.366543293481015334e-07,7.897332763307721715e-01,9.996877567648511098e-01,-1.813327787105943048e-08,-2.498777648975578081e-02,-7.467526890873238029e-07,3.000313756737561788e-02,-9.933311960176249362e-06,3.483432503309940610e-06,4.999246312187125008e-02,-3.001484557594850597e-02,1.041877877028595065e-05,3.000253992375228815e-02,1.022385065746112104e-05,-4.952477960568853463e-07,4.999257122013661681e-02,-3.001435600038428880e-02,-1.012729302031225117e-05,-2.401092716380528693e-09,4.979994958096549684e-01,3.000000000000133116e-01,1.052134656310506962e-14,5.009998733665081971e-01,2.611398878742402084e-17,4.979994958662067872e-01,-2.999999999999877209e-01,8.755120703577001456e-15,5.009998716473406111e-01,-3.644431502681995795e-18
-2.849267145036240775e-03,1.366543293481015334e-07,7.897332763307721715e-01,9.996877567648511098e-01,-1.813327787105943048e-08,-2.498777648975578081e-02,-7.467526890873238029e-07,3.000313756737561788e-02,-9.933311960176249362e-06,3.483432503309940610e-06,4.999246312187125008e-02,-3.001484557594850597e-02,1.041877877028595065e-05,3.000253992375228815e-02,1.022385065746112104e-05,-4.952477960568853463e-07,4.999257122013661681e-02,-3.001435600038428880e-02,-1.012729302031225117e-05,-2.401092716380528693e-09,4.979994958096549684e-01,3.000000000000133116e-01,1.052134656310506962e-14,5.009998733665081971e-01,2.611398878742402084e-17,4.979994958662067872e-01,-2.999999999999877209e-01,8.755120703577001456e-15,5.009998716473406111e-01,-3.644431502681995795e-18
-2.849267145036240775e-03,1.366543293481015334e-07,7.897332763307721715e-01,9.996877567648511098e-01,-1.813327787105943048e-08,-2.498777648975578081e-02,-7.467526890873238029e-07,3.000313756737561788e-02,-9.933311960176249362e-06,3.483432503309940610e-06,4.999246312187125008e-02,-3.001484557594850597e-02,1.041877877028595065e-05,3.000253992375228815e-02,1.022385065746112104e-05,-4.952477960568853463e-07,4.999257122013661681e-02,-3.001435600038428880e-02,-1.012729302031225117e-05,-2.401092716380528693e-09,4.979994958096549684e-01,3.000000000000133116e-01,1.052134656310506962e-14,5.009998733665081971e-01,2.611398878742402084e-17,4.979994958662067872e-01,-2.999999999999877209e-01,8.755120703577001456e-15,5.009998716473406111e-01,-3.644431502681995795e-18
-2.849267145036240775e-03,1.366543293481015334e-07,7.897332763307721715e-01,9.996877567648511098e-01,-1.813327787105943048e-08,-2.498777648975578081e-02,-7.467526890873238029e-07,3.000313756737561788e-02,-9.933311960176249362e-06,3.483432503309940610e-06,4.999246312187125008e-02,-3.001484557594850597e-02,1.041877877028595065e-05,3.000253992375228815e-02,1.022385065746112104e-05,-4.952477960568853463e-07,4.999257122013661681e-02,-3.001435600038428880e-02,-1.012729302031225117e-05,-2.401092716380528693e-09,4.979994958096549684e-01,3.000000000000133116e-01,1.052134656310506962e-14,5.009998733665081971e-01,2.611398878742402084e-17,4.979994958662067872e-01,-2.999999999999877209e-01,8.755120703577001456e-15,5.009998716473406111e-01,-3.644431502681995795e-18
-2.849267145036240775e-03,1.366543293481015334e-07,7.897332763307721715e-01,9.996877567648511098e-01,-1.813327787105943048e-08,-2.498777648975578081e-02,-7.467526890873238029e-07,3.000313756737561788e-02,-9.933311960176249362e-06,3.483432503309940610e-06,4.999246312187125008e-02,-3.001484557594850597e-02,1.041877877028595065e-05,3.000253992375228815e-02,1.022385065746112104e-05,-4.952477960568853463e-07,4.999257122013661681e-02,-3.001435600038428880e-02,-1.012729302031225117e-05,-2.401092716380528693e-09,4.979994958096549684e-01,3.000000000000133116e-01,1.052134656310506962e-14,5.009998733665081971e-01,2.611398878742402084e-17,4.979994958662067872e-01,-2.999999999999877209e-01,8.755120703577001456e-15,5.009998716473406111e-01,-3.644431502681995795e-18
-2.849267145036240775e-03,1.366543293481015334e-07,7.897332763307721715e-01,9.996877567648511098e-01,-1.813327787105943048e-08,-2.498777648975578081e-02,-7.467526890873238029e-07,3.000313756737561788e-02,-9.933311960176249362e-06,3.483432503309940610e-06,4.999246312187125008e-02,-3.001484557594850597e-02,1.041877877028595065e-05,3.000253992375228815e-02,1.022385065746112104e-05,-4.952477960568853463e-07,4.999257122013661681e-02,-3.001435600038428880e-02,-1.012729302031225117e-05,-2.401092716380528693e-09,4.979994958096549684e-01,3.000000000000133116e-01,1.052134656310506962e-14,5.009998733665081971e-01,2.611398878742402084e-17,4.979994958662067872e-01,-2.999999999999877209e-01,8.755120703577001456e-15,5.009998716473406111e-01,-3.644431502681995795e-18
-2.849267145036240775e-03,1.366543293481015334e-07,7.897332763307721715e-01,9.996877567648511098e-01,-1.813327787105943048e-08,-2.498777648975578081e-02,-7.467526890873238029e-07,3.000313756737561788e-02,-9.933311960176249362e-06,3.483432503309940610e-06,4.999246312187125008e-02,-3.001484557594850597e-02,1.041877877028595065e-05,3.000253992375228815e-02,1.022385065746112104e-05,-4.952477960568853463e-07,4.999257122013661681e-02,-3.001435600038428880e-02,-1.012729302031225117e-05,-2.401092716380528693e-09,4.979994958096549684e-01,3.000000000000133116e-01,1.052134656310506962e-14,5.009998733665081971e-01,2.611398878742402084e-17,4.979994958662067872e-01,-2.999999999999877209e-01,8.755120703577001456e-15,5.009998716473406111e-01,-3.644431502681995795e-18
-2.849267145036240775e-03,1.366543293481015334e-07,7.897332763307721715e-01,9.996877567648511098e-01,-1.813327787105943048e-08,-2.498777648975578081e-02,-7.467526890873238029e-07,3.000313756737561788e-02,-9.933311960176249362e-06,3.483432503309940610e-06,4.999246312187125008e-02,-3.001484557594850597e-02,1.041877877028595065e-05,3.000253992375228815e-02,1.022385065746112104e-05,-4.952477960568853463e-07,4.999257122013661681e-02,-3.001435600038428880e-02,-1.012729302031225117e-05,-2.401092716380528693e-09,4.979994958096549684e-01,3.000000000000133116e-01,1.052134656310506962e-14,5.009998733665081971e-01,2.611398878742402084e-17,4.979994958662067872e-01,-2.999999999999877209e-01,8.755120703577001456e-15,5.009998716473406111e-01,-3.644431502681995795e-18
-2.849267145036240775e-03,1.366543293481015334e-07,7.897332763307721715e-01,9.996877567648511098e-01,-1.813327787105943048e-08,-2.498777648975578081e-02,-7.467526890873238029e-07,3.000313756737561788e-02,-9.933311960176249362e-06,3.483432503309940610e-06,4.999246312187125008e-02,-3.001484557594850597e-02,1.041877877028595065e-05,3.000253992375228815e-02,1.022385065746112104e-05,-4.952477960568853463e-07,4.999257122013661681e-02,-3.001435600038428880e-02,-1.012729302031225117e-05,-2.401092716380528693e-09,4.979994958096549684e-01,3.000000000000133116e-01,1.052134656310506962e-14,5.009998733665081971e-01,2.611398878742402084e-17,4.979994958662067872e-01,-2.999999999999877209e-01,8.755120703577001456e-15,5.009998716473406111e-01,-3.644431502681995795e-18
-2.849267145036240775e-03,1.366543293481015334e-07,7.897332763307721715e-01,9.996877567648511098e-01,-1.813327787105943048e-08,-2.498777648975578081e-02,-7.467526890873238029e-07,3.000313756737561788e-02,-9.933311960176249362e-06,3.483432503309940610e-06,4.999246312187125008e-02,-3.001484557594850597e-02,1.041877877028595065e-05,3.000253992375228815e-02,1.022385065746112104e-05,-4.952477960568853463e-07,4.999257122013661681e-02,-3.001435600038428880e-02,-1.012729302031225117e-05,-2.401092716380528693e-09,4.979994958096549684e-01,3.000000000000133116e-01,1.052134656310506962e-14,5.009998733665081971e-01,2.611398878742402084e-17,4.979994958662067872e-01,-2.999999999999877209e-01,8.755120703577001456e-15,5.009998716473406111e-01,-3.644431502681995795e-18
-2.849267145036240775e-03,1.366543293481015334e-07,7.897332763307721715e-01,9.996877567648511098e-01,-1.813327787105943048e-08,-2.498777648975578081e-02,-7.467526890873238029e-07,3.000313756737561788e-02,-9.933311960176249362e-06,3.483432503309940610e-06,4.999246312187125008e-02,-3.001484557594850597e-02,1.041877877028595065e-05,3.000253992375228815e-02,1.022385065746112104e-05,-4.952477960568853463e-07,4.999257122013661681e-02,-3.001435600038428880e-02,-1.012729302031225117e-05,-2.401092716380528693e-09,4.979994958096549684e-01,3.000000000000133116e-01,1.052134656310506962e-14,5.009998733665081971e-01,2.611398878742402084e-17,4.979994958662067872e-01,-2.999999999999877209e-01,8.755120703577001456e-15,5.009998716473406111e-01,-3.644431502681995795e-18
-2.849267145036240775e-03,1.366543293481015334e-07,7.897332763307721715e-01,9.996877567648511098e-01,-1.813327787105943048e-08,-2.498777648975578081e-02,-7.467526890873238029e-07,3.000313756737561788e-02,-9.933311960176249362e-06,3.483432503309940610e-06,4.999246312187125008e-02,-3.001484557594850597e-02,1.041877877028595065e-05,3.000253992375228815e-02,1.022385065746112104e-05,-4.952477960568853463e-07,4.999257122013661681e-02,-3.001435600038428880e-02,-1.012729302031225117e-05,-2.401092716380528693e-09,4.979994958096549684e-01,3.000000000000133116e-01,1.052134656310506962e-14,5.009998733665081971e-01,2.611398878742402084e-17,4.979994958662067872e-01,-2.999999999999877209e-01,8.755120703577001456e-15,5.009998716473406111e-01,-3.644431502681995795e-18
-2.849267145036240775e-03,1.366543293481015334e-07,7.897332763307721715e-01,9.996877567648511098e-01,-1.813327787105943048e-08,-2.498777648975578081e-02,-7.467526890873238029e-07,3.000313756737561788e-02,-9.933311960176249362e-06,3.483432503309940610e-06,4.999246312187125008e-02,-3.001484557594850597e-02,1.041877877028595065e-05,3.000253992375228815e-02,1.022385065746112104e-05,-4.952477960568853463e-07,4.999257122013661681e-02,-3.001435600038428880e-02,-1.012729302031225117e-05,-2.401092716380528693e-09,4.979994958096549684e-01,3.000000000000133116e-01,1.052134656310506962e-14,5.009998733665081971e-01,2.611398878742402084e-17,4.979994958662067872e-01,-2.999999999999877209e-01,8.755120703577001456e-15,5.009998716473406111e-01,-3.644431502681995795e-18
-2.849267145036240775e-03,1.366543293481015334e-07,7.897332763307721715e-01,9.996877567648511098e-01,-1.813327787105943048e-08,-2.498777648975578081e-02,-7.467526890873238029e-07,3.000313756737561788e-02,-9.933311960176249362e-06,3.483432503309940610e-06,4.999246312187125008e-02,-3.001484557594850597e-02,1.041877877028595065e-05,3.000253992375228815e-02,1.022385065746112104e-05,-4.952477960568853463e-07,4.999257122013661681e-02,-3.001435600038428880e-02,-1.012729302031225117e-05,-2.401092716380528693e-09,4.979994958096549684e-01,3.000000000000133116e-01,1.052134656310506962e-14,5.009998733665081971e-01,2.611398878742402084e-17,4.979994958662067872e-01,-2.999999999999877209e-01,8.755120703577001456e-15,5.009998716473406111e-01,-3.644431502681995795e-18
-2.849267145036240775e-03,1.366543293481015334e-07,7.897332763307721715e-01,9.996877567648511098e-01,-1.813327787105943048e-08,-2.498777648975578081e-02,-7.467526890873238029e-07,3.000313756737561788e-02,-9.933311960176249362e-06,3.483432503309940610e-06,4.999246312187125008e-02,-3.001484557594850597e-02,1.041877877028595065e-05,3.000253992375228815e-02,1.022385065746112104e-05,-4.952477960568853463e-07,4.999257122013661681e-02,-3.001435600038428880e-02,-1.012729302031225117e-05,-2.401092716380528693e-09,4.979994958096549684e-01,3.000000000000133116e-01,1.052134656310506962e-14,5.009998733665081971e-01,2.611398878742402084e-17,4.979994958662067872e-01,-2.999999999999877209e-01,8.755120703577001456e-15,5.009998716473406111e-01,-3.644431502681995795e-18
-2.849267145036240775e-03,1.366543293481015334e-07,7.897332763307721715e-01,9.996877567648511098e-01,-1.813327787105943048e-08,-2.498777648975578081e-02,-7.467526890873238029e-07,3.000313756737561788e-02,-9.933311960176249362e-06,3.483432503309940610e-06,4.999246312187125008e-02,-3.001484557594850597e-02,1.041877877028595065e-05,3.000253992375228815e-02,1.022385065746112104e-05,-4.952477960568853463e-07,4.999257122013661681e-02,-3.001435600038428880e-02,-1.012729302031225117e-05,-2.401092716380528693e-09,4.979994958096549684e-01,3.000000000000133116e-01,1.052134656310506962e-14,5.009998733665081971e-01,2.611398878742402084e-17,4.979994958662067872e-01,-2.999999999999877209e-01,8.755120703577001456e-15,5.009998716473406111e-01,-3.644431502681995795e-18
-2.849267145036240775e-03,1.366543293481015334e-07,7.897332763307721715e-01,9.996877567648511098e-01,-1.813327787105943048e-08,-2.498777648975578081e-02,-7.467526890873238029e-07,3.000313756737561788e-02,-9.933311960176249362e-06,3.483432503309940610e-06,4.999246312187125008e-02,-3.001484557594850597e-02,1.041877877028595065e-05,3.000253992375228815e-02,1.022385065746112104e-05,-4.952477960568853463e-07,4.999257122013661681e-02,-3.001435600038428880e-02,-1.012729302031225117e-05,-2.401092716380528693e-09,4.979994958096549684e-01,3.000000000000133116e-01,1.052134656310506962e-14,5.009998733665081971e-01,2.611398878742402084e-17,4.979994958662067872e-01,-2.999999999999877209e-01,8.755120703577001456e-15,5.009998716473406111e-01,-3.644431502681995795e-18
-2.849267145036240775e-03,1.366543293481003687e-07,7.897332763307721715e-01,9.996877567648511098e-01,-1.813327787105812022e-08,-2.498777648975578081e-02,-7.467526890872828277e-07,3.000313756737561788e-02,-9.933311960176267996e-06,3.483432503309860989e-06,4.999246312187125008e-02,-3.001484557594850597e-02,1.041877877028595235e-05,3.000253992375228815e-02,1.022385065746110240e-05,-4.952477960569650733e-07,4.999257122013661681e-02,-3.001435600038428880e-02,-1.012729302031224948e-05,-2.401092716380497260e-09,4.979994958096549684e-01,3.000000000000133116e-01,1.052134656310533310e-14,5.009998733665081971e-01,2.611398878742467411e-17,4.979994958662067872e-01,-2.999999999999877209e-01,8.755120703577220759e-15,5.009998716473406111e-01,-3.644431502682086699e-18
-2.849830813389309710e-03,1.131764417827206261e-07,7.897332599894275607e-01,9.996877210135105551e-01,8.109014288739341781e-09,-2.498920676628876500e-02,7.197845408432557446e-08,3.000515405262950755e-02,-1.030495382818880219e-05,1.886926919615610857e-06,4.999271923380210064e-02,-3.001425670963758091e-02,1.046267699451129025e-05,3.000508433654036286e-02,9.852205237432465088e-06,-2.091765092456844712e-06,4.999297926866329983e-02,-3.001444703051825078e-02,-1.008339358257984371e-05,-1.767908881929777548e-09,4.979995280810355363e-01,3.000000000000199729e-01,1.578709843163951642e-14,5.009998954836053509e-01,3.917444664298215123e-17,4.979995287822722161e-01,-2.999999999999816147e-01,1.313718196007664322e-14,5.009998977078223836e-01,-5.458884048308424740e-18
-2.850394481742378212e-03,8.969855421734088355e-08,7.897332436480830609e-01,9.996876852594528406e-01,3.435130644851475777e-08,-2.499063704275383477e-02,8.907095972557384973e-07,3.000717053788340069e-02,-1.067659569620133638e-05,2.904213359213607249e-07,4.999297534573294427e-02,-3.001366784332665585e-02,1.050657521873662645e-05,3.000762874932844104e-02,9.480559817403827773e-06,-3.688282388856724668e-06,4.999338731718998285e-02,-3.001453806065221275e-02,-1.003949414484743964e-05,-1.134725047479058043e-09,4.979995603524161596e-01,3.000000000000266343e-01,2.105285030017370447e-14,5.009999176007025046e-01,5.223490449853962836e-17,4.979995616983376450e-01,-2.999999999999754530e-01,1.751924321657606410e-14,5.009999237683041562e-01,-7.273336593934762780e-18
-2.872407755675788002e-03,-7.110847406747458908e-07,7.897329669704543642e-01,9.996871732272963884e-01,4.860763312170084653e-08,-2.501111111602815837e-02,2.357336896367771833e-06,3.001165761478367250e-02,-1.008004811575862070e-05,-2.816666121344050271e-06,5.000984473414994691e-02,-2.999406333211990239e-02,9.364316869008707032e-06,3.001368083285777671e-02,1.007694904472932042e-05,-6.796081842015078057e-06,5.000921329532473369e-02,-2.999545520825478914e-02,-1.118172178579992496e-05,-2.910564767008109519e-09,4.980007092978511185e-01,3.000000000000332956e-01,2.632200754680042590e-14,5.010002132527979768e-01,6.529868421704598531e-17,4.980007137033430897e-01,-2.999999999999692912e-01,2.190390298465129534e-14,5.010002253277813233e-01,-9.084098062001447564e-18
-2.894421030026973849e-03,-1.511868050706499400e-06,7.897326902928206716e-01,9.996866607736614174e-01,6.286395954094187844e-08,-2.503158517912869654e-02,3.823964207105096895e-06,3.001614469173206901e-02,-9.483500516458366470e-06,-5.923753608031237087e-06,5.002671412289052405e-02,-2.997445882054277852e-02,8.222058496177882660e-06,3.001973291645542927e-02,1.067333829090933617e-05,-9.903881324608849578e-06,5.002503927375978598e-02,-2.997637235548391427e-02,-1.232394944985474263e-05,-4.686404533457989658e-09,4.980018582433078933e-01,3.000000000000400124e-01,3.159116479349347475e-14,5.010005089048986671e-01,7.836246393561705351e-17,4.980018657083702949e-01,-2.999999999999631295e-01,2.628856275277713359e-14,5.010005268872637085e-01,-1.089485952999623969e-17
-2.981530426535676168e-03,-1.922414293750345912e-06,7.897318849032690657e-01,9.996849814088750730e-01,1.591232725702304637e-07,-2.509856449658049923e-02,2.392231080677571964e-06,3.001570253565932767e-02,-8.465724201014508104e-06,-3.210835749859994889e-06,5.006849074644299097e-02,-2.988179257724634177e-02,7.484841562121502318e-06,3.001427249732989411e-02,1.169044325147841204e-05,-7.193713273777165032e-06,5.007524634809561864e-02,-2.988711824542604478e-02,-1.306106075385399007e-05,-3.451518676591038978e-09,4.980062427550843718e-01,3.000000000000466738e-01,3.685918275879110756e-14,5.010017144246304843e-01,9.143811718370180148e-17,4.980062483397117989e-01,-2.999999999999570233e-01,3.067419204730780509e-14,5.010016926646954083e-01,-1.271774335798200687e-17
-3.068639825580150859e-03,-2.332960521592789428e-06,7.897310795136968098e-01,9.996832975543498145e-01,2.553825880792462508e-07,-2.516554370312350936e-02,9.604978306027413607e-07,3.001526037939457325e-02,-7.447947869161989318e-06,-4.979176649746490992e-07,5.011026737096570260e-02,-2.978912633110383790e-02,6.747624643843219732e-06,3.000881207775589476e-02,1.270754822843616429e-05,-4.483544996310759973e-06,5.012545342377073415e-02,-2.979786413263470560e-02,-1.379817204207222258e-05,-2.216632702443446922e-09,4.980106272669869161e-01,3.000000000000533351e-01,4.212720072404435591e-14,5.010029199443978287e-01,1.045137704322490685e-16,4.980106309711791468e-01,-2.999999999999508615e-01,3.505982134187624094e-14,5.010028584421606368e-01,-1.454062718643999203e-17
-3.146474657684540308e-03,1.983605547354240037e-06,7.897307686063910204e-01,9.996824100282856174e-01,-2.172358667927917540e-07,-2.520077269107155390e-02,-1.165180523373718612e-05,2.996699798054931405e-02,-7.725071877583711898e-06,2.528816962057055197e-05,5.013661689520649417e-02,-2.969673345575306669e-02,1.233576060259774663e-05,2.995585723648387308e-02,1.243004384047412775e-05,2.130015232152031196e-05,5.014215904420669251e-02,-2.969113439119283257e-02,-8.209736274036546523e-06,1.684552369376010893e-07,4.980122609292348401e-01,3.000000000000599965e-01,4.739446256439999332e-14,5.010038529114860806e-01,1.176010667754098439e-16,4.980121362360368509e-01,-2.999999999999446998e-01,3.944603976279928077e-14,5.010036741380260450e-01,-1.637522066529394409e-17
-3.224309489247003443e-03,6.300171892513253203e-06,7.897304576991142078e-01,9.996815211015503966e-01,-6.898543546007942935e-07,-2.523600164185399453e-02,-2.426410893504783134e-05,2.991873557890984900e-02,-8.002195961668327076e-06,5.107425825431427492e-05,5.016296641854586097e-02,-2.960434058041826882e-02,1.792389693095175937e-05,2.990290239243668588e-02,1.215253937686620110e-05,4.708385098757094099e-05,5.015886466268510563e-02,-2.958440464872983192e-02,-2.621300136390039472e-06,3.391271164780927789e-07,4.980138945913220039e-01,3.000000000000666578e-01,5.266172440471144190e-14,5.010047858785584562e-01,1.306883631192509626e-16,4.980136415007264672e-01,-2.999999999999385381e-01,4.383225818375674018e-14,5.010044898338710251e-01,-1.820981414483210665e-17
-3.051625921248368473e-03,2.462925969906635344e-05,7.897325352469248827e-01,9.996864421476167051e-01,-3.154815772349752495e-06,-2.504024962187332420e-02,-5.722902460166162019e-05,2.975284847806104749e-02,-1.682264363055667065e-05,1.201200231339831547e-04,5.015142400138425383e-02,-2.981854278962965676e-02,4.324536114984269420e-05,2.976131632485033360e-02,3.326925576801393852e-06,1.161346968222419940e-04,5.004446784283710786e-02,-2.972005209775463799e-02,2.270287452856614821e-05,1.757804616373372275e-06,4.980059273677822640e-01,3.000000000000733191e-01,5.792516599236174229e-14,5.009988917609186077e-01,1.435894237105357663e-16,4.980046877617794743e-01,-2.999999999999324318e-01,4.822116919707354646e-14,5.009988157075615511e-01,-1.985885292026566344e-17
-2.878942333732193576e-03,4.295834859731549436e-05,7.897346127949216310e-01,9.996913237706639421e-01,-5.619777220906569114e-06,-2.484449659641403685e-02,-9.019393959704453284e-05,2.958696136804827084e-02,-2.564309196504346183e-05,1.891657913839531701e-04,5.013988158127053590e-02,-3.003274502272744104e-02,6.856682690612974479e-05,2.961973025035884513e-02,-5.498688889234713047e-06,1.851855460277962570e-04,4.993007101277509296e-02,-2.985569956566271749e-02,4.802705073110625242e-05,3.176482213499032167e-06,4.979979601434944558e-01,3.000000000000799805e-01,6.318860757971442755e-14,5.009929976427468512e-01,1.564904842873111993e-16,4.979957340220175777e-01,-2.999999999999262701e-01,5.261008021060012663e-14,5.009931415807465926e-01,-2.150789168124290965e-17
-2.299929712013349791e-03,2.646841238490699245e-05,7.897412778884654871e-01,9.997067286388507945e-01,-1.849509796324507319e-07,-2.421684883346102851e-02,3.076930850240409997e-05,2.916172988050274098e-02,-6.389350457509820847e-05,-5.011427891158539804e-05,4.978480535860983769e-02,-3.050809607844072111e-02,5.493189324344815430e-05,2.922456319829273494e-02,-4.373333601640616965e-05,-5.408068611491946088e-05,4.969922898240897169e-02,-3.048535407164437716e-02,3.439638225547338255e-05,6.874976768946133088e-06,4.979774101067591663e-01,3.000000000000866418e-01,6.845418866286548477e-14,5.009767394430622023e-01,1.692801813957030563e-16,4.979712702506883248e-01,-2.999999999999201084e-01,5.700622761289328052e-14,5.009766542507411158e-01,-2.304023178029361423e-17
-1.720917050723838734e-03,9.978472781620817227e-06,7.897479429824560970e-01,9.997217247872601797e-01,5.249876106584011277e-06,-2.358919112761412654e-02,1.517325590125182856e-04,2.873649836770075794e-02,-1.021439200512127752e-04,-2.893943792336739788e-04,4.942972910249383844e-02,-3.098344715958618184e-02,4.129695578696750797e-05,2.882939612153144482e-02,-8.196798600759899712e-05,-2.933469482833323851e-04,4.946838694070274794e-02,-3.111500862573529647e-02,2.076570998619286230e-05,1.057347154641497116e-05,4.979568600687984126e-01,3.000000000000933031e-01,7.371976974622490225e-14,5.009604812423682496e-01,1.820698784932497029e-16,4.979468064778486136e-01,-2.999999999999138911e-01,6.140237501589115857e-14,5.009601669196825924e-01,-2.457257186797953255e-17
-7.335224829490753860e-04,-2.289680980553923044e-04,7.897662941437312289e-01,9.997526667980403126e-01,3.501562298560468884e-05,-2.222861911213171865e-02,7.017809350353315439e-04,2.781950614149707179e-02,-2.947864087652030075e-05,-1.424646957621368819e-03,4.753211369753588406e-02,-3.089110430911795949e-02,-2.805997537836205655e-04,2.780494639753014474e-02,-1.002680326631768062e-05,-1.428455350860706723e-03,4.865402807415643988e-02,-3.199848606688927843e-02,-3.005595868577690794e-04,-9.873258670316339047e-08,4.980182406058928923e-01,3.000000000000999645e-01,7.898441514432225584e-14,5.010288834140728120e-01,1.949704787304644054e-16,4.980119584522785803e-01,-2.999999999999077849e-01,6.578308470320456911e-14,5.010219612947373058e-01,-2.622460198477070787e-17
2.538721325503979966e-04,-4.679146948893413735e-04,7.897846453063719352e-01,9.997814537908519261e-01,6.478129722997476563e-05,-2.086799909603295755e-02,1.251827848476253511e-03,2.690251385782477939e-02,4.318665126010632553e-05,-2.559899640715041381e-03,4.563449811231227310e-02,-3.079876139230735763e-02,-6.024964993785856832e-04,2.678049659998902807e-02,6.191439235043536145e-05,-2.563563858128826718e-03,4.783966913941864463e-02,-3.288196353770574815e-02,-6.218849196598294753e-04,-1.077093839922342244e-05,4.980796211525620465e-01,3.000000000001066258e-01,8.424906054231026699e-14,5.010972855956710159e-01,2.078710789806395749e-16,4.980771104371813363e-01,-2.999999999999016231e-01,7.016379438871389892e-14,5.010837556789402569e-01,-2.787663211554921596e-17
6.886462544692371381e-04,-8.835161741542855995e-04,7.898269225183048858e-01,9.998308812520052546e-01,3.963216610059665175e-05,-1.837637312869705788e-02,7.184947912642186121e-04,2.358946942039646597e-02,9.764648830217274823e-04,-1.648653124366686578e-03,4.224617270251695283e-02,-2.908176148380724538e-02,-1.319446865160406584e-03,2.310618554394345409e-02,9.955758883062684490e-04,-1.653197257691123995e-03,4.438889803852136967e-02,-3.074123523895811588e-02,-1.339378869923596492e-03,-1.617328755940930962e-04,4.980476503067457483e-01,3.000000000001137868e-01,8.968522154519448463e-14,5.012971277167450612e-01,2.213967495185914221e-16,4.981886349620383014e-01,-2.999999999998950173e-01,7.470248328773571594e-14,5.013143051646218318e-01,-2.996410651859108168e-17
1.123420301043738523e-03,-1.299117677504375325e-03,7.898691997335000048e-01,9.998738140945200303e-01,1.448277004468372651e-05,-1.588462763938638250e-02,1.851569192032648150e-04,2.027642465629014151e-02,1.909743232119409835e-03,-7.374063289984100246e-04,3.885784708947809946e-02,-2.736476135380122229e-02,-2.036397284803880686e-03,1.943187412661551150e-02,1.929237501749140379e-03,-7.428303783731241613e-04,4.093812657817538087e-02,-2.860050652788993786e-02,-2.056872874201035734e-03,-3.126948319160798863e-04,4.980156794482019089e-01,3.000000000001209477e-01,9.512138257146315222e-14,5.014969698557396605e-01,2.349224201417654412e-16,4.983001594932176537e-01,-2.999999999998884115e-01,7.924117220829645227e-14,5.015448546733115576e-01,-3.205158098100147281e-17
-3.645810812300447155e-04,-2.218837625922896392e-03,7.898120680730590371e-01,9.999100702143617347e-01,-3.857653010228473726e-04,-1.182385887104703270e-02,-6.316567932079832949e-03,2.801561991227250609e-03,7.386393421827635100e-03,1.139162879989649019e-02,5.623662756051288347e-02,-3.527346908244916729e-02,-4.231697546168882232e-03,5.347858867992147380e-03,7.272708028198248548e-03,1.143769919864259105e-02,4.101437287024434913e-02,-2.259936300824117589e-02,-4.187379759118377287e-03,-1.063390530976471120e-03,4.967711202952616034e-01,3.000000000001310507e-01,1.015729789443171642e-13,5.004030030861716938e-01,2.501692570020119465e-16,4.978895956163915670e-01,-2.999999999998789191e-01,8.475913843108300076e-14,5.008337804898259638e-01,-3.476087438624285145e-17
-1.852582763105457050e-03,-3.138557652891779855e-03,7.897549363971285707e-01,9.998874078410819877e-01,-7.859906997817953100e-04,-7.762393151651716602e-03,-1.281792151718825004e-02,-1.467330288049152956e-02,1.286304431947168231e-02,2.352066567671660946e-02,7.361541126742157659e-02,-4.318217831094868508e-02,-6.426998037886329229e-03,-8.736158012642908366e-03,1.261617924177176921e-02,2.361823053174435041e-02,4.109061971188360946e-02,-1.659821888707309345e-02,-6.317886864207536250e-03,-1.814086323485740275e-03,4.955265609533791027e-01,3.000000000001412093e-01,1.080245754753935633e-13,4.993090361150058776e-01,2.654160941304458174e-16,4.974790316582151095e-01,-2.999999999998693712e-01,9.027710480645789179e-14,5.001227061596191792e-01,-3.747016788837435746e-17
-5.194271554503802554e-03,-3.984721282173024626e-03,7.888625941408682340e-01,9.998109189962535170e-01,-2.282126569103252144e-03,-5.023796288962371903e-03,-1.864616917859028208e-02,-5.162158056061497136e-02,2.208698867008943023e-02,3.284952689549665295e-02,1.325503296681335430e-01,-7.029139899021577542e-02,-8.989834152010246771e-03,-3.995604642950253971e-02,2.135997977613104254e-02,3.322755137257103752e-02,7.876922977020572869e-02,-2.819137326318251272e-02,-8.693524903769719869e-03,-3.415583379849934306e-03,4.907735755129479793e-01,3.000000000001473155e-01,1.132968968888612407e-13,4.943291025947954553e-01,2.816535005453095298e-16,4.945942911862655222e-01,-2.999999999998655409e-01,9.374047803166280898e-14,4.962129245517398757e-01,-4.278229242727666554e-17
-8.535960670843199122e-03,-4.830884898560241537e-03,7.879702517382001226e-01,9.996907257616248765e-01,-3.778162872729569008e-03,-2.284980054765989310e-03,-2.447360164855937742e-02,-8.856986165431948721e-02,3.131093367758690932e-02,4.217838762342146497e-02,1.914852553534050483e-01,-9.740062303522585563e-02,-1.155267033056111767e-02,-7.117593785018526409e-02,3.010378090654915878e-02,4.283687176267881452e-02,1.164478464200132402e-01,-3.978453072347472308e-02,-1.106916298630199538e-02,-5.017080585354863689e-03,4.860205894575093111e-01,3.000000000001534217e-01,1.185692180956085489e-13,4.893491683933966496e-01,2.978909071338145437e-16,4.917095502806064777e-01,-2.999999999998617106e-01,9.720385089670895063e-14,4.923031423831450426e-01,-4.809441742244079389e-17
-1.252785127086095129e-02,-5.148944191731314769e-03,7.850872091086429361e-01,9.996624099617404946e-01,-6.268392367740307190e-03,-1.510320695431219013e-03,-2.516927289387079977e-02,-1.337668142657802983e-01,3.986421381195881519e-02,3.969777151728628994e-02,2.709361995586884175e-01,-1.330322168464374011e-01,-1.324176714706287727e-02,-1.135212643803028554e-01,3.852353780818514040e-02,4.068521440605469414e-02,1.886984899102344404e-01,-7.106026638491719227e-02,-1.268151238543003406e-02,-7.250831206308822573e-03,4.783184444731119478e-01,3.000000000001594724e-01,1.238243208487810390e-13,4.814259796331052943e-01,3.144321255226031678e-16,4.864230529374584111e-01,-2.999999999998582134e-01,1.005207730247582702e-13,4.861832157754906181e-01,-5.367998735132300320e-17
-1.651974199751949507e-02,-5.467003382042656852e-03,7.822041660913539030e-01,9.996268105451242558e-01,-8.758576384279603486e-03,-7.356507143269348618e-04,-2.586475975395246749e-02,-1.789637684838481235e-01,4.841749381570423921e-02,3.721715311100025347e-02,3.503871477599098117e-01,-1.686638123175646375e-01,-1.493086379338500955e-02,-1.558665930773394104e-01,4.694329464670650431e-02,3.853355475872594083e-02,2.609491401341050842e-01,-1.023360058799672179e-01,-1.429386163589110512e-02,-9.484581950407799944e-03,4.706162989143021780e-01,3.000000000001655232e-01,1.290794235985998479e-13,4.735027902995515015e-01,3.309733439705657768e-16,4.811365551265163742e-01,-2.999999999998546607e-01,1.038376951242831242e-13,4.800632887373628699e-01,-5.926555733346452175e-17
-2.052205857097642513e-02,-5.863086427968199066e-03,7.768180929057948436e-01,9.995704817549104781e-01,-1.135953366245784184e-02,4.536852064287792935e-04,-2.701124152943181964e-02,-2.280779980554287212e-01,5.755369097806295464e-02,3.376963046503283356e-02,4.359157961843030393e-01,-2.073304102402155347e-01,-1.690186406868194810e-02,-2.049813398720306268e-01,5.604624061792619349e-02,3.538080809450502157e-02,3.445373855353845993e-01,-1.390485429777242321e-01,-1.613088842228378728e-02,-1.226441011642520618e-02,4.623578944722845363e-01,3.000000000001714628e-01,1.342465415787276653e-13,4.657285558351924037e-01,3.474462891738368533e-16,4.755315671532135413e-01,-2.999999999998512745e-01,1.070863904882661210e-13,4.743710501265896440e-01,-6.509431848682021255e-17
-2.452437514666707882e-02,-6.259169490610257472e-03,7.714320191839645346e-01,9.995046599485809535e-01,-1.396038308184149000e-02,1.643016907334608886e-03,-2.815746687331970033e-02,-2.771922284662807767e-01,6.668988826531097036e-02,3.032210761190736251e-02,5.214444459108361629e-01,-2.459970088131120391e-01,-1.887286440437639656e-02,-2.540960881170614694e-01,6.514918673551832462e-02,3.222806121580241989e-02,4.281256333657301183e-01,-1.757610812403085643e-01,-1.796791525681336321e-02,-1.504423839943903538e-02,4.540994899110891714e-01,3.000000000001774580e-01,1.394136595400048625e-13,4.579543214027467224e-01,3.639192343624804271e-16,4.699265791116745694e-01,-2.999999999998478328e-01,1.103350858376316261e-13,4.686788116074481758e-01,-7.092307969227931564e-17
-2.840101340243477920e-02,-6.678767144066570689e-03,7.636880638536360788e-01,9.994162781101337822e-01,-1.647401780316855302e-02,3.274804243097107631e-03,-2.974870489749258801e-02,-3.274980165987870229e-01,7.579267190754097883e-02,2.603002213216670455e-02,6.072684035598348018e-01,-2.847293181795217398e-01,-2.100072509335032186e-02,-3.052289305876482173e-01,7.421351466318727719e-02,2.821635956045692728e-02,5.129118476666257864e-01,-2.126131010325919002e-01,-1.989406169924804249e-02,-1.782111004652484759e-02,4.452341402669229287e-01,3.000000000001831757e-01,1.444429670158039164e-13,4.508288264839566684e-01,3.801560506436872468e-16,4.635775463097101534e-01,-2.999999999998447242e-01,1.134443228039295608e-13,4.636854137329765035e-01,-7.694363534249559542e-17
-3.227765162882818839e-02,-7.098364803018854773e-03,7.559441079722093448e-01,9.993163820541063336e-01,-1.898746270797857169e-02,4.906553953454800485e-03,-3.133960029270806830e-02,-3.778038050097912159e-01,8.489545554196134547e-02,2.173793645502983957e-02,6.930923612778546739e-01,-3.234616275612897107e-01,-2.312858581898658353e-02,-3.563617735299159373e-01,8.327784258183015820e-02,2.420465770435140107e-02,5.976980622475174254e-01,-2.494651208574756862e-01,-2.182020816251228901e-02,-2.059798169291962230e-02,4.363687904808978280e-01,3.000000000001888933e-01,1.494722744593930853e-13,4.437033317167939361e-01,3.963928668697045686e-16,4.572285133338431784e-01,-2.999999999998415601e-01,1.165535597376324697e-13,4.586920160218420084e-01,-8.296419103753921661e-17
-3.596248135214788477e-02,-7.552891453921235614e-03,7.460500635854014906e-01,9.991911275120275437e-01,-2.147654643766402915e-02,6.913860610798935706e-03,-3.328734272675604872e-02,-4.286553871696658913e-01,9.400669740688233356e-02,1.628889830350599421e-02,7.780192432117872814e-01,-3.616113807822514126e-01,-2.549872686881681297e-02,-4.082994370870076106e-01,9.231985608989738690e-02,1.905755233025000633e-02,6.813462380777072225e-01,-2.852320273155819486e-01,-2.390584910283178113e-02,-2.351290299181059071e-02,4.268280243219100267e-01,3.000000000001943889e-01,1.543948406176958840e-13,4.375252784924459348e-01,4.123845659047889200e-16,4.501467407004260401e-01,-2.999999999998385070e-01,1.196036725199216230e-13,4.547792608737289410e-01,-8.910846211277685243e-17
-3.964731102690106923e-02,-8.007418113667747611e-03,7.361560186541844519e-01,9.990518501108214267e-01,-2.396532875492679918e-02,8.921070332694853999e-03,-3.523461808977484955e-02,-4.795069694677372985e-01,1.031179392739449557e-01,1.083985985903816555e-02,8.629461249185774729e-01,-3.997611338557080507e-01,-2.786886797999317544e-02,-4.602371008478823855e-01,1.013618695923145380e-01,1.391044666866088526e-02,7.649944136197420752e-01,-3.209989334989341581e-01,-2.599149008353577109e-02,-2.642782432565616429e-02,4.172872579919047475e-01,3.000000000001999401e-01,1.593174067489715002e-13,4.313472255079931483e-01,4.283762648778088015e-16,4.430649678814769232e-01,-2.999999999998354538e-01,1.226537852872403421e-13,4.508665059992379431e-01,-9.525273321933961245e-17
-4.315105222722687150e-02,-8.489247983315770935e-03,7.244240996333142224e-01,9.988851822318645102e-01,-2.644150988689936838e-02,1.125130667406450125e-02,-3.745193413753283851e-02,-5.304577374977864634e-01,1.120675394908394046e-01,4.014247718752695683e-03,9.458561416161198609e-01,-4.365903944866778019e-01,-3.051541528251048088e-02,-5.124259322181883292e-01,1.102038900725342274e-01,7.429659471220096713e-03,8.462181857238700866e-01,-3.548827328170635620e-01,-2.825322985904748369e-02,-2.937193951732207375e-02,4.065661897952252413e-01,3.000000000002052691e-01,1.641219141969409881e-13,4.258858670281203129e-01,4.441413426071975292e-16,4.346979088318274065e-01,-2.999999999998326228e-01,1.256142366467653484e-13,4.477421467138477107e-01,-1.015025685521773420e-16
-4.665479337817340921e-02,-8.971077860408840574e-03,7.126921801112918731e-01,9.987020270067300531e-01,-2.891725457874895142e-02,1.358135739236977259e-02,-3.966863208704436705e-02,-5.814085055548816605e-01,1.210171396636573610e-01,-2.811364796897305313e-03,1.028766157763702838e+00,-4.734196547575753033e-01,-3.316196266039830864e-02,-5.646147636569827100e-01,1.190459104982197480e-01,9.488719101106261877e-04,9.274419571669109130e-01,-3.887665316217068234e-01,-3.051496968257786865e-02,-3.231605471694857373e-02,3.958451212767007399e-01,3.000000000002105982e-01,1.689264216127182363e-13,4.204245087436759287e-01,4.599064202747910844e-16,4.263308494317056829e-01,-2.999999999998297917e-01,1.285746879818414727e-13,4.446177876434374010e-01,-1.077524039138003718e-16
-4.991859538174429900e-02,-9.487314450656016140e-03,6.993903552143647673e-01,9.984933681128564942e-01,-3.141247322035159439e-02,1.612164389087626312e-02,-4.200408264776512440e-02,-6.322060806389596666e-01,1.295216329848883907e-01,-1.134509842236580343e-02,1.109424394313069273e+00,-5.087710341423621330e-01,-3.615156165667592070e-02,-6.167204321693393609e-01,1.274039734585701300e-01,-7.168672370571824159e-03,1.006000916026279501e+00,-4.206845759292514031e-01,-3.300003263537616693e-02,-3.547308146511405497e-02,3.840272125179367002e-01,3.000000000002157052e-01,1.736447830278862544e-13,4.156658853949419252e-01,4.754040772037787360e-16,4.168537177169110985e-01,-2.999999999998270162e-01,1.315002373665738647e-13,4.422940132074450470e-01,-1.140225532755573684e-16
-5.318239731521516578e-02,-1.000355105095536955e-02,6.860885298587781067e-01,9.982665595627746580e-01,-3.390712088201056768e-02,1.866163740710923349e-02,-4.433876973349431400e-02,-6.830036556782812518e-01,1.380261261760781510e-01,-1.987883254687465573e-02,1.190082630204561287e+00,-5.441224130953750127e-01,-3.914116075317863180e-02,-6.688261006573993361e-01,1.357620362775287248e-01,-1.528621712944498549e-02,1.084559874107103195e+00,-4.526026196624861053e-01,-3.548509565341997907e-02,-3.863010827548324366e-02,3.722093034387226052e-01,3.000000000002208678e-01,1.783631444178860755e-13,4.109072622515171358e-01,4.909017340546375050e-16,4.073765856778006067e-01,-2.999999999998241851e-01,1.344257867411094028e-13,4.399702390053495393e-01,-1.202927026432492368e-16
-5.623849528786435681e-02,-1.055092561775289317e-02,6.716174598778681393e-01,9.980177814512144474e-01,-3.644380145057796866e-02,2.133252703333344061e-02,-4.666133874417938837e-02,-7.333116704709303768e-01,1.457047269393427491e-01,-3.029403442827612730e-02,1.267612393399103032e+00,-5.773336417585555047e-01,-4.251873871673821081e-02,-7.204021415986555654e-01,1.432592496556050199e-01,-2.517229197960067777e-02,1.159544488813153418e+00,-4.819669388529831400e-01,-3.821688328673422674e-02,-4.187263323065255893e-02,3.586781460028967139e-01,3.000000000002258083e-01,1.830037503622685522e-13,4.066430237092193978e-01,5.061725437409659991e-16,3.961658166440946705e-01,-2.999999999998215205e-01,1.373151246829744752e-13,4.380937034497523475e-01,-1.265564493788517394e-16
-5.929459319578579690e-02,-1.109830019425408522e-02,6.571463895325809768e-01,9.977500164322129494e-01,-3.897978870306429561e-02,2.400301085729432057e-02,-4.898302003723140757e-02,-7.836196851110155404e-01,1.533833274452306439e-01,-4.070923689600814549e-02,1.345142155618704205e+00,-6.105448697547908310e-01,-4.589631680120545565e-02,-7.719781823748615990e-01,1.507564627654107703e-01,-3.505836738089163074e-02,1.234529102405314216e+00,-5.113312572476511608e-01,-4.094867099693641488e-02,-4.511515821246606106e-02,3.451469880331632933e-01,3.000000000002308043e-01,1.876443562824197463e-13,4.023787853209890297e-01,5.214433533566010189e-16,3.849550470701273430e-01,-2.999999999998188005e-01,1.402044626135547724e-13,4.362171680335302226e-01,-1.328201961124589663e-16
-6.207918521454141442e-02,-1.169390031257636249e-02,6.418932181839765994e-01,9.974703593236184940e-01,-4.160583505928090731e-02,2.667346535526247606e-02,-5.109171171308387466e-02,-8.329858525026192506e-01,1.597347271758631782e-01,-5.321792885484992464e-02,1.419035669801346211e+00,-6.413195958069245473e-01,-4.975310755043137884e-02,-8.223973379809591533e-01,1.569134884557605025e-01,-4.686613357429545573e-02,1.305454671281913948e+00,-5.380388599819527773e-01,-4.399810852026100200e-02,-4.858259935513858929e-02,3.299094882486569569e-01,3.000000000002356892e-01,1.922357308492312268e-13,3.988952006141052720e-01,5.364600234224685414e-16,3.721088502687200372e-01,-2.999999999998160805e-01,1.430913801018923069e-13,4.349294167451097648e-01,-1.390111203070997887e-16
-6.486377714339822131e-02,-1.228950044686668436e-02,6.266400465764093708e-01,9.971721969125483254e-01,-4.423110956432055318e-02,2.934342500096639647e-02,-5.319945545326321135e-02,-8.823520195823661982e-01,1.660861264670438209e-01,-6.572662150687083593e-02,1.492929182779983543e+00,-6.720943210523036004e-01,-5.360989845833027956e-02,-8.728164932039983448e-01,1.630705137023583107e-01,-5.867390040399382556e-02,1.376380238814515877e+00,-5.647464618365843902e-01,-4.704754614876319879e-02,-5.205004057228351799e-02,3.146719878991607322e-01,3.000000000002406297e-01,1.968271053997416098e-13,3.954116161657051376e-01,5.514766934041874822e-16,3.592626529258034496e-01,-2.999999999998133049e-01,1.459782975894284091e-13,4.336416656516426937e-01,-1.452020444776282148e-16
-6.742956077993200736e-02,-1.292684889213674068e-02,6.110892035020123458e-01,9.968751080171492918e-01,-4.694799426641775575e-02,3.192368152513587465e-02,-5.492525291739012994e-02,-9.303530577601771823e-01,1.705203920884604818e-01,-8.022174799633291498e-02,1.562224337093142124e+00,-6.996760889346459455e-01,-5.796610503449597940e-02,-9.214687000881791601e-01,1.673448051892132415e-01,-7.223632382808883867e-02,1.442375524242086815e+00,-5.883159637967324551e-01,-5.042307592815845063e-02,-5.561063815350011236e-02,2.968805550886686184e-01,3.000000000002455147e-01,2.013932831081345376e-13,3.928771400668174540e-01,5.662660252441877075e-16,3.439871188905921917e-01,-2.999999999998105848e-01,1.488873660867198371e-13,4.328535586700005822e-01,-1.512744484338546526e-16
-6.999534433975401759e-02,-1.356419735204329388e-02,5.955383603232550227e-01,9.965609667577495223e-01,-4.966407591675998934e-02,3.450339193714713898e-02,-5.665011070620783185e-02,-9.783540954593891170e-01,1.749546570377511767e-01,-9.471687518221685864e-02,1.631519489794166722e+00,-7.272578556975725084e-01,-6.232231178575131647e-02,-9.701209063528872800e-01,1.716190960160024481e-01,-8.579874786734714709e-02,1.508370807941155078e+00,-6.118854646566972422e-01,-5.379860582187802331e-02,-5.917123576737630397e-02,2.790891213827958461e-01,3.000000000002503997e-01,2.059594608076937632e-13,3.903426643006767116e-01,5.810553570044857657e-16,3.287115840036821668e-01,-2.999999999998078093e-01,1.517964345917771652e-13,4.320654518635282382e-01,-1.573468523485292227e-16
-7.229318813389082332e-02,-1.427662549184379251e-02,5.801763835831291738e-01,9.962643144370143533e-01,-5.254985193595936716e-02,3.687307845136254120e-02,-5.776075593665765812e-02,-1.024338718989707520e+00,1.769120542060003687e-01,-1.111967296906627711e-01,1.695450031799590196e+00,-7.512119415654253674e-01,-6.730620878406114171e-02,-1.016002874818634716e+00,1.735449983322190359e-01,-1.010270140579382775e-01,1.568703786026935276e+00,-6.322695088401669716e-01,-5.761522231327802224e-02,-6.292464717448936762e-02,2.585748000176627537e-01,3.000000000002552847e-01,2.105294099074369347e-13,3.894990267877468382e-01,5.956573229549220705e-16,3.109122263091493865e-01,-2.999999999998049227e-01,1.547489148420816807e-13,4.321353901998272740e-01,-1.632854053905401119e-16
-7.459103182887219519e-02,-1.498905365942873949e-02,5.648144069128963052e-01,9.959524545003405338e-01,-5.543482586303487281e-02,3.924220203333881468e-02,-5.887051924228954569e-02,-1.070323341773819381e+00,1.788694504576446020e-01,-1.276765849335891323e-01,1.759380571819752603e+00,-7.751660260907962119e-01,-7.229010601465787889e-02,-1.061884842259210870e+00,1.754708997793764658e-01,-1.162552808650012259e-01,1.629036762017287865e+00,-6.526535518448070006e-01,-6.143183896790925524e-02,-6.667805865295631240e-02,2.380604776448810023e-01,3.000000000002602252e-01,2.150993590085757969e-13,3.886553899005390500e-01,6.102592888360206572e-16,2.931128676806351585e-01,-2.999999999998020361e-01,1.577013951084514179e-13,4.322053288536598092e-01,-1.692239583830172908e-16
-7.668688283047531140e-02,-1.576131992457079078e-02,5.501645173124645183e-01,9.956793101405329027e-01,-5.844890301560943385e-02,4.131613195511822656e-02,-5.915584784796591028e-02,-1.113680121662036004e+00,1.776898215039848239e-01,-1.455885600466932939e-01,1.816898676862066742e+00,-7.947045738513851543e-01,-7.783974544107337412e-02,-1.104073981259098725e+00,1.745389316225951226e-01,-1.325681637599171181e-01,1.682919989435898156e+00,-6.696558465284621064e-01,-6.565053459685735171e-02,-7.050973799586400526e-02,2.139070118363013417e-01,3.000000000002652212e-01,2.196984680294435818e-13,3.899827314335005402e-01,6.246760055672343342e-16,2.718793839590131212e-01,-2.999999999997989830e-01,1.607323408598306395e-13,4.333726212567209912e-01,-1.749651362890479239e-16
-7.878273375339350793e-02,-1.653358621302237347e-02,5.355146279894213990e-01,9.953926824453078748e-01,-6.146218871155661317e-02,4.338950226459194204e-02,-5.944037505223676021e-02,-1.157036900526594136e+00,1.765101913283177448e-01,-1.635005357176702590e-01,1.874416779406459455e+00,-8.142431198919310997e-01,-8.338938508786997161e-02,-1.146263118820469717e+00,1.736069623525496874e-01,-1.488810470773379857e-01,1.736803214342051760e+00,-6.866581398947795289e-01,-6.986923038243263162e-02,-7.434141736926043464e-02,1.897535446101175360e-01,3.000000000002702172e-01,2.242975770616704337e-13,3.913100738121522704e-01,6.390927222262854808e-16,2.506458988996504988e-01,-2.999999999997959299e-01,1.637632866417755832e-13,4.345399140872490684e-01,-1.807063141181923768e-16
-8.065761662892748096e-02,-1.741827129533929722e-02,5.220867450627115769e-01,9.951571487474197841e-01,-6.471295538468270492e-02,4.509762708755599842e-02,-5.865736725559523440e-02,-1.196996577120431393e+00,1.717796343486880373e-01,-1.826417426304617897e-01,1.924642568059357517e+00,-8.289223341493939801e-01,-8.964693900259254611e-02,-1.183458665672434407e+00,1.696321011915799815e-01,-1.660315926883469406e-01,1.783425306037374147e+00,-7.004765424748904401e-01,-7.463210011076813755e-02,-7.832261478271880517e-02,1.616695862027913710e-01,3.000000000002753797e-01,2.289616178563884047e-13,3.955261999951401042e-01,6.534640293408830838e-16,2.256334407920505547e-01,-2.999999999997925992e-01,1.668964513918192748e-13,4.370564732805202746e-01,-1.863179918720175190e-16
-8.253249941408098700e-02,-1.830295642363781450e-02,5.086588626358274912e-01,9.949075298680847279e-01,-6.796280622413773675e-02,4.680511346072045026e-02,-5.787352880078713152e-02,-1.236956252324784344e+00,1.670490759166563810e-01,-2.017829500460341374e-01,1.974868353729549719e+00,-8.436015464192904156e-01,-9.590449320686660062e-02,-1.220654210481918245e+00,1.656572387860050233e-01,-1.831821386419769659e-01,1.830047394762744251e+00,-7.142949437527247314e-01,-7.939497006168194648e-02,-8.230381225733313100e-02,1.335856261878136109e-01,3.000000000002805423e-01,2.336256586776647349e-13,3.997423273596998339e-01,6.678353364369072526e-16,2.006209811387731079e-01,-2.999999999997892686e-01,1.700296161836726196e-13,4.395730330256691354e-01,-1.919296695728744479e-16
-8.422312046967762866e-02,-1.928459651251149265e-02,4.969223331102710639e-01,9.947289062627305833e-01,-7.136657963758469281e-02,4.807316083003735502e-02,-5.576903768215582535e-02,-1.272611199262392301e+00,1.582940162701292341e-01,-2.211989430968132331e-01,2.016868525784653254e+00,-8.529720525777612083e-01,-1.026789192188856531e-01,-1.251596105068706111e+00,1.584370204632431778e-01,-2.003458631624848441e-01,1.868903272708426266e+00,-7.253417263654500236e-01,-8.457925300688377834e-02,-8.646403715020685443e-02,1.013604185455369011e-01,3.000000000002858158e-01,2.383607837810329794e-13,4.066454837576397030e-01,6.821595598536999327e-16,1.713663786420044910e-01,-2.999999999997857159e-01,1.732871551246279064e-13,4.435470804233113129e-01,-1.973327864896336183e-16
-8.591374144631855336e-02,-2.026623664293014659e-02,4.851858043094554040e-01,9.945327213434393965e-01,-7.476909318265227700e-02,4.934035930812243065e-02,-5.366356142860936179e-02,-1.308266144355434202e+00,1.495389548991125084e-01,-2.406149362653373647e-01,2.058868694315100445e+00,-8.623425564614637384e-01,-1.094533454523830968e-01,-1.282537996975819494e+00,1.512168007498538025e-01,-2.175095876886397328e-01,1.907759147326304694e+00,-7.363885077905429899e-01,-8.976353613266012388e-02,-9.062426211979343615e-02,6.913520912874507318e-02,3.000000000002910894e-01,2.430959089148606455e-13,4.135486413069653922e-01,6.964837832503172980e-16,1.421117743274874223e-01,-2.999999999997821076e-01,1.765446941188771970e-13,4.475211284454835847e-01,-2.027359033170249800e-16
-8.736863937161741533e-02,-2.142096418871646327e-02,4.754608719144865492e-01,9.943991768963152955e-01,-7.843674033309933069e-02,5.018443321058748546e-02,-4.999477389868521582e-02,-1.338920433109857866e+00,1.366549737617553106e-01,-2.601027952895297313e-01,2.092294291322203570e+00,-8.665975362777238455e-01,-1.168866055408026849e-01,-1.306080399845422457e+00,1.409650517589504659e-01,-2.346074914786107912e-01,1.938626848873286290e+00,-7.455397891268575883e-01,-9.548710776550561885e-02,-9.508672059532996546e-02,3.350039595289610456e-02,3.000000000002966405e-01,2.479602358970665196e-13,4.218041278565425878e-01,7.109389441323823420e-16,1.091703454367291964e-01,-2.999999999997780553e-01,1.799952513551017035e-13,4.519861758778913052e-01,-2.080183828350282120e-16
-8.882353719131826086e-02,-2.257569181204159559e-02,4.657359404206624087e-01,9.942381453668344138e-01,-8.210221945955911704e-02,5.102711972900692700e-02,-4.632460371653040337e-02,-1.369574719624113035e+00,1.237709907747457372e-01,-2.795906543459162341e-01,2.125719884488114442e+00,-8.708525138023577306e-01,-1.243198659243632820e-01,-1.329622799400240085e+00,1.307133014099981505e-01,-2.517053952390958527e-01,1.969494546841766835e+00,-7.546910696140356478e-01,-1.012106796399388220e-01,-9.954917920625952488e-02,-2.134418750369723727e-03,3.000000000003022471e-01,2.528245629371516105e-13,4.300596150119291861e-01,7.253941050731040261e-16,7.622891489436615930e-02,-2.999999999997740030e-01,1.834458086777935441e-13,4.564512235302543575e-01,-2.133008622989889747e-16
-8.974609615551215613e-02,-2.393189052182945892e-02,4.581790310038206804e-01,9.941411615317715667e-01,-8.594001935929816705e-02,5.122692311980166224e-02,-4.090802327736651339e-02,-1.393256839779132061e+00,1.071361137061688368e-01,-2.983841963422368959e-01,2.150923528802177742e+00,-8.717612174295148453e-01,-1.323422172177282641e-01,-1.343932691634568410e+00,1.179612404228765760e-01,-2.682648641298820413e-01,1.993130602538969898e+00,-7.640773992825460326e-01,-1.073846720040643604e-01,-1.046630243072499689e-01,-3.562733578910776133e-02,3.000000000003079648e-01,2.577822109510899678e-13,4.363422269749306914e-01,7.394576721431080008e-16,4.483469643825679224e-02,-2.999999999997693956e-01,1.871614875977192246e-13,4.604496686569643504e-01,-2.179334801161748433e-16
-9.066865487086314679e-02,-2.528808932579539731e-02,4.506221226004253899e-01,9.940003188316560712e-01,-8.977402789176502917e-02,5.142446621287437292e-02,-3.548963726745749114e-02,-1.416938956674997474e+00,9.050123488422873175e-02,-3.171777380139976232e-01,2.176127169272873640e+00,-8.726699194924494307e-01,-1.403645687864650271e-01,-1.358242579553142093e+00,1.052091782669796194e-01,-2.848243327689757853e-01,2.016766654855727037e+00,-7.734637290609305271e-01,-1.135586645787398929e-01,-1.097768697127323584e-01,-6.912025182661131473e-02,3.000000000003136824e-01,2.627398590086513991e-13,4.426248380157075668e-01,7.535212390300606481e-16,1.344047870539491485e-02,-2.999999999997647326e-01,1.908771666415765436e-13,4.644481135655599835e-01,-2.225660976295814953e-16
-9.071349944077715388e-02,-2.691480581495112392e-02,4.452509969096384856e-01,9.938891749586604707e-01,-9.384475853883365859e-02,5.080081437009739687e-02,-2.822669754180120658e-02,-1.431877500078180487e+00,7.101261198848023148e-02,-3.355027923543192903e-01,2.194033939609333572e+00,-8.726698892871922464e-01,-1.491627455311320127e-01,-1.361738429069325074e+00,9.094351563918119663e-02,-3.012045780221953017e-01,2.033979058010725982e+00,-7.852740286157062766e-01,-1.201903872652881622e-01,-1.157166071088076148e-01,-9.490613948455850490e-02,3.000000000003198442e-01,2.678230715399236640e-13,4.430278811689196128e-01,7.675396020351531771e-16,-1.075714735271122990e-02,-2.999999999997595701e-01,1.947487442928526099e-13,4.659368160539407167e-01,-2.269520448633229915e-16
-9.075834358330646390e-02,-2.854152243582982681e-02,4.398798722831731012e-01,9.937087347388523506e-01,-9.790894621713291945e-02,5.017362017161133836e-02,-2.096178888441701041e-02,-1.446816039223861816e+00,5.152398770316026638e-02,-3.538278464665207679e-01,2.211940706392733436e+00,-8.726698586394466828e-01,-1.579609226535709510e-01,-1.365234273319836156e+00,7.667785227436642315e-02,-3.175848231881456818e-01,2.051191458037862514e+00,-7.970843293507836602e-01,-1.268221101747185886e-01,-1.216563449070338504e-01,-1.206920233897281480e-01,3.000000000003260059e-01,2.729062841323369153e-13,4.434309214591981574e-01,7.815579650182346132e-16,-3.495476990658638594e-02,-2.999999999997544076e-01,1.986203220200402941e-13,4.674255173202544467e-01,-2.313379919769534630e-16
-9.005363333258295522e-02,-3.042612220665207728e-02,4.374371631156724893e-01,9.934979135264542238e-01,-1.021759849036494028e-01,4.887438244191871090e-02,-1.154377184772744161e-02,-1.451832255133628014e+00,2.980553290943007902e-02,-3.714016423883744200e-01,2.220288410307665661e+00,-8.711508920382335930e-01,-1.668718453770432486e-01,-1.356609359762134481e+00,6.164213630817906575e-02,-3.337686318893291482e-01,2.059440125558855250e+00,-8.105851010126636780e-01,-1.332302500586400040e-01,-1.287372450335215746e-01,-1.403226084058993295e-01,3.000000000003322231e-01,2.779176097019131725e-13,4.380015011388249668e-01,7.955096547450859548e-16,-5.375574161024075648e-02,-2.999999999997494671e-01,2.023008074461913084e-13,4.663241354768915548e-01,-2.359636874169744793e-16
-8.934892270228027289e-02,-3.231072210806801293e-02,4.349944554311402922e-01,9.931791595740814271e-01,-1.064319233851143826e-01,4.756983470276113235e-02,-2.124499616024549259e-03,-1.456848466018666022e+00,8.087076986499373843e-03,-3.889754379297861164e-01,2.228636109381826547e+00,-8.696319246678215764e-01,-1.757827681576106527e-01,-1.347984440066402945e+00,4.660641995203212290e-02,-3.499524404910359099e-01,2.067688788540556377e+00,-8.240858735306089145e-01,-1.396383898293375170e-01,-1.358181457379012413e-01,-1.599531903049875581e-01,3.000000000003384959e-01,2.829289352350854048e-13,4.325720778648561859e-01,8.094613444381735565e-16,-7.255671058099641413e-02,-2.999999999997445266e-01,2.059812927755719603e-13,4.652227523218939731e-01,-2.405893829784056262e-16
-8.841494740781755124e-02,-3.445209847253045965e-02,4.361551625627273499e-01,9.927136068752615561e-01,-1.108708179723116860e-01,4.615646591025503176e-02,9.845664098209023010e-03,-1.453231304528554757e+00,-1.598916362038430711e-02,-4.058147804648061241e-01,2.224591147432872784e+00,-8.636931689823907909e-01,-1.839445012991520467e-01,-1.328415405329515409e+00,3.082492827111658895e-02,-3.663049314865878814e-01,2.063826708968591994e+00,-8.361835638764905099e-01,-1.449276877977366540e-01,-1.436214881328584658e-01,-1.836194660484010144e-01,3.000000000003451017e-01,2.880064919796406760e-13,4.236630540232556585e-01,8.232055103449451482e-16,-9.605453259368043617e-02,-2.999999999997389200e-01,2.098512838717282184e-13,4.616701139546317556e-01,-2.448282597070473759e-16
-8.748097199278831448e-02,-3.659347497202743854e-02,4.373158715892911941e-01,9.920840549163182365e-01,-1.152913964729598145e-01,4.473547187783875195e-02,2.181420262071393987e-02,-1.449614138498294791e+00,-4.006540546718832807e-02,-4.226541226135893670e-01,2.220546178966821493e+00,-8.577544109726658039e-01,-1.921062340467068474e-01,-1.308846364837297216e+00,1.504343619801002535e-02,-3.826574225708471721e-01,2.059964623027786157e+00,-8.482812534845141084e-01,-1.502169851777552245e-01,-1.514248309077358967e-01,-2.072857439141197466e-01,3.000000000003517076e-01,2.930840487590258853e-13,4.147540283517902604e-01,8.369496761425833556e-16,-1.195523570763625254e-01,-2.999999999997332578e-01,2.137212750675424737e-13,4.581174742982946357e-01,-2.490671362322674375e-16
-8.634077945116254427e-02,-3.907122236966823620e-02,4.426544851742155173e-01,9.911650566429821563e-01,-1.198608295224358883e-01,4.340024174809879731e-02,3.662828213708753389e-02,-1.436605469022330883e+00,-6.578920820186889840e-02,-4.395455478538795591e-01,2.201969232333416127e+00,-8.465819294293895902e-01,-1.990652254432413171e-01,-1.278313229136446738e+00,-9.664893171415951667e-04,-4.001182528394075510e-01,2.041388074680280162e+00,-8.568633060934294221e-01,-1.537704494211461492e-01,-1.588775422063617160e-01,-2.377362085579470818e-01,3.000000000003583689e-01,2.981526945336360831e-13,4.038435068647753257e-01,8.505440910743346441e-16,-1.495960441149225828e-01,-2.999999999997272071e-01,2.177086413776500552e-13,4.526231568314371678e-01,-2.531479391258259649e-16
-8.520058679707404048e-02,-4.154896995075253036e-02,4.479931010376052014e-01,9.900052407818940026e-01,-1.244011407856500384e-01,4.205446696879673596e-02,5.143346384974799290e-02,-1.423596794424609291e+00,-9.151301183506460601e-02,-4.564369731225738080e-01,2.183392277774839130e+00,-8.354094450318456655e-01,-2.060242161838477526e-01,-1.247780087456208609e+00,-1.697641495687186169e-02,-4.175790837124126464e-01,2.022811518308083034e+00,-8.654453567850541873e-01,-1.573239127178817365e-01,-1.663302533137668293e-01,-2.681866769016040264e-01,3.000000000003650302e-01,3.032213403033865444e-13,3.929329842862229749e-01,8.641385059244176282e-16,-1.796397347233395225e-01,-2.999999999997211564e-01,2.216960077517694456e-13,4.471288383056646887e-01,-2.572287419331773287e-16
-8.379494162544791347e-02,-4.441477241813415744e-02,4.572362264222536443e-01,9.883685027440179960e-01,-1.289443731064288112e-01,4.118723307673022999e-02,6.931567830744590764e-02,-1.402497532831586291e+00,-1.188818888975584076e-01,-4.747875873847333672e-01,2.150506526766531312e+00,-8.186126882996360710e-01,-2.118556871045459977e-01,-1.208595932962814201e+00,-3.340092705291830555e-02,-4.375310706161756880e-01,1.989640566487101303e+00,-8.689077566133951436e-01,-1.588945512994511255e-01,-1.724737014635686627e-01,-3.097248612841648763e-01,3.000000000003719136e-01,3.083837051102689239e-13,3.763867208326688307e-01,8.777333429201721235e-16,-2.188800764454620629e-01,-2.999999999997143285e-01,2.259639367906726364e-13,4.359881226725899617e-01,-2.609716207166093644e-16
-8.238929630388412695e-02,-4.728057510470391744e-02,4.664793540123173821e-01,9.863919184178238098e-01,-1.334432684912926492e-01,4.030583741214222721e-02,8.717406061938373640e-02,-1.381398266668692365e+00,-1.462507668892521762e-01,-4.931382024710982415e-01,2.117620767676072102e+00,-8.018159283906237667e-01,-2.176871573883781830e-01,-1.169411773582999192e+00,-4.982543938313892945e-02,-4.574830589270382775e-01,1.956469606422650553e+00,-8.723701535499628346e-01,-1.604651887610457628e-01,-1.786171488738490243e-01,-3.512630519294889786e-01,3.000000000003787970e-01,3.135460699700873286e-13,3.598404541958341585e-01,8.913281799161649535e-16,-2.581204233622025335e-01,-2.999999999997075006e-01,2.302318659880482643e-13,4.248474038502156325e-01,-2.647144993091691084e-16
-7.999636323519884740e-02,-5.057163323605064903e-02,4.785906053852989062e-01,9.837073857463813908e-01,-1.377540038637875275e-01,3.995612811368263323e-02,1.083841384782788381e-01,-1.352680884549999130e+00,-1.752296950713376766e-01,-5.152518131731949058e-01,2.073696257931627596e+00,-7.820295881176143604e-01,-2.231689711355423211e-01,-1.122788464016135856e+00,-6.653502659774662709e-02,-4.818987521968082777e-01,1.911902414565937569e+00,-8.725200500229182143e-01,-1.602802094033279889e-01,-1.832814792431537443e-01,-3.991009242540821123e-01,3.000000000003854583e-01,3.186994879014185254e-13,3.265816807269492639e-01,9.044666493778578403e-16,-2.978363774552197918e-01,-2.999999999997001732e-01,2.346932918862178541e-13,3.987134410323784350e-01,-2.684904423389248284e-16
-7.760342958962634929e-02,-5.386269161588057991e-02,4.907018584341687473e-01,9.805548256416225517e-01,-1.419991987046071436e-01,3.958740885133952420e-02,1.295426514265231588e-01,-1.323963497979925075e+00,-2.042086241941999114e-01,-5.373654260740668986e-01,2.029771741737073310e+00,-7.622432460977477398e-01,-2.286507846783968345e-01,-1.076165150102464274e+00,-8.324461397892790604e-02,-5.063144480747888698e-01,1.867335216050233448e+00,-8.726699445603293137e-01,-1.600952290197766581e-01,-1.879458087481878925e-01,-4.469388002596749176e-01,3.000000000003921752e-01,3.238529058275219348e-13,2.933228974926929133e-01,9.176051185728881310e-16,-3.375523318261415273e-01,-2.999999999996928457e-01,2.391547178974504724e-13,3.725794694537611917e-01,-2.722663853880006394e-16
-7.352668294013831041e-02,-5.735983507416680255e-02,5.041259036574076147e-01,9.763758428182823801e-01,-1.456478282822910308e-01,3.980012473109648813e-02,1.545731986760003618e-01,-1.289340335060995768e+00,-2.361033798417377372e-01,-5.647343321405874361e-01,1.979730602860725330e+00,-7.420233865879429791e-01,-2.341669647526158915e-01,-1.023755992538622372e+00,-1.010814577258071917e-01,-5.366733058967436687e-01,1.816838207973904051e+00,-8.726699593978241021e-01,-1.578789896926842129e-01,-1.953445412990218732e-01,-4.970631438484340858e-01,3.000000000003963385e-01,3.280538908086890511e-13,2.281605242260462685e-01,9.301071645544448119e-16,-3.710998848857769983e-01,-2.999999999996879052e-01,2.425318875324233763e-13,3.170321624204986977e-01,-2.733537402992787519e-16
-6.944993527397683164e-02,-6.085697865688562136e-02,5.175499496733003690e-01,9.715550389932079423e-01,-1.492007159399601490e-01,3.998667836117728025e-02,1.795021396071622699e-01,-1.254717168576203967e+00,-2.679981372498293490e-01,-5.921032413802137517e-01,1.929689460291207359e+00,-7.218035268163837115e-01,-2.396831448475852111e-01,-9.713468314813321625e-01,-1.189183021533152529e-01,-5.670321673071343493e-01,1.766341196317200879e+00,-8.726699741448225023e-01,-1.556627491391331108e-01,-2.027432755008675425e-01,-5.471874888177449270e-01,3.000000000004005019e-01,3.322548752147843930e-13,1.629981316962555715e-01,9.426092101517339353e-16,-4.046474342209788744e-01,-2.999999999996829647e-01,2.459090565127305862e-13,2.614848376276888153e-01,-2.744410935872078816e-16
-6.336639706582601617e-02,-6.439726905840666149e-02,5.317558793016559093e-01,9.652844285985943129e-01,-1.517486860873696330e-01,4.100498116803873161e-02,2.086070461304006529e-01,-1.214569440612436324e+00,-3.029454136313968760e-01,-6.264918609362042368e-01,1.874313894511769440e+00,-7.012452704739338127e-01,-2.454351561433792961e-01,-9.138641745404643135e-01,-1.377188786096731066e-01,-6.050505789282005775e-01,1.711158122253450431e+00,-8.726699744797570268e-01,-1.510164146640351479e-01,-2.151566918960063357e-01,-6.061233819492821695e-01,3.000000000004062195e-01,3.373264447363841578e-13,5.700139946573504202e-02,9.513529780402981541e-16,-4.401735243806260689e-01,-2.999999999996757483e-01,2.502649523481906858e-13,1.639468093545732308e-01,-2.751933359296348415e-16
-5.728285760690374206e-02,-6.793755948681980128e-02,5.459618094173357417e-01,9.581509062036569491e-01,-1.541610006420202628e-01,4.198662829878579972e-02,2.375254720367094008e-01,-1.174421709205377695e+00,-3.378926919155065267e-01,-6.608804848673663912e-01,1.818938325407547962e+00,-6.806870139205715153e-01,-2.511871675861597764e-01,-8.563815144374409272e-01,-1.565194556666957837e-01,-6.430689953232313627e-01,1.655975045269020063e+00,-8.726699748146825586e-01,-1.463700786743336313e-01,-2.275701114166438499e-01,-6.650592805727891799e-01,3.000000000004119927e-01,3.423980148005930988e-13,-4.899535821558612114e-02,9.600967435864424667e-16,-4.756996157734375008e-01,-2.999999999996685318e-01,2.546208487936614490e-13,6.640875490993070063e-02,-2.759455780631973182e-16
-4.943884013264764760e-02,-7.207784013103100962e-02,5.647997477414204992e-01,9.492021199940419152e-01,-1.547052409520316418e-01,4.477956032870873682e-02,2.703264966620139709e-01,-1.122265349549466773e+00,-3.686587511811658113e-01,-7.052025040645484300e-01,1.739052700978106270e+00,-6.502525486481884887e-01,-2.564935538485275113e-01,-7.909878476516312151e-01,-1.709139773652590677e-01,-6.906734887477310458e-01,1.577259097952371292e+00,-8.596012465248792367e-01,-1.396228199047996887e-01,-2.365780381293565715e-01,-7.563479148105727301e-01,3.000000000004168776e-01,3.470517328082984749e-13,-1.799104376994186960e-01,9.722890921672772390e-16,-5.540720292887882925e-01,-2.999999999996605937e-01,2.594232825140756069e-13,-7.015359481870772629e-02,-2.747033043560833654e-16
-4.159482152685004680e-02,-7.621812116088397260e-02,5.836376890427132924e-01,9.391483814463944535e-01,-1.550693901364091076e-01,4.752036634322193143e-02,3.028128409627733886e-01,-1.070108982175049350e+00,-3.994248077593601787e-01,-7.495245296463880491e-01,1.659167060794906057e+00,-6.198180770279045904e-01,-2.617999398244711395e-01,-7.255941757810477899e-01,-1.853084962318445883e-01,-7.382779883336504367e-01,1.498543135510046920e+00,-8.465325098351932365e-01,-1.328755597849044789e-01,-2.455859626531999018e-01,-8.476365698429715323e-01,3.000000000004217626e-01,3.517054505474308169e-13,-3.108255331994214665e-01,9.844814429646776403e-16,-6.324444703434729531e-01,-2.999999999996526556e-01,2.642257165215000812e-13,-2.067159696300847893e-01,-2.734610293670008738e-16
-3.074414061632655196e-02,-8.244604918076585409e-02,6.144851091620563421e-01,9.263128075152525787e-01,-1.556822941135658500e-01,5.308255180431713238e-02,3.389540509076266472e-01,-1.111160007956864648e+00,-3.813127789607446694e-01,-6.689178250702316753e-01,1.686412693046504652e+00,-4.723107286080099332e-01,-2.308606859644603548e-01,-7.764585631269578236e-01,-1.563780888913957057e-01,-6.603061561129505153e-01,1.566805825933099028e+00,-6.799676656828911314e-01,-1.114357618276583251e-01,-2.630140598253200013e-01,-8.840696542622680232e-01,3.000000000004274248e-01,3.566084697231941028e-13,-3.860893293613771315e-01,1.001074484313832510e-15,-6.873479467662731990e-01,-2.999999999996460498e-01,2.682452296018300751e-13,-3.072470720671005573e-01,-2.845994040875579583e-16
-1.989345771471932867e-02,-8.867397858313755266e-02,6.453325372343636790e-01,9.120856765478585482e-01,-1.560613242278865997e-01,5.856499576346235747e-02,3.745860688649527148e-01,-1.152211095462846169e+00,-3.632007177938912923e-01,-5.883110377632805310e-01,1.713658396242995430e+00,-3.248033026596546802e-01,-1.999214081017194611e-01,-8.273230274617366931e-01,-1.274476528601438674e-01,-5.823342407325984293e-01,1.635068613688932304e+00,-5.134027198817934234e-01,-8.999595414066199894e-02,-2.804421625734799250e-01,-9.205027023548928433e-01,3.000000000004331424e-01,3.615114890640507039e-13,-4.613530886697105315e-01,1.017667528577229679e-15,-7.422514076473633038e-01,-2.999999999996393885e-01,2.722647421636910461e-13,-4.077781506433455494e-01,-2.957377870068775788e-16
-5.896755788388751904e-03,-9.566222955653878868e-02,6.822703482769414407e-01,8.965892240550022985e-01,-1.566535581834151702e-01,6.429069166376200073e-02,4.092115992763639132e-01,-1.278561672021930828e+00,-2.872089734425834484e-01,-3.891495518797352116e-01,1.862342230405638732e+00,-7.390087930129984883e-02,-1.307767606504210145e-01,-9.776815317553562146e-01,-5.415379688126040203e-02,-3.911862911428797274e-01,1.856076883990894322e+00,-2.057374440026373819e-01,-5.404728117855088498e-02,-3.006043903774834325e-01,-8.753761807971268682e-01,3.000000000004443002e-01,3.710150960325369078e-13,-4.701051740716423732e-01,1.051522751522629021e-15,-7.372436458377157331e-01,-2.999999999996265099e-01,2.799425689102029179e-13,-4.462149682765967906e-01,-3.181858451783696923e-16
8.750405574100490400e-03,-1.022030621342229495e-01,7.154420382588809746e-01,8.811997409393919067e-01,-1.560679724940854662e-01,6.903517295074519666e-02,4.408672696238570832e-01,-1.372613499580690233e+00,-2.004753728523882006e-01,-2.357539479877652777e-01,2.005202192541577055e+00,1.384596792060246440e-01,-6.750246542629137481e-02,-1.091800907678617261e+00,1.064666071320552465e-02,-2.580474023943900019e-01,2.051780111511064320e+00,6.121673282590689436e-02,-2.207255221178534149e-02,-3.039161056901114044e-01,-8.364357755756786084e-01,3.000000000004569567e-01,3.814233994711332585e-13,-4.674400397951226083e-01,1.086254291560648757e-15,-7.400148998348017315e-01,-2.999999999996120215e-01,2.886548151674382991e-13,-4.663948277476928639e-01,-3.408592490681573831e-16
2.384321849262627593e-02,-1.083409641230537596e-01,7.456568801543200786e-01,8.646300952217026436e-01,-1.553387738323111222e-01,7.370517519234424941e-02,4.720722518122089095e-01,-1.432263790081840682e+00,-1.307391793875564701e-01,-1.440350488225978776e-01,2.131309633703704964e+00,2.847415002588656874e-01,-2.264725750577441937e-02,-1.175652300104067294e+00,4.615323342726707079e-02,-1.899476388997316523e-01,2.204720767435649709e+00,2.480412274452706844e-01,-1.860031368554199149e-04,-2.928707170599838538e-01,-8.046343545412714127e-01,3.000000000004711675e-01,3.928555712491524653e-13,-4.585958191168936771e-01,1.122282689539628344e-15,-7.489375007240567372e-01,-2.999999999995962008e-01,2.982531267574036279e-13,-4.717750390274867978e-01,-3.645416261165558024e-16
3.930353283417727106e-02,-1.140006751551544129e-01,7.730961604494452910e-01,8.468765706535771320e-01,-1.545481744189652618e-01,7.821430078359961624e-02,5.027896767185403570e-01,-1.470003015149901948e+00,-8.355550589380952853e-02,-9.976264750780729218e-02,2.235277461833152568e+00,3.687168758473058916e-01,2.647559844375250993e-03,-1.242000041272106392e+00,5.964737454136090355e-02,-1.575360484548591622e-01,2.314296397846251629e+00,3.562947942128751877e-01,1.117266869324590184e-02,-2.691336408595874641e-01,-7.779654940687789066e-01,3.000000000004858780e-01,4.046394584871431060e-13,-4.464539835205452167e-01,1.159207981891473807e-15,-7.607194938202096468e-01,-2.999999999995798805e-01,3.080968586076769154e-13,-4.668206616157516420e-01,-3.891629213913203030e-16
5.512942893019186219e-02,-1.190270922857179781e-01,7.975890085535556340e-01,8.279761586073115520e-01,-1.536217224285324756e-01,8.250951035362184827e-02,5.329615632268206449e-01,-1.496287014039232144e+00,-5.170379381498128868e-02,-8.218873792314781990e-02,2.317054549680648279e+00,4.071501676431849015e-01,1.293124835901816871e-02,-1.297246343180598283e+00,6.362200521098895778e-02,-1.381011041893098201e-01,2.389068984527356498e+00,4.060951960001271122e-01,1.472695619974504280e-02,-2.371849736605359249e-01,-7.568725868638842558e-01,3.000000000005001444e-01,4.161905377798223916e-13,-4.337812331769442808e-01,1.196299402694104395e-15,-7.706623881025964629e-01,-2.999999999995637823e-01,3.177780661122978131e-13,-4.555903431769556255e-01,-4.143435965982190175e-16
7.130680244298193138e-02,-1.232946510693632841e-01,8.188763946726740350e-01,8.079698245696776970e-01,-1.524941887622607017e-01,8.655727113101423231e-02,5.625283315468975198e-01,-1.516337544715533392e+00,-2.814453278527161498e-02,-7.639149039759786375e-02,2.379916093499860441e+00,4.183673535708588576e-01,1.413463986281504429e-02,-1.343871056793642715e+00,6.489113386883878232e-02,-1.226490766171409591e-01,2.438463704895188933e+00,4.205029756009744935e-01,1.381336570833086204e-02,-2.003440804297929867e-01,-7.414942745626208476e-01,3.000000000005134115e-01,4.270988800091689794e-13,-4.226870549626781104e-01,1.232977126562943778e-15,-7.761027623373379924e-01,-2.999999999995482947e-01,3.270064717862087145e-13,-4.418597899359849035e-01,-4.399319544532495534e-16
8.778984872573794562e-02,-1.267297297959948943e-01,8.367339237018464049e-01,7.868952041380640194e-01,-1.511349643975227475e-01,9.032906170649074307e-02,5.914345448587690068e-01,-1.532391937080177069e+00,-9.084835969526930399e-03,-7.424645322639822353e-02,2.427791808720305866e+00,4.166659652745623443e-01,1.117508182252598126e-02,-1.383128648473838540e+00,6.639221025952019017e-02,-1.086184750312645525e-01,2.469657237523200433e+00,4.177967972695336152e-01,1.104657483772803622e-02,-1.606327441423743285e-01,-7.312573973719214138e-01,3.000000000005252354e-01,4.370772971493844992e-13,-4.144633729523654053e-01,1.268968036324049730e-15,-7.767610625661146573e-01,-2.999999999995338062e-01,3.355194798121151033e-13,-4.285387285245023103e-01,-4.660157617641055837e-16
1.045098816596239932e-01,-1.292979905277727160e-01,8.509936327163543091e-01,7.647884583150201809e-01,-1.495320451482439472e-01,9.380430280973450774e-02,6.196285454014348604e-01,-1.545373744287823925e+00,7.115779176051675869e-03,-7.183909466702202706e-02,2.464140616202784795e+00,4.109929816272841485e-01,7.201764082580618814e-03,-1.415827677900137083e+00,6.952061741019911756e-02,-9.538862882759939488e-02,2.487592545867487903e+00,4.095712395777771908e-01,8.015228771846332617e-03,-1.192936963392697974e-01,-7.253484107107436296e-01,3.000000000005352829e-01,4.459248611509895517e-13,-4.097514987792593155e-01,1.304237103366900940e-15,-7.738539012269833872e-01,-2.999999999995207056e-01,3.430848971104337956e-13,-4.172874398518507943e-01,-4.927534762460373892e-16
1.213887356285652946e-01,-1.309912534451986299e-01,8.615366847492785807e-01,7.416866048385283294e-01,-1.476815590472082274e-01,9.697083291829755591e-02,6.470608896260184872e-01,-1.555620440462249565e+00,2.103587191873123458e-02,-6.746193842148363873e-02,2.491609600595837026e+00,4.058285690541296731e-01,3.766034333973466638e-03,-1.442578326199607464e+00,7.510275428001562947e-02,-8.281344707780009806e-02,2.495683459971379303e+00,4.017629550915167713e-01,5.451920147716284373e-03,-7.705013115535300217e-02,-7.230638327964442613e-01,3.000000000005434431e-01,4.535032281664651866e-13,-4.087473973999632415e-01,1.338878761159761216e-15,-7.691260427448431969e-01,-2.999999999995092148e-01,3.495180069631027623e-13,-4.086715856425006677e-01,-5.202492185254375947e-16
1.383533505974552380e-01,-1.318190900492190176e-01,8.682788680925366265e-01,7.176268303824138162e-01,-1.455760572506575312e-01,9.983010469509882856e-02,6.736863469502771817e-01,-1.563088813148460599e+00,3.269833740009345929e-02,-6.068732041456093018e-02,2.511530081234531142e+00,4.027574798122082189e-01,1.327700745607889466e-03,-1.464014192819225180e+00,8.353221715287760529e-02,-7.124687614065819408e-02,2.497015475987236055e+00,3.966089184076625473e-01,3.524672180318186125e-03,-3.401075140986299650e-02,-7.242819540375203813e-01,3.000000000005494938e-01,4.596553071574040042e-13,-4.112613389408467102e-01,1.372976964606107384e-15,-7.639322486904219778e-01,-2.999999999994997224e-01,3.546247287526378912e-13,-4.026622370585090649e-01,-5.485893633356470844e-16
1.553041940065716664e-01,-1.318039576023387893e-01,8.711465748162672273e-01,6.926165595973898803e-01,-1.432013913272280892e-01,1.024065005095563530e-01,6.994916522352554455e-01,-1.566498370958556929e+00,4.107037058881125857e-02,-5.289926239380371431e-02,2.528094818091823903e+00,4.020217406442324060e-01,-2.515712505695975355e-04,-1.481851545660577862e+00,9.318795362870554988e-02,-6.217667041830758634e-02,2.491169305877509732e+00,3.943998249450360039e-01,2.153055450645343163e-03,1.023989118280830418e-02,-7.302878334583429165e-01,3.000000000005534351e-01,4.643474881593319127e-13,-4.164018333733925936e-01,1.406408730251293162e-15,-7.588220529142086779e-01,-2.999999999994922839e-01,3.583460446376693268e-13,-3.993966023876771576e-01,-5.779296967259003200e-16
1.721322347942365882e-01,-1.308692369254688959e-01,8.701503566473854923e-01,6.625181052940110060e-01,-1.401893803607956734e-01,1.053097533559335663e-01,7.282352323527079285e-01,-1.567930260338293857e+00,3.646758221814284245e-02,-3.726175911968859777e-02,2.531404386979998034e+00,4.033982886831762871e-01,-1.186180782217917395e-03,-1.493884885339222590e+00,9.240570413766817370e-02,-5.408422207816468430e-02,2.487414049960718021e+00,3.949706273537234025e-01,1.127316428468825476e-03,3.952130583568656819e-02,-7.413399342557629446e-01,3.000000000005561551e-01,4.681240191530229791e-13,-4.208546795805344631e-01,1.438149028755667262e-15,-7.528342053101455544e-01,-2.999999999994868993e-01,3.608049677519963199e-13,-4.004657209571226839e-01,-6.067046319526976045e-16
1.887024448014937017e-01,-1.290678370616280268e-01,8.653098925882931614e-01,6.269178888846628217e-01,-1.363752889008050251e-01,1.085728783826343524e-01,7.593337021714031687e-01,-1.568022551557362032e+00,1.845701205978547699e-02,-1.551589698828123240e-02,2.523326301069568345e+00,4.071756867769354415e-01,-1.927353043008862236e-03,-1.499957675931459233e+00,8.195605353186539987e-02,-4.178493085631318493e-02,2.482980251832773710e+00,3.980889122822444670e-01,9.520489203567036526e-05,5.267759394932245570e-02,-7.529589368668225813e-01,3.000000000005575429e-01,4.709753939891616694e-13,-4.225073059041735135e-01,1.470494563514120457e-15,-7.500337985815117570e-01,-2.999999999994833466e-01,3.621188897937010960e-13,-4.047513171582224345e-01,-6.365487521743927185e-16
2.049908956183288111e-01,-1.265389202301114846e-01,8.566063205632925559e-01,5.899033821297900992e-01,-1.321266764105775426e-01,1.115981769182367300e-01,7.887346753129693688e-01,-1.565255846421035990e+00,-2.027302507094704692e-03,5.954404374546161394e-03,2.514146510642934818e+00,4.138850500480237282e-01,-3.103118522734729830e-03,-1.502451611844460633e+00,7.258764719699307977e-02,-2.625277299558249899e-02,2.468878822535480744e+00,4.039140727054281732e-01,-1.328064217471100050e-03,6.577784124195687476e-02,-7.633351772677029468e-01,3.000000000005574319e-01,4.727478198100028068e-13,-4.234783805548871793e-01,1.502316835547017946e-15,-7.533760867381039672e-01,-2.999999999994815703e-01,3.622327020495318246e-13,-4.091505579389302927e-01,-6.671183357357031042e-16
2.210136360458748450e-01,-1.232725440909613196e-01,8.440695207339113937e-01,5.515712483245547304e-01,-1.275766651459893097e-01,1.142842013906230497e-01,8.163531551016558474e-01,-1.559656203324489399e+00,-2.194153291653618346e-02,3.051311719179716775e-02,2.498355040109728975e+00,4.236389217396381857e-01,-5.017697351544853773e-03,-1.501026324642296794e+00,6.510816163836168069e-02,-9.644533278535104975e-03,2.449335161223074042e+00,4.129067613620125976e-01,-3.392991415360109737e-03,7.899326156323019377e-02,-7.747466043286067583e-01,3.000000000005559886e-01,4.736021654323267541e-13,-4.254804464208783443e-01,1.533070465154119357e-15,-7.607133882338810160e-01,-2.999999999994813482e-01,3.613589938101592766e-13,-4.131641228439342228e-01,-6.980955090480420668e-16
2.367172037071710866e-01,-1.192854894700520058e-01,8.277483889203719469e-01,5.120080935794034671e-01,-1.227518286297756694e-01,1.166374585636392736e-01,8.421255274227510412e-01,-1.549577616371666577e+00,-4.045704862858934270e-02,5.816408037872030506e-02,2.475157504737055980e+00,4.357966935216373017e-01,-7.633777798521602584e-03,-1.496415757242470557e+00,6.049724087575709952e-02,9.533473358878821399e-03,2.423030577074900105e+00,4.245547286738231563e-01,-6.050265687420439999e-03,9.141300841459371052e-02,-7.877175339182247438e-01,3.000000000005535461e-01,4.737048345939207958e-13,-4.283862011410533577e-01,1.562522563369511607e-15,-7.727753843644766807e-01,-2.999999999994824029e-01,3.596655379657448113e-13,-4.170020630583340382e-01,-7.292959001277462482e-16
2.520591857937588554e-01,-1.146006915229368650e-01,8.077006383089538888e-01,4.713042680835239917e-01,-1.176630601526734848e-01,1.186710635114540807e-01,8.659935737907196174e-01,-1.533819203915554930e+00,-5.675259116940482851e-02,8.928155515583668933e-02,2.442884758826776359e+00,4.473546649476016213e-01,-1.039431208750186963e-02,-1.488528386043415974e+00,5.919308730376576788e-02,3.177332325797131707e-02,2.388990068995935800e+00,4.362087081523480792e-01,-8.770833639752569078e-03,1.024203747809267206e-01,-8.025579160715220484e-01,3.000000000005503265e-01,4.732458271691495276e-13,-4.316813971890525736e-01,1.590505156039786484e-15,-7.911366037955586128e-01,-2.999999999994845123e-01,3.573482623929494736e-13,-4.206448786982097676e-01,-7.604980320911435409e-16
2.670049585553654903e-01,-1.092480518860211719e-01,7.840014502929486540e-01,4.295547018341639989e-01,-1.123206765487619468e-01,1.203993781123451207e-01,8.879024797250830714e-01,-1.511010262634506107e+00,-6.988935779207965104e-02,1.243220425727544209e-01,2.399425687175707367e+00,4.510734152051578683e-01,-1.193199666561991536e-02,-1.476889386416003092e+00,6.180871806201083951e-02,5.803944374932415440e-02,2.345966669030445040e+00,4.412549297759854050e-01,-1.029080407242126058e-02,1.113718236203302403e-01,-8.200441422114580492e-01,3.000000000005466627e-01,4.724289789935531264e-13,-4.346026072396824702e-01,1.616906965267728774e-15,-8.177879647426254950e-01,-2.999999999994873434e-01,3.546316340716120818e-13,-4.235980998823083987e-01,-7.913809633680151860e-16
2.815322014523216065e-01,-1.032626295153749318e-01,7.567449378186447140e-01,3.868592993410357450e-01,-1.067345479313435014e-01,1.218374594319580340e-01,9.078013286344213117e-01,-1.479429900937879738e+00,-7.865308103523059591e-02,1.638406527525257117e-01,2.342175789011134768e+00,4.335398586275917010e-01,-9.788328218350839799e-03,-1.460567916146375156e+00,6.910369620733909646e-02,8.978527105955710907e-02,2.292489674751484685e+00,4.272037948448129674e-01,-8.357894112345746682e-03,1.175150271896082538e-01,-8.415676937469194208e-01,3.000000000005428324e-01,4.714625779578380936e-13,-4.358467485370587924e-01,1.641684913556919773e-15,-8.553576455310933913e-01,-2.999999999994905076e-01,3.517597575969902882e-13,-4.247254434048891025e-01,-8.214784836999426990e-16
2.956312973202662175e-01,-9.667931095092305305e-02,7.260495996787493800e-01,3.433235125494337181e-01,-1.009147957114017308e-01,1.230012567526182765e-01,9.256434845957278723e-01,-1.436794653662419874e+00,-8.141593369898353361e-02,2.086203275676098423e-01,2.267771012260431540e+00,3.742190104124925032e-01,-3.519798487507230095e-04,-1.437995670326045250e+00,8.197919813282614210e-02,1.290786158380288207e-01,2.226798955440649319e+00,3.746451009847756586e-01,3.088737674561223973e-04,1.199367401873581429e-01,-8.691882212012779219e-01,3.000000000005391132e-01,4.705475058519070352e-13,-4.332899699263186855e-01,1.664884024810909856e-15,-9.072182184739630006e-01,-2.999999999994937272e-01,3.489829110786755649e-13,-4.220776732144129184e-01,-8.501511427420290445e-16
3.092955137209534300e-01,-8.952027474968174414e-02,6.920645610599156505e-01,2.990577718054220902e-01,-9.487381838268339751e-02,1.239065566665246143e-01,9.413875784836505112e-01,-1.379884042485570728e+00,-7.598592173902811442e-02,2.600695322978365809e-01,2.171471293783881151e+00,2.474048814325708612e-01,2.062309896073261789e-02,-1.406765283864654048e+00,1.014897987023057613e-01,1.787966395044234269e-01,2.146810503889262201e+00,2.589202065485524673e-01,1.950411761508054689e-02,1.175032984596017654e-01,-9.053212308629002836e-01,3.000000000005357270e-01,4.698669861334161156e-13,-4.238646446543536395e-01,1.686702534173806954e-15,-9.772928260303126446e-01,-2.999999999994965583e-01,3.465418548324919941e-13,-4.129749102375704917e-01,-8.766051327182135678e-16
3.224853532488156649e-01,-8.176761561071728412e-02,6.549379245839469510e-01,2.541720517069965268e-01,-8.862588298390092212e-02,1.245554852886101294e-01,9.550015455908428263e-01,-1.304108097722192827e+00,-5.957399958461512268e-02,3.207824878723147255e-01,2.046805290386320753e+00,3.018845800497688137e-02,5.642808205973304236e-02,-1.364132794661304660e+00,1.285696842421455710e-01,2.425284104286679066e-01,2.051148126840635300e+00,5.757652845890284810e-02,5.199297859813158118e-02,1.088494139616742740e-01,-9.511894221553556239e-01,3.000000000005327849e-01,4.695755149944242658e-13,-4.037147606161422542e-01,1.707657836325925515e-15,-1.068733162677625081e+00,-2.999999999994986677e-01,3.446500287546703565e-13,-3.948215832302745532e-01,-9.000246146904860226e-16
3.350554409420289925e-01,-7.332166174748888654e-02,6.145800143390954817e-01,2.087691472035652085e-01,-8.215351310691866582e-02,1.248684634335728710e-01,9.664750955404003419e-01,-1.204707558726843430e+00,-2.894127004356874741e-02,3.933345643152434401e-01,1.890385336675242112e+00,-2.784987147755820236e-01,1.061967039156831438e-01,-1.311529954841360812e+00,1.614705399634985827e-01,3.225099164221751913e-01,1.945508126299819729e+00,-2.317212001744947403e-01,9.644027983975241025e-02,9.285704568305380713e-02,-1.001585637167084597e+00,3.000000000005303424e-01,4.697563602437947326e-13,-3.677994184890477358e-01,1.728760729013025335e-15,-1.178301914295761144e+00,-2.999999999994998334e-01,3.434323643788412336e-13,-3.667466248938728302e-01,-9.200751205694684765e-16
3.468941259724658277e-01,-6.389880189539844102e-02,5.698826404906903731e-01,1.630418976618446258e-01,-7.522138723928811777e-02,1.243141293447675572e-01,9.758611990205748876e-01,-1.092872357658902782e+00,2.690743632456282786e-02,4.671280929307484731e-01,1.734474727870593869e+00,-6.196078821590007557e-01,1.596934163060839684e-01,-1.266832371992643536e+00,1.793304956961860319e-01,4.114637501805128439e-01,1.864485097763489696e+00,-5.566363505248511645e-01,1.425002288343357182e-01,7.403903662074415304e-02,-1.026999845146611801e+00,3.000000000005278999e-01,4.700968906814887099e-13,-3.013415898692637929e-01,1.750308555161465530e-15,-1.274596334082637172e+00,-2.999999999995002775e-01,3.423976515092774530e-13,-3.261882758893845380e-01,-9.388832840954325111e-16
3.605385337612478924e-01,-5.493106093957898783e-02,5.154294503942530303e-01,1.196733781895610305e-01,-7.056384562648733427e-02,1.247982646925583222e-01,9.824074609716813011e-01,-1.115075158380996356e+00,6.007427438893085669e-02,4.916294604968831639e-01,1.772912325191796645e+00,-8.113403229741182887e-01,1.904813479422481637e-01,-1.316583643564986028e+00,1.705467477427148881e-01,4.443352935725598529e-01,1.947181599151054598e+00,-7.571947703160946119e-01,1.653655424343473124e-01,9.099031744751731599e-02,-9.028764849844990170e-01,3.000000000005262901e-01,4.708864269285669352e-13,-1.201071216527852259e-01,1.755747693534600942e-15,-1.208874500566630372e+00,-2.999999999995028865e-01,3.393751812943981106e-13,-2.124516943220156884e-01,-9.600672137324606121e-16
3.701989844944927333e-01,-4.818509843481025984e-02,4.629550871163615744e-01,8.694411366580835632e-02,-6.936531579781907153e-02,1.254269451851963146e-01,9.858484951982459110e-01,-1.258793041967541715e+00,6.310619625785826581e-02,4.828036687720832498e-01,1.951772391662782269e+00,-8.375218809530551312e-01,2.037962537543236141e-01,-1.448435502954428689e+00,1.610737562999872974e-01,4.276236287025928506e-01,2.126205139921717002e+00,-7.996006386954491729e-01,1.694923106841739746e-01,1.173257137409793038e-01,-7.599071107296152539e-01,3.000000000005235701e-01,4.703196256048695069e-13,8.189869813759025063e-02,1.754121134669862290e-15,-1.049677033792464798e+00,-2.999999999995037192e-01,3.387674766770630879e-13,-5.461450251755825547e-02,-9.622747861486097600e-16
3.798594344972761050e-01,-4.143913633740617386e-02,4.104807242012897817e-01,5.412052745377918250e-02,-6.809153378388012323e-02,1.259195529244472034e-01,9.882200047187826852e-01,-1.402510947833959243e+00,6.613811260152815952e-02,4.739778709367267751e-01,2.130632483880320560e+00,-8.637034085781253312e-01,2.171111563627081409e-01,-1.580287377397069370e+00,1.516007647308874051e-01,4.109119547415113205e-01,2.305228698354004457e+00,-8.420064780774253466e-01,1.736190754982758211e-01,1.436611117550242178e-01,-6.169377330193068776e-01,3.000000000005208500e-01,4.697528240324865686e-13,2.839045217364036255e-01,1.752494574509623521e-15,-8.904795498794813025e-01,-2.999999999995045519e-01,3.381597725024770939e-13,1.032226973727747854e-01,-9.644823550854302987e-16
3.816350594414849584e-01,-3.717453455527101880e-02,3.766624334433720800e-01,3.597445556248492909e-02,-6.692433549764267853e-02,1.243754472627980751e-01,9.893218485322967659e-01,-1.494528378543938940e+00,7.552514553239532413e-02,4.760586763669991672e-01,2.235800380608124804e+00,-8.681866907021363877e-01,2.280569632440519745e-01,-1.666186490363409378e+00,1.519721195263666058e-01,4.064293706757732272e-01,2.411834551803305082e+00,-8.573380390094903492e-01,1.777798386749493975e-01,1.459270493119664558e-01,-5.714642489171055662e-01,3.000000000005185741e-01,4.692208216225241851e-13,3.689714654414541495e-01,1.750646318704854901e-15,-7.960184367681342188e-01,-2.999999999995050515e-01,3.379581014230504658e-13,1.944772208067020169e-01,-9.647266320546284742e-16
3.834106827951005436e-01,-3.290993327369674815e-02,3.428441464489143664e-01,1.781636252107294399e-02,-6.573476841985591290e-02,1.227897698975763674e-01,9.900930208095630736e-01,-1.586545798824463560e+00,8.491217974527009993e-02,4.781394839974433264e-01,2.340968262470119132e+00,-8.726699684489946929e-01,2.390027696474818497e-01,-1.752085594059771712e+00,1.523434763077302356e-01,4.019467890769901075e-01,2.518440390643896798e+00,-8.726695944799039983e-01,1.819406018584814322e-01,1.481929820134144649e-01,-5.259907844825966183e-01,3.000000000005162426e-01,4.686888192195817296e-13,4.540383855566093585e-01,1.748798062855363982e-15,-7.015573367159528839e-01,-2.999999999995055511e-01,3.377564304255322374e-13,2.857317308090112085e-01,-9.649709086277746936e-16
3.824510916010166461e-01,-2.944290301270637705e-02,3.189335862519132037e-01,1.010177555649178702e-02,-6.508531013640445062e-02,1.199701474712362159e-01,9.905902383179354675e-01,-1.653042198325712420e+00,1.036548690654515853e-01,4.762735577024755917e-01,2.415172245812603258e+00,-8.726699255405877542e-01,2.466793486845309247e-01,-1.822827361686672809e+00,1.640579610936386268e-01,3.897914561170277015e-01,2.588985531961709885e+00,-8.683211569865778579e-01,1.810980052293316434e-01,1.557613368712957580e-01,-4.863037345412913881e-01,3.000000000005145218e-01,4.681829617931703538e-13,4.788029524590003416e-01,1.748281189920763324e-15,-6.420170326754950363e-01,-2.999999999995059952e-01,3.375966122544496466e-13,3.181300482366622995e-01,-9.652830970973164975e-16
3.814914998048952177e-01,-2.597587292726627126e-02,2.950230282356634537e-01,2.386502616097548393e-03,-6.443141744508985858e-02,1.171423507195446106e-01,9.910199628257643223e-01,-1.719538592209628236e+00,1.223975604448700738e-01,4.744076305388075787e-01,2.489376222339743538e+00,-8.726698816453744012e-01,2.543559270020029905e-01,-1.893569125977351497e+00,1.757724483762389545e-01,3.776361214682456557e-01,2.659530665342342282e+00,-8.639727151615645973e-01,1.802554074989116961e-01,1.633296928962726380e-01,-4.466166858736113632e-01,3.000000000005128009e-01,4.676771043725135983e-13,5.035675060884740040e-01,1.747764317279208321e-15,-5.824767363213182447e-01,-2.999999999995064393e-01,3.374367940925790833e-13,3.505283527097048379e-01,-9.655952855818060323e-16
3.798993305598277193e-01,-2.321569727309170939e-02,2.793770366514309322e-01,8.186514799275381327e-04,-6.446378837862182243e-02,1.137683468612566140e-01,9.914133916031634408e-01,-1.767166719833512367e+00,1.416445134931274275e-01,4.658233182978697151e-01,2.539242839696458365e+00,-8.705351885676375634e-01,2.580735628513270985e-01,-1.954045091508614052e+00,1.877774946261009659e-01,3.550884642646396361e-01,2.701526258167353589e+00,-8.451446713452326343e-01,1.725971307636005037e-01,1.714473920329738221e-01,-4.018405267354157040e-01,3.000000000005114131e-01,4.671706804963892946e-13,5.037006971347925965e-01,1.746522704324081035e-15,-5.289766566669852343e-01,-2.999999999995065503e-01,3.373669406276875356e-13,3.587047291380422442e-01,-9.657151594771220139e-16
3.783071611639007292e-01,-2.045552178749050418e-02,2.637310470381638572e-01,-7.492096495313859544e-04,-6.449525711945733319e-02,1.103927503571022761e-01,9.917929426864211528e-01,-1.814794842957620391e+00,1.608914666616430289e-01,4.572390044547056664e-01,2.589109451249106186e+00,-8.684004949808213913e-01,2.617911977565074433e-01,-2.014521054591649207e+00,1.997825409452566037e-01,3.325408045826326875e-01,2.743521844183760994e+00,-8.263166240757495729e-01,1.649388524028600755e-01,1.795650913006844596e-01,-3.570643663835494364e-01,3.000000000005100254e-01,4.666642566201299885e-13,5.038338823069292705e-01,1.745281091196115113e-15,-4.754765784531462813e-01,-2.999999999995067168e-01,3.372970871842511364e-13,3.668810997898414028e-01,-9.658350333265742141e-16
3.767247577404769787e-01,-1.862765023766763811e-02,2.564476472646967653e-01,1.728391987797667792e-04,-6.451847209401628813e-02,1.071335738049178088e-01,9.921490484040446090e-01,-1.838079071617683802e+00,1.702289510309825948e-01,4.454542552526490340e-01,2.615298608346536824e+00,-8.704116536102877166e-01,2.605889804078769800e-01,-2.046800249423355922e+00,2.008476717055201755e-01,3.094853074475524823e-01,2.762147393328849621e+00,-8.148960042686947958e-01,1.529417654150700967e-01,1.820830614978412865e-01,-3.119083846572340279e-01,3.000000000005093592e-01,4.663818605788661032e-13,4.942396941148815559e-01,1.744834788309370027e-15,-4.267016346648587755e-01,-2.999999999995067723e-01,3.372625469951099418e-13,3.664134312989597020e-01,-9.657954638243726854e-16
3.751423543195617771e-01,-1.679977892731779679e-02,2.491642496392573736e-01,1.094886681759250826e-03,-6.454093866806408231e-02,1.038731545595698164e-01,9.924936454309635225e-01,-1.861363294024737103e+00,1.795664328549607391e-01,4.336695052285236551e-01,2.641487759362140419e+00,-8.724228133046638689e-01,2.593867617955256666e-01,-2.079079437012397058e+00,2.019127996557401605e-01,2.864298101820283438e-01,2.780772936471074264e+00,-8.034753863643232519e-01,1.409446773128070762e-01,1.846010302566430950e-01,-2.667524028333571606e-01,3.000000000005086376e-01,4.660994645951463015e-13,4.846455034242456716e-01,1.744388485626909741e-15,-3.779266920902765725e-01,-2.999999999995068833e-01,3.372280068150394106e-13,3.659457605877567410e-01,-9.657558942812160624e-16
3.747591724884149489e-01,-1.528872400097651928e-02,2.468722469680525722e-01,2.625204624571815613e-03,-6.520426714426932890e-02,1.002780106810910454e-01,9.928171193229400338e-01,-1.875855515599746948e+00,1.820535265768727096e-01,4.171921345310565798e-01,2.651907459353343377e+00,-8.709619415998849368e-01,2.526334525432849532e-01,-2.095277863463094636e+00,1.942959202535327612e-01,2.622950823478624738e-01,2.784039111882892215e+00,-7.952540165684307549e-01,1.245118306333286157e-01,1.839263037790600519e-01,-2.474238117900610379e-01,3.000000000005081380e-01,4.659173819809640186e-13,4.789036492524434419e-01,1.743879210976017557e-15,-3.542182569787745705e-01,-2.999999999995068833e-01,3.372337769580087833e-13,3.704899128745475223e-01,-9.655178211640438979e-16
3.743759909873410341e-01,-1.377766916183554603e-02,2.445802456706755723e-01,4.155481226191994754e-03,-6.586656481501745874e-02,9.668128115769306086e-02,9.931248952115515616e-01,-1.890347734754852960e+00,1.845406184132889760e-01,4.007147625419961168e-01,2.662327155004174717e+00,-8.695010689394665482e-01,2.458801417631662489e-01,-2.111476285487735360e+00,1.866790384616961451e-01,2.381603542166500498e-01,2.787305283067209150e+00,-7.870326476530967730e-01,1.080789827329552699e-01,1.832515764227219401e-01,-2.280952278554766455e-01,3.000000000005075829e-01,4.657352993943919179e-13,4.731617961409554929e-01,1.743369936307792915e-15,-3.305098287665593770e-01,-2.999999999995068278e-01,3.372395471120731501e-13,3.750340665407886909e-01,-9.652797479922358186e-16
3.752091301452215588e-01,-1.288843385095616960e-02,2.501133722117089841e-01,5.628242650717872261e-03,-6.612900196291432442e-02,9.339055877990745658e-02,9.934150600402786857e-01,-1.880127326657062836e+00,1.747215293748785314e-01,3.833510936336848030e-01,2.649565238500741771e+00,-8.710853960369285831e-01,2.329151209790458754e-01,-2.087735584681364998e+00,1.709612240274456518e-01,2.222531324034241473e-01,2.771085440592137239e+00,-7.981204823355768641e-01,9.260331008115540996e-02,1.779013323605489472e-01,-2.091329923682494485e-01,3.000000000005073053e-01,4.656261820957881605e-13,4.748863739703615416e-01,1.742450236343927203e-15,-3.079475467892188179e-01,-2.999999999995066613e-01,3.372988233673053280e-13,3.877232810676553010e-01,-9.646127766529809186e-16
3.760422696602344628e-01,-1.199919872265355243e-02,2.556465010503326529e-01,7.100930041646421643e-03,-6.639056933460840693e-02,9.009860831798537084e-02,9.936921605181016082e-01,-1.869906911303226282e+00,1.649024367231646526e-01,3.659874244651417086e-01,2.636803315190794805e+00,-8.726697240285130608e-01,2.199500983710621083e-01,-2.063994872148190662e+00,1.552434072146239297e-01,2.063459130059336344e-01,2.754865592395640661e+00,-8.092083226875667057e-01,7.712763771039844729e-02,1.725510869255649504e-01,-1.901707569885884019e-01,3.000000000005069722e-01,4.655170648186080982e-13,4.766109539920383997e-01,1.741530536259553719e-15,-2.853852651484062863e-01,-2.999999999995064393e-01,3.373580996382477781e-13,4.004124979860499423e-01,-9.639458051877942359e-16
3.775465828499782739e-01,-1.130706422608894479e-02,2.652267501203239841e-01,8.185441896094155373e-03,-6.653080871830419074e-02,8.694308067723517663e-02,9.939555074321013706e-01,-1.848311423082051430e+00,1.512077573334333902e-01,3.489471095250262223e-01,2.611231061465992820e+00,-8.726697074524515374e-01,2.054319435102994473e-01,-2.025306072399356339e+00,1.397248454833715792e-01,1.942579189946434526e-01,2.727052614123001373e+00,-8.225821875545387130e-01,6.452547906720099147e-02,1.647462155402918405e-01,-1.847203679449933578e-01,3.000000000005069167e-01,4.655112424373416269e-13,4.801462293152614080e-01,1.741263758596967031e-15,-2.758599437888644146e-01,-2.999999999995063282e-01,3.374056087671846800e-13,4.149814842535376469e-01,-9.636030374202124036e-16
3.790508962491246914e-01,-1.061492979101868323e-02,2.748070004529952759e-01,9.269861768020611417e-03,-6.667030141981696023e-02,8.378657735729561074e-02,9.942076996413489187e-01,-1.826715931311914565e+00,1.375130767345397187e-01,3.319067946857955365e-01,2.585658803744436351e+00,-8.726696903820830853e-01,1.909137881649678181e-01,-1.986617267986798829e+00,1.242062838142857506e-01,1.821699261749312460e-01,2.699239632233366493e+00,-8.359560531347383083e-01,5.192332132052452504e-02,1.569413433891884702e-01,-1.792699831170224134e-01,3.000000000005068057e-01,4.655054200883025848e-13,4.836815052034117435e-01,1.740996981138088682e-15,-2.663346264967846877e-01,-2.999999999995062172e-01,3.374531178924502610e-13,4.295504711075034399e-01,-9.632602697537804858e-16
3.806065903022728958e-01,-9.927438825774872327e-03,2.880257613205484679e-01,1.016020623948131821e-02,-6.650311533149219634e-02,8.070454117788902759e-02,9.944651240207692533e-01,-1.794017289206865984e+00,1.221717650036923536e-01,3.152530669241409012e-01,2.548980315974362476e+00,-8.716949572489282039e-01,1.761369940182031801e-01,-1.937510000935731114e+00,1.102379270042572745e-01,1.719447698856624296e-01,2.660613899482808353e+00,-8.477131916371981601e-01,4.175588414966392020e-02,1.489532233635963987e-01,-1.772271399860259888e-01,3.000000000005066947e-01,4.654717976972516198e-13,4.903839254668924119e-01,1.739850761925401725e-15,-2.609222667148974328e-01,-2.999999999995059952e-01,3.375308735807272783e-13,4.448699469440728360e-01,-9.622465079117745895e-16
3.821622843723957996e-01,-9.239947862065136380e-03,3.012445233901649977e-01,1.105044512418967839e-02,-6.633523844880749587e-02,7.762166683581990523e-02,9.947122200114594248e-01,-1.761318643433642972e+00,1.068304527288435335e-01,2.985993392902039911e-01,2.512301824535097428e+00,-8.707202237937540223e-01,1.613601997859914483e-01,-1.888402730442690913e+00,9.626957070637368052e-02,1.617196142118233482e-01,2.621988163160016150e+00,-8.594703296055361541e-01,3.158844778316775848e-02,1.409651032774642543e-01,-1.751842979807872458e-01,3.000000000005065837e-01,4.654381752970163449e-13,4.970863467767101529e-01,1.738704542422171577e-15,-2.555099082918177444e-01,-2.999999999995057731e-01,3.376086292789970049e-13,4.601894230285831222e-01,-9.612327458480906929e-16
3.834819977825762449e-01,-8.696156450693028062e-03,3.173055084425624450e-01,1.170266167971241965e-02,-6.601728038454460212e-02,7.475862055179238741e-02,9.949451819338751557e-01,-1.721150749007139602e+00,9.229051297890963901e-02,2.839150272399199593e-01,2.465947771037753089e+00,-8.664900621935790470e-01,1.486381389827033939e-01,-1.835042709360134250e+00,8.499959629151544738e-02,1.538701383118359078e-01,2.573823790795761290e+00,-8.651010267905037132e-01,2.473236814741556350e-02,1.328263240508545939e-01,-1.752591848584970635e-01,3.000000000005066392e-01,4.654891353870769605e-13,5.022291543507587663e-01,1.738409345685831431e-15,-2.526495435279975110e-01,-2.999999999995056621e-01,3.376526861527775568e-13,4.729510228054956134e-01,-9.607547490207382607e-16
3.848017111104583554e-01,-8.152365089436151152e-03,3.333664944861854940e-01,1.235477542877209262e-02,-6.569874278243582888e-02,7.189491812932763404e-02,9.951694104362780458e-01,-1.680982851975734826e+00,7.775057350845450410e-02,2.692307158764698505e-01,2.419593714166055509e+00,-8.622598994580733534e-01,1.359160788960037947e-01,-1.781682686794430204e+00,7.372962281771815174e-02,1.460206632403670268e-01,2.525659415104906547e+00,-8.707317218388744839e-01,1.787628966649934190e-02,1.246875447717025326e-01,-1.753340724747650681e-01,3.000000000005067502e-01,4.655400955066356728e-13,5.073719613808919116e-01,1.738114149246285607e-15,-2.497891796541853449e-01,-2.999999999995055511e-01,3.376967430148056211e-13,4.857126216903484561e-01,-9.602767523802342393e-16
3.852360777293601934e-01,-7.564340907149485864e-03,3.507790632575443768e-01,1.268652450257864474e-02,-6.507376441685314150e-02,6.902960021505311072e-02,9.954091478255640002e-01,-1.636644200175314756e+00,6.471818382392501012e-02,2.556216498046817720e-01,2.368373944237294637e+00,-8.560466308607126429e-01,1.251987268792267016e-01,-1.727022957759592359e+00,6.421488436432322422e-02,1.386012757733363632e-01,2.472439522346199237e+00,-8.717008428035554202e-01,1.260528962716958579e-02,1.177729583553016324e-01,-1.699230526593665525e-01,3.000000000005067502e-01,4.655598207985464960e-13,5.072695061735831290e-01,1.737032888049340665e-15,-2.421840584810749653e-01,-2.999999999995054401e-01,3.377426554024160884e-13,4.898344883266482208e-01,-9.592562103229255595e-16
3.856704440232266440e-01,-6.976316708623721968e-03,3.681916325251068933e-01,1.301816222112732457e-02,-6.444821536074397950e-02,6.616367703671661993e-02,9.956401573009100447e-01,-1.592305546843694630e+00,5.168579469285897177e-02,2.420125841276461465e-01,2.317154172522195132e+00,-8.498333615352985371e-01,1.144813755984336739e-01,-1.672363228247596423e+00,5.470014655532388914e-02,1.311818884642028671e-01,2.419219627731470812e+00,-8.726699620568428850e-01,7.334290169766203085e-03,1.108583723883359851e-01,-1.645120308299388712e-01,3.000000000005068057e-01,4.655795460789900836e-13,5.071670490405927323e-01,1.735951626563809301e-15,-2.345789355660322650e-01,-2.999999999995053290e-01,3.377885677907077781e-13,4.939563517910620649e-01,-9.582356680664334454e-16
3.845248638413049647e-01,-6.492544093172317350e-03,3.866366955715955234e-01,1.284190997253641803e-02,-6.290830354371616806e-02,6.346626982107866910e-02,9.959164941341754895e-01,-1.541636847749204398e+00,3.931131814211737824e-02,2.302166849164025419e-01,2.262162697460588845e+00,-8.438717615071493761e-01,1.061288131262235479e-01,-1.613269453462642167e+00,4.593487793467752184e-02,1.251162051384941132e-01,2.362611026751995080e+00,-8.726697588077209078e-01,3.907544013148684173e-03,1.051588679092737288e-01,-1.375644678511161456e-01,3.000000000005068612e-01,4.655951288744696294e-13,4.993975868201842583e-01,1.735452869640344019e-15,-2.061407604122192094e-01,-2.999999999995053845e-01,3.377894909895541837e-13,4.864191835691343835e-01,-9.577632596835265683e-16
3.833792830503051641e-01,-6.008771517910473613e-03,4.050817590161161497e-01,1.266553225842440011e-02,-6.136777771890932626e-02,6.076824357229594631e-02,9.961831160602913071e-01,-1.490968146214446621e+00,2.693684184500472201e-02,2.184207864041446401e-01,2.207171220944970536e+00,-8.379101615760201627e-01,9.777625156565256104e-02,-1.554175676968339026e+00,3.716960960295566385e-02,1.190505223346457336e-01,2.306002424466154554e+00,-8.726695551849198429e-01,4.807985675009916748e-04,9.945936389863209437e-02,-1.106168965698379192e-01,3.000000000005069722e-01,4.656107116683522683e-13,4.916281216441029112e-01,1.734954112941437657e-15,-1.777025772271494941e-01,-2.999999999995054401e-01,3.377904141710570089e-13,4.788820108525855823e-01,-9.572908515119283120e-16
3.811707281773895617e-01,-5.523707537600348015e-03,4.237450000953066898e-01,1.226347661644885609e-02,-5.949085604611060313e-02,5.810151525107775522e-02,9.964610675353591240e-01,-1.439003696974419988e+00,1.637553350158975352e-02,2.071175644594082377e-01,2.149598353329382316e+00,-8.295369278842270599e-01,9.099115384369951820e-02,-1.495692256565135825e+00,2.976096749912317957e-02,1.127818740594208752e-01,2.246574464496213341e+00,-8.684098798689400267e-01,-2.156214260237571990e-03,9.532247635688063936e-02,-7.451057739920005640e-02,3.000000000005069722e-01,4.655710460735438794e-13,4.775112941468984129e-01,1.733784747374498418e-15,-1.398844537387554654e-01,-2.999999999995055511e-01,3.377859618585817260e-13,4.627571721479134537e-01,-9.562506972529153346e-16
3.789621728751565444e-01,-5.038643556768645712e-03,4.424082412626154648e-01,1.186128754037515422e-02,-5.761328738284587914e-02,5.543415519445078071e-02,9.967281843174214950e-01,-1.387039247211062643e+00,5.814225890482922765e-03,1.958143427136556647e-01,2.092025484671213409e+00,-8.211636932184154247e-01,8.420605675481884766e-02,-1.437208836408445212e+00,2.235232594320928426e-02,1.065132257022216727e-01,2.187146503387581209e+00,-8.641502028326309981e-01,-4.793226769016370806e-03,9.118558944624377549e-02,-3.840425452949745855e-02,3.000000000005069167e-01,4.655313804564215058e-13,4.633944640861006881e-01,1.732615381536711479e-15,-1.020663264619607880e-01,-2.999999999995056621e-01,3.377815095439353464e-13,4.466323299748269915e-01,-9.552105427645992275e-16
3.762105755233547955e-01,-4.649905448595305184e-03,4.616601966401153723e-01,1.148948572058417286e-02,-5.574545668068258547e-02,5.293649114403706224e-02,9.969745050314455792e-01,-1.334331487585444398e+00,-2.760689143035187192e-03,1.852873646462700752e-01,2.029223488795686148e+00,-8.079613495752901997e-01,7.878087566097914662e-02,-1.379864140002623696e+00,1.656650363778066140e-02,1.006348154412695511e-01,2.122461575793270772e+00,-8.533659312705268452e-01,-6.550113364378223543e-03,8.746517543671347705e-02,3.619464235753919179e-04,3.000000000005069722e-01,4.655231407651549253e-13,4.492859269141740164e-01,1.731808133621366145e-15,-6.141979796767729760e-02,-2.999999999995057731e-01,3.377629846463251594e-13,4.304018903875178048e-01,-9.544292617742989912e-16
3.734589779422475830e-01,-4.261167381096617537e-03,4.809121522662062609e-01,1.111756986872728704e-02,-5.387707265195727790e-02,5.043830171646466326e-02,9.972109297448703558e-01,-1.281623727645955224e+00,-1.133560333777730578e-02,1.747603869066618465e-01,1.966421490712102704e+00,-7.947590038930208989e-01,7.335569514137885161e-02,-1.322519444077640660e+00,1.078068201760521740e-02,9.475640534509972845e-02,2.057776645979148888e+00,-8.425816569533411959e-01,-8.306999588097281617e-03,8.374476160304340777e-02,3.912814849981084003e-02,3.000000000005070278e-01,4.655149010871582727e-13,4.351773897457490992e-01,1.731000885858928875e-15,-2.077326827907045870e-02,-2.999999999995059397e-01,3.377444597427726915e-13,4.141714507556189528e-01,-9.536479808933108162e-16
3.705309402839886412e-01,-3.898449742200433502e-03,5.001660772971392444e-01,1.080307138241455057e-02,-5.214031551707001139e-02,4.797823702896079900e-02,9.974280775665379517e-01,-1.229940082251924860e+00,-1.781420581309775542e-02,1.645979103161142876e-01,1.899601351148349826e+00,-7.764732791309383320e-01,6.884078277114966116e-02,-1.267520548111292111e+00,6.607021421926746393e-03,8.877635998722493982e-02,1.988911431400625318e+00,-8.254113498885010669e-01,-9.704282601431111349e-03,8.033774721462912105e-02,7.349781392295645643e-02,3.000000000005070278e-01,4.655020738918034262e-13,4.239788658542631428e-01,1.729912897700610495e-15,1.589027799887662157e-02,-2.999999999995061062e-01,3.377262518259830995e-13,4.013259559623516548e-01,-9.525708332054896111e-16
3.676029025479833900e-01,-3.535732114769855709e-03,5.194200023289400336e-01,1.048847337864595476e-02,-5.040307800359924983e-02,4.551773027232213636e-02,9.976360347766136671e-01,-1.178256437309159077e+00,-2.429280736470222982e-02,1.544354338861800291e-01,1.832781209814048573e+00,-7.581875521289225262e-01,6.432587080201980501e-02,-1.212521653178593839e+00,2.433361536628738178e-03,8.279631458456573889e-02,1.920046214980106525e+00,-8.082410400097281844e-01,-1.110156545630986737e-02,7.693073296431074404e-02,1.078674774088180660e-01,3.000000000005070833e-01,4.654892466944270762e-13,4.127803432450415921e-01,1.728824909418586893e-15,5.255382252176725444e-02,-2.999999999995062727e-01,3.377080439093332053e-13,3.884804626606218614e-01,-9.514936853872979003e-16
3.644895238588349851e-01,-3.228114512935803884e-03,5.387046458014436157e-01,1.022649882542813089e-02,-4.874530050773686479e-02,4.318659555387991539e-02,9.978247503267544394e-01,-1.126423860571720725e+00,-2.917701626355660022e-02,1.449365728277489385e-01,1.761063294696309178e+00,-7.351109448580410710e-01,6.060827143116521987e-02,-1.158379154099635766e+00,-4.940156223742957556e-04,7.716963324496879661e-02,1.846447332973786493e+00,-7.855558387080339156e-01,-1.211907391215969604e-02,7.341805189959745015e-02,1.395994728724834766e-01,3.000000000005071943e-01,4.655069571008869935e-13,4.064017165671585108e-01,1.727941604093888862e-15,8.670157934284278278e-02,-2.999999999995063837e-01,3.376910441684494821e-13,3.811602587239307782e-01,-9.505461480954074976e-16
3.613761450846120216e-01,-2.920496936393565841e-03,5.579892892880474742e-01,9.964439552897835436e-03,-4.708711911286188323e-02,4.085510302240905056e-02,9.980051972385095560e-01,-1.074591283765920391e+00,-3.406122443055864535e-02,1.354377120739281848e-01,1.689345377330411679e+00,-7.120343353880670412e-01,5.689067242629016613e-02,-1.104236655413777690e+00,-3.421392209313157615e-03,7.154295206757174674e-02,1.772848448794636322e+00,-7.628706348749142441e-01,-1.313658219368686077e-02,6.990537078638137114e-02,1.713314671254160815e-01,3.000000000005073053e-01,4.655246675213641486e-13,4.000230921016865726e-01,1.727058298863143376e-15,1.208493350091306012e-01,-2.999999999995064948e-01,3.376740444281203598e-13,3.738400573234379465e-01,-9.495986108630102233e-16
3.582309108676984821e-01,-2.623476058354074630e-03,5.767507656905863644e-01,9.722059250185675905e-03,-4.556773250588636720e-02,3.856743844581041192e-02,9.981691319660895845e-01,-1.023411371659881830e+00,-3.742276706630309063e-02,1.264069924962201164e-01,1.614007565732680671e+00,-6.848083333768493208e-01,5.373125133700401568e-02,-1.051370404036674477e+00,-5.168319060653261271e-03,6.604098000640430677e-02,1.695691376720811272e+00,-7.355658467205770101e-01,-1.401996505274305180e-02,6.636535603817901585e-02,1.981876493063416123e-01,3.000000000005073608e-01,4.655370777082571612e-13,3.977564906466045103e-01,1.726062827229497595e-15,1.502128982773483223e-01,-2.999999999995066058e-01,3.376558403440689553e-13,3.712926428586906247e-01,-9.485217496607201533e-16
3.550856766355773297e-01,-2.326455185373384020e-03,5.955122418433684839e-01,9.479604801244026838e-03,-4.404799839439974690e-02,3.627947971455496717e-02,9.983254530872687216e-01,-9.722314598654213658e-01,-4.078430897513601883e-02,1.173762731419999011e-01,1.538669752406833569e+00,-6.575823293847360418e-01,5.057183051418869674e-02,-9.985041532688440080e-01,-6.915245348453643096e-03,6.053900800477225730e-02,1.618534302948328563e+00,-7.082610563608775500e-01,-1.490334784776856103e-02,6.282534127692775139e-02,2.250438291595833196e-01,3.000000000005074718e-01,4.655494878926197605e-13,3.954898911545778883e-01,1.725067355542304133e-15,1.795764592616208855e-01,-2.999999999995067723e-01,3.376376362594425533e-13,3.687452306724435802e-01,-9.474448883966914623e-16
3.517807115904483251e-01,-2.051276861700727146e-03,6.135491619160092780e-01,9.276372605555461420e-03,-4.260577106016362470e-02,3.408002454537880505e-02,9.984674502008756836e-01,-9.208133663567106275e-01,-4.290583244657571876e-02,1.089777575112948482e-01,1.459628628081772295e+00,-6.269531738293955270e-01,4.789790671619274104e-02,-9.458874351173571782e-01,-7.663667726448707487e-03,5.541292844704988341e-02,1.537878966163281458e+00,-6.773251441932561789e-01,-1.565342370327252319e-02,5.927069842221364265e-02,2.491686060560041605e-01,3.000000000005075829e-01,4.655820055242711592e-13,3.970457360111371847e-01,1.724240602305547246e-15,2.062147686864360119e-01,-2.999999999995068833e-01,3.376222683336848306e-13,3.705684266400025018e-01,-9.465019924735512031e-16
3.484757464661293325e-01,-1.776098548856990499e-03,6.315860816294357472e-01,9.073075688717305298e-03,-4.116324641504820470e-02,3.188033157269017787e-02,9.986024789178806760e-01,-8.693952727299161243e-01,-4.502735530324925017e-02,1.005792421940185921e-01,1.380587501920713889e+00,-5.963240165868683995e-01,4.522398315889251952e-02,-8.932707170895815008e-01,-8.412089609413688981e-03,5.028684907568439777e-02,1.457223627643894348e+00,-6.463892302254270472e-01,-1.640349949268666424e-02,5.571605556024733508e-02,2.732933815982723780e-01,3.000000000005077494e-01,4.656145231658912354e-13,3.986015827627566455e-01,1.723413849152436238e-15,2.328530767601482143e-01,-2.999999999995070499e-01,3.376069004093332241e-13,3.723916247743857544e-01,-9.455590966168271157e-16
3.451083903713398904e-01,-1.498200544419781054e-03,6.484933019892900052e-01,8.867521327724650973e-03,-3.983847019067724565e-02,2.971898109100824803e-02,9.987247095778101214e-01,-8.180876692703823450e-01,-4.600352367791004510e-02,9.271030649827220749e-02,1.298493001899215349e+00,-5.627048566896944992e-01,4.289774142645737254e-02,-8.410472310052617972e-01,-8.227879871239749190e-03,4.544996374552381924e-02,1.373642917619878556e+00,-6.123477971212739623e-01,-1.713089974487677636e-02,5.215972581715828948e-02,2.936470895033684303e-01,3.000000000005078604e-01,4.656404461852193969e-13,4.027424166980958509e-01,1.722579344849721798e-15,2.556893116753206630e-01,-2.999999999995071609e-01,3.375892073595394261e-13,3.772827493705709911e-01,-9.446081414625999067e-16
3.417410342444721083e-01,-1.220302538584243542e-03,6.654005217683099938e-01,8.661909471603803506e-03,-3.851343572786836145e-02,2.755743794136282510e-02,9.988404648425338594e-01,-7.667800658676570125e-01,-4.697969146368738413e-02,8.484137107480893558e-02,1.216398500307826147e+00,-5.290856952552119852e-01,4.057149987278266950e-02,-7.888237451231221442e-01,-8.043669653553710969e-03,4.061307856405222544e-02,1.290062206091784347e+00,-5.783063624204196618e-01,-1.785829998540826996e-02,4.860339607320193073e-02,3.140007954695718251e-01,3.000000000005079714e-01,4.656663692011569460e-13,4.068832519625050215e-01,1.721744840543022033e-15,2.785255446356589837e-01,-2.999999999995073274e-01,3.375715143085501441e-13,3.821738755441291824e-01,-9.436571863042290085e-16
3.381738583875395499e-01,-9.439612787782929821e-04,6.809155761513595584e-01,8.491398071706844283e-03,-3.724711035281959987e-02,2.544811799197934168e-02,9.989459155629093479e-01,-7.149320171174056160e-01,-4.693536340379261124e-02,7.761860486398347581e-02,1.131296267273361078e+00,-4.930902308997629491e-01,3.853737773107270698e-02,-7.362938257307839462e-01,-6.988920151289933734e-03,3.624587130964833370e-02,1.203639826521997414e+00,-5.418383080503087479e-01,-1.857518566612127719e-02,4.513608303991286513e-02,3.322768901284005039e-01,3.000000000005080825e-01,4.657060402954700839e-13,4.132113527596766867e-01,1.721062256132579033e-15,2.992604232972426725e-01,-2.999999999995074385e-01,3.375571150041429189e-13,3.896153610258690780e-01,-9.428462524804784647e-16
3.346066824241975546e-01,-6.676200198013520267e-04,6.964306297930430434e-01,8.320834952405114018e-03,-3.598055806235708060e-02,2.333864301500380989e-02,9.990452796992910223e-01,-6.630839680793524371e-01,-4.689103480045599820e-02,7.039583899726072069e-02,1.046194032637197235e+00,-4.570947652788678317e-01,3.650325574492428726e-02,-6.837639061752616154e-01,-5.934170185440275878e-03,3.187866430536073076e-02,1.117217445438944967e+00,-5.053702523879568531e-01,-1.929207134123499603e-02,4.166877005402761652e-02,3.505529836808445321e-01,3.000000000005082490e-01,4.657457113971044569e-13,4.195394547216268477e-01,1.720379671803037664e-15,3.199953008397978804e-01,-2.999999999995075495e-01,3.375427157014897165e-13,3.970568478657447997e-01,-9.420353187312932231e-16
3.309111055580358229e-01,-3.792333391990834594e-04,7.102753049734814583e-01,8.141931190265986815e-03,-3.479844991079729388e-02,2.125917262460579049e-02,9.991350381302900319e-01,-6.106430718831160620e-01,-4.594426516332154875e-02,6.377682190647242233e-02,9.579212056555292953e-01,-4.186849308595250174e-01,3.468189685231351516e-02,-6.307801359147759968e-01,-4.100959654438221871e-03,2.798036267166020830e-02,1.027781180815046991e+00,-4.665132880509587632e-01,-2.004814816768429875e-02,3.823611632088175921e-02,3.661294417496001596e-01,3.000000000005083600e-01,4.657789763875059886e-13,4.271354170417503981e-01,1.719746052372722332e-15,3.379936732396692789e-01,-2.999999999995076605e-01,3.375266620096900739e-13,4.061032580362077260e-01,-9.412845489884515029e-16
3.272155286211373970e-01,-9.084665196093240185e-05,7.241199792336999730e-01,7.962980512684816187e-03,-3.361614130974385772e-02,1.917957976311988194e-02,9.992190399031175563e-01,-5.582021753602773861e-01,-4.499749502902785497e-02,5.715780514829230802e-02,8.696483769271663444e-01,-3.802750951100944965e-01,3.286053807691498296e-02,-5.777963654042618247e-01,-2.267748694578382643e-03,2.408206129628197995e-02,9.383449145307855011e-01,-4.276563223978990802e-01,-2.080422501572419883e-02,3.480346260682985748e-02,3.817058983311132359e-01,3.000000000005085266e-01,4.658122413743782703e-13,4.347313800603444522e-01,1.719112432969382295e-15,3.559920441319863738e-01,-2.999999999995077715e-01,3.375106083169790381e-13,4.151496690908308418e-01,-9.405337792787541681e-16
3.232713046767323739e-01,2.115154836037694535e-04,7.360037292936495446e-01,7.820569907267458515e-03,-3.246778155705404290e-02,1.711986729158496492e-02,9.992955478691013527e-01,-5.045754093115740746e-01,-4.318080864394871488e-02,5.125246352522713073e-02,7.780106420092649522e-01,-3.397679807641577066e-01,3.120116452136541263e-02,-5.237414088243815824e-01,3.481854651617376749e-04,2.081700648593277914e-02,8.456751771156072461e-01,-3.867120330480979806e-01,-2.162887348685406386e-02,3.147180608682040998e-02,3.958860988883111665e-01,3.000000000005086931e-01,4.658566400144129509e-13,4.433258356368156572e-01,1.718619198799888801e-15,3.725800294273580171e-01,-2.999999999995078825e-01,3.374993102066965633e-13,4.254518798913051736e-01,-9.399201051252051212e-16
3.193270805907769128e-01,5.138776271244518013e-04,7.478874782372788577e-01,7.678115626965694752e-03,-3.131924041722129737e-02,1.506005917794196736e-02,9.993664724902794338e-01,-4.509486425877757831e-01,-4.136412176364132054e-02,4.534712230844484271e-02,6.863729051757807564e-01,-2.992608652242765843e-01,2.954179105803121652e-02,-4.696864516346936358e-01,2.964120070492618029e-03,1.755195203607987781e-02,7.530054378596700015e-01,-3.457677425100197377e-01,-2.245352199702056739e-02,2.814014962430691491e-02,4.100662986506447005e-01,3.000000000005088596e-01,4.659010386607856808e-13,4.519202917817113363e-01,1.718125964710314214e-15,3.891680139198215316e-01,-2.999999999995079936e-01,3.374880120991214085e-13,4.357540914066845850e-01,-9.393064310497022251e-16
3.151843515635688875e-01,8.365974381327910200e-04,7.574911747704894394e-01,7.528369207579792798e-03,-3.022651744846926308e-02,1.302703828784145326e-02,9.994298262376699604e-01,-3.958721405094286494e-01,-3.883606648523111465e-02,4.017707269965024863e-02,5.907600249575910567e-01,-2.563662264481744724e-01,2.800860742209495408e-02,-4.143045837206023041e-01,6.223070146752478909e-03,1.499012042119598348e-02,6.566388653218219185e-01,-3.025760513897955417e-01,-2.337064055388884953e-02,2.475928363590911008e-02,4.225873594871054073e-01,3.000000000005089706e-01,4.659405540697042247e-13,4.604298669433741775e-01,1.717719052290192391e-15,4.040974724163731158e-01,-2.999999999995080491e-01,3.374766945254914185e-13,4.462091888444401078e-01,-9.387967077257404282e-16
3.110416224197073420e-01,1.159317261104525140e-03,7.670948699638033830e-01,7.378582479641984833e-03,-2.913363269027448299e-02,1.099394767126282008e-02,9.994878293813591608e-01,-3.407956375791294512e-01,-3.630801078877787108e-02,3.500702352295741171e-02,4.951471424033669910e-01,-2.134715862690195476e-01,2.647542386031545569e-02,-3.589227150267381150e-01,9.482020600887066525e-03,1.242828921956830139e-02,5.602722906114911972e-01,-2.593843589488630252e-01,-2.428775916509811478e-02,2.137841761859281958e-02,4.351084193485558194e-01,3.000000000005091372e-01,4.659800694757530818e-13,4.689394420551558640e-01,1.717312139920798269e-15,4.190269299382746726e-01,-2.999999999995081601e-01,3.374653769518500184e-13,4.566642863720405954e-01,-9.382869844628664421e-16
3.066155979158519673e-01,1.519491013157982934e-03,7.739512884058713516e-01,7.268356133494113455e-03,-2.804592546050527213e-02,8.924390012706683722e-03,9.995403705339178657e-01,-2.845157339378164840e-01,-3.294530790401808962e-02,3.069642043481391955e-02,3.969250824882993856e-01,-1.692134750907868246e-01,2.498787870199473821e-02,-3.021929908978939761e-01,1.351473128733048437e-02,1.070792783017033428e-02,4.610005933136191447e-01,-2.146510352636266106e-01,-2.538366633043473083e-02,1.793428442191963637e-02,4.473062207984438987e-01,3.000000000005093037e-01,4.660306420037176754e-13,4.766675474602742324e-01,1.717037563776293163e-15,4.336856076869546883e-01,-2.999999999995082156e-01,3.374615822434379198e-13,4.664838352369475860e-01,-9.379095815299475719e-16
3.021895732403087065e-01,1.879664787909949598e-03,7.808077051829848125e-01,7.158089972857493641e-03,-2.695806451182833699e-02,6.854783416733282141e-03,9.995874331192976525e-01,-2.282358295671969017e-01,-2.958260451343028979e-02,2.638581786752752442e-02,2.987030209919708801e-01,-1.249553630862387105e-01,2.350033357133263223e-02,-2.454632659521980287e-01,1.754744244270210057e-02,8.987566950735152715e-03,3.617288942551320496e-01,-1.699177106441028817e-01,-2.647957360412402442e-02,1.449015118690413079e-02,4.595040220524250763e-01,3.000000000005094702e-01,4.660812145383833206e-13,4.843956523917922197e-01,1.716762987711988785e-15,4.483442852715318061e-01,-2.999999999995083266e-01,3.374577875395849070e-13,4.763033837166878448e-01,-9.375321786772201599e-16
2.977089030254059798e-01,2.246323435646556746e-03,7.843847672245902736e-01,7.052230045275356858e-03,-2.583649261682986406e-02,4.916312790669037994e-03,9.996292170445967296e-01,-1.759898905384213452e-01,-2.585496494466856671e-02,2.324779284618229414e-02,2.086667902905694760e-01,-8.482320796575486266e-02,2.214511551000438241e-02,-1.915971620933934749e-01,2.182896819617356765e-02,8.242088076847380734e-03,2.682724265329722302e-01,-1.280690738277538154e-01,-2.767470582685335745e-02,1.089744548372369864e-02,4.709214120689157457e-01,3.000000000005095813e-01,4.661283715892881846e-13,4.898206184832554766e-01,1.716609089943259077e-15,4.623531584394744431e-01,-2.999999999995083821e-01,3.374546060816678612e-13,4.838507360468627949e-01,-9.372929413684204015e-16
2.932282327763816587e-01,2.612982087432420917e-03,7.879618272185148209e-01,6.946334658020127291e-03,-2.471479078093460555e-02,2.977817524616461608e-03,9.996659742905446011e-01,-1.237439540285176637e-01,-2.212732514803491743e-02,2.010976855701306423e-02,1.186305647005305441e-01,-4.469105542158385846e-02,2.078989753130324955e-02,-1.377310600226792914e-01,2.611049410500881560e-02,7.496609811691378605e-03,1.748159624419350633e-01,-8.622043881264951359e-02,-2.886983811154031701e-02,7.304739687772264685e-03,4.823388015981053267e-01,3.000000000005097478e-01,4.661755286380602716e-13,4.952455831366023853e-01,1.716455192249882546e-15,4.763620312016689229e-01,-2.999999999995084377e-01,3.374514246241337095e-13,4.913980869582424971e-01,-9.370537041458932327e-16
2.890700145358314765e-01,2.263538347949960346e-03,7.888152834621914300e-01,6.244555781951948228e-03,-1.857304436451337470e-02,1.846724493559398321e-03,9.998062998175020200e-01,-8.391013625272675247e-02,-2.099688033307328325e-02,1.766340723760080264e-02,7.779876209991863634e-02,-3.135616765289234165e-02,2.096179280173788781e-02,-8.954174551691768125e-02,2.748193042677880144e-02,6.605365750737758612e-03,1.172161698235740512e-01,-6.455285431441737387e-02,-2.870078626185190718e-02,4.778266445605621610e-03,4.895652400151020989e-01,3.000000000005096923e-01,4.661644437370716126e-13,4.978625438178793661e-01,1.716583320336469265e-15,4.855320077090782838e-01,-2.999999999995083821e-01,3.374648571476542745e-13,4.954768216714844353e-01,-9.371944097821729669e-16
2.849117965025513843e-01,1.914094148161490320e-03,7.896687379551532437e-01,5.542529784038475668e-03,-1.243056085147169545e-02,7.155590125660507908e-04,9.999071204345983954e-01,-4.407632645536589677e-02,-1.986643718757186844e-02,1.521704636278504996e-02,3.696699112759321837e-02,-1.802129710931019840e-02,2.113368905379109722e-02,-4.135243466015858793e-02,2.885336487796192478e-02,5.714121596086823088e-03,5.961640025365072537e-02,-4.288528278843465463e-02,-2.853173353527471701e-02,2.251793888806401071e-03,4.967916757381825033e-01,3.000000000005096368e-01,4.661533587986452560e-13,5.004795026941893932e-01,1.716711448604340560e-15,4.947019811060762717e-01,-2.999999999995083266e-01,3.374782896818542743e-13,4.995555541551221501e-01,-9.373351156626773320e-16
2.826742392952145688e-01,1.191704776446256709e-03,7.896989388064495907e-01,3.932301545152058070e-03,-4.408649991569122545e-03,5.541468641849875030e-04,9.999823967105935241e-01,-2.123530431024999582e-02,-2.150303301744562606e-02,1.207791719881982570e-02,3.435657526096246722e-02,-2.215206806365582412e-02,2.234973896284861775e-02,-1.169856593204347123e-02,2.731109921613116345e-02,3.074042221786765956e-03,4.476504440969839016e-02,-4.173042259649082514e-02,-2.734261161029112250e-02,1.307099753647582210e-03,4.977518711113942951e-01,3.000000000005096368e-01,4.661502501604479274e-13,5.008603218573931537e-01,1.716969864035103400e-15,4.965068841435481550e-01,-2.999999999995083266e-01,3.374595792285145404e-13,5.004134920134163389e-01,-9.376022788075176970e-16
2.804366833577635054e-01,4.693151581503830772e-04,7.897291391134342309e-01,2.321809337597871732e-03,3.613557382666233650e-03,3.926982426700783408e-04,9.999906985530077064e-01,1.605706599722589445e-03,-2.313963067680610552e-02,8.938787576816098479e-03,3.174618466519432691e-02,-2.628285056578214679e-02,2.356578956227056015e-02,1.795529054096948324e-02,2.576883162784554190e-02,4.339616912070725502e-04,2.991371682976985691e-02,-4.057557596696279023e-02,-2.615348901086706618e-02,3.624066643152397665e-04,4.987120623415479126e-01,3.000000000005095813e-01,4.661471415275242791e-13,5.012411395421255689e-01,1.717228279552008272e-15,4.983117823114469602e-01,-2.999999999995083821e-01,3.374408687539227674e-13,5.012714277422136711e-01,-9.378694420359680487e-16
2.808331419787151728e-01,3.112094007025379989e-04,7.896810770578541749e-01,1.622069346759298647e-03,7.590962766230429509e-03,4.020722839055567333e-04,9.999697918003297437e-01,7.764646690228410933e-03,-2.370621999017841555e-02,7.662189134436854683e-03,3.647473057314415401e-02,-2.918619600423432228e-02,2.387650911664205775e-02,2.452194856449303045e-02,2.521121390373132556e-02,-9.299548048023889915e-04,3.473653898860930983e-02,-4.404568729294854740e-02,-2.584481984375455038e-02,1.804638820667667514e-04,4.981694974756951111e-01,3.000000000005096368e-01,4.661758570083896897e-13,5.010732491492506657e-01,1.717570426708303281e-15,4.979639154221077724e-01,-2.999999999995083821e-01,3.374462651333118644e-13,5.010971484641406626e-01,-9.381727221491727698e-16
2.812296023896087571e-01,1.531040267132368097e-04,7.896330149490909944e-01,9.223035191224776119e-04,1.156824159342013589e-02,4.114398834802846872e-04,9.999325756569176216e-01,1.392357544444934592e-02,-2.427280857642759304e-02,6.385591957738862533e-03,4.120328146826093135e-02,-3.208954060858278806e-02,2.418722805579673688e-02,3.108859089913352733e-02,2.465359684873496410e-02,-2.293870433595811536e-03,3.955937451699768903e-02,-4.751580176181983972e-02,-2.553615127495330664e-02,-1.478381855484422417e-06,4.976269315886458489e-01,3.000000000005097478e-01,4.662045725108811477e-13,5.009053583835016976e-01,1.717912573921497841e-15,4.976160470698592353e-01,-2.999999999995083266e-01,3.374516615290827624e-13,5.009228684846270818e-01,-9.384760022869205313e-16
2.830044317144138066e-01,1.120780363302454052e-04,7.896223113504062807e-01,1.167875991576170641e-03,1.415212465335184515e-02,3.604457308016332205e-04,9.998991066664374427e-01,1.615588404531031683e-02,-2.409372531245108917e-02,6.925423603590401614e-03,4.345130539005995218e-02,-3.141351260808972201e-02,2.420744492351093596e-02,3.296218076322467855e-02,2.479121884369099235e-02,-1.902649598750103931e-03,4.223398109696514108e-02,-4.688484817117824499e-02,-2.550881775868017384e-02,-5.474417698502864914e-06,4.976093215425495542e-01,3.000000000005098033e-01,4.662322301656829422e-13,5.008936129710308549e-01,1.718277910911735032e-15,4.976111506601758050e-01,-2.999999999995083266e-01,3.374560281575171113e-13,5.009013843839447144e-01,-9.388037709347448557e-16
2.847792620012193909e-01,7.105212766008878200e-05,7.896116077777951547e-01,1.413441251778659860e-03,1.673591134886331239e-02,3.094491064232957381e-04,9.998588978932985150e-01,1.838818990567801098e-02,-2.391464152805024973e-02,7.465256517176222829e-03,4.569932758063281752e-02,-3.073748210945673534e-02,2.422766158847596343e-02,3.483576735190892226e-02,2.492884132387295296e-02,-1.511427538947691896e-03,4.490858617762612248e-02,-4.625389171829150797e-02,-2.548148443875830269e-02,-9.470329348086980897e-06,4.975917118628340186e-01,3.000000000005098588e-01,4.662598878197466154e-13,5.008818676675380610e-01,1.718643247918157085e-15,4.976062544898616768e-01,-2.999999999995083266e-01,3.374603947852327259e-13,5.008799003899025992e-01,-9.391315395996602461e-16
2.867705303635194602e-01,-2.656193636627803153e-05,7.896091102435809361e-01,1.397294251550578641e-03,1.865675281020014870e-02,2.469712739468738296e-04,9.998249407514014919e-01,1.929718473704234230e-02,-2.390554486810549106e-02,7.506302011224597059e-03,4.658662712402531630e-02,-2.869174501456511761e-02,2.435495466218838209e-02,3.569057866952633773e-02,2.490493272332378744e-02,-1.613904361222049224e-03,4.593119127842510557e-02,-4.429085714643745536e-02,-2.534743748762886481e-02,-4.492390242285181950e-06,4.976568148667402935e-01,3.000000000005099143e-01,4.662835738138139666e-13,5.009067180960646848e-01,1.718977612668480588e-15,4.976652012308656059e-01,-2.999999999995083266e-01,3.374629423161182953e-13,5.009070702630985528e-01,-9.394329918944816265e-16
2.887617988808550695e-01,-1.241760409269917879e-04,7.896066127152447933e-01,1.381141900933166404e-03,2.057752486100749775e-02,1.844925207017163041e-04,9.997872893171596553e-01,2.020617862051310443e-02,-2.389644832992326301e-02,7.547347147989327647e-03,4.747392569272614049e-02,-2.664600693854658753e-02,2.448224781260010391e-02,3.654538925739050925e-02,2.488102400706919057e-02,-1.716381537135108206e-03,4.695379519588916556e-02,-4.232782162040993335e-02,-2.521339046005997495e-02,4.855552915257615884e-07,4.977219179298941198e-01,3.000000000005099698e-01,4.663072598050363698e-13,5.009315685508048954e-01,1.719311977396618561e-15,4.977241480176005095e-01,-2.999999999995082711e-01,3.374654898457008936e-13,5.009342401711454063e-01,-9.397344441704523867e-16
2.902250473325129754e-01,-1.943987219095167349e-04,7.895974557373318659e-01,1.398542497361987547e-03,2.191721240454733849e-02,1.352560723923849949e-04,9.997588017042371433e-01,2.062836185763260513e-02,-2.386561021281992379e-02,7.635713858170373874e-03,4.831394459064732722e-02,-2.522973259852576838e-02,2.456964213859849297e-02,3.697552987376857836e-02,2.488548764275519062e-02,-1.736795322764849315e-03,4.775168536459347551e-02,-4.087579667104240810e-02,-2.512124507376307936e-02,8.850831803484109916e-07,4.978105704357236871e-01,3.000000000005100254e-01,4.663270403429618056e-13,5.009529478533777391e-01,1.719570873075835817e-15,4.978112811267852988e-01,-2.999999999995082711e-01,3.374695345364344229e-13,5.009550456589165757e-01,-9.399661156022229990e-16
2.916882953962439129e-01,-2.646213827680499891e-04,7.895882987545261855e-01,1.415940603445215318e-03,2.325686010748992741e-02,8.601939058131767265e-05,9.997285162336886355e-01,2.105054473710098531e-02,-2.383477207974343468e-02,7.724080603117739266e-03,4.915396345383298699e-02,-2.381345872096075553e-02,2.465703643528392372e-02,3.740567017814917100e-02,2.488995129928585348e-02,-1.757209048104077390e-03,4.854957536820458247e-02,-3.942377209710526409e-02,-2.502909971825057270e-02,1.284607705489062265e-06,4.978992229588545815e-01,3.000000000005100809e-01,4.663468208780179587e-13,5.009743271534004005e-01,1.719829768699607196e-15,4.978984142566781346e-01,-2.999999999995082711e-01,3.374735792282679147e-13,5.009758511420119298e-01,-9.401977869827269216e-16
2.926403697693936712e-01,-3.120198529763531462e-04,7.895789023664199213e-01,1.402149286719712312e-03,2.411601131647719831e-02,5.533274314693859052e-05,9.997081818780162443e-01,2.128684422483905631e-02,-2.383129296839870889e-02,7.734253566172972182e-03,4.970312347343232989e-02,-2.288000358353562205e-02,2.471943206502318774e-02,3.763813059933230482e-02,2.487688948325473756e-02,-1.818932992646158080e-03,4.912469482874960020e-02,-3.851374154099288655e-02,-2.496387032440220907e-02,7.438398411444178217e-07,4.979476730563868747e-01,3.000000000005100809e-01,4.663565924678278400e-13,5.009861363615598639e-01,1.719984028527533000e-15,4.979471292876312405e-01,-2.999999999995082711e-01,3.374743207249644892e-13,5.009868676277217103e-01,-9.403392160111289290e-16
2.935924437575990198e-01,-3.594183059966737665e-04,7.895695059781333569e-01,1.388356909358509379e-03,2.497514432537911722e-02,2.464606875310722576e-05,9.996871080611122728e-01,2.152314357259580216e-02,-2.382781387765696771e-02,7.744426470343603909e-03,5.025228327399754863e-02,-2.194654880970191985e-02,2.478182767593695851e-02,3.787059087165064314e-02,2.486382765402589401e-02,-1.880656968297307868e-03,4.969981412153505473e-02,-3.760371139303446408e-02,-2.489864095082317333e-02,2.030712687032871929e-07,4.979961231236443853e-01,3.000000000005101364e-01,4.663663640501004014e-13,5.009979455625124256e-01,1.720138288276661856e-15,4.979958442896532667e-01,-2.999999999995082711e-01,3.374750622191735645e-13,5.009978841060597210e-01,-9.404806449715729360e-16
2.940536143488922671e-01,-3.718059279576960445e-04,7.895635825836772037e-01,1.394701264931134249e-03,2.540541853580790405e-02,9.611264220147522653e-06,9.996762573078474823e-01,2.164493670243988754e-02,-2.380336288510446693e-02,7.771835042884658873e-03,5.058146671172735614e-02,-2.153711697389225355e-02,2.479403325218549475e-02,3.800578872979187145e-02,2.487967238210084947e-02,-1.888332340515663788e-03,4.999115018059610560e-02,-3.716938494109468111e-02,-2.488507909630003831e-02,-2.258552353234766269e-07,4.980247520577571474e-01,3.000000000005101364e-01,4.663680824894293393e-13,5.010048511282675365e-01,1.720192300258058128e-15,4.980247478128179695e-01,-2.999999999995082711e-01,3.374741271117730027e-13,5.010044608056323234e-01,-9.405332717309402167e-16
2.945147845614841664e-01,-3.841935229100445419e-04,7.895576591919002407e-01,1.401045377294004917e-03,2.583568770220344424e-02,-5.423530021437206422e-06,9.996652211032402979e-01,2.176672974394956370e-02,-2.377891187637344930e-02,7.799243628721957283e-03,5.091064997975910944e-02,-2.112768554233362267e-02,2.480623878971555119e-02,3.814098651290120934e-02,2.489551713247541501e-02,-1.896007671038891455e-03,5.028248602073608770e-02,-3.673505885613065347e-02,-2.487151728163517275e-02,-6.547816530710562225e-07,4.980533809765791409e-01,3.000000000005101364e-01,4.663698009225458399e-13,5.010117566902397845e-01,1.720246312162119407e-15,4.980536513206993421e-01,-2.999999999995082711e-01,3.374731920030790120e-13,5.010110375017798878e-01,-9.405858984218020276e-16
2.945122560434902947e-01,-3.874227391528923268e-04,7.895571842678676955e-01,1.396447043921810729e-03,2.587450404577692001e-02,-4.872147414846490586e-06,9.996642236032561302e-01,2.186345598237725632e-02,-2.378753967954827173e-02,7.791131843630243539e-03,5.090194478499568409e-02,-2.113787893907992724e-02,2.481201154742777512e-02,3.822891322699897149e-02,2.488722851144993531e-02,-1.903555720648861683e-03,5.029885163040890422e-02,-3.676190151888335950e-02,-2.486579085334394285e-02,-6.672529177623105308e-07,4.980516029686619106e-01,3.000000000005101364e-01,4.663687846520198447e-13,5.010119039126985641e-01,1.720235889369850290e-15,4.980519182454427596e-01,-2.999999999995082711e-01,3.374720659987215092e-13,5.010113052757864116e-01,-9.405771927493004620e-16
2.945097271592600485e-01,-3.906519481623120082e-04,7.895567093481384857e-01,1.391848699771861333e-03,2.591332004061140670e-02,-4.320752490603964582e-06,9.996632245826596597e-01,2.196018220100679971e-02,-2.379616750884925094e-02,7.783020030483996272e-03,5.089323932336276696e-02,-2.114807266725236140e-02,2.481778430005929584e-02,3.831683990376132110e-02,2.487893987136354651e-02,-1.911103770158303601e-03,5.031521702290601278e-02,-3.678874454587421905e-02,-2.486006443124122445e-02,-6.797238535308927775e-07,4.980498249367288910e-01,3.000000000005101364e-01,4.663677683793339106e-13,5.010120511298195023e-01,1.720225466526689784e-15,4.980501851459889218e-01,-2.999999999995082711e-01,3.374709399942132519e-13,5.010115730448101434e-01,-9.405684870283575120e-16
2.943955783816190608e-01,-3.873409801064695772e-04,7.895575233702155638e-01,1.397071050651456934e-03,2.584876306884777847e-02,-5.788424183572312720e-07,9.996648886701758885e-01,2.201391804364566385e-02,-2.379899969594868187e-02,7.789427204542434882e-03,5.084515749497221793e-02,-2.128309252800234322e-02,2.481377655008510166e-02,3.836401554672352887e-02,2.487801419875900269e-02,-1.896044140453757507e-03,5.027416434372720261e-02,-3.692370273155020505e-02,-2.486440029732906246e-02,-6.243038210047468675e-07,4.980445207368626725e-01,3.000000000005101364e-01,4.663676665024706355e-13,5.010110674194477864e-01,1.720224641719866389e-15,4.980448683122608577e-01,-2.999999999995082711e-01,3.374709168662040965e-13,5.010106831782665804e-01,-9.405676790556944883e-16
2.942814295137675673e-01,-3.840300067649010250e-04,7.895583373933343641e-01,1.402293403584089311e-03,2.578420590467275439e-02,3.163070234879776345e-06,9.996665485496004644e-01,2.206765385153999781e-02,-2.380183187836411307e-02,7.795834390335019265e-03,5.079707563475796550e-02,-2.141811248963594594e-02,2.480976879220637282e-02,3.841119115675104001e-02,2.487708853210515714e-02,-1.880984492477840450e-03,5.023311161814350556e-02,-3.705866100460412232e-02,-2.486873617154916963e-02,-5.688837336095874153e-07,4.980392165341466781e-01,3.000000000005101364e-01,4.663675646263462896e-13,5.010100837081621350e-01,1.720223816920800257e-15,4.980395514756364439e-01,-2.999999999995082711e-01,3.374708937390863412e-13,5.010097933107874324e-01,-9.405668710894143354e-16
2.942814294194155411e-01,-3.840300040281493903e-04,7.895583373940071592e-01,1.402293407900727720e-03,2.578420585131168535e-02,3.163073327832980841e-06,9.996665485509708127e-01,2.206765389595641280e-02,-2.380183188070511199e-02,7.795834395631007739e-03,5.079707559501493719e-02,-2.141811260123941199e-02,2.480976878889367895e-02,3.841119119574498697e-02,2.487708853134002959e-02,-1.880984480029985421e-03,5.023311158421055189e-02,-3.705866111615659791e-02,-2.486873617513307363e-02,-5.688836878009989068e-07,4.980392165297624074e-01,3.000000000005101364e-01,4.663675646262620771e-13,5.010100837073490077e-01,1.720223816920118484e-15,4.980395514712416816e-01,-2.999999999995082711e-01,3.374708937390672066e-13,5.010097933100519096e-01,-9.405668710887465647e-16
2.942814294194155411e-01,-3.840300040281493903e-04,7.895583373940071592e-01,1.402293407900727720e-03,2.578420585131168535e-02,3.163073327832980841e-06,9.996665485509708127e-01,2.206765389595641280e-02,-2.380183188070511199e-02,7.795834395631007739e-03,5.079707559501493719e-02,-2.141811260123941199e-02,2.480976878889367895e-02,3.841119119574498697e-02,2.487708853134002959e-02,-1.880984480029985421e-03,5.023311158421055189e-02,-3.705866111615659791e-02,-2.486873617513307363e-02,-5.688836878009989068e-07,4.980392165297624074e-01,3.000000000005101364e-01,4.663675646262620771e-13,5.010100837073490077e-01,1.720223816920118484e-15,4.980395514712416816e-01,-2.999999999995082711e-01,3.374708937390672066e-13,5.010097933100519096e-01,-9.405668710887465647e-16
2.942814294194155411e-01,-3.840300040281493903e-04,7.895583373940071592e-01,1.402293407900727720e-03,2.578420585131168535e-02,3.163073327832980841e-06,9.996665485509708127e-01,2.206765389595641280e-02,-2.380183188070511199e-02,7.795834395631007739e-03,5.079707559501493719e-02,-2.141811260123941199e-02,2.480976878889367895e-02,3.841119119574498697e-02,2.487708853134002959e-02,-1.880984480029985421e-03,5.023311158421055189e-02,-3.705866111615659791e-02,-2.486873617513307363e-02,-5.688836878009989068e-07,4.980392165297624074e-01,3.000000000005101364e-01,4.663675646262620771e-13,5.010100837073490077e-01,1.720223816920118484e-15,4.980395514712416816e-01,-2.999999999995082711e-01,3.374708937390672066e-13,5.010097933100519096e-01,-9.405668710887465647e-16
2.942814294194155411e-01,-3.840300040281493903e-04,7.895583373940071592e-01,1.402293407900727720e-03,2.578420585131168535e-02,3.163073327832980841e-06,9.996665485509708127e-01,2.206765389595641280e-02,-2.380183188070511199e-02,7.795834395631007739e-03,5.079707559501493719e-02,-2.141811260123941199e-02,2.480976878889367895e-02,3.841119119574498697e-02,2.487708853134002959e-02,-1.880984480029985421e-03,5.023311158421055189e-02,-3.705866111615659791e-02,-2.486873617513307363e-02,-5.688836878009989068e-07,4.980392165297624074e-01,3.000000000005101364e-01,4.663675646262620771e-13,5.010100837073490077e-01,1.720223816920118484e-15,4.980395514712416816e-01,-2.999999999995082711e-01,3.374708937390672066e-13,5.010097933100519096e-01,-9.405668710887465647e-16
2.942814294194155411e-01,-3.840300040281493903e-04,7.895583373940071592e-01,1.402293407900727720e-03,2.578420585131168535e-02,3.163073327832980841e-06,9.996665485509708127e-01,2.206765389595641280e-02,-2.380183188070511199e-02,7.795834395631007739e-03,5.079707559501493719e-02,-2.141811260123941199e-02,2.480976878889367895e-02,3.841119119574498697e-02,2.487708853134002959e-02,-1.880984480029985421e-03,5.023311158421055189e-02,-3.705866111615659791e-02,-2.486873617513307363e-02,-5.688836878009989068e-07,4.980392165297624074e-01,3.000000000005101364e-01,4.663675646262620771e-13,5.010100837073490077e-01,1.720223816920118484e-15,4.980395514712416816e-01,-2.999999999995082711e-01,3.374708937390672066e-13,5.010097933100519096e-01,-9.405668710887465647e-16
2.942814294194155411e-01,-3.840300040281493903e-04,7.895583373940071592e-01,1.402293407900727720e-03,2.578420585131168535e-02,3.163073327832980841e-06,9.996665485509708127e-01,2.206765389595641280e-02,-2.380183188070511199e-02,7.795834395631007739e-03,5.079707559501493719e-02,-2.141811260123941199e-02,2.480976878889367895e-02,3.841119119574498697e-02,2.487708853134002959e-02,-1.880984480029985421e-03,5.023311158421055189e-02,-3.705866111615659791e-02,-2.486873617513307363e-02,-5.688836878009989068e-07,4.980392165297624074e-01,3.000000000005101364e-01,4.663675646262620771e-13,5.010100837073490077e-01,1.720223816920118484e-15,4.980395514712416816e-01,-2.999999999995082711e-01,3.374708937390672066e-13,5.010097933100519096e-01,-9.405668710887465647e-16
2.942814294194155411e-01,-3.840300040281493903e-04,7.895583373940071592e-01,1.402293407900727720e-03,2.578420585131168535e-02,3.163073327832980841e-06,9.996665485509708127e-01,2.206765389595641280e-02,-2.380183188070511199e-02,7.795834395631007739e-03,5.079707559501493719e-02,-2.141811260123941199e-02,2.480976878889367895e-02,3.841119119574498697e-02,2.487708853134002959e-02,-1.880984480029985421e-03,5.023311158421055189e-02,-3.705866111615659791e-02,-2.486873617513307363e-02,-5.688836878009989068e-07,4.980392165297624074e-01,3.000000000005101364e-01,4.663675646262620771e-13,5.010100837073490077e-01,1.720223816920118484e-15,4.980395514712416816e-01,-2.999999999995082711e-01,3.374708937390672066e-13,5.010097933100519096e-01,-9.405668710887465647e-16
2.942814294194155411e-01,-3.840300040281493903e-04,7.895583373940071592e-01,1.402293407900727720e-03,2.578420585131168535e-02,3.163073327832980841e-06,9.996665485509708127e-01,2.206765389595641280e-02,-2.380183188070511199e-02,7.795834395631007739e-03,5.079707559501493719e-02,-2.141811260123941199e-02,2.480976878889367895e-02,3.841119119574498697e-02,2.487708853134002959e-02,-1.880984480029985421e-03,5.023311158421055189e-02,-3.705866111615659791e-02,-2.486873617513307363e-02,-5.688836878009989068e-07,4.980392165297624074e-01,3.000000000005101364e-01,4.663675646262620771e-13,5.010100837073490077e-01,1.720223816920118484e-15,4.980395514712416816e-01,-2.999999999995082711e-01,3.374708937390672066e-13,5.010097933100519096e-01,-9.405668710887465647e-16
2.942814294194155411e-01,-3.840300040281493903e-04,7.895583373940071592e-01,1.402293407900727720e-03,2.578420585131168535e-02,3.163073327832980841e-06,9.996665485509708127e-01,2.206765389595641280e-02,-2.380183188070511199e-02,7.795834395631007739e-03,5.079707559501493719e-02,-2.141811260123941199e-02,2.480976878889367895e-02,3.841119119574498697e-02,2.487708853134002959e-02,-1.880984480029985421e-03,5.023311158421055189e-02,-3.705866111615659791e-02,-2.486873617513307363e-02,-5.688836878009989068e-07,4.980392165297624074e-01,3.000000000005101364e-01,4.663675646262620771e-13,5.010100837073490077e-01,1.720223816920118484e-15,4.980395514712416816e-01,-2.999999999995082711e-01,3.374708937390672066e-13,5.010097933100519096e-01,-9.405668710887465647e-16
2.942814294194155411e-01,-3.840300040281493903e-04,7.895583373940071592e-01,1.402293407900727720e-03,2.578420585131168535e-02,3.163073327832980841e-06,9.996665485509708127e-01,2.206765389595641280e-02,-2.380183188070511199e-02,7.795834395631007739e-03,5.079707559501493719e-02,-2.141811260123941199e-02,2.480976878889367895e-02,3.841119119574498697e-02,2.487708853134002959e-02,-1.880984480029985421e-03,5.023311158421055189e-02,-3.705866111615659791e-02,-2.486873617513307363e-02,-5.688836878009989068e-07,4.980392165297624074e-01,3.000000000005101364e-01,4.663675646262620771e-13,5.010100837073490077e-01,1.720223816920118484e-15,4.980395514712416816e-01,-2.999999999995082711e-01,3.374708937390672066e-13,5.010097933100519096e-01,-9.405668710887465647e-16
2.942814294194155411e-01,-3.840300040281493903e-04,7.895583373940071592e-01,1.402293407900727720e-03,2.578420585131168535e-02,3.163073327832980841e-06,9.996665485509708127e-01,2.206765389595641280e-02,-2.380183188070511199e-02,7.795834395631007739e-03,5.079707559501493719e-02,-2.141811260123941199e-02,2.480976878889367895e-02,3.841119119574498697e-02,2.487708853134002959e-02,-1.880984480029985421e-03,5.023311158421055189e-02,-3.705866111615659791e-02,-2.486873617513307363e-02,-5.688836878009989068e-07,4.980392165297624074e-01,3.000000000005101364e-01,4.663675646262620771e-13,5.010100837073490077e-01,1.720223816920118484e-15,4.980395514712416816e-01,-2.999999999995082711e-01,3.374708937390672066e-13,5.010097933100519096e-01,-9.405668710887465647e-16
2.942814294194155411e-01,-3.840300040281493903e-04,7.895583373940071592e-01,1.402293407900727720e-03,2.578420585131168535e-02,3.163073327832980841e-06,9.996665485509708127e-01,2.206765389595641280e-02,-2.380183188070511199e-02,7.795834395631007739e-03,5.079707559501493719e-02,-2.141811260123941199e-02,2.480976878889367895e-02,3.841119119574498697e-02,2.487708853134002959e-02,-1.880984480029985421e-03,5.023311158421055189e-02,-3.705866111615659791e-02,-2.486873617513307363e-02,-5.688836878009989068e-07,4.980392165297624074e-01,3.000000000005101364e-01,4.663675646262620771e-13,5.010100837073490077e-01,1.720223816920118484e-15,4.980395514712416816e-01,-2.999999999995082711e-01,3.374708937390672066e-13,5.010097933100519096e-01,-9.405668710887465647e-16
2.942814294194155411e-01,-3.840300040281493903e-04,7.895583373940071592e-01,1.402293407900727720e-03,2.578420585131168535e-02,3.163073327832980841e-06,9.996665485509708127e-01,2.206765389595641280e-02,-2.380183188070511199e-02,7.795834395631007739e-03,5.079707559501493719e-02,-2.141811260123941199e-02,2.480976878889367895e-02,3.841119119574498697e-02,2.487708853134002959e-02,-1.880984480029985421e-03,5.023311158421055189e-02,-3.705866111615659791e-02,-2.486873617513307363e-02,-5.688836878009989068e-07,4.980392165297624074e-01,3.000000000005101364e-01,4.663675646262620771e-13,5.010100837073490077e-01,1.720223816920118484e-15,4.980395514712416816e-01,-2.999999999995082711e-01,3.374708937390672066e-13,5.010097933100519096e-01,-9.405668710887465647e-16
2.942814294194155411e-01,-3.840300040281493903e-04,7.895583373940071592e-01,1.402293407900727720e-03,2.578420585131168535e-02,3.163073327832980841e-06,9.996665485509708127e-01,2.206765389595641280e-02,-2.380183188070511199e-02,7.795834395631007739e-03,5.079707559501493719e-02,-2.141811260123941199e-02,2.480976878889367895e-02,3.841119119574498697e-02,2.487708853134002959e-02,-1.880984480029985421e-03,5.023311158421055189e-02,-3.705866111615659791e-02,-2.486873617513307363e-02,-5.688836878009989068e-07,4.980392165297624074e-01,3.000000000005101364e-01,4.663675646262620771e-13,5.010100837073490077e-01,1.720223816920118484e-15,4.980395514712416816e-01,-2.999999999995082711e-01,3.374708937390672066e-13,5.010097933100519096e-01,-9.405668710887465647e-16
2.942814294194155411e-01,-3.840300040281493903e-04,7.895583373940071592e-01,1.402293407900727720e-03,2.578420585131168535e-02,3.163073327832980841e-06,9.996665485509708127e-01,2.206765389595641280e-02,-2.380183188070511199e-02,7.795834395631007739e-03,5.079707559501493719e-02,-2.141811260123941199e-02,2.480976878889367895e-02,3.841119119574498697e-02,2.487708853134002959e-02,-1.880984480029985421e-03,5.023311158421055189e-02,-3.705866111615659791e-02,-2.486873617513307363e-02,-5.688836878009989068e-07,4.980392165297624074e-01,3.000000000005101364e-01,4.663675646262620771e-13,5.010100837073490077e-01,1.720223816920118484e-15,4.980395514712416816e-01,-2.999999999995082711e-01,3.374708937390672066e-13,5.010097933100519096e-01,-9.405668710887465647e-16
2.942814294194155411e-01,-3.840300040281493903e-04,7.895583373940071592e-01,1.402293407900727720e-03,2.578420585131168535e-02,3.163073327832980841e-06,9.996665485509708127e-01,2.206765389595641280e-02,-2.380183188070511199e-02,7.795834395631007739e-03,5.079707559501493719e-02,-2.141811260123941199e-02,2.480976878889367895e-02,3.841119119574498697e-02,2.487708853134002959e-02,-1.880984480029985421e-03,5.023311158421055189e-02,-3.705866111615659791e-02,-2.486873617513307363e-02,-5.688836878009989068e-07,4.980392165297624074e-01,3.000000000005101364e-01,4.663675646262620771e-13,5.010100837073490077e-01,1.720223816920118484e-15,4.980395514712416816e-01,-2.999999999995082711e-01,3.374708937390672066e-13,5.010097933100519096e-01,-9.405668710887465647e-16
2.942814294194155411e-01,-3.840300040281493903e-04,7.895583373940071592e-01,1.402293407900727720e-03,2.578420585131168535e-02,3.163073327832980841e-06,9.996665485509708127e-01,2.206765389595641280e-02,-2.380183188070511199e-02,7.795834395631007739e-03,5.079707559501493719e-02,-2.141811260123941199e-02,2.480976878889367895e-02,3.841119119574498697e-02,2.487708853134002959e-02,-1.880984480029985421e-03,5.023311158421055189e-02,-3.705866111615659791e-02,-2.486873617513307363e-02,-5.688836878009989068e-07,4.980392165297624074e-01,3.000000000005101364e-01,4.663675646262620771e-13,5.010100837073490077e-01,1.720223816920118484e-15,4.980395514712416816e-01,-2.999999999995082711e-01,3.374708937390672066e-13,5.010097933100519096e-01,-9.405668710887465647e-16
2.942814294194155411e-01,-3.840300040281493903e-04,7.895583373940071592e-01,1.402293407900727720e-03,2.578420585131168535e-02,3.163073327832980841e-06,9.996665485509708127e-01,2.206765389595641280e-02,-2.380183188070511199e-02,7.795834395631007739e-03,5.079707559501493719e-02,-2.141811260123941199e-02,2.480976878889367895e-02,3.841119119574498697e-02,2.487708853134002959e-02,-1.880984480029985421e-03,5.023311158421055189e-02,-3.705866111615659791e-02,-2.486873617513307363e-02,-5.688836878009989068e-07,4.980392165297624074e-01,3.000000000005101364e-01,4.663675646262620771e-13,5.010100837073490077e-01,1.720223816920118484e-15,4.980395514712416816e-01,-2.999999999995082711e-01,3.374708937390672066e-13,5.010097933100519096e-01,-9.405668710887465647e-16
2.942814294194155411e-01,-3.840300040281493903e-04,7.895583373940071592e-01,1.402293407900727720e-03,2.578420585131168535e-02,3.163073327832980841e-06,9.996665485509708127e-01,2.206765389595641280e-02,-2.380183188070511199e-02,7.795834395631007739e-03,5.079707559501493719e-02,-2.141811260123941199e-02,2.480976878889367895e-02,3.841119119574498697e-02,2.487708853134002959e-02,-1.880984480029985421e-03,5.023311158421055189e-02,-3.705866111615659791e-02,-2.486873617513307363e-02,-5.688836878009989068e-07,4.980392165297624074e-01,3.000000000005101364e-01,4.663675646262620771e-13,5.010100837073490077e-01,1.720223816920118484e-15,4.980395514712416816e-01,-2.999999999995082711e-01,3.374708937390672066e-13,5.010097933100519096e-01,-9.405668710887465647e-16
2.942814294194155411e-01,-3.840300040281493903e-04,7.895583373940071592e-01,1.402293407900727720e-03,2.578420585131168535e-02,3.163073327832980841e-06,9.996665485509708127e-01,2.206765389595641280e-02,-2.380183188070511199e-02,7.795834395631007739e-03,5.079707559501493719e-02,-2.141811260123941199e-02,2.480976878889367895e-02,3.841119119574498697e-02,2.487708853134002959e-02,-1.880984480029985421e-03,5.023311158421055189e-02,-3.705866111615659791e-02,-2.486873617513307363e-02,-5.688836878009989068e-07,4.980392165297624074e-01,3.000000000005101364e-01,4.663675646262620771e-13,5.010100837073490077e-01,1.720223816920118484e-15,4.980395514712416816e-01,-2.999999999995082711e-01,3.374708937390672066e-13,5.010097933100519096e-01,-9.405668710887465647e-16
2.942814294194155411e-01,-3.840300040281493903e-04,7.895583373940071592e-01,1.402293407900727720e-03,2.578420585131168535e-02,3.163073327832980841e-06,9.996665485509708127e-01,2.206765389595641280e-02,-2.380183188070511199e-02,7.795834395631007739e-03,5.079707559501493719e-02,-2.141811260123941199e-02,2.480976878889367895e-02,3.841119119574498697e-02,2.487708853134002959e-02,-1.880984480029985421e-03,5.023311158421055189e-02,-3.705866111615659791e-02,-2.486873617513307363e-02,-5.688836878009989068e-07,4.980392165297624074e-01,3.000000000005101364e-01,4.663675646262620771e-13,5.010100837073490077e-01,1.720223816920118484e-15,4.980395514712416816e-01,-2.999999999995082711e-01,3.374708937390672066e-13,5.010097933100519096e-01,-9.405668710887465647e-16
2.942814294194155411e-01,-3.840300040281493903e-04,7.895583373940071592e-01,1.402293407900727720e-03,2.578420585131168535e-02,3.163073327832980841e-06,9.996665485509708127e-01,2.206765389595641280e-02,-2.380183188070511199e-02,7.795834395631007739e-03,5.079707559501493719e-02,-2.141811260123941199e-02,2.480976878889367895e-02,3.841119119574498697e-02,2.487708853134002959e-02,-1.880984480029985421e-03,5.023311158421055189e-02,-3.705866111615659791e-02,-2.486873617513307363e-02,-5.688836878009989068e-07,4.980392165297624074e-01,3.000000000005101364e-01,4.663675646262620771e-13,5.010100837073490077e-01,1.720223816920118484e-15,4.980395514712416816e-01,-2.999999999995082711e-01,3.374708937390672066e-13,5.010097933100519096e-01,-9.405668710887465647e-16
2.942814294194155411e-01,-3.840300040281493903e-04,7.895583373940071592e-01,1.402293407900727720e-03,2.578420585131168535e-02,3.163073327832980841e-06,9.996665485509708127e-01,2.206765389595641280e-02,-2.380183188070511199e-02,7.795834395631007739e-03,5.079707559501493719e-02,-2.141811260123941199e-02,2.480976878889367895e-02,3.841119119574498697e-02,2.487708853134002959e-02,-1.880984480029985421e-03,5.023311158421055189e-02,-3.705866111615659791e-02,-2.486873617513307363e-02,-5.688836878009989068e-07,4.980392165297624074e-01,3.000000000005101364e-01,4.663675646262620771e-13,5.010100837073490077e-01,1.720223816920118484e-15,4.980395514712416816e-01,-2.999999999995082711e-01,3.374708937390672066e-13,5.010097933100519096e-01,-9.405668710887465647e-16
2.942814294194155411e-01,-3.840300040281493903e-04,7.895583373940071592e-01,1.402293407900727720e-03,2.578420585131168535e-02,3.163073327832980841e-06,9.996665485509708127e-01,2.206765389595641280e-02,-2.380183188070511199e-02,7.795834395631007739e-03,5.079707559501493719e-02,-2.141811260123941199e-02,2.480976878889367895e-02,3.841119119574498697e-02,2.487708853134002959e-02,-1.880984480029985421e-03,5.023311158421055189e-02,-3.705866111615659791e-02,-2.486873617513307363e-02,-5.688836878009989068e-07,4.980392165297624074e-01,3.000000000005101364e-01,4.663675646262620771e-13,5.010100837073490077e-01,1.720223816920118484e-15,4.980395514712416816e-01,-2.999999999995082711e-01,3.374708937390672066e-13,5.010097933100519096e-01,-9.405668710887465647e-16
2.942814294194155411e-01,-3.840300040281493903e-04,7.895583373940071592e-01,1.402293407900727720e-03,2.578420585131168535e-02,3.163073327832980841e-06,9.996665485509708127e-01,2.206765389595641280e-02,-2.380183188070511199e-02,7.795834395631007739e-03,5.079707559501493719e-02,-2.141811260123941199e-02,2.480976878889367895e-02,3.841119119574498697e-02,2.487708853134002959e-02,-1.880984480029985421e-03,5.023311158421055189e-02,-3.705866111615659791e-02,-2.486873617513307363e-02,-5.688836878009989068e-07,4.980392165297624074e-01,3.000000000005101364e-01,4.663675646262620771e-13,5.010100837073490077e-01,1.720223816920118484e-15,4.980395514712416816e-01,-2.999999999995082711e-01,3.374708937390672066e-13,5.010097933100519096e-01,-9.405668710887465647e-16
2.942814294194155411e-01,-3.840300040281493903e-04,7.895583373940071592e-01,1.402293407900727720e-03,2.578420585131168535e-02,3.163073327832980841e-06,9.996665485509708127e-01,2.206765389595641280e-02,-2.380183188070511199e-02,7.795834395631007739e-03,5.079707559501493719e-02,-2.141811260123941199e-02,2.480976878889367895e-02,3.841119119574498697e-02,2.487708853134002959e-02,-1.880984480029985421e-03,5.023311158421055189e-02,-3.705866111615659791e-02,-2.486873617513307363e-02,-5.688836878009989068e-07,4.980392165297624074e-01,3.000000000005101364e-01,4.663675646262620771e-13,5.010100837073490077e-01,1.720223816920118484e-15,4.980395514712416816e-01,-2.999999999995082711e-01,3.374708937390672066e-13,5.010097933100519096e-01,-9.405668710887465647e-16
2.942814294194155411e-01,-3.840300040281493903e-04,7.895583373940071592e-01,1.402293407900727720e-03,2.578420585131168535e-02,3.163073327832980841e-06,9.996665485509708127e-01,2.206765389595641280e-02,-2.380183188070511199e-02,7.795834395631007739e-03,5.079707559501493719e-02,-2.141811260123941199e-02,2.480976878889367895e-02,3.841119119574498697e-02,2.487708853134002959e-02,-1.880984480029985421e-03,5.023311158421055189e-02,-3.705866111615659791e-02,-2.486873617513307363e-02,-5.688836878009989068e-07,4.980392165297624074e-01,3.000000000005101364e-01,4.663675646262620771e-13,5.010100837073490077e-01,1.720223816920118484e-15,4.980395514712416816e-01,-2.999999999995082711e-01,3.374708937390672066e-13,5.010097933100519096e-01,-9.405668710887465647e-16
2.942814294194155411e-01,-3.840300040281493903e-04,7.895583373940071592e-01,1.402293407900727720e-03,2.578420585131168535e-02,3.163073327832980841e-06,9.996665485509708127e-01,2.206765389595641280e-02,-2.380183188070511199e-02,7.795834395631007739e-03,5.079707559501493719e-02,-2.141811260123941199e-02,2.480976878889367895e-02,3.841119119574498697e-02,2.487708853134002959e-02,-1.880984480029985421e-03,5.023311158421055189e-02,-3.705866111615659791e-02,-2.486873617513307363e-02,-5.688836878009989068e-07,4.980392165297624074e-01,3.000000000005101364e-01,4.663675646262620771e-13,5.010100837073490077e-01,1.720223816920118484e-15,4.980395514712416816e-01,-2.999999999995082711e-01,3.374708937390672066e-13,5.010097933100519096e-01,-9.405668710887465647e-16
2.942814294194155411e-01,-3.840300040281493903e-04,7.895583373940071592e-01,1.402293407900727720e-03,2.578420585131168535e-02,3.163073327832980841e-06,9.996665485509708127e-01,2.206765389595641280e-02,-2.380183188070511199e-02,7.795834395631007739e-03,5.079707559501493719e-02,-2.141811260123941199e-02,2.480976878889367895e-02,3.841119119574498697e-02,2.487708853134002959e-02,-1.880984480029985421e-03,5.023311158421055189e-02,-3.705866111615659791e-02,-2.486873617513307363e-02,-5.688836878009989068e-07,4.980392165297624074e-01,3.000000000005101364e-01,4.663675646262620771e-13,5.010100837073490077e-01,1.720223816920118484e-15,4.980395514712416816e-01,-2.999999999995082711e-01,3.374708937390672066e-13,5.010097933100519096e-01,-9.405668710887465647e-16
2.942814294194155411e-01,-3.840300040281493903e-04,7.895583373940071592e-01,1.402293407900727720e-03,2.578420585131168535e-02,3.163073327832980841e-06,9.996665485509708127e-01,2.206765389595641280e-02,-2.380183188070511199e-02,7.795834395631007739e-03,5.079707559501493719e-02,-2.141811260123941199e-02,2.480976878889367895e-02,3.841119119574498697e-02,2.487708853134002959e-02,-1.880984480029985421e-03,5.023311158421055189e-02,-3.705866111615659791e-02,-2.486873617513307363e-02,-5.688836878009989068e-07,4.980392165297624074e-01,3.000000000005101364e-01,4.663675646262620771e-13,5.010100837073490077e-01,1.720223816920118484e-15,4.980395514712416816e-01,-2.999999999995082711e-01,3.374708937390672066e-13,5.010097933100519096e-01,-9.405668710887465647e-16
2.942814294194155411e-01,-3.840300040281493903e-04,7.895583373940071592e-01,1.402293407900727720e-03,2.578420585131168535e-02,3.163073327832980841e-06,9.996665485509708127e-01,2.206765389595641280e-02,-2.380183188070511199e-02,7.795834395631007739e-03,5.079707559501493719e-02,-2.141811260123941199e-02,2.480976878889367895e-02,3.841119119574498697e-02,2.487708853134002959e-02,-1.880984480029985421e-03,5.023311158421055189e-02,-3.705866111615659791e-02,-2.486873617513307363e-02,-5.688836878009989068e-07,4.980392165297624074e-01,3.000000000005101364e-01,4.663675646262620771e-13,5.010100837073490077e-01,1.720223816920118484e-15,4.980395514712416816e-01,-2.999999999995082711e-01,3.374708937390672066e-13,5.010097933100519096e-01,-9.405668710887465647e-16
2.942814294194155411e-01,-3.840300040281493903e-04,7.895583373940071592e-01,1.402293407900727720e-03,2.578420585131168535e-02,3.163073327832980841e-06,9.996665485509708127e-01,2.206765389595641280e-02,-2.380183188070511199e-02,7.795834395631007739e-03,5.079707559501493719e-02,-2.141811260123941199e-02,2.480976878889367895e-02,3.841119119574498697e-02,2.487708853134002959e-02,-1.880984480029985421e-03,5.023311158421055189e-02,-3.705866111615659791e-02,-2.486873617513307363e-02,-5.688836878009989068e-07,4.980392165297624074e-01,3.000000000005101364e-01,4.663675646262620771e-13,5.010100837073490077e-01,1.720223816920118484e-15,4.980395514712416816e-01,-2.999999999995082711e-01,3.374708937390672066e-13,5.010097933100519096e-01,-9.405668710887465647e-16
2.942814294194155411e-01,-3.840300040281493903e-04,7.895583373940071592e-01,1.402293407900727720e-03,2.578420585131168535e-02,3.163073327832980841e-06,9.996665485509708127e-01,2.206765389595641280e-02,-2.380183188070511199e-02,7.795834395631007739e-03,5.079707559501493719e-02,-2.141811260123941199e-02,2.480976878889367895e-02,3.841119119574498697e-02,2.487708853134002959e-02,-1.880984480029985421e-03,5.023311158421055189e-02,-3.705866111615659791e-02,-2.486873617513307363e-02,-5.688836878009989068e-07,4.980392165297624074e-01,3.000000000005101364e-01,4.663675646262620771e-13,5.010100837073490077e-01,1.720223816920118484e-15,4.980395514712416816e-01,-2.999999999995082711e-01,3.374708937390672066e-13,5.010097933100519096e-01,-9.405668710887465647e-16
2.942814294194155411e-01,-3.840300040281493903e-04,7.895583373940071592e-01,1.402293407900727720e-03,2.578420585131168535e-02,3.163073327832980841e-06,9.996665485509708127e-01,2.206765389595641280e-02,-2.380183188070511199e-02,7.795834395631007739e-03,5.079707559501493719e-02,-2.141811260123941199e-02,2.480976878889367895e-02,3.841119119574498697e-02,2.487708853134002959e-02,-1.880984480029985421e-03,5.023311158421055189e-02,-3.705866111615659791e-02,-2.486873617513307363e-02,-5.688836878009989068e-07,4.980392165297624074e-01,3.000000000005101364e-01,4.663675646262620771e-13,5.010100837073490077e-01,1.720223816920118484e-15,4.980395514712416816e-01,-2.999999999995082711e-01,3.374708937390672066e-13,5.010097933100519096e-01,-9.405668710887465647e-16
2.942814294194155411e-01,-3.840300040281493903e-04,7.895583373940071592e-01,1.402293407900727720e-03,2.578420585131168535e-02,3.163073327832980841e-06,9.996665485509708127e-01,2.206765389595641280e-02,-2.380183188070511199e-02,7.795834395631007739e-03,5.079707559501493719e-02,-2.141811260123941199e-02,2.480976878889367895e-02,3.841119119574498697e-02,2.487708853134002959e-02,-1.880984480029985421e-03,5.023311158421055189e-02,-3.705866111615659791e-02,-2.486873617513307363e-02,-5.688836878009989068e-07,4.980392165297624074e-01,3.000000000005101364e-01,4.663675646262620771e-13,5.010100837073490077e-01,1.720223816920118484e-15,4.980395514712416816e-01,-2.999999999995082711e-01,3.374708937390672066e-13,5.010097933100519096e-01,-9.405668710887465647e-16
2.942814294194155411e-01,-3.840300040281493903e-04,7.895583373940071592e-01,1.402293407900727720e-03,2.578420585131168535e-02,3.163073327832980841e-06,9.996665485509708127e-01,2.206765389595641280e-02,-2.380183188070511199e-02,7.795834395631007739e-03,5.079707559501493719e-02,-2.141811260123941199e-02,2.480976878889367895e-02,3.841119119574498697e-02,2.487708853134002959e-02,-1.880984480029985421e-03,5.023311158421055189e-02,-3.705866111615659791e-02,-2.486873617513307363e-02,-5.688836878009989068e-07,4.980392165297624074e-01,3.000000000005101364e-01,4.663675646262620771e-13,5.010100837073490077e-01,1.720223816920118484e-15,4.980395514712416816e-01,-2.999999999995082711e-01,3.374708937390672066e-13,5.010097933100519096e-01,-9.405668710887465647e-16
2.942814294194155411e-01,-3.840300040281493903e-04,7.895583373940071592e-01,1.402293407900727720e-03,2.578420585131168535e-02,3.163073327832980841e-06,9.996665485509708127e-01,2.206765389595641280e-02,-2.380183188070511199e-02,7.795834395631007739e-03,5.079707559501493719e-02,-2.141811260123941199e-02,2.480976878889367895e-02,3.841119119574498697e-02,2.487708853134002959e-02,-1.880984480029985421e-03,5.023311158421055189e-02,-3.705866111615659791e-02,-2.486873617513307363e-02,-5.688836878009989068e-07,4.980392165297624074e-01,3.000000000005101364e-01,4.663675646262620771e-13,5.010100837073490077e-01,1.720223816920118484e-15,4.980395514712416816e-01,-2.999999999995082711e-01,3.374708937390672066e-13,5.010097933100519096e-01,-9.405668710887465647e-16
2.942814294194155411e-01,-3.840300040281493903e-04,7.895583373940071592e-01,1.402293407900727720e-03,2.578420585131168535e-02,3.163073327832980841e-06,9.996665485509708127e-01,2.206765389595641280e-02,-2.380183188070511199e-02,7.795834395631007739e-03,5.079707559501493719e-02,-2.141811260123941199e-02,2.480976878889367895e-02,3.841119119574498697e-02,2.487708853134002959e-02,-1.880984480029985421e-03,5.023311158421055189e-02,-3.705866111615659791e-02,-2.486873617513307363e-02,-5.688836878009989068e-07,4.980392165297624074e-01,3.000000000005101364e-01,4.663675646262620771e-13,5.010100837073490077e-01,1.720223816920118484e-15,4.980395514712416816e-01,-2.999999999995082711e-01,3.374708937390672066e-13,5.010097933100519096e-01,-9.405668710887465647e-16
2.942814294194155411e-01,-3.840300040281493903e-04,7.895583373940071592e-01,1.402293407900727720e-03,2.578420585131168535e-02,3.163073327832980841e-06,9.996665485509708127e-01,2.206765389595641280e-02,-2.380183188070511199e-02,7.795834395631007739e-03,5.079707559501493719e-02,-2.141811260123941199e-02,2.480976878889367895e-02,3.841119119574498697e-02,2.487708853134002959e-02,-1.880984480029985421e-03,5.023311158421055189e-02,-3.705866111615659791e-02,-2.486873617513307363e-02,-5.688836878009989068e-07,4.980392165297624074e-01,3.000000000005101364e-01,4.663675646262620771e-13,5.010100837073490077e-01,1.720223816920118484e-15,4.980395514712416816e-01,-2.999999999995082711e-01,3.374708937390672066e-13,5.010097933100519096e-01,-9.405668710887465647e-16
2.942814294194155411e-01,-3.840300040281493903e-04,7.895583373940071592e-01,1.402293407900727720e-03,2.578420585131168535e-02,3.163073327832980841e-06,9.996665485509708127e-01,2.206765389595641280e-02,-2.380183188070511199e-02,7.795834395631007739e-03,5.079707559501493719e-02,-2.141811260123941199e-02,2.480976878889367895e-02,3.841119119574498697e-02,2.487708853134002959e-02,-1.880984480029985421e-03,5.023311158421055189e-02,-3.705866111615659791e-02,-2.486873617513307363e-02,-5.688836878009989068e-07,4.980392165297624074e-01,3.000000000005101364e-01,4.663675646262620771e-13,5.010100837073490077e-01,1.720223816920118484e-15,4.980395514712416816e-01,-2.999999999995082711e-01,3.374708937390672066e-13,5.010097933100519096e-01,-9.405668710887465647e-16
2.942814294194155411e-01,-3.840300040281493903e-04,7.895583373940071592e-01,1.402293407900727720e-03,2.578420585131168535e-02,3.163073327832980841e-06,9.996665485509708127e-01,2.206765389595641280e-02,-2.380183188070511199e-02,7.795834395631007739e-03,5.079707559501493719e-02,-2.141811260123941199e-02,2.480976878889367895e-02,3.841119119574498697e-02,2.487708853134002959e-02,-1.880984480029985421e-03,5.023311158421055189e-02,-3.705866111615659791e-02,-2.486873617513307363e-02,-5.688836878009989068e-07,4.980392165297624074e-01,3.000000000005101364e-01,4.663675646262620771e-13,5.010100837073490077e-01,1.720223816920118484e-15,4.980395514712416816e-01,-2.999999999995082711e-01,3.374708937390672066e-13,5.010097933100519096e-01,-9.405668710887465647e-16
2.942814294194155411e-01,-3.840300040281493903e-04,7.895583373940071592e-01,1.402293407900727720e-03,2.578420585131168535e-02,3.163073327832980841e-06,9.996665485509708127e-01,2.206765389595641280e-02,-2.380183188070511199e-02,7.795834395631007739e-03,5.079707559501493719e-02,-2.141811260123941199e-02,2.480976878889367895e-02,3.841119119574498697e-02,2.487708853134002959e-02,-1.880984480029985421e-03,5.023311158421055189e-02,-3.705866111615659791e-02,-2.486873617513307363e-02,-5.688836878009989068e-07,4.980392165297624074e-01,3.000000000005101364e-01,4.663675646262620771e-13,5.010100837073490077e-01,1.720223816920118484e-15,4.980395514712416816e-01,-2.999999999995082711e-01,3.374708937390672066e-13,5.010097933100519096e-01,-9.405668710887465647e-16
2.942814294194155411e-01,-3.840300040281493903e-04,7.895583373940071592e-01,1.402293407900727720e-03,2.578420585131168535e-02,3.163073327832980841e-06,9.996665485509708127e-01,2.206765389595641280e-02,-2.380183188070511199e-02,7.795834395631007739e-03,5.079707559501493719e-02,-2.141811260123941199e-02,2.480976878889367895e-02,3.841119119574498697e-02,2.487708853134002959e-02,-1.880984480029985421e-03,5.023311158421055189e-02,-3.705866111615659791e-02,-2.486873617513307363e-02,-5.688836878009989068e-07,4.980392165297624074e-01,3.000000000005101364e-01,4.663675646262620771e-13,5.010100837073490077e-01,1.720223816920118484e-15,4.980395514712416816e-01,-2.999999999995082711e-01,3.374708937390672066e-13,5.010097933100519096e-01,-9.405668710887465647e-16
2.942814294194155411e-01,-3.840300040281493903e-04,7.895583373940071592e-01,1.402293407900727720e-03,2.578420585131168535e-02,3.163073327832980841e-06,9.996665485509708127e-01,2.206765389595641280e-02,-2.380183188070511199e-02,7.795834395631007739e-03,5.079707559501493719e-02,-2.141811260123941199e-02,2.480976878889367895e-02,3.841119119574498697e-02,2.487708853134002959e-02,-1.880984480029985421e-03,5.023311158421055189e-02,-3.705866111615659791e-02,-2.486873617513307363e-02,-5.688836878009989068e-07,4.980392165297624074e-01,3.000000000005101364e-01,4.663675646262620771e-13,5.010100837073490077e-01,1.720223816920118484e-15,4.980395514712416816e-01,-2.999999999995082711e-01,3.374708937390672066e-13,5.010097933100519096e-01,-9.405668710887465647e-16
2.942814294194155411e-01,-3.840300040281493903e-04,7.895583373940071592e-01,1.402293407900727720e-03,2.578420585131168535e-02,3.163073327832980841e-06,9.996665485509708127e-01,2.206765389595641280e-02,-2.380183188070511199e-02,7.795834395631007739e-03,5.079707559501493719e-02,-2.141811260123941199e-02,2.480976878889367895e-02,3.841119119574498697e-02,2.487708853134002959e-02,-1.880984480029985421e-03,5.023311158421055189e-02,-3.705866111615659791e-02,-2.486873617513307363e-02,-5.688836878009989068e-07,4.980392165297624074e-01,3.000000000005101364e-01,4.663675646262620771e-13,5.010100837073490077e-01,1.720223816920118484e-15,4.980395514712416816e-01,-2.999999999995082711e-01,3.374708937390672066e-13,5.010097933100519096e-01,-9.405668710887465647e-16
2.942814294194155411e-01,-3.840300040281493903e-04,7.895583373940071592e-01,1.402293407900727720e-03,2.578420585131168535e-02,3.163073327832980841e-06,9.996665485509708127e-01,2.206765389595641280e-02,-2.380183188070511199e-02,7.795834395631007739e-03,5.079707559501493719e-02,-2.141811260123941199e-02,2.480976878889367895e-02,3.841119119574498697e-02,2.487708853134002959e-02,-1.880984480029985421e-03,5.023311158421055189e-02,-3.705866111615659791e-02,-2.486873617513307363e-02,-5.688836878009989068e-07,4.980392165297624074e-01,3.000000000005101364e-01,4.663675646262620771e-13,5.010100837073490077e-01,1.720223816920118484e-15,4.980395514712416816e-01,-2.999999999995082711e-01,3.374708937390672066e-13,5.010097933100519096e-01,-9.405668710887465647e-16
2.942814294194155411e-01,-3.840300040281493903e-04,7.895583373940071592e-01,1.402293407900727720e-03,2.578420585131168535e-02,3.163073327832980841e-06,9.996665485509708127e-01,2.206765389595641280e-02,-2.380183188070511199e-02,7.795834395631007739e-03,5.079707559501493719e-02,-2.141811260123941199e-02,2.480976878889367895e-02,3.841119119574498697e-02,2.487708853134002959e-02,-1.880984480029985421e-03,5.023311158421055189e-02,-3.705866111615659791e-02,-2.486873617513307363e-02,-5.688836878009989068e-07,4.980392165297624074e-01,3.000000000005101364e-01,4.663675646262620771e-13,5.010100837073490077e-01,1.720223816920118484e-15,4.980395514712416816e-01,-2.999999999995082711e-01,3.374708937390672066e-13,5.010097933100519096e-01,-9.405668710887465647e-16
2.942814294194155411e-01,-3.840300040281493903e-04,7.895583373940071592e-01,1.402293407900727720e-03,2.578420585131168535e-02,3.163073327832980841e-06,9.996665485509708127e-01,2.206765389595641280e-02,-2.380183188070511199e-02,7.795834395631007739e-03,5.079707559501493719e-02,-2.141811260123941199e-02,2.480976878889367895e-02,3.841119119574498697e-02,2.487708853134002959e-02,-1.880984480029985421e-03,5.023311158421055189e-02,-3.705866111615659791e-02,-2.486873617513307363e-02,-5.688836878009989068e-07,4.980392165297624074e-01,3.000000000005101364e-01,4.663675646262620771e-13,5.010100837073490077e-01,1.720223816920118484e-15,4.980395514712416816e-01,-2.999999999995082711e-01,3.374708937390672066e-13,5.010097933100519096e-01,-9.405668710887465647e-16
2.942814294194155411e-01,-3.840300040281493903e-04,7.895583373940071592e-01,1.402293407900727720e-03,2.578420585131168535e-02,3.163073327832980841e-06,9.996665485509708127e-01,2.206765389595641280e-02,-2.380183188070511199e-02,7.795834395631007739e-03,5.079707559501493719e-02,-2.141811260123941199e-02,2.480976878889367895e-02,3.841119119574498697e-02,2.487708853134002959e-02,-1.880984480029985421e-03,5.023311158421055189e-02,-3.705866111615659791e-02,-2.486873617513307363e-02,-5.688836878009989068e-07,4.980392165297624074e-01,3.000000000005101364e-01,4.663675646262620771e-13,5.010100837073490077e-01,1.720223816920118484e-15,4.980395514712416816e-01,-2.999999999995082711e-01,3.374708937390672066e-13,5.010097933100519096e-01,-9.405668710887465647e-16
2.942814294194155411e-01,-3.840300040281493903e-04,7.895583373940071592e-01,1.402293407900727720e-03,2.578420585131168535e-02,3.163073327832980841e-06,9.996665485509708127e-01,2.206765389595641280e-02,-2.380183188070511199e-02,7.795834395631007739e-03,5.079707559501493719e-02,-2.141811260123941199e-02,2.480976878889367895e-02,3.841119119574498697e-02,2.487708853134002959e-02,-1.880984480029985421e-03,5.023311158421055189e-02,-3.705866111615659791e-02,-2.486873617513307363e-02,-5.688836878009989068e-07,4.980392165297624074e-01,3.000000000005101364e-01,4.663675646262620771e-13,5.010100837073490077e-01,1.720223816920118484e-15,4.980395514712416816e-01,-2.999999999995082711e-01,3.374708937390672066e-13,5.010097933100519096e-01,-9.405668710887465647e-16
