0.000000000000000000e+00,0.000000000000000000e+00,2.248369674876316282e-01,7.463811313111637924e-01,0.000000000000000000e+00,6.655187501661147254e-01,0.000000000000000000e+00,-2.941297420986618283e-01,4.737286330882503095e-03,-1.326690936689396347e-03,6.131955366703700783e-01,4.300042254408407982e-02,-4.824476482933573625e-03,-2.651934179746755493e-01,6.154305126327436030e-03,-3.144276505901493542e-03,6.172405094408000004e-01,7.750472236411277971e-02,-6.836346140805756900e-03,1.849534514881427108e-03,3.894717071273974367e-03,-3.242895019816425806e-01,-5.919389965880410970e-02,1.471061995460209437e-01,-1.277142171596909181e-01,1.626009191372038698e-01,1.223452507208253603e+00,1.273735321258710473e-01,1.341487438820919920e+00,-1.076575301203220453e-01,-9.180907997028660283e-02,1.309693792807083493e-02,1.706425895983158525e-01,-1.642962244592692578e+00,1.141238855062760571e-01,-1.319124419045861529e+00
-3.715376281919305118e-04,0.000000000000000000e+00,2.260794596858993477e-01,7.514589029248478491e-01,0.000000000000000000e+00,6.597799005842662767e-01,0.000000000000000000e+00,-2.774282573812064667e-01,4.737286330882503095e-03,-1.326690936689396347e-03,6.131955366703700783e-01,4.300042254408407982e-02,-4.824476482933573625e-03,-2.494053265276863496e-01,6.154305126327436030e-03,-3.144276505901493542e-03,6.172405094408000004e-01,7.750472236411277971e-02,-6.836346140805756900e-03,1.764210379125700232e-03,3.906690420871433179e-03,-3.039896511202238027e-01,-6.651763457635158361e-02,1.475958015731322071e-01,-1.264604897653320015e-01,1.656751899124390415e-01,1.222744249631607660e+00,1.276365989680759983e-01,1.340962953821120518e+00,-1.155880731509172504e-01,-9.236060986960997754e-02,1.167110320299357545e-02,1.759737283013094455e-01,-1.642405482029017705e+00,1.145426793691627365e-01,-1.320969137523061443e+00
-7.430752563838610237e-04,0.000000000000000000e+00,2.273219518841670950e-01,7.564925502551259617e-01,0.000000000000000000e+00,6.540023099412537455e-01,0.000000000000000000e+00,-2.607267726637510497e-01,4.737286330882503095e-03,-1.326690936689396347e-03,6.131955366703700783e-01,4.300042254408407982e-02,-4.824476482933573625e-03,-2.336172350806971776e-01,6.154305126327436030e-03,-3.144276505901493542e-03,6.172405094408000004e-01,7.750472236411277971e-02,-6.836346140805756900e-03,1.678886243369973573e-03,3.918663770468892860e-03,-2.836898002588050804e-01,-7.384136949389906446e-02,1.480854036002434704e-01,-1.252067623709731126e-01,1.687494606876742409e-01,1.222035992054961939e+00,1.278996658102809769e-01,1.340438468821321116e+00,-1.235186161815124695e-01,-9.291213976893335225e-02,1.024526847791631598e-02,1.813048670043030108e-01,-1.641848719465342832e+00,1.149614732320494159e-01,-1.322813856000261357e+00
-1.114612884575791590e-03,0.000000000000000000e+00,2.285644440824348145e-01,7.614817777354921935e-01,0.000000000000000000e+00,6.481863174865652999e-01,0.000000000000000000e+00,-2.440252879462956603e-01,4.737286330882503095e-03,-1.326690936689396347e-03,6.131955366703700783e-01,4.300042254408407982e-02,-4.824476482933573625e-03,-2.178291436337079778e-01,6.154305126327436030e-03,-3.144276505901493542e-03,6.172405094408000004e-01,7.750472236411277971e-02,-6.836346140805756900e-03,1.593562107614246697e-03,3.930637120066351672e-03,-2.633899493973863026e-01,-8.116510441144654531e-02,1.485750056273547337e-01,-1.239530349766141959e-01,1.718237314629094126e-01,1.221327734478315996e+00,1.281627326524859278e-01,1.339913983821521937e+00,-1.314491592121076746e-01,-9.346366966825672695e-02,8.819433752839056506e-03,1.866360057072966039e-01,-1.641291956901667959e+00,1.153802670949360953e-01,-1.324658574477461270e+00
-1.486150512767722047e-03,0.000000000000000000e+00,2.298069362807025340e-01,7.664262924076936656e-01,0.000000000000000000e+00,6.423322647245711670e-01,0.000000000000000000e+00,-2.273238032288402710e-01,4.737286330882503095e-03,-1.326690936689396347e-03,6.131955366703700783e-01,4.300042254408407982e-02,-4.824476482933573625e-03,-2.020410521867188058e-01,6.154305126327436030e-03,-3.144276505901493542e-03,6.172405094408000004e-01,7.750472236411277971e-02,-6.836346140805756900e-03,1.508237971858519821e-03,3.942610469663811353e-03,-2.430900985359675526e-01,-8.848883932899401228e-02,1.490646076544659970e-01,-1.226993075822552931e-01,1.748980022381446120e-01,1.220619476901670053e+00,1.284257994946909065e-01,1.339389498821722535e+00,-1.393797022427028798e-01,-9.401519956758011554e-02,7.393599027761797032e-03,1.919671444102901692e-01,-1.640735194337993086e+00,1.157990609578227748e-01,-1.326503292954661406e+00
-1.857688140959652722e-03,0.000000000000000000e+00,2.310494284789702812e-01,7.713258039389316867e-01,0.000000000000000000e+00,6.364404953944716725e-01,0.000000000000000000e+00,-2.106223185113848817e-01,4.737286330882503095e-03,-1.326690936689396347e-03,6.131955366703700783e-01,4.300042254408407982e-02,-4.824476482933573625e-03,-1.862529607397295783e-01,6.154305126327436030e-03,-3.144276505901493542e-03,6.172405094408000004e-01,7.750472236411277971e-02,-6.836346140805756900e-03,1.422913836102792946e-03,3.954583819261270165e-03,-2.227902476745487470e-01,-9.581257424654150701e-02,1.495542096815772604e-01,-1.214455801878963903e-01,1.779722730133797837e-01,1.219911219325024332e+00,1.286888663368958574e-01,1.338865013821923133e+00,-1.473102452732981127e-01,-9.456672946690349024e-02,5.967764302684535824e-03,1.972982831132837622e-01,-1.640178431774318213e+00,1.162178548207094680e-01,-1.328348011431861320e+00
-2.229225769151583179e-03,0.000000000000000000e+00,2.322919206772380007e-01,7.761800246389093383e-01,0.000000000000000000e+00,6.305113554501157180e-01,0.000000000000000000e+00,-1.939208337939294924e-01,4.737286330882503095e-03,-1.326690936689396347e-03,6.131955366703700783e-01,4.300042254408407982e-02,-4.824476482933573625e-03,-1.704648692927404063e-01,6.154305126327436030e-03,-3.144276505901493542e-03,6.172405094408000004e-01,7.750472236411277971e-02,-6.836346140805756900e-03,1.337589700347066287e-03,3.966557168858729845e-03,-2.024903968131300247e-01,-1.031363091640889740e-01,1.500438117086885237e-01,-1.201918527935374875e-01,1.810465437886149831e-01,1.219202961748378389e+00,1.289519331791008361e-01,1.338340528822123732e+00,-1.552407883038932901e-01,-9.511825936622686495e-02,4.541929577607276350e-03,2.026294218162773553e-01,-1.639621669210643118e+00,1.166366486835961475e-01,-1.330192729909061233e+00
-2.600763397343513854e-03,0.000000000000000000e+00,2.335344128755057480e-01,7.809886694767217419e-01,0.000000000000000000e+00,6.245451930396870299e-01,0.000000000000000000e+00,-1.772193490764741031e-01,4.737286330882503095e-03,-1.326690936689396347e-03,6.131955366703700783e-01,4.300042254408407982e-02,-4.824476482933573625e-03,-1.546767778457512066e-01,6.154305126327436030e-03,-3.144276505901493542e-03,6.172405094408000004e-01,7.750472236411277971e-02,-6.836346140805756900e-03,1.252265564591339411e-03,3.978530518456188658e-03,-1.821905459517112469e-01,-1.104600440816364548e-01,1.505334137357997870e-01,-1.189381253991785847e-01,1.841208145638501548e-01,1.218494704171732446e+00,1.292150000213057870e-01,1.337816043822324330e+00,-1.631713313344885230e-01,-9.566978926555023965e-02,3.116094852530015141e-03,2.079605605192709483e-01,-1.639064906646968245e+00,1.170554425464828269e-01,-1.332037448386261147e+00
-2.972301025535444095e-03,0.000000000000000000e+00,2.347769050737734675e-01,7.857514560975973339e-01,0.000000000000000000e+00,6.185423584852581813e-01,0.000000000000000000e+00,-1.605178643590187415e-01,4.737286330882503095e-03,-1.326690936689396347e-03,6.131955366703700783e-01,4.300042254408407982e-02,-4.824476482933573625e-03,-1.388886863987620346e-01,6.154305126327436030e-03,-3.144276505901493542e-03,6.172405094408000004e-01,7.750472236411277971e-02,-6.836346140805756900e-03,1.166941428835612752e-03,3.990503868053648338e-03,-1.618906950902924968e-01,-1.177837789991839357e-01,1.510230157629110503e-01,-1.176843980048196819e-01,1.871950853390853542e-01,1.217786446595086725e+00,1.294780668635107657e-01,1.337291558822524928e+00,-1.711018743650837282e-01,-9.622131916487361436e-02,1.690260127452757185e-03,2.132916992222645136e-01,-1.638508144083293372e+00,1.174742364093695063e-01,-1.333882166863461061e+00
-3.343838653727374335e-03,0.000000000000000000e+00,2.360193972720411870e-01,7.904681048394733844e-01,0.000000000000000000e+00,6.125032042622237105e-01,0.000000000000000000e+00,-1.438163796415633522e-01,4.737286330882503095e-03,-1.326690936689396347e-03,6.131955366703700783e-01,4.300042254408407982e-02,-4.824476482933573625e-03,-1.231005949517728487e-01,6.154305126327436030e-03,-3.144276505901493542e-03,6.172405094408000004e-01,7.750472236411277971e-02,-6.836346140805756900e-03,1.081617293079885876e-03,4.002477217651107151e-03,-1.415908442288737468e-01,-1.251075139167314165e-01,1.515126177900223137e-01,-1.164306706104607653e-01,1.902693561143205259e-01,1.217078189018440781e+00,1.297411337057157166e-01,1.336767073822725527e+00,-1.790324173956789333e-01,-9.677284906419698907e-02,2.644254023754981451e-04,2.186228379252581067e-01,-1.637951381519618499e+00,1.178930302722561857e-01,-1.335726885340660974e+00
-3.715376281919305444e-03,0.000000000000000000e+00,2.372618894703089343e-01,7.951383387494187494e-01,0.000000000000000000e+00,6.064280849786020111e-01,0.000000000000000000e+00,-1.271148949241079629e-01,4.737286330882503095e-03,-1.326690936689396347e-03,6.131955366703700783e-01,4.300042254408407982e-02,-4.824476482933573625e-03,-1.073125035047836351e-01,6.154305126327436030e-03,-3.144276505901493542e-03,6.172405094408000004e-01,7.750472236411277971e-02,-6.836346140805756900e-03,9.962931573241590004e-04,4.014450567248566831e-03,-1.212909933674549690e-01,-1.324312488342788974e-01,1.520022198171335770e-01,-1.151769432161018625e-01,1.933436268895557253e-01,1.216369931441795060e+00,1.300042005479206952e-01,1.336242588822926125e+00,-1.869629604262741385e-01,-9.732437896352037765e-02,-1.161409322701763063e-03,2.239539766282516720e-01,-1.637394618955943626e+00,1.183118241351428651e-01,-1.337571603817860888e+00
-4.086913910111235684e-03,0.000000000000000000e+00,2.385043816685766538e-01,7.997618835998961950e-01,0.000000000000000000e+00,6.003173573542132102e-01,0.000000000000000000e+00,-1.104134102066525736e-01,4.737286330882503095e-03,-1.326690936689396347e-03,6.131955366703700783e-01,4.300042254408407982e-02,-4.824476482933573625e-03,-9.152441205779446309e-02,6.154305126327436030e-03,-3.144276505901493542e-03,6.172405094408000004e-01,7.750472236411277971e-02,-6.836346140805756900e-03,9.109690215684323415e-04,4.026423916846025644e-03,-1.009911425060362189e-01,-1.397549837518263782e-01,1.524918218442448403e-01,-1.139232158217429597e-01,1.964178976647908970e-01,1.215661673865149117e+00,1.302672673901256462e-01,1.335718103823126723e+00,-1.948935034568693436e-01,-9.787590886284375236e-02,-2.587244047779021887e-03,2.292851153312452650e-01,-1.636837856392268531e+00,1.187306179980295445e-01,-1.339416322295060802e+00
-4.458451538303166359e-03,0.000000000000000000e+00,2.397468738668443733e-01,8.043384679048628527e-01,0.000000000000000000e+00,5.941713801997350330e-01,0.000000000000000000e+00,-9.371192548919719811e-02,4.737286330882503095e-03,-1.326690936689396347e-03,6.131955366703700783e-01,4.300042254408407982e-02,-4.824476482933573625e-03,-7.573632061080527722e-02,6.154305126327436030e-03,-3.144276505901493542e-03,6.172405094408000004e-01,7.750472236411277971e-02,-6.836346140805756900e-03,8.256448858127054657e-04,4.038397266443485324e-03,-8.069129164461746884e-02,-1.470787186693738313e-01,1.529814238713561036e-01,-1.126694884273840569e-01,1.994921684400260964e-01,1.214953416288503396e+00,1.305303342323306248e-01,1.335193618823327322e+00,-2.028240464874645488e-01,-9.842743876216712706e-02,-4.013078772856280493e-03,2.346162540342388303e-01,-1.636281093828593658e+00,1.191494118609162239e-01,-1.341261040772260715e+00
-4.829989166495097033e-03,0.000000000000000000e+00,2.409893660651121206e-01,8.088678229357136873e-01,0.000000000000000000e+00,5.879905143956313252e-01,0.000000000000000000e+00,-7.701044077174179492e-02,4.737286330882503095e-03,-1.326690936689396347e-03,6.131955366703700783e-01,4.300042254408407982e-02,-4.824476482933573625e-03,-5.994822916381607747e-02,6.154305126327436030e-03,-3.144276505901493542e-03,6.172405094408000004e-01,7.750472236411277971e-02,-6.836346140805756900e-03,7.403207500569785899e-04,4.050370616040945004e-03,-6.039144078319867714e-02,-1.544024535869213399e-01,1.534710258984673670e-01,-1.114157610330251402e-01,2.025664392152612958e-01,1.214245158711857453e+00,1.307934010745356035e-01,1.334669133823527920e+00,-2.107545895180597539e-01,-9.897896866149050177e-02,-5.438913497933542569e-03,2.399473927372324233e-01,-1.635724331264918785e+00,1.195682057238029034e-01,-1.343105759249460629e+00
-5.201526794687027708e-03,0.000000000000000000e+00,2.422318582633798401e-01,8.133496827370596538e-01,0.000000000000000000e+00,5.817751228709633349e-01,0.000000000000000000e+00,-6.030895605428640560e-02,4.737286330882503095e-03,-1.326690936689396347e-03,6.131955366703700783e-01,4.300042254408407982e-02,-4.824476482933573625e-03,-4.416013771682687772e-02,6.154305126327436030e-03,-3.144276505901493542e-03,6.172405094408000004e-01,7.750472236411277971e-02,-6.836346140805756900e-03,6.549966143012517141e-04,4.062343965638403817e-03,-4.009158992177991321e-02,-1.617261885044687930e-01,1.539606279255786303e-01,-1.101620336386662374e-01,2.056407099904964675e-01,1.213536901135211732e+00,1.310564679167405544e-01,1.334144648823728518e+00,-2.186851325486549591e-01,-9.953049856081387647e-02,-6.864748223010802911e-03,2.452785314402259886e-01,-1.635167568701243912e+00,1.199869995866895828e-01,-1.344950477726660543e+00
-5.573064422878957515e-03,0.000000000000000000e+00,2.434743504616475596e-01,8.177837841423439835e-01,0.000000000000000000e+00,5.755255705820795376e-01,0.000000000000000000e+00,-4.360747133683104404e-02,4.737286330882503095e-03,-1.326690936689396347e-03,6.131955366703700783e-01,4.300042254408407982e-02,-4.824476482933573625e-03,-2.837204626983770572e-02,6.154305126327436030e-03,-3.144276505901493542e-03,6.172405094408000004e-01,7.750472236411277971e-02,-6.836346140805756900e-03,5.696724785455250552e-04,4.074317315235863497e-03,-1.979173906036116315e-02,-1.690499234220162739e-01,1.544502299526898936e-01,-1.089083062443073346e-01,2.087149807657316669e-01,1.212828643558565789e+00,1.313195347589455331e-01,1.333620163823929117e+00,-2.266156755792501643e-01,-1.000820284601372512e-01,-8.290582948088060650e-03,2.506096701432195539e-01,-1.634610806137568817e+00,1.204057934495762622e-01,-1.346795196203860456e+00
-5.944602051070888189e-03,0.000000000000000000e+00,2.447168426599153068e-01,8.221698667892948231e-01,0.000000000000000000e+00,5.692422244911854445e-01,0.000000000000000000e+00,-2.690598661937564084e-02,4.737286330882503095e-03,-1.326690936689396347e-03,6.131955366703700783e-01,4.300042254408407982e-02,-4.824476482933573625e-03,-1.258395482284850597e-02,6.154305126327436030e-03,-3.144276505901493542e-03,6.172405094408000004e-01,7.750472236411277971e-02,-6.836346140805756900e-03,4.843483427897982336e-04,4.086290664833323177e-03,5.081118010575869093e-04,-1.763736583395637547e-01,1.549398319798011570e-01,-1.076545788499484319e-01,2.117892515409668386e-01,1.212120385981919846e+00,1.315826016011504840e-01,1.333095678824129715e+00,-2.345462186098453694e-01,-1.006335583594606259e-01,-9.716417673165321858e-03,2.559408088462131747e-01,-1.634054043573893944e+00,1.208245873124629416e-01,-1.348639914681060370e+00
-6.316139679262819731e-03,0.000000000000000000e+00,2.459593348581830263e-01,8.265076731352135608e-01,0.000000000000000000e+00,5.629254535447966168e-01,0.000000000000000000e+00,-1.020450190192023071e-02,4.737286330882503095e-03,-1.326690936689396347e-03,6.131955366703700783e-01,4.300042254408407982e-02,-4.824476482933573625e-03,3.204136624140704187e-03,6.154305126327436030e-03,-3.144276505901493542e-03,6.172405094408000004e-01,7.750472236411277971e-02,-6.836346140805756900e-03,3.990242070340713036e-04,4.098264014430781990e-03,2.080796266247636125e-02,-1.836973932571112633e-01,1.554294340069124480e-01,-1.064008514555895152e-01,2.148635223162020103e-01,1.211412128405273902e+00,1.318456684433554349e-01,1.332571193824330313e+00,-2.424767616404406023e-01,-1.011850882587840145e-01,-1.114225239824258307e-02,2.612719475492067400e-01,-1.633497281010219071e+00,1.212433811753496210e-01,-1.350484633158260506e+00
-6.687677307454748671e-03,0.000000000000000000e+00,2.472018270564507736e-01,8.307969484720972853e-01,0.000000000000000000e+00,5.565756286520741059e-01,0.000000000000000000e+00,6.496982815535130851e-03,4.737286330882503095e-03,-1.326690936689396347e-03,6.131955366703700783e-01,4.300042254408407982e-02,-4.824476482933573625e-03,1.899222807112986577e-02,6.154305126327436030e-03,-3.144276505901493542e-03,6.172405094408000004e-01,7.750472236411277971e-02,-6.836346140805756900e-03,3.137000712783446447e-04,4.110237364028241670e-03,4.110781352389508009e-02,-1.910211281746587164e-01,1.559190360340237114e-01,-1.051471240612306124e-01,2.179377930914371819e-01,1.210703870828628181e+00,1.321087352855604136e-01,1.332046708824530912e+00,-2.504073046710357797e-01,-1.017366181581073892e-01,-1.256808712331983907e-02,2.666030862522003053e-01,-1.632940518446544198e+00,1.216621750382363004e-01,-1.352329351635460419e+00
-7.059214935646680213e-03,0.000000000000000000e+00,2.484443192547184931e-01,8.350374409415939336e-01,0.000000000000000000e+00,5.501931226630464300e-01,0.000000000000000000e+00,2.319846753299054792e-02,4.737286330882503095e-03,-1.326690936689396347e-03,6.131955366703700783e-01,4.300042254408407982e-02,-4.824476482933573625e-03,3.478031951811908634e-02,6.154305126327436030e-03,-3.144276505901493542e-03,6.172405094408000004e-01,7.750472236411277971e-02,-6.836346140805756900e-03,2.283759355226177689e-04,4.122210713625701350e-03,6.140766438531386484e-02,-1.983448630922061973e-01,1.564086380611349747e-01,-1.038933966668716957e-01,2.210120638666723536e-01,1.209995613251982238e+00,1.323718021277653922e-01,1.331522223824731510e+00,-2.583378477016309849e-01,-1.022881480574307639e-01,-1.399392184839710201e-02,2.719342249551939261e-01,-1.632383755882869103e+00,1.220809689011229798e-01,-1.354174070112660333e+00
-7.430752563838610887e-03,0.000000000000000000e+00,2.496868114529862126e-01,8.392289015497926830e-01,0.000000000000000000e+00,5.437783103467150880e-01,0.000000000000000000e+00,3.989995225044595806e-02,4.737286330882503095e-03,-1.326690936689396347e-03,6.131955366703700783e-01,4.300042254408407982e-02,-4.824476482933573625e-03,5.056841096510829997e-02,6.154305126327436030e-03,-3.144276505901493542e-03,6.172405094408000004e-01,7.750472236411277971e-02,-6.836346140805756900e-03,1.430517997668908931e-04,4.134184063223160163e-03,8.170751524673265653e-02,-2.056685980097536781e-01,1.568982400882462380e-01,-1.026396692725127929e-01,2.240863346419075530e-01,1.209287355675336517e+00,1.326348689699703431e-01,1.330997738824932108e+00,-2.662683907322261900e-01,-1.028396779567541525e-01,-1.541975657347436322e-02,2.772653636581874914e-01,-1.631826993319194230e+00,1.224997627640096731e-01,-1.356018788589860247e+00
-7.802290192030539827e-03,0.000000000000000000e+00,2.509293036512539321e-01,8.433710841818424786e-01,0.000000000000000000e+00,5.373315683690504940e-01,0.000000000000000000e+00,5.660143696790131962e-02,4.737286330882503095e-03,-1.326690936689396347e-03,6.131955366703700783e-01,4.300042254408407982e-02,-4.824476482933573625e-03,6.635650241209746503e-02,6.154305126327436030e-03,-3.144276505901493542e-03,6.172405094408000004e-01,7.750472236411277971e-02,-6.836346140805756900e-03,5.772766401116424773e-05,4.146157412820618976e-03,1.020073661081513650e-01,-2.129923329273011590e-01,1.573878421153575013e-01,-1.013859418781538901e-01,2.271606054171427247e-01,1.208579098098690574e+00,1.328979358121753218e-01,1.330473253825132707e+00,-2.741989337628213952e-01,-1.033912078560775272e-01,-1.684559129855162096e-02,2.825965023611810567e-01,-1.631270230755519357e+00,1.229185566268963525e-01,-1.357863507067060160e+00
-8.173827820222471369e-03,0.000000000000000000e+00,2.521717958495217071e-01,8.474637456164044735e-01,0.000000000000000000e+00,5.308532752708737812e-01,0.000000000000000000e+00,7.330292168535672281e-02,4.737286330882503095e-03,-1.326690936689396347e-03,6.131955366703700783e-01,4.300042254408407982e-02,-4.824476482933573625e-03,8.214459385908666478e-02,6.154305126327436030e-03,-3.144276505901493542e-03,6.172405094408000004e-01,7.750472236411277971e-02,-6.836346140805756900e-03,-2.759647174456263143e-05,4.158130762418078656e-03,1.223072169695701428e-01,-2.203160678448486398e-01,1.578774441424687647e-01,-1.001322144837949873e-01,2.302348761923779241e-01,1.207870840522044853e+00,1.331610026543802727e-01,1.329948768825333305e+00,-2.821294767934166003e-01,-1.039427377554009019e-01,-1.827142602362888044e-02,2.879276410641746775e-01,-1.630713468191844484e+00,1.233373504897830319e-01,-1.359708225544260074e+00
-8.545365448414402043e-03,0.000000000000000000e+00,2.534142880477894266e-01,8.515066455399336043e-01,0.000000000000000000e+00,5.243438114456295818e-01,0.000000000000000000e+00,9.000440640281212601e-02,4.737286330882503095e-03,-1.326690936689396347e-03,6.131955366703700783e-01,4.300042254408407982e-02,-4.824476482933573625e-03,9.793268530607586453e-02,6.154305126327436030e-03,-3.144276505901493542e-03,6.172405094408000004e-01,7.750472236411277971e-02,-6.836346140805756900e-03,-1.129206075002895038e-04,4.170104112015538336e-03,1.426070678309889206e-01,-2.276398027623961207e-01,1.583670461695800280e-01,-9.887848708943608456e-02,2.333091469676130958e-01,1.207162582945398910e+00,1.334240694965852236e-01,1.329424283825533903e+00,-2.900600198240118055e-01,-1.044942676547242766e-01,-1.969726074870613991e-02,2.932587797671682428e-01,-1.630156705628169611e+00,1.237561443526697114e-01,-1.361552944021459988e+00
-8.916903076606332718e-03,0.000000000000000000e+00,2.546567802460571461e-01,8.554995465607890814e-01,0.000000000000000000e+00,5.178035591170502272e-01,0.000000000000000000e+00,1.067058911202674876e-01,4.737286330882503095e-03,-1.326690936689396347e-03,6.131955366703700783e-01,4.300042254408407982e-02,-4.824476482933573625e-03,1.137207767530650226e-01,6.154305126327436030e-03,-3.144276505901493542e-03,6.172405094408000004e-01,7.750472236411277971e-02,-6.836346140805756900e-03,-1.982447432560161763e-04,4.182077461612997149e-03,1.629069186924076429e-01,-2.349635376799436015e-01,1.588566481966912913e-01,-9.762475969507716789e-02,2.363834177428482952e-01,1.206454325368753189e+00,1.336871363387902023e-01,1.328899798825734502e+00,-2.979905628546070107e-01,-1.050457975540476513e-01,-2.112309547378339938e-02,2.985899184701618081e-01,-1.629599943064494516e+00,1.241749382155563908e-01,-1.363397662498659901e+00
-9.288440704798263392e-03,0.000000000000000000e+00,2.558992724443248656e-01,8.594422142231734618e-01,0.000000000000000000e+00,5.112329023167120345e-01,0.000000000000000000e+00,1.234073758377228769e-01,4.737286330882503095e-03,-1.326690936689396347e-03,6.131955366703700783e-01,4.300042254408407982e-02,-4.824476482933573625e-03,1.295088682000542502e-01,6.154305126327436030e-03,-3.144276505901493542e-03,6.172405094408000004e-01,7.750472236411277971e-02,-6.836346140805756900e-03,-2.835688790117430521e-04,4.194050811210456829e-03,1.832067695538264485e-01,-2.422872725974910824e-01,1.593462502238025547e-01,-9.637103230071826510e-02,2.394576885180834669e-01,1.205746067792107246e+00,1.339502031809951532e-01,1.328375313825935100e+00,-3.059211058852022158e-01,-1.055973274533710260e-01,-2.254893019886065886e-02,3.039210571731554289e-01,-1.629043180500819643e+00,1.245937320784430702e-01,-1.365242380975859815e+00
-9.659978332990194066e-03,0.000000000000000000e+00,2.571417646425925851e-01,8.633344170208995250e-01,0.000000000000000000e+00,5.046322268614872320e-01,0.000000000000000000e+00,1.401088605551782940e-01,4.737286330882503095e-03,-1.326690936689396347e-03,6.131955366703700783e-01,4.300042254408407982e-02,-4.824476482933573625e-03,1.452969596470434221e-01,6.154305126327436030e-03,-3.144276505901493542e-03,6.172405094408000004e-01,7.750472236411277971e-02,-6.836346140805756900e-03,-3.688930147674699279e-04,4.206024160807915642e-03,2.035066204152452263e-01,-2.496110075150385632e-01,1.598358522509138180e-01,-9.511730490635936230e-02,2.425319592933186663e-01,1.205037810215461302e+00,1.342132700232001319e-01,1.327850828826135920e+00,-3.138516489157974210e-01,-1.061488573526944146e-01,-2.397476492393792180e-02,3.092521958761489942e-01,-1.628486417937144770e+00,1.250125259413297496e-01,-1.367087099453059729e+00
-1.003151596118212474e-02,0.000000000000000000e+00,2.583842568408603046e-01,8.671759264109843990e-01,0.000000000000000000e+00,4.980019203308868603e-01,0.000000000000000000e+00,1.568103452726336833e-01,4.737286330882503095e-03,-1.326690936689396347e-03,6.131955366703700783e-01,4.300042254408407982e-02,-4.824476482933573625e-03,1.610850510940326497e-01,6.154305126327436030e-03,-3.144276505901493542e-03,6.172405094408000004e-01,7.750472236411277971e-02,-6.836346140805756900e-03,-4.542171505231968579e-04,4.217997510405375322e-03,2.238064712766640318e-01,-2.569347424325860718e-01,1.603254542780250813e-01,-9.386357751200044564e-02,2.456062300685538380e-01,1.204329552638815581e+00,1.344763368654050828e-01,1.327326343826336519e+00,-3.217821919463926816e-01,-1.067003872520177893e-01,-2.540059964901518128e-02,3.145833345791425595e-01,-1.627929655373469897e+00,1.254313198042164290e-01,-1.368931817930259642e+00
-1.040305358937405542e-02,0.000000000000000000e+00,2.596267490391280797e-01,8.709665168270688262e-01,0.000000000000000000e+00,4.913423720443039766e-01,0.000000000000000000e+00,1.735118299900890726e-01,4.737286330882503095e-03,-1.326690936689396347e-03,6.131955366703700783e-01,4.300042254408407982e-02,-4.824476482933573625e-03,1.768731425410218494e-01,6.154305126327436030e-03,-3.144276505901493542e-03,6.172405094408000004e-01,7.750472236411277971e-02,-6.836346140805756900e-03,-5.395412862789237879e-04,4.229970860002834135e-03,2.441063221380828097e-01,-2.642584773501335249e-01,1.608150563051363446e-01,-9.260985011764154284e-02,2.486805008437890097e-01,1.203621295062169638e+00,1.347394037076100615e-01,1.326801858826537117e+00,-3.297127349769878868e-01,-1.072519171513411640e-01,-2.682643437409244075e-02,3.199144732821361803e-01,-1.627372892809794802e+00,1.258501136671031084e-01,-1.370776536407459778e+00
-1.077459121756598436e-02,0.000000000000000000e+00,2.608692412373957992e-01,8.747059656926612359e-01,0.000000000000000000e+00,4.846539730381552169e-01,0.000000000000000000e+00,1.902133147075443786e-01,4.737286330882503095e-03,-1.326690936689396347e-03,6.131955366703700783e-01,4.300042254408407982e-02,-4.824476482933573625e-03,1.926612339880109659e-01,6.154305126327436030e-03,-3.144276505901493542e-03,6.172405094408000004e-01,7.750472236411277971e-02,-6.836346140805756900e-03,-6.248654220346501215e-04,4.241944209600293815e-03,2.644061729995014765e-01,-2.715822122676809780e-01,1.613046583322476080e-01,-9.135612272328264005e-02,2.517547716190242091e-01,1.202913037485523917e+00,1.350024705498150124e-01,1.326277373826737715e+00,-3.376432780075830364e-01,-1.078034470506645387e-01,-2.825226909916969675e-02,3.252456119851296901e-01,-1.626816130246119929e+00,1.262689075299897878e-01,-1.372621254884659692e+00
-1.114612884575791503e-02,0.000000000000000000e+00,2.621117334356635187e-01,8.783940534342088435e-01,0.000000000000000000e+00,4.779371160429166099e-01,0.000000000000000000e+00,2.069147994249997957e-01,4.737286330882503095e-03,-1.326690936689396347e-03,6.131955366703700783e-01,4.300042254408407982e-02,-4.824476482933573625e-03,2.084493254350001656e-01,6.154305126327436030e-03,-3.144276505901493542e-03,6.172405094408000004e-01,7.750472236411277971e-02,-6.836346140805756900e-03,-7.101895577903769973e-04,4.253917559197752628e-03,2.847060238609202543e-01,-2.789059471852284311e-01,1.617942603593588713e-01,-9.010239532892373726e-02,2.548290423942594085e-01,1.202204779908877974e+00,1.352655373920199910e-01,1.325752888826938314e+00,-3.455738210381782416e-01,-1.083549769499879134e-01,-2.967810382424695623e-02,3.305767506881233109e-01,-1.626259367682445056e+00,1.266877013928764673e-01,-1.374465973361859605e+00
-1.067443021980815816e-02,0.000000000000000000e+00,2.615341894357773866e-01,8.733685507988979690e-01,7.443053137155274442e-20,4.870599290389558966e-01,7.443053137155274442e-20,1.824395276665514987e-01,4.737062105258526071e-03,-1.327684098073927867e-03,6.136019189062790202e-01,4.278324478607311437e-02,-4.824542950822683848e-03,1.833897551246553015e-01,6.153905926077943810e-03,-3.145675136771973641e-03,6.176389371026660413e-01,7.729167302863185207e-02,-6.836648235766934478e-03,-5.892264436866364620e-04,4.220902649261262275e-03,2.569575402795091779e-01,-2.755800549109040376e-01,1.609808969556250080e-01,-9.089071745754341569e-02,2.619489284908661508e-01,1.202205768624883486e+00,1.322392859577267710e-01,1.334138354665028059e+00,-3.415505855503045418e-01,-1.069929964996878258e-01,-2.941288039851394295e-02,3.355814999780445396e-01,-1.626411574310892227e+00,1.272360564148410644e-01,-1.380645349080505513e+00
-1.020273159385840130e-02,0.000000000000000000e+00,2.609566454358913101e-01,8.682483039259845103e-01,1.488529884153286665e-19,4.961299050950780942e-01,1.488529884153286665e-19,1.579642559081032016e-01,4.736837879634549046e-03,-1.328677259458459388e-03,6.140083011421879622e-01,4.256606702806215586e-02,-4.824609418711794939e-03,1.583301848143104373e-01,6.153506725828451589e-03,-3.147073767642453741e-03,6.180373647645320823e-01,7.707862369315092443e-02,-6.836950330728112056e-03,-4.682633295828960351e-04,4.187887739324772790e-03,2.292090566980981015e-01,-2.722541626365795886e-01,1.601675335518911170e-01,-9.167903958616309412e-02,2.690688145874728932e-01,1.202206757340888998e+00,1.292130345234335786e-01,1.342523820503117804e+00,-3.375273500624308420e-01,-1.056310160493877381e-01,-2.914765697278093315e-02,3.405862492679657683e-01,-1.626563780939339621e+00,1.277844114368056616e-01,-1.386824724799151420e+00
-9.731032967908644429e-03,0.000000000000000000e+00,2.603791014360051781e-01,8.630338682669851380e-01,2.232592976794651346e-19,5.051460602876403083e-01,2.232592976794651346e-19,1.334889841496549046e-01,4.736613654010572889e-03,-1.329670420842991125e-03,6.144146833780967931e-01,4.234888927005119735e-02,-4.824675886600906030e-03,1.332706145039656009e-01,6.153107525578959368e-03,-3.148472398512933840e-03,6.184357924263981232e-01,7.686557435766999680e-02,-6.837252425689289634e-03,-3.473002154791556082e-04,4.154872829388283305e-03,2.014605731166870528e-01,-2.689282703622551396e-01,1.593541701481572537e-01,-9.246736171478278643e-02,2.761887006840796355e-01,1.202207746056894511e+00,1.261867830891403586e-01,1.350909286341207549e+00,-3.335041145745571423e-01,-1.042690355990876366e-01,-2.888243354704791988e-02,3.455909985578869970e-01,-1.626715987567786792e+00,1.283327664587702588e-01,-1.393004100517797328e+00
-9.259334341958885828e-03,0.000000000000000000e+00,2.598015574361191016e-01,8.577258094911470732e-01,2.976413874638331903e-19,5.141074165315615563e-01,2.976413874638331903e-19,1.090137123912066214e-01,4.736389428386596732e-03,-1.330663582227522646e-03,6.148210656140057351e-01,4.213171151204023190e-02,-4.824742354490016254e-03,1.082110441936207368e-01,6.152708325329467147e-03,-3.149871029383413939e-03,6.188342200882641642e-01,7.665252502218906916e-02,-6.837554520650468079e-03,-2.263371013754151271e-04,4.121857919451792952e-03,1.737120895352759764e-01,-2.656023780879306906e-01,1.585408067444233904e-01,-9.325568384340246486e-02,2.833085867806864333e-01,1.202208734772900023e+00,1.231605316548471524e-01,1.359294752179297294e+00,-3.294808790866834425e-01,-1.029070551487875490e-01,-2.861721012131491007e-02,3.505957478478082257e-01,-1.626868194196233963e+00,1.288811214807348282e-01,-1.399183476236443235e+00
-8.787635716009132431e-03,0.000000000000000000e+00,2.592240134362329695e-01,8.523247034240846176e-01,3.719911886956662686e-19,5.230130016864269482e-01,3.719911886956662686e-19,8.453844063275846310e-02,4.736165202762619708e-03,-1.331656743612054166e-03,6.152274478499145660e-01,4.191453375402927339e-02,-4.824808822379127345e-03,8.315147388327602529e-02,6.152309125079974926e-03,-3.151269660253894038e-03,6.192326477501303161e-01,7.643947568670815540e-02,-6.837856615611645657e-03,-1.053739872716752965e-04,4.088843009515303467e-03,1.459636059538650388e-01,-2.622764858136062971e-01,1.577274433406894993e-01,-9.404400597202214329e-02,2.904284728772931201e-01,1.202209723488905535e+00,1.201342802205539601e-01,1.367680218017387039e+00,-3.254576435988097427e-01,-1.015450746984874475e-01,-2.835198669558190027e-02,3.556004971377293988e-01,-1.627020400824681357e+00,1.294294765026994254e-01,-1.405362851955089143e+00
-8.315937090059375564e-03,0.000000000000000000e+00,2.586464694363468930e-01,8.468311359853113451e-01,4.463006358049071295e-19,5.318618496619467173e-01,4.463006358049071295e-19,5.486624561827491142e-02,4.739111961128137859e-03,-1.388789570178300924e-03,6.357331890418054243e-01,3.023873555879291047e-02,-4.846499155430200600e-03,5.258374914649720233e-02,6.139120656388161353e-03,-3.226064951462937792e-03,6.405911152857908242e-01,6.430721859073172675e-02,-6.862036714838346679e-03,-4.609023762682513243e-05,4.125414919799987902e-03,1.217817058514710227e-01,-2.536029112401181340e-01,1.561483333882639768e-01,-9.526102232749616983e-02,2.948946691285872501e-01,1.202003891737697616e+00,1.162716210796318206e-01,1.378683204066581736e+00,-3.131791094500507300e-01,-9.896380228480372576e-02,-2.655181398475360208e-02,3.527685197097873426e-01,-1.627891900402089087e+00,1.300304046569187855e-01,-1.412271639780516175e+00
-7.844238464109618697e-03,0.000000000000000000e+00,2.580689254364607610e-01,8.412457031246792782e-01,5.205616675991672928e-19,5.406530005227606628e-01,5.205616675991672928e-19,2.987066736883803655e-02,4.739157939374959681e-03,-1.396750465230778369e-03,6.385748769045023199e-01,2.867839759201278732e-02,-4.849120051783240189e-03,2.696651286467262321e-02,6.136997913503811596e-03,-3.236649284582056568e-03,6.435295532760401116e-01,6.269814217538012546e-02,-6.865225106564403976e-03,6.059084491978713094e-05,4.097792024187329497e-03,9.460815961505301963e-02,-2.493883754657628959e-01,1.552624744970821369e-01,-9.612106597818571851e-02,3.012587033852033858e-01,1.202030621479134531e+00,1.132205813177919185e-01,1.387184800888763059e+00,-3.077507174251647992e-01,-9.745896032464616832e-02,-2.602744452901516875e-02,3.561202055361717966e-01,-1.628159155681494719e+00,1.305475885767277411e-01,-1.418232928795184922e+00
-7.372539838159861830e-03,0.000000000000000000e+00,2.574913814365746845e-01,8.355690107577296022e-01,5.947662281382194594e-19,5.493855005925706303e-01,5.947662281382194594e-19,4.981328050402879931e-03,4.739138945128850561e-03,-1.403991185330370458e-03,6.411480158315959743e-01,2.727977650142820315e-02,-4.851437725530927114e-03,1.460205438171608382e-03,6.135012498195754199e-03,-3.246307841476184231e-03,6.461878521213370030e-01,6.125758792827896981e-02,-6.868092579228181165e-03,1.660489717189419579e-04,4.068551203813276264e-03,6.742918726727167855e-02,-2.451757877263062713e-01,1.543920992138040904e-01,-9.698089305116754100e-02,3.075333973078888672e-01,1.202072824807999929e+00,1.102021488243646041e-01,1.395594533514896485e+00,-3.023159333737693300e-01,-9.597135025486482063e-02,-2.550165539382704197e-02,3.593739712714153489e-01,-1.628425688617504363e+00,1.310535694424459774e-01,-1.424096522610995841e+00
-6.900841212210104096e-03,0.000000000000000000e+00,2.569138374366885524e-01,8.298016746999619109e-01,6.689062676079197603e-19,5.580584025575986429e-01,6.689062676079197603e-19,-2.239785147536652032e-02,4.737329219353516446e-03,-1.425494655800610020e-03,6.493696570041274096e-01,2.271467308783588906e-02,-4.856801094777997083e-03,-2.663242194340061098e-02,6.127978895166139202e-03,-3.276499319667356813e-03,6.547032810115283041e-01,5.653689706232542522e-02,-6.876931657286766003e-03,2.750993175904654854e-04,4.077920035048001463e-03,4.020364962547015586e-02,-2.411668931433484098e-01,1.533506469931782412e-01,-9.781711591046009235e-02,3.158496987965158653e-01,1.201829547944675225e+00,1.065295845067588815e-01,1.405722543346309417e+00,-2.972049162733690908e-01,-9.423821597702435049e-02,-2.502238942140226630e-02,3.647726495709033845e-01,-1.628689636950871877e+00,1.317029732786037521e-01,-1.431781300052028971e+00
-6.429142586260347229e-03,0.000000000000000000e+00,2.563362934368024759e-01,8.239443206000297559e-01,7.429737431934568936e-19,5.666707655693519197e-01,7.429737431934568936e-19,-4.965970912340349208e-02,4.735571081666643117e-03,-1.446191768386816080e-03,6.573086905452210083e-01,1.831376063905979651e-02,-4.861886437020040107e-03,-5.460324769348341711e-02,6.121167594977777390e-03,-3.305631846411201391e-03,6.629256883317802274e-01,5.198627816779723826e-02,-6.885387687399916259e-03,3.830592218259764713e-04,4.085987131715325404e-03,1.297307772620697602e-02,-2.371633395339630968e-01,1.523248920549063745e-01,-9.865736969586857974e-02,3.240849744893979922e-01,1.201597330231170657e+00,1.028929423218902656e-01,1.415766184589050791e+00,-2.920876537406209006e-01,-9.252035677418929405e-02,-2.453893223539034205e-02,3.700785795688696922e-01,-1.628955267179408084e+00,1.323432478777247512e-01,-1.439373648383815096e+00
-5.957443960310592965e-03,0.000000000000000000e+00,2.557587494369163439e-01,8.179975838718691605e-01,8.169606199518500044e-19,5.752216553466884541e-01,8.169606199518500044e-19,-7.440951529936676301e-02,4.735189352232272754e-03,-1.452322559842438932e-03,6.594768189349586862e-01,1.717846142100679790e-02,-4.863536108685732190e-03,-7.996245465988320589e-02,6.119189445309044552e-03,-3.314035513064526525e-03,6.651576406972888877e-01,5.082242291720407562e-02,-6.887784058638653055e-03,4.858811246536601344e-04,4.054927730932340532e-03,-1.422391669922926788e-02,-2.329788149964374111e-01,1.514877918022690395e-01,-9.951583809667391423e-02,3.302618237961715830e-01,1.201667551519526089e+00,9.992027557952790073e-02,1.424039871861603634e+00,-2.866585807995118418e-01,-9.106517225275201355e-02,-2.401341938193623377e-02,3.732087898195419196e-01,-1.629219236867033960e+00,1.328269940948899330e-01,-1.445090759050576157e+00
-5.485745334360836098e-03,0.000000000000000000e+00,2.551812054370302674e-01,8.119621096257683135e-01,8.908588716835943401e-19,5.837101442771676085e-01,8.908588716835943401e-19,-9.904549618093502761e-02,4.734762555011823824e-03,-1.457693564194958470e-03,6.613735979393403630e-01,1.620011254457795827e-02,-4.864881698913550885e-03,-1.052026786501843447e-01,6.117378138880361776e-03,-3.321452865734644475e-03,6.671066548494651860e-01,4.982185926642473256e-02,-6.889845695473317301e-03,5.874074983216064950e-04,4.022491761659542295e-03,-4.142604355175551895e-02,-2.287981579221722572e-01,1.506656273026904524e-01,-1.003738408008510025e-01,3.363508371659632568e-01,1.201750486753009328e+00,9.698006734230417425e-02,1.432222202201904437e+00,-2.812258525039446622e-01,-8.962685996751161566e-02,-2.348554706431727271e-02,3.762435769553575948e-01,-1.629483656212414644e+00,1.333001310186549271e-01,-1.450710165318649825e+00
-5.014046708411079231e-03,0.000000000000000000e+00,2.546036614371441353e-01,8.058385525983851050e-01,9.646604818033508750e-19,5.921353115176798410e-01,9.646604818033508750e-19,-1.234572668112092070e-01,4.734357447225507297e-03,-1.461669944366884464e-03,6.627485706816992339e-01,1.551914749536411134e-02,-4.865778904764505794e-03,-1.302090827107313109e-01,6.115951209548708793e-03,-3.326974981878823377e-03,6.685126589706275047e-01,4.913024205966008695e-02,-6.891308768188335494e-03,6.874237849384468631e-04,3.987003012378221960e-03,-6.863153368139598975e-02,-2.246126101361783922e-01,1.498661073085162942e-01,-1.012318848889117023e-01,3.422611575990485711e-01,1.201858876515969010e+00,9.410093806297920027e-02,1.440236049299917331e+00,-2.757757258047680571e-01,-8.821666822761452253e-02,-2.295338938909072951e-02,3.790878206924686022e-01,-1.629748631817577564e+00,1.337559418644981846e-01,-1.456150250931658618e+00
-4.542348082461322364e-03,0.000000000000000000e+00,2.540261174372580033e-01,7.996275770817199424e-01,1.038357444209592176e-18,6.004962430943411311e-01,1.038357444209592176e-18,-1.477510970196874718e-01,4.733916713811965604e-03,-1.464865673811722654e-03,6.638498194508912764e-01,1.499341342678724327e-02,-4.866371085563110828e-03,-1.550921395043620976e-01,6.114706837075760404e-03,-3.331479172454020286e-03,6.696333118349583335e-01,4.859998891548212435e-02,-6.892430445999271973e-03,7.861087905995485991e-04,3.950235544363665113e-03,-9.584203393982704267e-02,-2.204314040751632620e-01,1.490812442574044050e-01,-1.020890966846463160e-01,3.480828985191540825e-01,1.201978882335426491e+00,9.125432600845265196e-02,1.448157673695256609e+00,-2.703231195462881264e-01,-8.682329751996879785e-02,-2.241850014905744787e-02,3.818367401456010390e-01,-1.630014533908559216e+00,1.342013345430266569e-01,-1.461491650979328760e+00
-4.070649456511564630e-03,0.000000000000000000e+00,2.534485734373719268e-01,7.933298568510541715e-01,1.111941764153135565e-18,6.087920320016400044e-01,1.111941764153135565e-18,-1.718148430223264689e-01,4.733511618199409340e-03,-1.466639450071978001e-03,6.644273407100145246e-01,1.476111234389369115e-02,-4.866516152076144630e-03,-1.797351145772141112e-01,6.113870094860571203e-03,-3.334045115819088585e-03,6.702090098163130394e-01,4.837436813748457326e-02,-6.892947103313428955e-03,8.831784161138618800e-04,3.910580486881897952e-03,-1.230558029547569182e-01,-2.162462244539812839e-01,1.483186678200507924e-01,-1.029460136206176157e-01,3.537260959996409992e-01,1.202122071733736419e+00,8.846864678267517268e-02,1.455910556232431263e+00,-2.648554391784204709e-01,-8.545782974781557240e-02,-2.187878259900280509e-02,3.843969780412803128e-01,-1.630281668309595311e+00,1.346298335927909873e-01,-1.466653382601643685e+00
-3.598950830561808631e-03,0.000000000000000000e+00,2.528710294374857948e-01,7.869460750918542136e-01,1.185405459104384746e-18,6.170217783008358214e-01,1.185405459104384746e-18,-1.957579520429954256e-01,4.733078550303262966e-03,-1.467621347871246465e-03,6.647321821536011921e-01,1.468031846087569647e-02,-4.866358465211308160e-03,-2.042518448884318438e-01,6.113228067213691275e-03,-3.335575397962536100e-03,6.705004787305094416e-01,4.830610996401289020e-02,-6.893121869233874432e-03,9.788967470408360249e-04,3.869772672527103941e-03,-1.502744668076652357e-01,-2.120661420210390169e-01,1.475703509684501979e-01,-1.038017089550336836e-01,3.592817001953048650e-01,1.202275585066056252e+00,8.571502063739978861e-02,1.463571702961891763e+00,-2.593868157369453309e-01,-8.410893452111357915e-02,-2.133604348381760996e-02,3.868637866480790777e-01,-1.630550168415449086e+00,1.350482436451405643e-01,-1.471716910639845333e+00
-3.127252204612053499e-03,0.000000000000000000e+00,2.522934854375997182e-01,7.804769243256630684e-01,1.258740559619335766e-18,6.251845892175791342e-01,1.258740559619335766e-18,-2.201051712734106158e-01,4.733452919565012650e-03,-1.460964264657810784e-03,6.621067530266204759e-01,1.619627768777175125e-02,-4.864463505843468101e-03,-2.291608273292947140e-01,6.115278668090174362e-03,-3.326116446446828346e-03,6.677513842982349956e-01,4.989140950595637863e-02,-6.890118777053857654e-03,1.138994778723670127e-03,3.841627167949835265e-03,-1.791280387772192506e-01,-2.103328974647176719e-01,1.468005139730099162e-01,-1.044704774723279744e-01,3.682622102781052398e-01,1.202175918142570854e+00,8.255853708615391862e-02,1.472289974569878757e+00,-2.580427695355179685e-01,-8.291675224676478551e-02,-2.156988874136255355e-02,3.955844103970772019e-01,-1.630484348323223642e+00,1.357143459844246947e-01,-1.478933431482156058e+00
-2.655553578662296632e-03,0.000000000000000000e+00,2.517159414377135862e-01,7.739231063349715223e-01,1.331939110204069569e-18,6.332795792387658773e-01,1.331939110204069569e-18,-2.430462847275338401e-01,4.732289313441290050e-03,-1.465873298296241573e-03,6.640135064337381321e-01,1.524827288107242704e-02,-4.864852178673720155e-03,-2.526607245631879439e-01,6.113014663180326574e-03,-3.333606082621729146e-03,6.697008654827760754e-01,4.892648809142950000e-02,-6.891909538988328678e-03,1.165563707735418116e-03,3.781663273431342016e-03,-2.047228384674900370e-01,-2.037061381663186344e-01,1.461315521018895225e-01,-1.055101953079960048e-01,3.699493078625060161e-01,1.202633712057448845e+00,8.036111779727228566e-02,1.478464109628256917e+00,-2.484249907796345080e-01,-8.148292826101509456e-02,-2.023666864987889308e-02,3.913319219881555844e-01,-1.631092648632801678e+00,1.358424141352186920e-01,-1.481385647797478722e+00
-2.183854952712539765e-03,0.000000000000000000e+00,2.511383974378275097e-01,7.672853320870901550e-01,1.404993170177817255e-18,6.413058702085955298e-01,1.404993170177817255e-18,-2.638498059120450989e-01,4.733652927310454638e-03,-1.448619315237946372e-03,6.573600660404219642e-01,1.899194272565716407e-02,-4.860334444154415512e-03,-2.739086982442129337e-01,6.118631682803640261e-03,-3.309239663415809978e-03,6.627685423982661028e-01,5.282013165779607389e-02,-6.884538997434236710e-03,1.248561942799161469e-03,3.697940520527799504e-03,-2.319164176762852358e-01,-1.993329473201109203e-01,1.456139539906783353e-01,-1.063754257891289939e-01,3.730135448697112777e-01,1.203088264604396995e+00,7.840820902574706375e-02,1.483956003168190430e+00,-2.426563323550589846e-01,-8.045525802851591357e-02,-1.963077063506098868e-02,3.912270669145659352e-01,-1.631372978192960010e+00,1.360749235140036317e-01,-1.484153400554105051e+00
-1.712156326762782899e-03,0.000000000000000000e+00,2.505608534379413777e-01,7.605643216570197040e-01,1.477894814534329736e-18,6.492625914238379092e-01,1.477894814534329736e-18,-2.845384848344320594e-01,4.735138347783881402e-03,-1.430559400048767417e-03,6.504537652064563691e-01,2.287259719548762407e-02,-4.855541526997334337e-03,-2.950373989819702336e-01,6.124540734373156402e-03,-3.283807825603936043e-03,6.555750364876505865e-01,5.685461583834743732e-02,-6.876752502214656011e-03,1.330009932080212110e-03,3.613147470829188284e-03,-2.591160527834827643e-01,-1.949536104160304317e-01,1.451084366172157580e-01,-1.072375997620696325e-01,3.759701465067906700e-01,1.203551734687286601e+00,7.649071002236902672e-02,1.489347282811565032e+00,-2.368815458512948668e-01,-7.944347155594104481e-02,-1.901983835138719089e-02,3.910164940233654685e-01,-1.631655895954605473e+00,1.362975367881930910e-01,-1.486815058790015520e+00
-1.240457700813026032e-03,0.000000000000000000e+00,2.499833094380553011e-01,7.537608041493385480e-01,1.550636134801614217e-18,6.571488797282870609e-01,1.550636134801614217e-18,-3.078402013230000511e-01,4.734603045341376042e-03,-1.427466156358751532e-03,6.494025756622886503e-01,2.350373604803015354e-02,-4.853928130051358113e-03,-3.188810801885960111e-01,6.124986823384612894e-03,-3.279971945916402946e-03,6.544514400196670412e-01,5.752519962897043038e-02,-6.875297049456208058e-03,1.418340278142588094e-03,3.568272521171275344e-03,-2.863587612575678731e-01,-1.908115123123959589e-01,1.444270230107679298e-01,-1.080832750962410216e-01,3.811156037946781261e-01,1.203736668924778597e+00,7.388683687738985262e-02,1.496566814410011270e+00,-2.314347446141898912e-01,-7.817355011576927748e-02,-1.846046643570276036e-02,3.930604935262251298e-01,-1.631934831018921006e+00,1.366704663804941267e-01,-1.491406685584985015e+00
-7.687590748632674303e-04,0.000000000000000000e+00,2.494057654381691691e-01,7.468755176191078649e-01,1.623209239899871467e-18,6.649638796063961355e-01,1.623209239899871467e-18,-3.310070145589103507e-01,4.734054542991663478e-03,-1.423523539808856792e-03,6.480694706952586648e-01,2.428142522986114632e-02,-4.852020859784741957e-03,-3.425833151459899417e-01,6.125665058511189573e-03,-3.275013542552889997e-03,6.530339619240567162e-01,5.834767276136423875e-02,-6.873506277559247001e-03,1.505353511342256805e-03,3.522596383779797672e-03,-3.136057295085273311e-01,-1.866786074516276761e-01,1.437590158201730028e-01,-1.089269127336365689e-01,3.861782281510443560e-01,1.203928158035385776e+00,7.131384574435617463e-02,1.503696260395129380e+00,-2.259926845535178697e-01,-7.691953358806519203e-02,-1.789744592626868816e-02,3.950176554556477093e-01,-1.632216304450939459e+00,1.370344556071740882e-01,-1.495901614098289256e+00
-2.970604489135122983e-04,0.000000000000000000e+00,2.488282214382830648e-01,7.399092089918064552e-01,1.695606256997495987e-18,6.727067432760870380e-01,1.695606256997495987e-18,-3.540375642896905761e-01,4.733496759256341190e-03,-1.418726762544521812e-03,6.464550260768539003e-01,2.520374088826303483e-02,-4.849822017462155146e-03,-3.661426794210895785e-01,6.126581141791420486e-03,-3.268924665683986541e-03,6.513232980049168397e-01,5.931992860051606142e-02,-6.871381060712422259e-03,1.591063210540013140e-03,3.476171816237640967e-03,-3.408568484166615287e-01,-1.825554806883849523e-01,1.431042297404415409e-01,-1.097683667269623853e-01,3.911588299309167738e-01,1.204125583858987270e+00,6.877155046055689891e-02,1.510736003778656800e+00,-2.205561994448271002e-01,-7.568125333335745664e-02,-1.733064348476451647e-02,3.968890627223647938e-01,-1.632500523624055511e+00,1.373897334206349297e-01,-1.500300197121277490e+00
1.746381770362445685e-04,0.000000000000000000e+00,2.482506774383969606e-01,7.328626339823033353e-01,1.767819332365168744e-18,6.803766307807174174e-01,1.767819332365168744e-18,-3.769305868317278652e-01,4.732933628619835804e-03,-1.413071648566814088e-03,6.445600210173997313e-01,2.626865263778008566e-02,-4.847334116888865792e-03,-3.895578548196449997e-01,6.127740611232423626e-03,-3.261698213300266280e-03,6.493203668918408056e-01,6.043974434358856396e-02,-6.868922527651252948e-03,1.675485556389533833e-03,3.429050104907359602e-03,-3.681120053897068978e-01,-1.784427269830024254e-01,1.424624750331144607e-01,-1.106074892533289306e-01,3.960582688996432954e-01,1.204328331817178244e+00,6.625975618172082193e-02,1.517686463776428019e+00,-2.151261272092702959e-01,-7.445853150713716007e-02,-1.675993051483332802e-02,3.986758369165772642e-01,-1.632787690955470605e+00,1.377365369520072713e-01,-1.504602825991128157e+00
6.463368029860031699e-04,0.000000000000000000e+00,2.476731334385108563e-01,7.257365570128777588e-01,1.839840632227926133e-18,6.879727100801993345e-01,1.839840632227926133e-18,-3.996849157604236980e-01,4.732369098948662790e-03,-1.406554635924521122e-03,6.423854375346051970e-01,2.747402487431818696e-02,-4.844559882883691521e-03,-4.128276301485754307e-01,6.129148837214417646e-03,-3.253327935393725452e-03,6.470263092944248395e-01,6.170478251879153719e-02,-6.866132061143993132e-03,1.758639279666211405e-03,3.381280922509264687e-03,-3.953710843613117976e-01,-1.743409516520181557e-01,1.418335576153001987e-01,-1.114441306804456328e-01,4.008774548823494932e-01,1.204535791118213295e+00,6.377825931833031037e-02,1.524548096194091151e+00,-2.097033097401198032e-01,-7.325118121762703993e-02,-1.618518340603556510e-02,4.003791382414305100e-01,-1.633078003618100071e+00,1.380751113231331317e-01,-1.508809930727436077e+00
1.118035428935760037e-03,0.000000000000000000e+00,2.470955894386247520e-01,7.185317511302882210e-01,1.911662343614475627e-18,6.954941571412670553e-01,1.911662343614475627e-18,-4.222994825431354848e-01,4.731807128901498183e-03,-1.399172778545024415e-03,6.399324597024409478e-01,2.881761815146358097e-02,-4.841502249627333693e-03,-4.359509019122912443e-01,6.130811018996104936e-03,-3.243808437612572416e-03,6.444424871193017434e-01,6.311259255541941393e-02,-6.863011297320574002e-03,1.840545601193005389e-03,3.332912185729009370e-03,-4.226339657906371117e-01,-1.702507706278232891e-01,1.412172791472294797e-01,-1.122781396379149421e-01,4.056173484185657818e-01,1.204747354963364048e+00,6.132684746971688028e-02,1.531321393811916343e+00,-2.042885927325923390e-01,-7.205900669191614427e-02,-1.560628377742205759e-02,4.047002322260749296e-01,-1.633371653254072520e+00,1.384057094499220875e-01,-1.512921980156180402e+00
1.589734054885511699e-03,0.000000000000000000e+00,2.465180454387386477e-01,7.112489979219168701e-01,1.983276675203533372e-18,7.029401560268619953e-01,1.983276675203533372e-18,-4.447733171145603626e-01,4.731251685331840443e-03,-1.390923747701865772e-03,6.372024727809482147e-01,3.029709061815881108e-02,-4.838164358892499753e-03,-4.589266749425586212e-01,6.132732181323033958e-03,-3.233135184385978970e-03,6.415704824503501991e-01,6.466061242402110221e-02,-6.859562124842461493e-03,1.921228163172044971e-03,3.283989913334298127e-03,-4.499005266630686228e-01,-1.661728107273893751e-01,1.406134371181167186e-01,-1.131093630936329808e-01,4.102789614218558256e-01,1.204962420754732477e+00,5.890529935594643329e-02,1.538006886768616077e+00,-1.988828255170846382e-01,-7.088180345033126550e-02,-1.502311872052912965e-02,4.097049815159961583e-01,-1.633668825690059334e+00,1.387285918371846116e-01,-1.516939482020936980e+00
2.061432680835268566e-03,0.000000000000000000e+00,2.459405014388525434e-01,7.038890874309980950e-01,1.818867880578750069e-18,7.103098989846310385e-01,1.818867880578750069e-18,-4.634923565402507273e-01,4.729832017890944589e-03,-1.388428764070188341e-03,6.367710396893637714e-01,3.047000990449556107e-02,-4.835924612724962039e-03,-4.780777520653271551e-01,6.132579090765218240e-03,-3.230582576075649928e-03,6.410916959392155556e-01,6.485180556474247349e-02,-6.858304512841922537e-03,2.065162431871186543e-03,3.263265598252405083e-03,-4.711287958706378842e-01,-1.512585219411184123e-01,1.402717523511319009e-01,-1.148318197772320998e-01,3.944244873570740273e-01,1.206787859950631647e+00,5.960891827994025532e-02,1.536380243241010302e+00,-1.757351241141066889e-01,-6.980778726229455722e-02,-1.090433354432962174e-02,3.762624039177314139e-01,-1.635685225762328887e+00,1.380072783364805766e-01,-1.507757692540686367e+00
2.533131306785025433e-03,0.000000000000000000e+00,2.453629574389664392e-01,6.964528180708542404e-01,1.295049812592436251e-18,7.176025865346121746e-01,1.295049812592436251e-18,-4.849345512532948210e-01,4.730737924335562568e-03,-1.368322625319804342e-03,6.294793530861126918e-01,3.436368951309350800e-02,-4.830362903416230216e-03,-4.999614607639364383e-01,6.138908741021152637e-03,-3.202640076901796216e-03,6.334886965093865507e-01,6.889669214440766187e-02,-6.850317366034351131e-03,2.428779863091382052e-03,3.276352634448460085e-03,-4.984832189340347997e-01,-1.465305412521451245e-01,1.396956075959970289e-01,-1.158431353575220257e-01,3.952776441063635682e-01,1.207233807257140912e+00,5.798814266899809944e-02,1.540945898766842959e+00,-1.690270491512290696e-01,-6.898557497905964675e-02,-9.991476126898962695e-03,3.696647411460058374e-01,-1.636336502068802101e+00,1.383870594296335022e-01,-1.508406343488466694e+00
3.004829932734782300e-03,0.000000000000000000e+00,2.447854134390803349e-01,6.889409965383599399e-01,0.000000000000000000e+00,7.248174275558856294e-01,0.000000000000000000e+00,-5.028680815699999584e-01,4.730783787787181532e-03,-1.355492616840811310e-03,6.249806215117285069e-01,3.670226756176620669e-02,-4.826404051717788322e-03,-5.182782135649999233e-01,6.142728319092159890e-03,-3.184836801145415983e-03,6.287949116349155210e-01,7.132629163516594761e-02,-6.845106894679912728e-03,2.797740751218093323e-03,3.296485171039548884e-03,-5.200000000000000178e-01,-1.310347394327695814e-01,1.394179085458182310e-01,-1.177534989554907263e-01,3.756969006342452122e-01,1.209230511605234204e+00,5.959107100664858686e-02,1.537049637264210844e+00,-1.449218291213958676e-01,-6.814838164753408978e-02,-5.570050228059422043e-03,3.345476390066689509e-01,-1.638772346039805816e+00,1.377021838061966430e-01,-1.495655197580863627e+00
3.130475727715965797e-03,0.000000000000000000e+00,2.447854134390803349e-01,6.970682419460491053e-01,1.220761367913384257e-18,7.170047880385768124e-01,1.220761367913384257e-18,-4.805124138525914690e-01,4.726399554436009308e-03,-1.383504164695670106e-03,6.282026269527603013e-01,3.101611847045147169e-02,-4.835023255241736526e-03,-4.961402893628590882e-01,6.131689240182766967e-03,-3.221328589899820696e-03,6.326491006389431959e-01,6.588711984841498503e-02,-6.857764534171854887e-03,2.096754935322216965e-03,3.156727935614556980e-03,-5.013422122379040946e-01,-1.453819954154764726e-01,1.393302128160617825e-01,-1.162896268213791245e-01,4.039753671219233344e-01,1.207063191673305669e+00,5.544136369173167933e-02,1.548043425824372932e+00,-1.658052627511583943e-01,-6.773483077680775288e-02,-9.865017413123523468e-03,3.795071936937447488e-01,-1.636160060171143460e+00,1.385558520174820507e-01,-1.515079175796858690e+00
3.256121522697149294e-03,0.000000000000000000e+00,2.447854134390803349e-01,7.051068973313792121e-01,2.018318669497325072e-18,7.091010247741262873e-01,2.018318669497325072e-18,-4.585408585299344253e-01,4.721746154885091487e-03,-1.413660977433051340e-03,6.322888700636003501e-01,2.484647129596099374e-02,-4.844199552810825316e-03,-4.743872076383597314e-01,6.119892691144886154e-03,-3.260778928655358976e-03,6.373689242165563318e-01,5.996335643191889192e-02,-6.871390659619167236e-03,2.036652077438254500e-03,3.210012445230160834e-03,-4.801688819657856655e-01,-1.485839527607480115e-01,1.392612556838573323e-01,-1.159931136924570449e-01,4.091552383588603625e-01,1.206604906566737911e+00,5.473969185968904916e-02,1.549770491002756545e+00,-1.677228711181077414e-01,-6.764489826413436213e-02,-1.027534401420594767e-02,3.828308618289901211e-01,-1.635970582960018627e+00,1.387400718728287463e-01,-1.517241094283308112e+00
3.381767317678333225e-03,0.000000000000000000e+00,2.447854134390803349e-01,7.130559410659914610e-01,1.984342414926815968e-18,7.011071422475264603e-01,1.984342414926815968e-18,-4.369491392970359378e-01,4.716846801853237688e-03,-1.445920760021286852e-03,6.372359095965831610e-01,1.819012696999603232e-02,-4.853942020419286033e-03,-4.530138110640452020e-01,6.107365041538803663e-03,-3.303114375860802341e-03,6.429493589116715979e-01,5.355225668371593056e-02,-6.885973667099289965e-03,1.972061936715289315e-03,3.260947771049363831e-03,-4.590044949989106615e-01,-1.516091426229631001e-01,1.391908349580306958e-01,-1.157175763028940180e-01,4.141531119181071641e-01,1.206171616454211115e+00,5.404809330994453376e-02,1.551488762090916573e+00,-1.694332243567870377e-01,-6.754155349583980394e-02,-1.065088784620671705e-02,3.860470877388654243e-01,-1.635794824360380151e+00,1.389161091915160351e-01,-1.519391410933276676e+00
3.507413112659516722e-03,0.000000000000000000e+00,2.447854134390803349e-01,7.209143629102903184e-01,1.913007534325153702e-18,6.930241563969110619e-01,1.913007534325153702e-18,-4.064955155991308300e-01,4.711932571695691928e-03,-1.468530300077628770e-03,6.368883572823996753e-01,1.302577223595969072e-02,-4.860411981202077299e-03,-4.227629420942152216e-01,6.097740049688620337e-03,-3.330854522071165658e-03,6.434048136420978947e-01,4.869783217461173819e-02,-6.895284444188237195e-03,2.132221764673800958e-03,3.397802980201696833e-03,-4.315428715510604141e-01,-1.513512600000959940e-01,1.391343517413931863e-01,-1.157409639429727299e-01,4.120644414414794121e-01,1.206234393232005209e+00,5.435083258667973427e-02,1.550393152744212077e+00,-1.632997529977330831e-01,-6.748717815070921777e-02,-9.463249926172836307e-03,3.741163099663726288e-01,-1.636497737727942159e+00,1.388706440354915972e-01,-1.515793562364016189e+00
3.633058907640700219e-03,0.000000000000000000e+00,2.447854134390803349e-01,7.286811641417213492e-01,1.841429530640171385e-18,6.848530944845513391e-01,1.841429530640171385e-18,-3.841575629658031676e-01,4.706251761863639721e-03,-1.499855746291782520e-03,6.415668483525411858e-01,6.132661277032571551e-03,-4.868526107790495036e-03,-4.006038602002313098e-01,6.084940819666975406e-03,-3.372309604857306152e-03,6.486938244498482442e-01,4.209741541699804634e-02,-6.908756710041911824e-03,2.057116920323056371e-03,3.449339235477462233e-03,-4.104336012489565033e-01,-1.547597803096944225e-01,1.390615952767778607e-01,-1.154313968006208668e-01,4.178043391305942267e-01,1.205733254210865635e+00,5.354402961486164070e-02,1.552387987500290834e+00,-1.652505060927765834e-01,-6.735828272423706464e-02,-9.895557977840677491e-03,3.785214524566402061e-01,-1.636290859126581676e+00,1.390693621837946203e-01,-1.518354415480355213e+00
3.758704702621883716e-03,0.000000000000000000e+00,2.447854134390803349e-01,7.363553576817585267e-01,1.769617500681480425e-18,6.765949949662423135e-01,1.769617500681480425e-18,-3.533726196594431102e-01,4.703457905197661916e-03,-1.512196860307008081e-03,6.377791121275794284e-01,3.153914287430350204e-03,-4.872697766534875990e-03,-3.700589723788476060e-01,6.079567721246193976e-03,-3.385788933156485495e-03,6.456569819593467319e-01,3.938239132700893652e-02,-6.913470061476688876e-03,2.133924941794543544e-03,3.567023183959325966e-03,-3.836813729434342957e-01,-1.577161428494351370e-01,1.390057182088566823e-01,-1.151284669162634805e-01,4.211104831492200606e-01,1.205327658613689845e+00,5.314792188832911241e-02,1.553081799700756882e+00,-1.645229709461077661e-01,-6.732406052144541964e-02,-9.759543712503605459e-03,3.769486208278469141e-01,-1.636450358436053021e+00,1.392488313856021509e-01,-1.518221773157474086e+00
3.884350497603067214e-03,0.000000000000000000e+00,2.447854134390803349e-01,7.439359682213302349e-01,1.697580571000467826e-18,6.682509073593480009e-01,1.697580571000467826e-18,-3.303910528352846931e-01,4.698292724222650346e-03,-1.540097905913272603e-03,6.408509695687668595e-01,-3.166632605165250330e-03,-4.879117268840434812e-03,-3.472514177307311489e-01,6.068050740430010019e-03,-3.422753337111342047e-03,6.493121889285561332e-01,3.331132803440291223e-02,-6.924458843901393733e-03,2.052495946344744856e-03,3.616232376355835425e-03,-3.626092394526166940e-01,-1.613884751019897812e-01,1.389414543485654463e-01,-1.147896389243840687e-01,4.272276890110460190e-01,1.204786726095902871e+00,5.229378568339103361e-02,1.555147450080643701e+00,-1.666974472094628068e-01,-6.719635134663302922e-02,-1.023842771824496310e-02,3.818757866030930703e-01,-1.636217485330350607e+00,1.394565471730273565e-01,-1.520953513770356702e+00
4.009996292584251144e-03,0.000000000000000000e+00,2.447854134390803349e-01,7.514220323447832195e-01,1.625327896731359372e-18,6.598218921094052281e-01,1.625327896731359372e-18,-2.989589666294204529e-01,4.697369594804985497e-03,-1.545733284133637498e-03,6.346995095742762327e-01,-4.460147311866264827e-03,-4.882473782203424449e-03,-3.160850616633836263e-01,6.065665074202507452e-03,-3.426805494786440767e-03,6.440421818196642167e-01,3.225781355689782276e-02,-6.926718004927841232e-03,2.053256021350489350e-03,3.707275413363240665e-03,-3.366539901482502040e-01,-1.656328896994447575e-01,1.389183891193774001e-01,-1.143442347369915402e-01,4.327696295592682318e-01,1.204190817857874185e+00,5.162444533670113717e-02,1.556499600119850113e+00,-1.684371383003253064e-01,-6.718767494355055991e-02,-1.058839887116897090e-02,3.846456770751526255e-01,-1.636102098920851011e+00,1.396791121395680735e-01,-1.522316349729620821e+00
4.135642087565433341e-03,0.000000000000000000e+00,2.447854134390803349e-01,7.588125986523134303e-01,1.552868660427039655e-18,6.513090204553619866e-01,1.552868660427039655e-18,-2.754775685020933174e-01,4.692302596174727398e-03,-1.569805070033226902e-03,6.368214917888725957e-01,-1.014093804069244806e-02,-4.887055344928241743e-03,-2.927555000715275635e-01,6.055253100917142722e-03,-3.458742962168622447e-03,6.467208647196412974e-01,2.690364670212210679e-02,-6.935676089559961004e-03,1.967418009298789461e-03,3.753678945309274310e-03,-3.151062780160525101e-01,-1.695349004457191167e-01,1.388716856996451421e-01,-1.139710955854637414e-01,4.390376031850069527e-01,1.203623365001564416e+00,5.077187035109040347e-02,1.558487353654031127e+00,-1.708499939834315917e-01,-6.708353906304322101e-02,-1.110939543059367117e-02,3.898014856871020450e-01,-1.635847104093897331e+00,1.398862450997170603e-01,-1.525028791012412954e+00
4.261287882546616404e-03,0.000000000000000000e+00,2.447854134390803349e-01,7.661067278808830761e-01,1.480212070892306768e-18,6.427133742934300065e-01,1.480212070892306768e-18,-2.435257933363739191e-01,4.692282484599974608e-03,-1.570954585794440139e-03,6.291933771507149942e-01,-1.063316278728859351e-02,-4.889309451246863329e-03,-2.610879177217628189e-01,6.054728560053326304e-03,-3.456912725028822055e-03,6.399855880472555825e-01,2.659173883781667039e-02,-6.936079798396353746e-03,1.922108586617504635e-03,3.824077586246092848e-03,-2.898749527603527443e-01,-1.742423364928020746e-01,1.388770599900610858e-01,-1.134669523758146809e-01,4.453674968329838224e-01,1.202961896203577075e+00,5.001872739191114137e-02,1.559998343379727315e+00,-1.736274947288883319e-01,-6.710044563060874045e-02,-1.166319412101260618e-02,3.942877993284766291e-01,-1.635608320152834638e+00,1.400999697799919508e-01,-1.526935267909488969e+00
4.386933677527800335e-03,0.000000000000000000e+00,2.447854134390803349e-01,7.733034930235901383e-01,1.407367362013464649e-18,6.340360460395878528e-01,1.407367362013464649e-18,-2.195684348161816291e-01,4.687434454884921269e-03,-1.591308778688995491e-03,6.302272869019598378e-01,-1.576782088190667452e-02,-4.892157452993485880e-03,-2.372688461589245734e-01,6.045524472952764662e-03,-3.483998952491049010e-03,6.415428704779633229e-01,2.180256669655737667e-02,-6.942973491507477800e-03,1.832884235263622721e-03,3.867147070501137079e-03,-2.677393294295121184e-01,-1.783155559335763696e-01,1.388515649060255153e-01,-1.130618510476455590e-01,4.516313257504622758e-01,1.202378744712526260e+00,4.919596952748616497e-02,1.561826603620535270e+00,-1.762305088677806886e-01,-6.702937459394674169e-02,-1.221211417245629711e-02,3.994786627786119371e-01,-1.635339385591137784e+00,1.402990494706032043e-01,-1.529507229072100349e+00
4.512579472508983398e-03,0.000000000000000000e+00,2.447854134390803349e-01,7.804019794474809091e-01,1.334343791584802348e-18,6.252781384907468709e-01,1.334343791584802348e-18,-1.870550653822050657e-01,4.688346871395959216e-03,-1.589004148778091607e-03,6.210869492266829495e-01,-1.538889922846631113e-02,-4.893556130823168565e-03,-2.050630655715250661e-01,6.046589992204156293e-03,-3.477800632588795224e-03,6.333540276261769852e-01,2.229785629298759383e-02,-6.941817823077729536e-03,1.763056420364294196e-03,3.923332951128646190e-03,-2.431725526075150523e-01,-1.831254471295507835e-01,1.388775780344683186e-01,-1.125378018027781840e-01,4.580856023396411292e-01,1.201706941700436237e+00,4.844626270106956040e-02,1.563272427936916786e+00,-1.793744343497026827e-01,-6.706808705931119330e-02,-1.283359762714602649e-02,4.044976993861891801e-01,-1.635054684401864966e+00,1.404929857808341898e-01,-1.531512166857064372e+00
4.638225267490167329e-03,0.000000000000000000e+00,2.447854134390803349e-01,7.874012850097907856e-01,1.261150640132028790e-18,6.164407646845966315e-01,1.261150640132028790e-18,-1.626401515799305031e-01,4.683866709353000889e-03,-1.606187135155712166e-03,6.209982592056425554e-01,-1.990548518246647650e-02,-4.894989087305998132e-03,-1.807802516170734231e-01,6.038534854021626770e-03,-3.500762673848416880e-03,6.337817885140412111e-01,1.812139919427698670e-02,-6.946850186241430337e-03,1.673184625741845578e-03,3.964460599471547435e-03,-2.206352986446853681e-01,-1.872994624317397272e-01,1.388722738605568385e-01,-1.121085235197220864e-01,4.642444993483317850e-01,1.201116452897296849e+00,4.766475606584130720e-02,1.564909909349072592e+00,-1.820687063132310768e-01,-6.703051685795007042e-02,-1.338804190565208961e-02,4.095463900574167204e-01,-1.634785194288400412e+00,1.406807501753458423e-01,-1.533863363684244252e+00
4.763871062471350393e-03,0.000000000000000000e+00,2.447854134390803349e-01,7.943005201725964470e-01,1.187797209732809394e-18,6.075250477581501940e-01,1.187797209732809394e-18,-1.295530725300282904e-01,4.685497960280886331e-03,-1.600314004749805617e-03,6.104208135217150666e-01,-1.866673119701523290e-02,-4.895329442646102411e-03,-1.480244951392076513e-01,6.041122875749112449e-03,-3.490070529116052252e-03,6.242214126420291276e-01,1.944886869008318267e-02,-6.944266035436709276e-03,1.591345561999566111e-03,4.011253875349544799e-03,-1.964967633841724903e-01,-1.920695171999853013e-01,1.389155047533065790e-01,-1.115796662571374304e-01,4.705148747080514782e-01,1.200456516844425892e+00,4.696293405105356894e-02,1.566178028371102426e+00,-1.852872931625769160e-01,-6.709006870978939663e-02,-1.401597515709637580e-02,4.145553114626713831e-01,-1.634491057971807271e+00,1.408549988197474179e-01,-1.535748850173304314e+00
4.889516857452534324e-03,0.000000000000000000e+00,2.447854134390803349e-01,8.010988081158668672e-01,1.114292822834569219e-18,5.985321208050055075e-01,1.114292822834569219e-18,-1.047250218224355378e-01,4.681236386302086751e-03,-1.614493636895626997e-03,6.093367508758457118e-01,-2.263539563718217767e-02,-4.895311371043210326e-03,-1.233165465995401111e-01,6.034126620273765410e-03,-3.509152228299108976e-03,6.236210043242649270e-01,1.584367031710480489e-02,-6.947620434807661935e-03,1.499685038355096610e-03,4.048583289421379787e-03,-1.739685678708553229e-01,-1.962829864798871227e-01,1.389283801007491215e-01,-1.111352276395280309e-01,4.765150383327228512e-01,1.199866784636662853e+00,4.622952789531842299e-02,1.567614390237097366e+00,-1.880306609223425240e-01,-6.708124213793272006e-02,-1.456960609948761143e-02,4.194527117105936731e-01,-1.634222153032701019e+00,1.410287560335893031e-01,-1.537889322056719577e+00
5.015162652433718254e-03,0.000000000000000000e+00,2.447854134390803349e-01,8.077952848488978432e-01,1.040646821069714025e-18,5.894631267313403811e-01,1.040646821069714025e-18,-7.103910403559096642e-02,4.683563912644950027e-03,-1.605000227536986304e-03,5.972553589053843925e-01,-2.054153064894592012e-02,-4.894419487925278853e-03,-8.999356882564743532e-02,6.038249773239834015e-03,-3.494096119571267305e-03,6.126394813360018787e-01,1.796863263212081924e-02,-6.943399910818484275e-03,1.409583215034426523e-03,4.086690008239992483e-03,-1.498313784251080472e-01,-2.009577190315344764e-01,1.389901789031119661e-01,-1.106057491420800593e-01,4.824424288981010722e-01,1.199228504537303452e+00,4.560377480774457926e-02,1.568639836306499946e+00,-1.912300023342224375e-01,-6.716231389527506368e-02,-1.518273485451615903e-02,4.242402226576676427e-01,-1.633930564973422150e+00,1.411837045495124565e-01,-1.539568288880152735e+00
5.140808447414902185e-03,0.000000000000000000e+00,2.447854134390803349e-01,8.143890993201176043e-01,9.668685640684159778e-19,5.803192181106598957e-01,9.668685640684159778e-19,-4.581836492974990238e-02,4.679536956841587499e-03,-1.616457620509085483e-03,5.951972075054102751e-01,-2.395831722171158640e-02,-4.893042198194652755e-03,-6.488666190419704882e-02,6.032252508570644031e-03,-3.509736332248838530e-03,6.110526386627225248e-01,1.491658039961576282e-02,-6.945139064881818147e-03,1.315909078784923553e-03,4.119677447231774592e-03,-1.273091730711199410e-01,-2.051773818287749296e-01,1.390220340114202147e-01,-1.101493684394116296e-01,4.882209822058854454e-01,1.198644014212460363e+00,4.493019990190967594e-02,1.569849440041785504e+00,-1.939940105580129359e-01,-6.718199514290502938e-02,-1.572835914033390500e-02,4.289295830374277863e-01,-1.633665554762816274e+00,1.413417670675198301e-01,-1.541471856672829821e+00
5.266454242396085249e-03,0.000000000000000000e+00,2.447854134390803349e-01,8.208794135252435176e-01,8.929674282690811335e-19,5.711015570373209060e-01,8.929674282690811335e-19,-1.148843766896631008e-02,4.682585834747319403e-03,-1.603122562239233696e-03,5.814886114551638396e-01,-2.092813420180540673e-02,-4.890870805180174558e-03,-3.095677102520373591e-02,6.038022046566661645e-03,-3.490052597139275091e-03,5.985378546237991593e-01,1.792245397713410071e-02,-6.939276667693765159e-03,1.221060640071013493e-03,4.150802436315444155e-03,-1.031670342072490837e-01,-2.097216424443117677e-01,1.391011918036114958e-01,-1.096242166338455698e-01,4.937472305705625786e-01,1.198030486239257897e+00,4.438757349179273809e-02,1.570618321940848938e+00,-1.971025557314399212e-01,-6.728224088823671345e-02,-1.631157334554439453e-02,4.333775850192721490e-01,-1.633386094193156834e+00,1.414788786625011119e-01,-1.542903209382298746e+00
5.392100037377268312e-03,0.000000000000000000e+00,2.447854134390803349e-01,8.272654026137863381e-01,8.189528057267175445e-19,5.618113149788371841e-01,8.189528057267175445e-19,1.410327238960037283e-02,4.678774790525903546e-03,-1.612080691707995896e-03,5.784902307420634049e-01,-2.379253822307703797e-02,-4.888201037569303575e-03,-5.470476881653425771e-03,6.032986679800970455e-03,-3.502510684669730544e-03,5.959886744658510205e-01,1.543728870206052643e-02,-6.939564520682268631e-03,1.125512553236327580e-03,4.179148068367719189e-03,-8.064841953440728128e-02,-2.139192160126593967e-01,1.391525187173037192e-01,-1.091589910485013248e-01,4.992537663801064896e-01,1.197454528316347133e+00,4.378301649763961800e-02,1.571582563625821605e+00,-1.998590622682992757e-01,-6.732962769785072465e-02,-1.684258895458359828e-02,4.378089557335236859e-01,-1.633128210426321170e+00,1.416202603751904043e-01,-1.544549408412227542e+00
5.517745832358452243e-03,0.000000000000000000e+00,2.447854134390803349e-01,8.335462549938784660e-01,7.448341029193046464e-19,5.524496726270006208e-01,7.448341029193046464e-19,4.912786433758860316e-02,4.682544993947398634e-03,-1.594586878867599406e-03,5.630208098374416270e-01,-1.975300392754388359e-02,-4.884706532486985005e-03,2.911015971842531580e-02,6.040535268967260445e-03,-3.477873284245441669e-03,5.818194858207850206e-01,1.939166143228832420e-02,-6.932079047252631340e-03,1.027412757400455188e-03,4.203628146564428181e-03,-5.667946897657701738e-02,-2.183077379184045208e-01,1.392470373963330676e-01,-1.086431977795104253e-01,5.043647599971096129e-01,1.196867197875381761e+00,4.332449474275924112e-02,1.572096236758255605e+00,-2.028407106544427851e-01,-6.744526557218347151e-02,-1.738935927904593573e-02,4.418909700268853769e-01,-1.632864766782968102e+00,1.417401666740899235e-01,-1.545731637737831177e+00
5.643391627339636174e-03,0.000000000000000000e+00,2.447854134390803349e-01,8.397211724354196605e-01,6.706207395523240517e-19,5.430178197478277013e-01,6.706207395523240517e-19,7.506451129503557973e-02,4.678898109256816179e-03,-1.601241142860246195e-03,5.591345456314270601e-01,-2.208943135909265457e-02,-4.880763181314052949e-03,5.494822830699755412e-02,6.036400090945633762e-03,-3.487465854481219211e-03,5.783648782910677522e-01,1.744308797999769012e-02,-6.930985886310893351e-03,9.278928858685468522e-04,4.224086876448720183e-03,-3.397955099400382789e-02,-2.224285698500990116e-01,1.393210351615458698e-01,-1.081730600098178285e-01,5.094635428696540069e-01,1.196309471121320911e+00,4.281839053215129309e-02,1.572754494297028849e+00,-2.055672477585642755e-01,-6.752003156369125458e-02,-1.789969179785483311e-02,4.459968906752160844e-01,-1.632615181454649678e+00,1.418622476075069583e-01,-1.547092905456886269e+00
5.769037422320818370e-03,0.000000000000000000e+00,2.447854134390803349e-01,8.457893701715226698e-01,5.963221473616172891e-19,5.335169550303523467e-01,5.963221473616172891e-19,1.108488328985718918e-01,4.683443869082387460e-03,-1.579304241104452283e-03,5.417320486138018643e-01,-1.693806217091184049e-02,-4.875957107690081019e-03,9.023457230375762916e-02,6.045893662242876089e-03,-3.457567168654949313e-03,5.623917752376803580e-01,2.243593645400326214e-02,-6.921916225180270443e-03,8.288049661476895634e-04,4.243819097538946775e-03,-1.019931991101086406e-02,-2.266747834986866939e-01,1.394305694628812931e-01,-1.076659891037571593e-01,5.141874708936535754e-01,1.195743853292955405e+00,4.243786883516529468e-02,1.573025590451510691e+00,-2.084127926824302646e-01,-6.765115635478918810e-02,-1.840830879035899176e-02,4.496989129656144280e-01,-1.632370229492579927e+00,1.419660681428278615e-01,-1.548017372898398802e+00
5.894683217302001434e-03,0.000000000000000000e+00,2.447854134390803349e-01,8.517500769982494502e-01,5.219477689147066507e-19,5.239482859342859955e-01,5.219477689147066507e-19,1.369154043944550148e-01,4.679897314289267057e-03,-1.584007634613319049e-03,5.370711616244830955e-01,-1.879884505427705660e-02,-4.870792390366809714e-03,1.164003635720373964e-01,6.042614647757147371e-03,-3.464582507461719252e-03,5.580766904469782741e-01,2.100799499242203897e-02,-6.919530125135238234e-03,7.279616338862119175e-04,4.258950747841411255e-03,1.269428625339891897e-02,-2.307156014229319874e-01,1.395263344027949659e-01,-1.071924639548782199e-01,5.188926095117970538e-01,1.195201576070713978e+00,4.202303894856004168e-02,1.573396123093831367e+00,-2.110757837113067525e-01,-6.775215389813628308e-02,-1.889154518319390019e-02,4.534338452906636618e-01,-1.632133990253876954e+00,1.420701793304942062e-01,-1.549080084170465499e+00
6.020329012283184497e-03,0.000000000000000000e+00,2.447854134390803349e-01,8.576025353726232092e-01,4.475070564107525769e-19,5.143130285365602461e-01,4.475070564107525769e-19,1.737281953120135281e-01,4.685296975437286751e-03,-1.557125854188749596e-03,5.174701394215995842e-01,-1.238417720899963499e-02,-4.864677640922328641e-03,1.524603435205995616e-01,6.054255557612135859e-03,-3.429042124326701912e-03,5.401204095107453584e-01,2.714768590533313958e-02,-6.908988574754951553e-03,6.296033142575083175e-04,4.275970115033779842e-03,3.628392040101935390e-02,-2.348326066938335177e-01,1.396506694482747002e-01,-1.066931956553011651e-01,5.232545934804805343e-01,1.194653857866680990e+00,4.171515712749437887e-02,1.573434641275528234e+00,-2.137784168418788155e-01,-6.789925800311015502e-02,-1.936068688422956652e-02,4.567418870787419705e-01,-1.631909684242593972e+00,1.421586941154115991e-01,-1.549736495834860728e+00
6.145974807264368428e-03,0.000000000000000000e+00,2.447854134390803349e-01,8.633460015089039485e-01,3.730094704792742090e-19,5.046124073767782603e-01,3.730094704792742090e-19,2.105364579205556974e-01,4.691068009292288787e-03,-1.529576719210032397e-03,4.975247482972707802e-01,-5.790717974861234185e-03,-4.858559114212313360e-03,1.886317036775974343e-01,6.066432616324615550e-03,-3.393100263072867766e-03,5.219291395656785459e-01,3.340717276210675851e-02,-6.898556373447499619e-03,5.310706725659465350e-04,4.290933410494278573e-03,5.975051105442825278e-02,-2.388508159139431375e-01,1.397800665688343213e-01,-1.062030450505633966e-01,5.274272420629929625e-01,1.194119325664309228e+00,4.143882597777838461e-02,1.573378996702046173e+00,-2.163837269228109927e-01,-6.804840126051349414e-02,-1.980749898974668716e-02,4.598632614280088737e-01,-1.631696243405639901e+00,1.422405240686834271e-01,-1.550293180524990433e+00
6.271620602245552359e-03,0.000000000000000000e+00,2.447854134390803349e-01,8.689797454731154058e-01,2.984644789778019180e-19,4.948476553015883628e-01,2.984644789778019180e-19,2.378322405023226005e-01,4.688103751683439339e-03,-1.527835725790710692e-03,4.900610239658573231e-01,-5.984054349372706916e-03,-4.850922894575897433e-03,2.158420628027060417e-01,6.065812875448126605e-03,-3.392145123389308375e-03,5.148544337411032901e-01,3.362283386471954377e-02,-6.893522953330352178e-03,4.306550202173854399e-04,4.301072728316321717e-03,8.276987433068569433e-02,-2.427567109431664483e-01,1.399071843459178399e-01,-1.057282922044592566e-01,5.315336761235232022e-01,1.193598380621324395e+00,4.116153636091640644e-02,1.573316531295086973e+00,-2.189046086302881555e-01,-6.818751136742864927e-02,-2.024018819336947245e-02,4.629737756068644239e-01,-1.631487074263567427e+00,1.423177445949133368e-01,-1.550874157643891360e+00
6.397266397226735422e-03,0.000000000000000000e+00,2.447854134390803349e-01,8.745030512758122931e-01,2.238815557886151602e-19,4.850200133080016518e-01,2.238815557886151602e-19,2.756868246848389603e-01,4.694860801157488793e-03,-1.494475163117639071e-03,4.674771658098336724e-01,2.119455842008984361e-03,-4.843534275667418613e-03,2.529642526675806025e-01,6.080651676282712408e-03,-3.349456162553613153e-03,4.942415253672219899e-01,4.127519424667823456e-02,-6.881726735425370244e-03,3.314969754367930502e-04,4.311365945087773828e-03,1.061764703720752684e-01,-2.466413502534323676e-01,1.400538687616105227e-01,-1.052450543769826441e-01,5.353122375097469909e-01,1.193082701648341626e+00,4.096859217428022726e-02,1.573006429450066745e+00,-2.213856794266116368e-01,-6.835344391779563100e-02,-2.065095100788341340e-02,4.657157377603801662e-01,-1.631291514541151733e+00,1.423827281234354425e-01,-1.551164773346018544e+00
6.522912192207918486e-03,0.000000000000000000e+00,2.447854134390803349e-01,8.799152169630749531e-01,1.492701796147098893e-19,4.751307303856748265e-01,1.492701796147098893e-19,3.026809365804030705e-01,4.691342960947419115e-03,-1.492933797655669271e-03,4.601481503220439251e-01,1.919484482870825737e-03,-4.834731583873581526e-03,2.782888279392861097e-01,6.077243358222486798e-03,-3.356421210315624782e-03,4.896048962538569471e-01,4.021436041463122280e-02,-6.877268224600662470e-03,2.307116456466552334e-04,4.316875357435131372e-03,1.292559643896310506e-01,-2.504111178969637419e-01,1.401389190433429410e-01,-1.046521773028788321e-01,5.389872152920369697e-01,1.192698576041457459e+00,4.071647481853009343e-02,1.572634346154998530e+00,-2.237853376519319815e-01,-6.852809773400174442e-02,-2.101771069892770585e-02,4.684062616936615076e-01,-1.631074642521852969e+00,1.424608306647107137e-01,-1.551445595434756353e+00
6.648557987189102417e-03,0.000000000000000000e+00,2.447854134390803349e-01,8.852155547057206642e-01,7.463983277515719378e-20,4.651810633581759946e-01,7.463983277515719378e-20,3.388365655796973241e-01,4.696334487868607417e-03,-1.462217581975246454e-03,4.389393237092546474e-01,9.350579133711151014e-03,-4.825801203956528972e-03,3.137208288859344441e-01,6.090498992896024692e-03,-3.318362022224736422e-03,4.702213221872950100e-01,4.728073413392787361e-02,-6.865794355601311134e-03,1.310747264532019952e-04,4.322307626908646581e-03,1.526025488500555027e-01,-2.541430138823932983e-01,1.402388456052263144e-01,-1.040492963618755567e-01,5.423539256472674763e-01,1.192325999856614471e+00,4.053902572814719468e-02,1.572036386639814820e+00,-2.261312142458203056e-01,-6.872719296266635580e-02,-2.135753869696615376e-02,4.707546529111183431e-01,-1.630867735943658081e+00,1.425299293547069024e-01,-1.551464797363905523e+00
6.774203782170286348e-03,0.000000000000000000e+00,2.447854134390803349e-01,8.904033908867189373e-01,0.000000000000000000e+00,4.551722767232567746e-01,0.000000000000000000e+00,3.963604270450002964e-01,4.730783787787181532e-03,-1.355492616840811310e-03,3.806344515567700593e-01,3.670226756176620669e-02,-4.826404051717788322e-03,3.679017380949995975e-01,6.142728319092159890e-03,-3.184836801145415983e-03,4.193553583321800726e-01,7.132629163516594761e-02,-6.845106894679912728e-03,3.203815307877999917e-05,4.326722970694720644e-03,1.759704228234796608e-01,-2.577820372809740412e-01,1.404595739905874774e-01,-1.036731963089881775e-01,5.454085158882475692e-01,1.191756339954772814e+00,4.055185643969020509e-02,1.571302549039988339e+00,-2.283681489267966602e-01,-6.886233371096826816e-02,-2.180899180699178222e-02,4.727810435069826900e-01,-1.630806915498973275e+00,1.424971689923444917e-01,-1.551284651494688749e+00
6.648557987189102417e-03,0.000000000000000000e+00,2.447854134390803349e-01,8.852155547057206642e-01,7.463983277515730212e-20,4.651810633581759946e-01,7.463983277515730212e-20,3.388365655796968801e-01,4.696334487868598744e-03,-1.462217581975242551e-03,4.389393237092556466e-01,9.350579133710765906e-03,-4.825801203956517696e-03,3.137208288859339445e-01,6.090498992896027294e-03,-3.318362022224742493e-03,4.702213221872961757e-01,4.728073413392742952e-02,-6.865794355601313737e-03,1.310747264532106417e-04,4.322307626908670000e-03,1.526025488500555305e-01,-2.541430138823931317e-01,1.402388456052261756e-01,-1.040492963618757094e-01,5.423539256472665882e-01,1.192325999856614471e+00,4.053902572814755551e-02,1.572036386639814376e+00,-2.261312142458204999e-01,-6.872719296266634192e-02,-2.135753869696635152e-02,4.707546529111185651e-01,-1.630867735943658081e+00,1.425299293547069579e-01,-1.551464797363905745e+00
6.522912192207919353e-03,0.000000000000000000e+00,2.447854134390803349e-01,8.799152169630748421e-01,1.492701796147097689e-19,4.751307303856748820e-01,1.492701796147097689e-19,3.026809365804033480e-01,4.691342960947454677e-03,-1.492933797655692039e-03,4.601481503220423153e-01,1.919484482871647996e-03,-4.834731583873624894e-03,2.782888279392864428e-01,6.077243358222485931e-03,-3.356421210315620011e-03,4.896048962538557814e-01,4.021436041463186117e-02,-6.877268224600660736e-03,2.306921568138890560e-04,4.316833681104474858e-03,1.292559587415787747e-01,-2.504048244474380014e-01,1.400777197971463939e-01,-1.045307546122132003e-01,5.389906966369798491e-01,1.192815148848523021e+00,4.064709801523676280e-02,1.572610304230592337e+00,-2.237853162879943070e-01,-6.854305834563650945e-02,-2.098930673773473018e-02,4.684078613555285875e-01,-1.631048415652738282e+00,1.424794234519011771e-01,-1.551445812501079047e+00
6.397266397226735422e-03,0.000000000000000000e+00,2.447854134390803349e-01,8.745030512758122931e-01,2.238815557886151602e-19,4.850200133080016518e-01,2.238815557886151602e-19,2.756868246848390713e-01,4.694860801157480987e-03,-1.494475163117632132e-03,4.674771658098335059e-01,2.119455842009067628e-03,-4.843534275667408205e-03,2.529642526675804359e-01,6.080651676282710673e-03,-3.349456162553616188e-03,4.942415253672224340e-01,4.127519424667813047e-02,-6.881726735425370244e-03,3.314478473160094698e-04,4.311284022045953034e-03,1.061764712314981485e-01,-2.466289626709165517e-01,1.399345292404360619e-01,-1.050091691767117835e-01,5.353188611608743486e-01,1.193309067994456019e+00,4.083326930141376737e-02,1.572959474241286015e+00,-2.213856727850359030e-01,-6.838158627622091534e-02,-2.059768308539705606e-02,4.657186917098945500e-01,-1.631242352546549146e+00,1.424176798704311075e-01,-1.551165082005218299e+00
6.271620602245553226e-03,0.000000000000000000e+00,2.447854134390803349e-01,8.689797454731154058e-01,2.984644789778011958e-19,4.948476553015882518e-01,2.984644789778011958e-19,2.378322405023237385e-01,4.688103751683437605e-03,-1.527835725790701584e-03,4.900610239658550471e-01,-5.984054349371659143e-03,-4.850922894575893096e-03,2.158420628027064581e-01,6.065812875448124003e-03,-3.392145123389303171e-03,5.148544337411025129e-01,3.362283386472014052e-02,-6.893522953330347841e-03,4.304925457200519767e-04,4.300822819416559931e-03,8.276987694478976643e-02,-2.427437620032285304e-01,1.397913103173505922e-01,-1.055001341413785987e-01,5.315384324442621322e-01,1.193817503485454123e+00,4.103048166739851899e-02,1.573270196231478124e+00,-2.189054249000653152e-01,-6.821309212992415771e-02,-2.019199518333418195e-02,4.629780822472669977e-01,-1.631442256750280873e+00,1.423494607282624336e-01,-1.550875343175242005e+00
6.145974807264369295e-03,0.000000000000000000e+00,2.447854134390803349e-01,8.633460015089040596e-01,3.730094704792738238e-19,5.046124073767781493e-01,3.730094704792738238e-19,2.105364579205555309e-01,4.691068009292307869e-03,-1.529576719210050612e-03,4.975247482972719459e-01,-5.790717974861714704e-03,-4.858559114212338513e-03,1.886317036775975731e-01,6.066432616324623356e-03,-3.393100263072877307e-03,5.219291395656788790e-01,3.340717276210668218e-02,-6.898556373447512630e-03,5.309688925928337817e-04,4.290788660511125202e-03,5.975037016230182185e-02,-2.388394226213096938e-01,1.396684971894365523e-01,-1.059842445389004156e-01,5.274341472173700307e-01,1.194329042585632772e+00,4.131207423902911319e-02,1.573335425905630247e+00,-2.163847551410600367e-01,-6.807184480768650736e-02,-1.976361070142717419e-02,4.598678176588442135e-01,-1.631655390261655958e+00,1.422696036425660504e-01,-1.550294435767456624e+00
6.020329012283186232e-03,0.000000000000000000e+00,2.447854134390803349e-01,8.576025353726233202e-01,4.475070564107520954e-19,5.143130285365600241e-01,4.475070564107520954e-19,1.737281953120150546e-01,4.685296975437300629e-03,-1.557125854188753499e-03,5.174701394215973638e-01,-1.238417720899865314e-02,-4.864677640922343387e-03,1.524603435205997282e-01,6.054255557612138461e-03,-3.429042124326705382e-03,5.401204095107456915e-01,2.714768590533289672e-02,-6.908988574754955890e-03,6.293129726165457146e-04,4.275598959106146311e-03,3.628343492744937060e-02,-2.348219851771133071e-01,1.395430641171344355e-01,-1.064828645609168511e-01,5.232625842961365903e-01,1.194855299803760706e+00,4.159267594661945205e-02,1.573393133743194783e+00,-2.137823312841292400e-01,-6.791988755845267123e-02,-1.932279451773919257e-02,4.567519535306280853e-01,-1.631873307895509662e+00,1.421841746955525565e-01,-1.549740468145780481e+00
5.894683217302002301e-03,0.000000000000000000e+00,2.447854134390803349e-01,8.517500769982494502e-01,5.219477689147059766e-19,5.239482859342857735e-01,5.219477689147059766e-19,1.369154043944559584e-01,4.679897314289307823e-03,-1.584007634613346805e-03,5.370711616244812081e-01,-1.879884505427616148e-02,-4.870792390366860021e-03,1.164003635720385343e-01,6.042614647757110075e-03,-3.464582507461674583e-03,5.580766904469766088e-01,2.100799499242302082e-02,-6.919530125135180988e-03,7.266893814737061200e-04,4.257335407011190488e-03,1.269267506377848298e-02,-2.307045723706218354e-01,1.394231991693771211e-01,-1.069908985778980914e-01,5.189001550727641021e-01,1.195395049493737316e+00,4.190617048018750040e-02,1.573355444352398713e+00,-2.110924523914081974e-01,-6.776939027457372366e-02,-1.886234258430184024e-02,4.534694957534992632e-01,-1.632100804921062354e+00,1.420912912635586556e-01,-1.549096985065157250e+00
5.769037422320818370e-03,0.000000000000000000e+00,2.447854134390803349e-01,8.457893701715226698e-01,5.963221473616165187e-19,5.335169550303523467e-01,5.963221473616165187e-19,1.108488328985715865e-01,4.683443869082406542e-03,-1.579304241104470064e-03,5.417320486138023083e-01,-1.693806217091205907e-02,-4.875957107690107040e-03,9.023457230375767080e-02,6.045893662242876956e-03,-3.457567168654948446e-03,5.623917752376798029e-01,2.243593645400364031e-02,-6.921916225180272178e-03,8.271444139932213578e-04,4.241733315204879694e-03,-1.020159052582987613e-02,-2.266637899614958873e-01,1.393328761300964835e-01,-1.074756926983456151e-01,5.141940755312898181e-01,1.195926763227720180e+00,4.232754720717755298e-02,1.572986350944023837e+00,-2.084341143832454946e-01,-6.766580197230771809e-02,-1.838472992926994815e-02,4.497448168626717036e-01,-1.632340301747356781e+00,1.419841817761983427e-01,-1.548040232020803320e+00
5.643391627339635307e-03,0.000000000000000000e+00,2.447854134390803349e-01,8.397211724354196605e-01,6.706207395523248221e-19,5.430178197478277013e-01,6.706207395523248221e-19,7.506451129503546871e-02,4.678898109256784087e-03,-1.601241142860218873e-03,5.591345456314273932e-01,-2.208943135909294947e-02,-4.880763181314010449e-03,5.494822830699754024e-02,6.036400090945644170e-03,-3.487465854481230920e-03,5.783648782910678632e-01,1.744308797999784971e-02,-6.930985886310909831e-03,9.251014504456066007e-04,4.220754330312975929e-03,-3.398331339306995269e-02,-2.224191505883877096e-01,1.392282163110017679e-01,-1.079921877199601088e-01,5.094743246041724127e-01,1.196483461228621259e+00,4.271338259047175595e-02,1.572718452311331561e+00,-2.056047508985621719e-01,-6.753080657580223800e-02,-1.788642514090083360e-02,4.460757393781401570e-01,-1.632588553835950584e+00,1.418754718232144163e-01,-1.547132503860043196e+00
5.517745832358452243e-03,0.000000000000000000e+00,2.447854134390803349e-01,8.335462549938784660e-01,7.448341029193048390e-19,5.524496726270006208e-01,7.448341029193048390e-19,4.912786433758859622e-02,4.682544993947401236e-03,-1.594586878867601575e-03,5.630208098374416270e-01,-1.975300392754392870e-02,-4.884706532486988474e-03,2.911015971842532274e-02,6.040535268967261312e-03,-3.477873284245442537e-03,5.818194858207850206e-01,1.939166143228839359e-02,-6.932079047252633075e-03,1.024908361544331955e-03,4.200724465712336181e-03,-5.668323016435611317e-02,-2.182992072903531533e-01,1.391600432656325270e-01,-1.084748149556623992e-01,5.043753426013519725e-01,1.197029050532898653e+00,4.322596443025970847e-02,1.572062759099678519e+00,-2.028738552188651678e-01,-6.745353534199259593e-02,-1.737995869137816396e-02,4.419618237734945221e-01,-1.632843144228903087e+00,1.417505048832096992e-01,-1.545767832012044707e+00
5.392100037377268312e-03,0.000000000000000000e+00,2.447854134390803349e-01,8.272654026137863381e-01,8.189528057267179297e-19,5.618113149788371841e-01,8.189528057267179297e-19,1.410327238960035895e-02,4.678774790525895740e-03,-1.612080691707989174e-03,5.784902307420632939e-01,-2.379253822307706573e-02,-4.888201037569294034e-03,-5.470476881653467405e-03,6.032986679800978261e-03,-3.502510684669737050e-03,5.959886744658510205e-01,1.543728870206045531e-02,-6.939564520682279039e-03,1.121871545902088270e-03,4.175163629205561749e-03,-8.065399480196124016e-02,-2.139139560934944229e-01,1.390707720260518920e-01,-1.090011595696138286e-01,4.992738123709053455e-01,1.197606220626755480e+00,4.368930091324139953e-02,1.571556407981574921e+00,-1.999103349308571087e-01,-6.733331068322787050e-02,-1.684499182889904675e-02,4.379187434268221879e-01,-1.633110210632604531e+00,1.416253550336001032e-01,-1.544606409658872082e+00
5.266454242396084381e-03,0.000000000000000000e+00,2.447854134390803349e-01,8.208794135252432955e-01,8.929674282690803631e-19,5.711015570373211281e-01,8.929674282690803631e-19,-1.148843766896637947e-02,4.682585834747313332e-03,-1.603122562239225023e-03,5.814886114551626184e-01,-2.092813420180477182e-02,-4.890870805180165017e-03,-3.095677102520391633e-02,6.038022046566636492e-03,-3.490052597139248636e-03,5.985378546237983821e-01,1.792245397713467664e-02,-6.939276667693729597e-03,1.218382337714290836e-03,4.147884567569708365e-03,-1.031697871504446418e-01,-2.097087559272221569e-01,1.390260551191901672e-01,-1.094813602754930587e-01,4.937469237039973091e-01,1.198169689685731232e+00,4.430464414873830359e-02,1.570586699702926525e+00,-1.971323438060008371e-01,-6.728334785996460676e-02,-1.631407285467319571e-02,4.334439665689809318e-01,-1.633375789195949945e+00,1.414810574912205854e-01,-1.542939973142580135e+00
5.140808447414900451e-03,0.000000000000000000e+00,2.447854134390803349e-01,8.143890993201173822e-01,9.668685640684163630e-19,5.803192181106602288e-01,9.668685640684163630e-19,-4.581836492975047831e-02,4.679536956841597907e-03,-1.616457620509092205e-03,5.951972075054098310e-01,-2.395831722171123945e-02,-4.893042198194664030e-03,-6.488666190419749291e-02,6.032252508570642296e-03,-3.509736332248834627e-03,6.110526386627216366e-01,1.491658039961657120e-02,-6.945139064881815545e-03,1.312929178161603748e-03,4.116320336015835517e-03,-1.273092590097031629e-01,-2.051452486757391613e-01,1.389525723978822236e-01,-1.100215122611957197e-01,4.881819951827022219e-01,1.198775281589041342e+00,4.486168215096387329e-02,1.569806728364694370e+00,-1.940117735604167115e-01,-6.717708726403621988e-02,-1.573749997716980542e-02,4.289784338487324100e-01,-1.633663406607137825e+00,1.413381767689408375e-01,-1.541506909091926447e+00
5.015162652433717387e-03,0.000000000000000000e+00,2.447854134390803349e-01,8.077952848488978432e-01,1.040646821069714025e-18,5.894631267313403811e-01,1.040646821069714025e-18,-7.103910403559120235e-02,4.683563912644958700e-03,-1.605000227536994761e-03,5.972553589053846146e-01,-2.054153064894626707e-02,-4.894419487925289261e-03,-8.999356882564742144e-02,6.038249773239844423e-03,-3.494096119571277279e-03,6.126394813360018787e-01,1.796863263212081577e-02,-6.943399910818498152e-03,1.408194585730621756e-03,4.084841795140307409e-03,-1.498269316039176069e-01,-2.009135556116088406e-01,1.389277736449161804e-01,-1.104938576139697370e-01,4.823710975997764772e-01,1.199347186093629780e+00,4.554847432333319207e-02,1.568586160447370315e+00,-1.912141013285423574e-01,-6.715518399499488533e-02,-1.518896799942112685e-02,4.242179986628836219e-01,-1.633938183097561003e+00,1.411770548273667547e-01,-1.539568357212854899e+00
4.889516857452533456e-03,0.000000000000000000e+00,2.447854134390803349e-01,8.010988081158665342e-01,1.114292822834566716e-18,5.985321208050058406e-01,1.114292822834566716e-18,-1.047250218224359819e-01,4.681236386302101496e-03,-1.614493636895629599e-03,6.093367508758441575e-01,-2.263539563717996070e-02,-4.895311371043222469e-03,-1.233165465995413046e-01,6.034126620273742858e-03,-3.509152228299087725e-03,6.236210043242653711e-01,1.584367031710471815e-02,-6.947620434807629843e-03,1.500688611387091800e-03,4.048241460714653225e-03,-1.739518543474016521e-01,-1.961808984023172275e-01,1.388712718199898166e-01,-1.110450029574213959e-01,4.763245741394439015e-01,1.199981911591287975e+00,4.620233225028970436e-02,1.567521364688876595e+00,-1.879354180464909430e-01,-6.706625622824516353e-02,-1.456948905917375067e-02,4.192884833554885726e-01,-1.634247532622088439e+00,1.410164988571878109e-01,-1.537837414104344491e+00
4.763871062471350393e-03,0.000000000000000000e+00,2.447854134390803349e-01,7.943005201725964470e-01,1.187797209732809586e-18,6.075250477581504160e-01,1.187797209732809586e-18,-1.295530725300295949e-01,4.685497960280822147e-03,-1.600314004749752057e-03,6.104208135217175091e-01,-1.866673119701680456e-02,-4.895329442646019144e-03,-1.480244951392085395e-01,6.041122875749157552e-03,-3.490070529116105595e-03,6.242214126420300158e-01,1.944886869008274899e-02,-6.944266035436779533e-03,1.594479861682263728e-03,4.012645139574480026e-03,-1.964735585816023977e-01,-1.919499483423882935e-01,1.388659743220409526e-01,-1.115059887004926364e-01,4.702761196138208200e-01,1.200559499871071578e+00,4.695222505682410813e-02,1.566065640527764202e+00,-1.851466344271212872e-01,-6.707374190618331511e-02,-1.400948694595268405e-02,4.142885342077061162e-01,-1.634528331655648925e+00,1.408392251655346261e-01,-1.535643230125866676e+00
4.638225267490166462e-03,0.000000000000000000e+00,2.447854134390803349e-01,7.874012850097907856e-01,1.261150640132029561e-18,6.164407646845966315e-01,1.261150640132029561e-18,-1.626401515799305308e-01,4.683866709353002623e-03,-1.606187135155714985e-03,6.209982592056426665e-01,-1.990548518246637588e-02,-4.894989087306000734e-03,-1.807802516170736451e-01,6.038534854021635444e-03,-3.500762673848429023e-03,6.337817885140417662e-01,1.812139919427658077e-02,-6.946850186241443348e-03,1.684440566756670614e-03,3.970948596258884467e-03,-2.205786688191273270e-01,-1.870379225360596642e-01,1.388264838070071006e-01,-1.120682727498698433e-01,4.637124247162056068e-01,1.201227230864286843e+00,4.771019700753892367e-02,1.564695397265740251e+00,-1.817011800944130784e-01,-6.700399982558957745e-02,-1.334447675786312563e-02,4.088591631185921615e-01,-1.634860669681851508e+00,1.406597277339948215e-01,-1.533590536053301978e+00
4.512579472508982531e-03,0.000000000000000000e+00,2.447854134390803349e-01,7.804019794474809091e-01,1.334343791584803889e-18,6.252781384907468709e-01,1.334343791584803889e-18,-1.870550653822050657e-01,4.688346871395976563e-03,-1.589004148778108954e-03,6.210869492266829495e-01,-1.538889922846632501e-02,-4.893556130823191984e-03,-2.050630655715250661e-01,6.046589992204152823e-03,-3.477800632588790887e-03,6.333540276261769852e-01,2.229785629298764241e-02,-6.941817823077724332e-03,1.776527015587674131e-03,3.931333728643224279e-03,-2.431076497442762330e-01,-1.828407843139842059e-01,1.388400857730734683e-01,-1.125139105026198849e-01,4.574859185148408836e-01,1.201806749036819610e+00,4.851247113125948390e-02,1.563026422553882799e+00,-1.789562427522274901e-01,-6.704194948361348605e-02,-1.278071207365512330e-02,4.036801950604895217e-01,-1.635143526563234806e+00,1.404673954788121237e-01,-1.531164745576089059e+00
4.386933677527799467e-03,0.000000000000000000e+00,2.447854134390803349e-01,7.733034930235901383e-01,1.407367362013466960e-18,6.340360460395878528e-01,1.407367362013466960e-18,-2.195684348161816846e-01,4.687434454884923871e-03,-1.591308778688998310e-03,6.302272869019598378e-01,-1.576782088190670575e-02,-4.892157452993489350e-03,-2.372688461589245734e-01,6.045524472952764662e-03,-3.483998952491050745e-03,6.415428704779635449e-01,2.180256669655739402e-02,-6.942973491507477800e-03,1.863256823295645834e-03,3.884379786672841322e-03,-2.676274661317001313e-01,-1.777122834411297425e-01,1.388144240640061533e-01,-1.130928312274353531e-01,4.503843542774383923e-01,1.202513854994988085e+00,4.937483609733146067e-02,1.561349253915242263e+00,-1.753129699029583599e-01,-6.698921418510349335e-02,-1.206481023405428857e-02,3.977354398213321929e-01,-1.635501065211599103e+00,1.402668454890775018e-01,-1.528788015906166642e+00
4.261287882546615537e-03,0.000000000000000000e+00,2.447854134390803349e-01,7.661067278808829650e-01,1.480212070892306961e-18,6.427133742934302285e-01,1.480212070892306961e-18,-2.435257933363749461e-01,4.692282484599960730e-03,-1.570954585794431032e-03,6.291933771507162154e-01,-1.063316278728924924e-02,-4.889309451246845982e-03,-2.610879177217630409e-01,6.054728560053326304e-03,-3.456912725028821621e-03,6.399855880472553604e-01,2.659173883781695835e-02,-6.936079798396353746e-03,1.953442076042281091e-03,3.840943463432916916e-03,-2.897281925183272655e-01,-1.736146606707238416e-01,1.388498406117792128e-01,-1.135125996244044921e-01,4.440293821483730086e-01,1.203088491487969591e+00,5.022577868656062650e-02,1.559467944895486236e+00,-1.726798605508165496e-01,-6.706386182053175604e-02,-1.150967625384710993e-02,3.924278866403523858e-01,-1.635779996359955302e+00,1.400609320885572162e-01,-1.526131876956788425e+00
4.135642087565432473e-03,0.000000000000000000e+00,2.447854134390803349e-01,7.588125986523134303e-01,1.552868660427044277e-18,6.513090204553619866e-01,1.552868660427044277e-18,-2.754775685020937059e-01,4.692302596174730868e-03,-1.569805070033231456e-03,6.368214917888732618e-01,-1.014093804069268571e-02,-4.887055344928246080e-03,-2.927555000715274525e-01,6.055253100917140988e-03,-3.458742962168621145e-03,6.467208647196412974e-01,2.690364670212209292e-02,-6.935676089559959269e-03,2.036092940512795012e-03,3.788593249568616896e-03,-3.148598505620683885e-01,-1.682335262169320500e-01,1.388372520648732678e-01,-1.141112747320042475e-01,4.363440554566583307e-01,1.203842086546707213e+00,5.119772484913759358e-02,1.557467022348237862e+00,-1.688177415506413037e-01,-6.702961768629642214e-02,-1.073865434723312792e-02,3.859340428742350504e-01,-1.636164109470574335e+00,1.398357640456026896e-01,-1.523410344165625707e+00
4.009996292584248542e-03,0.000000000000000000e+00,2.447854134390803349e-01,7.514220323447832195e-01,1.625327896731362453e-18,6.598218921094052281e-01,1.625327896731362453e-18,-2.989589666294204529e-01,4.697369594804977691e-03,-1.545733284133630776e-03,6.346995095742763437e-01,-4.460147311866260490e-03,-4.882473782203414908e-03,-3.160850616633836818e-01,6.065665074202513524e-03,-3.426805494786450742e-03,6.440421818196642167e-01,3.225781355689784358e-02,-6.926718004927852508e-03,2.124470568543687220e-03,3.741657901804000194e-03,-3.363369609905332847e-01,-1.643167904821408731e-01,1.388956303137319215e-01,-1.144944597580774132e-01,4.299559466746042946e-01,1.204401836214780808e+00,5.208629559881650800e-02,1.555391693584123214e+00,-1.663777354523497121e-01,-6.714560245691000850e-02,-1.020775025353684411e-02,3.805921669799276486e-01,-1.636431874024041111e+00,1.396189907736974101e-01,-1.520544537787237083e+00
3.884350497603067647e-03,0.000000000000000000e+00,2.447854134390803349e-01,7.439359682213305680e-01,1.697580571000480152e-18,6.682509073593476678e-01,1.697580571000480152e-18,-3.303910528352833054e-01,4.698292724222672898e-03,-1.540097905913293637e-03,6.408509695687661933e-01,-3.166632605165003132e-03,-4.879117268840466037e-03,-3.472514177307302607e-01,6.068050740430034305e-03,-3.422753337111365032e-03,6.493121889285558002e-01,3.331132803440288448e-02,-6.924458843901427560e-03,2.203001416702822859e-03,3.683961850491794532e-03,-3.620821255604339539e-01,-1.586874923565775308e-01,1.388992745990138555e-01,-1.151082704757067504e-01,4.216572550943929465e-01,1.205203899118880040e+00,5.317445552278566440e-02,1.553034230511781244e+00,-1.623298365654163022e-01,-6.713940627249465054e-02,-9.385925653838540425e-03,3.735364977290970834e-01,-1.636839984567407313e+00,1.393644430189092953e-01,-1.517431806250060911e+00
3.758704702621883716e-03,0.000000000000000000e+00,2.447854134390803349e-01,7.363553576817585267e-01,1.769617500681480425e-18,6.765949949662423135e-01,1.769617500681480425e-18,-3.533726196594427771e-01,4.703457905197659314e-03,-1.512196860307003093e-03,6.377791121275788733e-01,3.153914287430711894e-03,-4.872697766534871654e-03,-3.700589723788476060e-01,6.079567721246192241e-03,-3.385788933156483761e-03,6.456569819593466208e-01,3.938239132700892264e-02,-6.913470061476687141e-03,2.290200618326940912e-03,3.634081475159772149e-03,-3.831405864828475449e-01,-1.550229293072267756e-01,1.389772252117283113e-01,-1.154493950269180613e-01,4.153917023199552028e-01,1.205737191043568579e+00,5.407306547346533293e-02,1.550831418311877874e+00,-1.601439728730295609e-01,-6.729386914348955973e-02,-8.893892528000045192e-03,3.683053675495459034e-01,-1.637089962405987142e+00,1.391419488900498824e-01,-1.514428846563445674e+00
3.633058907640700219e-03,0.000000000000000000e+00,2.447854134390803349e-01,7.286811641417225704e-01,1.841429530640276156e-18,6.848530944845500068e-01,1.841429530640276156e-18,-3.841575629657983382e-01,4.706251761863656201e-03,-1.499855746291790110e-03,6.415668483525392984e-01,6.132661277033102376e-03,-4.868526107790514985e-03,-4.006038602002280902e-01,6.084940819666977141e-03,-3.372309604857312657e-03,6.486938244498497985e-01,4.209741541699674877e-02,-6.908756710041917895e-03,2.367939153349145776e-03,3.571422529516142183e-03,-4.093119952644573289e-01,-1.492520756939607618e-01,1.390053592114426917e-01,-1.160590651646499077e-01,4.065583766485970085e-01,1.206573816533080823e+00,5.527048196878905917e-02,1.548097592875470552e+00,-1.560551090842841049e-01,-6.733657175964559427e-02,-8.045775431821257373e-03,3.607727516365735188e-01,-1.637510884836241187e+00,1.388548833277234995e-01,-1.510871800870859483e+00
3.507413112659516722e-03,0.000000000000000000e+00,2.447854134390803349e-01,7.209143629102884310e-01,1.913007534324901020e-18,6.930241563969130603e-01,1.913007534324901020e-18,-4.064955155991358815e-01,4.711932571695702336e-03,-1.468530300077640479e-03,6.368883572823982320e-01,1.302577223596128146e-02,-4.860411981202091176e-03,-4.227629420942204952e-01,6.097740049688650694e-03,-3.330854522071204256e-03,6.434048136420965625e-01,4.869783217461316066e-02,-6.895284444188284900e-03,2.454996741017242880e-03,3.519721368431219088e-03,-4.303983292230347812e-01,-1.458909806718196867e-01,1.390941751357034906e-01,-1.163601182908431259e-01,4.006440009538905223e-01,1.207067335484566462e+00,5.612780457280108076e-02,1.545907628780380350e+00,-1.541356642481296058e-01,-6.751528212705250331e-02,-7.602506691153709112e-03,3.558383390009464131e-01,-1.637738489553771215e+00,1.386353047661754156e-01,-1.507879394864964473e+00
3.381767317678333225e-03,0.000000000000000000e+00,2.447854134390803349e-01,7.130559410659914610e-01,1.984342414926815968e-18,7.011071422475264603e-01,1.984342414926815968e-18,-4.369491392970359378e-01,4.716846801853238555e-03,-1.445920760021287936e-03,6.372359095965831610e-01,1.819012696999598375e-02,-4.853942020419286900e-03,-4.530138110640452576e-01,6.107365041538814938e-03,-3.303114375860814484e-03,6.429493589116712648e-01,5.355225668371616649e-02,-6.885973667099304710e-03,2.541548596579714259e-03,3.452936358438405458e-03,-4.566006459064939071e-01,-1.403576702055845671e-01,1.391593205733896166e-01,-1.169156732902242452e-01,3.917590915514082006e-01,1.207879451285635675e+00,5.736520165248974734e-02,1.542908674255599744e+00,-1.503873016329991819e-01,-6.763712237011888784e-02,-6.801096447187198260e-03,3.482553707782120589e-01,-1.638139445665554472e+00,1.383252174625655972e-01,-1.503940524959960889e+00
3.256121522697149728e-03,0.000000000000000000e+00,2.447854134390803349e-01,7.051068973313792121e-01,2.018318669497325072e-18,7.091010247741262873e-01,2.018318669497325072e-18,-4.585408585299344253e-01,4.721746154885090620e-03,-1.413660977433050690e-03,6.322888700636003501e-01,2.484647129596101803e-02,-4.844199552810824448e-03,-4.743872076383597314e-01,6.119892691144885287e-03,-3.260778928655358976e-03,6.373689242165563318e-01,5.996335643191885723e-02,-6.871390659619167236e-03,2.627527649315618795e-03,3.402191243055681207e-03,-4.777300743566908481e-01,-1.374168391686846902e-01,1.392477378827601808e-01,-1.171743556508717254e-01,3.865738844422767495e-01,1.208307499081439307e+00,5.810215681328099319e-02,1.540957392302642504e+00,-1.487509413276476011e-01,-6.781686390831070943e-02,-6.421510308390905759e-03,3.438950232494976111e-01,-1.638336389173591146e+00,1.381233891837679306e-01,-1.501204536058857508e+00
3.130475727715965797e-03,0.000000000000000000e+00,2.447854134390803349e-01,6.970682419460491053e-01,1.220761367913384257e-18,7.170047880385768124e-01,1.220761367913384257e-18,-4.805124138525914690e-01,4.726399554436010175e-03,-1.383504164695670323e-03,6.282026269527604123e-01,3.101611847045146822e-02,-4.835023255241736526e-03,-4.961402893628590882e-01,6.131689240182766967e-03,-3.221328589899820696e-03,6.326491006389431959e-01,6.588711984841498503e-02,-6.857764534171854887e-03,2.712928002699037042e-03,3.350039065643097263e-03,-4.988640876180063244e-01,-1.343100865066645111e-01,1.393337522591679700e-01,-1.174536077341273993e-01,3.812221511718807965e-01,1.208757708025591127e+00,5.884378367548882133e-02,1.539005860349667687e+00,-1.469300615754221551e-01,-6.798708151821367118e-02,-6.011369041199578385e-03,3.393282679722218753e-01,-1.638547262202586507e+00,1.379158999400388608e-01,-1.498444369810637333e+00
3.004829932734782300e-03,0.000000000000000000e+00,2.447854134390803349e-01,6.889409965383599399e-01,0.000000000000000000e+00,7.248174275558856294e-01,0.000000000000000000e+00,-5.028680815699999584e-01,4.730783787787181532e-03,-1.355492616840811310e-03,6.249806215117285069e-01,3.670226756176620669e-02,-4.826404051717788322e-03,-5.182782135649999233e-01,6.142728319092159890e-03,-3.184836801145415983e-03,6.287949116349155210e-01,7.132629163516594761e-02,-6.845106894679912728e-03,2.797740751218093323e-03,3.296485171039548884e-03,-5.200000000000000178e-01,-1.310347394327695814e-01,1.394179085458182310e-01,-1.177534989554907263e-01,3.756969006342452122e-01,1.209230511605234204e+00,5.959107100664858686e-02,1.537049637264210844e+00,-1.449218291213958676e-01,-6.814838164753408978e-02,-5.570050228059422043e-03,3.345476390066689509e-01,-1.638772346039805816e+00,1.377021838061966430e-01,-1.495655197580863627e+00
3.521060461674114204e-03,0.000000000000000000e+00,2.439461309868276861e-01,6.979020083682894171e-01,1.120016182877006144e-18,7.161932607303060916e-01,1.120016182877006144e-18,-4.680251288649999175e-01,4.730783787787181532e-03,-1.355492616840811310e-03,6.150904194902185873e-01,3.670226756176620669e-02,-4.826404051717788322e-03,-4.835470309689999246e-01,6.142728319092159890e-03,-3.184836801145415983e-03,6.189047103753609891e-01,7.132629163516594761e-02,-6.845106894679912728e-03,2.695862836718538030e-03,3.330513167583174991e-03,-4.945395638437288799e-01,-1.310347394327695814e-01,1.394179085458182310e-01,-1.177534989554907263e-01,3.756969006342452122e-01,1.209230511605234204e+00,5.959107100664858686e-02,1.537049637264210844e+00,-1.449218291213958676e-01,-6.814838164753408978e-02,-5.570050228059422043e-03,3.345476390066689509e-01,-1.638772346039805816e+00,1.377021838061966430e-01,-1.495655197580863627e+00
4.037290990613446109e-03,0.000000000000000000e+00,2.431068485345750652e-01,7.067550715166482922e-01,2.229184331670915151e-18,7.074583160056127085e-01,2.229184331670915151e-18,-4.331821761599998766e-01,4.730783787787181532e-03,-1.355492616840811310e-03,6.052002174687085567e-01,3.670226756176620669e-02,-4.826404051717788322e-03,-4.488158483729999260e-01,6.142728319092159890e-03,-3.184836801145415983e-03,6.090145091158064572e-01,7.132629163516594761e-02,-6.845106894679912728e-03,2.593984922218982737e-03,3.364541164126800665e-03,-4.690791276874577975e-01,-1.310347394327695814e-01,1.394179085458182310e-01,-1.177534989554907263e-01,3.756969006342452122e-01,1.209230511605234204e+00,5.959107100664858686e-02,1.537049637264210844e+00,-1.449218291213958676e-01,-6.814838164753408978e-02,-5.570050228059422043e-03,3.345476390066689509e-01,-1.638772346039805816e+00,1.377021838061966430e-01,-1.495655197580863627e+00
4.553521519552778882e-03,0.000000000000000000e+00,2.422675660823224164e-01,7.154988166270880301e-01,2.113323469096780641e-18,6.986139444680709021e-01,2.277214360454483252e-18,-3.983392234549998911e-01,4.730783787787181532e-03,-1.355492616840811310e-03,5.953100154471986372e-01,3.670226756176620669e-02,-4.826404051717788322e-03,-4.140846657769998718e-01,6.142728319092159890e-03,-3.184836801145415983e-03,5.991243078562519253e-01,7.132629163516594761e-02,-6.845106894679912728e-03,2.492107007719427877e-03,3.398569160670426772e-03,-4.436186915311866596e-01,-1.310347394327695814e-01,1.394179085458182310e-01,-1.177534989554907263e-01,3.756969006342452122e-01,1.209230511605234204e+00,5.959107100664858686e-02,1.537049637264210844e+00,-1.449218291213958676e-01,-6.814838164753408978e-02,-5.570050228059422043e-03,3.345476390066689509e-01,-1.638772346039805816e+00,1.377021838061966430e-01,-1.495655197580863627e+00
5.069752048492110787e-03,0.000000000000000000e+00,2.414282836300697954e-01,7.241318912522923812e-01,2.084839134540064934e-18,6.896615141294881735e-01,2.303320887673093893e-18,-3.634962707499998502e-01,4.730783787787181532e-03,-1.355492616840811310e-03,5.854198134256887176e-01,3.670226756176620669e-02,-4.826404051717788322e-03,-3.793534831809998731e-01,6.142728319092159890e-03,-3.184836801145415983e-03,5.892341065966973934e-01,7.132629163516594761e-02,-6.845106894679912728e-03,2.390229093219872585e-03,3.432597157214052445e-03,-4.181582553749155773e-01,-1.310347394327695814e-01,1.394179085458182310e-01,-1.177534989554907263e-01,3.756969006342452122e-01,1.209230511605234204e+00,5.959107100664858686e-02,1.537049637264210844e+00,-1.449218291213958676e-01,-6.814838164753408978e-02,-5.570050228059422043e-03,3.345476390066689509e-01,-1.638772346039805816e+00,1.377021838061966430e-01,-1.495655197580863627e+00
5.585982577431442692e-03,0.000000000000000000e+00,2.405890011778171467e-01,7.326529600628935990e-01,2.056032325432947946e-18,6.806024097158928088e-01,2.329071146460644143e-18,-3.444070890626497183e-01,4.723558517559409489e-03,-1.456177830762998664e-03,6.111514504977481055e-01,1.688967065278289617e-02,-4.874799551963174792e-03,-3.602709686104433873e-01,6.103608884650860329e-03,-3.303815639904888069e-03,6.145985656676364872e-01,5.178406516666596293e-02,-6.897504968721322391e-03,2.317493281573851371e-03,3.560593314012244076e-03,-3.924445150030816953e-01,-1.312266746390275129e-01,1.390644734640348323e-01,-1.179892639265519572e-01,3.813973533900660851e-01,1.209142100913220830e+00,5.799086196907850266e-02,1.542467841225749092e+00,-1.448325101956203786e-01,-6.758491395495570819e-02,-5.802936991445428218e-03,3.398213026622485811e-01,-1.638603510994846690e+00,1.380273546996303169e-01,-1.501233268389043030e+00
6.102213106370775464e-03,0.000000000000000000e+00,2.397497187255644979e-01,7.410607050541716534e-01,2.026907497497808487e-18,6.714380324531922239e-01,2.354461153871174352e-18,-3.120447494659422949e-01,4.722689477443496597e-03,-1.471678744388473740e-03,6.070086909940036746e-01,1.362927894932464482e-02,-4.882225150841378036e-03,-3.280064274700429938e-01,6.097414614451235337e-03,-3.321926625496608720e-03,6.104028442318909509e-01,4.856423368911788607e-02,-6.905080004049995654e-03,2.219345353056352988e-03,3.608757772507179083e-03,-3.669423105164654753e-01,-1.313122925766124494e-01,1.390105503510632445e-01,-1.180186829918467573e-01,3.823318214686979299e-01,1.209121680516889175e+00,5.774197307122424377e-02,1.543305215484804815e+00,-1.448756138866587051e-01,-6.750101002472155831e-02,-5.848044483387901914e-03,3.406917022540841833e-01,-1.638573503323772940e+00,1.380795396404670972e-01,-1.502097014396166719e+00
6.618443635310106501e-03,0.000000000000000000e+00,2.389104362733118769e-01,7.493538257498753019e-01,1.997469155646031883e-18,6.621697998504807448e-01,2.379486982680156039e-18,-2.794481321713494504e-01,4.721988236872227442e-03,-1.485596577627251854e-03,6.023686070411222726e-01,1.063039647300106569e-02,-4.888890263736991350e-03,-2.955099420831502899e-01,6.091774970250111478e-03,-3.338116803145116732e-03,6.057167598247574780e-01,4.560123497840005979e-02,-6.911709718412131255e-03,2.120583088797047076e-03,3.655379439995151691e-03,-3.414434228330315846e-01,-1.314081759147696371e-01,1.389622744790559306e-01,-1.180427825266933961e-01,3.831903442864467157e-01,1.209101042221775391e+00,5.751759368637547609e-02,1.544058373100317683e+00,-1.449335791190906053e-01,-6.742662919803926735e-02,-5.891697412474522846e-03,3.414932400171680760e-01,-1.638545184584935477e+00,1.381271169193794557e-01,-1.502874454090203704e+00
7.134674164249439274e-03,0.000000000000000000e+00,2.380711538210592282e-01,7.575310394033795136e-01,1.967721853282171100e-18,6.527991454807793303e-01,2.404144761992815735e-18,-2.466126088245733095e-01,4.721445254819018646e-03,-1.497916699856439906e-03,5.972149107285595893e-01,7.904706371838213924e-03,-4.894791633462258242e-03,-2.627768641350805567e-01,6.086697506302892260e-03,-3.352377116765331913e-03,6.005240509783684733e-01,4.290669656681339594e-02,-6.917406235017322519e-03,2.021240333510562152e-03,3.700463945902393494e-03,-3.159479986454472034e-01,-1.315119619549255658e-01,1.389196653975101059e-01,-1.180618224667131094e-01,3.839698502331909680e-01,1.209080483107626502e+00,5.731802856540724883e-02,1.544726515646297260e+00,-1.450040445327152039e-01,-6.736172529762733674e-02,-5.933483135725840102e-03,3.422228288764718740e-01,-1.638518740601258905e+00,1.381699551593245090e-01,-1.503564696342407858e+00
7.650904693188771179e-03,0.000000000000000000e+00,2.372318713688066072e-01,7.655910811960959794e-01,1.937670191599574457e-18,6.433275187592963906e-01,2.428430677842816086e-18,-2.135336089327171671e-01,4.721051359753270990e-03,-1.508625352045813925e-03,5.915314731908575263e-01,5.463800700748627087e-03,-4.899926314546690538e-03,-2.298025949461581507e-01,6.082191065120244947e-03,-3.364699646084143292e-03,5.948085953421364813e-01,4.049216587853108479e-02,-6.922182829545162411e-03,1.921349593237088723e-03,3.744017501144007460e-03,-2.904561822549720507e-01,-1.316212833109118019e-01,1.388827397105694694e-01,-1.180760655985353680e-01,3.846673221858138425e-01,1.209060299544147510e+00,5.714356477364524595e-02,1.545308902415063912e+00,-1.450846410481773652e-01,-6.730624483565501859e-02,-5.972989868122633404e-03,3.428774313172651134e-01,-1.638494356505043381e+00,1.382079270087775424e-01,-1.504166909169040611e+00
8.167135222128103084e-03,0.000000000000000000e+00,2.363925889165539584e-01,7.735327044331100632e-01,1.907318818868674400e-18,6.337563847192380084e-01,2.452340973782206713e-18,-1.802066460036339801e-01,4.720797710662906661e-03,-1.517709731506844363e-03,5.820786012966290279e-01,3.319148201958693756e-03,-4.904291637696176973e-03,-1.965826104490153714e-01,6.078265733623862410e-03,-3.375077702892376446e-03,5.858928990393703629e-01,3.836907932995776288e-02,-6.926053924297958207e-03,1.820942036064541851e-03,3.786046800974230461e-03,-2.649681154775522240e-01,-1.317337694453674102e-01,1.388515110677847886e-01,-1.180857773872021899e-01,3.852797994650289937e-01,1.209040786996979699e+00,5.699447150432596088e-02,1.545804850896494331e+00,-1.451729934076624595e-01,-6.726012704734785075e-02,-6.009806948207391426e-03,3.434540613570280509e-01,-1.638472216619445865e+00,1.382409092249594906e-01,-1.504680320268849680e+00
8.683365751067435856e-03,0.000000000000000000e+00,2.355533064643013375e-01,7.813546807360135515e-01,1.876672429717994320e-18,6.240872237852032045e-01,2.475871951462356715e-18,-1.583236437479319803e-01,4.703992582369849983e-03,-1.589790982825648336e-03,6.030909282065362031e-01,-1.332033269716165029e-02,-4.925930591011444884e-03,-1.747074646108746909e-01,6.042046478148529152e-03,-3.467722930324205598e-03,6.062082972404180259e-01,2.193175390659068275e-02,-6.959421089237725205e-03,1.743159776755772534e-03,3.886259754236089797e-03,-2.395631026099506733e-01,-1.329840974595263570e-01,1.386329604635853641e-01,-1.181208890800465316e-01,3.910886881130603565e-01,1.208786939101196722e+00,5.559335370815560173e-02,1.550119883973394508e+00,-1.461452542832810675e-01,-6.692264714853320140e-02,-6.380639143682718950e-03,3.487308978016360750e-01,-1.638253056768136373e+00,1.384900881120535165e-01,-1.509015047876741900e+00
9.199596280006768628e-03,0.000000000000000000e+00,2.347140240120486887e-01,7.890558002329057796e-01,1.845735764407997475e-18,6.143215315441976632e-01,2.499019971206088363e-18,-1.249481403553513170e-01,4.703313808482526351e-03,-1.598018116935341496e-03,5.960541009029739490e-01,-1.546792269316263173e-02,-4.929380304270430599e-03,-1.414382250363583060e-01,6.037840905841942302e-03,-3.477011716804635083e-03,5.991499755886284806e-01,1.980465808611952747e-02,-6.962274026992283475e-03,1.642000126612744391e-03,3.927490398248774731e-03,-2.140862711797240359e-01,-1.331710334163961895e-01,1.386064819376620905e-01,-1.181192673512770352e-01,3.917511528680130417e-01,1.208757247441645699e+00,5.544716700796040870e-02,1.550585315956677368e+00,-1.463085073477412845e-01,-6.688639480599174736e-02,-6.429289501225806010e-03,3.493539259087812265e-01,-1.638225805485047815e+00,1.385214917963132342e-01,-1.509494036964595942e+00
9.715826808946101401e-03,0.000000000000000000e+00,2.338747415597960400e-01,7.966348717455319361e-01,1.814513608097917423e-18,6.044608185143020007e-01,2.521781452570612943e-18,-9.124218345616608161e-02,4.702847687509176776e-03,-1.604137525655733405e-03,5.884442036453206848e-01,-1.719578567280371020e-02,-4.931830746720722476e-03,-1.078413925816448793e-01,6.034460493401999116e-03,-3.483799011533097057e-03,5.915256521718730287e-01,1.809092473589223385e-02,-6.963974422005091841e-03,1.540161530660089616e-03,3.966651355672160852e-03,-1.886129034316304798e-01,-1.333441466178686696e-01,1.385876031470950620e-01,-1.181134985355078021e-01,3.922705835640437622e-01,1.208731095271897038e+00,5.533919543936817453e-02,1.550925231241548685e+00,-1.464650072884672305e-01,-6.686218955646026918e-02,-6.470906649211232743e-03,3.498457194788214264e-01,-1.638203214808331643e+00,1.385455047324921363e-01,-1.509844882052337134e+00
1.023205733788543070e-02,0.000000000000000000e+00,2.330354591075434190e-01,8.040907229735287931e-01,1.783010790105567683e-18,5.945066099110318802e-01,2.544152874901343468e-18,-5.719727227429396293e-02,4.702596489673908919e-03,-1.608123772806420784e-03,5.802402657617367066e-01,-1.848701042329599017e-02,-4.933281979054311012e-03,-7.390842510105954943e-02,6.031940959092271272e-03,-3.488068792331937892e-03,5.833143958845073973e-01,1.680740830851969181e-02,-6.964548384558036549e-03,1.437686206314941996e-03,4.003744039787558717e-03,-1.631431147289006400e-01,-1.334999951221003123e-01,1.385763350425741058e-01,-1.181039743614767101e-01,3.926427578002980590e-01,1.208708894164407965e+00,5.526980867094974381e-02,1.551138783770892315e+00,-1.466112972505789758e-01,-6.684989941703931016e-02,-6.504874671600873771e-03,3.502020358864354477e-01,-1.638185568306900652e+00,1.385619836274381567e-01,-1.510066627831201158e+00
1.074828786682476348e-02,0.000000000000000000e+00,2.321961766552907702e-01,8.114222006757534356e-01,1.751232183160407167e-18,5.844604454114218361e-01,2.566130777876465622e-18,-2.280573111915765172e-02,4.702560397292754844e-03,-1.609955588942329737e-03,5.714226337242939158e-01,-1.932536675209511542e-02,-4.933734398469911964e-03,-3.963157477128678718e-02,6.030315520880093032e-03,-3.489809382280154981e-03,5.744965342715028234e-01,1.597032189028402618e-02,-6.964023035133457516e-03,1.334615071599417301e-03,4.038770257475009749e-03,-1.376770158480955242e-01,-1.336351806577579238e-01,1.385726832189557167e-01,-1.180910858496808519e-01,3.928635917743787398e-01,1.208691056810226927e+00,5.523934782800932197e-02,1.551225221178299751e+00,-1.467439589268895173e-01,-6.684938715296662171e-02,-6.530592542150525856e-03,3.504187609313128005e-01,-1.638173141508199260e+00,1.385707897202512195e-01,-1.510158414506217683e+00
1.126451839576409625e-02,0.000000000000000000e+00,2.313568942030381492e-01,8.186281708486602415e-01,1.719182702649817868e-18,5.743238789158751079e-01,2.587711762042160236e-18,1.193915872181754156e-02,4.702737183180319240e-03,-1.609616458394420423e-03,5.619732220254454180e-01,-1.969546924411249775e-02,-4.933188712012191203e-03,-5.004017533798331419e-03,6.029614303152701707e-03,-3.489014040872614672e-03,5.650538996832918937e-01,1.559507736576692602e-02,-6.962426429959071676e-03,1.230987767540136710e-03,4.071732087777978244e-03,-1.122147127348153695e-01,-1.337463513259405379e-01,1.385766477589414070e-01,-1.180752229240728257e-01,3.929291435629566620e-01,1.208677997000126458e+00,5.524812488132006816e-02,1.551183885435968746e+00,-1.468596153706196172e-01,-6.686051050714654498e-02,-6.547474802335709332e-03,3.504919120234710195e-01,-1.638166201565718127e+00,1.385717888350584959e-01,-1.510119478509165836e+00
1.178074892470342902e-02,0.000000000000000000e+00,2.305176117507855005e-01,8.257075189017040184e-01,1.686867305858800102e-18,5.640984783078147879e-01,2.608892489338409899e-18,4.704301802566952101e-02,4.703121892952944437e-03,-1.607095250808631467e-03,5.518757795421510570e-01,-1.958295055538376850e-02,-4.931645910359777271e-03,2.998000837957580725e-02,6.029863727698867200e-03,-3.485681605551976207e-03,5.549700911045005736e-01,1.569611595864376860e-02,-6.959787478071468962e-03,1.126842690124084693e-03,4.102631763345044105e-03,-8.675630626247735067e-02,-1.338302042000792114e-01,1.385882230932846959e-01,-1.180567740319913295e-01,3.928356162760118786e-01,1.208670129589987541e+00,5.529642203185974880e-02,1.551014213471836545e+00,-1.469549337075562456e-01,-6.688312243361287102e-02,-6.554952202975386673e-03,3.504176412511615379e-01,-1.638165006938202106e+00,1.385648514300351075e-01,-1.509949153186220583e+00
1.229697945364274965e-02,0.000000000000000000e+00,2.296783292985328795e-01,8.326591498297407634e-01,1.654290991203232832e-18,5.537858252111671487e-01,2.629669683615319207e-18,8.251022017201055381e-02,4.703706537071005063e-03,-1.602386895460796139e-03,5.411161697065105525e-01,-1.897464329337063965e-02,-4.929107242548222238e-03,6.532505534053177632e-02,6.031085896237848958e-03,-3.479817182972455829e-03,5.442307501170644546e-01,1.628673002092176705e-02,-6.956135850089731690e-03,1.022217031607779722e-03,4.131471555549158167e-03,-6.130189199550704210e-02,-1.338834878211176138e-01,1.386073978776912741e-01,-1.180361257728359814e-01,3.925793610802907341e-01,1.208667870449556370e+00,5.538449109383721675e-02,1.550715737753701307e+00,-1.470266277445095859e-01,-6.691707133390666085e-02,-6.552472308348194358e-03,3.501922383269756023e-01,-1.638169807081379270e+00,1.385498526429718436e-01,-1.509646869457556884e+00
1.281320998258208069e-02,0.000000000000000000e+00,2.288390468462802585e-01,8.394819883824001794e-01,1.621458797456729512e-18,5.433875147457215560e-01,2.650040131139875847e-18,1.183437341007556182e-01,4.704479799350039411e-03,-1.595493095016160649e-03,5.296826619997558883e-01,-1.785876915995157632e-02,-4.925574192074387916e-03,1.010343114885531024e-01,6.033297973503832200e-03,-3.471432887822133943e-03,5.328238486888352554e-01,1.737887730223213606e-02,-6.951501879124627817e-03,9.171468309066209369e-04,4.158253664068237675e-03,-3.585155995831156711e-02,-1.339030045853683848e-01,1.386341548864998829e-01,-1.180136625360209274e-01,3.921568800876371053e-01,1.208671636393750193e+00,5.551255287834723495e-02,1.550288086838049306e+00,-1.470714604710531559e-01,-6.696220129534154186e-02,-6.539500061658564713e-03,3.498121334078360678e-01,-1.638180842152997085e+00,1.385266723336792960e-01,-1.509212156446133157e+00
1.332944051152141346e-02,0.000000000000000000e+00,2.279997643940276097e-01,8.461749792303983053e-01,1.588375802971234842e-18,5.329051552804074943e-01,2.670000681093013474e-18,1.545449610528829287e-01,4.705426769548108797e-03,-1.586423073431583296e-03,5.175662313274095316e-01,-1.622513359709453276e-02,-4.921048454775933841e-03,1.371094394394369309e-01,6.036511581779512199e-03,-3.460548625095249357e-03,5.207399855551277934e-01,1.898298935097979603e-02,-6.945916454525493527e-03,8.116670327218929778e-04,4.182980111685711232e-03,-1.040539441142938198e-02,-1.338856130226783459e-01,1.386684709231521540e-01,-1.179897661487286920e-01,3.915648291040780826e-01,1.208681845095683771e+00,5.568079658001362509e-02,1.549730985881331513e+00,-1.470862464517595503e-01,-6.701835233010938753e-02,-6.515518310803341054e-03,3.492738997847474325e-01,-1.638198342731951085e+00,1.384951951235691703e-01,-1.508644642072847208e+00
1.384567104046074450e-02,0.000000000000000000e+00,2.271604819417749610e-01,8.527370871287733856e-01,1.555047124891562553e-18,5.223403681845150137e-01,2.689548246056976754e-18,1.911135669777555834e-01,4.706528708440084127e-03,-1.575194350320741846e-03,5.047608607102352929e-01,-1.406532367779137968e-02,-4.915531918776914685e-03,1.735504103147211818e-01,6.040732219778585134e-03,-3.447192909349962916e-03,5.079726868742486801e-01,2.110777618086321153e-02,-6.939410909538080291e-03,7.058115549972360844e-04,4.205652645040091481e-03,1.503652636379640244e-02,-1.338282299626149530e-01,1.387103167473835719e-01,-1.179648155340006915e-01,3.908000202355814134e-01,1.208698914980656625e+00,5.588937916905662578e-02,1.549044257111398704e+00,-1.470678541063089595e-01,-6.708536061418111929e-02,-6.480028293459063997e-03,3.485742564383058073e-01,-1.638222529552226803e+00,1.384553104327388984e-01,-1.507944053615240199e+00
1.436190156940007727e-02,0.000000000000000000e+00,2.263211994895223400e-01,8.591672970770130036e-01,1.521477918363866701e-18,5.116947875769105591e-01,2.708679802492872260e-18,2.404001152934738539e-01,4.725627319349097986e-03,-1.497330537909296808e-03,4.628889541501702842e-01,4.488727313737360392e-03,-4.895883006214957547e-03,2.225987985572000782e-01,6.081442740413457379e-03,-3.347959943797911096e-03,4.663328624142349943e-01,3.943548845986272200e-02,-6.908649538244083198e-03,5.853308437405994229e-04,4.174198331429328050e-03,4.054837616628111790e-02,-1.324699948220292856e-01,1.389220405999475327e-01,-1.179483947963971269e-01,3.850073680923006836e-01,1.208964462716219712e+00,5.725718767946440940e-02,1.544846673932879888e+00,-1.459719068720931046e-01,-6.740517051517977420e-02,-6.095028092311487178e-03,3.432833911509723390e-01,-1.638447055951621989e+00,1.382085695091709865e-01,-1.503716931258288980e+00
1.487813209833941004e-02,0.000000000000000000e+00,2.254819170372696913e-01,8.654646144760504978e-01,1.487673375738285874e-18,5.009700600732754916e-01,2.727392391208336647e-18,2.772401759435967894e-01,4.726404852278748465e-03,-1.484875804219383229e-03,4.483951016458281313e-01,7.088305172363626450e-03,-4.890048441746820684e-03,2.593135833415982083e-01,6.086357478016815072e-03,-3.333371016392627610e-03,4.518860642168794906e-01,4.200040032999097228e-02,-6.902562894901109053e-03,4.804677653440852462e-04,4.197074925253391556e-03,6.597608354942333109e-02,-1.324092665190444162e-01,1.389647588708972092e-01,-1.179242559552417524e-01,3.842744930176910101e-01,1.208979806139075963e+00,5.745401596586981185e-02,1.544183932001871984e+00,-1.459449404370084802e-01,-6.747202443547795081e-02,-6.060501680583434483e-03,3.426014682082543783e-01,-1.638470279583014166e+00,1.381674689860517002e-01,-1.503033531531081657e+00
1.539436262727874108e-02,0.000000000000000000e+00,2.246426345850170425e-01,8.716280652821053465e-01,1.453638725765794581e-18,4.901678445314157084e-01,2.745683117815249694e-18,3.143538594466573355e-01,4.727184522262692021e-03,-1.470829109283425945e-03,4.332178416470346960e-01,1.009871941096505618e-02,-4.883410051126130594e-03,2.963023594215570267e-01,6.092051245668956769e-03,-3.317004111910033023e-03,4.367578830302575321e-01,4.497341747211205942e-02,-6.895885542306533049e-03,3.753971247583823604e-04,4.218521623926409052e-03,9.139836516911954700e-02,-1.323190435253380481e-01,1.390130515692400426e-01,-1.178994850880464573e-01,3.834221010439359811e-01,1.208999757481955539e+00,5.767803312787509601e-02,1.543431484581291091e+00,-1.458926930152314727e-01,-6.754665899769347892e-02,-6.017801890134782429e-03,3.418061966849580413e-01,-1.638498176432747089e+00,1.381201224142457884e-01,-1.502256991847689349e+00
1.591059315621807385e-02,0.000000000000000000e+00,2.238033521327644215e-01,8.776566961573435410e-01,1.419379232789450570e-18,4.792898117946763903e-01,2.763549153177432514e-18,3.517368650955819409e-01,4.727949346809487766e-03,-1.455222746109663791e-03,4.173609129247438099e-01,1.352090848543933618e-02,-4.875963342272664723e-03,3.335612831395947664e-01,6.098531660725772623e-03,-3.298907336516619920e-03,4.209511076424784504e-01,4.835594292053793652e-02,-6.888646938999556067e-03,2.701337257389427207e-04,4.238542094085320788e-03,1.168151265036647679e-01,-1.321970913846683970e-01,1.390668874056595894e-01,-1.178743666887006186e-01,3.824482851062010469e-01,1.209024576572848231e+00,5.792922669995465706e-02,1.542589553480081310e+00,-1.458128817204029926e-01,-6.762891226772131670e-02,-5.966566345914655831e-03,3.408955744946155497e-01,-1.638530904457902393e+00,1.380664755643180308e-01,-1.501387472761903874e+00
1.642682368515740662e-02,0.000000000000000000e+00,2.229640696805117728e-01,8.835495746173380738e-01,1.384900195930127251e-18,4.683376444335017874e-01,2.780987733848240409e-18,4.030486887599998846e-01,4.730783787787181532e-03,-1.355492616840811310e-03,3.678353689524698766e-01,3.670226756176620669e-02,-4.826404051717788322e-03,3.847325339309997094e-01,6.142728319092159890e-03,-3.184836801145415983e-03,3.716496788864980805e-01,7.132629163516594761e-02,-6.845106894679912728e-03,1.489149742296600430e-04,4.181213081173821601e-03,1.419713400630483457e-01,-1.310347394327695814e-01,1.394179085458182310e-01,-1.177534989554907263e-01,3.756969006342452122e-01,1.209230511605234204e+00,5.959107100664858686e-02,1.537049637264210844e+00,-1.449218291213958676e-01,-6.814838164753408978e-02,-5.570050228059422043e-03,3.345476390066689509e-01,-1.638772346039805816e+00,1.377021838061966430e-01,-1.495655197580863627e+00
1.694305421409673940e-02,0.000000000000000000e+00,2.221247872282591518e-01,8.893057891752997879e-01,1.350206948266861983e-18,4.573130364851818452e-01,2.797996162498005299e-18,4.378916414649998146e-01,4.730783787787181532e-03,-1.355492616840811310e-03,3.579451669309599016e-01,3.670226756176620669e-02,-4.826404051717788322e-03,4.194637165269996526e-01,6.142728319092159890e-03,-3.184836801145415983e-03,3.617594776269436041e-01,7.132629163516594761e-02,-6.845106894679912728e-03,4.703705973010518376e-05,4.215241077717447708e-03,1.674317762193194836e-01,-1.310347394327695814e-01,1.394179085458182310e-01,-1.177534989554907263e-01,3.756969006342452122e-01,1.209230511605234204e+00,5.959107100664858686e-02,1.537049637264210844e+00,-1.449218291213958676e-01,-6.814838164753408978e-02,-5.570050228059422043e-03,3.345476390066689509e-01,-1.638772346039805816e+00,1.377021838061966430e-01,-1.495655197580863627e+00
1.745928474303606870e-02,0.000000000000000000e+00,2.212855047760065030e-01,8.949244494830640440e-01,1.315304856011960059e-18,4.462176931918263034e-01,2.814571808331248004e-18,4.727345941699998555e-01,4.730783787787181532e-03,-1.355492616840811310e-03,3.480549649094499820e-01,3.670226756176620669e-02,-4.826404051717788322e-03,4.541948991229995958e-01,6.142728319092159890e-03,-3.184836801145415983e-03,3.518692763673890722e-01,7.132629163516594761e-02,-6.845106894679912728e-03,-5.484085476945010917e-05,4.249269074261072948e-03,1.928922123755905105e-01,-1.310347394327695814e-01,1.394179085458182310e-01,-1.177534989554907263e-01,3.756969006342452122e-01,1.209230511605234204e+00,5.959107100664858686e-02,1.537049637264210844e+00,-1.449218291213958676e-01,-6.814838164753408978e-02,-5.570050228059422043e-03,3.345476390066689509e-01,-1.638772346039805816e+00,1.377021838061966430e-01,-1.495655197580863627e+00
1.797551527197540494e-02,0.000000000000000000e+00,2.204462223237538820e-01,9.004046864688047824e-01,1.280199317680969164e-18,4.350533307366045710e-01,2.830712107493600659e-18,5.075775468749998964e-01,4.730783787787181532e-03,-1.355492616840811310e-03,3.381647628879399514e-01,3.670226756176620669e-02,-4.826404051717788322e-03,4.889260817189997610e-01,6.142728319092159890e-03,-3.184836801145415983e-03,3.419790751078345403e-01,7.132629163516594761e-02,-6.845106894679912728e-03,-1.567187692690054021e-04,4.283297070804699055e-03,2.183526485318616484e-01,-1.310347394327695814e-01,1.394179085458182310e-01,-1.177534989554907263e-01,3.756969006342452122e-01,1.209230511605234204e+00,5.959107100664858686e-02,1.537049637264210844e+00,-1.449218291213958676e-01,-6.814838164753408978e-02,-5.570050228059422043e-03,3.345476390066689509e-01,-1.638772346039805816e+00,1.377021838061966430e-01,-1.495655197580863627e+00
1.849174580091473424e-02,0.000000000000000000e+00,2.196069398715012333e-01,9.057456524714606605e-01,1.244895763257662213e-18,4.238216759782918452e-01,2.846414563468364167e-18,5.424204995799999374e-01,4.730783787787181532e-03,-1.355492616840811310e-03,3.282745608664300319e-01,3.670226756176620669e-02,-4.826404051717788322e-03,5.236572643149997042e-01,6.142728319092159890e-03,-3.184836801145415983e-03,3.320888738482800084e-01,7.132629163516594761e-02,-6.845106894679912728e-03,-2.585966837685608577e-04,4.317325067348325163e-03,2.438130846881327307e-01,-1.310347394327695814e-01,1.394179085458182310e-01,-1.177534989554907263e-01,3.756969006342452122e-01,1.209230511605234204e+00,5.959107100664858686e-02,1.537049637264210844e+00,-1.449218291213958676e-01,-6.814838164753408978e-02,-5.570050228059422043e-03,3.345476390066689509e-01,-1.638772346039805816e+00,1.377021838061966430e-01,-1.495655197580863627e+00
1.797551527197540147e-02,0.000000000000000000e+00,2.204462223237538820e-01,9.004046864688047824e-01,1.280199317680969549e-18,4.350533307366044600e-01,2.830712107493599118e-18,4.765299321002804955e-01,4.688616973979680379e-03,-1.483662593600433739e-03,3.981912693238339185e-01,3.943846918992846215e-03,-4.827493365289150032e-03,4.584989200191098568e-01,6.065828848370694547e-03,-3.357846335473143456e-03,4.007661249952743088e-01,3.923877079679095881e-02,-6.867373144660833192e-03,-1.485543114326335755e-04,4.321861978528750842e-03,2.176621335270132462e-01,-1.317697428298078288e-01,1.392812656328019372e-01,-1.177818101579810317e-01,3.791956092715524917e-01,1.209071940847943116e+00,5.875688930452833969e-02,1.539612329266584201e+00,-1.454989432475190525e-01,-6.793498822530665004e-02,-5.782668576093744246e-03,3.377664506103358888e-01,-1.638647749228459460e+00,1.378564488584995695e-01,-1.498258152055857773e+00
1.745928474303606870e-02,0.000000000000000000e+00,2.212855047760065030e-01,8.949244494830640440e-01,1.315304856011960059e-18,4.462176931918263034e-01,2.814571808331248004e-18,4.375473444360118425e-01,4.685406208472154936e-03,-1.511968493656909874e-03,4.198297506811342061e-01,-2.985173324166940506e-03,-4.840571612033911508e-03,4.223807489849121244e-01,6.056959191404915135e-03,-3.379450381732560914e-03,4.184142785901666106e-01,3.449281223600077911e-02,-6.879846666908840010e-03,-3.850485256264425758e-05,4.325104840873887635e-03,1.928864484595872730e-01,-1.326733219117545715e-01,1.391845146757640095e-01,-1.177505089837397045e-01,3.820850722022566259e-01,1.208918632482705480e+00,5.812071667777066186e-02,1.541576792514014027e+00,-1.462689513350236836e-01,-6.780666392753975646e-02,-6.003260865995778406e-03,3.403857861036279631e-01,-1.638526196211928410e+00,1.379821645432543487e-01,-1.500210338414549760e+00
1.694305421409673940e-02,0.000000000000000000e+00,2.221247872282591518e-01,8.893057891752997879e-01,1.350206948266861213e-18,4.573130364851818452e-01,2.797996162498005299e-18,3.936908174353656586e-01,4.677084737381401354e-03,-1.553906047781641138e-03,4.479780188459317469e-01,-1.337831843765954071e-02,-4.852127198763636108e-03,3.778011626681345159e-01,6.033598685975062603e-03,-3.436565123334542164e-03,4.476130192719705581e-01,2.356595841669351793e-02,-6.895999924841134977e-03,7.165729693240205551e-05,4.324981972555365546e-03,1.674066254460359338e-01,-1.333701801251659658e-01,1.390788474266200780e-01,-1.177539914307428465e-01,3.849250947580544202e-01,1.208784714464530730e+00,5.745848486317796378e-02,1.543614719287758064e+00,-1.468328662610128288e-01,-6.765095441649632280e-02,-6.192267463064090108e-03,3.429739719142751442e-01,-1.638418122506650976e+00,1.381061195047194046e-01,-1.502258463388675525e+00
1.642682368515740662e-02,0.000000000000000000e+00,2.229640696805117728e-01,8.835495746173380738e-01,1.384900195930127636e-18,4.683376444335017874e-01,2.780987733848240794e-18,3.552572775471145028e-01,4.674274059998270205e-03,-1.577671773725753063e-03,4.674339854653840609e-01,-1.898355130031616211e-02,-4.863388192544883422e-03,3.386046941749963346e-01,6.020950016430246660e-03,-3.469014601767556657e-03,4.683567885589725033e-01,1.727961056881033991e-02,-6.909202184660586006e-03,1.817244790776057894e-04,4.321861829619061575e-03,1.419231053160111278e-01,-1.339776112152755161e-01,1.389809873787384298e-01,-1.177611877377297278e-01,3.874988330867022990e-01,1.208667322975247815e+00,5.685226857844641324e-02,1.545484237874531930e+00,-1.473183667343785919e-01,-6.750610457718556057e-02,-6.360954820886876096e-03,3.453172002929669193e-01,-1.638321053596220489e+00,1.382188023878601624e-01,-1.504137608599225739e+00
1.591059315621807385e-02,0.000000000000000000e+00,2.238033521327644215e-01,8.776566961573435410e-01,1.419379232789450955e-18,4.792898117946765013e-01,2.763549153177433670e-18,3.163394244638326191e-01,4.670911575564383293e-03,-1.601627816447579030e-03,4.870148671117410788e-01,-2.460279308370050613e-02,-4.873713587838773321e-03,2.996984940110120066e-01,6.009649418910675833e-03,-3.498955415370609643e-03,4.880618915555431370e-01,1.161224840225200290e-02,-6.921802409685985126e-03,2.916562205597724865e-04,4.315926609856358433e-03,1.164331027542108987e-01,-1.345035350435452859e-01,1.388908798039094894e-01,-1.177714901643469869e-01,3.898277742808883839e-01,1.208564363604434089e+00,5.629752708882050649e-02,1.547196592372775070e+00,-1.477322948294109151e-01,-6.737165461488055229e-02,-6.510869305764976564e-03,3.474344512328845225e-01,-1.638234192317977955e+00,1.383208454936337706e-01,-1.505858419232022349e+00
1.539436262727874108e-02,0.000000000000000000e+00,2.246426345850170703e-01,8.716280652821053465e-01,1.453638725765794581e-18,4.901678445314157084e-01,2.745683117815249694e-18,2.776773792052740775e-01,4.667787707266104688e-03,-1.623490203163818670e-03,5.056320942724087386e-01,-2.964371014986146718e-02,-4.883182284759902958e-03,2.610639080385451782e-01,5.999629856320251066e-03,-3.526470362909150946e-03,5.067699461041264009e-01,6.539733207304162382e-03,-6.933762733684177212e-03,4.013852050846478657e-04,4.307173306969274730e-03,9.089201979026176326e-02,-1.349508925844865315e-01,1.388079510371598713e-01,-1.177853169130294586e-01,3.919302119327011114e-01,1.208474569138396015e+00,5.579058983001275451e-02,1.548761089693332149e+00,-1.480775573352529628e-01,-6.724660461411839651e-02,-6.642785985913608575e-03,3.493443744561019471e-01,-1.638157069243903807e+00,1.384126570088826669e-01,-1.507431374009989611e+00
1.487813209833941004e-02,0.000000000000000000e+00,2.254819170372696913e-01,8.654646144760504978e-01,1.487673375738285874e-18,5.009700600732754916e-01,2.727392391208336647e-18,2.383196912467991646e-01,4.664050250698902923e-03,-1.646069038533928656e-03,5.246401721492587322e-01,-3.485604781485485831e-02,-4.891812463542832314e-03,2.212035657936696764e-01,5.988412746790058860e-03,-3.557909980208960599e-03,5.265787314064742652e-01,9.034459281708762113e-04,-6.946094866981187242e-03,5.109640830755510319e-04,4.295817307658933437e-03,6.533789882575129215e-02,-1.353177943950211182e-01,1.387325157801682640e-01,-1.178025275083908613e-01,3.937971746362971537e-01,1.208398221972842634e+00,5.533251651688071010e-02,1.550176052768298396e+00,-1.483504618582628942e-01,-6.713107252721035867e-02,-6.755848968432026473e-03,3.510345801320992609e-01,-1.638090282431194922e+00,1.384945132263714906e-01,-1.508852641339500256e+00
1.436190156940007727e-02,0.000000000000000000e+00,2.263211994895223400e-01,8.591672970770131146e-01,1.521477918363866316e-18,5.116947875769105591e-01,2.708679802492871875e-18,2.073013397551859149e-01,4.668023971326559426e-03,-1.644286397246751130e-03,5.319747516149423427e-01,-3.361248380187884660e-02,-4.899914431691178469e-03,1.902174477227760174e-01,5.991894199532795881e-03,-3.552018287077704159e-03,5.340681952329946469e-01,2.073898618335882731e-03,-6.951749155501453850e-03,6.202717105599240893e-04,4.281493789847431314e-03,3.995635808129282401e-02,-1.356032403588638413e-01,1.386698663348569505e-01,-1.178174318511162610e-01,3.952704221208228619e-01,1.208341661883808538e+00,5.496807468144481595e-02,1.551320150350597116e+00,-1.485552663152610031e-01,-6.703749236060653482e-02,-6.844741366436042640e-03,3.523551660626071946e-01,-1.638037696204133420e+00,1.385616686298900835e-01,-1.509994697590018253e+00
1.384567104046074623e-02,0.000000000000000000e+00,2.271604819417749610e-01,8.527370871287733856e-01,1.555047124891562553e-18,5.223403681845150137e-01,2.689548246056976754e-18,1.673177027746621526e-01,4.663734257807309463e-03,-1.665342915067017813e-03,5.504529535528104311e-01,-3.842818813958183422e-02,-4.906445672384449931e-03,1.503591513825469350e-01,5.982321611583738159e-03,-3.580107025961775605e-03,5.524659228224035878e-01,-2.686366557911559760e-03,-6.962558263059564351e-03,7.293258132662946546e-04,4.264823323455181961e-03,1.437101393189904770e-02,-1.358240007057801013e-01,1.386106536853873861e-01,-1.178387425051896781e-01,3.966522054437719436e-01,1.208290734707902159e+00,5.461660324845492992e-02,1.552409412798942290e+00,-1.487001903047763252e-01,-6.694450959983640204e-02,-6.921210324642470581e-03,3.535948277366563475e-01,-1.637991335876707311e+00,1.386227696775511053e-01,-1.511085309259457166e+00
1.332944051152141346e-02,0.000000000000000000e+00,2.279997643940276097e-01,8.461749792303983053e-01,1.588375802971234842e-18,5.329051552804074943e-01,2.670000681093013474e-18,1.276267967357032074e-01,4.659923631098617652e-03,-1.684837555977136735e-03,5.682063089043978277e-01,-4.283098308405706989e-02,-4.912492137420428409e-03,1.107868044116630535e-01,5.973851434164682145e-03,-3.606464101290959325e-03,5.701583038719635343e-01,-7.045760409287697354e-03,-6.972866403038827446e-03,8.379665268751276125e-04,4.245324784704826264e-03,-1.136916130845781400e-02,-1.359541466301877888e-01,1.385568861444494426e-01,-1.178668929215130612e-01,3.978233278672091977e-01,1.208252976274288182e+00,5.430688706278946620e-02,1.553370837679936889e+00,-1.487632068745535774e-01,-6.685705129601983432e-02,-6.977860943781680203e-03,3.546434953358644226e-01,-1.637955444075243072e+00,1.386748884970624152e-01,-1.512050596191629515e+00
1.281320998258208069e-02,0.000000000000000000e+00,2.288390468462802307e-01,8.394819883824001794e-01,1.621458797456729512e-18,5.433875147457215560e-01,2.650040131139875847e-18,9.757712835562702691e-02,4.664484070870695588e-03,-1.676956581693937222e-03,5.729418969734079159e-01,-4.000942300235400123e-02,-4.917515651943109647e-03,8.078283200780202178e-02,5.980184010844546982e-03,-3.593217126671879695e-03,5.750273002432687575e-01,-4.291324534881584343e-03,-6.975106614377385786e-03,9.452658341229672407e-04,4.221831927232192611e-03,-3.659292911173438190e-02,-1.360438141572401505e-01,1.385230855189708010e-01,-1.178811125994836950e-01,3.985061795012235786e-01,1.208234525130316594e+00,5.412519217555225581e-02,1.553963856364803275e+00,-1.488134005893496370e-01,-6.680519992900355031e-02,-7.015344468258363254e-03,3.552513740980803858e-01,-1.637931533181878008e+00,1.387089628088029880e-01,-1.512642855088721650e+00
1.229697945364274791e-02,0.000000000000000000e+00,2.296783292985328795e-01,8.326591498297407634e-01,1.654290991203232832e-18,5.537858252111671487e-01,2.629669683615319207e-18,5.886591192382235188e-02,4.661668108656306930e-03,-1.690565797897306379e-03,5.881449428011532587e-01,-4.292163245170175362e-02,-4.921497106440311797e-03,4.218960087301359962e-02,5.974639481777583444e-03,-3.612348578095381929e-03,5.901785575602248590e-01,-7.169154661382893395e-03,-6.982907148528899252e-03,1.052292618664992744e-03,4.196092648300950474e-03,-6.232956768011477938e-02,-1.360257272851321253e-01,1.384864192064849397e-01,-1.179130366394815915e-01,3.991643768303776429e-01,1.208223362896682529e+00,5.393053406793165555e-02,1.554580894650409384e+00,-1.487552906091139659e-01,-6.674089231048675741e-02,-7.035445449601631512e-03,3.558414874178907339e-01,-1.637915569338979305e+00,1.387402731350855511e-01,-1.513268733645943165e+00
1.178074892470342902e-02,0.000000000000000000e+00,2.305176117507855005e-01,8.257075189017040184e-01,1.686867305858800102e-18,5.640984783078147879e-01,2.608892489338409899e-18,2.035412098806723205e-02,4.659258002127616115e-03,-1.703095619491654328e-03,6.028713809673705848e-01,-4.556529576677913196e-02,-4.924981161618140028e-03,3.789716190949150854e-03,5.969904570187975663e-03,-3.630354230029381093e-03,6.048712774776043855e-01,-9.789857893197920907e-03,-6.990141224391182781e-03,1.158483242483477390e-03,4.167214280570811190e-03,-8.838289846081263945e-02,-1.358913061944992950e-01,1.384532067375089381e-01,-1.179566441533712734e-01,3.996030235732951907e-01,1.208228384182384207e+00,5.377588120051395026e-02,1.555081515765429190e+00,-1.485910778837851720e-01,-6.667795321398573005e-02,-7.031931079761223613e-03,3.562382935332462641e-01,-1.637911544947323383e+00,1.387632765407618707e-01,-1.513786091928302158e+00
1.126451839576409625e-02,0.000000000000000000e+00,2.313568942030381492e-01,8.186281708486602415e-01,1.719182702649817868e-18,5.743238789158751079e-01,2.587711762042160236e-18,-8.699338418348990035e-03,4.664486727758108790e-03,-1.688668130517482612e-03,6.049737354635531528e-01,-4.117301644686960360e-02,-4.926776706436892389e-03,-2.520927110734769161e-02,5.979015794345535380e-03,-3.609072043795308587e-03,6.070962050415633637e-01,-5.464103951190656290e-03,-6.988524205670636202e-03,1.263750837348224729e-03,4.135913461166035657e-03,-1.132867214732551503e-01,-1.358557998428046587e-01,1.384507447252163737e-01,-1.179600141346500708e-01,3.995556936674507509e-01,1.208237365255857343e+00,5.377423687857140616e-02,1.555118529349972967e+00,-1.485495240112171544e-01,-6.667444992285459504e-02,-7.027557199354422107e-03,3.561741135250541812e-01,-1.637912730384553983e+00,1.387654138166498630e-01,-1.513811704636576438e+00
1.074828786682476348e-02,0.000000000000000000e+00,2.321961766552907702e-01,8.114222006757535466e-01,1.751232183160408323e-18,5.844604454114215031e-01,2.566130777876466778e-18,-4.634674569226210350e-02,4.662969133704296214e-03,-1.695818846008081927e-03,6.174642358832443945e-01,-4.251628528284818326e-02,-4.928151296034388382e-03,-6.274708012233179422e-02,5.976792698284961840e-03,-3.620458636112250991e-03,6.195665397346795666e-01,-6.795929571393617349e-03,-6.993091722434211302e-03,1.367946279592979720e-03,4.101098912979015375e-03,-1.394377846862375481e-01,-1.355750406394483076e-01,1.384335506328624177e-01,-1.180081648786078796e-01,3.994953273672515737e-01,1.208267930364488985e+00,5.373247482718772339e-02,1.555280749287542008e+00,-1.482642235820932908e-01,-6.663356959694340109e-02,-6.987334889639490107e-03,3.561240027811030107e-01,-1.637928763666415932e+00,1.387681774429751769e-01,-1.513995300768218755e+00
1.023205733788543244e-02,0.000000000000000000e+00,2.330354591075434190e-01,8.040907229735287931e-01,1.783010790105567683e-18,5.945066099110318802e-01,2.544152874901343468e-18,-7.506624125458206953e-02,4.668394567810623362e-03,-1.678904545166147412e-03,6.187356966149774040e-01,-3.763582764150748966e-02,-4.928240737218846264e-03,-9.140929596283460523e-02,5.986895865920706557e-03,-3.596254578111011003e-03,6.209588959834093647e-01,-1.983333212196400526e-03,-6.989469697913904510e-03,1.471236828477770660e-03,4.064374628747691870e-03,-1.642389624238655976e-01,-1.354652201755822682e-01,1.384502149793273851e-01,-1.180050930901021811e-01,3.990118829678132584e-01,1.208292904919073152e+00,5.383972554856406717e-02,1.554979051078935859e+00,-1.481731137783162400e-01,-6.665903576355711180e-02,-6.958507725186112609e-03,3.556688646858978120e-01,-1.637944551060250609e+00,1.387508790595603780e-01,-1.513681626395116275e+00
9.715826808946099666e-03,0.000000000000000000e+00,2.338747415597960400e-01,7.966348717455319361e-01,1.814513608097917423e-18,6.044608185143020007e-01,2.521781452570612943e-18,-1.118755250897426473e-01,4.667776073408702944e-03,-1.680773853031989652e-03,6.290778329346262687e-01,-3.773255441519940412e-02,-4.927523982943551699e-03,-1.281123801533893547e-01,5.987062359143999722e-03,-3.601099383630400417e-03,6.312963077568097825e-01,-2.080688204813276390e-03,-6.991294100608254694e-03,1.572966602421868110e-03,4.023472402816429677e-03,-1.904829033604295008e-01,-1.350249803671769999e-01,1.384492216978005230e-01,-1.180589413213218863e-01,3.984100549452776474e-01,1.208352487869763792e+00,5.392063862631057275e-02,1.554779865203016254e+00,-1.477554370499294945e-01,-6.664079709607000079e-02,-6.878285552387928409e-03,3.551352305034195522e-01,-1.637982515445746801e+00,1.387329324842903611e-01,-1.513510427666540092e+00
9.199596280006766894e-03,0.000000000000000000e+00,2.347140240120486887e-01,7.890558002329057796e-01,1.845735764407999015e-18,6.143215315441976632e-01,2.499019971206086822e-18,-1.485857938004677414e-01,4.667570928462093892e-03,-1.682358476933299395e-03,6.392106684368736857e-01,-3.770440582267055307e-02,-4.926498707342937336e-03,-1.647221368046104806e-01,5.987722365809301263e-03,-3.605769323711780893e-03,6.414419803333010206e-01,-2.064658310116412182e-03,-6.992653028064512236e-03,1.673050778342890718e-03,3.979008605205032814e-03,-2.168523845925254268e-01,-1.343732234789656865e-01,1.384509993690493934e-01,-1.181348220764425472e-01,3.974312215396261783e-01,1.208444433012509256e+00,5.406222963196992415e-02,1.554429017078414521e+00,-1.471392649057627067e-01,-6.661939293403942863e-02,-6.757216879890926529e-03,3.542638558367348089e-01,-1.638040408598878006e+00,1.387054655205121889e-01,-1.513200707705695702e+00
8.683365751067435856e-03,0.000000000000000000e+00,2.355533064643013375e-01,7.813546807360135515e-01,1.876672429717994320e-18,6.240872237852032045e-01,2.475871951462356715e-18,-1.762086848971683439e-01,4.673762215897563424e-03,-1.657720429800382464e-03,6.376993831748196673e-01,-3.124811641581481947e-02,-4.923063637066196763e-03,-1.922860846367452914e-01,6.000720607859964806e-03,-3.571837438828096706e-03,6.400580555256035753e-01,4.315310458724994774e-03,-6.984528326673637190e-03,1.774033488460772861e-03,3.935745652313033492e-03,-2.415217339306127142e-01,-1.343028178505696613e-01,1.385002968275276802e-01,-1.181014679856208921e-01,3.964399829607670456e-01,1.208472434517637861e+00,5.432670106947248140e-02,1.553603939898689612e+00,-1.471152544012936381e-01,-6.670285356477734240e-02,-6.714425144410164810e-03,3.533395988364464446e-01,-1.638068973445743204e+00,1.386590953046329400e-01,-1.512345084245742211e+00
8.167135222128103084e-03,0.000000000000000000e+00,2.363925889165539584e-01,7.735327044331100632e-01,1.907318818868674400e-18,6.337563847192380084e-01,2.452340973782206713e-18,-2.121534228871194139e-01,4.674399004183480040e-03,-1.654268154754101649e-03,6.458990121310412835e-01,-3.013836785049478148e-02,-4.920036943296290065e-03,-2.281344538896270535e-01,6.003564417385587326e-03,-3.570166424644136312e-03,6.482905789665013296e-01,5.405599867652372340e-03,-6.983200667087152182e-03,1.871867810087300557e-03,3.885879873379017180e-03,-2.682166488652680258e-01,-1.334969187227206255e-01,1.385181855135946549e-01,-1.181819197061867582e-01,3.949201743187746860e-01,1.208592817660315566e+00,5.459324426015068482e-02,1.552877877311361843e+00,-1.463681209428470131e-01,-6.670646899872045843e-02,-6.553179290768833612e-03,3.519772140514534908e-01,-1.638149396434285476e+00,1.386091463979019500e-01,-1.511662143599805885e+00
7.650904693188772046e-03,0.000000000000000000e+00,2.372318713688066072e-01,7.655910811960959794e-01,1.937670191599574457e-18,6.433275187592963906e-01,2.428430677842816086e-18,-2.393133323864094497e-01,4.680920834999667372e-03,-1.626033830508683562e-03,6.433203206132165342e-01,-2.305741205924417836e-02,-4.914714519980929557e-03,-2.552360427714253088e-01,6.017824029903692112e-03,-3.531802580088230174e-03,6.458393709160427099e-01,1.240192579306082302e-02,-6.972657928237335247e-03,1.970861689289839583e-03,3.838220831708815794e-03,-2.925584795323554754e-01,-1.334729152710925348e-01,1.385872352216993286e-01,-1.181277834005869803e-01,3.936757463376773236e-01,1.208619030048116771e+00,5.493951419269273856e-02,1.551773631670551268e+00,-1.464085385999988609e-01,-6.682324108435648558e-02,-6.508237470535337306e-03,3.508250842973847927e-01,-1.638182137500737490e+00,1.385478653359298318e-01,-1.510519721404079752e+00
7.134674164249439274e-03,0.000000000000000000e+00,2.380711538210592282e-01,7.575310394033789585e-01,1.967721853282153766e-18,6.527991454807797744e-01,2.404144761992790698e-18,-2.744461532584334673e-01,4.682779057082264024e-03,-1.617342028548796702e-03,6.493442891814384943e-01,-2.062427883422939673e-02,-4.910145495507545026e-03,-2.902803553342848675e-01,6.023088459045744351e-03,-3.523292368856682961e-03,6.519214929426621064e-01,1.479125966270864422e-02,-6.968727520342146188e-03,2.067009021704521287e-03,3.783283248443598291e-03,-3.195820377155769165e-01,-1.325657524984183988e-01,1.386230635128758437e-01,-1.182050634130139138e-01,3.916703031129321610e-01,1.208760471184115781e+00,5.532695621606519010e-02,1.550669996097151726e+00,-1.455822481705750238e-01,-6.685747848269681104e-02,-6.316021135242201774e-03,3.490204035450649167e-01,-1.638281002627550276e+00,1.384747418473802616e-01,-1.509457018331508804e+00
6.618443635310106501e-03,0.000000000000000000e+00,2.389104362733118769e-01,7.493538257498753019e-01,1.997469155646031883e-18,6.621697998504807448e-01,2.379486982680156039e-18,-3.103080915172806153e-01,4.685659230862899115e-03,-1.608565611283821906e-03,6.550062424278272344e-01,-1.787085080268102991e-02,-4.906268675645870068e-03,-3.259803179725099809e-01,6.029190592429315917e-03,-3.514314479520736639e-03,6.576477057518277380e-01,1.749406226539380188e-02,-6.964889415731154512e-03,2.164392065398623808e-03,3.725020226672146224e-03,-3.478688675749339598e-01,-1.312958639641939318e-01,1.386569011363905923e-01,-1.183255547656895945e-01,3.891847639335067610e-01,1.208950302895997808e+00,5.577555009919740042e-02,1.549408042506392746e+00,-1.443995583790956272e-01,-6.688023795438220731e-02,-6.057949968993925002e-03,3.467699973422040949e-01,-1.638411170391015803e+00,1.383834084716665802e-01,-1.508249877392972893e+00
6.102213106370775464e-03,0.000000000000000000e+00,2.397497187255644979e-01,7.410607050541716534e-01,2.026907497497808487e-18,6.714380324531922239e-01,2.354461153871177433e-18,-3.354394459691015240e-01,4.692650238046761589e-03,-1.569779059603101847e-03,6.494407248719555881e-01,-9.407540123761290105e-03,-4.895937187345447694e-03,-3.511426667066667728e-01,6.046673423842321288e-03,-3.462634884098757335e-03,6.522772430528822607e-01,2.583917975297699010e-02,-6.948094955157035207e-03,2.259202779762617842e-03,3.671061282269451505e-03,-3.709583946140872501e-01,-1.317121317807213587e-01,1.387676967577758103e-01,-1.181877723819700909e-01,3.878515757185191926e-01,1.208929015871315071e+00,5.624510603514410595e-02,1.547836642830264564e+00,-1.449142733107673109e-01,-6.708046269973876041e-02,-6.070234682940383805e-03,3.455557600494973958e-01,-1.638423599944675901e+00,1.383050713262123643e-01,-1.506613724592984038e+00
5.585982577431442692e-03,0.000000000000000000e+00,2.405890011778171467e-01,7.326529600628941541e-01,2.056032325432997249e-18,6.806024097158922537e-01,2.329071146460693446e-18,-3.697528787960854268e-01,4.696838000326756038e-03,-1.550654096411011387e-03,6.528350071830135715e-01,-4.950378558828581570e-03,-4.889221654179847464e-03,-3.853750551166809091e-01,6.056602404800228399e-03,-3.439982987518215921e-03,6.557348169109644687e-01,3.024997464116591095e-02,-6.939944731605650168e-03,2.359209643737358690e-03,3.606238691005419009e-03,-3.992612151575687385e-01,-1.306109435007662689e-01,1.388348047644090699e-01,-1.182617466612176510e-01,3.850357811112781747e-01,1.209105495000594166e+00,5.682824955954514368e-02,1.546100984900266706e+00,-1.439280327218231681e-01,-6.716854334024309481e-02,-5.824318133645329382e-03,3.430058172822610385e-01,-1.638553480797283690e+00,1.381874801701501454e-01,-1.504912456417683009e+00
5.069752048492109919e-03,0.000000000000000000e+00,2.414282836300697954e-01,7.241318912522923812e-01,2.084839134540064934e-18,6.896615141294881735e-01,2.303320887673093893e-18,-3.949687529562035948e-01,4.704490548742080828e-03,-1.508998307946881863e-03,6.456938667770573126e-01,4.304280224711629251e-03,-4.877141530174250623e-03,-4.105473633611005924e-01,6.075223667648785471e-03,-3.384556609204054326e-03,6.487777864391031102e-01,3.939047967855832666e-02,-6.920401457989682273e-03,2.449386773672618169e-03,3.548449496747065317e-03,-4.223586489798101251e-01,-1.310963899718881887e-01,1.389542690749791531e-01,-1.181106179293957698e-01,3.836663242113981243e-01,1.209076777116241841e+00,5.732562690389177151e-02,1.544423332065875343e+00,-1.445231519900346817e-01,-6.738329796194081345e-02,-5.844871271298348117e-03,3.417747443770777771e-01,-1.638563522212031831e+00,1.381058471383578568e-01,-1.503173748129986498e+00
4.553521519552778882e-03,0.000000000000000000e+00,2.422675660823224164e-01,7.154988166270880301e-01,2.113323469096780641e-18,6.986139444680709021e-01,2.277214360454483252e-18,-4.208410942532265775e-01,4.711759066222190317e-03,-1.469281169637514988e-03,6.395735880990649491e-01,1.295119573765449693e-02,-4.865118213094981638e-03,-4.363826870150866455e-01,6.093018702660708656e-03,-3.332065211752605408e-03,6.428458202831299761e-01,4.792043747171609996e-02,-6.901420647496939870e-03,2.538358547863241426e-03,3.488590102676437411e-03,-4.457424870143748552e-01,-1.313134187385985308e-01,1.390701869911779298e-01,-1.179934101704189775e-01,3.820004489062518993e-01,1.209083477398061657e+00,5.784492495510867166e-02,1.542710425242195482e+00,-1.448498840521850739e-01,-6.758090671832406304e-02,-5.819871918143533322e-03,3.402667526532575093e-01,-1.638594302226568544e+00,1.380174572176981751e-01,-1.501412821858720603e+00
4.037290990613447844e-03,0.000000000000000000e+00,2.431068485345750652e-01,7.067550715166482922e-01,2.229184331670915151e-18,7.074583160056127085e-01,2.229184331670915151e-18,-4.529769520744424405e-01,4.718574069037925235e-03,-1.433554640149566897e-03,6.365158314854068022e-01,2.075077448872858846e-02,-4.852977401195814923e-03,-4.684610895893380755e-01,6.109276437326712460e-03,-3.286835952299613402e-03,6.399734147719527977e-01,5.560078548196536324e-02,-6.884092634655036499e-03,2.636151578936496171e-03,3.416887650768209248e-03,-4.737991768010524352e-01,-1.308559620344384722e-01,1.391798696735567775e-01,-1.179612349678840905e-01,3.793955221409831546e-01,1.209182727680026437e+00,5.851343556473831420e-02,1.540587684068725149e+00,-1.445304530368051177e-01,-6.776047744876510792e-02,-5.667270202189511087e-03,3.379231069282006561e-01,-1.638687343862019308e+00,1.378899893852857939e-01,-1.499285621860988238e+00
3.521060461674113337e-03,0.000000000000000000e+00,2.439461309868277139e-01,6.979020083682894171e-01,1.120016182877006144e-18,7.161932607303060916e-01,1.120016182877006144e-18,-4.776702691250489519e-01,4.724865545317107410e-03,-1.393140725475742157e-03,6.301829832396537157e-01,2.904195848286865791e-02,-4.839352789659476586e-03,-4.931206252728296269e-01,6.126492734852543275e-03,-3.233956215516156207e-03,6.338250855915400495e-01,6.377610008788528462e-02,-6.863997349312725600e-03,2.717329735005968080e-03,3.357374073067637653e-03,-4.968979713877472726e-01,-1.310571537890663496e-01,1.392982876857209174e-01,-1.178450801922810154e-01,3.776999074510561938e-01,1.209191241456791799e+00,5.903566219575191731e-02,1.538858520899968996e+00,-1.448379323628551929e-01,-6.795827431504292138e-02,-5.638540445941816505e-03,3.363823527670916635e-01,-1.638720478797971891e+00,1.378006920603701557e-01,-1.497507672350956387e+00
3.004829932734782300e-03,0.000000000000000000e+00,2.447854134390803349e-01,6.889409965383599399e-01,0.000000000000000000e+00,7.248174275558856294e-01,0.000000000000000000e+00,-5.028680815699999584e-01,4.730783787787181532e-03,-1.355492616840811310e-03,6.249806215117285069e-01,3.670226756176620669e-02,-4.826404051717788322e-03,-5.182782135649999233e-01,6.142728319092159890e-03,-3.184836801145415983e-03,6.287949116349155210e-01,7.132629163516594761e-02,-6.845106894679912728e-03,2.797740751218093323e-03,3.296485171039548884e-03,-5.200000000000000178e-01,-1.310347394327695814e-01,1.394179085458182310e-01,-1.177534989554907263e-01,3.756969006342452122e-01,1.209230511605234204e+00,5.959107100664858686e-02,1.537049637264210844e+00,-1.449218291213958676e-01,-6.814838164753408978e-02,-5.570050228059422043e-03,3.345476390066689509e-01,-1.638772346039805816e+00,1.377021838061966430e-01,-1.495655197580863627e+00
