-4.832372373176634095e-02,-9.985638843948985697e-05,7.611888040794910770e-01,9.999619230641713097e-01,5.061343893849655822e-31,8.726535498373934677e-03,-1.911590794098165261e-31,-3.741557773861855507e-01,1.322573063410405517e-04,-7.775656866794706092e-05,5.833516138993600775e-01,-2.266491298001915844e-01,-1.534212116650873336e-04,-3.741593061467621273e-01,1.502204373338276620e-04,-8.836131792789123790e-05,5.833589468321844773e-01,-2.266529354639848226e-01,-1.742809159188653202e-04,0.000000000000000000e+00,0.000000000000000000e+00,0.000000000000000000e+00,4.979999999999999982e-01,2.999999999999999889e-01,0.000000000000000000e+00,5.010000000000000009e-01,0.000000000000000000e+00,0.000000000000000000e+00,0.000000000000000000e+00,4.979999999999999982e-01,-2.999999999999999889e-01,0.000000000000000000e+00,5.010000000000000009e-01,0.000000000000000000e+00,0.000000000000000000e+00,0.000000000000000000e+00
-4.832372373176634095e-02,-9.985638843948985697e-05,7.611888040794910770e-01,9.999619230641713097e-01,5.061343893849655822e-31,8.726535498373934677e-03,-1.911590794098165261e-31,-3.741557773861855507e-01,1.322573063410405517e-04,-7.775656866794706092e-05,5.833516138993600775e-01,-2.266491298001915844e-01,-1.534212116650873336e-04,-3.741593061467621273e-01,1.502204373338276620e-04,-8.836131792789123790e-05,5.833589468321844773e-01,-2.266529354639848226e-01,-1.742809159188653202e-04,0.000000000000000000e+00,0.000000000000000000e+00,0.000000000000000000e+00,4.979999999999999982e-01,2.999999999999999889e-01,0.000000000000000000e+00,5.010000000000000009e-01,0.000000000000000000e+00,0.000000000000000000e+00,0.000000000000000000e+00,4.979999999999999982e-01,-2.999999999999999889e-01,0.000000000000000000e+00,5.010000000000000009e-01,0.000000000000000000e+00,0.000000000000000000e+00,0.000000000000000000e+00
-4.832372373176634095e-02,-9.985638843948985697e-05,7.611888040794910770e-01,9.999619230641713097e-01,5.061343893849655822e-31,8.726535498373934677e-03,-1.911590794098165261e-31,-3.741557773861855507e-01,1.322573063410405517e-04,-7.775656866794706092e-05,5.833516138993600775e-01,-2.266491298001915844e-01,-1.534212116650873336e-04,-3.741593061467621273e-01,1.502204373338276620e-04,-8.836131792789123790e-05,5.833589468321844773e-01,-2.266529354639848226e-01,-1.742809159188653202e-04,0.000000000000000000e+00,0.000000000000000000e+00,0.000000000000000000e+00,4.979999999999999982e-01,2.999999999999999889e-01,0.000000000000000000e+00,5.010000000000000009e-01,0.000000000000000000e+00,0.000000000000000000e+00,0.000000000000000000e+00,4.979999999999999982e-01,-2.999999999999999889e-01,0.000000000000000000e+00,5.010000000000000009e-01,0.000000000000000000e+00,0.000000000000000000e+00,0.000000000000000000e+00
-4.832372373176634095e-02,-9.985638843948985697e-05,7.611888040794910770e-01,9.999619230641713097e-01,5.061343893849655822e-31,8.726535498373934677e-03,-1.911590794098165261e-31,-3.741557773861855507e-01,1.322573063410405517e-04,-7.775656866794706092e-05,5.833516138993600775e-01,-2.266491298001915844e-01,-1.534212116650873336e-04,-3.741593061467621273e-01,1.502204373338276620e-04,-8.836131792789123790e-05,5.833589468321844773e-01,-2.266529354639848226e-01,-1.742809159188653202e-04,0.000000000000000000e+00,0.000000000000000000e+00,0.000000000000000000e+00,4.979999999999999982e-01,2.999999999999999889e-01,0.000000000000000000e+00,5.010000000000000009e-01,0.000000000000000000e+00,0.000000000000000000e+00,0.000000000000000000e+00,4.979999999999999982e-01,-2.999999999999999889e-01,0.000000000000000000e+00,5.010000000000000009e-01,0.000000000000000000e+00,0.000000000000000000e+00,0.000000000000000000e+00
-4.832372373176634095e-02,-9.985638843948985697e-05,7.611888040794910770e-01,9.999619230641713097e-01,5.061343893849655822e-31,8.726535498373934677e-03,-1.911590794098165261e-31,-3.741557773861855507e-01,1.322573063410405517e-04,-7.775656866794706092e-05,5.833516138993600775e-01,-2.266491298001915844e-01,-1.534212116650873336e-04,-3.741593061467621273e-01,1.502204373338276620e-04,-8.836131792789123790e-05,5.833589468321844773e-01,-2.266529354639848226e-01,-1.742809159188653202e-04,0.000000000000000000e+00,0.000000000000000000e+00,0.000000000000000000e+00,4.979999999999999982e-01,2.999999999999999889e-01,0.000000000000000000e+00,5.010000000000000009e-01,0.000000000000000000e+00,0.000000000000000000e+00,0.000000000000000000e+00,4.979999999999999982e-01,-2.999999999999999889e-01,0.000000000000000000e+00,5.010000000000000009e-01,0.000000000000000000e+00,0.000000000000000000e+00,0.000000000000000000e+00
-4.832372373176634095e-02,-9.985638843948985697e-05,7.611888040794910770e-01,9.999619230641713097e-01,5.061343893849655822e-31,8.726535498373934677e-03,-1.911590794098165261e-31,-3.741557773861855507e-01,1.322573063410405517e-04,-7.775656866794706092e-05,5.833516138993600775e-01,-2.266491298001915844e-01,-1.534212116650873336e-04,-3.741593061467621273e-01,1.502204373338276620e-04,-8.836131792789123790e-05,5.833589468321844773e-01,-2.266529354639848226e-01,-1.742809159188653202e-04,0.000000000000000000e+00,0.000000000000000000e+00,0.000000000000000000e+00,4.979999999999999982e-01,2.999999999999999889e-01,0.000000000000000000e+00,5.010000000000000009e-01,0.000000000000000000e+00,0.000000000000000000e+00,0.000000000000000000e+00,4.979999999999999982e-01,-2.999999999999999889e-01,0.000000000000000000e+00,5.010000000000000009e-01,0.000000000000000000e+00,0.000000000000000000e+00,0.000000000000000000e+00
-4.832372373176634095e-02,-9.985638843948985697e-05,7.611888040794910770e-01,9.999619230641713097e-01,5.061343893849655822e-31,8.726535498373934677e-03,-1.911590794098165261e-31,-3.741557773861855507e-01,1.322573063410405517e-04,-7.775656866794706092e-05,5.833516138993600775e-01,-2.266491298001915844e-01,-1.534212116650873336e-04,-3.741593061467621273e-01,1.502204373338276620e-04,-8.836131792789123790e-05,5.833589468321844773e-01,-2.266529354639848226e-01,-1.742809159188653202e-04,0.000000000000000000e+00,0.000000000000000000e+00,0.000000000000000000e+00,4.979999999999999982e-01,2.999999999999999889e-01,0.000000000000000000e+00,5.010000000000000009e-01,0.000000000000000000e+00,0.000000000000000000e+00,0.000000000000000000e+00,4.979999999999999982e-01,-2.999999999999999889e-01,0.000000000000000000e+00,5.010000000000000009e-01,0.000000000000000000e+00,0.000000000000000000e+00,0.000000000000000000e+00
-4.832372373176634095e-02,-9.985638843948985697e-05,7.611888040794910770e-01,9.999619230641713097e-01,5.061343893849655822e-31,8.726535498373934677e-03,-1.911590794098165261e-31,-3.741557773861855507e-01,1.322573063410405517e-04,-7.775656866794706092e-05,5.833516138993600775e-01,-2.266491298001915844e-01,-1.534212116650873336e-04,-3.741593061467621273e-01,1.502204373338276620e-04,-8.836131792789123790e-05,5.833589468321844773e-01,-2.266529354639848226e-01,-1.742809159188653202e-04,0.000000000000000000e+00,0.000000000000000000e+00,0.000000000000000000e+00,4.979999999999999982e-01,2.999999999999999889e-01,0.000000000000000000e+00,5.010000000000000009e-01,0.000000000000000000e+00,0.000000000000000000e+00,0.000000000000000000e+00,4.979999999999999982e-01,-2.999999999999999889e-01,0.000000000000000000e+00,5.010000000000000009e-01,0.000000000000000000e+00,0.000000000000000000e+00,0.000000000000000000e+00
-4.832372373176634095e-02,-9.985638843948985697e-05,7.611888040794910770e-01,9.999619230641713097e-01,5.061343893849655822e-31,8.726535498373934677e-03,-1.911590794098165261e-31,-3.741557773861855507e-01,1.322573063410405517e-04,-7.775656866794706092e-05,5.833516138993600775e-01,-2.266491298001915844e-01,-1.534212116650873336e-04,-3.741593061467621273e-01,1.502204373338276620e-04,-8.836131792789123790e-05,5.833589468321844773e-01,-2.266529354639848226e-01,-1.742809159188653202e-04,0.000000000000000000e+00,0.000000000000000000e+00,0.000000000000000000e+00,4.979999999999999982e-01,2.999999999999999889e-01,0.000000000000000000e+00,5.010000000000000009e-01,0.000000000000000000e+00,0.000000000000000000e+00,0.000000000000000000e+00,4.979999999999999982e-01,-2.999999999999999889e-01,0.000000000000000000e+00,5.010000000000000009e-01,0.000000000000000000e+00,0.000000000000000000e+00,0.000000000000000000e+00
-4.832372373176634095e-02,-9.985638843948985697e-05,7.611888040794910770e-01,9.999619230641713097e-01,5.061343893849655822e-31,8.726535498373934677e-03,-1.911590794098165261e-31,-3.741557773861855507e-01,1.322573063410405517e-04,-7.775656866794706092e-05,5.833516138993600775e-01,-2.266491298001915844e-01,-1.534212116650873336e-04,-3.741593061467621273e-01,1.502204373338276620e-04,-8.836131792789123790e-05,5.833589468321844773e-01,-2.266529354639848226e-01,-1.742809159188653202e-04,0.000000000000000000e+00,0.000000000000000000e+00,0.000000000000000000e+00,4.979999999999999982e-01,2.999999999999999889e-01,0.000000000000000000e+00,5.010000000000000009e-01,0.000000000000000000e+00,0.000000000000000000e+00,0.000000000000000000e+00,4.979999999999999982e-01,-2.999999999999999889e-01,0.000000000000000000e+00,5.010000000000000009e-01,0.000000000000000000e+00,0.000000000000000000e+00,0.000000000000000000e+00
-4.832372373176634095e-02,-9.985638843948985697e-05,7.611888040794910770e-01,9.999619230641713097e-01,5.061343893849655822e-31,8.726535498373934677e-03,-1.911590794098165261e-31,-3.741557773861855507e-01,1.322573063410405517e-04,-7.775656866794706092e-05,5.833516138993600775e-01,-2.266491298001915844e-01,-1.534212116650873336e-04,-3.741593061467621273e-01,1.502204373338276620e-04,-8.836131792789123790e-05,5.833589468321844773e-01,-2.266529354639848226e-01,-1.742809159188653202e-04,0.000000000000000000e+00,0.000000000000000000e+00,0.000000000000000000e+00,4.979999999999999982e-01,2.999999999999999889e-01,0.000000000000000000e+00,5.010000000000000009e-01,0.000000000000000000e+00,0.000000000000000000e+00,0.000000000000000000e+00,4.979999999999999982e-01,-2.999999999999999889e-01,0.000000000000000000e+00,5.010000000000000009e-01,0.000000000000000000e+00,0.000000000000000000e+00,0.000000000000000000e+00
-4.832372373176634095e-02,-9.985638843948985697e-05,7.611888040794910770e-01,9.999619230641713097e-01,5.061343893849655822e-31,8.726535498373934677e-03,-1.911590794098165261e-31,-3.741557773861855507e-01,1.322573063410405517e-04,-7.775656866794706092e-05,5.833516138993600775e-01,-2.266491298001915844e-01,-1.534212116650873336e-04,-3.741593061467621273e-01,1.502204373338276620e-04,-8.836131792789123790e-05,5.833589468321844773e-01,-2.266529354639848226e-01,-1.742809159188653202e-04,0.000000000000000000e+00,0.000000000000000000e+00,0.000000000000000000e+00,4.979999999999999982e-01,2.999999999999999889e-01,0.000000000000000000e+00,5.010000000000000009e-01,0.000000000000000000e+00,0.000000000000000000e+00,0.000000000000000000e+00,4.979999999999999982e-01,-2.999999999999999889e-01,0.000000000000000000e+00,5.010000000000000009e-01,0.000000000000000000e+00,0.000000000000000000e+00,0.000000000000000000e+00
-4.832372373176634095e-02,-9.985638843948985697e-05,7.611888040794910770e-01,9.999619230641713097e-01,5.061343893849655822e-31,8.726535498373934677e-03,-1.911590794098165261e-31,-3.741557773861855507e-01,1.322573063410405517e-04,-7.775656866794706092e-05,5.833516138993600775e-01,-2.266491298001915844e-01,-1.534212116650873336e-04,-3.741593061467621273e-01,1.502204373338276620e-04,-8.836131792789123790e-05,5.833589468321844773e-01,-2.266529354639848226e-01,-1.742809159188653202e-04,0.000000000000000000e+00,0.000000000000000000e+00,0.000000000000000000e+00,4.979999999999999982e-01,2.999999999999999889e-01,0.000000000000000000e+00,5.010000000000000009e-01,0.000000000000000000e+00,0.000000000000000000e+00,0.000000000000000000e+00,4.979999999999999982e-01,-2.999999999999999889e-01,0.000000000000000000e+00,5.010000000000000009e-01,0.000000000000000000e+00,0.000000000000000000e+00,0.000000000000000000e+00
-4.832372373176634095e-02,-9.985638843948985697e-05,7.611888040794910770e-01,9.999619230641713097e-01,5.061343893849655822e-31,8.726535498373934677e-03,-1.911590794098165261e-31,-3.741557773861855507e-01,1.322573063410405517e-04,-7.775656866794706092e-05,5.833516138993600775e-01,-2.266491298001915844e-01,-1.534212116650873336e-04,-3.741593061467621273e-01,1.502204373338276620e-04,-8.836131792789123790e-05,5.833589468321844773e-01,-2.266529354639848226e-01,-1.742809159188653202e-04,0.000000000000000000e+00,0.000000000000000000e+00,0.000000000000000000e+00,4.979999999999999982e-01,2.999999999999999889e-01,0.000000000000000000e+00,5.010000000000000009e-01,0.000000000000000000e+00,0.000000000000000000e+00,0.000000000000000000e+00,4.979999999999999982e-01,-2.999999999999999889e-01,0.000000000000000000e+00,5.010000000000000009e-01,0.000000000000000000e+00,0.000000000000000000e+00,0.000000000000000000e+00
-4.832372373176634095e-02,-9.985638843948985697e-05,7.611888040794910770e-01,9.999619230641713097e-01,5.061343893849655822e-31,8.726535498373934677e-03,-1.911590794098165261e-31,-3.741557773861855507e-01,1.322573063410405517e-04,-7.775656866794706092e-05,5.833516138993600775e-01,-2.266491298001915844e-01,-1.534212116650873336e-04,-3.741593061467621273e-01,1.502204373338276620e-04,-8.836131792789123790e-05,5.833589468321844773e-01,-2.266529354639848226e-01,-1.742809159188653202e-04,0.000000000000000000e+00,0.000000000000000000e+00,0.000000000000000000e+00,4.979999999999999982e-01,2.999999999999999889e-01,0.000000000000000000e+00,5.010000000000000009e-01,0.000000000000000000e+00,0.000000000000000000e+00,0.000000000000000000e+00,4.979999999999999982e-01,-2.999999999999999889e-01,0.000000000000000000e+00,5.010000000000000009e-01,0.000000000000000000e+00,0.000000000000000000e+00,0.000000000000000000e+00
-4.832372373176634095e-02,-9.985638843948985697e-05,7.611888040794910770e-01,9.999619230641713097e-01,5.061343893849655822e-31,8.726535498373934677e-03,-1.911590794098165261e-31,-3.741557773861855507e-01,1.322573063410405517e-04,-7.775656866794706092e-05,5.833516138993600775e-01,-2.266491298001915844e-01,-1.534212116650873336e-04,-3.741593061467621273e-01,1.502204373338276620e-04,-8.836131792789123790e-05,5.833589468321844773e-01,-2.266529354639848226e-01,-1.742809159188653202e-04,0.000000000000000000e+00,0.000000000000000000e+00,0.000000000000000000e+00,4.979999999999999982e-01,2.999999999999999889e-01,0.000000000000000000e+00,5.010000000000000009e-01,0.000000000000000000e+00,0.000000000000000000e+00,0.000000000000000000e+00,4.979999999999999982e-01,-2.999999999999999889e-01,0.000000000000000000e+00,5.010000000000000009e-01,0.000000000000000000e+00,0.000000000000000000e+00,0.000000000000000000e+00
-4.832372373176634095e-02,-9.985638843948985697e-05,7.611888040794910770e-01,9.999619230641713097e-01,5.061343893849655822e-31,8.726535498373934677e-03,-1.911590794098165261e-31,-3.741557773861855507e-01,1.322573063410405517e-04,-7.775656866794706092e-05,5.833516138993600775e-01,-2.266491298001915844e-01,-1.534212116650873336e-04,-3.741593061467621273e-01,1.502204373338276620e-04,-8.836131792789123790e-05,5.833589468321844773e-01,-2.266529354639848226e-01,-1.742809159188653202e-04,0.000000000000000000e+00,0.000000000000000000e+00,0.000000000000000000e+00,4.979999999999999982e-01,2.999999999999999889e-01,0.000000000000000000e+00,5.010000000000000009e-01,0.000000000000000000e+00,0.000000000000000000e+00,0.000000000000000000e+00,4.979999999999999982e-01,-2.999999999999999889e-01,0.000000000000000000e+00,5.010000000000000009e-01,0.000000000000000000e+00,0.000000000000000000e+00,0.000000000000000000e+00
-4.832372373176634095e-02,-9.985638843948985697e-05,7.611888040794910770e-01,9.999619230641713097e-01,5.061343893849655822e-31,8.726535498373934677e-03,-1.911590794098165261e-31,-3.741557773861855507e-01,1.322573063410405517e-04,-7.775656866794706092e-05,5.833516138993600775e-01,-2.266491298001915844e-01,-1.534212116650873336e-04,-3.741593061467621273e-01,1.502204373338276620e-04,-8.836131792789123790e-05,5.833589468321844773e-01,-2.266529354639848226e-01,-1.742809159188653202e-04,0.000000000000000000e+00,0.000000000000000000e+00,0.000000000000000000e+00,4.979999999999999982e-01,2.999999999999999889e-01,0.000000000000000000e+00,5.010000000000000009e-01,0.000000000000000000e+00,0.000000000000000000e+00,0.000000000000000000e+00,4.979999999999999982e-01,-2.999999999999999889e-01,0.000000000000000000e+00,5.010000000000000009e-01,0.000000000000000000e+00,0.000000000000000000e+00,0.000000000000000000e+00
-4.832372373176634095e-02,-9.985638843948985697e-05,7.611888040794910770e-01,9.999619230641713097e-01,5.061343893849655822e-31,8.726535498373934677e-03,-1.911590794098165261e-31,-3.741557773861855507e-01,1.322573063410405517e-04,-7.775656866794706092e-05,5.833516138993600775e-01,-2.266491298001915844e-01,-1.534212116650873336e-04,-3.741593061467621273e-01,1.502204373338276620e-04,-8.836131792789123790e-05,5.833589468321844773e-01,-2.266529354639848226e-01,-1.742809159188653202e-04,0.000000000000000000e+00,0.000000000000000000e+00,0.000000000000000000e+00,4.979999999999999982e-01,2.999999999999999889e-01,0.000000000000000000e+00,5.010000000000000009e-01,0.000000000000000000e+00,0.000000000000000000e+00,0.000000000000000000e+00,4.979999999999999982e-01,-2.999999999999999889e-01,0.000000000000000000e+00,5.010000000000000009e-01,0.000000000000000000e+00,0.000000000000000000e+00,0.000000000000000000e+00
-4.832372373176634095e-02,-9.985638843948985697e-05,7.611888040794910770e-01,9.999619230641713097e-01,5.061343893849655822e-31,8.726535498373934677e-03,-1.911590794098165261e-31,-3.741557773861855507e-01,1.322573063410405517e-04,-7.775656866794706092e-05,5.833516138993600775e-01,-2.266491298001915844e-01,-1.534212116650873336e-04,-3.741593061467621273e-01,1.502204373338276620e-04,-8.836131792789123790e-05,5.833589468321844773e-01,-2.266529354639848226e-01,-1.742809159188653202e-04,0.000000000000000000e+00,0.000000000000000000e+00,0.000000000000000000e+00,4.979999999999999982e-01,2.999999999999999889e-01,0.000000000000000000e+00,5.010000000000000009e-01,0.000000000000000000e+00,0.000000000000000000e+00,0.000000000000000000e+00,4.979999999999999982e-01,-2.999999999999999889e-01,0.000000000000000000e+00,5.010000000000000009e-01,0.000000000000000000e+00,0.000000000000000000e+00,0.000000000000000000e+00
-4.832372373176634095e-02,-9.985638843948985697e-05,7.611888040794910770e-01,9.999619230641713097e-01,5.061343893849655822e-31,8.726535498373934677e-03,-1.911590794098165261e-31,-3.741557773861855507e-01,1.322573063410405517e-04,-7.775656866794706092e-05,5.833516138993600775e-01,-2.266491298001915844e-01,-1.534212116650873336e-04,-3.741593061467621273e-01,1.502204373338276620e-04,-8.836131792789123790e-05,5.833589468321844773e-01,-2.266529354639848226e-01,-1.742809159188653202e-04,0.000000000000000000e+00,0.000000000000000000e+00,0.000000000000000000e+00,4.979999999999999982e-01,2.999999999999999889e-01,0.000000000000000000e+00,5.010000000000000009e-01,0.000000000000000000e+00,0.000000000000000000e+00,0.000000000000000000e+00,4.979999999999999982e-01,-2.999999999999999889e-01,0.000000000000000000e+00,5.010000000000000009e-01,0.000000000000000000e+00,0.000000000000000000e+00,0.000000000000000000e+00
-4.832372373176634095e-02,-9.985638843948985697e-05,7.611888040794910770e-01,9.999619230641713097e-01,5.061343893849655822e-31,8.726535498373934677e-03,-1.911590794098165261e-31,-3.741557773861855507e-01,1.322573063410405517e-04,-7.775656866794706092e-05,5.833516138993600775e-01,-2.266491298001915844e-01,-1.534212116650873336e-04,-3.741593061467621273e-01,1.502204373338276620e-04,-8.836131792789123790e-05,5.833589468321844773e-01,-2.266529354639848226e-01,-1.742809159188653202e-04,0.000000000000000000e+00,0.000000000000000000e+00,0.000000000000000000e+00,4.979999999999999982e-01,2.999999999999999889e-01,0.000000000000000000e+00,5.010000000000000009e-01,0.000000000000000000e+00,0.000000000000000000e+00,0.000000000000000000e+00,4.979999999999999982e-01,-2.999999999999999889e-01,0.000000000000000000e+00,5.010000000000000009e-01,0.000000000000000000e+00,0.000000000000000000e+00,0.000000000000000000e+00
-4.832372373176634095e-02,-9.985638843948985697e-05,7.611888040794910770e-01,9.999619230641713097e-01,5.061343893849655822e-31,8.726535498373934677e-03,-1.911590794098165261e-31,-3.741557773861855507e-01,1.322573063410405517e-04,-7.775656866794706092e-05,5.833516138993600775e-01,-2.266491298001915844e-01,-1.534212116650873336e-04,-3.741593061467621273e-01,1.502204373338276620e-04,-8.836131792789123790e-05,5.833589468321844773e-01,-2.266529354639848226e-01,-1.742809159188653202e-04,0.000000000000000000e+00,0.000000000000000000e+00,0.000000000000000000e+00,4.979999999999999982e-01,2.999999999999999889e-01,0.000000000000000000e+00,5.010000000000000009e-01,0.000000000000000000e+00,0.000000000000000000e+00,0.000000000000000000e+00,4.979999999999999982e-01,-2.999999999999999889e-01,0.000000000000000000e+00,5.010000000000000009e-01,0.000000000000000000e+00,0.000000000000000000e+00,0.000000000000000000e+00
-4.832372373176634095e-02,-9.985638843948985697e-05,7.611888040794910770e-01,9.999619230641713097e-01,5.061343893849655822e-31,8.726535498373934677e-03,-1.911590794098165261e-31,-3.741557773861855507e-01,1.322573063410405517e-04,-7.775656866794706092e-05,5.833516138993600775e-01,-2.266491298001915844e-01,-1.534212116650873336e-04,-3.741593061467621273e-01,1.502204373338276620e-04,-8.836131792789123790e-05,5.833589468321844773e-01,-2.266529354639848226e-01,-1.742809159188653202e-04,0.000000000000000000e+00,0.000000000000000000e+00,0.000000000000000000e+00,4.979999999999999982e-01,2.999999999999999889e-01,0.000000000000000000e+00,5.010000000000000009e-01,0.000000000000000000e+00,0.000000000000000000e+00,0.000000000000000000e+00,4.979999999999999982e-01,-2.999999999999999889e-01,0.000000000000000000e+00,5.010000000000000009e-01,0.000000000000000000e+00,0.000000000000000000e+00,0.000000000000000000e+00
-4.832372373176634095e-02,-9.985638843948985697e-05,7.611888040794910770e-01,9.999619230641713097e-01,5.061343893849655822e-31,8.726535498373934677e-03,-1.911590794098165261e-31,-3.741557773861855507e-01,1.322573063410405517e-04,-7.775656866794706092e-05,5.833516138993600775e-01,-2.266491298001915844e-01,-1.534212116650873336e-04,-3.741593061467621273e-01,1.502204373338276620e-04,-8.836131792789123790e-05,5.833589468321844773e-01,-2.266529354639848226e-01,-1.742809159188653202e-04,0.000000000000000000e+00,0.000000000000000000e+00,0.000000000000000000e+00,4.979999999999999982e-01,2.999999999999999889e-01,0.000000000000000000e+00,5.010000000000000009e-01,0.000000000000000000e+00,0.000000000000000000e+00,0.000000000000000000e+00,4.979999999999999982e-01,-2.999999999999999889e-01,0.000000000000000000e+00,5.010000000000000009e-01,0.000000000000000000e+00,0.000000000000000000e+00,0.000000000000000000e+00
-4.832372373176634095e-02,-9.985638843948985697e-05,7.611888040794910770e-01,9.999619230641713097e-01,5.061343893849655822e-31,8.726535498373934677e-03,-1.911590794098165261e-31,-3.741557773861855507e-01,1.322573063410405517e-04,-7.775656866794706092e-05,5.833516138993600775e-01,-2.266491298001915844e-01,-1.534212116650873336e-04,-3.741593061467621273e-01,1.502204373338276620e-04,-8.836131792789123790e-05,5.833589468321844773e-01,-2.266529354639848226e-01,-1.742809159188653202e-04,0.000000000000000000e+00,0.000000000000000000e+00,0.000000000000000000e+00,4.979999999999999982e-01,2.999999999999999889e-01,0.000000000000000000e+00,5.010000000000000009e-01,0.000000000000000000e+00,0.000000000000000000e+00,0.000000000000000000e+00,4.979999999999999982e-01,-2.999999999999999889e-01,0.000000000000000000e+00,5.010000000000000009e-01,0.000000000000000000e+00,0.000000000000000000e+00,0.000000000000000000e+00
-4.832372373176634095e-02,-9.985638843948985697e-05,7.611888040794910770e-01,9.999619230641713097e-01,5.061343893849655822e-31,8.726535498373934677e-03,-1.911590794098165261e-31,-3.741557773861855507e-01,1.322573063410405517e-04,-7.775656866794706092e-05,5.833516138993600775e-01,-2.266491298001915844e-01,-1.534212116650873336e-04,-3.741593061467621273e-01,1.502204373338276620e-04,-8.836131792789123790e-05,5.833589468321844773e-01,-2.266529354639848226e-01,-1.742809159188653202e-04,0.000000000000000000e+00,0.000000000000000000e+00,0.000000000000000000e+00,4.979999999999999982e-01,2.999999999999999889e-01,0.000000000000000000e+00,5.010000000000000009e-01,0.000000000000000000e+00,0.000000000000000000e+00,0.000000000000000000e+00,4.979999999999999982e-01,-2.999999999999999889e-01,0.000000000000000000e+00,5.010000000000000009e-01,0.000000000000000000e+00,0.000000000000000000e+00,0.000000000000000000e+00
-4.832372373176634095e-02,-9.985638843948985697e-05,7.611888040794910770e-01,9.999619230641713097e-01,5.061343893849655822e-31,8.726535498373934677e-03,-1.911590794098165261e-31,-3.741557773861855507e-01,1.322573063410405517e-04,-7.775656866794706092e-05,5.833516138993600775e-01,-2.266491298001915844e-01,-1.534212116650873336e-04,-3.741593061467621273e-01,1.502204373338276620e-04,-8.836131792789123790e-05,5.833589468321844773e-01,-2.266529354639848226e-01,-1.742809159188653202e-04,0.000000000000000000e+00,0.000000000000000000e+00,0.000000000000000000e+00,4.979999999999999982e-01,2.999999999999999889e-01,0.000000000000000000e+00,5.010000000000000009e-01,0.000000000000000000e+00,0.000000000000000000e+00,0.000000000000000000e+00,4.979999999999999982e-01,-2.999999999999999889e-01,0.000000000000000000e+00,5.010000000000000009e-01,0.000000000000000000e+00,0.000000000000000000e+00,0.000000000000000000e+00
-4.832372373176634095e-02,-9.985638843948985697e-05,7.611888040794910770e-01,9.999619230641713097e-01,5.061343893849655822e-31,8.726535498373934677e-03,-1.911590794098165261e-31,-3.741557773861855507e-01,1.322573063410405517e-04,-7.775656866794706092e-05,5.833516138993600775e-01,-2.266491298001915844e-01,-1.534212116650873336e-04,-3.741593061467621273e-01,1.502204373338276620e-04,-8.836131792789123790e-05,5.833589468321844773e-01,-2.266529354639848226e-01,-1.742809159188653202e-04,0.000000000000000000e+00,0.000000000000000000e+00,0.000000000000000000e+00,4.979999999999999982e-01,2.999999999999999889e-01,0.000000000000000000e+00,5.010000000000000009e-01,0.000000000000000000e+00,0.000000000000000000e+00,0.000000000000000000e+00,4.979999999999999982e-01,-2.999999999999999889e-01,0.000000000000000000e+00,5.010000000000000009e-01,0.000000000000000000e+00,0.000000000000000000e+00,0.000000000000000000e+00
-4.832372373176634095e-02,-9.985638843948985697e-05,7.611888040794910770e-01,9.999619230641713097e-01,5.061343893849655822e-31,8.726535498373934677e-03,-1.911590794098165261e-31,-3.741557773861855507e-01,1.322573063410405517e-04,-7.775656866794706092e-05,5.833516138993600775e-01,-2.266491298001915844e-01,-1.534212116650873336e-04,-3.741593061467621273e-01,1.502204373338276620e-04,-8.836131792789123790e-05,5.833589468321844773e-01,-2.266529354639848226e-01,-1.742809159188653202e-04,0.000000000000000000e+00,0.000000000000000000e+00,0.000000000000000000e+00,4.979999999999999982e-01,2.999999999999999889e-01,0.000000000000000000e+00,5.010000000000000009e-01,0.000000000000000000e+00,0.000000000000000000e+00,0.000000000000000000e+00,4.979999999999999982e-01,-2.999999999999999889e-01,0.000000000000000000e+00,5.010000000000000009e-01,0.000000000000000000e+00,0.000000000000000000e+00,0.000000000000000000e+00
-4.832372373176634095e-02,-9.985638843948985697e-05,7.611888040794910770e-01,9.999619230641713097e-01,5.061343893849655822e-31,8.726535498373934677e-03,-1.911590794098165261e-31,-3.741557773861855507e-01,1.322573063410405517e-04,-7.775656866794706092e-05,5.833516138993600775e-01,-2.266491298001915844e-01,-1.534212116650873336e-04,-3.741593061467621273e-01,1.502204373338276620e-04,-8.836131792789123790e-05,5.833589468321844773e-01,-2.266529354639848226e-01,-1.742809159188653202e-04,0.000000000000000000e+00,0.000000000000000000e+00,0.000000000000000000e+00,4.979999999999999982e-01,2.999999999999999889e-01,0.000000000000000000e+00,5.010000000000000009e-01,0.000000000000000000e+00,0.000000000000000000e+00,0.000000000000000000e+00,4.979999999999999982e-01,-2.999999999999999889e-01,0.000000000000000000e+00,5.010000000000000009e-01,0.000000000000000000e+00,0.000000000000000000e+00,0.000000000000000000e+00
-4.832372373176634095e-02,-9.985638843948985697e-05,7.611888040794910770e-01,9.999619230641713097e-01,5.061343893849655822e-31,8.726535498373934677e-03,-1.911590794098165261e-31,-3.741557773861855507e-01,1.322573063410405517e-04,-7.775656866794706092e-05,5.833516138993600775e-01,-2.266491298001915844e-01,-1.534212116650873336e-04,-3.741593061467621273e-01,1.502204373338276620e-04,-8.836131792789123790e-05,5.833589468321844773e-01,-2.266529354639848226e-01,-1.742809159188653202e-04,0.000000000000000000e+00,0.000000000000000000e+00,0.000000000000000000e+00,4.979999999999999982e-01,2.999999999999999889e-01,0.000000000000000000e+00,5.010000000000000009e-01,0.000000000000000000e+00,0.000000000000000000e+00,0.000000000000000000e+00,4.979999999999999982e-01,-2.999999999999999889e-01,0.000000000000000000e+00,5.010000000000000009e-01,0.000000000000000000e+00,0.000000000000000000e+00,0.000000000000000000e+00
-4.832372373176634095e-02,-9.985638843948985697e-05,7.611888040794910770e-01,9.999619230641713097e-01,5.061343893849655822e-31,8.726535498373934677e-03,-1.911590794098165261e-31,-3.741557773861855507e-01,1.322573063410405517e-04,-7.775656866794706092e-05,5.833516138993600775e-01,-2.266491298001915844e-01,-1.534212116650873336e-04,-3.741593061467621273e-01,1.502204373338276620e-04,-8.836131792789123790e-05,5.833589468321844773e-01,-2.266529354639848226e-01,-1.742809159188653202e-04,0.000000000000000000e+00,0.000000000000000000e+00,0.000000000000000000e+00,4.979999999999999982e-01,2.999999999999999889e-01,0.000000000000000000e+00,5.010000000000000009e-01,0.000000000000000000e+00,0.000000000000000000e+00,0.000000000000000000e+00,4.979999999999999982e-01,-2.999999999999999889e-01,0.000000000000000000e+00,5.010000000000000009e-01,0.000000000000000000e+00,0.000000000000000000e+00,0.000000000000000000e+00
-4.832372373176634095e-02,-9.985638843948985697e-05,7.611888040794910770e-01,9.999619230641713097e-01,5.061343893849655822e-31,8.726535498373934677e-03,-1.911590794098165261e-31,-3.741557773861855507e-01,1.322573063410405517e-04,-7.775656866794706092e-05,5.833516138993600775e-01,-2.266491298001915844e-01,-1.534212116650873336e-04,-3.741593061467621273e-01,1.502204373338276620e-04,-8.836131792789123790e-05,5.833589468321844773e-01,-2.266529354639848226e-01,-1.742809159188653202e-04,0.000000000000000000e+00,0.000000000000000000e+00,0.000000000000000000e+00,4.979999999999999982e-01,2.999999999999999889e-01,0.000000000000000000e+00,5.010000000000000009e-01,0.000000000000000000e+00,0.000000000000000000e+00,0.000000000000000000e+00,4.979999999999999982e-01,-2.999999999999999889e-01,0.000000000000000000e+00,5.010000000000000009e-01,0.000000000000000000e+00,0.000000000000000000e+00,0.000000000000000000e+00
-4.832372373176634095e-02,-9.985638843948985697e-05,7.611888040794910770e-01,9.999619230641713097e-01,5.061343893849655822e-31,8.726535498373934677e-03,-1.911590794098165261e-31,-3.741557773861855507e-01,1.322573063410405517e-04,-7.775656866794706092e-05,5.833516138993600775e-01,-2.266491298001915844e-01,-1.534212116650873336e-04,-3.741593061467621273e-01,1.502204373338276620e-04,-8.836131792789123790e-05,5.833589468321844773e-01,-2.266529354639848226e-01,-1.742809159188653202e-04,0.000000000000000000e+00,0.000000000000000000e+00,0.000000000000000000e+00,4.979999999999999982e-01,2.999999999999999889e-01,0.000000000000000000e+00,5.010000000000000009e-01,0.000000000000000000e+00,0.000000000000000000e+00,0.000000000000000000e+00,4.979999999999999982e-01,-2.999999999999999889e-01,0.000000000000000000e+00,5.010000000000000009e-01,0.000000000000000000e+00,0.000000000000000000e+00,0.000000000000000000e+00
-4.832372373176634095e-02,-9.985638843948985697e-05,7.611888040794910770e-01,9.999619230641713097e-01,5.061343893849655822e-31,8.726535498373934677e-03,-1.911590794098165261e-31,-3.741557773861855507e-01,1.322573063410405517e-04,-7.775656866794706092e-05,5.833516138993600775e-01,-2.266491298001915844e-01,-1.534212116650873336e-04,-3.741593061467621273e-01,1.502204373338276620e-04,-8.836131792789123790e-05,5.833589468321844773e-01,-2.266529354639848226e-01,-1.742809159188653202e-04,0.000000000000000000e+00,0.000000000000000000e+00,0.000000000000000000e+00,4.979999999999999982e-01,2.999999999999999889e-01,0.000000000000000000e+00,5.010000000000000009e-01,0.000000000000000000e+00,0.000000000000000000e+00,0.000000000000000000e+00,4.979999999999999982e-01,-2.999999999999999889e-01,0.000000000000000000e+00,5.010000000000000009e-01,0.000000000000000000e+00,0.000000000000000000e+00,0.000000000000000000e+00
-4.832372373176634095e-02,-9.985638843948985697e-05,7.611888040794910770e-01,9.999619230641713097e-01,5.061343893849655822e-31,8.726535498373934677e-03,-1.911590794098165261e-31,-3.741557773861855507e-01,1.322573063410405517e-04,-7.775656866794706092e-05,5.833516138993600775e-01,-2.266491298001915844e-01,-1.534212116650873336e-04,-3.741593061467621273e-01,1.502204373338276620e-04,-8.836131792789123790e-05,5.833589468321844773e-01,-2.266529354639848226e-01,-1.742809159188653202e-04,0.000000000000000000e+00,0.000000000000000000e+00,0.000000000000000000e+00,4.979999999999999982e-01,2.999999999999999889e-01,0.000000000000000000e+00,5.010000000000000009e-01,0.000000000000000000e+00,0.000000000000000000e+00,0.000000000000000000e+00,4.979999999999999982e-01,-2.999999999999999889e-01,0.000000000000000000e+00,5.010000000000000009e-01,0.000000000000000000e+00,0.000000000000000000e+00,0.000000000000000000e+00
-4.832372373176634095e-02,-9.985638843948985697e-05,7.611888040794910770e-01,9.999619230641713097e-01,5.061343893849655822e-31,8.726535498373934677e-03,-1.911590794098165261e-31,-3.741557773861855507e-01,1.322573063410405517e-04,-7.775656866794706092e-05,5.833516138993600775e-01,-2.266491298001915844e-01,-1.534212116650873336e-04,-3.741593061467621273e-01,1.502204373338276620e-04,-8.836131792789123790e-05,5.833589468321844773e-01,-2.266529354639848226e-01,-1.742809159188653202e-04,0.000000000000000000e+00,0.000000000000000000e+00,0.000000000000000000e+00,4.979999999999999982e-01,2.999999999999999889e-01,0.000000000000000000e+00,5.010000000000000009e-01,0.000000000000000000e+00,0.000000000000000000e+00,0.000000000000000000e+00,4.979999999999999982e-01,-2.999999999999999889e-01,0.000000000000000000e+00,5.010000000000000009e-01,0.000000000000000000e+00,0.000000000000000000e+00,0.000000000000000000e+00
-4.832372373176634095e-02,-9.985638843948985697e-05,7.611888040794910770e-01,9.999619230641713097e-01,5.061343893849655822e-31,8.726535498373934677e-03,-1.911590794098165261e-31,-3.741557773861855507e-01,1.322573063410405517e-04,-7.775656866794706092e-05,5.833516138993600775e-01,-2.266491298001915844e-01,-1.534212116650873336e-04,-3.741593061467621273e-01,1.502204373338276620e-04,-8.836131792789123790e-05,5.833589468321844773e-01,-2.266529354639848226e-01,-1.742809159188653202e-04,0.000000000000000000e+00,0.000000000000000000e+00,0.000000000000000000e+00,4.979999999999999982e-01,2.999999999999999889e-01,0.000000000000000000e+00,5.010000000000000009e-01,0.000000000000000000e+00,0.000000000000000000e+00,0.000000000000000000e+00,4.979999999999999982e-01,-2.999999999999999889e-01,0.000000000000000000e+00,5.010000000000000009e-01,0.000000000000000000e+00,0.000000000000000000e+00,0.000000000000000000e+00
-4.832372373176634095e-02,-9.985638843948985697e-05,7.611888040794910770e-01,9.999619230641713097e-01,5.061343893849655822e-31,8.726535498373934677e-03,-1.911590794098165261e-31,-3.741557773861855507e-01,1.322573063410405517e-04,-7.775656866794706092e-05,5.833516138993600775e-01,-2.266491298001915844e-01,-1.534212116650873336e-04,-3.741593061467621273e-01,1.502204373338276620e-04,-8.836131792789123790e-05,5.833589468321844773e-01,-2.266529354639848226e-01,-1.742809159188653202e-04,0.000000000000000000e+00,0.000000000000000000e+00,0.000000000000000000e+00,4.979999999999999982e-01,2.999999999999999889e-01,0.000000000000000000e+00,5.010000000000000009e-01,0.000000000000000000e+00,0.000000000000000000e+00,0.000000000000000000e+00,4.979999999999999982e-01,-2.999999999999999889e-01,0.000000000000000000e+00,5.010000000000000009e-01,0.000000000000000000e+00,0.000000000000000000e+00,0.000000000000000000e+00
-4.832372373176634095e-02,-9.985638843948985697e-05,7.611888040794910770e-01,9.999619230641713097e-01,5.061343893849655822e-31,8.726535498373934677e-03,-1.911590794098165261e-31,-3.741557773861855507e-01,1.322573063410405517e-04,-7.775656866794706092e-05,5.833516138993600775e-01,-2.266491298001915844e-01,-1.534212116650873336e-04,-3.741593061467621273e-01,1.502204373338276620e-04,-8.836131792789123790e-05,5.833589468321844773e-01,-2.266529354639848226e-01,-1.742809159188653202e-04,0.000000000000000000e+00,0.000000000000000000e+00,0.000000000000000000e+00,4.979999999999999982e-01,2.999999999999999889e-01,0.000000000000000000e+00,5.010000000000000009e-01,0.000000000000000000e+00,0.000000000000000000e+00,0.000000000000000000e+00,4.979999999999999982e-01,-2.999999999999999889e-01,0.000000000000000000e+00,5.010000000000000009e-01,0.000000000000000000e+00,0.000000000000000000e+00,0.000000000000000000e+00
-4.832372373176634095e-02,-9.985638843948985697e-05,7.611888040794910770e-01,9.999619230641713097e-01,5.061343893849655822e-31,8.726535498373934677e-03,-1.911590794098165261e-31,-3.741557773861855507e-01,1.322573063410405517e-04,-7.775656866794706092e-05,5.833516138993600775e-01,-2.266491298001915844e-01,-1.534212116650873336e-04,-3.741593061467621273e-01,1.502204373338276620e-04,-8.836131792789123790e-05,5.833589468321844773e-01,-2.266529354639848226e-01,-1.742809159188653202e-04,0.000000000000000000e+00,0.000000000000000000e+00,0.000000000000000000e+00,4.979999999999999982e-01,2.999999999999999889e-01,0.000000000000000000e+00,5.010000000000000009e-01,0.000000000000000000e+00,0.000000000000000000e+00,0.000000000000000000e+00,4.979999999999999982e-01,-2.999999999999999889e-01,0.000000000000000000e+00,5.010000000000000009e-01,0.000000000000000000e+00,0.000000000000000000e+00,0.000000000000000000e+00
-4.832372373176634095e-02,-9.985638843948985697e-05,7.611888040794910770e-01,9.999619230641713097e-01,5.061343893849655822e-31,8.726535498373934677e-03,-1.911590794098165261e-31,-3.741557773861855507e-01,1.322573063410405517e-04,-7.775656866794706092e-05,5.833516138993600775e-01,-2.266491298001915844e-01,-1.534212116650873336e-04,-3.741593061467621273e-01,1.502204373338276620e-04,-8.836131792789123790e-05,5.833589468321844773e-01,-2.266529354639848226e-01,-1.742809159188653202e-04,0.000000000000000000e+00,0.000000000000000000e+00,0.000000000000000000e+00,4.979999999999999982e-01,2.999999999999999889e-01,0.000000000000000000e+00,5.010000000000000009e-01,0.000000000000000000e+00,0.000000000000000000e+00,0.000000000000000000e+00,4.979999999999999982e-01,-2.999999999999999889e-01,0.000000000000000000e+00,5.010000000000000009e-01,0.000000000000000000e+00,0.000000000000000000e+00,0.000000000000000000e+00
-4.832372373176634095e-02,-9.985638843948985697e-05,7.611888040794910770e-01,9.999619230641713097e-01,5.061343893849655822e-31,8.726535498373934677e-03,-1.911590794098165261e-31,-3.741557773861855507e-01,1.322573063410405517e-04,-7.775656866794706092e-05,5.833516138993600775e-01,-2.266491298001915844e-01,-1.534212116650873336e-04,-3.741593061467621273e-01,1.502204373338276620e-04,-8.836131792789123790e-05,5.833589468321844773e-01,-2.266529354639848226e-01,-1.742809159188653202e-04,0.000000000000000000e+00,0.000000000000000000e+00,0.000000000000000000e+00,4.979999999999999982e-01,2.999999999999999889e-01,0.000000000000000000e+00,5.010000000000000009e-01,0.000000000000000000e+00,0.000000000000000000e+00,0.000000000000000000e+00,4.979999999999999982e-01,-2.999999999999999889e-01,0.000000000000000000e+00,5.010000000000000009e-01,0.000000000000000000e+00,0.000000000000000000e+00,0.000000000000000000e+00
-4.832372373176634095e-02,-9.985638843948985697e-05,7.611888040794910770e-01,9.999619230641713097e-01,5.061343893849655822e-31,8.726535498373934677e-03,-1.911590794098165261e-31,-3.741557773861855507e-01,1.322573063410405517e-04,-7.775656866794706092e-05,5.833516138993600775e-01,-2.266491298001915844e-01,-1.534212116650873336e-04,-3.741593061467621273e-01,1.502204373338276620e-04,-8.836131792789123790e-05,5.833589468321844773e-01,-2.266529354639848226e-01,-1.742809159188653202e-04,0.000000000000000000e+00,0.000000000000000000e+00,0.000000000000000000e+00,4.979999999999999982e-01,2.999999999999999889e-01,0.000000000000000000e+00,5.010000000000000009e-01,0.000000000000000000e+00,0.000000000000000000e+00,0.000000000000000000e+00,4.979999999999999982e-01,-2.999999999999999889e-01,0.000000000000000000e+00,5.010000000000000009e-01,0.000000000000000000e+00,0.000000000000000000e+00,0.000000000000000000e+00
-4.832372373176634095e-02,-9.985638843948985697e-05,7.611888040794910770e-01,9.999619230641713097e-01,5.061343893849655822e-31,8.726535498373934677e-03,-1.911590794098165261e-31,-3.741557773861855507e-01,1.322573063410405517e-04,-7.775656866794706092e-05,5.833516138993600775e-01,-2.266491298001915844e-01,-1.534212116650873336e-04,-3.741593061467621273e-01,1.502204373338276620e-04,-8.836131792789123790e-05,5.833589468321844773e-01,-2.266529354639848226e-01,-1.742809159188653202e-04,0.000000000000000000e+00,0.000000000000000000e+00,0.000000000000000000e+00,4.979999999999999982e-01,2.999999999999999889e-01,0.000000000000000000e+00,5.010000000000000009e-01,0.000000000000000000e+00,0.000000000000000000e+00,0.000000000000000000e+00,4.979999999999999982e-01,-2.999999999999999889e-01,0.000000000000000000e+00,5.010000000000000009e-01,0.000000000000000000e+00,0.000000000000000000e+00,0.000000000000000000e+00
-4.832372373176634095e-02,-9.985638843948985697e-05,7.611888040794910770e-01,9.999619230641713097e-01,5.061343893849655822e-31,8.726535498373934677e-03,-1.911590794098165261e-31,-3.741557773861855507e-01,1.322573063410405517e-04,-7.775656866794706092e-05,5.833516138993600775e-01,-2.266491298001915844e-01,-1.534212116650873336e-04,-3.741593061467621273e-01,1.502204373338276620e-04,-8.836131792789123790e-05,5.833589468321844773e-01,-2.266529354639848226e-01,-1.742809159188653202e-04,0.000000000000000000e+00,0.000000000000000000e+00,0.000000000000000000e+00,4.979999999999999982e-01,2.999999999999999889e-01,0.000000000000000000e+00,5.010000000000000009e-01,0.000000000000000000e+00,0.000000000000000000e+00,0.000000000000000000e+00,4.979999999999999982e-01,-2.999999999999999889e-01,0.000000000000000000e+00,5.010000000000000009e-01,0.000000000000000000e+00,0.000000000000000000e+00,0.000000000000000000e+00
-4.832372373176634095e-02,-9.985638843948985697e-05,7.611888040794910770e-01,9.999619230641713097e-01,5.061343893849655822e-31,8.726535498373934677e-03,-1.911590794098165261e-31,-3.741557773861855507e-01,1.322573063410405517e-04,-7.775656866794706092e-05,5.833516138993600775e-01,-2.266491298001915844e-01,-1.534212116650873336e-04,-3.741593061467621273e-01,1.502204373338276620e-04,-8.836131792789123790e-05,5.833589468321844773e-01,-2.266529354639848226e-01,-1.742809159188653202e-04,0.000000000000000000e+00,0.000000000000000000e+00,0.000000000000000000e+00,4.979999999999999982e-01,2.999999999999999889e-01,0.000000000000000000e+00,5.010000000000000009e-01,0.000000000000000000e+00,0.000000000000000000e+00,0.000000000000000000e+00,4.979999999999999982e-01,-2.999999999999999889e-01,0.000000000000000000e+00,5.010000000000000009e-01,0.000000000000000000e+00,0.000000000000000000e+00,0.000000000000000000e+00
-4.832372373176634095e-02,-9.985638843948985697e-05,7.611888040794910770e-01,9.999619230641713097e-01,5.061343893849655822e-31,8.726535498373934677e-03,-1.911590794098165261e-31,-3.741557773861855507e-01,1.322573063410405517e-04,-7.775656866794706092e-05,5.833516138993600775e-01,-2.266491298001915844e-01,-1.534212116650873336e-04,-3.741593061467621273e-01,1.502204373338276620e-04,-8.836131792789123790e-05,5.833589468321844773e-01,-2.266529354639848226e-01,-1.742809159188653202e-04,0.000000000000000000e+00,0.000000000000000000e+00,0.000000000000000000e+00,4.979999999999999982e-01,2.999999999999999889e-01,0.000000000000000000e+00,5.010000000000000009e-01,0.000000000000000000e+00,0.000000000000000000e+00,0.000000000000000000e+00,4.979999999999999982e-01,-2.999999999999999889e-01,0.000000000000000000e+00,5.010000000000000009e-01,0.000000000000000000e+00,0.000000000000000000e+00,0.000000000000000000e+00
-4.832372373176634095e-02,-9.985638843948985697e-05,7.611888040794910770e-01,9.999619230641713097e-01,5.061343893849655822e-31,8.726535498373934677e-03,-1.911590794098165261e-31,-3.741557773861855507e-01,1.322573063410405517e-04,-7.775656866794706092e-05,5.833516138993600775e-01,-2.266491298001915844e-01,-1.534212116650873336e-04,-3.741593061467621273e-01,1.502204373338276620e-04,-8.836131792789123790e-05,5.833589468321844773e-01,-2.266529354639848226e-01,-1.742809159188653202e-04,0.000000000000000000e+00,0.000000000000000000e+00,0.000000000000000000e+00,4.979999999999999982e-01,2.999999999999999889e-01,0.000000000000000000e+00,5.010000000000000009e-01,0.000000000000000000e+00,0.000000000000000000e+00,0.000000000000000000e+00,4.979999999999999982e-01,-2.999999999999999889e-01,0.000000000000000000e+00,5.010000000000000009e-01,0.000000000000000000e+00,0.000000000000000000e+00,0.000000000000000000e+00
-4.832372373176634095e-02,-9.985638843948985697e-05,7.611888040794910770e-01,9.999619230641713097e-01,5.061343893849655822e-31,8.726535498373934677e-03,-1.911590794098165261e-31,-3.741557773861855507e-01,1.322573063410405517e-04,-7.775656866794706092e-05,5.833516138993600775e-01,-2.266491298001915844e-01,-1.534212116650873336e-04,-3.741593061467621273e-01,1.502204373338276620e-04,-8.836131792789123790e-05,5.833589468321844773e-01,-2.266529354639848226e-01,-1.742809159188653202e-04,0.000000000000000000e+00,0.000000000000000000e+00,0.000000000000000000e+00,4.979999999999999982e-01,2.999999999999999889e-01,0.000000000000000000e+00,5.010000000000000009e-01,0.000000000000000000e+00,0.000000000000000000e+00,0.000000000000000000e+00,4.979999999999999982e-01,-2.999999999999999889e-01,0.000000000000000000e+00,5.010000000000000009e-01,0.000000000000000000e+00,0.000000000000000000e+00,0.000000000000000000e+00
-4.832372373176634095e-02,-9.985638843948985697e-05,7.611888040794910770e-01,9.999619230641713097e-01,-1.470763864252497328e-29,8.726535498373934677e-03,1.829970058029512209e-31,-3.741557773861855507e-01,1.322573063410405517e-04,-7.775656866794706092e-05,5.833516138993600775e-01,-2.266491298001915844e-01,-1.534212116650873336e-04,-3.741593061467621273e-01,1.502204373338276620e-04,-8.836131792789123790e-05,5.833589468321844773e-01,-2.266529354639848226e-01,-1.742809159188653202e-04,0.000000000000000000e+00,0.000000000000000000e+00,0.000000000000000000e+00,4.979999999999999982e-01,2.999999999999999889e-01,0.000000000000000000e+00,5.010000000000000009e-01,0.000000000000000000e+00,0.000000000000000000e+00,0.000000000000000000e+00,4.979999999999999982e-01,-2.999999999999999889e-01,0.000000000000000000e+00,5.010000000000000009e-01,0.000000000000000000e+00,0.000000000000000000e+00,0.000000000000000000e+00
-4.895155328433198338e-02,-9.984614039879041855e-05,7.601699810070532415e-01,9.999577291093155740e-01,1.882882221283750789e-08,9.194563314286256089e-03,-2.128321386284943465e-10,-3.810943504359908807e-01,1.319017823776687237e-04,-7.862009854183089376e-05,5.933231542584768148e-01,-2.306181899595075024e-01,-1.536052927844296936e-04,-3.810978742880407610e-01,1.498236624007158945e-04,-8.934726475743416706e-05,5.933304710502931290e-01,-2.306219844038000510e-01,-1.744938014703314652e-04,0.000000000000000000e+00,0.000000000000000000e+00,0.000000000000000000e+00,4.979999999999999982e-01,2.999999999999999889e-01,0.000000000000000000e+00,5.010000000000000009e-01,0.000000000000000000e+00,0.000000000000000000e+00,0.000000000000000000e+00,4.979999999999999982e-01,-2.999999999999999889e-01,0.000000000000000000e+00,5.010000000000000009e-01,0.000000000000000000e+00,0.000000000000000000e+00,0.000000000000000000e+00
-5.099343798958974605e-02,-9.981281078332788549e-05,7.568564714080334710e-01,9.999425743959688972e-01,8.006559035504428107e-08,1.071671173242649648e-02,-9.050237254988139926e-10,-4.036606124553785979e-01,1.307455148203436729e-04,-8.142854939415395668e-05,6.257535100197439970e-01,-2.435267305027750406e-01,-1.542039782406588342e-04,-4.036641203434688796e-01,1.485332346659273784e-04,-9.255385123176331961e-05,6.257607743162972858e-01,-2.435304884579810591e-01,-1.751861673357685593e-04,0.000000000000000000e+00,0.000000000000000000e+00,0.000000000000000000e+00,4.979999999999999982e-01,2.999999999999999889e-01,0.000000000000000000e+00,5.010000000000000009e-01,0.000000000000000000e+00,0.000000000000000000e+00,0.000000000000000000e+00,4.979999999999999982e-01,-2.999999999999999889e-01,0.000000000000000000e+00,5.010000000000000009e-01,0.000000000000000000e+00,0.000000000000000000e+00,0.000000000000000000e+00
-5.323758618342425836e-02,-9.977833456282016210e-05,7.542753073530561458e-01,9.999130967056013564e-01,1.731601371592633607e-07,1.318328625892902992e-02,-2.512157364532155213e-09,-4.244865627242679351e-01,1.296507463486765805e-04,-8.362176247214987549e-05,6.492018251047914079e-01,-2.510825972579463494e-01,-1.546345875904549271e-04,-4.244901689533436273e-01,1.473178993989295450e-04,-9.506805275634941095e-05,6.492092695500836230e-01,-2.510864370516532329e-01,-1.756860809241079212e-04,0.000000000000000000e+00,0.000000000000000000e+00,0.000000000000000000e+00,4.979999999999999982e-01,2.999999999999999889e-01,0.000000000000000000e+00,5.010000000000000009e-01,0.000000000000000000e+00,0.000000000000000000e+00,0.000000000000000000e+00,4.979999999999999982e-01,-2.999999999999999889e-01,0.000000000000000000e+00,5.010000000000000009e-01,0.000000000000000000e+00,0.000000000000000000e+00,0.000000000000000000e+00
-5.560838079907826081e-02,-9.974314040044740927e-05,7.521526983410133926e-01,9.998681043593482531e-01,2.862009469694462536e-07,1.624111710325207986e-02,-4.692157754727111136e-09,-4.442228242035397012e-01,1.285944852675353521e-04,-8.542974703839121425e-05,6.670260736799376033e-01,-2.552869101207199676e-01,-1.549599568021376870e-04,-4.442266003451552092e-01,1.461495829607782420e-04,-9.714872039390701577e-05,6.670338439430195665e-01,-2.552909058432425993e-01,-1.760654913389039322e-04,0.000000000000000000e+00,0.000000000000000000e+00,0.000000000000000000e+00,4.979999999999999982e-01,2.999999999999999889e-01,0.000000000000000000e+00,5.010000000000000009e-01,0.000000000000000000e+00,0.000000000000000000e+00,0.000000000000000000e+00,4.979999999999999982e-01,-2.999999999999999889e-01,0.000000000000000000e+00,5.010000000000000009e-01,0.000000000000000000e+00,0.000000000000000000e+00,0.000000000000000000e+00
-6.038626358026231294e-02,-9.965425194051782379e-05,7.439093495586129867e-01,9.997857028430916504e-01,4.366300138712419500e-07,2.070141034699580357e-02,-9.540666363432089216e-09,-4.954111434771680256e-01,1.257971646622500100e-04,-9.149146069611134113e-05,7.339628971389786649e-01,-2.799575279027031183e-01,-1.565319173644982853e-04,-4.954149457171476700e-01,1.430281919660673776e-04,-1.040880519265945179e-04,7.339706518155252324e-01,-2.799614820215841071e-01,-1.778903691764858964e-04,0.000000000000000000e+00,0.000000000000000000e+00,0.000000000000000000e+00,4.979999999999999982e-01,2.999999999999999889e-01,0.000000000000000000e+00,5.010000000000000009e-01,0.000000000000000000e+00,0.000000000000000000e+00,0.000000000000000000e+00,4.979999999999999982e-01,-2.999999999999999889e-01,0.000000000000000000e+00,5.010000000000000009e-01,0.000000000000000000e+00,0.000000000000000000e+00,0.000000000000000000e+00
-6.545202429396057564e-02,-9.955671079227202574e-05,7.350195024278296518e-01,9.996718407171965026e-01,5.972189783507130343e-07,2.561661329557776354e-02,-1.567863210755994557e-08,-5.495808365174306154e-01,1.227895538742714997e-04,-9.785033812195597779e-05,8.034557609918513421e-01,-3.051137492586110667e-01,-1.582518045403965841e-04,-5.495846763714716809e-01,1.396694534950653735e-04,-1.113718035993510857e-04,8.034635117206083699e-01,-3.051176618977027855e-01,-1.798863631966005940e-04,0.000000000000000000e+00,0.000000000000000000e+00,0.000000000000000000e+00,4.979999999999999982e-01,2.999999999999999889e-01,0.000000000000000000e+00,5.010000000000000009e-01,0.000000000000000000e+00,0.000000000000000000e+00,0.000000000000000000e+00,4.979999999999999982e-01,-2.999999999999999889e-01,0.000000000000000000e+00,5.010000000000000009e-01,0.000000000000000000e+00,0.000000000000000000e+00,0.000000000000000000e+00
-7.080401050258321172e-02,-9.944531152143409034e-05,7.256882966171303018e-01,9.994986607557381220e-01,7.813187569547242908e-07,3.166112990521531556e-02,-2.538428726437157553e-08,-6.048771771570518041e-01,1.195679923675852711e-04,-1.040063497574359786e-04,8.676756025867780053e-01,-3.261312604099811385e-01,-1.601160354513885117e-04,-6.048811337112622866e-01,1.360658553790101283e-04,-1.184405739393580055e-04,8.676834845268617258e-01,-3.261351876287319485e-01,-1.820483554696561814e-04,0.000000000000000000e+00,0.000000000000000000e+00,0.000000000000000000e+00,4.979999999999999982e-01,2.999999999999999889e-01,0.000000000000000000e+00,5.010000000000000009e-01,0.000000000000000000e+00,0.000000000000000000e+00,0.000000000000000000e+00,4.979999999999999982e-01,-2.999999999999999889e-01,0.000000000000000000e+00,5.010000000000000009e-01,0.000000000000000000e+00,0.000000000000000000e+00,0.000000000000000000e+00
-7.649451516725755407e-02,-9.931510247988732199e-05,7.151729034934450890e-01,9.992609017410671868e-01,9.783436511807778680e-07,3.844021657939662023e-02,-3.859684404043980932e-08,-6.644324827240293274e-01,1.159516164821088123e-04,-1.105835019290505905e-04,9.346828177927729575e-01,-3.471497033439319146e-01,-1.622968030266453213e-04,-6.644365756250305566e-01,1.320127426205685911e-04,-1.260026451695357469e-04,9.346908384507424117e-01,-3.471536329978567315e-01,-1.845775820897434629e-04,0.000000000000000000e+00,0.000000000000000000e+00,0.000000000000000000e+00,4.979999999999999982e-01,2.999999999999999889e-01,0.000000000000000000e+00,5.010000000000000009e-01,0.000000000000000000e+00,0.000000000000000000e+00,0.000000000000000000e+00,4.979999999999999982e-01,-2.999999999999999889e-01,0.000000000000000000e+00,5.010000000000000009e-01,0.000000000000000000e+00,0.000000000000000000e+00,0.000000000000000000e+00
-8.247644663202501059e-02,-9.916870031447929594e-05,7.036380565906086293e-01,9.989483028609115189e-01,1.186470132820062000e-06,4.585071656903451365e-02,-5.482726000994741798e-08,-7.276542841593994781e-01,1.119953492584064577e-04,-1.175232093369931808e-04,1.004089652155761625e+00,-3.681689484392156042e-01,-1.647500735202209101e-04,-7.276585303207507849e-01,1.275726476711010811e-04,-1.339893936878658570e-04,1.004097817993930830e+00,-3.681728700732612158e-01,-1.874229567033196969e-04,0.000000000000000000e+00,0.000000000000000000e+00,0.000000000000000000e+00,4.979999999999999982e-01,2.999999999999999889e-01,0.000000000000000000e+00,5.010000000000000009e-01,0.000000000000000000e+00,0.000000000000000000e+00,0.000000000000000000e+00,4.979999999999999982e-01,-2.999999999999999889e-01,0.000000000000000000e+00,5.010000000000000009e-01,0.000000000000000000e+00,0.000000000000000000e+00,0.000000000000000000e+00
-8.865290558612115568e-02,-9.899396566033894266e-05,6.910107813188332004e-01,9.985252208235230187e-01,1.413383336012883370e-06,5.428980914804254487e-02,-7.827909249571995615e-08,-7.941148922608903815e-01,1.075471903654085415e-04,-1.246357274260453452e-04,1.072082540059366540e+00,-3.866006586938167122e-01,-1.675780404079138454e-04,-7.941193396203091170e-01,1.225672063284081017e-04,-1.421974269865471335e-04,1.072090882737656292e+00,-3.866045560125538350e-01,-1.907071410577816412e-04,0.000000000000000000e+00,0.000000000000000000e+00,0.000000000000000000e+00,4.979999999999999982e-01,2.999999999999999889e-01,0.000000000000000000e+00,5.010000000000000009e-01,0.000000000000000000e+00,0.000000000000000000e+00,0.000000000000000000e+00,4.979999999999999982e-01,-2.999999999999999889e-01,0.000000000000000000e+00,5.010000000000000009e-01,0.000000000000000000e+00,0.000000000000000000e+00,0.000000000000000000e+00
-9.486829710151037376e-02,-9.880811914166755347e-05,6.780125920652051441e-01,9.980091321039299412e-01,1.647473586934582491e-06,6.306958248185427773e-02,-1.046965008346415175e-07,-8.616259471498911582e-01,1.029144328158389525e-04,-1.318000258209531825e-04,1.139470528508923719e+00,-4.040675037002882108e-01,-1.705445727306244405e-04,-8.616306141899783277e-01,1.173488357832888792e-04,-1.504739985605271064e-04,1.139479057759910985e+00,-4.040713679462422658e-01,-1.941540552064314248e-04,0.000000000000000000e+00,0.000000000000000000e+00,0.000000000000000000e+00,4.979999999999999982e-01,2.999999999999999889e-01,0.000000000000000000e+00,5.010000000000000009e-01,0.000000000000000000e+00,0.000000000000000000e+00,0.000000000000000000e+00,4.979999999999999982e-01,-2.999999999999999889e-01,0.000000000000000000e+00,5.010000000000000009e-01,0.000000000000000000e+00,0.000000000000000000e+00,0.000000000000000000e+00
-1.011015513372343078e-01,-9.858939076087160493e-05,6.640667088222166337e-01,9.973532584580995231e-01,1.902671988146021110e-06,7.270816900026882967e-02,-1.402567740434773118e-07,-9.316727477941844082e-01,9.775709256857302511e-05,-1.390758738714373223e-04,1.204937310153824104e+00,-4.188093092301181652e-01,-1.738992858844112875e-04,-9.316776883785808927e-01,1.115232933018799717e-04,-1.589058381513269453e-04,1.204946047783674645e+00,-4.188131083223715634e-01,-1.980581015604404300e-04,0.000000000000000000e+00,0.000000000000000000e+00,0.000000000000000000e+00,4.979999999999999982e-01,2.999999999999999889e-01,0.000000000000000000e+00,5.010000000000000009e-01,0.000000000000000000e+00,0.000000000000000000e+00,0.000000000000000000e+00,4.979999999999999982e-01,-2.999999999999999889e-01,0.000000000000000000e+00,5.010000000000000009e-01,0.000000000000000000e+00,0.000000000000000000e+00,0.000000000000000000e+00
-1.072286594783559421e-01,-9.835202830906990105e-05,6.498209495456929163e-01,9.965751730046789048e-01,2.171949621911627063e-06,8.269174412203428304e-02,-1.819336958169133012e-07,-1.002299984932635057e+00,9.234198009896654670e-05,-1.463122577617072197e-04,1.268594634736511573e+00,-4.318671781038477264e-01,-1.774329186340099437e-04,-1.002305234709525372e+00,1.053962033724708196e-04,-1.673098078030932226e-04,1.268603592759919074e+00,-4.318708883930516551e-01,-2.021756031497224629e-04,0.000000000000000000e+00,0.000000000000000000e+00,0.000000000000000000e+00,4.979999999999999982e-01,2.999999999999999889e-01,0.000000000000000000e+00,5.010000000000000009e-01,0.000000000000000000e+00,0.000000000000000000e+00,0.000000000000000000e+00,4.979999999999999982e-01,-2.999999999999999889e-01,0.000000000000000000e+00,5.010000000000000009e-01,0.000000000000000000e+00,0.000000000000000000e+00,0.000000000000000000e+00
-1.132310630347178187e-01,-9.809277382161810642e-05,6.352228841727322051e-01,9.956586398294279272e-01,2.457748955743585253e-06,9.307992762631378536e-02,-2.307929385622079353e-07,-1.073609141573206083e+00,8.662402673756843376e-05,-1.535022776125759888e-04,1.330126138369976285e+00,-4.429466923122697408e-01,-1.811767531247530059e-04,-1.073614742423472324e+00,9.891484370351916698e-05,-1.756810347601095456e-04,1.330135330902272983e+00,-4.429502860142439102e-01,-2.065438803005476573e-04,0.000000000000000000e+00,0.000000000000000000e+00,0.000000000000000000e+00,4.979999999999999982e-01,2.999999999999999889e-01,0.000000000000000000e+00,5.010000000000000009e-01,0.000000000000000000e+00,0.000000000000000000e+00,0.000000000000000000e+00,4.979999999999999982e-01,-2.999999999999999889e-01,0.000000000000000000e+00,5.010000000000000009e-01,0.000000000000000000e+00,0.000000000000000000e+00,0.000000000000000000e+00
-1.188781932542539860e-01,-9.780258929431841718e-05,6.204504711361509273e-01,9.945970455813498701e-01,2.772319560052834875e-06,1.038109672100174657e-01,-2.919121497529669588e-07,-1.144665823848601161e+00,8.055007557360204309e-05,-1.604846297719299622e-04,1.387963569915766637e+00,-4.512943887714606639e-01,-1.851598158220864342e-04,-1.144671844817046757e+00,9.200981776511460983e-05,-1.838462930772324466e-04,1.387973013547544765e+00,-4.512978134022271881e-01,-2.112030919185333355e-04,0.000000000000000000e+00,0.000000000000000000e+00,0.000000000000000000e+00,4.979999999999999982e-01,2.999999999999999889e-01,0.000000000000000000e+00,5.010000000000000009e-01,0.000000000000000000e+00,0.000000000000000000e+00,0.000000000000000000e+00,4.979999999999999982e-01,-2.999999999999999889e-01,0.000000000000000000e+00,5.010000000000000009e-01,0.000000000000000000e+00,0.000000000000000000e+00,0.000000000000000000e+00
-1.243662204126070869e-01,-9.750040183249052508e-05,6.056440276375002485e-01,9.934065159907694564e-01,3.098569570168734271e-06,1.146450782953715303e-01,-3.580928524263922778e-07,-1.215483616267375222e+00,7.434721315228831195e-05,-1.673687198126674934e-04,1.444266837090649958e+00,-4.585786234740849565e-01,-1.892299241763850377e-04,-1.215490085617413563e+00,8.495020184430477066e-05,-1.919118184189457996e-04,1.444276537863228072e+00,-4.585818567995850747e-01,-2.159689251221160692e-04,0.000000000000000000e+00,0.000000000000000000e+00,0.000000000000000000e+00,4.979999999999999982e-01,2.999999999999999889e-01,0.000000000000000000e+00,5.010000000000000009e-01,0.000000000000000000e+00,0.000000000000000000e+00,0.000000000000000000e+00,4.979999999999999982e-01,-2.999999999999999889e-01,0.000000000000000000e+00,5.010000000000000009e-01,0.000000000000000000e+00,0.000000000000000000e+00,0.000000000000000000e+00
-1.292187305105635953e-01,-9.716576589842991875e-05,5.910708930626848989e-01,9.920851327136055442e-01,3.464024319266813700e-06,1.255670714655467701e-01,-4.411825470312956028e-07,-1.284292461084406645e+00,6.788523739511093883e-05,-1.738162072747318875e-04,1.495449355279958814e+00,-4.629556781257245235e-01,-1.934793302144207033e-04,-1.284299469437043983e+00,7.756767548201426064e-05,-1.995161581134788039e-04,1.495459325685390084e+00,-4.629586419806716036e-01,-2.209622411736459713e-04,0.000000000000000000e+00,0.000000000000000000e+00,0.000000000000000000e+00,4.979999999999999982e-01,2.999999999999999889e-01,0.000000000000000000e+00,5.010000000000000009e-01,0.000000000000000000e+00,0.000000000000000000e+00,0.000000000000000000e+00,4.979999999999999982e-01,-2.999999999999999889e-01,0.000000000000000000e+00,5.010000000000000009e-01,0.000000000000000000e+00,0.000000000000000000e+00,0.000000000000000000e+00
-1.337303587617346967e-01,-9.682216101996927885e-05,5.767829209628591025e-01,9.906583436303952883e-01,3.845498053064765299e-06,1.363673207935504617e-01,-5.316106653350656510e-07,-1.351500770214033809e+00,6.142049986268400511e-05,-1.800113646026413946e-04,1.544348848659557127e+00,-4.664351413609318375e-01,-1.977438272941329730e-04,-1.351508354439461268e+00,7.016890808900429785e-05,-2.068456312044437907e-04,1.544359089577191924e+00,-4.664377997414176913e-01,-2.259814703972822599e-04,0.000000000000000000e+00,0.000000000000000000e+00,0.000000000000000000e+00,4.979999999999999982e-01,2.999999999999999889e-01,0.000000000000000000e+00,5.010000000000000009e-01,0.000000000000000000e+00,0.000000000000000000e+00,0.000000000000000000e+00,4.979999999999999982e-01,-2.999999999999999889e-01,0.000000000000000000e+00,5.010000000000000009e-01,0.000000000000000000e+00,0.000000000000000000e+00,0.000000000000000000e+00
-1.376910465335058897e-01,-9.646406034311382350e-05,5.629558345105359907e-01,9.891395459848983940e-01,4.253090674289608015e-06,1.469794494148702058e-01,-6.339235381945650802e-07,-1.416122259578305620e+00,5.495129869045250142e-05,-1.857987006094999251e-04,1.589558468861673957e+00,-4.684638982885493963e-01,-2.020327148358612055e-04,-1.416130479266909159e+00,6.274389159726733529e-05,-2.137308590539303149e-04,1.589568981712737195e+00,-4.684661930042931521e-01,-2.310425810399430353e-04,0.000000000000000000e+00,0.000000000000000000e+00,0.000000000000000000e+00,4.979999999999999982e-01,2.999999999999999889e-01,0.000000000000000000e+00,5.010000000000000009e-01,0.000000000000000000e+00,0.000000000000000000e+00,0.000000000000000000e+00,4.979999999999999982e-01,-2.999999999999999889e-01,0.000000000000000000e+00,5.010000000000000009e-01,0.000000000000000000e+00,0.000000000000000000e+00,0.000000000000000000e+00
-1.409110045245242637e-01,-9.610308996327361782e-05,5.499966746303697196e-01,9.875834909043409438e-01,4.685353784656999543e-06,1.570950300635979013e-01,-7.485036429323420709e-07,-1.476327978027751842e+00,4.872763572646292317e-05,-1.910135417524416225e-04,1.630469671688119515e+00,-4.696385972211589710e-01,-2.062128741744306750e-04,-1.476336889411588693e+00,5.557546392930070602e-05,-2.199776339587913041e-04,1.630480451840121914e+00,-4.696404673922620621e-01,-2.359903977963014553e-04,0.000000000000000000e+00,0.000000000000000000e+00,0.000000000000000000e+00,4.979999999999999982e-01,2.999999999999999889e-01,0.000000000000000000e+00,5.010000000000000009e-01,0.000000000000000000e+00,0.000000000000000000e+00,0.000000000000000000e+00,4.979999999999999982e-01,-2.999999999999999889e-01,0.000000000000000000e+00,5.010000000000000009e-01,0.000000000000000000e+00,0.000000000000000000e+00,0.000000000000000000e+00
-1.437977135581476329e-01,-9.574082852486851924e-05,5.374279886217585567e-01,9.859605011078180770e-01,5.128455861172396596e-06,1.669787119011425236e-01,-8.685588693714308462e-07,-1.534547073160979824e+00,4.261443862198568548e-05,-1.959708216072164339e-04,1.669447047704692544e+00,-4.704290616545129255e-01,-2.103441174827775251e-04,-1.534556701538445145e+00,4.852247371264561482e-05,-2.259371735132307494e-04,1.669458093073510563e+00,-4.704304798915504571e-01,-2.408872444546964072e-04,0.000000000000000000e+00,0.000000000000000000e+00,0.000000000000000000e+00,4.979999999999999982e-01,2.999999999999999889e-01,0.000000000000000000e+00,5.010000000000000009e-01,0.000000000000000000e+00,0.000000000000000000e+00,0.000000000000000000e+00,4.979999999999999982e-01,-2.999999999999999889e-01,0.000000000000000000e+00,5.010000000000000009e-01,0.000000000000000000e+00,0.000000000000000000e+00,0.000000000000000000e+00
-1.454570826203784306e-01,-9.540138697900824895e-05,5.266349215248200544e-01,9.844401550825083724e-01,5.593334957345038819e-06,1.757201782062569884e-01,-1.001400712374871473e-06,-1.584009009567909354e+00,3.729260936170532238e-05,-1.999531060273900213e-04,1.702060017132254632e+00,-4.713255386647738354e-01,-2.140799816015345606e-04,-1.584019405773052558e+00,4.234620156454939121e-05,-2.307860255375330757e-04,1.702071321277108584e+00,-4.713264476897527366e-01,-2.453349335441563049e-04,0.000000000000000000e+00,0.000000000000000000e+00,0.000000000000000000e+00,4.979999999999999982e-01,2.999999999999999889e-01,0.000000000000000000e+00,5.010000000000000009e-01,0.000000000000000000e+00,0.000000000000000000e+00,0.000000000000000000e+00,4.979999999999999982e-01,-2.999999999999999889e-01,0.000000000000000000e+00,5.010000000000000009e-01,0.000000000000000000e+00,0.000000000000000000e+00,0.000000000000000000e+00
-1.466972653716711872e-01,-9.507918238234948664e-05,5.165508395785947116e-01,9.829324104738940138e-01,6.058235574081794957e-06,1.839670524903548876e-01,-1.135378979016177954e-06,-1.630005760915344215e+00,3.236285695010190282e-05,-2.035931759597207121e-04,1.732657445898706516e+00,-4.726934024557911673e-01,-2.176101619669246797e-04,-1.630016926736386207e+00,3.661442756993694042e-05,-2.352373455011257672e-04,1.732669011656843061e+00,-4.726938033244136861e-01,-2.495423286535724053e-04,0.000000000000000000e+00,0.000000000000000000e+00,0.000000000000000000e+00,4.979999999999999982e-01,2.999999999999999889e-01,0.000000000000000000e+00,5.010000000000000009e-01,0.000000000000000000e+00,0.000000000000000000e+00,0.000000000000000000e+00,4.979999999999999982e-01,-2.999999999999999889e-01,0.000000000000000000e+00,5.010000000000000009e-01,0.000000000000000000e+00,0.000000000000000000e+00,0.000000000000000000e+00
-1.469886237938628215e-01,-9.479617180881099836e-05,5.080734755867385433e-01,9.815681288160269524e-01,6.523673133520558239e-06,1.911125543977355845e-01,-1.271978083085191258e-06,-1.668150140748705157e+00,2.832286712156377239e-05,-2.064584725472357106e-04,1.758695704231015844e+00,-4.751364649855351341e-01,-2.206734447931004968e-04,-1.668162079939132347e+00,3.189151080516656697e-05,-2.387885118312153279e-04,1.758707538119650193e+00,-4.751363604767896431e-01,-2.532041795237442694e-04,0.000000000000000000e+00,0.000000000000000000e+00,0.000000000000000000e+00,4.979999999999999982e-01,2.999999999999999889e-01,0.000000000000000000e+00,5.010000000000000009e-01,0.000000000000000000e+00,0.000000000000000000e+00,0.000000000000000000e+00,4.979999999999999982e-01,-2.999999999999999889e-01,0.000000000000000000e+00,5.010000000000000009e-01,0.000000000000000000e+00,0.000000000000000000e+00,0.000000000000000000e+00
-1.463726242259748844e-01,-9.457021030300042123e-05,5.013382490222064725e-01,9.803978620284704570e-01,6.974014654305627764e-06,1.970279982119255702e-01,-1.403166804735335597e-06,-1.697793869584719895e+00,2.536947888429913901e-05,-2.085500962473836801e-04,1.780493611845507695e+00,-4.793508430583433566e-01,-2.231432895539173841e-04,-1.697806550396089520e+00,2.841815413019907341e-05,-2.414287564800202200e-04,1.780505739927436881e+00,-4.793502910115887139e-01,-2.561650707754618101e-04,0.000000000000000000e+00,0.000000000000000000e+00,0.000000000000000000e+00,4.979999999999999982e-01,2.999999999999999889e-01,0.000000000000000000e+00,5.010000000000000009e-01,0.000000000000000000e+00,0.000000000000000000e+00,0.000000000000000000e+00,4.979999999999999982e-01,-2.999999999999999889e-01,0.000000000000000000e+00,5.010000000000000009e-01,0.000000000000000000e+00,0.000000000000000000e+00,0.000000000000000000e+00
-1.451816930409364215e-01,-9.438039694723022717e-05,4.957068975536574329e-01,9.793516671235411586e-01,7.414784713984847388e-06,2.021640720924908485e-01,-1.530924840479166678e-06,-1.722051308689260374e+00,2.310459685615980321e-05,-2.101514955717696299e-04,1.799604694940752925e+00,-4.846875844329487926e-01,-2.252371126007847739e-04,-1.722064711004723137e+00,2.573655948412400328e-05,-2.434918114406926912e-04,1.799617133730215590e+00,-4.846866214970893538e-01,-2.586818111502362525e-04,0.000000000000000000e+00,0.000000000000000000e+00,0.000000000000000000e+00,4.979999999999999982e-01,2.999999999999999889e-01,0.000000000000000000e+00,5.010000000000000009e-01,0.000000000000000000e+00,0.000000000000000000e+00,0.000000000000000000e+00,4.979999999999999982e-01,-2.999999999999999889e-01,0.000000000000000000e+00,5.010000000000000009e-01,0.000000000000000000e+00,0.000000000000000000e+00,0.000000000000000000e+00
-1.425228310725596970e-01,-9.430856510987505178e-05,4.931873593204187944e-01,9.787416331766580768e-01,7.809306444444873567e-06,2.050970877975164530e-01,-1.637274860887418469e-06,-1.731138712156571335e+00,2.288547182134175731e-05,-2.104229235254065518e-04,1.811628856455734793e+00,-4.936159116478533448e-01,-2.261792948121861828e-04,-1.731152729453682815e+00,2.542934228026272659e-05,-2.439592706023031247e-04,1.811641686730278700e+00,-4.936147252000551711e-01,-2.598120631712338676e-04,0.000000000000000000e+00,0.000000000000000000e+00,0.000000000000000000e+00,4.979999999999999982e-01,2.999999999999999889e-01,0.000000000000000000e+00,5.010000000000000009e-01,0.000000000000000000e+00,0.000000000000000000e+00,0.000000000000000000e+00,4.979999999999999982e-01,-2.999999999999999889e-01,0.000000000000000000e+00,5.010000000000000009e-01,0.000000000000000000e+00,0.000000000000000000e+00,0.000000000000000000e+00
-1.393443899519025975e-01,-9.428208834689878293e-05,4.918295328393309518e-01,9.782955637145519523e-01,8.183408582128224985e-06,2.072143574814604150e-01,-1.733340939317521259e-06,-1.734583520298979442e+00,2.342386965051666820e-05,-2.101884517584179878e-04,1.820959069807292829e+00,-5.038288137153640323e-01,-2.266783600119290820e-04,-1.734598102904633121e+00,2.600507015213676743e-05,-2.438223833111653174e-04,1.820972329101989473e+00,-5.038274909902675791e-01,-2.604117067990175858e-04,0.000000000000000000e+00,0.000000000000000000e+00,0.000000000000000000e+00,4.979999999999999982e-01,2.999999999999999889e-01,0.000000000000000000e+00,5.010000000000000009e-01,0.000000000000000000e+00,0.000000000000000000e+00,0.000000000000000000e+00,4.979999999999999982e-01,-2.999999999999999889e-01,0.000000000000000000e+00,5.010000000000000009e-01,0.000000000000000000e+00,0.000000000000000000e+00,0.000000000000000000e+00
-1.348342551435370018e-01,-9.437487989973652905e-05,4.934998703482469939e-01,9.782955637401857807e-01,8.501914079554527702e-06,2.072143573470396904e-01,-1.800804099993929978e-06,-1.723336637115067571e+00,2.593191076697933033e-05,-2.086277971046114220e-04,1.823228685229063117e+00,-5.173453094593496449e-01,-2.260118717630914308e-04,-1.723351647654219443e+00,2.887955615357199298e-05,-2.421032694375252925e-04,1.823242477265500705e+00,-5.173440916206936135e-01,-2.596178840213788502e-04,0.000000000000000000e+00,0.000000000000000000e+00,0.000000000000000000e+00,4.979999999999999982e-01,2.999999999999999889e-01,0.000000000000000000e+00,5.010000000000000009e-01,0.000000000000000000e+00,0.000000000000000000e+00,0.000000000000000000e+00,4.979999999999999982e-01,-2.999999999999999889e-01,0.000000000000000000e+00,5.010000000000000009e-01,0.000000000000000000e+00,0.000000000000000000e+00,0.000000000000000000e+00
-1.293188272348727852e-01,-9.455440658855036081e-05,4.975417403674059491e-01,9.786351638933568076e-01,8.775164887615934052e-06,2.056045133527522328e-01,-1.843148083513391134e-06,-1.700731679060107471e+00,2.985208389039657726e-05,-2.059593003184906682e-04,1.819365743659566048e+00,-5.327967748097867107e-01,-2.244499372703987904e-04,-1.700746997078639078e+00,3.340602448944227846e-05,-2.390669023965465297e-04,1.819380158496887834e+00,-5.327958724174388649e-01,-2.577546128275960821e-04,0.000000000000000000e+00,0.000000000000000000e+00,0.000000000000000000e+00,4.979999999999999982e-01,2.999999999999999889e-01,0.000000000000000000e+00,5.010000000000000009e-01,0.000000000000000000e+00,0.000000000000000000e+00,0.000000000000000000e+00,4.979999999999999982e-01,-2.999999999999999889e-01,0.000000000000000000e+00,5.010000000000000009e-01,0.000000000000000000e+00,0.000000000000000000e+00,0.000000000000000000e+00
-1.229280907120442884e-01,-9.480945355264314882e-05,5.036485035350103390e-01,9.792633400340028382e-01,9.008948396639456570e-06,2.025914874342321925e-01,-1.863607381891061957e-06,-1.668237246212175950e+00,3.500180022828256978e-05,-2.023262054850335980e-04,1.810163185256216778e+00,-5.499330180266688295e-01,-2.221083378118027501e-04,-1.668252766830696565e+00,3.937087369885946013e-05,-2.348836031384221210e-04,1.810178301308911664e+00,-5.499326144150875617e-01,-2.549601729917752406e-04,0.000000000000000000e+00,0.000000000000000000e+00,0.000000000000000000e+00,4.979999999999999982e-01,2.999999999999999889e-01,0.000000000000000000e+00,5.010000000000000009e-01,0.000000000000000000e+00,0.000000000000000000e+00,0.000000000000000000e+00,4.979999999999999982e-01,-2.999999999999999889e-01,0.000000000000000000e+00,5.010000000000000009e-01,0.000000000000000000e+00,0.000000000000000000e+00,0.000000000000000000e+00
-1.148026201451783357e-01,-9.518495937335333130e-05,5.138799857672242677e-01,9.804026547219115706e-01,9.170085412391235736e-06,1.970041485013573901e-01,-1.842028540285811451e-06,-1.616691527775246051e+00,4.215019396772292726e-05,-1.965855924271534385e-04,1.788320201766911977e+00,-5.682311034896893043e-01,-2.183100537161554813e-04,-1.616707050785516131e+00,4.767428088206199195e-05,-2.282203651943079880e-04,1.788336170459663643e+00,-5.682315503393577938e-01,-2.504442589248048311e-04,0.000000000000000000e+00,0.000000000000000000e+00,0.000000000000000000e+00,4.979999999999999982e-01,2.999999999999999889e-01,0.000000000000000000e+00,5.010000000000000009e-01,0.000000000000000000e+00,0.000000000000000000e+00,0.000000000000000000e+00,4.979999999999999982e-01,-2.999999999999999889e-01,0.000000000000000000e+00,5.010000000000000009e-01,0.000000000000000000e+00,0.000000000000000000e+00,0.000000000000000000e+00
-1.060192927024709991e-01,-9.559707836663020139e-05,5.256768953654664678e-01,9.816804715000235770e-01,9.305158819988503630e-06,1.905346472052890650e-01,-1.805935264951660531e-06,-1.558209043863659327e+00,4.992295261890657626e-05,-1.900130978117953639e-04,1.761084262027883929e+00,-5.862886446262426388e-01,-2.139901507962579431e-04,-1.558224503041791165e+00,5.670825711785637725e-05,-2.205838750810537065e-04,1.761101137425896912e+00,-5.862900622350477597e-01,-2.453169854546575265e-04,0.000000000000000000e+00,0.000000000000000000e+00,0.000000000000000000e+00,4.979999999999999982e-01,2.999999999999999889e-01,0.000000000000000000e+00,5.010000000000000009e-01,0.000000000000000000e+00,0.000000000000000000e+00,0.000000000000000000e+00,4.979999999999999982e-01,-2.999999999999999889e-01,0.000000000000000000e+00,5.010000000000000009e-01,0.000000000000000000e+00,0.000000000000000000e+00,0.000000000000000000e+00
-9.534498295279776603e-02,-9.608892265815512459e-05,5.419770086933191067e-01,9.833316702862607839e-01,9.370714946876938849e-06,1.818208627226834684e-01,-1.732386691481721855e-06,-1.480597515288871069e+00,5.911450484105385233e-05,-1.809575013096947470e-04,1.716659829183680541e+00,-6.017379780368433684e-01,-2.082575329385555861e-04,-1.480612747574261867e+00,6.740246262742751251e-05,-2.100575280928315203e-04,1.716677757242697000e+00,-6.017406754204036590e-01,-2.385490803028653595e-04,0.000000000000000000e+00,0.000000000000000000e+00,0.000000000000000000e+00,4.979999999999999982e-01,2.999999999999999889e-01,0.000000000000000000e+00,5.010000000000000009e-01,0.000000000000000000e+00,0.000000000000000000e+00,0.000000000000000000e+00,4.979999999999999982e-01,-2.999999999999999889e-01,0.000000000000000000e+00,5.010000000000000009e-01,0.000000000000000000e+00,0.000000000000000000e+00,0.000000000000000000e+00
-8.361411464456820763e-02,-9.659196060607998864e-05,5.608614058490054566e-01,9.850233813869774258e-01,9.393400045798607845e-06,1.724208166957372501e-01,-1.644512971726904648e-06,-1.393585231358696941e+00,6.858191883543499675e-05,-1.704630069677677909e-04,1.659540665964287287e+00,-6.125289021119907362e-01,-2.018579844293889197e-04,-1.393600200937044731e+00,7.842194128380992988e-05,-1.978679355214505169e-04,1.659559721509527019e+00,-6.125329898770434101e-01,-2.310233488165533194e-04,0.000000000000000000e+00,0.000000000000000000e+00,0.000000000000000000e+00,4.979999999999999982e-01,2.999999999999999889e-01,0.000000000000000000e+00,5.010000000000000009e-01,0.000000000000000000e+00,0.000000000000000000e+00,0.000000000000000000e+00,4.979999999999999982e-01,-2.999999999999999889e-01,0.000000000000000000e+00,5.010000000000000009e-01,0.000000000000000000e+00,0.000000000000000000e+00,0.000000000000000000e+00
-7.062778886671378098e-02,-9.710829943489397318e-05,5.828165825738979011e-01,9.867570511774051978e-01,9.365084254411969059e-06,1.622051844473435533e-01,-1.539615959473318435e-06,-1.295402484196308546e+00,7.837712604083160598e-05,-1.582587398674759212e-04,1.587336968200796505e+00,-6.177844635237043081e-01,-1.946659544611285483e-04,-1.295417148511209149e+00,8.982792629947140427e-05,-1.837019886114605531e-04,1.587357240143451920e+00,-6.177900730988888922e-01,-2.225971289241359308e-04,0.000000000000000000e+00,0.000000000000000000e+00,0.000000000000000000e+00,4.979999999999999982e-01,2.999999999999999889e-01,0.000000000000000000e+00,5.010000000000000009e-01,0.000000000000000000e+00,0.000000000000000000e+00,0.000000000000000000e+00,4.979999999999999982e-01,-2.999999999999999889e-01,0.000000000000000000e+00,5.010000000000000009e-01,0.000000000000000000e+00,0.000000000000000000e+00,0.000000000000000000e+00
-5.578524961976878693e-02,-9.759389867043229898e-05,6.094457951891808500e-01,9.883584369175367756e-01,9.226181155793946218e-06,1.521433537384401791e-01,-1.421616121489674199e-06,-1.182618906032555151e+00,8.784210939488300773e-05,-1.436334991966227578e-04,1.484844017441229624e+00,-6.076980715574600289e-01,-1.866162894944114786e-04,-1.182633353395055043e+00,1.008546740133771684e-04,-1.667390741283604364e-04,1.484865702844436086e+00,-6.077053115958724883e-01,-2.132216443084843701e-04,0.000000000000000000e+00,0.000000000000000000e+00,0.000000000000000000e+00,4.979999999999999982e-01,2.999999999999999889e-01,0.000000000000000000e+00,5.010000000000000009e-01,0.000000000000000000e+00,0.000000000000000000e+00,0.000000000000000000e+00,4.979999999999999982e-01,-2.999999999999999889e-01,0.000000000000000000e+00,5.010000000000000009e-01,0.000000000000000000e+00,0.000000000000000000e+00,0.000000000000000000e+00
-4.015875647947987626e-02,-9.806470518164605644e-05,6.379959900903673375e-01,9.898264757290261562e-01,9.034240392933068443e-06,1.422798224013185620e-01,-1.299011876749855040e-06,-1.063639141261782717e+00,9.714264511106184571e-05,-1.280100920742352152e-04,1.368472572790627506e+00,-5.903619541866931275e-01,-1.782588011032186872e-04,-1.063653437630625254e+00,1.116896995246070297e-04,-1.486210262663350667e-04,1.368495795686770933e+00,-5.903708827193154818e-01,-2.035070254030179205e-04,0.000000000000000000e+00,0.000000000000000000e+00,0.000000000000000000e+00,4.979999999999999982e-01,2.999999999999999889e-01,0.000000000000000000e+00,5.010000000000000009e-01,0.000000000000000000e+00,0.000000000000000000e+00,0.000000000000000000e+00,4.979999999999999982e-01,-2.999999999999999889e-01,0.000000000000000000e+00,5.010000000000000009e-01,0.000000000000000000e+00,0.000000000000000000e+00,0.000000000000000000e+00
-2.179678532129912874e-02,-9.846685822056553891e-05,6.727498265056901516e-01,9.909156120379960520e-01,8.605206339296690674e-06,1.344851283374669804e-01,-1.170221079979425629e-06,-9.227595933278907037e-01,1.056342552328557637e-04,-1.091325322595796028e-04,1.193452130984287374e+00,-5.404801973129126358e-01,-1.693391226843948556e-04,-9.227742386092309124e-01,1.215587545958129767e-04,-1.267183438599741067e-04,1.193477708207043353e+00,-5.404911311103962612e-01,-1.931904969583179608e-04,0.000000000000000000e+00,0.000000000000000000e+00,0.000000000000000000e+00,4.979999999999999982e-01,2.999999999999999889e-01,0.000000000000000000e+00,5.010000000000000009e-01,0.000000000000000000e+00,0.000000000000000000e+00,0.000000000000000000e+00,4.979999999999999982e-01,-2.999999999999999889e-01,0.000000000000000000e+00,5.010000000000000009e-01,0.000000000000000000e+00,0.000000000000000000e+00,0.000000000000000000e+00
-6.413618433892320780e-03,-9.870612793104913628e-05,7.101721293826349646e-01,9.917323233430587193e-01,7.966209960393507561e-06,1.283238043815990159e-01,-1.466797304956794911e-06,-8.353314892143651749e-01,1.109040433937891120e-04,-9.741735224168597974e-05,1.084836610614926755e+00,-5.095241962660261859e-01,-1.638036806355175280e-04,-8.353463510264838021e-01,1.276833680469606014e-04,-1.131258101964831709e-04,1.084863648903644728e+00,-5.095363745060683680e-01,-1.867881870689036224e-04,0.000000000000000000e+00,0.000000000000000000e+00,0.000000000000000000e+00,4.979999999999999982e-01,2.999999999999999889e-01,0.000000000000000000e+00,5.010000000000000009e-01,0.000000000000000000e+00,0.000000000000000000e+00,0.000000000000000000e+00,4.979999999999999982e-01,-2.999999999999999889e-01,0.000000000000000000e+00,5.010000000000000009e-01,0.000000000000000000e+00,0.000000000000000000e+00,0.000000000000000000e+00
4.097253314130239535e-03,-9.867897676346055265e-05,7.519591219097634394e-01,9.921763645937760057e-01,6.984432760544951174e-06,1.248441487881933876e-01,-2.459210307711635483e-06,-8.353314892143651749e-01,1.109040433937891120e-04,-9.741735224168597974e-05,1.084836610614926755e+00,-5.095241962660261859e-01,-1.638036806355175280e-04,-8.353463510264838021e-01,1.276833680469606014e-04,-1.131258101964831709e-04,1.084863648903644728e+00,-5.095363745060683680e-01,-1.867881870689036224e-04,0.000000000000000000e+00,0.000000000000000000e+00,0.000000000000000000e+00,4.979999999999999982e-01,2.999999999999999889e-01,0.000000000000000000e+00,5.010000000000000009e-01,0.000000000000000000e+00,0.000000000000000000e+00,0.000000000000000000e+00,4.979999999999999982e-01,-2.999999999999999889e-01,0.000000000000000000e+00,5.010000000000000009e-01,0.000000000000000000e+00,0.000000000000000000e+00,0.000000000000000000e+00
1.486389171123316151e-02,-9.875315521036584878e-05,7.983330256559445504e-01,9.920825067149999787e-01,5.631290738150615004e-06,1.255878171948436040e-01,-3.256593363868678070e-06,-8.303531672904986838e-01,5.252669585646285331e-04,-2.958373641936353935e-04,1.054895409442230036e+00,-4.880207426546634975e-01,-6.206192293836975717e-04,-8.303674415943168574e-01,-2.804834900002283176e-04,8.695495782127199782e-05,1.054921327944053466e+00,-4.880323271289011555e-01,2.703979486425252851e-04,0.000000000000000000e+00,0.000000000000000000e+00,0.000000000000000000e+00,4.979999999999999982e-01,2.999999999999999334e-01,0.000000000000000000e+00,5.010000000000000009e-01,0.000000000000000000e+00,0.000000000000000000e+00,0.000000000000000000e+00,4.979999999999999982e-01,-2.999999999999999334e-01,0.000000000000000000e+00,5.010000000000000009e-01,0.000000000000000000e+00,0.000000000000000000e+00,0.000000000000000000e+00
2.574711919984929223e-02,-9.887352391600785404e-05,8.434948348021678033e-01,9.917410495885465860e-01,4.108324029066271793e-06,1.282563469321023608e-01,-3.970137061828265218e-06,-8.231055188830931346e-01,1.128513748979782533e-03,-5.847054819275788237e-04,1.011305761702743000e+00,-4.567151192531400672e-01,-1.285670331943056851e-03,-8.231189378678576141e-01,-8.747098023845963641e-04,3.782408734074839884e-04,1.011330049972165579e+00,-4.567258392983887805e-01,9.359885671381923226e-04,0.000000000000000000e+00,0.000000000000000000e+00,0.000000000000000000e+00,4.980000000000000537e-01,3.000000000000000444e-01,0.000000000000000000e+00,5.010000000000000009e-01,0.000000000000000000e+00,0.000000000000000000e+00,0.000000000000000000e+00,4.980000000000000537e-01,-3.000000000000000444e-01,0.000000000000000000e+00,5.010000000000000009e-01,0.000000000000000000e+00,0.000000000000000000e+00,0.000000000000000000e+00
3.663034668846543163e-02,-9.899389262164983219e-05,8.848261138208886045e-01,9.913924145909270846e-01,2.584672653246978937e-06,1.309239483933291870e-01,-4.689534655919583632e-06,-8.158578704756876965e-01,1.731760539394936859e-03,-8.735735996615221453e-04,9.677161139632560749e-01,-4.254094958516165814e-01,-1.950721434502415913e-03,-8.158704341413982597e-01,-1.468936114768964194e-03,6.695267889936959383e-04,9.677387720002776916e-01,-4.254193514678764054e-01,1.601579185633859089e-03,0.000000000000000000e+00,0.000000000000000000e+00,0.000000000000000000e+00,4.979999999999999982e-01,2.999999999999999889e-01,0.000000000000000000e+00,5.010000000000000009e-01,0.000000000000000000e+00,0.000000000000000000e+00,0.000000000000000000e+00,4.979999999999999982e-01,-2.999999999999999889e-01,0.000000000000000000e+00,5.010000000000000009e-01,0.000000000000000000e+00,0.000000000000000000e+00,0.000000000000000000e+00
4.751357417708156061e-02,-9.911426132729183745e-05,9.223238605284110880e-01,9.910366042454415991e-01,1.060310660420017124e-06,1.335906022713426733e-01,-5.414781866605246854e-06,-8.086102220682821473e-01,2.335007329810090751e-03,-1.162441717395465684e-03,9.241264662237691496e-01,-3.941038724500930956e-01,-2.615772537061774976e-03,-8.086219304149389053e-01,-2.063162427153332132e-03,9.608127045799081051e-04,9.241474940283899153e-01,-3.941128636373639749e-01,2.267169804129526289e-03,0.000000000000000000e+00,0.000000000000000000e+00,0.000000000000000000e+00,4.979999999999999982e-01,2.999999999999999889e-01,0.000000000000000000e+00,5.010000000000000009e-01,0.000000000000000000e+00,0.000000000000000000e+00,0.000000000000000000e+00,4.979999999999999982e-01,-2.999999999999999889e-01,0.000000000000000000e+00,5.010000000000000009e-01,0.000000000000000000e+00,0.000000000000000000e+00,0.000000000000000000e+00
5.839680166569768266e-02,-9.923463003293381561e-05,9.556845145226123828e-01,9.906736211273409198e-01,-4.648505323227291425e-07,1.362562892656638269e-01,-6.146334741965395266e-06,-8.013625736608768202e-01,2.938254120225245077e-03,-1.451309835129409006e-03,8.805368184842821133e-01,-3.627982490485696654e-01,-3.280823639621134689e-03,-8.013734266884794399e-01,-2.657388739537700287e-03,1.252098620166119947e-03,8.805562160565020280e-01,-3.628063758068515998e-01,2.932760422625193056e-03,0.000000000000000000e+00,0.000000000000000000e+00,0.000000000000000000e+00,4.979999999999999982e-01,2.999999999999999889e-01,0.000000000000000000e+00,5.010000000000000009e-01,0.000000000000000000e+00,0.000000000000000000e+00,0.000000000000000000e+00,4.979999999999999982e-01,-2.999999999999999889e-01,0.000000000000000000e+00,5.010000000000000009e-01,0.000000000000000000e+00,0.000000000000000000e+00,0.000000000000000000e+00
6.928002915431379083e-02,-9.935499873857580732e-05,9.853664184677741744e-01,9.903034678637441246e-01,-1.990749383701503734e-06,1.389209900832014122e-01,-6.883481181853512388e-06,-7.941149252534711600e-01,3.541500910640396366e-03,-1.740177952863350809e-03,8.369471707447952991e-01,-3.314926256470463461e-01,-3.945874742180490065e-03,-7.941249229620200856e-01,-3.251615051922064972e-03,1.543384535752330162e-03,8.369649380846144737e-01,-3.314998879763393358e-01,3.598351041120856353e-03,0.000000000000000000e+00,0.000000000000000000e+00,0.000000000000000000e+00,4.979999999999999982e-01,2.999999999999999334e-01,0.000000000000000000e+00,5.009999999999998899e-01,0.000000000000000000e+00,0.000000000000000000e+00,0.000000000000000000e+00,4.979999999999999982e-01,-2.999999999999999334e-01,0.000000000000000000e+00,5.009999999999998899e-01,0.000000000000000000e+00,0.000000000000000000e+00,0.000000000000000000e+00
8.016325664292989206e-02,-9.947536744421779902e-05,1.010908227761115441e+00,9.899261471337209572e-01,-3.517509677192974060e-06,1.415846854375286124e-01,-7.626918485320833862e-06,-7.868672768460657219e-01,4.144747701055550258e-03,-2.029046070597294131e-03,7.933575230053083738e-01,-3.001870022455228604e-01,-4.610925844739849344e-03,-7.868764192355608422e-01,-3.845841364306432260e-03,1.834670451338542112e-03,7.933736601127265864e-01,-3.001934001458269607e-01,4.263941659616523119e-03,0.000000000000000000e+00,0.000000000000000000e+00,0.000000000000000000e+00,4.979999999999999982e-01,2.999999999999999889e-01,0.000000000000000000e+00,5.010000000000000009e-01,0.000000000000000000e+00,0.000000000000000000e+00,0.000000000000000000e+00,4.979999999999999982e-01,-2.999999999999999889e-01,0.000000000000000000e+00,5.010000000000000009e-01,0.000000000000000000e+00,0.000000000000000000e+00,0.000000000000000000e+00
9.104648413154599329e-02,-9.959573614985977718e-05,1.032619506681757837e+00,9.895416616681693700e-01,-5.045096364444206237e-06,1.442473560498947205e-01,-8.376162723375502346e-06,-7.796196284386602837e-01,4.747994491470703717e-03,-2.317914188331237670e-03,7.497678752658215595e-01,-2.688813788439994301e-01,-5.275976947299208623e-03,-7.796279155091013768e-01,-4.440067676690801282e-03,2.125956366924754062e-03,7.497823821408386991e-01,-2.688869123153146412e-01,4.929532278112189886e-03,0.000000000000000000e+00,0.000000000000000000e+00,0.000000000000000000e+00,4.979999999999999982e-01,2.999999999999999889e-01,0.000000000000000000e+00,5.010000000000000009e-01,0.000000000000000000e+00,0.000000000000000000e+00,0.000000000000000000e+00,4.979999999999999982e-01,-2.999999999999999889e-01,0.000000000000000000e+00,5.010000000000000009e-01,0.000000000000000000e+00,0.000000000000000000e+00,0.000000000000000000e+00
1.019297116201622194e-01,-9.971610485550178244e-05,1.050497253536398334e+00,9.891500142498621528e-01,-6.573535510358752438e-06,1.469089826488058914e-01,-9.131209110025478048e-06,-7.723719800312546235e-01,5.351241281885861512e-03,-2.606782306065182075e-03,7.061782275263343012e-01,-2.375757554424758056e-01,-5.941028049858571372e-03,-7.723794117826419114e-01,-5.034293989075171172e-03,2.417242282510967746e-03,7.061911041689505897e-01,-2.375804244848020164e-01,5.595122896607860989e-03,0.000000000000000000e+00,0.000000000000000000e+00,0.000000000000000000e+00,4.979999999999999982e-01,2.999999999999999889e-01,0.000000000000000000e+00,5.010000000000000009e-01,0.000000000000000000e+00,0.000000000000000000e+00,0.000000000000000000e+00,4.979999999999999982e-01,-2.999999999999999889e-01,0.000000000000000000e+00,5.010000000000000009e-01,0.000000000000000000e+00,0.000000000000000000e+00,0.000000000000000000e+00
1.128129391087784456e-01,-9.983647356114376059e-05,1.064237907432521224e+00,9.887512077134273936e-01,-8.102931263321677246e-06,1.495695459701590346e-01,-9.892511495594944536e-06,-7.651243316238490744e-01,5.954488072301021041e-03,-2.895650423799128650e-03,6.625885797868470428e-01,-2.062701320409520978e-01,-6.606079152417936723e-03,-7.651309080561825571e-01,-5.628520301459544531e-03,2.708528198097182298e-03,6.625998261970624803e-01,-2.062739366542893638e-01,6.260713515103533827e-03,0.000000000000000000e+00,0.000000000000000000e+00,0.000000000000000000e+00,4.979999999999999982e-01,3.000000000000000444e-01,0.000000000000000000e+00,5.010000000000000009e-01,0.000000000000000000e+00,0.000000000000000000e+00,0.000000000000000000e+00,4.979999999999999982e-01,-3.000000000000000444e-01,0.000000000000000000e+00,5.010000000000000009e-01,0.000000000000000000e+00,0.000000000000000000e+00,0.000000000000000000e+00
1.236961665973946856e-01,-9.995684226678575230e-05,1.074299811279604500e+00,9.883452449452588828e-01,-9.633198486623490109e-06,1.522290267579609890e-01,-1.065935980661359496e-05,-7.578766832164435252e-01,6.557734862716180571e-03,-3.184518541533074790e-03,6.189989320473595624e-01,-1.749645086394283622e-01,-7.271130254977301206e-03,-7.578824043297232027e-01,-6.222746613843918757e-03,2.999814113683396850e-03,6.190085482251742599e-01,-1.749674488237766834e-01,6.926304133599206665e-03,0.000000000000000000e+00,0.000000000000000000e+00,0.000000000000000000e+00,4.979999999999999982e-01,2.999999999999999889e-01,0.000000000000000000e+00,5.010000000000000009e-01,0.000000000000000000e+00,0.000000000000000000e+00,0.000000000000000000e+00,4.979999999999999982e-01,-2.999999999999999889e-01,0.000000000000000000e+00,5.010000000000000009e-01,0.000000000000000000e+00,0.000000000000000000e+00,0.000000000000000000e+00
1.345793940860109117e-01,-1.000772109724277440e-04,1.080221620720063891e+00,9.879321288836043768e-01,-1.116448464432664575e-05,1.548874057635508117e-01,-1.143244823661636901e-05,-7.506290348090379760e-01,7.160981653131339233e-03,-3.473386659267020497e-03,5.754092843078723041e-01,-1.436588852379046266e-01,-7.936181357536667424e-03,-7.506339006032636263e-01,-6.816972926228291249e-03,3.291100029269610969e-03,5.754172702532859285e-01,-1.436609609932639753e-01,7.591894752094879503e-03,0.000000000000000000e+00,0.000000000000000000e+00,0.000000000000000000e+00,4.979999999999999982e-01,2.999999999999999334e-01,0.000000000000000000e+00,5.010000000000000009e-01,0.000000000000000000e+00,0.000000000000000000e+00,0.000000000000000000e+00,4.979999999999999982e-01,-2.999999999999999334e-01,0.000000000000000000e+00,5.010000000000000009e-01,0.000000000000000000e+00,0.000000000000000000e+00,0.000000000000000000e+00
1.454626215746271656e-01,-1.001975796780697357e-04,1.082312899542627216e+00,9.875118625184343690e-01,-1.269673874575714514e-05,1.575446637466655919e-01,-1.221129407994290659e-05,-7.433813864016324269e-01,7.764228443546498763e-03,-3.762254777000965771e-03,5.318196365683850457e-01,-1.123532618363809327e-01,-8.601232460096029306e-03,-7.433853968768041609e-01,-7.411199238612663741e-03,3.582385944855825521e-03,5.318259922813977081e-01,-1.123544731627513504e-01,8.257485370590551474e-03,0.000000000000000000e+00,0.000000000000000000e+00,0.000000000000000000e+00,4.979999999999999982e-01,2.999999999999999889e-01,0.000000000000000000e+00,5.010000000000000009e-01,0.000000000000000000e+00,0.000000000000000000e+00,0.000000000000000000e+00,4.979999999999999982e-01,-2.999999999999999889e-01,0.000000000000000000e+00,5.010000000000000009e-01,0.000000000000000000e+00,0.000000000000000000e+00,0.000000000000000000e+00
1.563458490632433640e-01,-1.003179483837117274e-04,1.080570646544385616e+00,9.870844488914908288e-01,-1.422998698140032579e-05,1.602007814749860926e-01,-1.299589204225556687e-05,-7.361337379942267667e-01,8.367475233961658293e-03,-4.051122894734911911e-03,4.882299888288976208e-01,-8.104763843485718322e-02,-9.266283562655396391e-03,-7.361368931503448065e-01,-8.005425550997036233e-03,3.873671860442040506e-03,4.882347143095095432e-01,-8.104798533223867008e-02,8.923075989086225179e-03,0.000000000000000000e+00,0.000000000000000000e+00,0.000000000000000000e+00,4.979999999999999982e-01,2.999999999999999889e-01,0.000000000000000000e+00,5.010000000000000009e-01,0.000000000000000000e+00,0.000000000000000000e+00,0.000000000000000000e+00,4.979999999999999982e-01,-2.999999999999999889e-01,0.000000000000000000e+00,5.010000000000000009e-01,0.000000000000000000e+00,0.000000000000000000e+00,0.000000000000000000e+00
1.672290765518595901e-01,-1.004383170893537056e-04,1.074691300342429434e+00,9.866498910962656632e-01,-1.576434907930159438e-05,1.628557397242706706e-01,-1.378669365694234737e-05,-7.288860895868212175e-01,8.970722024376818690e-03,-4.339991012468858919e-03,4.446403410894102515e-01,-4.974201503333341989e-02,-9.931334665214761742e-03,-7.288883894238853411e-01,-8.599651863381411326e-03,4.164957776028255058e-03,4.446434363376212118e-01,-4.974149750172597584e-02,9.588666607581897150e-03,0.000000000000000000e+00,0.000000000000000000e+00,0.000000000000000000e+00,4.979999999999999982e-01,2.999999999999999889e-01,0.000000000000000000e+00,5.010000000000000009e-01,0.000000000000000000e+00,0.000000000000000000e+00,0.000000000000000000e+00,4.979999999999999982e-01,-2.999999999999999889e-01,0.000000000000000000e+00,5.010000000000000009e-01,0.000000000000000000e+00,0.000000000000000000e+00,0.000000000000000000e+00
1.781123040404757052e-01,-1.005586857949956973e-04,1.065133204091433861e+00,9.862081922779056820e-01,-1.729971631732504756e-05,1.655095192791083969e-01,-1.458299105433488964e-05,-7.216384411794157794e-01,9.573968814791970414e-03,-4.628859130202801590e-03,4.010506933499233817e-01,-1.843639163181000004e-02,-1.059638576777412189e-02,-7.216398856974259868e-01,-9.193878175765777747e-03,4.456243691614466575e-03,4.010521583657334355e-01,-1.843500967121362855e-02,1.025425722607756392e-02,0.000000000000000000e+00,0.000000000000000000e+00,0.000000000000000000e+00,4.979999999999999982e-01,2.999999999999999889e-01,0.000000000000000000e+00,5.010000000000000009e-01,0.000000000000000000e+00,0.000000000000000000e+00,0.000000000000000000e+00,4.979999999999999982e-01,-2.999999999999999889e-01,0.000000000000000000e+00,5.010000000000000009e-01,0.000000000000000000e+00,0.000000000000000000e+00,0.000000000000000000e+00
1.889955315290919313e-01,-1.006790545006376890e-04,1.051435013679011155e+00,9.857593556333051898e-01,-1.883625985688747669e-05,1.681621009320870830e-01,-1.538547514133627530e-05,-7.143907927720102302e-01,1.017721560520713081e-02,-4.917727247936746864e-03,3.574610456104361234e-01,1.286923176971367828e-02,-1.126143687033348550e-02,-7.143913819709666324e-01,-9.788104488150151106e-03,4.747529607200680693e-03,3.574608803938452706e-01,1.287147815929899977e-02,1.091984784457323762e-02,0.000000000000000000e+00,0.000000000000000000e+00,0.000000000000000000e+00,4.979999999999999982e-01,2.999999999999999889e-01,0.000000000000000000e+00,5.010000000000000009e-01,0.000000000000000000e+00,0.000000000000000000e+00,0.000000000000000000e+00,4.979999999999999982e-01,-2.999999999999999889e-01,0.000000000000000000e+00,5.010000000000000009e-01,0.000000000000000000e+00,0.000000000000000000e+00,0.000000000000000000e+00
1.998787590177081852e-01,-1.007994232062796807e-04,1.033906292403495630e+00,9.853033844109658768e-01,-2.037391277458734857e-05,1.708134654849127465e-01,-1.619366455483019438e-05,-7.071431443646046811e-01,1.078046239562228947e-02,-5.206595365670693004e-03,3.138713978709487540e-01,4.417485517123743294e-02,-1.192648797289285086e-02,-7.071428782445071670e-01,-1.038233080053452446e-02,5.038815522786895679e-03,3.138696024219569947e-01,4.417796598981170442e-02,1.158543846306890959e-02,0.000000000000000000e+00,0.000000000000000000e+00,0.000000000000000000e+00,4.979999999999999982e-01,2.999999999999999889e-01,0.000000000000000000e+00,5.010000000000000009e-01,0.000000000000000000e+00,0.000000000000000000e+00,0.000000000000000000e+00,4.979999999999999982e-01,-2.999999999999999889e-01,0.000000000000000000e+00,5.010000000000000009e-01,0.000000000000000000e+00,0.000000000000000000e+00,0.000000000000000000e+00
2.107619865063244113e-01,-1.009197919119216860e-04,1.012544039552372155e+00,9.848402819110483319e-01,-2.191270139744322116e-05,1.734635937479206413e-01,-1.700755348970791177e-05,-6.998954959571991319e-01,1.138370918603744987e-02,-5.495463483404640012e-03,2.702817501314613846e-01,7.548047857276120320e-02,-1.259153907545221621e-02,-6.998943745180477016e-01,-1.097655711291889782e-02,5.330101438373109797e-03,2.702783244500687188e-01,7.548445382032439865e-02,1.225102908156458156e-02,0.000000000000000000e+00,0.000000000000000000e+00,0.000000000000000000e+00,4.979999999999999982e-01,2.999999999999999889e-01,0.000000000000000000e+00,5.010000000000000009e-01,0.000000000000000000e+00,0.000000000000000000e+00,0.000000000000000000e+00,4.979999999999999982e-01,-2.999999999999999889e-01,0.000000000000000000e+00,5.010000000000000009e-01,0.000000000000000000e+00,0.000000000000000000e+00,0.000000000000000000e+00
2.216452139949406097e-01,-1.010401606175636641e-04,9.870446932523365691e-01,9.843700514853490624e-01,-2.345276105422352915e-05,1.761124665402089007e-01,-1.782759104134535926e-05,-6.926478475497935827e-01,1.198695597645260853e-02,-5.784331601138584418e-03,2.266921023919741263e-01,1.067861019742848833e-01,-1.325659017801158156e-02,-6.926458707915883473e-01,-1.157078342530327118e-02,5.621387353959324783e-03,2.266870464781805816e-01,1.067909416508370096e-01,1.291661970006025353e-02,0.000000000000000000e+00,0.000000000000000000e+00,0.000000000000000000e+00,4.979999999999999982e-01,2.999999999999999889e-01,0.000000000000000000e+00,5.010000000000000009e-01,0.000000000000000000e+00,0.000000000000000000e+00,0.000000000000000000e+00,4.979999999999999982e-01,-2.999999999999999889e-01,0.000000000000000000e+00,5.010000000000000009e-01,0.000000000000000000e+00,0.000000000000000000e+00,0.000000000000000000e+00
2.325284414835568358e-01,-1.011605293232056423e-04,9.578665969032618133e-01,9.838926965371985744e-01,-2.499395943678737528e-05,1.787600646904257129e-01,-1.865307172240764127e-05,-6.854001991423879225e-01,1.259020276686776893e-02,-6.073199718872530559e-03,1.831024546524867569e-01,1.380917253758086327e-01,-1.392164128057094517e-02,-6.853973670651287708e-01,-1.216500973768764281e-02,5.912673269545538901e-03,1.830957685062923057e-01,1.380974294813497316e-01,1.358221031855592724e-02,0.000000000000000000e+00,0.000000000000000000e+00,0.000000000000000000e+00,4.979999999999999982e-01,2.999999999999999889e-01,0.000000000000000000e+00,5.010000000000000009e-01,0.000000000000000000e+00,0.000000000000000000e+00,0.000000000000000000e+00,4.979999999999999982e-01,-2.999999999999999889e-01,0.000000000000000000e+00,5.010000000000000009e-01,0.000000000000000000e+00,0.000000000000000000e+00,0.000000000000000000e+00
2.434116689721730897e-01,-1.012808980288476340e-04,9.245484066379570098e-01,9.834082205215588512e-01,-2.653649143115696950e-05,1.814063690358826697e-01,-1.948468296940227663e-05,-6.781525507349823734e-01,1.319344955728292933e-02,-6.362067836606476699e-03,1.395128069129993875e-01,1.693973487773323960e-01,-1.458669238313031052e-02,-6.781488633386694165e-01,-1.275923605007201790e-02,6.203959185131753887e-03,1.395044905344040298e-01,1.694039173118624120e-01,1.424780093705160094e-02,0.000000000000000000e+00,0.000000000000000000e+00,0.000000000000000000e+00,4.979999999999999982e-01,2.999999999999999889e-01,0.000000000000000000e+00,5.010000000000000009e-01,0.000000000000000000e+00,0.000000000000000000e+00,0.000000000000000000e+00,4.979999999999999982e-01,-2.999999999999999889e-01,0.000000000000000000e+00,5.010000000000000009e-01,0.000000000000000000e+00,0.000000000000000000e+00,0.000000000000000000e+00
2.542948964607892881e-01,-1.014012667344896257e-04,8.873996852643624145e-01,9.829166269448755822e-01,-2.808027418362657012e-05,1.840513604237286605e-01,-2.032194488177770314e-05,-6.709049023275768242e-01,1.379669634769808799e-02,-6.650935954340422840e-03,9.592315917351204591e-02,2.007029721788561316e-01,-1.525174348568967587e-02,-6.709003596122100621e-01,-1.335346236245638953e-02,6.495245100717968005e-03,9.591321256251579552e-02,2.007104051423750646e-01,1.491339155554727292e-02,0.000000000000000000e+00,0.000000000000000000e+00,0.000000000000000000e+00,4.979999999999999982e-01,2.999999999999999889e-01,0.000000000000000000e+00,5.010000000000000009e-01,0.000000000000000000e+00,0.000000000000000000e+00,0.000000000000000000e+00,4.979999999999999982e-01,-2.999999999999999889e-01,0.000000000000000000e+00,5.010000000000000009e-01,0.000000000000000000e+00,0.000000000000000000e+00,0.000000000000000000e+00
2.651781239494055420e-01,-1.015216354401316309e-04,8.464174325603566196e-01,9.824179193651307873e-01,-2.962533416869110963e-05,1.866950197104255416e-01,-2.116485114069167504e-05,-6.636572539201712750e-01,1.439994313811324665e-02,-6.939804072074368980e-03,5.233351143402474592e-02,2.320085955803798394e-01,-1.591679458824904123e-02,-6.636518558857504857e-01,-1.394768867484076462e-02,6.786531016304182123e-03,5.232193459062760288e-02,2.320168929728876894e-01,1.557898217404294662e-02,0.000000000000000000e+00,0.000000000000000000e+00,0.000000000000000000e+00,4.979999999999999982e-01,2.999999999999999889e-01,0.000000000000000000e+00,5.010000000000000009e-01,0.000000000000000000e+00,0.000000000000000000e+00,0.000000000000000000e+00,4.979999999999999982e-01,-2.999999999999999889e-01,0.000000000000000000e+00,5.010000000000000009e-01,0.000000000000000000e+00,0.000000000000000000e+00,0.000000000000000000e+00
2.760305665744107184e-01,-1.016149959908165342e-04,8.015075124012548402e-01,9.819121013918190588e-01,-3.117182234374136444e-05,1.893373277618816686e-01,-2.201384828027253354e-05,-6.586700628163184579e-01,1.481504426574413447e-02,-7.138577581213887031e-03,2.233896821027739343e-02,2.535503588879262082e-01,-1.637442398137779406e-02,-6.586640762269159177e-01,-1.435658270669950068e-02,6.986968240246343304e-03,2.232626958501806105e-02,2.535592511040680730e-01,1.603698281435791614e-02,0.000000000000000000e+00,0.000000000000000000e+00,0.000000000000000000e+00,4.979999999999999982e-01,2.999999999999999889e-01,0.000000000000000000e+00,5.010000000000000009e-01,0.000000000000000000e+00,0.000000000000000000e+00,0.000000000000000000e+00,4.979999999999999982e-01,-2.999999999999999889e-01,0.000000000000000000e+00,5.010000000000000009e-01,0.000000000000000000e+00,0.000000000000000000e+00,0.000000000000000000e+00
2.742039323272703055e-01,-1.015230600206201169e-04,7.444914866886889193e-01,9.813991780477803184e-01,-3.271951545195469520e-05,1.919782584920209090e-01,-2.286800244470689751e-05,-8.723222621505741792e-01,1.337190432464219030e-02,-1.064542103049308935e-02,4.100983078748422495e-01,7.576539666399581541e-02,-1.742161692868170186e-02,-8.722931056543824502e-01,-1.294839410708524367e-02,1.038876164062276473e-02,4.100388183622749594e-01,7.579893012790619999e-02,1.706429915672886058e-02,0.000000000000000000e+00,0.000000000000000000e+00,0.000000000000000000e+00,4.979999999999999982e-01,2.999999999999999889e-01,0.000000000000000000e+00,5.010000000000000009e-01,0.000000000000000000e+00,0.000000000000000000e+00,0.000000000000000000e+00,4.979999999999999982e-01,-2.999999999999999889e-01,0.000000000000000000e+00,5.010000000000000009e-01,0.000000000000000000e+00,0.000000000000000000e+00,0.000000000000000000e+00
2.698567990183918242e-01,-1.013574908415182943e-04,6.892654176209337402e-01,9.807499163261133024e-01,-3.412002150512543101e-05,1.952680207835575110e-01,-2.283457907960262064e-05,-1.135489379785816988e+00,1.146141030787352355e-02,-1.499076168569791860e-02,8.848574947948895097e-01,-1.425146504596401242e-01,-1.884678775267234485e-02,-1.135438298649536604e+00,-1.108828022271968368e-02,1.460374075154058024e-02,8.847554695301153016e-01,-1.424593825436738237e-01,1.846244586023878739e-02,0.000000000000000000e+00,0.000000000000000000e+00,0.000000000000000000e+00,4.979999999999999982e-01,2.999999999999999889e-01,0.000000000000000000e+00,5.010000000000000009e-01,0.000000000000000000e+00,0.000000000000000000e+00,0.000000000000000000e+00,4.979999999999999982e-01,-2.999999999999999889e-01,0.000000000000000000e+00,5.010000000000000009e-01,0.000000000000000000e+00,0.000000000000000000e+00,0.000000000000000000e+00
2.738487144930900063e-01,-1.011497381684135235e-04,6.512931065292059118e-01,9.797481599559637599e-01,-3.513946386312293105e-05,2.002337169600842126e-01,-2.050537359577218514e-05,-1.274981832500729162e+00,1.004298520087266826e-02,-1.737269957827200159e-02,1.127756909555777787e+00,-2.560546968695336378e-01,-2.001525204241334094e-02,-1.274939326766765690e+00,-9.718934735072376485e-03,1.691363188945244761e-02,1.127678438105919057e+00,-2.560142191636340381e-01,1.960882782574761840e-02,0.000000000000000000e+00,0.000000000000000000e+00,0.000000000000000000e+00,4.979999999999999982e-01,2.999999999999999889e-01,0.000000000000000000e+00,5.010000000000000009e-01,0.000000000000000000e+00,0.000000000000000000e+00,0.000000000000000000e+00,4.979999999999999982e-01,-2.999999999999999889e-01,0.000000000000000000e+00,5.010000000000000009e-01,0.000000000000000000e+00,0.000000000000000000e+00,0.000000000000000000e+00
2.786001241850342147e-01,-1.011088199420522244e-04,6.158153665894767759e-01,9.783041279440416460e-01,-3.563941469371711198e-05,2.071739166468195836e-01,-1.544982934722493269e-05,-1.391050163325239009e+00,8.702631270252505005e-03,-1.947875976100494136e-02,1.313037536211364209e+00,-3.394419433997681312e-01,-2.130540617734023173e-02,-1.391010878211199175e+00,-8.438090495862044654e-03,1.896086600203009814e-02,1.312975869829240860e+00,-3.394151659110029029e-01,2.087446384348938186e-02,0.000000000000000000e+00,0.000000000000000000e+00,0.000000000000000000e+00,4.979999999999999982e-01,2.999999999999999889e-01,0.000000000000000000e+00,5.010000000000000009e-01,0.000000000000000000e+00,0.000000000000000000e+00,0.000000000000000000e+00,4.979999999999999982e-01,-2.999999999999999889e-01,0.000000000000000000e+00,5.010000000000000009e-01,0.000000000000000000e+00,0.000000000000000000e+00,0.000000000000000000e+00
2.835375794603999799e-01,-1.011760044272932572e-04,5.839845846441438226e-01,9.765624224886574334e-01,-3.575911140181449135e-05,2.152343690647081087e-01,-8.814086707770353788e-06,-1.492525082760530752e+00,7.454110128868144357e-03,-2.136310544514661430e-02,1.464928752563733783e+00,-4.063464647196833868e-01,-2.257791349584631346e-02,-1.492486936257997332e+00,-7.253004454382219746e-03,2.079697531240835839e-02,1.464882529265333799e+00,-4.063342521896927684e-01,2.212263579180947029e-02,0.000000000000000000e+00,0.000000000000000000e+00,0.000000000000000000e+00,4.979999999999999982e-01,2.999999999999999889e-01,0.000000000000000000e+00,5.010000000000000009e-01,0.000000000000000000e+00,0.000000000000000000e+00,0.000000000000000000e+00,4.979999999999999982e-01,-2.999999999999999889e-01,0.000000000000000000e+00,5.010000000000000009e-01,0.000000000000000000e+00,0.000000000000000000e+00,0.000000000000000000e+00
2.885394823861930358e-01,-1.013459495813512671e-04,5.562827087643552604e-01,9.745183382102066139e-01,-3.548831042185711344e-05,2.243078403268098098e-01,-7.209535546705167157e-07,-1.580216423710297136e+00,6.307010801040165669e-03,-2.302075847357670790e-02,1.586086864577539002e+00,-4.584085694799112098e-01,-2.380208016740409036e-02,-1.580177851096721708e+00,-6.172165916433351371e-03,2.241730127105346845e-02,1.586055720695663140e+00,-4.584122441741672604e-01,2.332321436584642096e-02,0.000000000000000000e+00,0.000000000000000000e+00,0.000000000000000000e+00,4.979999999999999982e-01,2.999999999999999889e-01,0.000000000000000000e+00,5.010000000000000009e-01,0.000000000000000000e+00,0.000000000000000000e+00,0.000000000000000000e+00,4.979999999999999982e-01,-2.999999999999999889e-01,0.000000000000000000e+00,5.010000000000000009e-01,0.000000000000000000e+00,0.000000000000000000e+00,0.000000000000000000e+00
2.931846271812334481e-01,-1.016202362364193893e-04,5.342415313934285592e-01,9.721508337428594881e-01,-3.456235984547857486e-05,2.343560436129698832e-01,8.976772883979774196e-06,-1.652708436406675752e+00,5.303516355330353989e-03,-2.438643540933891143e-02,1.674420400096739092e+00,-4.948889855600673293e-01,-2.490582228060932504e-02,-1.652668244067978520e+00,-5.236041260736351219e-03,2.376111306878502666e-02,1.674405332161207571e+00,-4.949108337921783729e-01,2.440538900933613212e-02,0.000000000000000000e+00,0.000000000000000000e+00,0.000000000000000000e+00,4.979999999999999982e-01,2.999999999999999889e-01,0.000000000000000000e+00,5.010000000000000009e-01,0.000000000000000000e+00,0.000000000000000000e+00,0.000000000000000000e+00,4.979999999999999982e-01,-2.999999999999999889e-01,0.000000000000000000e+00,5.010000000000000009e-01,0.000000000000000000e+00,0.000000000000000000e+00,0.000000000000000000e+00
2.975509968334310029e-01,-1.019541345027410642e-04,5.164333810425354443e-01,9.696614515868485773e-01,-3.321231708929564341e-05,2.444517699634097818e-01,1.910978699995135558e-05,-1.713982281522673512e+00,4.463748620634442298e-03,-2.550546528569924351e-02,1.743403883203231475e+00,-5.233875338550751932e-01,-2.584583494630113276e-02,-1.713940285110556960e+00,-4.459667449035049219e-03,2.486815522518480079e-02,1.743405293364875597e+00,-5.234281121319196428e-01,2.532671822044941026e-02,0.000000000000000000e+00,0.000000000000000000e+00,0.000000000000000000e+00,4.979999999999999982e-01,2.999999999999999889e-01,0.000000000000000000e+00,5.010000000000000009e-01,0.000000000000000000e+00,0.000000000000000000e+00,0.000000000000000000e+00,4.979999999999999982e-01,-2.999999999999999889e-01,0.000000000000000000e+00,5.010000000000000009e-01,0.000000000000000000e+00,0.000000000000000000e+00,0.000000000000000000e+00
3.016765997651023046e-01,-1.023355120987780439e-04,5.024586059506910285e-01,9.671146565522563687e-01,-3.152177191642452326e-05,2.543407934785498759e-01,2.934093844701625030e-05,-1.764730257198706465e+00,3.792045787605002449e-03,-2.639115158280845239e-02,1.795843477460634663e+00,-5.454961879294686344e-01,-2.661729735905243519e-02,-1.764686467043645735e+00,-3.846202055454763565e-03,2.574995622354303224e-02,1.795861375512960434e+00,-5.455554411518670488e-01,2.608252074421475719e-02,0.000000000000000000e+00,0.000000000000000000e+00,0.000000000000000000e+00,4.979999999999999982e-01,2.999999999999999889e-01,0.000000000000000000e+00,5.010000000000000009e-01,0.000000000000000000e+00,0.000000000000000000e+00,0.000000000000000000e+00,4.979999999999999982e-01,-2.999999999999999889e-01,0.000000000000000000e+00,5.010000000000000009e-01,0.000000000000000000e+00,0.000000000000000000e+00,0.000000000000000000e+00
3.055196961045427706e-01,-1.027646199081630853e-04,4.933354338335487754e-01,9.646566834722184458e-01,-2.948505086965902674e-05,2.635099251098589335e-01,3.913577291673958701e-05,-1.801459315267385008e+00,3.370670334818959106e-03,-2.696254104125982501e-02,1.829205790443127144e+00,-5.611109304090003969e-01,-2.713690046057998934e-02,-1.801414081338101658e+00,-3.473580857859255404e-03,2.632611399208625164e-02,1.829239515294161622e+00,-5.611877263866772436e-01,2.659107331112326236e-02,0.000000000000000000e+00,0.000000000000000000e+00,0.000000000000000000e+00,4.979999999999999982e-01,2.999999999999999889e-01,0.000000000000000000e+00,5.010000000000000009e-01,0.000000000000000000e+00,0.000000000000000000e+00,0.000000000000000000e+00,4.979999999999999982e-01,-2.999999999999999889e-01,0.000000000000000000e+00,5.010000000000000009e-01,0.000000000000000000e+00,0.000000000000000000e+00,0.000000000000000000e+00
3.092010382698361370e-01,-1.031989283909459041e-04,4.891235686874400579e-01,9.625738446659009018e-01,-2.741594126143378677e-05,2.710195391286834843e-01,4.715875866762628510e-05,-1.822010924736345405e+00,3.250687921169548560e-03,-2.719718463463878869e-02,1.845285653193689868e+00,-5.722244307751594983e-01,-2.736337632424578128e-02,-1.821964896771333331e+00,-3.387314139658468160e-03,2.657017930380772830e-02,1.845332423524899568e+00,-5.723151639242312072e-01,2.681213896288515280e-02,0.000000000000000000e+00,0.000000000000000000e+00,0.000000000000000000e+00,4.979999999999999982e-01,2.999999999999999889e-01,0.000000000000000000e+00,5.010000000000000009e-01,0.000000000000000000e+00,0.000000000000000000e+00,0.000000000000000000e+00,4.979999999999999982e-01,-2.999999999999999889e-01,0.000000000000000000e+00,5.010000000000000009e-01,0.000000000000000000e+00,0.000000000000000000e+00,0.000000000000000000e+00
3.128695954798638157e-01,-1.036000269647112772e-04,4.880773570645131065e-01,9.608871522041264601e-01,-2.556890776222183633e-05,2.769402051752860028e-01,5.322354103650615278e-05,-1.830970224906559807e+00,3.334064553784465198e-03,-2.721448666885682016e-02,1.850867860113242669e+00,-5.811611263906493186e-01,-2.739866797678285407e-02,-1.830923810168713972e+00,-3.491822289055681629e-03,2.659758627204572914e-02,1.850924480820755225e+00,-5.812620738055793712e-01,2.684586467380613989e-02,0.000000000000000000e+00,0.000000000000000000e+00,0.000000000000000000e+00,4.979999999999999982e-01,2.999999999999999889e-01,0.000000000000000000e+00,5.010000000000000009e-01,0.000000000000000000e+00,0.000000000000000000e+00,0.000000000000000000e+00,4.979999999999999982e-01,-2.999999999999999889e-01,0.000000000000000000e+00,5.010000000000000009e-01,0.000000000000000000e+00,0.000000000000000000e+00,0.000000000000000000e+00
3.165699777816938232e-01,-1.039519781591387917e-04,4.900534333555293109e-01,9.596767719304966082e-01,-2.404959610078161991e-05,2.811058334245495338e-01,5.703830399459812190e-05,-1.828312118317491963e+00,3.615384281792864783e-03,-2.702434941249368811e-02,1.846720567068383057e+00,-5.883513414124941221e-01,-2.725082852842098530e-02,-1.828265697292012826e+00,-3.780908366991103230e-03,2.641713621996734374e-02,1.846783330434724757e+00,-5.884582963533930844e-01,2.670021736285760686e-02,0.000000000000000000e+00,0.000000000000000000e+00,0.000000000000000000e+00,4.979999999999999982e-01,2.999999999999999889e-01,0.000000000000000000e+00,5.010000000000000009e-01,0.000000000000000000e+00,0.000000000000000000e+00,0.000000000000000000e+00,4.979999999999999982e-01,-2.999999999999999889e-01,0.000000000000000000e+00,5.010000000000000009e-01,0.000000000000000000e+00,0.000000000000000000e+00,0.000000000000000000e+00
3.205628759134652728e-01,-1.041448188090847009e-04,4.962846388880536308e-01,9.595083252540203000e-01,-2.353736469503387506e-05,2.816802621148695174e-01,5.611698696647927014e-05,-1.806757342843311465e+00,4.166343888275925340e-03,-2.655279584045998342e-02,1.829672583531468000e+00,-5.940617289557804659e-01,-2.686654859710593812e-02,-1.806711259242252288e+00,-4.315334860075442820e-03,2.595100341087360624e-02,1.829733494976522490e+00,-5.941661884391943316e-01,2.632326005289596996e-02,0.000000000000000000e+00,0.000000000000000000e+00,0.000000000000000000e+00,4.979999999999999982e-01,2.999999999999999889e-01,0.000000000000000000e+00,5.010000000000000009e-01,0.000000000000000000e+00,0.000000000000000000e+00,0.000000000000000000e+00,4.979999999999999982e-01,-2.999999999999999889e-01,0.000000000000000000e+00,5.010000000000000009e-01,0.000000000000000000e+00,0.000000000000000000e+00,0.000000000000000000e+00
3.248540981500077640e-01,-1.042324364838551775e-04,5.046610449045974001e-01,9.600414508897341381e-01,-2.359114884628494581e-05,2.798578375360805115e-01,5.278845264170577069e-05,-1.774351534240460548e+00,4.834547488523737759e-03,-2.594626404920447743e-02,1.806196542562622520e+00,-5.992011067991077633e-01,-2.638353900907250069e-02,-1.774305920970371098e+00,-4.954637286389168907e-03,2.534827924311678846e-02,1.806251487446943305e+00,-5.992987535856967307e-01,2.584977552985812457e-02,0.000000000000000000e+00,0.000000000000000000e+00,0.000000000000000000e+00,4.979999999999999982e-01,2.999999999999999889e-01,0.000000000000000000e+00,5.010000000000000009e-01,0.000000000000000000e+00,0.000000000000000000e+00,0.000000000000000000e+00,4.979999999999999982e-01,-2.999999999999999889e-01,0.000000000000000000e+00,5.010000000000000009e-01,0.000000000000000000e+00,0.000000000000000000e+00,0.000000000000000000e+00
3.294616868004269783e-01,-1.042236640011823744e-04,5.149745309040936192e-01,9.612393306876517718e-01,-2.410121822678848222e-05,2.757153356362272989e-01,4.746882184235451938e-05,-1.731784365300080175e+00,5.600862259072541920e-03,-2.521922407628812701e-02,1.776817524802785986e+00,-6.037725901919965832e-01,-2.581822772759932369e-02,-1.731739380782159277e+00,-5.681529306526506701e-03,2.462439024248390396e-02,1.776863121581020222e+00,-6.038598304450494281e-01,2.529582786178465048e-02,0.000000000000000000e+00,0.000000000000000000e+00,0.000000000000000000e+00,4.979999999999999982e-01,2.999999999999999889e-01,0.000000000000000000e+00,5.010000000000000009e-01,0.000000000000000000e+00,0.000000000000000000e+00,0.000000000000000000e+00,4.979999999999999982e-01,-2.999999999999999889e-01,0.000000000000000000e+00,5.010000000000000009e-01,0.000000000000000000e+00,0.000000000000000000e+00,0.000000000000000000e+00
3.345648837271454901e-01,-1.041004947710306061e-04,5.275087606189233780e-01,9.632873485635971011e-01,-2.497928825973379368e-05,2.684724973671319126e-01,4.038323169173094174e-05,-1.676540771222601256e+00,6.457708627671384857e-03,-2.435791819865892535e-02,1.740392323525491447e+00,-6.075451178122552864e-01,-2.517793897479403409e-02,-1.676496705730413206e+00,-6.488719652140016031e-03,2.376774558053352734e-02,1.740425640034563459e+00,-6.076186929707783069e-01,2.466858555024330907e-02,0.000000000000000000e+00,0.000000000000000000e+00,0.000000000000000000e+00,4.979999999999999982e-01,2.999999999999999889e-01,0.000000000000000000e+00,5.010000000000000009e-01,0.000000000000000000e+00,0.000000000000000000e+00,0.000000000000000000e+00,4.979999999999999982e-01,-2.999999999999999889e-01,0.000000000000000000e+00,5.010000000000000009e-01,0.000000000000000000e+00,0.000000000000000000e+00,0.000000000000000000e+00
3.402162985091401470e-01,-1.038953363825939873e-04,5.416909823633091481e-01,9.660378648046022976e-01,-2.579492719937792177e-05,2.584005456963793801e-01,3.289680928413398121e-05,-1.610531893799164171e+00,7.350949876705152770e-03,-2.339835338743339807e-02,1.697933641032618901e+00,-6.102207110125057454e-01,-2.450602617683966811e-02,-1.610489206278449714e+00,-7.328398654244181257e-03,2.281773343843161370e-02,1.697954281149118838e+00,-6.102797930539741733e-01,2.401048271588429248e-02,0.000000000000000000e+00,0.000000000000000000e+00,0.000000000000000000e+00,4.979999999999999982e-01,2.999999999999999889e-01,0.000000000000000000e+00,5.010000000000000009e-01,0.000000000000000000e+00,0.000000000000000000e+00,0.000000000000000000e+00,4.979999999999999982e-01,-2.999999999999999889e-01,0.000000000000000000e+00,5.010000000000000009e-01,0.000000000000000000e+00,0.000000000000000000e+00,0.000000000000000000e+00
3.462824551443669518e-01,-1.036425379984908717e-04,5.568503242966331701e-01,9.691702962494150864e-01,-2.640264402815858437e-05,2.463918332976649250e-01,2.559174018718292132e-05,-1.537429848426345336e+00,8.251288392806668121e-03,-2.237938729694684270e-02,1.651301723232561747e+00,-6.118757750402938900e-01,-2.382560026415434309e-02,-1.537388914355208192e+00,-8.174906571532282451e-03,2.181284395670370080e-02,1.651310312091424315e+00,-6.119206616447397939e-01,2.334416111066229399e-02,0.000000000000000000e+00,0.000000000000000000e+00,0.000000000000000000e+00,4.979999999999999982e-01,2.999999999999999889e-01,0.000000000000000000e+00,5.010000000000000009e-01,0.000000000000000000e+00,0.000000000000000000e+00,0.000000000000000000e+00,4.979999999999999982e-01,-2.999999999999999889e-01,0.000000000000000000e+00,5.010000000000000009e-01,0.000000000000000000e+00,0.000000000000000000e+00,0.000000000000000000e+00
3.527820961700863789e-01,-1.033478550271802002e-04,5.728827320648748334e-01,9.726038854952206991e-01,-2.670421804404449705e-05,2.324686663943663079e-01,1.874324270834693018e-05,-1.457491839706460679e+00,9.147811358963496564e-03,-2.130654464545745849e-02,1.600523045905387187e+00,-6.123593844949382081e-01,-2.314474785608874527e-02,-1.457453067072361774e+00,-9.018795352430653695e-03,2.075925891371237231e-02,1.600520745244850440e+00,-6.123908947567044958e-01,2.267756494077920876e-02,0.000000000000000000e+00,0.000000000000000000e+00,0.000000000000000000e+00,4.979999999999999982e-01,2.999999999999999889e-01,0.000000000000000000e+00,5.010000000000000009e-01,0.000000000000000000e+00,0.000000000000000000e+00,0.000000000000000000e+00,4.979999999999999982e-01,-2.999999999999999889e-01,0.000000000000000000e+00,5.010000000000000009e-01,0.000000000000000000e+00,0.000000000000000000e+00,0.000000000000000000e+00
3.599318225961311013e-01,-1.030106303740341994e-04,5.897043613420595021e-01,9.763661637321121578e-01,-2.631185359408210844e-05,2.161229128287797674e-01,1.330896595893885930e-05,-1.369134799627578225e+00,1.000171795208733977e-02,-2.017766648351882949e-02,1.543795945269866854e+00,-6.104457606501929590e-01,-2.248933838904454072e-02,-1.369098742968771099e+00,-9.826940007033577867e-03,1.965772580622835927e-02,1.543785904087197958e+00,-6.104666386333457151e-01,2.203627220906519135e-02,0.000000000000000000e+00,0.000000000000000000e+00,0.000000000000000000e+00,4.979999999999999982e-01,2.999999999999999889e-01,0.000000000000000000e+00,5.010000000000000009e-01,0.000000000000000000e+00,0.000000000000000000e+00,0.000000000000000000e+00,4.979999999999999982e-01,-2.999999999999999889e-01,0.000000000000000000e+00,5.010000000000000009e-01,0.000000000000000000e+00,0.000000000000000000e+00,0.000000000000000000e+00
3.674232257364558052e-01,-1.026554303506495378e-04,6.066813146343830176e-01,9.800659712126791323e-01,-2.548133884760429138e-05,1.986723215328323744e-01,8.854625076479597477e-06,-1.277109394746989590e+00,1.081569514477373831e-02,-1.902967597008564313e-02,1.483801529722451384e+00,-6.068011680882202663e-01,-2.185916380327896161e-02,-1.277076270413249670e+00,-1.060098514737065067e-02,1.854081970242302951e-02,1.483785866563811062e+00,-6.068134134369882471e-01,2.142000828396372833e-02,0.000000000000000000e+00,0.000000000000000000e+00,0.000000000000000000e+00,4.979999999999999982e-01,2.999999999999999889e-01,0.000000000000000000e+00,5.010000000000000009e-01,0.000000000000000000e+00,0.000000000000000000e+00,0.000000000000000000e+00,4.979999999999999982e-01,-2.999999999999999889e-01,0.000000000000000000e+00,5.010000000000000009e-01,0.000000000000000000e+00,0.000000000000000000e+00,0.000000000000000000e+00
3.752318177746752359e-01,-1.022835011392438548e-04,6.237170273540900700e-01,9.836217277453410679e-01,-2.422882327908135441e-05,1.802451000483801524e-01,5.365049064680267811e-06,-1.181875514899863866e+00,1.158681806783168865e-02,-1.786687570405699407e-02,1.420656301651154196e+00,-6.013556110726453463e-01,-2.125632223553657399e-02,-1.181845499508053621e+00,-1.133820236796904100e-02,1.741232023343272650e-02,1.420637094321440363e+00,-6.013612195540546379e-01,2.083084056269185469e-02,0.000000000000000000e+00,0.000000000000000000e+00,0.000000000000000000e+00,4.979999999999999982e-01,2.999999999999999889e-01,0.000000000000000000e+00,5.010000000000000009e-01,0.000000000000000000e+00,0.000000000000000000e+00,0.000000000000000000e+00,4.979999999999999982e-01,-2.999999999999999889e-01,0.000000000000000000e+00,5.010000000000000009e-01,0.000000000000000000e+00,0.000000000000000000e+00,0.000000000000000000e+00
3.834049383090534224e-01,-1.018914284861466470e-04,6.405206293786956939e-01,9.869699260663744589e-01,-2.244881990126235087e-05,1.609048306502129655e-01,3.164236891659147714e-06,-1.083618168593087017e+00,1.228838777085868028e-02,-1.669709751206167880e-02,1.353440388196066824e+00,-5.931394949465473854e-01,-2.069859572626637709e-02,-1.083591380406986548e+00,-1.201488656176130827e-02,1.627960011160079282e-02,1.353420392743477807e+00,-5.931412263949692454e-01,2.028635519468184253e-02,0.000000000000000000e+00,0.000000000000000000e+00,0.000000000000000000e+00,4.979999999999999982e-01,2.999999999999999889e-01,0.000000000000000000e+00,5.010000000000000009e-01,0.000000000000000000e+00,0.000000000000000000e+00,0.000000000000000000e+00,4.979999999999999982e-01,-2.999999999999999889e-01,0.000000000000000000e+00,5.010000000000000009e-01,0.000000000000000000e+00,0.000000000000000000e+00,0.000000000000000000e+00
3.917699545790234161e-01,-1.014831273504624278e-04,6.567628594459423708e-01,9.899679277887484252e-01,-2.032895291293692513e-05,1.412922557427905568e-01,1.870565507893045955e-06,-9.845045343069983579e-01,1.292221652500999060e-02,-1.553679948564364900e-02,1.283168923232024028e+00,-5.822979284930760446e-01,-2.018609550220346396e-02,-9.844809752424457105e-01,-1.263126732355443309e-02,1.515664591574354160e-02,1.283150135420454641e+00,-5.822978576580545296e-01,1.978657381589972453e-02,0.000000000000000000e+00,0.000000000000000000e+00,0.000000000000000000e+00,4.979999999999999982e-01,2.999999999999999889e-01,0.000000000000000000e+00,5.010000000000000009e-01,0.000000000000000000e+00,0.000000000000000000e+00,0.000000000000000000e+00,4.979999999999999982e-01,-2.999999999999999889e-01,0.000000000000000000e+00,5.010000000000000009e-01,0.000000000000000000e+00,0.000000000000000000e+00,0.000000000000000000e+00
4.002103478612741849e-01,-1.010633907108435931e-04,6.724201320487468436e-01,9.925658777313043357e-01,-1.801018162264792641e-05,1.217085783246654312e-01,1.143515993518944934e-06,-8.855788481173955118e-01,1.350245974926501773e-02,-1.439085176945668551e-02,1.210881992266728879e+00,-5.694223592807921008e-01,-1.971026426143935792e-02,-8.855585112638374445e-01,-1.319921979136246155e-02,1.404749206257541010e-02,1.210865737790731256e+00,-5.694218674301873007e-01,1.932297800641695137e-02,0.000000000000000000e+00,0.000000000000000000e+00,0.000000000000000000e+00,4.979999999999999982e-01,2.999999999999999889e-01,0.000000000000000000e+00,5.010000000000000009e-01,0.000000000000000000e+00,0.000000000000000000e+00,0.000000000000000000e+00,4.979999999999999982e-01,-2.999999999999999889e-01,0.000000000000000000e+00,5.010000000000000009e-01,0.000000000000000000e+00,0.000000000000000000e+00,0.000000000000000000e+00
4.086749311814393826e-01,-1.006320563293220879e-04,6.873187758140384407e-01,9.947466681455819915e-01,-1.552803050925710907e-05,1.023673090946657788e-01,9.279051001610104963e-07,-7.875347848427624031e-01,1.402324764289115087e-02,-1.326615556883231802e-02,1.136671197844717707e+00,-5.543232914756736074e-01,-1.927581366697181386e-02,-7.875176559783463315e-01,-1.371287427984753046e-02,1.295837588085863717e-02,1.136658750796500694e+00,-5.543237089897055103e-01,1.890017182376318647e-02,0.000000000000000000e+00,0.000000000000000000e+00,0.000000000000000000e+00,4.979999999999999982e-01,2.999999999999999889e-01,0.000000000000000000e+00,5.010000000000000009e-01,0.000000000000000000e+00,0.000000000000000000e+00,0.000000000000000000e+00,4.979999999999999982e-01,-2.999999999999999889e-01,0.000000000000000000e+00,5.010000000000000009e-01,0.000000000000000000e+00,0.000000000000000000e+00,0.000000000000000000e+00
4.169388983059151288e-01,-1.001920266974753180e-04,7.007860586454560670e-01,9.964610467895875789e-01,-1.299298224220524424e-05,8.405582705001934940e-02,1.057810864371759457e-06,-6.931642494320165993e-01,1.446122086870598941e-02,-1.219126869401833922e-02,1.061183800429718049e+00,-5.364178433478111740e-01,-1.890229732810896901e-02,-6.931503828779905785e-01,-1.414889671212527129e-02,1.191607118592277227e-02,1.061176457581930910e+00,-5.364204383794586306e-01,1.853723077422834292e-02,0.000000000000000000e+00,0.000000000000000000e+00,0.000000000000000000e+00,4.979999999999999982e-01,2.999999999999999889e-01,0.000000000000000000e+00,5.010000000000000009e-01,0.000000000000000000e+00,0.000000000000000000e+00,0.000000000000000000e+00,4.979999999999999982e-01,-2.999999999999999889e-01,0.000000000000000000e+00,5.010000000000000009e-01,0.000000000000000000e+00,0.000000000000000000e+00,0.000000000000000000e+00
4.249256950751603146e-01,-9.975452176153754718e-05,7.131842460474668854e-01,9.977705050912244467e-01,-1.051170184703422364e-05,6.673843763533565676e-02,1.225276350772096490e-06,-6.025809305476819144e-01,1.484955490582864565e-02,-1.116036547353729119e-02,9.861118984942807142e-01,-5.171899043723928724e-01,-1.856753317449303872e-02,-6.025704311152881854e-01,-1.453737164454362192e-02,1.091554308609334577e-02,9.861102791802580647e-01,-5.171951931665245139e-01,1.821224279369672641e-02,0.000000000000000000e+00,0.000000000000000000e+00,0.000000000000000000e+00,4.979999999999999982e-01,2.999999999999999889e-01,0.000000000000000000e+00,5.010000000000000009e-01,0.000000000000000000e+00,0.000000000000000000e+00,0.000000000000000000e+00,4.979999999999999982e-01,-2.999999999999999889e-01,0.000000000000000000e+00,5.010000000000000009e-01,0.000000000000000000e+00,0.000000000000000000e+00,0.000000000000000000e+00
4.325783979661237399e-01,-9.932319555098737430e-05,7.244620917157872375e-01,9.987220857036644972e-01,-8.113180484679508917e-06,5.053904886309604910e-02,1.382841946897169918e-06,-5.163432798649554289e-01,1.518925011718699931e-02,-1.017864808804406357e-02,9.120112542675714584e-01,-4.968664301059834698e-01,-1.827154107308013795e-02,-5.163362717832309379e-01,-1.487894561843001486e-02,9.961924884813948278e-03,9.120159222890894535e-01,-4.968748497685076537e-01,1.792518713935973770e-02,0.000000000000000000e+00,0.000000000000000000e+00,0.000000000000000000e+00,4.979999999999999982e-01,2.999999999999999889e-01,0.000000000000000000e+00,5.010000000000000009e-01,0.000000000000000000e+00,0.000000000000000000e+00,0.000000000000000000e+00,4.979999999999999982e-01,-2.999999999999999889e-01,0.000000000000000000e+00,5.010000000000000009e-01,0.000000000000000000e+00,0.000000000000000000e+00,0.000000000000000000e+00
4.395130064407573034e-01,-9.891643689438518467e-05,7.338994914032231920e-01,9.993360670975476312e-01,-5.938681147236324630e-06,3.643384361888953038e-02,1.375659954695018502e-06,-4.387376474321701969e-01,1.546085035576711710e-02,-9.290974714750729543e-03,8.416922248831242293e-01,-4.759101752962479615e-01,-1.803288759441839043e-02,-4.387343783014959753e-01,-1.515376962247146249e-02,9.098796957143922420e-03,8.417038315453073682e-01,-4.759221116803011853e-01,1.769407830418017954e-02,0.000000000000000000e+00,0.000000000000000000e+00,0.000000000000000000e+00,4.979999999999999982e-01,2.999999999999999889e-01,0.000000000000000000e+00,5.010000000000000009e-01,0.000000000000000000e+00,0.000000000000000000e+00,0.000000000000000000e+00,4.979999999999999982e-01,-2.999999999999999889e-01,0.000000000000000000e+00,5.010000000000000009e-01,0.000000000000000000e+00,0.000000000000000000e+00,0.000000000000000000e+00
4.456000382998704379e-01,-9.855010819761155210e-05,7.416870515340827641e-01,9.997015790213342745e-01,-4.037372089043063534e-06,2.442852604095627558e-02,1.190331643625015629e-06,-3.708718168395003234e-01,1.568057210795773676e-02,-8.510065170778253335e-03,7.779429531078005944e-01,-4.559997266210622513e-01,-1.784049830720537202e-02,-3.708724112392619010e-01,-1.537690860572746808e-02,8.339226227118877455e-03,7.779617267345056986e-01,-4.560152545328687301e-01,1.750797019193243986e-02,0.000000000000000000e+00,0.000000000000000000e+00,0.000000000000000000e+00,4.979999999999999982e-01,2.999999999999999889e-01,0.000000000000000000e+00,5.010000000000000009e-01,0.000000000000000000e+00,0.000000000000000000e+00,0.000000000000000000e+00,4.979999999999999982e-01,-2.999999999999999889e-01,0.000000000000000000e+00,5.010000000000000009e-01,0.000000000000000000e+00,0.000000000000000000e+00,0.000000000000000000e+00
4.508592551508311952e-01,-9.822737811727928802e-05,7.480593637333325940e-01,9.998976470801625993e-01,-2.398393536342455461e-06,1.430717851335037982e-02,8.885075315069779622e-07,-3.124522475724295090e-01,1.585837056439876394e-02,-7.834952832821749993e-03,7.216568567778125498e-01,-4.378820442779060573e-01,-1.768607985091465509e-02,-3.124566478142519199e-01,-1.555801513778233211e-02,7.682492724919376230e-03,7.216826711133480510e-01,-4.379010632018947580e-01,1.735874160771530561e-02,0.000000000000000000e+00,0.000000000000000000e+00,0.000000000000000000e+00,4.979999999999999982e-01,2.999999999999999889e-01,0.000000000000000000e+00,5.010000000000000009e-01,0.000000000000000000e+00,0.000000000000000000e+00,0.000000000000000000e+00,4.979999999999999982e-01,-2.999999999999999889e-01,0.000000000000000000e+00,5.010000000000000009e-01,0.000000000000000000e+00,0.000000000000000000e+00,0.000000000000000000e+00
4.550135841186846997e-01,-9.796661989516283330e-05,7.527230891865630547e-01,9.999785706010623221e-01,-1.105396244606143943e-06,6.546627925887602874e-03,4.841147319504722083e-07,-2.665795317692513655e-01,1.598825602702074258e-02,-7.302448586204816905e-03,6.762943039223558994e-01,-4.228664766823257426e-01,-1.757570681247952113e-02,-2.665874959197019889e-01,-1.569078885321399316e-02,7.164574683785986109e-03,6.763266692881780839e-01,-4.228886928435827697e-01,1.725223310421004908e-02,0.000000000000000000e+00,0.000000000000000000e+00,0.000000000000000000e+00,4.979999999999999982e-01,2.999999999999999889e-01,0.000000000000000000e+00,5.010000000000000009e-01,0.000000000000000000e+00,0.000000000000000000e+00,0.000000000000000000e+00,4.979999999999999982e-01,-2.999999999999999889e-01,0.000000000000000000e+00,5.010000000000000009e-01,0.000000000000000000e+00,0.000000000000000000e+00,0.000000000000000000e+00
4.573705382309351530e-01,-9.781633131357143993e-05,7.550638802622492429e-01,9.999976374633902099e-01,-3.567396326061888087e-07,2.173722035584263294e-03,1.516813679612322599e-07,-2.411895979234724707e-01,1.605699843743017483e-02,-7.012426598874407085e-03,6.517047388946156650e-01,-4.149188620527559102e-01,-1.752152967053901764e-02,-2.411998981757090821e-01,-1.576131799432602468e-02,6.882812335441191622e-03,6.517413595077701238e-01,-4.149431187985427871e-01,1.720009200112244604e-02,0.000000000000000000e+00,0.000000000000000000e+00,0.000000000000000000e+00,4.979999999999999982e-01,2.999999999999999889e-01,0.000000000000000000e+00,5.010000000000000009e-01,0.000000000000000000e+00,0.000000000000000000e+00,0.000000000000000000e+00,4.979999999999999982e-01,-2.999999999999999889e-01,0.000000000000000000e+00,5.010000000000000009e-01,0.000000000000000000e+00,0.000000000000000000e+00,0.000000000000000000e+00
4.573705382309351530e-01,-9.781633131357143993e-05,7.550638802622492429e-01,9.999976374633902099e-01,-3.567396326061888087e-07,2.173722035584263294e-03,1.516813679612322599e-07,-2.411895979234724707e-01,1.605699843743017483e-02,-7.012426598874407085e-03,6.517047388946156650e-01,-4.149188620527559102e-01,-1.752152967053901764e-02,-2.411998981757090821e-01,-1.576131799432602468e-02,6.882812335441191622e-03,6.517413595077701238e-01,-4.149431187985427871e-01,1.720009200112244604e-02,0.000000000000000000e+00,0.000000000000000000e+00,0.000000000000000000e+00,4.979999999999999982e-01,2.999999999999999889e-01,0.000000000000000000e+00,5.010000000000000009e-01,0.000000000000000000e+00,0.000000000000000000e+00,0.000000000000000000e+00,4.979999999999999982e-01,-2.999999999999999889e-01,0.000000000000000000e+00,5.010000000000000009e-01,0.000000000000000000e+00,0.000000000000000000e+00,0.000000000000000000e+00
4.573705382309351530e-01,-9.781633131357143993e-05,7.551257481795951021e-01,9.999974913926608089e-01,-3.531362777855640231e-07,2.239912551429312088e-03,1.501492651655627127e-07,-2.425326906453180720e-01,1.589614246640907308e-02,-6.942379426852119881e-03,6.510143032886029912e-01,-4.130171475855582974e-01,-1.734609423156049240e-02,-2.425429224986490051e-01,-1.560059538390521847e-02,6.812396439952615214e-03,6.510506280666026324e-01,-4.130411977547593927e-01,1.702459328478869716e-02,0.000000000000000000e+00,0.000000000000000000e+00,0.000000000000000000e+00,4.980000000000000537e-01,3.000000000000000444e-01,0.000000000000000000e+00,5.010000000000000009e-01,0.000000000000000000e+00,0.000000000000000000e+00,0.000000000000000000e+00,4.980000000000000537e-01,-3.000000000000000444e-01,0.000000000000000000e+00,5.010000000000000009e-01,0.000000000000000000e+00,0.000000000000000000e+00,0.000000000000000000e+00
4.573705382309351530e-01,-9.781633131357143993e-05,7.551876160969409613e-01,9.999973409406718305e-01,-3.495329198864161490e-07,2.306103085590588322e-03,1.486171610609424737e-07,-2.438757833671636177e-01,1.573528649538797133e-02,-6.872332254829831809e-03,6.503238676825903175e-01,-4.111154331183606847e-01,-1.717065879258196717e-02,-2.438859468215889281e-01,-1.543987277348441052e-02,6.741980544464038806e-03,6.503598966254350300e-01,-4.111392767109759427e-01,1.684909456845494133e-02,0.000000000000000000e+00,0.000000000000000000e+00,0.000000000000000000e+00,4.979999999999999982e-01,2.999999999999999889e-01,0.000000000000000000e+00,5.010000000000000009e-01,0.000000000000000000e+00,0.000000000000000000e+00,0.000000000000000000e+00,4.979999999999999982e-01,-2.999999999999999889e-01,0.000000000000000000e+00,5.010000000000000009e-01,0.000000000000000000e+00,0.000000000000000000e+00,0.000000000000000000e+00
4.573705382309351530e-01,-9.781633131357143993e-05,7.552494840142868204e-01,9.999971861074198332e-01,-3.459295589561033279e-07,2.372293637198113862e-03,1.470850556675076071e-07,-2.452188760890092190e-01,1.557443052436686785e-02,-6.802285082807544604e-03,6.496334320765776438e-01,-4.092137186511630720e-01,-1.699522335360344541e-02,-2.452289711445288789e-01,-1.527915016306360604e-02,6.671564648975462399e-03,6.496691651842675386e-01,-4.092373556671925483e-01,1.667359585212119244e-02,0.000000000000000000e+00,0.000000000000000000e+00,0.000000000000000000e+00,4.979999999999999982e-01,2.999999999999999889e-01,0.000000000000000000e+00,5.010000000000000009e-01,0.000000000000000000e+00,0.000000000000000000e+00,0.000000000000000000e+00,4.979999999999999982e-01,-2.999999999999999889e-01,0.000000000000000000e+00,5.010000000000000009e-01,0.000000000000000000e+00,0.000000000000000000e+00,0.000000000000000000e+00
4.573705382309351530e-01,-9.781633131357143993e-05,7.553113519316327906e-01,9.999970268929011530e-01,-3.423261950419840717e-07,2.438484205381908406e-03,1.455529490053944684e-07,-2.465619688108548202e-01,1.541357455334576437e-02,-6.732237910785257400e-03,6.489429964705649700e-01,-4.073120041839654037e-01,-1.681978791462492018e-02,-2.465719954674688019e-01,-1.511842755264279810e-02,6.601148753486884256e-03,6.489784337431000472e-01,-4.073354346234091539e-01,1.649809713578744355e-02,0.000000000000000000e+00,0.000000000000000000e+00,0.000000000000000000e+00,4.979999999999999982e-01,2.999999999999999889e-01,0.000000000000000000e+00,5.010000000000000009e-01,0.000000000000000000e+00,0.000000000000000000e+00,0.000000000000000000e+00,4.979999999999999982e-01,-2.999999999999999889e-01,0.000000000000000000e+00,5.010000000000000009e-01,0.000000000000000000e+00,0.000000000000000000e+00,0.000000000000000000e+00
4.573705382309351530e-01,-9.781633131357143993e-05,7.553732198489786498e-01,9.999968632971127924e-01,-3.387228281914171044e-07,2.504674789271989482e-03,1.440208410947392805e-07,-2.479050615327004214e-01,1.525271858232466263e-02,-6.662190738762970195e-03,6.482525608645522963e-01,-4.054102897167677910e-01,-1.664435247564639495e-02,-2.479150197904087249e-01,-1.495770494222199189e-02,6.530732857998308716e-03,6.482877023019324447e-01,-4.054335135796257039e-01,1.632259841945369466e-02,0.000000000000000000e+00,0.000000000000000000e+00,0.000000000000000000e+00,4.979999999999999982e-01,2.999999999999999889e-01,0.000000000000000000e+00,5.010000000000000009e-01,0.000000000000000000e+00,0.000000000000000000e+00,0.000000000000000000e+00,4.979999999999999982e-01,-2.999999999999999889e-01,0.000000000000000000e+00,5.010000000000000009e-01,0.000000000000000000e+00,0.000000000000000000e+00,0.000000000000000000e+00
4.573705382309351530e-01,-9.781633131357143993e-05,7.554350877663246200e-01,9.999966953200516429e-01,-3.351194584517611496e-07,2.570865387998371582e-03,1.424887319556785314e-07,-2.492481542545459949e-01,1.509186261130356262e-02,-6.592143566740682990e-03,6.475621252585396226e-01,-4.035085752495701783e-01,-1.646891703666786971e-02,-2.492580441133486757e-01,-1.479698233180118568e-02,6.460316962509732308e-03,6.475969708607649533e-01,-4.035315925358423095e-01,1.614709970311994230e-02,0.000000000000000000e+00,0.000000000000000000e+00,0.000000000000000000e+00,4.980000000000000537e-01,2.999999999999999889e-01,0.000000000000000000e+00,5.010000000000000009e-01,0.000000000000000000e+00,0.000000000000000000e+00,0.000000000000000000e+00,4.980000000000000537e-01,-2.999999999999999889e-01,0.000000000000000000e+00,5.010000000000000009e-01,0.000000000000000000e+00,0.000000000000000000e+00,0.000000000000000000e+00
4.573705382309351530e-01,-9.781633131357143993e-05,7.554969556836703681e-01,9.999965229617148177e-01,-3.315160858703753019e-07,2.637056000691071368e-03,1.409566216083486294e-07,-2.505912469763915684e-01,1.493100664028245914e-02,-6.522096394718394918e-03,6.468716896525269489e-01,-4.016068607823725656e-01,-1.629348159768934795e-02,-2.506010684362885987e-01,-1.463625972138037946e-02,6.389901067021155033e-03,6.469062394195973509e-01,-4.016296714920588595e-01,1.597160098678618995e-02,0.000000000000000000e+00,0.000000000000000000e+00,0.000000000000000000e+00,4.979999999999999982e-01,2.999999999999999889e-01,0.000000000000000000e+00,5.010000000000000009e-01,0.000000000000000000e+00,0.000000000000000000e+00,0.000000000000000000e+00,4.979999999999999982e-01,-2.999999999999999889e-01,0.000000000000000000e+00,5.010000000000000009e-01,0.000000000000000000e+00,0.000000000000000000e+00,0.000000000000000000e+00
4.573705382309351530e-01,-9.781633131357143993e-05,7.555588236010163383e-01,9.999963462220996524e-01,-3.279127104946185498e-07,2.703246626480099862e-03,1.394245100728861151e-07,-2.519343396982371419e-01,1.477015066926135566e-02,-6.452049222696107714e-03,6.461812540465141641e-01,-3.997051463151749529e-01,-1.611804615871082272e-02,-2.519440927592285218e-01,-1.447553711095957325e-02,6.319485171532579493e-03,6.462155079784298595e-01,-3.997277504482754651e-01,1.579610227045244106e-02,0.000000000000000000e+00,0.000000000000000000e+00,0.000000000000000000e+00,4.979999999999999982e-01,2.999999999999999889e-01,0.000000000000000000e+00,5.010000000000000009e-01,0.000000000000000000e+00,0.000000000000000000e+00,0.000000000000000000e+00,4.979999999999999982e-01,-2.999999999999999889e-01,0.000000000000000000e+00,5.010000000000000009e-01,0.000000000000000000e+00,0.000000000000000000e+00,0.000000000000000000e+00
4.573705382309351530e-01,-9.781633131357143993e-05,7.556206915183620865e-01,9.999961651012037045e-01,-3.243093323718504640e-07,2.769437264495470691e-03,1.378923973694276883e-07,-2.532774324200827154e-01,1.460929469824025217e-02,-6.382002050673818774e-03,6.454908184405014904e-01,-3.978034318479773401e-01,-1.594261071973229749e-02,-2.532871170821684448e-01,-1.431481450053876531e-02,6.249069276044002218e-03,6.455247765372622570e-01,-3.978258294044920707e-01,1.562060355411869043e-02,0.000000000000000000e+00,0.000000000000000000e+00,0.000000000000000000e+00,4.979999999999999982e-01,2.999999999999999889e-01,0.000000000000000000e+00,5.010000000000000009e-01,0.000000000000000000e+00,0.000000000000000000e+00,0.000000000000000000e+00,4.979999999999999982e-01,-2.999999999999999889e-01,0.000000000000000000e+00,5.010000000000000009e-01,0.000000000000000000e+00,0.000000000000000000e+00,0.000000000000000000e+00
4.573705382309351530e-01,-9.781633131357143993e-05,7.556825594357080567e-01,9.999959795990245315e-01,-3.207059515494303507e-07,2.835627913867191409e-03,1.363602835181098895e-07,-2.546205251419283444e-01,1.444843872721915216e-02,-6.311954878651532437e-03,6.448003828344888166e-01,-3.959017173807797274e-01,-1.576717528075377225e-02,-2.546301414051083678e-01,-1.415409189011795910e-02,6.178653380555425810e-03,6.448340450960948766e-01,-3.959239083607086762e-01,1.544510483778494155e-02,0.000000000000000000e+00,0.000000000000000000e+00,0.000000000000000000e+00,4.979999999999999982e-01,3.000000000000000444e-01,0.000000000000000000e+00,5.010000000000000009e-01,0.000000000000000000e+00,0.000000000000000000e+00,0.000000000000000000e+00,4.979999999999999982e-01,-3.000000000000000444e-01,0.000000000000000000e+00,5.010000000000000009e-01,0.000000000000000000e+00,0.000000000000000000e+00,0.000000000000000000e+00
4.573705382309351530e-01,-9.781633131357143993e-05,7.557444273530538048e-01,9.999957897155600239e-01,-3.171025680747178866e-07,2.901818573725272604e-03,1.348281685390695771e-07,-2.559636178637739179e-01,1.428758275619804868e-02,-6.241907706629244365e-03,6.441099472284761429e-01,-3.940000029135821147e-01,-1.559173984177524702e-02,-2.559731657280482908e-01,-1.399336927969715115e-02,6.108237485066848535e-03,6.441433136549272742e-01,-3.940219873169252263e-01,1.526960612145118745e-02,0.000000000000000000e+00,0.000000000000000000e+00,0.000000000000000000e+00,4.979999999999999982e-01,2.999999999999999889e-01,0.000000000000000000e+00,5.010000000000000009e-01,0.000000000000000000e+00,0.000000000000000000e+00,0.000000000000000000e+00,4.979999999999999982e-01,-2.999999999999999889e-01,0.000000000000000000e+00,5.010000000000000009e-01,0.000000000000000000e+00,0.000000000000000000e+00,0.000000000000000000e+00
4.573705382309351530e-01,-9.781633131357143993e-05,7.558062952703996640e-01,9.999955954508080724e-01,-3.134991819950728544e-07,2.968009243199720096e-03,1.332960524524435037e-07,-2.573067105856194914e-01,1.412672678517694694e-02,-6.171860534606957160e-03,6.434195116224634692e-01,-3.920982884463844464e-01,-1.541630440279672352e-02,-2.573161900509882138e-01,-1.383264666927634667e-02,6.037821589578272127e-03,6.434525822137597828e-01,-3.921200662731418318e-01,1.509410740511743856e-02,0.000000000000000000e+00,0.000000000000000000e+00,0.000000000000000000e+00,4.979999999999999982e-01,2.999999999999999889e-01,0.000000000000000000e+00,5.010000000000000009e-01,0.000000000000000000e+00,0.000000000000000000e+00,0.000000000000000000e+00,4.979999999999999982e-01,-2.999999999999999889e-01,0.000000000000000000e+00,5.010000000000000009e-01,0.000000000000000000e+00,0.000000000000000000e+00,0.000000000000000000e+00
4.573705382309351530e-01,-9.781633131357143993e-05,7.558681631877456342e-01,9.999953968047670116e-01,-3.098957933578552484e-07,3.034199921420541873e-03,1.317639352783685541e-07,-2.586498033074651204e-01,1.396587081415584346e-02,-6.101813362584669956e-03,6.427290760164507954e-01,-3.901965739791868337e-01,-1.524086896381819829e-02,-2.586592143739281924e-01,-1.367192405885554046e-02,5.967405694089696587e-03,6.427618507725922914e-01,-3.902181452293584374e-01,1.491860868878368794e-02,0.000000000000000000e+00,0.000000000000000000e+00,0.000000000000000000e+00,4.979999999999999982e-01,3.000000000000000444e-01,0.000000000000000000e+00,5.010000000000000009e-01,0.000000000000000000e+00,0.000000000000000000e+00,0.000000000000000000e+00,4.979999999999999982e-01,-3.000000000000000444e-01,0.000000000000000000e+00,5.010000000000000009e-01,0.000000000000000000e+00,0.000000000000000000e+00,0.000000000000000000e+00
4.573705382309351530e-01,-9.781633131357143993e-05,7.559300311050916044e-01,9.999951937774351762e-01,-3.062924022104251689e-07,3.100390607517740718e-03,1.302318170369816924e-07,-2.599928960293106939e-01,1.380501484313474171e-02,-6.031766190562381884e-03,6.420386404104381217e-01,-3.882948595119892210e-01,-1.506543352483967306e-02,-2.600022386968681154e-01,-1.351120144843473252e-02,5.896989798601119312e-03,6.420711193314246890e-01,-3.883162241855749874e-01,1.474310997244993732e-02,0.000000000000000000e+00,0.000000000000000000e+00,0.000000000000000000e+00,4.979999999999999982e-01,2.999999999999999889e-01,0.000000000000000000e+00,5.010000000000000009e-01,0.000000000000000000e+00,0.000000000000000000e+00,0.000000000000000000e+00,4.979999999999999982e-01,-2.999999999999999889e-01,0.000000000000000000e+00,5.010000000000000009e-01,0.000000000000000000e+00,0.000000000000000000e+00,0.000000000000000000e+00
4.573705382309351530e-01,-9.781633131357143993e-05,7.559918990224374635e-01,9.999949863688109009e-01,-3.026890086001427689e-07,3.166581300621321149e-03,1.286996977484198830e-07,-2.613359887511562674e-01,1.364415887211363997e-02,-5.961719018540094679e-03,6.413482048044254480e-01,-3.863931450447916083e-01,-1.488999808586114956e-02,-2.613452630198080384e-01,-1.335047883801392631e-02,5.826573903112542904e-03,6.413803878902570865e-01,-3.864143031417915930e-01,1.456761125611618669e-02,0.000000000000000000e+00,0.000000000000000000e+00,0.000000000000000000e+00,4.979999999999999982e-01,2.999999999999999889e-01,0.000000000000000000e+00,5.010000000000000009e-01,0.000000000000000000e+00,0.000000000000000000e+00,0.000000000000000000e+00,4.979999999999999982e-01,-2.999999999999999889e-01,0.000000000000000000e+00,5.010000000000000009e-01,0.000000000000000000e+00,0.000000000000000000e+00,0.000000000000000000e+00
4.573705382309351530e-01,-9.781633131357143993e-05,7.560537669397832117e-01,9.999947745788931863e-01,-2.990856125743684665e-07,3.232771999861286383e-03,1.271675774328201959e-07,-2.626790814730018409e-01,1.348330290109253649e-02,-5.891671846517807475e-03,6.406577691984126632e-01,-3.844914305775939956e-01,-1.471456264688262433e-02,-2.626882873427479614e-01,-1.318975622759312009e-02,5.756158007623966497e-03,6.406896564490895951e-01,-3.845123820980081430e-01,1.439211253978243434e-02,0.000000000000000000e+00,0.000000000000000000e+00,0.000000000000000000e+00,4.979999999999999982e-01,2.999999999999999334e-01,0.000000000000000000e+00,5.010000000000000009e-01,0.000000000000000000e+00,0.000000000000000000e+00,0.000000000000000000e+00,4.979999999999999982e-01,-2.999999999999999334e-01,0.000000000000000000e+00,5.010000000000000009e-01,0.000000000000000000e+00,0.000000000000000000e+00,0.000000000000000000e+00
4.573705382309351530e-01,-9.781633131357143993e-05,7.561156348571291819e-01,9.999945584076805893e-01,-2.954822141804627853e-07,3.298962704367637035e-03,1.256354561103197543e-07,-2.640221741948474699e-01,1.332244693007143474e-02,-5.821624674495520270e-03,6.399673335924001005e-01,-3.825897161103963828e-01,-1.453912720790410083e-02,-2.640313116656879400e-01,-1.302903361717231388e-02,5.685742112135389222e-03,6.399989250079221037e-01,-3.826104610542247486e-01,1.421661382344868545e-02,0.000000000000000000e+00,0.000000000000000000e+00,0.000000000000000000e+00,4.980000000000000537e-01,2.999999999999999889e-01,0.000000000000000000e+00,5.010000000000000009e-01,0.000000000000000000e+00,0.000000000000000000e+00,0.000000000000000000e+00,4.980000000000000537e-01,-2.999999999999999889e-01,0.000000000000000000e+00,5.010000000000000009e-01,0.000000000000000000e+00,0.000000000000000000e+00,0.000000000000000000e+00
4.573705382309351530e-01,-9.781633131357143993e-05,7.561775027744749300e-01,9.999943378551723328e-01,-2.918788134657864609e-07,3.365153413270373720e-03,1.241033338010557076e-07,-2.653652669166930433e-01,1.316159095905033126e-02,-5.751577502473232198e-03,6.392768979863873158e-01,-3.806880016431987701e-01,-1.436369176892557387e-02,-2.653743359886278075e-01,-1.286831100675150594e-02,5.615326216646811947e-03,6.393081935667545013e-01,-3.807085400104412987e-01,1.404111510711493309e-02,0.000000000000000000e+00,0.000000000000000000e+00,0.000000000000000000e+00,4.979999999999999427e-01,2.999999999999999889e-01,0.000000000000000000e+00,5.010000000000000009e-01,0.000000000000000000e+00,0.000000000000000000e+00,0.000000000000000000e+00,4.979999999999999427e-01,-2.999999999999999889e-01,0.000000000000000000e+00,5.010000000000000009e-01,0.000000000000000000e+00,0.000000000000000000e+00,0.000000000000000000e+00
4.573705382309351530e-01,-9.781633131357143993e-05,7.562393706918209002e-01,9.999941129213676394e-01,-2.882754104777001759e-07,3.431344125699497486e-03,1.225712105251653642e-07,-2.667083596385386168e-01,1.300073498802922951e-02,-5.681530330450944993e-03,6.385864623803746420e-01,-3.787862871760011574e-01,-1.418825632994705037e-02,-2.667173603115677305e-01,-1.270758839633069973e-02,5.544910321158236406e-03,6.386174621255870099e-01,-3.788066189666579042e-01,1.386561639078118420e-02,0.000000000000000000e+00,0.000000000000000000e+00,0.000000000000000000e+00,4.979999999999999982e-01,2.999999999999999889e-01,0.000000000000000000e+00,5.010000000000000009e-01,0.000000000000000000e+00,0.000000000000000000e+00,0.000000000000000000e+00,4.979999999999999982e-01,-2.999999999999999889e-01,0.000000000000000000e+00,5.010000000000000009e-01,0.000000000000000000e+00,0.000000000000000000e+00,0.000000000000000000e+00
4.573705382309351530e-01,-9.781633131357143993e-05,7.563012386091667594e-01,9.999938836062657321e-01,-2.846720052635648245e-07,3.497534840785005480e-03,1.210390863027859001e-07,-2.680514523603841903e-01,1.283987901700812777e-02,-5.611483158428657789e-03,6.378960267743620793e-01,-3.768845727088034891e-01,-1.401282089096852687e-02,-2.680603846345077090e-01,-1.254686578590989178e-02,5.474494425669659999e-03,6.379267306844195184e-01,-3.769046979228745098e-01,1.369011767444743358e-02,0.000000000000000000e+00,0.000000000000000000e+00,0.000000000000000000e+00,4.979999999999999982e-01,2.999999999999999889e-01,0.000000000000000000e+00,5.010000000000000009e-01,0.000000000000000000e+00,0.000000000000000000e+00,0.000000000000000000e+00,4.979999999999999982e-01,-2.999999999999999889e-01,0.000000000000000000e+00,5.010000000000000009e-01,0.000000000000000000e+00,0.000000000000000000e+00,0.000000000000000000e+00
4.573705382309351530e-01,-9.781633131357143993e-05,7.563631065265126185e-01,9.999936499098663889e-01,-2.810685978707414600e-07,3.563725557656896581e-03,1.195069611540547296e-07,-2.693945450822297638e-01,1.267902304598702429e-02,-5.541435986406369717e-03,6.372055911683492946e-01,-3.749828582416058764e-01,-1.383738545199000164e-02,-2.694034089574475765e-01,-1.238614317548908557e-02,5.404078530181082723e-03,6.372359992432519160e-01,-3.750027768790911153e-01,1.351461895811368295e-02,0.000000000000000000e+00,0.000000000000000000e+00,0.000000000000000000e+00,4.979999999999999982e-01,2.999999999999999334e-01,0.000000000000000000e+00,5.010000000000000009e-01,0.000000000000000000e+00,0.000000000000000000e+00,0.000000000000000000e+00,4.979999999999999982e-01,-2.999999999999999334e-01,0.000000000000000000e+00,5.010000000000000009e-01,0.000000000000000000e+00,0.000000000000000000e+00,0.000000000000000000e+00
4.573705382309351530e-01,-9.781633131357143993e-05,7.564249744438585887e-01,9.999934118321691656e-01,-2.774651883465912413e-07,3.629916275445167935e-03,1.179748350991092006e-07,-2.707376378040753928e-01,1.251816707496592428e-02,-5.471388814384083379e-03,6.365151555623367319e-01,-3.730811437744082637e-01,-1.366195001301147814e-02,-2.707464332803875551e-01,-1.222542056506827936e-02,5.333662634692507183e-03,6.365452678020844246e-01,-3.731008558353077209e-01,1.333912024177993233e-02,0.000000000000000000e+00,0.000000000000000000e+00,0.000000000000000000e+00,4.980000000000000537e-01,2.999999999999999889e-01,0.000000000000000000e+00,5.010000000000000009e-01,0.000000000000000000e+00,0.000000000000000000e+00,0.000000000000000000e+00,4.980000000000000537e-01,-2.999999999999999889e-01,0.000000000000000000e+00,5.010000000000000009e-01,0.000000000000000000e+00,0.000000000000000000e+00,0.000000000000000000e+00
4.573705382309351530e-01,-9.781633131357143993e-05,7.564868423612044479e-01,9.999931693731740623e-01,-2.738617767384755923e-07,3.696106993279816687e-03,1.164427081580868068e-07,-2.720807305259209663e-01,1.235731110394481906e-02,-5.401341642361795307e-03,6.358247199563239471e-01,-3.711794293072106510e-01,-1.348651457403295117e-02,-2.720894576033274781e-01,-1.206469795464747141e-02,5.263246739203929908e-03,6.358545363609169332e-01,-3.711989347915242710e-01,1.316362152544618171e-02,0.000000000000000000e+00,0.000000000000000000e+00,0.000000000000000000e+00,4.979999999999999982e-01,2.999999999999999889e-01,0.000000000000000000e+00,5.010000000000000009e-01,0.000000000000000000e+00,0.000000000000000000e+00,0.000000000000000000e+00,4.979999999999999982e-01,-2.999999999999999889e-01,0.000000000000000000e+00,5.010000000000000009e-01,0.000000000000000000e+00,0.000000000000000000e+00,0.000000000000000000e+00
4.573705382309351530e-01,-9.781633131357143993e-05,7.565487102785503071e-01,9.999929225328811899e-01,-2.702583630937556718e-07,3.762297710290836948e-03,1.149105803511249889e-07,-2.734238232477665398e-01,1.219645513292371732e-02,-5.331294470339508103e-03,6.351342843503112734e-01,-3.692777148400130383e-01,-1.331107913505442768e-02,-2.734324819262674011e-01,-1.190397534422666520e-02,5.192830843715352633e-03,6.351638049197493308e-01,-3.692970137477408765e-01,1.298812280911243108e-02,0.000000000000000000e+00,0.000000000000000000e+00,0.000000000000000000e+00,4.979999999999999982e-01,2.999999999999999889e-01,0.000000000000000000e+00,5.010000000000000009e-01,0.000000000000000000e+00,0.000000000000000000e+00,0.000000000000000000e+00,4.979999999999999982e-01,-2.999999999999999889e-01,0.000000000000000000e+00,5.010000000000000009e-01,0.000000000000000000e+00,0.000000000000000000e+00,0.000000000000000000e+00
4.573705382309351530e-01,-9.781633131357143993e-05,7.566105781958960552e-01,9.999926713112907706e-01,-2.666549474597932214e-07,3.828488425608228031e-03,1.133784516983613598e-07,-2.747669159696121133e-01,1.203559916190261384e-02,-5.261247298317220031e-03,6.344438487442985997e-01,-3.673760003728154255e-01,-1.313564369607590245e-02,-2.747755062492073241e-01,-1.174325273380585899e-02,5.122414948226776225e-03,6.344730734785817283e-01,-3.673950927039574266e-01,1.281262409277868046e-02,0.000000000000000000e+00,0.000000000000000000e+00,0.000000000000000000e+00,4.979999999999999982e-01,2.999999999999999889e-01,0.000000000000000000e+00,5.010000000000000009e-01,0.000000000000000000e+00,0.000000000000000000e+00,0.000000000000000000e+00,4.979999999999999982e-01,-2.999999999999999889e-01,0.000000000000000000e+00,5.010000000000000009e-01,0.000000000000000000e+00,0.000000000000000000e+00,0.000000000000000000e+00
4.573705382309351530e-01,-9.781633131357143993e-05,7.566724461132420254e-01,9.999924157084030263e-01,-2.630515298839497176e-07,3.894679138361980143e-03,1.118463222199333996e-07,-2.761100086914577423e-01,1.187474319088151382e-02,-5.191200126294931959e-03,6.337534131382859259e-01,-3.654742859056178128e-01,-1.296020825709737895e-02,-2.761185305721473027e-01,-1.158253012338505278e-02,5.051999052738199818e-03,6.337823420374142369e-01,-3.654931716601740321e-01,1.263712537644492984e-02,0.000000000000000000e+00,0.000000000000000000e+00,0.000000000000000000e+00,4.979999999999999982e-01,2.999999999999999889e-01,0.000000000000000000e+00,5.010000000000000009e-01,0.000000000000000000e+00,0.000000000000000000e+00,0.000000000000000000e+00,4.979999999999999982e-01,-2.999999999999999889e-01,0.000000000000000000e+00,5.010000000000000009e-01,0.000000000000000000e+00,0.000000000000000000e+00,0.000000000000000000e+00
4.573705382309351530e-01,-9.781633131357143993e-05,7.567343140305879956e-01,9.999921557242188452e-01,-2.594481104135869018e-07,3.960869847682090862e-03,1.103141919359788404e-07,-2.774531014133033158e-01,1.171388721986041208e-02,-5.121152954272644754e-03,6.330629775322732522e-01,-3.635725714384202001e-01,-1.278477281811885545e-02,-2.774615548950871702e-01,-1.142180751296424657e-02,4.981583157249623410e-03,6.330916105962467455e-01,-3.635912506163906377e-01,1.246162666011118095e-02,0.000000000000000000e+00,0.000000000000000000e+00,0.000000000000000000e+00,4.980000000000000537e-01,2.999999999999999889e-01,0.000000000000000000e+00,5.010000000000001119e-01,0.000000000000000000e+00,0.000000000000000000e+00,0.000000000000000000e+00,4.980000000000000537e-01,-2.999999999999999889e-01,0.000000000000000000e+00,5.010000000000001119e-01,0.000000000000000000e+00,0.000000000000000000e+00,0.000000000000000000e+00
4.573705382309351530e-01,-9.781633131357143993e-05,7.567961819479337437e-01,9.999918913587387825e-01,-2.558446890960665684e-07,4.027060552698551697e-03,1.087820608666352685e-07,-2.787961941351488893e-01,1.155303124883930860e-02,-5.051105782250357550e-03,6.323725419262604674e-01,-3.616708569712225874e-01,-1.260933737914032848e-02,-2.788045792180270932e-01,-1.126108490254343862e-02,4.911167261761047002e-03,6.324008791550792541e-01,-3.616893295726071877e-01,1.228612794377742859e-02,0.000000000000000000e+00,0.000000000000000000e+00,0.000000000000000000e+00,4.979999999999999982e-01,2.999999999999999889e-01,0.000000000000000000e+00,5.010000000000000009e-01,0.000000000000000000e+00,0.000000000000000000e+00,0.000000000000000000e+00,4.979999999999999982e-01,-2.999999999999999889e-01,0.000000000000000000e+00,5.010000000000000009e-01,0.000000000000000000e+00,0.000000000000000000e+00,0.000000000000000000e+00
4.573705382309351530e-01,-9.781633131357143993e-05,7.568580498652797139e-01,9.999916226119639484e-01,-2.522412659787507234e-07,4.093251252541358493e-03,1.072499290320404817e-07,-2.801392868569945183e-01,1.139217527781820512e-02,-4.981058610228070345e-03,6.316821063202479047e-01,-3.597691425040249191e-01,-1.243390194016180499e-02,-2.801476035409670162e-01,-1.110036229212263241e-02,4.840751366272470595e-03,6.317101477139117627e-01,-3.597874085288237933e-01,1.211062922744367970e-02,0.000000000000000000e+00,0.000000000000000000e+00,0.000000000000000000e+00,4.979999999999999982e-01,2.999999999999999889e-01,0.000000000000000000e+00,5.010000000000000009e-01,0.000000000000000000e+00,0.000000000000000000e+00,0.000000000000000000e+00,4.979999999999999982e-01,-2.999999999999999889e-01,0.000000000000000000e+00,5.010000000000000009e-01,0.000000000000000000e+00,0.000000000000000000e+00,0.000000000000000000e+00
4.573705382309351530e-01,-9.781633131357143993e-05,7.569199177826256841e-01,9.999913494838953421e-01,-2.486378411090014258e-07,4.159441946340504057e-03,1.057177964523322121e-07,-2.814823795788400917e-01,1.123131930679710511e-02,-4.911011438205783140e-03,6.309916707142352310e-01,-3.578674280368273619e-01,-1.225846650118328149e-02,-2.814906278639069948e-01,-1.093963968170182793e-02,4.770335470783894187e-03,6.310194162727442713e-01,-3.578854874850403989e-01,1.193513051110992908e-02,0.000000000000000000e+00,0.000000000000000000e+00,0.000000000000000000e+00,4.979999999999999982e-01,3.000000000000000444e-01,0.000000000000000000e+00,5.010000000000000009e-01,0.000000000000000000e+00,0.000000000000000000e+00,0.000000000000000000e+00,4.979999999999999982e-01,-3.000000000000000444e-01,0.000000000000000000e+00,5.010000000000000009e-01,0.000000000000000000e+00,0.000000000000000000e+00,0.000000000000000000e+00
4.573705382309351530e-01,-9.781633131357143993e-05,7.569817856999714323e-01,9.999910719745342957e-01,-2.450344145341806816e-07,4.225632633225982066e-03,1.041856631476482577e-07,-2.828254723006856652e-01,1.107046333577600163e-02,-4.840964266183495068e-03,6.303012351082224463e-01,-3.559657135696296937e-01,-1.208303106220475626e-02,-2.828336521868469178e-01,-1.077891707128101999e-02,4.699919575295316912e-03,6.303286848315766688e-01,-3.559835664412569489e-01,1.175963179477617498e-02,0.000000000000000000e+00,0.000000000000000000e+00,0.000000000000000000e+00,4.979999999999999982e-01,2.999999999999999889e-01,0.000000000000000000e+00,5.010000000000000009e-01,0.000000000000000000e+00,0.000000000000000000e+00,0.000000000000000000e+00,4.979999999999999982e-01,-2.999999999999999889e-01,0.000000000000000000e+00,5.010000000000000009e-01,0.000000000000000000e+00,0.000000000000000000e+00,0.000000000000000000e+00
4.573705382309351530e-01,-9.781633131357143993e-05,7.570436536173172914e-01,9.999907900838822528e-01,-2.414309863016508146e-07,4.291823312327783593e-03,1.026535291381264164e-07,-2.841685650225312387e-01,1.090960736475489815e-02,-4.770917094161206996e-03,6.296107995022097725e-01,-3.540639991024320810e-01,-1.190759562322623102e-02,-2.841766765097868408e-01,-1.061819446086021204e-02,4.629503679806739637e-03,6.296379533904090664e-01,-3.540816453974735545e-01,1.158413307844242436e-02,0.000000000000000000e+00,0.000000000000000000e+00,0.000000000000000000e+00,4.979999999999999982e-01,2.999999999999999889e-01,0.000000000000000000e+00,5.010000000000000009e-01,0.000000000000000000e+00,0.000000000000000000e+00,0.000000000000000000e+00,4.979999999999999982e-01,-2.999999999999999889e-01,0.000000000000000000e+00,5.010000000000000009e-01,0.000000000000000000e+00,0.000000000000000000e+00,0.000000000000000000e+00
4.573705382309351530e-01,-9.781633131357143993e-05,7.571055215346631506e-01,9.999905038119407674e-01,-2.378275564587740956e-07,4.358013982775904051e-03,1.011213944439046717e-07,-2.855116577443768122e-01,1.074875139373379640e-02,-4.700869922138919792e-03,6.289203638961970988e-01,-3.521622846352344682e-01,-1.173216018424770579e-02,-2.855197008327267638e-01,-1.045747185043940583e-02,4.559087784318164097e-03,6.289472219492415750e-01,-3.521797243536901600e-01,1.140863436210867374e-02,0.000000000000000000e+00,0.000000000000000000e+00,0.000000000000000000e+00,4.979999999999999982e-01,2.999999999999999889e-01,0.000000000000000000e+00,5.010000000000000009e-01,0.000000000000000000e+00,0.000000000000000000e+00,0.000000000000000000e+00,4.979999999999999982e-01,-2.999999999999999889e-01,0.000000000000000000e+00,5.010000000000000009e-01,0.000000000000000000e+00,0.000000000000000000e+00,0.000000000000000000e+00
4.573705382309351530e-01,-9.781633131357143993e-05,7.571673894520091208e-01,9.999902131587117271e-01,-2.342241250529128747e-07,4.424204643700332777e-03,9.958925908512082153e-08,-2.868547504662224412e-01,1.058789542271269465e-02,-4.630822750116632587e-03,6.282299282901845361e-01,-3.502605701680368555e-01,-1.155672474526918229e-02,-2.868627251556666868e-01,-1.029674924001860135e-02,4.488671888829587689e-03,6.282564905080740836e-01,-3.502778033099067656e-01,1.123313564577492485e-02,0.000000000000000000e+00,0.000000000000000000e+00,0.000000000000000000e+00,4.979999999999999982e-01,2.999999999999999889e-01,0.000000000000000000e+00,5.010000000000000009e-01,0.000000000000000000e+00,0.000000000000000000e+00,0.000000000000000000e+00,4.979999999999999982e-01,-2.999999999999999889e-01,0.000000000000000000e+00,5.010000000000000009e-01,0.000000000000000000e+00,0.000000000000000000e+00,0.000000000000000000e+00
4.573705382309351530e-01,-9.781633131357143993e-05,7.572292573693549800e-01,9.999899181241973523e-01,-2.306206921314296873e-07,4.490395294231066918e-03,9.805712308191291542e-08,-2.881978431880680147e-01,1.042703945169159117e-02,-4.560775578094345382e-03,6.275394926841717513e-01,-3.483588557008392428e-01,-1.138128930629065706e-02,-2.882057494786066654e-01,-1.013602662959779341e-02,4.418255993341010414e-03,6.275657590669064811e-01,-3.483758822661233157e-01,1.105763692944117249e-02,0.000000000000000000e+00,0.000000000000000000e+00,0.000000000000000000e+00,4.979999999999999982e-01,2.999999999999999889e-01,0.000000000000000000e+00,5.010000000000000009e-01,0.000000000000000000e+00,0.000000000000000000e+00,0.000000000000000000e+00,4.979999999999999982e-01,-2.999999999999999889e-01,0.000000000000000000e+00,5.010000000000000009e-01,0.000000000000000000e+00,0.000000000000000000e+00,0.000000000000000000e+00
4.573705382309351530e-01,-9.781633131357143993e-05,7.572911252867008391e-01,9.999896187083993082e-01,-2.270172577416870689e-07,4.556585933498095813e-03,9.652498645441887054e-08,-2.895409359099135882e-01,1.026618348067048943e-02,-4.490728406072058178e-03,6.268490570781590776e-01,-3.464571412336415746e-01,-1.120585386731213356e-02,-2.895487738015465329e-01,-9.975304019176987197e-03,4.347840097852434874e-03,6.268750276257389897e-01,-3.464739612223398657e-01,1.088213821310742360e-02,0.000000000000000000e+00,0.000000000000000000e+00,0.000000000000000000e+00,4.979999999999999982e-01,2.999999999999999889e-01,0.000000000000000000e+00,5.010000000000000009e-01,0.000000000000000000e+00,0.000000000000000000e+00,0.000000000000000000e+00,4.979999999999999982e-01,-2.999999999999999889e-01,0.000000000000000000e+00,5.010000000000000009e-01,0.000000000000000000e+00,0.000000000000000000e+00,0.000000000000000000e+00
4.573705382309351530e-01,-9.781633131357143993e-05,7.573529932040468093e-01,9.999893149113202595e-01,-2.234138219310476345e-07,4.622776560631414872e-03,9.499284922277673638e-08,-2.908840286317592172e-01,1.010532750964938768e-02,-4.420681234049770973e-03,6.261586214721464039e-01,-3.445554267664440173e-01,-1.103041842833361007e-02,-2.908917981244865114e-01,-9.814581408756180986e-03,4.277424202363857599e-03,6.261842961845714983e-01,-3.445720401785564713e-01,1.070663949677367298e-02,0.000000000000000000e+00,0.000000000000000000e+00,0.000000000000000000e+00,4.980000000000000537e-01,3.000000000000000444e-01,0.000000000000000000e+00,5.010000000000001119e-01,0.000000000000000000e+00,0.000000000000000000e+00,0.000000000000000000e+00,4.980000000000000537e-01,-3.000000000000000444e-01,0.000000000000000000e+00,5.010000000000001119e-01,0.000000000000000000e+00,0.000000000000000000e+00,0.000000000000000000e+00
4.573705382309351530e-01,-9.781633131357143993e-05,7.574148611213925575e-01,9.999890067329624266e-01,-2.198103847468739988e-07,4.688967174761014302e-03,9.346071140712449626e-08,-2.922271213536047352e-01,9.944471538628285937e-03,-4.350634062027482901e-03,6.254681858661337301e-01,-3.426537122992463491e-01,-1.085498298935508310e-02,-2.922348224474263789e-01,-9.653858798335373040e-03,4.207008306875280323e-03,6.254935647434038959e-01,-3.426701191347730768e-01,1.053114078043992236e-02,0.000000000000000000e+00,0.000000000000000000e+00,0.000000000000000000e+00,4.979999999999999982e-01,2.999999999999999889e-01,0.000000000000000000e+00,5.010000000000000009e-01,0.000000000000000000e+00,0.000000000000000000e+00,0.000000000000000000e+00,4.979999999999999982e-01,-2.999999999999999889e-01,0.000000000000000000e+00,5.010000000000000009e-01,0.000000000000000000e+00,0.000000000000000000e+00,0.000000000000000000e+00
4.573705382309351530e-01,-9.781633131357143993e-05,7.574767290387384167e-01,9.999886941733289181e-01,-2.162069462365290943e-07,4.755157775016891249e-03,9.192857302760030558e-08,-2.935702140754503642e-01,9.783615567607180721e-03,-4.280586890005194829e-03,6.247777502601210564e-01,-3.407519978320487364e-01,-1.067954755037655787e-02,-2.935778467703663575e-01,-9.493136187914566829e-03,4.136592411386703916e-03,6.248028333022364045e-01,-3.407681980909896269e-01,1.035564206410617000e-02,0.000000000000000000e+00,0.000000000000000000e+00,0.000000000000000000e+00,4.979999999999999982e-01,2.999999999999999889e-01,0.000000000000000000e+00,5.010000000000000009e-01,0.000000000000000000e+00,0.000000000000000000e+00,0.000000000000000000e+00,4.979999999999999982e-01,-2.999999999999999889e-01,0.000000000000000000e+00,5.010000000000000009e-01,0.000000000000000000e+00,0.000000000000000000e+00,0.000000000000000000e+00
4.573705382309351530e-01,-9.781633131357143993e-05,7.575385969560843868e-01,9.999883772324221765e-01,-2.126035064473756684e-07,4.821348360529035919e-03,9.039643410434222706e-08,-2.949133067972959377e-01,9.622759596586078976e-03,-4.210539717982908492e-03,6.240873146541083827e-01,-3.388502833648511237e-01,-1.050411211139803437e-02,-2.949208710933062805e-01,-9.332413577493760617e-03,4.066176515898127508e-03,6.241121018610688020e-01,-3.388662770472062324e-01,1.018014334777242111e-02,0.000000000000000000e+00,0.000000000000000000e+00,0.000000000000000000e+00,4.979999999999999982e-01,2.999999999999999889e-01,0.000000000000000000e+00,5.010000000000000009e-01,0.000000000000000000e+00,0.000000000000000000e+00,0.000000000000000000e+00,4.979999999999999982e-01,-2.999999999999999889e-01,0.000000000000000000e+00,5.010000000000000009e-01,0.000000000000000000e+00,0.000000000000000000e+00,0.000000000000000000e+00
4.573705382309351530e-01,-9.781633131357143993e-05,7.576004648734302460e-01,9.999880559102453104e-01,-2.090000654267766005e-07,4.887538930427444590e-03,8.886429465748838963e-08,-2.962563995191415667e-01,9.461903625564977230e-03,-4.140492545960621287e-03,6.233968790480957090e-01,-3.369485688976535109e-01,-1.032867667241951087e-02,-2.962638954162462035e-01,-9.171690967072954406e-03,3.995760620409551100e-03,6.234213704199014217e-01,-3.369643560034228380e-01,1.000464463143867049e-02,0.000000000000000000e+00,0.000000000000000000e+00,0.000000000000000000e+00,4.980000000000000537e-01,2.999999999999999889e-01,0.000000000000000000e+00,5.010000000000000009e-01,0.000000000000000000e+00,0.000000000000000000e+00,0.000000000000000000e+00,4.980000000000000537e-01,-2.999999999999999889e-01,0.000000000000000000e+00,5.010000000000000009e-01,0.000000000000000000e+00,0.000000000000000000e+00,0.000000000000000000e+00
4.573705382309351530e-01,-9.781633131357143993e-05,7.576623327907759942e-01,9.999877302068016505e-01,-2.053966232220949026e-07,4.953729483842110939e-03,8.733215470717697512e-08,-2.975994922409871402e-01,9.301047654543875484e-03,-4.070445373938333215e-03,6.227064434420829242e-01,-3.350468544304558982e-01,-1.015324123344098564e-02,-2.976069197391861265e-01,-9.010968356652146460e-03,3.925344724920974693e-03,6.227306389787337082e-01,-3.350624349596393881e-01,9.829145915104919862e-03,0.000000000000000000e+00,0.000000000000000000e+00,0.000000000000000000e+00,4.979999999999999982e-01,2.999999999999999334e-01,0.000000000000000000e+00,5.010000000000000009e-01,0.000000000000000000e+00,0.000000000000000000e+00,0.000000000000000000e+00,4.979999999999999982e-01,-2.999999999999999334e-01,0.000000000000000000e+00,5.010000000000000009e-01,0.000000000000000000e+00,0.000000000000000000e+00,0.000000000000000000e+00
4.573705382309351530e-01,-9.781633131357143993e-05,7.577242007081219644e-01,9.999874001220944164e-01,-2.017931798806935865e-07,5.019920019903029509e-03,8.580001427354616540e-08,-2.989425849628327136e-01,9.140191683522773738e-03,-4.000398201916045143e-03,6.220160078360703615e-01,-3.331451399632582855e-01,-9.977805794462460409e-03,-2.989499440621260495e-01,-8.850245746231341984e-03,3.854928829432397851e-03,6.220399075375662168e-01,-3.331605139158559936e-01,9.653647198771169238e-03,0.000000000000000000e+00,0.000000000000000000e+00,0.000000000000000000e+00,4.979999999999999982e-01,2.999999999999999889e-01,0.000000000000000000e+00,5.010000000000000009e-01,0.000000000000000000e+00,0.000000000000000000e+00,0.000000000000000000e+00,4.979999999999999982e-01,-2.999999999999999889e-01,0.000000000000000000e+00,5.010000000000000009e-01,0.000000000000000000e+00,0.000000000000000000e+00,0.000000000000000000e+00
4.573705382309351530e-01,-9.781633131357143993e-05,7.577860686254678235e-01,9.999870656561271609e-01,-1.981897354499356643e-07,5.086110537740195711e-03,8.426787337673411584e-08,-3.002856776846782871e-01,8.979335712501670258e-03,-3.930351029893757939e-03,6.213255722300576878e-01,-3.312434254960606728e-01,-9.802370355483936912e-03,-3.002929683850660281e-01,-8.689523135810535773e-03,3.784512933943821877e-03,6.213491760963987254e-01,-3.312585928720725992e-01,9.478148482437420350e-03,0.000000000000000000e+00,0.000000000000000000e+00,0.000000000000000000e+00,4.979999999999999982e-01,2.999999999999999889e-01,0.000000000000000000e+00,5.010000000000000009e-01,0.000000000000000000e+00,0.000000000000000000e+00,0.000000000000000000e+00,4.979999999999999982e-01,-2.999999999999999889e-01,0.000000000000000000e+00,5.010000000000000009e-01,0.000000000000000000e+00,0.000000000000000000e+00,0.000000000000000000e+00
4.573705382309351530e-01,-9.781633131357143993e-05,7.578479365428136827e-01,9.999867268089036587e-01,-1.945862899771843066e-07,5.152301036483606690e-03,8.273573203687910093e-08,-3.016287704065238606e-01,8.818479741480566778e-03,-3.860303857871470734e-03,6.206351366240450140e-01,-3.293417110288630045e-01,-9.626934916505411680e-03,-3.016359927080058956e-01,-8.528800525389727827e-03,3.714097038455244602e-03,6.206584446552312340e-01,-3.293566718282891492e-01,9.302649766103667991e-03,0.000000000000000000e+00,0.000000000000000000e+00,0.000000000000000000e+00,4.979999999999999982e-01,2.999999999999999889e-01,0.000000000000000000e+00,5.010000000000000009e-01,0.000000000000000000e+00,0.000000000000000000e+00,0.000000000000000000e+00,4.979999999999999982e-01,-2.999999999999999889e-01,0.000000000000000000e+00,5.010000000000000009e-01,0.000000000000000000e+00,0.000000000000000000e+00,0.000000000000000000e+00
4.573705382309351530e-01,-9.781633131357143993e-05,7.579098044601595419e-01,9.999863835804275736e-01,-1.909828435098026577e-07,5.218491515263256990e-03,8.120359027411932901e-08,-3.029718631283694341e-01,8.657623770459465032e-03,-3.790256685849182662e-03,6.199447010180322293e-01,-3.274399965616653918e-01,-9.451499477526886447e-03,-3.029790170309458186e-01,-8.368077914968919881e-03,3.643681142966667327e-03,6.199677132140635205e-01,-3.274547507845056993e-01,9.127151049769915633e-03,0.000000000000000000e+00,0.000000000000000000e+00,0.000000000000000000e+00,4.979999999999999982e-01,2.999999999999999334e-01,0.000000000000000000e+00,5.010000000000000009e-01,0.000000000000000000e+00,0.000000000000000000e+00,0.000000000000000000e+00,4.979999999999999982e-01,-2.999999999999999334e-01,0.000000000000000000e+00,5.010000000000000009e-01,0.000000000000000000e+00,0.000000000000000000e+00,0.000000000000000000e+00
4.573705382309351530e-01,-9.781633131357143993e-05,7.579716723775055121e-01,9.999860359707032353e-01,-1.873793960951539678e-07,5.284681973209144623e-03,7.967144810859310103e-08,-3.043149558502150631e-01,8.496767799438363286e-03,-3.720209513826895024e-03,6.192542654120196666e-01,-3.255382820944677791e-01,-9.276064038548362950e-03,-3.043220413538857971e-01,-8.207355304548113670e-03,3.573265247478091353e-03,6.192769817728961401e-01,-3.255528297407223048e-01,8.951652333436166745e-03,0.000000000000000000e+00,0.000000000000000000e+00,0.000000000000000000e+00,4.979999999999999982e-01,2.999999999999999889e-01,0.000000000000000000e+00,5.010000000000000009e-01,0.000000000000000000e+00,0.000000000000000000e+00,0.000000000000000000e+00,4.979999999999999982e-01,-2.999999999999999889e-01,0.000000000000000000e+00,5.010000000000000009e-01,0.000000000000000000e+00,0.000000000000000000e+00,0.000000000000000000e+00
4.573705382309351530e-01,-9.781633131357143993e-05,7.580335402948513712e-01,9.999856839797347519e-01,-1.837759477806014869e-07,5.350872409451267603e-03,7.813930556043867826e-08,-3.056580485720606366e-01,8.335911828417261540e-03,-3.650162341804608253e-03,6.185638298060068818e-01,-3.236365676272701664e-01,-9.100628599569837718e-03,-3.056650656768257202e-01,-8.046632694127309193e-03,3.502849351989514946e-03,6.185862503317285377e-01,-3.236509086969389104e-01,8.776153617102416121e-03,0.000000000000000000e+00,0.000000000000000000e+00,0.000000000000000000e+00,4.979999999999999982e-01,2.999999999999999889e-01,0.000000000000000000e+00,5.010000000000000009e-01,0.000000000000000000e+00,0.000000000000000000e+00,0.000000000000000000e+00,4.979999999999999982e-01,-2.999999999999999889e-01,0.000000000000000000e+00,5.010000000000000009e-01,0.000000000000000000e+00,0.000000000000000000e+00,0.000000000000000000e+00
4.573705382309351530e-01,-9.781633131357143993e-05,7.580954082121971194e-01,9.999853276075264530e-01,-1.801724986135084918e-07,5.417062823119626544e-03,7.660716264979436165e-08,-3.070011412939062101e-01,8.175055857396156325e-03,-3.580115169782320181e-03,6.178733941999942081e-01,-3.217348531600725536e-01,-8.925193160591312486e-03,-3.070080899997656432e-01,-7.885910083706501247e-03,3.432433456500937671e-03,6.178955188905610463e-01,-3.217489876531554605e-01,8.600654900768663763e-03,0.000000000000000000e+00,0.000000000000000000e+00,0.000000000000000000e+00,4.979999999999999982e-01,2.999999999999999889e-01,0.000000000000000000e+00,5.010000000000000009e-01,0.000000000000000000e+00,0.000000000000000000e+00,0.000000000000000000e+00,4.979999999999999982e-01,-2.999999999999999889e-01,0.000000000000000000e+00,5.010000000000000009e-01,0.000000000000000000e+00,0.000000000000000000e+00,0.000000000000000000e+00
4.573705382309351530e-01,-9.781633131357143993e-05,7.581572761295430896e-01,9.999849668540831127e-01,-1.765690486412383383e-07,5.483253213344215990e-03,7.507501939679847866e-08,-3.083442340157518391e-01,8.014199886375056314e-03,-3.510067997760032976e-03,6.171829585939815344e-01,-3.198331386928749409e-01,-8.749757721612788988e-03,-3.083511143227055662e-01,-7.725187473285694169e-03,3.362017561012361697e-03,6.172047874493935549e-01,-3.198470666093721215e-01,8.425156184434913140e-03,0.000000000000000000e+00,0.000000000000000000e+00,0.000000000000000000e+00,4.979999999999999982e-01,2.999999999999999889e-01,0.000000000000000000e+00,5.010000000000000009e-01,0.000000000000000000e+00,0.000000000000000000e+00,0.000000000000000000e+00,4.979999999999999982e-01,-2.999999999999999889e-01,0.000000000000000000e+00,5.010000000000000009e-01,0.000000000000000000e+00,0.000000000000000000e+00,0.000000000000000000e+00
4.573705382309351530e-01,-9.781633131357143993e-05,7.582191440468890598e-01,9.999846017194091718e-01,-1.729655979111543297e-07,5.549443579255043495e-03,7.354287582158934346e-08,-3.096873267375974126e-01,7.853343915353952834e-03,-3.440020825737745338e-03,6.164925229879687496e-01,-3.179314242256773282e-01,-8.574322282634263756e-03,-3.096941386456454892e-01,-7.564464862864887090e-03,3.291601665523784855e-03,6.165140560082259524e-01,-3.179451455655886716e-01,8.249657468101162516e-03,0.000000000000000000e+00,0.000000000000000000e+00,0.000000000000000000e+00,4.979999999999999982e-01,2.999999999999999889e-01,0.000000000000000000e+00,5.010000000000000009e-01,0.000000000000000000e+00,0.000000000000000000e+00,0.000000000000000000e+00,4.979999999999999982e-01,-2.999999999999999889e-01,0.000000000000000000e+00,5.010000000000000009e-01,0.000000000000000000e+00,0.000000000000000000e+00,0.000000000000000000e+00
4.573705382309351530e-01,-9.781633131357143993e-05,7.582810119642349189e-01,9.999842322035097375e-01,-1.693621464706199543e-07,5.615633919982105336e-03,7.201073194430529675e-08,-3.110304194594429861e-01,7.692487944332851088e-03,-3.369973653715458133e-03,6.158020873819560759e-01,-3.160297097584796600e-01,-8.398886843655740259e-03,-3.110371629685854122e-01,-7.403742252444080879e-03,3.221185770035208014e-03,6.158233245670584610e-01,-3.160432245218052771e-01,8.074158751767411893e-03,0.000000000000000000e+00,0.000000000000000000e+00,0.000000000000000000e+00,4.979999999999999982e-01,2.999999999999999889e-01,0.000000000000000000e+00,5.010000000000000009e-01,0.000000000000000000e+00,0.000000000000000000e+00,0.000000000000000000e+00,4.979999999999999982e-01,-2.999999999999999889e-01,0.000000000000000000e+00,5.010000000000000009e-01,0.000000000000000000e+00,0.000000000000000000e+00,0.000000000000000000e+00
4.573705382309351530e-01,-9.781633131357143993e-05,7.583428798815807781e-01,9.999838583063898056e-01,-1.657586943669985416e-07,5.681824234655403864e-03,7.047858778508470564e-08,-3.123735121812885596e-01,7.531631973311749342e-03,-3.299926481693170929e-03,6.151116517759435132e-01,-3.141279952912821027e-01,-8.223451404677216761e-03,-3.123801872915253353e-01,-7.243019642023275535e-03,3.150769874546632040e-03,6.151325931258908586e-01,-3.141413034780218272e-01,7.898660035433663004e-03,0.000000000000000000e+00,0.000000000000000000e+00,0.000000000000000000e+00,4.979999999999999982e-01,2.999999999999999889e-01,0.000000000000000000e+00,5.010000000000000009e-01,0.000000000000000000e+00,0.000000000000000000e+00,0.000000000000000000e+00,4.979999999999999982e-01,-2.999999999999999889e-01,0.000000000000000000e+00,5.010000000000000009e-01,0.000000000000000000e+00,0.000000000000000000e+00,0.000000000000000000e+00
4.573705382309351530e-01,-9.781633131357143993e-05,7.584047477989266373e-01,9.999834800280549274e-01,-1.621552416476535535e-07,5.748014522404948368e-03,6.894644336406591083e-08,-3.137166049031341331e-01,7.370776002290645862e-03,-3.229879309670883290e-03,6.144212161699307284e-01,-3.122262808240844345e-01,-8.048015965698689794e-03,-3.137232116144652583e-01,-7.082297031602467589e-03,3.080353979058055199e-03,6.144418616847233672e-01,-3.122393824342384328e-01,7.723161319099910646e-03,0.000000000000000000e+00,0.000000000000000000e+00,0.000000000000000000e+00,4.979999999999999982e-01,2.999999999999999889e-01,0.000000000000000000e+00,5.010000000000000009e-01,0.000000000000000000e+00,0.000000000000000000e+00,0.000000000000000000e+00,4.979999999999999982e-01,-2.999999999999999889e-01,0.000000000000000000e+00,5.010000000000000009e-01,0.000000000000000000e+00,0.000000000000000000e+00,0.000000000000000000e+00
4.573705382309351530e-01,-9.781633131357143993e-05,7.584666157162724964e-01,9.999830973685099877e-01,-1.585517883599485314e-07,5.814204782360737726e-03,6.741429870138729267e-08,-3.150596976249797621e-01,7.209920031269544116e-03,-3.159832137648596086e-03,6.137307805639180547e-01,-3.103245663568868773e-01,-7.872580526720166297e-03,-3.150662359374052368e-01,-6.921574421181661378e-03,3.009938083569478791e-03,6.137511302435558758e-01,-3.103374613904550383e-01,7.547662602766160890e-03,0.000000000000000000e+00,0.000000000000000000e+00,0.000000000000000000e+00,4.979999999999999982e-01,2.999999999999999889e-01,0.000000000000000000e+00,5.010000000000000009e-01,0.000000000000000000e+00,0.000000000000000000e+00,0.000000000000000000e+00,4.979999999999999982e-01,-2.999999999999999889e-01,0.000000000000000000e+00,5.010000000000000009e-01,0.000000000000000000e+00,0.000000000000000000e+00,0.000000000000000000e+00
4.573705382309351530e-01,-9.781633131357143993e-05,7.585284836336183556e-01,9.999827103277610929e-01,-1.549483345512468313e-07,5.880395013652780362e-03,6.588215381718721831e-08,-3.164027903468253355e-01,7.049064060248440636e-03,-3.089784965626307580e-03,6.130403449579053810e-01,-3.084228518896892091e-01,-7.697145087741641065e-03,-3.164092602603451598e-01,-6.760851810760854300e-03,2.939522188080901516e-03,6.130603988023883844e-01,-3.084355403466715884e-01,7.372163886432409399e-03,0.000000000000000000e+00,0.000000000000000000e+00,0.000000000000000000e+00,4.979999999999999982e-01,2.999999999999999889e-01,0.000000000000000000e+00,5.010000000000000009e-01,0.000000000000000000e+00,0.000000000000000000e+00,0.000000000000000000e+00,4.979999999999999982e-01,-2.999999999999999889e-01,0.000000000000000000e+00,5.010000000000000009e-01,0.000000000000000000e+00,0.000000000000000000e+00,0.000000000000000000e+00
4.573705382309351530e-01,-9.781633131357143993e-05,7.585903515509642148e-01,9.999823189058137940e-01,-1.513448802689120474e-07,5.946585215411082093e-03,6.435000873160408136e-08,-3.177458830686709090e-01,6.888208089227339757e-03,-3.019737793604020809e-03,6.123499093518927072e-01,-3.065211374224915408e-01,-7.521709648763117567e-03,-3.177522845832850829e-01,-6.600129200340048088e-03,2.869106292592325542e-03,6.123696673612208929e-01,-3.065336193028881939e-01,7.196665170098659643e-03,0.000000000000000000e+00,0.000000000000000000e+00,0.000000000000000000e+00,4.979999999999999982e-01,2.999999999999999889e-01,0.000000000000000000e+00,5.010000000000000009e-01,0.000000000000000000e+00,0.000000000000000000e+00,0.000000000000000000e+00,4.979999999999999982e-01,-2.999999999999999889e-01,0.000000000000000000e+00,5.010000000000000009e-01,0.000000000000000000e+00,0.000000000000000000e+00,0.000000000000000000e+00
4.573705382309351530e-01,-9.781633131357143993e-05,7.586522194683100739e-01,9.999819231026741972e-01,-1.477414255603076152e-07,6.012775386765653943e-03,6.281786346477630190e-08,-3.190889757905164825e-01,6.727352118206237144e-03,-2.949690621581733604e-03,6.116594737458800335e-01,-3.046194229552939836e-01,-7.346274209784594070e-03,-3.190953089062250059e-01,-6.439406589919242745e-03,2.798690397103749134e-03,6.116789359200532905e-01,-3.046316982591047440e-01,7.021166453764909887e-03,0.000000000000000000e+00,0.000000000000000000e+00,0.000000000000000000e+00,4.979999999999999982e-01,2.999999999999999889e-01,0.000000000000000000e+00,5.010000000000000009e-01,0.000000000000000000e+00,0.000000000000000000e+00,0.000000000000000000e+00,4.979999999999999982e-01,-2.999999999999999889e-01,0.000000000000000000e+00,5.010000000000000009e-01,0.000000000000000000e+00,0.000000000000000000e+00,0.000000000000000000e+00
4.573705382309351530e-01,-9.781633131357143993e-05,7.587140873856559331e-01,9.999815229183481868e-01,-1.441379704727970494e-07,6.078965526846504333e-03,6.128571803684218089e-08,-3.204320685123621115e-01,6.566496147185134531e-03,-2.879643449559445532e-03,6.109690381398673598e-01,-3.027177084880963154e-01,-7.170838770806067970e-03,-3.204383332291649289e-01,-6.278683979498434799e-03,2.728274501615171859e-03,6.109882044788856881e-01,-3.027297772153213495e-01,6.845667737431158396e-03,0.000000000000000000e+00,0.000000000000000000e+00,0.000000000000000000e+00,4.979999999999999982e-01,2.999999999999999889e-01,0.000000000000000000e+00,5.010000000000000009e-01,0.000000000000000000e+00,0.000000000000000000e+00,0.000000000000000000e+00,4.979999999999999982e-01,-2.999999999999999889e-01,0.000000000000000000e+00,5.010000000000000009e-01,0.000000000000000000e+00,0.000000000000000000e+00,0.000000000000000000e+00
4.573705382309351530e-01,-9.781633131357143993e-05,7.587759553030019033e-01,9.999811183528422021e-01,-1.405345150537439444e-07,6.145155634783642552e-03,5.975357246794020458e-08,-3.217751612342076850e-01,6.405640176164031918e-03,-2.809596277537158328e-03,6.102786025338546860e-01,-3.008159940208987582e-01,-6.995403331827544473e-03,-3.217813575521048519e-01,-6.117961369077629455e-03,2.657858606126595885e-03,6.102974730377181967e-01,-3.008278561715379551e-01,6.670169021097408640e-03,0.000000000000000000e+00,0.000000000000000000e+00,0.000000000000000000e+00,4.979999999999999982e-01,2.999999999999999889e-01,0.000000000000000000e+00,5.010000000000000009e-01,0.000000000000000000e+00,0.000000000000000000e+00,0.000000000000000000e+00,4.979999999999999982e-01,-2.999999999999999889e-01,0.000000000000000000e+00,5.010000000000000009e-01,0.000000000000000000e+00,0.000000000000000000e+00,0.000000000000000000e+00
4.573705382309351530e-01,-9.781633131357143993e-05,7.588378232203477625e-01,9.999807094061625712e-01,-1.369310593505116562e-07,6.211345709707084828e-03,5.822142677820870042e-08,-3.231182539560532585e-01,6.244784205142929305e-03,-2.739549105514870690e-03,6.095881669278420123e-01,-2.989142795537010899e-01,-6.819967892849018373e-03,-3.231243818750447749e-01,-5.957238758656821509e-03,2.587442710638019044e-03,6.096067415965507053e-01,-2.989259351277545607e-01,6.494670304763657150e-03,0.000000000000000000e+00,0.000000000000000000e+00,0.000000000000000000e+00,4.979999999999999982e-01,2.999999999999999889e-01,0.000000000000000000e+00,5.010000000000000009e-01,0.000000000000000000e+00,0.000000000000000000e+00,0.000000000000000000e+00,4.979999999999999982e-01,-2.999999999999999889e-01,0.000000000000000000e+00,5.010000000000000009e-01,0.000000000000000000e+00,0.000000000000000000e+00,0.000000000000000000e+00
4.573705382309351530e-01,-9.781633131357143993e-05,7.588996911376936216e-01,9.999802960783163996e-01,-1.333276034104639113e-07,6.277535750746846520e-03,5.668928098778611495e-08,-3.244613466778988320e-01,6.083928234121827559e-03,-2.669501933492583485e-03,6.088977313218293386e-01,-2.970125650865035327e-01,-6.644532453870494876e-03,-3.244674061979847535e-01,-5.796516148236016165e-03,2.517026815149442202e-03,6.089160101553831028e-01,-2.970240140839711662e-01,6.319171588429907394e-03,0.000000000000000000e+00,0.000000000000000000e+00,0.000000000000000000e+00,4.979999999999999982e-01,2.999999999999999889e-01,0.000000000000000000e+00,5.010000000000000009e-01,0.000000000000000000e+00,0.000000000000000000e+00,0.000000000000000000e+00,4.979999999999999982e-01,-2.999999999999999889e-01,0.000000000000000000e+00,5.010000000000000009e-01,0.000000000000000000e+00,0.000000000000000000e+00,0.000000000000000000e+00
4.573705382309351530e-01,-9.781633131357143993e-05,7.589615590550395918e-01,9.999798783693097937e-01,-1.297241472809639864e-07,6.343725757032937784e-03,5.515713511681076899e-08,-3.258044393997444610e-01,5.923072263100724079e-03,-2.599454761470295847e-03,6.082072957158166648e-01,-2.951108506193058645e-01,-6.469097014891969644e-03,-3.258104305209246765e-01,-5.635793537815208219e-03,2.446610919660865361e-03,6.082252787142156114e-01,-2.951220930401877163e-01,6.143672872096155035e-03,0.000000000000000000e+00,0.000000000000000000e+00,0.000000000000000000e+00,4.979999999999999982e-01,2.999999999999999889e-01,0.000000000000000000e+00,5.010000000000000009e-01,0.000000000000000000e+00,0.000000000000000000e+00,0.000000000000000000e+00,4.979999999999999982e-01,-2.999999999999999889e-01,0.000000000000000000e+00,5.010000000000000009e-01,0.000000000000000000e+00,0.000000000000000000e+00,0.000000000000000000e+00
4.573705382309351530e-01,-9.781633131357143993e-05,7.590234269723854510e-01,9.999794562791503028e-01,-1.261206910093756082e-07,6.409915727695381787e-03,5.362498918542111570e-08,-3.271475321215900345e-01,5.762216292079622333e-03,-2.529407589448008208e-03,6.075168601098039911e-01,-2.932091361521082518e-01,-6.293661575913445279e-03,-3.271534548438645995e-01,-5.475070927394402008e-03,2.376195024172289387e-03,6.075345472730481200e-01,-2.932201719964042663e-01,5.968174155762405279e-03,0.000000000000000000e+00,0.000000000000000000e+00,0.000000000000000000e+00,4.979999999999999982e-01,2.999999999999999889e-01,0.000000000000000000e+00,5.010000000000000009e-01,0.000000000000000000e+00,0.000000000000000000e+00,0.000000000000000000e+00,4.979999999999999982e-01,-2.999999999999999889e-01,0.000000000000000000e+00,5.010000000000000009e-01,0.000000000000000000e+00,0.000000000000000000e+00,0.000000000000000000e+00
4.573705382309351530e-01,-9.781633131357143993e-05,7.590852948897313102e-01,9.999790298078448103e-01,-1.225172346430621325e-07,6.476105661864194757e-03,5.209284321375551560e-08,-3.284906248434356080e-01,5.601360321058521455e-03,-2.459360417425721004e-03,6.068264245037913174e-01,-2.913074216849106390e-01,-6.118226136934921781e-03,-3.284964791668045225e-01,-5.314348316973596664e-03,2.305779128683712979e-03,6.068438158318805176e-01,-2.913182509526208719e-01,5.792675439428655523e-03,0.000000000000000000e+00,0.000000000000000000e+00,0.000000000000000000e+00,4.979999999999999982e-01,2.999999999999999889e-01,0.000000000000000000e+00,5.010000000000000009e-01,0.000000000000000000e+00,0.000000000000000000e+00,0.000000000000000000e+00,4.979999999999999982e-01,-2.999999999999999889e-01,0.000000000000000000e+00,5.010000000000000009e-01,0.000000000000000000e+00,0.000000000000000000e+00,0.000000000000000000e+00
4.573705382309351530e-01,-9.781633131357143993e-05,7.591471628070771693e-01,9.999785989554007548e-01,-1.189137782293870081e-07,6.542295558669398992e-03,5.056069722195232261e-08,-3.298337175652811815e-01,5.440504350037417107e-03,-2.389313245403432932e-03,6.061359888977786436e-01,-2.894057072177129708e-01,-5.942790697956395682e-03,-3.298395034897444456e-01,-5.153625706552788718e-03,2.235363233195135704e-03,6.061530843907130262e-01,-2.894163299088374774e-01,5.617176723094904033e-03,0.000000000000000000e+00,0.000000000000000000e+00,0.000000000000000000e+00,4.979999999999999982e-01,2.999999999999999889e-01,0.000000000000000000e+00,5.010000000000000009e-01,0.000000000000000000e+00,0.000000000000000000e+00,0.000000000000000000e+00,4.979999999999999982e-01,-2.999999999999999889e-01,0.000000000000000000e+00,5.010000000000000009e-01,0.000000000000000000e+00,0.000000000000000000e+00,0.000000000000000000e+00
4.573705382309351530e-01,-9.781633131357143993e-05,7.592090307244230285e-01,9.999781637218256858e-01,-1.153103218157138292e-07,6.608485417241018525e-03,4.902855123014994357e-08,-3.311768102871268105e-01,5.279648379016316229e-03,-2.319266073381146161e-03,6.054455532917659699e-01,-2.875039927505154136e-01,-5.767355258977872184e-03,-3.311825278126844241e-01,-4.992903096131982507e-03,2.164947337706559730e-03,6.054623529495455347e-01,-2.875144088650540830e-01,5.441678006761154276e-03,0.000000000000000000e+00,0.000000000000000000e+00,0.000000000000000000e+00,4.979999999999999982e-01,2.999999999999999889e-01,0.000000000000000000e+00,5.010000000000000009e-01,0.000000000000000000e+00,0.000000000000000000e+00,0.000000000000000000e+00,4.979999999999999982e-01,-2.999999999999999889e-01,0.000000000000000000e+00,5.010000000000000009e-01,0.000000000000000000e+00,0.000000000000000000e+00,0.000000000000000000e+00
4.573705382309351530e-01,-9.781633131357143993e-05,7.592708986417688877e-01,9.999777241071271527e-01,-1.117068654494058857e-07,6.674675236709076524e-03,4.749640525848669267e-08,-3.325199030089723840e-01,5.118792407995211881e-03,-2.249218901358858089e-03,6.047551176857531852e-01,-2.856022782833177454e-01,-5.591919819999346952e-03,-3.325255521356243471e-01,-4.832180485711174561e-03,2.094531442217982889e-03,6.047716215083780433e-01,-2.856124878212706331e-01,5.266179290427401918e-03,0.000000000000000000e+00,0.000000000000000000e+00,0.000000000000000000e+00,4.979999999999999982e-01,2.999999999999999889e-01,0.000000000000000000e+00,5.010000000000000009e-01,0.000000000000000000e+00,0.000000000000000000e+00,0.000000000000000000e+00,4.979999999999999982e-01,-2.999999999999999889e-01,0.000000000000000000e+00,5.010000000000000009e-01,0.000000000000000000e+00,0.000000000000000000e+00,0.000000000000000000e+00
4.573705382309351530e-01,-9.781633131357143993e-05,7.593327665591147468e-01,9.999772801113130383e-01,-1.081034091778266792e-07,6.740865016203598757e-03,4.596425932710095029e-08,-3.338629957308179019e-01,4.957936436974111002e-03,-2.179171729336570884e-03,6.040646820797405114e-01,-2.837005638161201881e-01,-5.416484381020822587e-03,-3.338685764585642146e-01,-4.671457875290369217e-03,2.024115546729406048e-03,6.040808900672104409e-01,-2.837105667774871831e-01,5.090680574093652162e-03,0.000000000000000000e+00,0.000000000000000000e+00,0.000000000000000000e+00,4.979999999999999982e-01,2.999999999999999889e-01,0.000000000000000000e+00,5.010000000000000009e-01,0.000000000000000000e+00,0.000000000000000000e+00,0.000000000000000000e+00,4.979999999999999982e-01,-2.999999999999999889e-01,0.000000000000000000e+00,5.010000000000000009e-01,0.000000000000000000e+00,0.000000000000000000e+00,0.000000000000000000e+00
4.573705382309351530e-01,-9.781633131357143993e-05,7.593946344764607170e-01,9.999768317343915580e-01,-1.044999530483395657e-07,6.807054754854617931e-03,4.443211345613105048e-08,-3.352060884526635309e-01,4.797080465953007522e-03,-2.109124557314283246e-03,6.033742464737278377e-01,-2.817988493489225199e-01,-5.241048942042297355e-03,-3.352116007815041376e-01,-4.510735264869561272e-03,1.953699651240829206e-03,6.033901586260428385e-01,-2.818086457337037887e-01,4.915181857759900672e-03,0.000000000000000000e+00,0.000000000000000000e+00,0.000000000000000000e+00,4.979999999999999982e-01,2.999999999999999889e-01,0.000000000000000000e+00,5.010000000000000009e-01,0.000000000000000000e+00,0.000000000000000000e+00,0.000000000000000000e+00,4.979999999999999982e-01,-2.999999999999999889e-01,0.000000000000000000e+00,5.010000000000000009e-01,0.000000000000000000e+00,0.000000000000000000e+00,0.000000000000000000e+00
4.573705382309351530e-01,-9.781633131357143993e-05,7.594565023938065762e-01,9.999763789763705946e-01,-1.008964971083079145e-07,6.873244451792159815e-03,4.289996766571531407e-08,-3.365491811745091044e-01,4.636224494931905776e-03,-2.039077385291996041e-03,6.026838108677151640e-01,-2.798971348817249072e-01,-5.065613503063772990e-03,-3.365546251044440607e-01,-4.350012654448755928e-03,1.883283755752252799e-03,6.026994271848753471e-01,-2.799067246899203942e-01,4.739683141426150915e-03,0.000000000000000000e+00,0.000000000000000000e+00,0.000000000000000000e+00,4.979999999999999982e-01,2.999999999999999889e-01,0.000000000000000000e+00,5.010000000000000009e-01,0.000000000000000000e+00,0.000000000000000000e+00,0.000000000000000000e+00,4.979999999999999982e-01,-2.999999999999999889e-01,0.000000000000000000e+00,5.010000000000000009e-01,0.000000000000000000e+00,0.000000000000000000e+00,0.000000000000000000e+00
4.573705382309351530e-01,-9.781633131357143993e-05,7.595183703111524354e-01,9.999759218372586966e-01,-9.729304140509505510e-08,6.939434106146259718e-03,4.136782197599205524e-08,-3.378922738963546779e-01,4.475368523910804031e-03,-1.969030213269708837e-03,6.019933752617024902e-01,-2.779954204145272945e-01,-4.890178064085249493e-03,-3.378976494273840392e-01,-4.189290044027949717e-03,1.812867860263676608e-03,6.020086957437078556e-01,-2.780048036461369998e-01,4.564184425092401159e-03,0.000000000000000000e+00,0.000000000000000000e+00,0.000000000000000000e+00,4.979999999999999982e-01,2.999999999999999889e-01,0.000000000000000000e+00,5.010000000000000009e-01,0.000000000000000000e+00,0.000000000000000000e+00,0.000000000000000000e+00,4.979999999999999982e-01,-2.999999999999999889e-01,0.000000000000000000e+00,5.010000000000000009e-01,0.000000000000000000e+00,0.000000000000000000e+00,0.000000000000000000e+00
4.573705382309351530e-01,-9.781633131357143993e-05,7.595802382284982945e-01,9.999754603170644129e-01,-9.368958598606425088e-08,7.005623717046955551e-03,3.983567640709956174e-08,-3.392353666182003069e-01,4.314512552889700550e-03,-1.898983041247420981e-03,6.013029396556898165e-01,-2.760937059473296817e-01,-4.714742625106724261e-03,-3.392406737503239622e-01,-4.028567433607141771e-03,1.742451964775099549e-03,6.013179643025403642e-01,-2.761028826023535498e-01,4.388685708758648801e-03,0.000000000000000000e+00,0.000000000000000000e+00,0.000000000000000000e+00,4.979999999999999982e-01,2.999999999999999889e-01,0.000000000000000000e+00,5.010000000000000009e-01,0.000000000000000000e+00,0.000000000000000000e+00,0.000000000000000000e+00,4.979999999999999982e-01,-2.999999999999999889e-01,0.000000000000000000e+00,5.010000000000000009e-01,0.000000000000000000e+00,0.000000000000000000e+00,0.000000000000000000e+00
4.573705382309351530e-01,-9.781633131357143993e-05,7.596421061458441537e-01,9.999749944157964032e-01,-9.008613089857879172e-08,7.071813283624280889e-03,3.830353097917612790e-08,-3.405784593400458804e-01,4.153656581868598804e-03,-1.828935869225133560e-03,6.006125040496771428e-01,-2.741919914801320690e-01,-4.539307186128199896e-03,-3.405836980732638852e-01,-3.867844823186336427e-03,1.672036069286523359e-03,6.006272328613727618e-01,-2.742009615585701554e-01,4.213186992424899045e-03,0.000000000000000000e+00,0.000000000000000000e+00,0.000000000000000000e+00,4.979999999999999982e-01,2.999999999999999889e-01,0.000000000000000000e+00,5.010000000000000009e-01,0.000000000000000000e+00,0.000000000000000000e+00,0.000000000000000000e+00,4.979999999999999982e-01,-2.999999999999999889e-01,0.000000000000000000e+00,5.010000000000000009e-01,0.000000000000000000e+00,0.000000000000000000e+00,0.000000000000000000e+00
4.573705382309351530e-01,-9.781633131357143993e-05,7.597039740631900129e-01,9.999745241334635493e-01,-8.648267619000180863e-08,7.138002805008275380e-03,3.677138571235999514e-08,-3.419215520618915094e-01,3.992800610847496191e-03,-1.758888697202845705e-03,5.999220684436644691e-01,-2.722902770129344008e-01,-4.363871747149674664e-03,-3.419267223962038083e-01,-3.707122212765528915e-03,1.601620173797946300e-03,5.999365014202052704e-01,-2.722990405147867055e-01,4.037688276091147555e-03,0.000000000000000000e+00,0.000000000000000000e+00,0.000000000000000000e+00,4.979999999999999982e-01,2.999999999999999889e-01,0.000000000000000000e+00,5.010000000000000009e-01,0.000000000000000000e+00,0.000000000000000000e+00,0.000000000000000000e+00,4.979999999999999982e-01,-2.999999999999999889e-01,0.000000000000000000e+00,5.010000000000000009e-01,0.000000000000000000e+00,0.000000000000000000e+00,0.000000000000000000e+00
4.573705382309351530e-01,-9.781633131357143993e-05,7.597658419805358720e-01,9.999740494700749549e-01,-8.287922190769653852e-08,7.204192280328982137e-03,3.523924062678942472e-08,-3.432646447837370829e-01,3.831944639826394012e-03,-1.688841525180558500e-03,5.992316328376517953e-01,-2.703885625457368436e-01,-4.188436308171150299e-03,-3.432697467191437313e-01,-3.546399602344723137e-03,1.531204278309369893e-03,5.992457699790376680e-01,-2.703971194710033110e-01,3.862189559757397798e-03,0.000000000000000000e+00,0.000000000000000000e+00,0.000000000000000000e+00,4.979999999999999982e-01,2.999999999999999889e-01,0.000000000000000000e+00,5.010000000000000009e-01,0.000000000000000000e+00,0.000000000000000000e+00,0.000000000000000000e+00,4.979999999999999982e-01,-2.999999999999999889e-01,0.000000000000000000e+00,5.010000000000000009e-01,0.000000000000000000e+00,0.000000000000000000e+00,0.000000000000000000e+00
4.573705382309351530e-01,-9.781633131357143993e-05,7.598277098978817312e-01,9.999735704256398350e-01,-7.927576809902608597e-08,7.270381708716445145e-03,3.370709574260263157e-08,-3.446077375055826564e-01,3.671088668805292700e-03,-1.618794353158271512e-03,5.985411972316391216e-01,-2.684868480785392308e-01,-4.013000869192626802e-03,-3.446127710420837098e-01,-3.385676991923916926e-03,1.460788382820793702e-03,5.985550385378701765e-01,-2.684951984272199166e-01,3.686690843423648042e-03,0.000000000000000000e+00,0.000000000000000000e+00,0.000000000000000000e+00,4.979999999999999982e-01,2.999999999999999889e-01,0.000000000000000000e+00,5.010000000000000009e-01,0.000000000000000000e+00,0.000000000000000000e+00,0.000000000000000000e+00,4.979999999999999982e-01,-2.999999999999999889e-01,0.000000000000000000e+00,5.010000000000000009e-01,0.000000000000000000e+00,0.000000000000000000e+00,0.000000000000000000e+00
4.573705382309351530e-01,-9.781633131357143993e-05,7.598895778152277014e-01,9.999730870001676264e-01,-7.567231481135344964e-08,7.336571089300711855e-03,3.217495107993779755e-08,-3.459508302274282299e-01,3.510232697784189219e-03,-1.548747181135983657e-03,5.978507616256264479e-01,-2.665851336113415626e-01,-3.837565430214101569e-03,-3.459557953650236328e-01,-3.224954381503109414e-03,1.390372487332216644e-03,5.978643070967025741e-01,-2.665932773834365221e-01,3.511192127089896552e-03,0.000000000000000000e+00,0.000000000000000000e+00,0.000000000000000000e+00,4.979999999999999982e-01,2.999999999999999889e-01,0.000000000000000000e+00,5.010000000000000009e-01,0.000000000000000000e+00,0.000000000000000000e+00,0.000000000000000000e+00,4.979999999999999982e-01,-2.999999999999999889e-01,0.000000000000000000e+00,5.010000000000000009e-01,0.000000000000000000e+00,0.000000000000000000e+00,0.000000000000000000e+00
4.573705382309351530e-01,-9.781633131357143993e-05,7.599514457325735606e-01,9.999725991936679881e-01,-7.206886209204172086e-08,7.402760421211832323e-03,3.064280665893313759e-08,-3.472939229492738034e-01,3.349376726763087474e-03,-1.478700009113696236e-03,5.971603260196136631e-01,-2.646834191441439499e-01,-3.662129991235577638e-03,-3.472988196879635003e-01,-3.064231771082303636e-03,1.319956591843640453e-03,5.971735756555350827e-01,-2.646913563396531277e-01,3.335693410756146362e-03,0.000000000000000000e+00,0.000000000000000000e+00,0.000000000000000000e+00,4.979999999999999982e-01,2.999999999999999889e-01,0.000000000000000000e+00,5.010000000000000009e-01,0.000000000000000000e+00,0.000000000000000000e+00,0.000000000000000000e+00,4.979999999999999982e-01,-2.999999999999999889e-01,0.000000000000000000e+00,5.010000000000000009e-01,0.000000000000000000e+00,0.000000000000000000e+00,0.000000000000000000e+00
4.573705382309351530e-01,-9.781633131357143993e-05,7.600133136499194197e-01,9.999721070061504680e-01,-6.846540998845376597e-08,7.468949703579858337e-03,2.911066249972675746e-08,-3.486370156711194324e-01,3.188520755741983993e-03,-1.408652837091408381e-03,5.964698904136009894e-01,-2.627817046769463372e-01,-3.486694552257051972e-03,-3.486418440109034789e-01,-2.903509160661496124e-03,1.249540696355063395e-03,5.964828442143675913e-01,-2.627894352958696222e-01,3.160194694422394437e-03,0.000000000000000000e+00,0.000000000000000000e+00,0.000000000000000000e+00,4.979999999999999982e-01,2.999999999999999889e-01,0.000000000000000000e+00,5.010000000000000009e-01,0.000000000000000000e+00,0.000000000000000000e+00,0.000000000000000000e+00,4.979999999999999982e-01,-2.999999999999999889e-01,0.000000000000000000e+00,5.010000000000000009e-01,0.000000000000000000e+00,0.000000000000000000e+00,0.000000000000000000e+00
4.573705382309351530e-01,-9.781633131357143993e-05,7.600751815672652789e-01,9.999716104376249470e-01,-6.486195854795253070e-08,7.535138935534839953e-03,2.757851862245681913e-08,-3.499801083929650058e-01,3.027664784720882248e-03,-1.338605665069121393e-03,5.957794548075884267e-01,-2.608799902097487244e-01,-3.311259113278528475e-03,-3.499848683338433464e-01,-2.742786550240690346e-03,1.179124800866486987e-03,5.957921127731999889e-01,-2.608875142520862278e-01,2.984695978088644681e-03,0.000000000000000000e+00,0.000000000000000000e+00,0.000000000000000000e+00,4.979999999999999982e-01,2.999999999999999889e-01,0.000000000000000000e+00,5.010000000000000009e-01,0.000000000000000000e+00,0.000000000000000000e+00,0.000000000000000000e+00,4.979999999999999982e-01,-2.999999999999999889e-01,0.000000000000000000e+00,5.010000000000000009e-01,0.000000000000000000e+00,0.000000000000000000e+00,0.000000000000000000e+00
4.573705382309351530e-01,-9.781633131357143993e-05,7.601370494846111381e-01,9.999711094881018614e-01,-6.125850781790078875e-08,7.601328116206840235e-03,2.604637504726139528e-08,-3.513232011148106348e-01,2.866808813699779201e-03,-1.268558493046833321e-03,5.950890192015756419e-01,-2.589782757425510562e-01,-3.135823674300002809e-03,-3.513278926567833249e-01,-2.582063939819882400e-03,1.108708905377910146e-03,5.951013813320324974e-01,-2.589855932083028334e-01,2.809197261754893191e-03,0.000000000000000000e+00,0.000000000000000000e+00,0.000000000000000000e+00,4.979999999999999982e-01,2.999999999999999889e-01,0.000000000000000000e+00,5.010000000000000009e-01,0.000000000000000000e+00,0.000000000000000000e+00,0.000000000000000000e+00,4.979999999999999982e-01,-2.999999999999999889e-01,0.000000000000000000e+00,5.010000000000000009e-01,0.000000000000000000e+00,0.000000000000000000e+00,0.000000000000000000e+00
4.573705382309351530e-01,-9.781633131357143993e-05,7.601989174019569973e-01,9.999706041575912030e-01,-5.765505784566137335e-08,7.667517244725915310e-03,2.451423179427858174e-08,-3.526662938366562083e-01,2.705952842678677455e-03,-1.198511321024546116e-03,5.943985835955629682e-01,-2.570765612753534990e-01,-2.960388235321478878e-03,-3.526709169797233034e-01,-2.421341329399076623e-03,1.038293009889333738e-03,5.944106498908650060e-01,-2.570836721645194389e-01,2.633698545421143435e-03,0.000000000000000000e+00,0.000000000000000000e+00,0.000000000000000000e+00,4.979999999999999982e-01,2.999999999999999889e-01,0.000000000000000000e+00,5.010000000000000009e-01,0.000000000000000000e+00,0.000000000000000000e+00,0.000000000000000000e+00,4.979999999999999982e-01,-2.999999999999999889e-01,0.000000000000000000e+00,5.010000000000000009e-01,0.000000000000000000e+00,0.000000000000000000e+00,0.000000000000000000e+00
4.573705382309351530e-01,-9.781633131357143993e-05,7.602607853193028564e-01,9.999700944461034080e-01,-5.405160867859691263e-08,7.733706320222128242e-03,2.298208888364640153e-08,-3.540093865585017818e-01,2.545096871657575709e-03,-1.128464149002258912e-03,5.937081479895502945e-01,-2.551748468081558863e-01,-2.784952796342954947e-03,-3.540139413026631710e-01,-2.260618718978270845e-03,9.678771144007574387e-04,5.937199184496975146e-01,-2.551817511207360445e-01,2.458199829087393679e-03,0.000000000000000000e+00,0.000000000000000000e+00,0.000000000000000000e+00,4.979999999999999982e-01,2.999999999999999889e-01,0.000000000000000000e+00,5.010000000000000009e-01,0.000000000000000000e+00,0.000000000000000000e+00,0.000000000000000000e+00,4.979999999999999982e-01,-2.999999999999999889e-01,0.000000000000000000e+00,5.010000000000000009e-01,0.000000000000000000e+00,0.000000000000000000e+00,0.000000000000000000e+00
4.573705382309351530e-01,-9.781633131357143993e-05,7.603226532366487156e-01,9.999695803536493566e-01,-5.044816036406999496e-08,7.799895341825549902e-03,2.144994633550285453e-08,-3.553524792803473553e-01,2.384240900636472229e-03,-1.058416976979971056e-03,5.930177123835376207e-01,-2.532731323409582180e-01,-2.609517357364429281e-03,-3.553569656256030940e-01,-2.099896108557463333e-03,8.974612189121804889e-04,5.930291870085299122e-01,-2.532798300769525945e-01,2.282701112753642188e-03,0.000000000000000000e+00,0.000000000000000000e+00,0.000000000000000000e+00,4.979999999999999982e-01,2.999999999999999889e-01,0.000000000000000000e+00,5.010000000000000009e-01,0.000000000000000000e+00,0.000000000000000000e+00,0.000000000000000000e+00,4.979999999999999982e-01,-2.999999999999999889e-01,0.000000000000000000e+00,5.010000000000000009e-01,0.000000000000000000e+00,0.000000000000000000e+00,0.000000000000000000e+00
4.573705382309351530e-01,-9.781633131357143993e-05,7.603845211539945748e-01,9.999690618802394848e-01,-4.684471294944322861e-08,7.866084308666242489e-03,1.991780416998594060e-08,-3.566955720021929288e-01,2.223384929615370917e-03,-9.883698049576840686e-04,5.923272767775249470e-01,-2.513714178737606053e-01,-2.434081918385905784e-03,-3.566999899485430170e-01,-1.939173498136657122e-03,8.270453234236041897e-04,5.923384555673623098e-01,-2.513779090331692001e-01,2.107202396419891564e-03,0.000000000000000000e+00,0.000000000000000000e+00,0.000000000000000000e+00,4.979999999999999982e-01,2.999999999999999889e-01,0.000000000000000000e+00,5.010000000000000009e-01,0.000000000000000000e+00,0.000000000000000000e+00,0.000000000000000000e+00,4.979999999999999982e-01,-2.999999999999999889e-01,0.000000000000000000e+00,5.010000000000000009e-01,0.000000000000000000e+00,0.000000000000000000e+00,0.000000000000000000e+00
4.573705382309351530e-01,-9.781633131357143993e-05,7.604463890713405450e-01,9.999685390258850060e-01,-4.324126648207898360e-08,7.932273219874280343e-03,1.838566240723357029e-08,-3.580386647240385023e-01,2.062528958594267436e-03,-9.183226329353959966e-04,5.916368411715122733e-01,-2.494697034065629926e-01,-2.258646479407380118e-03,-3.580430142714829400e-01,-1.778450887715849827e-03,7.566294279350271315e-04,5.916477241261948183e-01,-2.494759879893857779e-01,1.931703680086140290e-03,0.000000000000000000e+00,0.000000000000000000e+00,0.000000000000000000e+00,4.979999999999999982e-01,2.999999999999999889e-01,0.000000000000000000e+00,5.010000000000000009e-01,0.000000000000000000e+00,0.000000000000000000e+00,0.000000000000000000e+00,4.979999999999999982e-01,-2.999999999999999889e-01,0.000000000000000000e+00,5.010000000000000009e-01,0.000000000000000000e+00,0.000000000000000000e+00,0.000000000000000000e+00
4.573705382309351530e-01,-9.781633131357143993e-05,7.605082569886864041e-01,9.999680117905971333e-01,-3.963782100933971598e-08,7.998462074579736070e-03,1.685352106738368722e-08,-3.593817574458840758e-01,1.901672987573165691e-03,-8.482754609131087919e-04,5.909464055654995995e-01,-2.475679889393653799e-01,-2.083211040428856187e-03,-3.593860385944229185e-01,-1.617728277295043832e-03,6.862135324464508322e-04,5.909569926850273269e-01,-2.475740669456023557e-01,1.756204963752390318e-03,0.000000000000000000e+00,0.000000000000000000e+00,0.000000000000000000e+00,4.979999999999999982e-01,2.999999999999999889e-01,0.000000000000000000e+00,5.010000000000000009e-01,0.000000000000000000e+00,0.000000000000000000e+00,0.000000000000000000e+00,4.979999999999999982e-01,-2.999999999999999889e-01,0.000000000000000000e+00,5.010000000000000009e-01,0.000000000000000000e+00,0.000000000000000000e+00,0.000000000000000000e+00
4.573705382309351530e-01,-9.781633131357143993e-05,7.605701249060322633e-01,9.999674801743868580e-01,-3.603437657858763695e-08,8.064650871912689215e-03,1.532138017057412912e-08,-3.607248501677297048e-01,1.740817016552062210e-03,-7.782282888908209368e-04,5.902559699594869258e-01,-2.456662744721677671e-01,-1.907775601450330521e-03,-3.607290629173628416e-01,-1.457005666874236103e-03,6.157976369578737740e-04,5.902662612438597245e-01,-2.456721459018189613e-01,1.580706247418638610e-03,0.000000000000000000e+00,0.000000000000000000e+00,0.000000000000000000e+00,4.979999999999999982e-01,2.999999999999999889e-01,0.000000000000000000e+00,5.010000000000000009e-01,0.000000000000000000e+00,0.000000000000000000e+00,0.000000000000000000e+00,4.979999999999999982e-01,-2.999999999999999889e-01,0.000000000000000000e+00,5.010000000000000009e-01,0.000000000000000000e+00,0.000000000000000000e+00,0.000000000000000000e+00
4.573705382309351530e-01,-9.781633131357143993e-05,7.606319928233781225e-01,9.999669441772657263e-01,-3.243093323718501066e-08,8.130839611003219322e-03,1.378923973694275361e-08,-3.620679428895752783e-01,1.579961045530960681e-03,-7.081811168685337322e-04,5.895655343534742521e-01,-2.437645600049701544e-01,-1.732340162471807023e-03,-3.620720872403027646e-01,-1.296283056453430326e-03,5.453817414692975832e-04,5.895755298026922331e-01,-2.437702248580355391e-01,1.405207531084888854e-03,0.000000000000000000e+00,0.000000000000000000e+00,0.000000000000000000e+00,4.979999999999999982e-01,2.999999999999999889e-01,0.000000000000000000e+00,5.010000000000000009e-01,0.000000000000000000e+00,0.000000000000000000e+00,0.000000000000000000e+00,4.979999999999999982e-01,-2.999999999999999889e-01,0.000000000000000000e+00,5.010000000000000009e-01,0.000000000000000000e+00,0.000000000000000000e+00,0.000000000000000000e+00
4.573705382309351530e-01,-9.781633131357143993e-05,7.606938607407240927e-01,9.999664037992455068e-01,-2.882749103249392921e-08,8.197028290981411142e-03,1.225709978662734713e-08,-3.634110356114208518e-01,1.419105074509858936e-03,-6.381339448462466360e-04,5.888750987474615783e-01,-2.418628455377725139e-01,-1.556904723493283092e-03,-3.634151115632426876e-01,-1.135560446032624548e-03,4.749658459807212839e-04,5.888847983615247417e-01,-2.418683038142521446e-01,1.229708814751139098e-03,0.000000000000000000e+00,0.000000000000000000e+00,0.000000000000000000e+00,4.979999999999999982e-01,2.999999999999999889e-01,0.000000000000000000e+00,5.010000000000000009e-01,0.000000000000000000e+00,0.000000000000000000e+00,0.000000000000000000e+00,4.979999999999999982e-01,-2.999999999999999889e-01,0.000000000000000000e+00,5.010000000000000009e-01,0.000000000000000000e+00,0.000000000000000000e+00,0.000000000000000000e+00
4.573705382309351530e-01,-9.781633131357143993e-05,7.607557286580699518e-01,9.999658590403381897e-01,-2.522405001187634571e-08,8.263216910977352891e-03,1.072496033976564320e-08,-3.647541283332664253e-01,1.258249103488755672e-03,-5.680867728239586724e-04,5.881846631414489046e-01,-2.399611310705749012e-01,-1.381469284514757426e-03,-3.647581358861826106e-01,-9.748378356118168192e-04,4.045499504921442257e-04,5.881940669203571392e-01,-2.399663827704686947e-01,1.054210098417387173e-03,0.000000000000000000e+00,0.000000000000000000e+00,0.000000000000000000e+00,4.979999999999999982e-01,2.999999999999999889e-01,0.000000000000000000e+00,5.010000000000000009e-01,0.000000000000000000e+00,0.000000000000000000e+00,0.000000000000000000e+00,4.979999999999999982e-01,-2.999999999999999889e-01,0.000000000000000000e+00,5.010000000000000009e-01,0.000000000000000000e+00,0.000000000000000000e+00,0.000000000000000000e+00
4.573705382309351530e-01,-9.781633131357143993e-05,7.608175965754158110e-01,9.999653099005554324e-01,-2.162061022269425299e-08,8.329405470121132790e-03,9.192821416495380317e-09,-3.660972210551120543e-01,1.097393132467653926e-03,-4.980396008016714678e-04,5.874942275354362309e-01,-2.380594166033772885e-01,-1.206033845536233712e-03,-3.661011602091225892e-01,-8.141152251910110417e-04,3.341340550035679265e-04,5.875033354791896478e-01,-2.380644617266852725e-01,8.787113820836374174e-04,0.000000000000000000e+00,0.000000000000000000e+00,0.000000000000000000e+00,4.979999999999999982e-01,2.999999999999999889e-01,0.000000000000000000e+00,5.010000000000000009e-01,0.000000000000000000e+00,0.000000000000000000e+00,0.000000000000000000e+00,4.979999999999999982e-01,-2.999999999999999889e-01,0.000000000000000000e+00,5.010000000000000009e-01,0.000000000000000000e+00,0.000000000000000000e+00,0.000000000000000000e+00
4.573705382309351530e-01,-9.781633131357143993e-05,7.608794644927617812e-01,9.999647563799094474e-01,-1.801717171230937919e-08,8.395593967542842526e-03,7.660683036954199344e-09,-3.674403137769576277e-01,9.365371614465504459e-04,-4.279924287793836126e-04,5.868037919294235571e-01,-2.361577021361796480e-01,-1.030598406557708046e-03,-3.674441845320625122e-01,-6.533926147702034211e-04,2.637181595149908683e-04,5.868126040380221564e-01,-2.361625406829018503e-01,7.032126657498857097e-04,0.000000000000000000e+00,0.000000000000000000e+00,0.000000000000000000e+00,4.979999999999999982e-01,2.999999999999999889e-01,0.000000000000000000e+00,5.010000000000000009e-01,0.000000000000000000e+00,0.000000000000000000e+00,0.000000000000000000e+00,4.979999999999999982e-01,-2.999999999999999889e-01,0.000000000000000000e+00,5.010000000000000009e-01,0.000000000000000000e+00,0.000000000000000000e+00,0.000000000000000000e+00
4.573705382309351530e-01,-9.781633131357143993e-05,7.609413324101076403e-01,9.999641984784128912e-01,-1.441373452808351696e-08,8.461782402372587664e-03,6.128545221279756048e-09,-3.687834064988032012e-01,7.756811904254489170e-04,-3.579452567570964622e-04,5.861133563234107724e-01,-2.342559876689820630e-01,-8.551629675791842236e-04,-3.687872088550024352e-01,-4.926700043493975351e-04,1.933022640264146232e-04,5.861218725968546650e-01,-2.342606196391184559e-01,5.277139494161358453e-04,0.000000000000000000e+00,0.000000000000000000e+00,0.000000000000000000e+00,4.979999999999999982e-01,2.999999999999999889e-01,0.000000000000000000e+00,5.010000000000000009e-01,0.000000000000000000e+00,0.000000000000000000e+00,0.000000000000000000e+00,4.979999999999999982e-01,-2.999999999999999889e-01,0.000000000000000000e+00,5.010000000000000009e-01,0.000000000000000000e+00,0.000000000000000000e+00,0.000000000000000000e+00
4.573705382309351530e-01,-9.781633131357143993e-05,7.610032003274534995e-01,9.999636361960778652e-01,-1.081029871737821907e-08,8.527970773740459892e-03,4.596407989609608587e-09,-3.701264992206487747e-01,6.148252194043472797e-04,-2.878980847348093118e-04,5.854229207173980987e-01,-2.323542732017844503e-01,-6.797275286006605093e-04,-3.701302331779423027e-01,-3.319473939285917034e-04,1.228863685378383511e-04,5.854311411556870626e-01,-2.323586985953350614e-01,3.522152330823860892e-04,0.000000000000000000e+00,0.000000000000000000e+00,0.000000000000000000e+00,4.979999999999999982e-01,2.999999999999999889e-01,0.000000000000000000e+00,5.010000000000000009e-01,0.000000000000000000e+00,0.000000000000000000e+00,0.000000000000000000e+00,4.979999999999999982e-01,-2.999999999999999889e-01,0.000000000000000000e+00,5.010000000000000009e-01,0.000000000000000000e+00,0.000000000000000000e+00,0.000000000000000000e+00
4.573705382309351530e-01,-9.781633131357143993e-05,7.610650682447993587e-01,9.999630695329173591e-01,-7.206864327554939023e-09,8.594159080776571716e-03,3.064271362081274171e-09,-3.714695919424944037e-01,4.539692483832437992e-04,-2.178509127125213482e-04,5.847324851113854249e-01,-2.304525587345868098e-01,-5.042920896221348434e-04,-3.714732575008822812e-01,-1.712247835077840828e-04,5.247047304926131996e-05,5.847404097145194601e-01,-2.304567775515516392e-01,1.767165167486343545e-04,0.000000000000000000e+00,0.000000000000000000e+00,0.000000000000000000e+00,4.979999999999999982e-01,2.999999999999999889e-01,0.000000000000000000e+00,5.010000000000000009e-01,0.000000000000000000e+00,0.000000000000000000e+00,0.000000000000000000e+00,4.979999999999999982e-01,-2.999999999999999889e-01,0.000000000000000000e+00,5.010000000000000009e-01,0.000000000000000000e+00,0.000000000000000000e+00,0.000000000000000000e+00
4.573705382309351530e-01,-9.781633131357143993e-05,7.611269361621452179e-01,9.999624984889442514e-01,-3.603431405975127436e-09,8.660347322611026966e-03,1.532135358832266084e-09,-3.728126846643399772e-01,2.931132773621421619e-04,-1.478037406902341978e-04,5.840420495053727512e-01,-2.285508442673891971e-01,-3.288566506436110749e-04,-3.728162818238222043e-01,-1.050217308697819684e-05,-1.794542243931496574e-05,5.840496782733519687e-01,-2.285548565077682170e-01,1.217800414884517152e-06,0.000000000000000000e+00,0.000000000000000000e+00,0.000000000000000000e+00,4.979999999999999982e-01,2.999999999999999889e-01,0.000000000000000000e+00,5.010000000000000009e-01,0.000000000000000000e+00,0.000000000000000000e+00,0.000000000000000000e+00,4.979999999999999982e-01,-2.999999999999999889e-01,0.000000000000000000e+00,5.010000000000000009e-01,0.000000000000000000e+00,0.000000000000000000e+00,0.000000000000000000e+00
4.573705382309351530e-01,-9.781633131357143993e-05,7.611888040794910770e-01,9.999619230641713097e-01,5.061343893849655822e-31,8.726535498373934677e-03,-1.911590794098165261e-31,-3.741557773861855507e-01,1.322573063410405517e-04,-7.775656866794706092e-05,5.833516138993600775e-01,-2.266491298001915844e-01,-1.534212116650873336e-04,-3.741593061467621273e-01,1.502204373338276620e-04,-8.836131792789123790e-05,5.833589468321844773e-01,-2.266529354639848226e-01,-1.742809159188653202e-04,0.000000000000000000e+00,0.000000000000000000e+00,0.000000000000000000e+00,4.979999999999999982e-01,2.999999999999999889e-01,0.000000000000000000e+00,5.010000000000000009e-01,0.000000000000000000e+00,0.000000000000000000e+00,0.000000000000000000e+00,4.979999999999999982e-01,-2.999999999999999889e-01,0.000000000000000000e+00,5.010000000000000009e-01,0.000000000000000000e+00,0.000000000000000000e+00,0.000000000000000000e+00
