-2.845284184946346440e-03,-4.175221447515762435e-02,1.212474229057149272e-01,-4.919131668382697997e-01,-5.156522282356774678e-01,-4.710901956392391510e-01,5.198059670485793982e-01,4.119250000000018730e-03,3.973295155181015281e-01,1.161253475604134611e+00,4.994145344209363624e-01,1.635973309437889212e-01,-8.070753781549606237e-03,1.764549999999998064e-02,-5.856599773245905194e-01,-1.183192996495832761e+00,5.650454175960930581e-01,2.683545784648035948e-01,7.512581659904013498e-02,-2.618000000000009209e-02,-9.481688435672812332e-02,7.016008341136353854e-02,-1.951678999999999942e+00,1.612189950000000316e+00,-3.727147542463833396e-01,-1.672403510522770254e-01,3.755262832810600526e-03,2.656977598005937913e-01,1.449764868969994069e-01,-2.072630600000000101e+00,-1.554594449999999961e+00,4.975047663380144369e-01,-2.595701471411055450e-01,-1.309115263512907468e-01,4.157839197706916234e-01,-9.276355269587638341e-02
-2.845284184946346440e-03,-4.175221447515762435e-02,1.220594507641040993e-01,4.919071835860417408e-01,5.156456262533004598e-01,4.710964432817412173e-01,-5.198125161917354076e-01,3.129499274564049444e-04,3.950722014973601093e-01,1.151195888944661627e+00,4.991160493887697447e-01,1.628500344707743963e-01,-9.362324906143741632e-03,1.437892039510365975e-02,-5.918458845094833887e-01,-1.181083114252053479e+00,5.783490705125859943e-01,2.615484590252824537e-01,7.527971185646110952e-02,-2.664604022287067955e-02,-9.454528242644927305e-02,7.005451714608053326e-02,-1.948375246532294769e+00,1.611490916138361262e+00,-3.720891931635876837e-01,-1.648773989279947727e-01,1.982631826068124818e-03,2.609402657441227680e-01,1.484428658411880153e-01,-2.069862545986364211e+00,-1.553652468052532765e+00,4.971367216244708120e-01,-2.577827227666328325e-01,-1.288940061923386504e-01,4.117454645198450613e-01,-9.592774031954329206e-02
-2.845284184946346440e-03,-4.175221447515762435e-02,1.228714786224932853e-01,4.919012002544403961e-01,5.156390241876802616e-01,4.711026908483000319e-01,-5.198190652510823462e-01,-3.493350145087208841e-03,3.928148874766186904e-01,1.141138302285188644e+00,4.988175643566031825e-01,1.621027379977598715e-01,-1.065389603073787876e-02,1.111234079020733886e-02,-5.980317916943761469e-01,-1.178973232008274197e+00,5.916527234290788195e-01,2.547423395857613682e-01,7.543360711388209794e-02,-2.711208044574127049e-02,-9.427368049617042278e-02,6.994895088079752798e-02,-1.945071493064589596e+00,1.610791882276722209e+00,-3.714636320807920833e-01,-1.625144468037125201e-01,2.100008193256495438e-04,2.561827716876518002e-01,1.519092447853766237e-01,-2.067094491972728321e+00,-1.552710486105065568e+00,4.967686769109271872e-01,-2.559952983921601755e-01,-1.268764860333865541e-01,4.077070092689984437e-01,-9.909192794321018682e-02
-2.845284184946346440e-03,-4.175221447515762435e-02,1.236835064808824575e-01,4.918952168434346794e-01,5.156324220388399659e-01,4.711089383389121532e-01,-5.198256142266298729e-01,-7.299650217630822627e-03,3.905575734558773271e-01,1.131080715625715438e+00,4.985190793244365648e-01,1.613554415247453744e-01,-1.194546715533201589e-02,7.845761185311017974e-03,-6.042176988792690162e-01,-1.176863349764495137e+00,6.049563763455717558e-01,2.479362201462402271e-01,7.558750237130307248e-02,-2.757812066861185796e-02,-9.400207856589158639e-02,6.984338461551453658e-02,-1.941767739596884423e+00,1.610092848415082933e+00,-3.708380709979964274e-01,-1.601514946794302396e-01,-1.562630187416825731e-03,2.514252776311807769e-01,1.553756237295652043e-01,-2.064326437959092431e+00,-1.551768504157598372e+00,4.964006321973835067e-01,-2.542078740176874629e-01,-1.248589658744344438e-01,4.036685540181518816e-01,-1.022561155668770955e-01
-2.845284184946346440e-03,-4.175221447515762435e-02,1.244955343392716435e-01,4.918892333530388017e-01,5.156258198067762422e-01,4.711151857535744725e-01,-5.198321631183709934e-01,-1.110595029017443641e-02,3.883002594351359082e-01,1.121023128966242455e+00,4.982205942922700026e-01,1.606081450517308495e-01,-1.323703827992615129e-02,4.579181580414697084e-03,-6.104036060641617745e-01,-1.174753467520715855e+00,6.182600292620645810e-01,2.411301007067191138e-01,7.574139762872406090e-02,-2.804416089148244889e-02,-9.373047663561273612e-02,6.973781835023153131e-02,-1.938463986129179251e+00,1.609393814553443880e+00,-3.702125099152008270e-01,-1.577885425551479870e-01,-3.335261194159301439e-03,2.466677835747097813e-01,1.588420026737538127e-01,-2.061558383945456541e+00,-1.550826522210131175e+00,4.960325874838398819e-01,-2.524204496432148059e-01,-1.228414457154823336e-01,3.996300987673052640e-01,-1.054203031905439902e-01
-2.845284184946346440e-03,-4.175221447515762435e-02,1.253075621976608156e-01,4.918832497832610895e-01,5.156192174914894233e-01,4.711214330922831595e-01,-5.198387119263009337e-01,-1.491225036271805193e-02,3.860429454143944894e-01,1.110965542306769471e+00,4.979221092601033849e-01,1.598608485787163247e-01,-1.452860940452028841e-02,1.312601975518374459e-03,-6.165895132490546438e-01,-1.172643585276936573e+00,6.315636821785575172e-01,2.343239812671980005e-01,7.589529288614503544e-02,-2.851020111435303636e-02,-9.345887470533388586e-02,6.963225208494852603e-02,-1.935160232661474078e+00,1.608694780691804826e+00,-3.695869488324051710e-01,-1.554255904308657343e-01,-5.107892200901777147e-03,2.419102895182387858e-01,1.623083816179424210e-01,-2.058790329931820651e+00,-1.549884540262663979e+00,4.956645427702962570e-01,-2.506330252687420934e-01,-1.208239255565302372e-01,3.955916435164587019e-01,-1.085844908142108989e-01
-2.845284184946346440e-03,-4.175221447515762435e-02,1.261195900560500016e-01,4.918772661340926056e-01,5.156126150929883911e-01,4.711276803550378256e-01,-5.198452606504189166e-01,-1.871855043526166398e-02,3.837856313936530706e-01,1.100907955647296488e+00,4.976236242279367672e-01,1.591135521057017999e-01,-1.582018052911442554e-02,-1.953977629377945131e-03,-6.227754204339475130e-01,-1.170533703033157291e+00,6.448673350950504535e-01,2.275178618276768872e-01,7.604918814356600998e-02,-2.897624133722362383e-02,-9.318727277505503559e-02,6.952668581966552075e-02,-1.931856479193768905e+00,1.607995746830165773e+00,-3.689613877496095151e-01,-1.530626383065834817e-01,-6.880523207644251987e-03,2.371527954617677902e-01,1.657747605621310294e-01,-2.056022275918184761e+00,-1.548942558315196782e+00,4.952964980567526321e-01,-2.488456008942694087e-01,-1.188064053975781409e-01,3.915531882656120843e-01,-1.117486784378778075e-01
-2.845284184946346440e-03,-4.175221447515762435e-02,1.269316179144391876e-01,4.918712824055501143e-01,5.156060126112708142e-01,4.711339275418299777e-01,-5.198518092907201682e-01,-2.252485050780528297e-02,3.815283173729116517e-01,1.090850368987823504e+00,4.973251391957701495e-01,1.583662556326872750e-01,-1.711175165370856094e-02,-5.220557234274269057e-03,-6.289613276188402713e-01,-1.168423820789378009e+00,6.581709880115433897e-01,2.207117423881557738e-01,7.620308340098699840e-02,-2.944228156009421477e-02,-9.291567084477618532e-02,6.942111955438252935e-02,-1.928552725726063732e+00,1.607296712968526720e+00,-3.683358266668139147e-01,-1.506996861823012290e-01,-8.653154214386728563e-03,2.323953014052967947e-01,1.692411395063196378e-01,-2.053254221904548871e+00,-1.548000576367729586e+00,4.949284533432090072e-01,-2.470581765197967239e-01,-1.167888852386260307e-01,3.875147330147655222e-01,-1.149128660615447023e-01
-2.845284184946346440e-03,-4.175221447515762435e-02,1.277436457728283459e-01,4.918652985976221248e-01,5.155994100463467955e-01,4.711401746526594492e-01,-5.198583578472052436e-01,-2.633115058034889155e-02,3.792710033521702884e-01,1.080792782328350521e+00,4.970266541636035873e-01,1.576189591596727779e-01,-1.840332277830269633e-02,-8.487136839170588212e-03,-6.351472348037331406e-01,-1.166313938545598949e+00,6.714746409280362149e-01,2.139056229486346605e-01,7.635697865840797294e-02,-2.990832178296480223e-02,-9.264406891449734893e-02,6.931555328909952407e-02,-1.925248972258358560e+00,1.606597679106887444e+00,-3.677102655840182588e-01,-1.483367340580189486e-01,-1.042578522112920340e-02,2.276378073488257714e-01,1.727075184505082461e-01,-2.050486167890912981e+00,-1.547058594420262612e+00,4.945604086296653823e-01,-2.452707521453240114e-01,-1.147713650796739343e-01,3.834762777639189046e-01,-1.180770536852116109e-01
-2.845284184946346440e-03,-4.175221447515762435e-02,1.285556736312175319e-01,4.918593147103194063e-01,5.155928073982135595e-01,4.711464216875269062e-01,-5.198649063198658160e-01,-3.013745065289250707e-02,3.770136893314288695e-01,1.070735195668877537e+00,4.967281691314369696e-01,1.568716626866582531e-01,-1.969489390289683173e-02,-1.175371644406690737e-02,-6.413331419886258988e-01,-1.164204056301819667e+00,6.847782938445291512e-01,2.070995035091135472e-01,7.651087391582896136e-02,-3.037436200583538970e-02,-9.237246698421849866e-02,6.920998702381653267e-02,-1.921945218790653387e+00,1.605898645245248391e+00,-3.670847045012226584e-01,-1.459737819337366960e-01,-1.219841622787167651e-02,2.228803132923547758e-01,1.761738973946968545e-01,-2.047718113877277091e+00,-1.546116612472795415e+00,4.941923639161217574e-01,-2.434833277708513266e-01,-1.127538449207218241e-01,3.794378225130723425e-01,-1.212412413088785057e-01
-2.845284184946346440e-03,-4.175221447515762435e-02,1.293677014896067179e-01,4.918533307436464552e-01,5.155862046668751031e-01,4.711526686464247993e-01,-5.198714547087006643e-01,-3.394375072543612260e-02,3.747563753106874507e-01,1.060677609009404554e+00,4.964296840992703519e-01,1.561243662136437282e-01,-2.098646502749097059e-02,-1.502029604896323173e-02,-6.475190491735187681e-01,-1.162094174058040386e+00,6.980819467610220874e-01,2.002933840695924339e-01,7.666476917324993590e-02,-3.084040222870598064e-02,-9.210086505393964840e-02,6.910442075853352739e-02,-1.918641465322948214e+00,1.605199611383609337e+00,-3.664591434184270025e-01,-1.436108298094544433e-01,-1.397104723461415482e-02,2.181228192358837803e-01,1.796402763388854629e-01,-2.044950059863641201e+00,-1.545174630525328219e+00,4.938243192025781325e-01,-2.416959033963786418e-01,-1.107363247617697277e-01,3.753993672622257249e-01,-1.244054289325454143e-01
-2.845284184946346440e-03,-4.175221447515762435e-02,1.301797293479959039e-01,4.918473466975970543e-01,5.155796018523400859e-01,4.711589155293502418e-01,-5.198780030137098995e-01,-3.775005079797973118e-02,3.724990612899460318e-01,1.050620022349931570e+00,4.961311990671037342e-01,1.553770697406292034e-01,-2.227803615208510599e-02,-1.828687565385955088e-02,-6.537049563584116374e-01,-1.159984291814261104e+00,7.113855996775150237e-01,1.934872646300713206e-01,7.681866443067091044e-02,-3.130644245157657157e-02,-9.182926312366079813e-02,6.899885449325052211e-02,-1.915337711855243041e+00,1.604500577521970284e+00,-3.658335823356313465e-01,-1.412478776851721907e-01,-1.574367824135662966e-02,2.133653251794127848e-01,1.831066552830740712e-01,-2.042182005850005311e+00,-1.544232648577861022e+00,4.934562744890345076e-01,-2.399084790219059571e-01,-1.087188046028176314e-01,3.713609120113791073e-01,-1.275696165562123230e-01
-2.845284184946346440e-03,-4.175221447515762435e-02,1.309917572063850622e-01,4.918413625721955174e-01,5.155729989545984049e-01,4.711651623363017904e-01,-5.198845512348816422e-01,-4.155635087052334670e-02,3.702417472692046130e-01,1.040562435690458587e+00,4.958327140349371720e-01,1.546297732676146786e-01,-2.356960727667924138e-02,-2.155345525875587004e-02,-6.598908635433043957e-01,-1.157874409570481822e+00,7.246892525940078489e-01,1.866811451905502073e-01,7.697255968809189886e-02,-3.177248267444715557e-02,-9.155766119338196174e-02,6.889328822796753071e-02,-1.912033958387537869e+00,1.603801543660331008e+00,-3.652080212528357461e-01,-1.388849255608899380e-01,-1.751630924809910450e-02,2.086078311229417892e-01,1.865730342272626796e-01,-2.039413951836369421e+00,-1.543290666630393826e+00,4.930882297754908827e-01,-2.381210546474332723e-01,-1.067012844438655211e-01,3.673224567605325452e-01,-1.307338041798792316e-01
-2.845284184946346440e-03,-4.175221447515762435e-02,1.318037850647742482e-01,4.918353783674176416e-01,5.155663959736687119e-01,4.711714090672770583e-01,-5.198910993722224427e-01,-4.536265094306696222e-02,3.679844332484631941e-01,1.030504849030985604e+00,4.955342290027705543e-01,1.538824767946001815e-01,-2.486117840127338025e-02,-2.482003486365219613e-02,-6.660767707281972649e-01,-1.155764527326702762e+00,7.379929055105007851e-01,1.798750257510290940e-01,7.712645494551287340e-02,-3.223852289731774651e-02,-9.128605926310311147e-02,6.878772196268452543e-02,-1.908730204919832696e+00,1.603102509798691955e+00,-3.645824601700400902e-01,-1.365219734366076576e-01,-1.928894025484158281e-02,2.038503370664707659e-01,1.900394131714512602e-01,-2.036645897822733531e+00,-1.542348684682926629e+00,4.927201850619472578e-01,-2.363336302729605598e-01,-1.046837642849134248e-01,3.632840015096859276e-01,-1.338979918035461125e-01
-2.845284184946346440e-03,-4.175221447515762435e-02,1.326158129231634342e-01,4.918293940832834665e-01,5.155597929095444565e-01,4.711776557222728812e-01,-5.198976474257227531e-01,-4.916895101561057774e-02,3.657271192277218308e-01,1.020447262371512620e+00,4.952357439706039366e-01,1.531351803215856566e-01,-2.615274952586751564e-02,-2.808661446854852223e-02,-6.722626779130900232e-01,-1.153654645082923480e+00,7.512965584269937214e-01,1.730689063115079529e-01,7.728035020293386181e-02,-3.270456312018833744e-02,-9.101445733282426120e-02,6.868215569740152016e-02,-1.905426451452127523e+00,1.602403475937052901e+00,-3.639568990872444898e-01,-1.341590213123254050e-01,-2.106157126158405765e-02,1.990928430099997704e-01,1.935057921156398686e-01,-2.033877843809097641e+00,-1.541406702735459655e+00,4.923521403484035774e-01,-2.345462058984878750e-01,-1.026662441259613145e-01,3.592455462588393655e-01,-1.370621794272130212e-01
-2.845284184946346440e-03,-4.175221447515762435e-02,1.334278407815525924e-01,4.918234097197893839e-01,5.155531897622336324e-01,4.711839023012836525e-01,-5.199041953953831285e-01,-5.297525108815417938e-02,3.634698052069804119e-01,1.010389675712039637e+00,4.949372589384373189e-01,1.523878838485711318e-01,-2.744432065046165103e-02,-3.135319407344483444e-02,-6.784485850979828925e-01,-1.151544762839144198e+00,7.646002113434865466e-01,1.662627868719868673e-01,7.743424546035483635e-02,-3.317060334305892144e-02,-9.074285540254541094e-02,6.857658943211851488e-02,-1.902122697984422350e+00,1.601704442075413848e+00,-3.633313380044488339e-01,-1.317960691880431523e-01,-2.283420226832653249e-02,1.943353489535287748e-01,1.969721710598284770e-01,-2.031109789795461751e+00,-1.540464720787992459e+00,4.919840956348599526e-01,-2.327587815240151903e-01,-1.006487239670092182e-01,3.552070910079927479e-01,-1.402263670508799298e-01
-2.845284184946346440e-03,-4.175221447515762435e-02,1.342398686399417784e-01,4.918174252769369481e-01,5.155465865317394591e-01,4.711901488043089281e-01,-5.199107432811997942e-01,-5.678155116069780184e-02,3.612124911862389931e-01,1.000332089052566653e+00,4.946387739062707567e-01,1.516405873755566069e-01,-2.873589177505578643e-02,-3.461977367834116054e-02,-6.846344922828756507e-01,-1.149434880595364916e+00,7.779038642599794828e-01,1.594566674324657263e-01,7.758814071777582477e-02,-3.363664356592951238e-02,-9.047125347226657455e-02,6.847102316683552348e-02,-1.898818944516717178e+00,1.601005408213774572e+00,-3.627057769216531780e-01,-1.294331170637608996e-01,-2.460683327506901080e-02,1.895778548970577793e-01,2.004385500040170853e-01,-2.028341735781825861e+00,-1.539522738840525262e+00,4.916160509213163277e-01,-2.309713571495424778e-01,-9.863120380805712184e-02,3.511686357571461858e-01,-1.433905546745468385e-01
-2.845284184946346440e-03,-4.175221447515762435e-02,1.350518964983309644e-01,4.918114407547413691e-01,5.155399832180589392e-01,4.711963952313409365e-01,-5.199172910831675321e-01,-6.058785123324141736e-02,3.589551771654975743e-01,9.902745023930936696e-01,4.943402888741041390e-01,1.508932909025420821e-01,-3.002746289964992529e-02,-3.788635328323748663e-02,-6.908203994677685200e-01,-1.147324998351585634e+00,7.912075171764724191e-01,1.526505479929446130e-01,7.774203597519679931e-02,-3.410268378880010331e-02,-9.019965154198772428e-02,6.836545690155251820e-02,-1.895515191049012005e+00,1.600306374352135519e+00,-3.620802158388575775e-01,-1.270701649394786192e-01,-2.637946428181148564e-02,1.848203608405867837e-01,2.039049289482056937e-01,-2.025573681768189971e+00,-1.538580756893058066e+00,4.912480062077727028e-01,-2.291839327750697930e-01,-9.661368364910501161e-02,3.471301805062995682e-01,-1.465547422982137471e-01
-2.845284184946346440e-03,-4.175221447515762435e-02,1.358639243567201504e-01,4.918054561531836066e-01,5.155333798212058394e-01,4.712026415823845626e-01,-5.199238388012865641e-01,-6.439415130578503288e-02,3.566978631447561554e-01,9.802169157336206862e-01,4.940418038419375213e-01,1.501459944295275850e-01,-3.131903402424406069e-02,-4.115293288813380579e-02,-6.970063066526612783e-01,-1.145215116107806574e+00,8.045111700929652443e-01,1.458444285534234997e-01,7.789593123261778773e-02,-3.456872401167068731e-02,-8.992804961170887401e-02,6.825989063626951292e-02,-1.892211437581306832e+00,1.599607340490496465e+00,-3.614546547560619216e-01,-1.247072128151963666e-01,-2.815209528855396048e-02,1.800628667841157604e-01,2.073713078923942743e-01,-2.022805627754554081e+00,-1.537638774945590869e+00,4.908799614942290779e-01,-2.273965084005971082e-01,-9.459616349015291525e-02,3.430917252554530061e-01,-1.497189299218806280e-01
-2.845284184946346440e-03,-4.175221447515762435e-02,1.366759522151093087e-01,4.917994714722933036e-01,5.155267763411690574e-01,4.712088878574330897e-01,-5.199303864355462323e-01,-6.820045137832864146e-02,3.544405491240147366e-01,9.701593290741475917e-01,4.937433188097709036e-01,1.493986979565130602e-01,-3.261060514883819261e-02,-4.441951249303012494e-02,-7.031922138375541476e-01,-1.143105233864027293e+00,8.178148230094581805e-01,1.390383091139024141e-01,7.804982649003876227e-02,-3.503476423454127825e-02,-8.965644768143002374e-02,6.815432437098650764e-02,-1.888907684113601659e+00,1.598908306628857412e+00,-3.608290936732663212e-01,-1.223442606909141139e-01,-2.992472629529643532e-02,1.753053727276447649e-01,2.108376868365828827e-01,-2.020037573740918191e+00,-1.536696792998123673e+00,4.905119167806854530e-01,-2.256090840261244235e-01,-9.257864333120080502e-02,3.390532700046063885e-01,-1.528831175455475366e-01
-2.845284184946346440e-03,-4.175221447515762435e-02,1.374879800734984947e-01,4.917934867120514753e-01,5.155201727779658016e-01,4.712151340564788571e-01,-5.199369339859539751e-01,-7.200675145087226392e-02,3.521832351032733177e-01,9.601017424146746082e-01,4.934448337776043414e-01,1.486514014834985353e-01,-3.390217627343233148e-02,-4.768609209792645104e-02,-7.093781210224469058e-01,-1.140995351620248011e+00,8.311184759259511168e-01,1.322321896743812730e-01,7.820372174745975069e-02,-3.550080445741186919e-02,-8.938484575115118735e-02,6.804875810570351624e-02,-1.885603930645896487e+00,1.598209272767218136e+00,-3.602035325904706653e-01,-1.199813085666318474e-01,-3.169735730203891710e-02,1.705478786711737693e-01,2.143040657807714910e-01,-2.017269519727282301e+00,-1.535754811050656476e+00,4.901438720671418281e-01,-2.238216596516517110e-01,-9.056112317224870867e-02,3.350148147537598264e-01,-1.560473051692144453e-01
-2.845284184946346440e-03,-4.175221447515762435e-02,1.383000079318876807e-01,4.917875018724692238e-01,5.155135691315917423e-01,4.712213801795276935e-01,-5.199434814524986903e-01,-7.581305152341585862e-02,3.499259210825319544e-01,9.500441557552016247e-01,4.931463487454377237e-01,1.479041050104840105e-01,-3.519374739802647034e-02,-5.095267170282276326e-02,-7.155640282073397751e-01,-1.138885469376468729e+00,8.444221288424439420e-01,1.254260702348601875e-01,7.835761700488072523e-02,-3.596684468028245318e-02,-8.911324382087233709e-02,6.794319184042051096e-02,-1.882300177178191314e+00,1.597510238905579083e+00,-3.595779715076750094e-01,-1.176183564423495947e-01,-3.346998830878138154e-02,1.657903846147027738e-01,2.177704447249600994e-01,-2.014501465713646411e+00,-1.534812829103189280e+00,4.897758273535982032e-01,-2.220342352771790262e-01,-8.854360301329661231e-02,3.309763595029132088e-01,-1.592114927928813539e-01
-2.845284184946346440e-03,-4.175221447515762435e-02,1.391120357902768667e-01,4.917815169535566522e-01,5.155069654020482117e-01,4.712276262265693294e-01,-5.199500288351786015e-01,-7.961935159595948108e-02,3.476686070617905355e-01,9.399865690957286413e-01,4.928478637132711060e-01,1.471568085374694856e-01,-3.648531852262060227e-02,-5.421925130771908935e-02,-7.217499353922325334e-01,-1.136775587132689447e+00,8.577257817589368782e-01,1.186199507953390464e-01,7.851151226230171365e-02,-3.643288490315304412e-02,-8.884164189059348682e-02,6.783762557513750568e-02,-1.878996423710486141e+00,1.596811205043940030e+00,-3.589524104248794090e-01,-1.152554043180673282e-01,-3.524261931552385985e-02,1.610328905582317782e-01,2.212368236691487078e-01,-2.011733411700010521e+00,-1.533870847155722306e+00,4.894077826400545228e-01,-2.202468109027063414e-01,-8.652608285434450208e-02,3.269379042520665912e-01,-1.623756804165482626e-01
-2.845284184946346440e-03,-4.175221447515762435e-02,1.399240636486660250e-01,4.917755319552913340e-01,5.155003615893516411e-01,4.712338721976049860e-01,-5.199565761339971504e-01,-8.342565166850310354e-02,3.454112930410491167e-01,9.299289824362556578e-01,4.925493786811044883e-01,1.464095120644549886e-01,-3.777688964721474113e-02,-5.748583091261541544e-02,-7.279358425771254026e-01,-1.134665704888910387e+00,8.710294346754298145e-01,1.118138313558179331e-01,7.866540751972268819e-02,-3.689892512602363506e-02,-8.857003996031463655e-02,6.773205930985450041e-02,-1.875692670242780968e+00,1.596112171182300976e+00,-3.583268493420837530e-01,-1.128924521937850756e-01,-3.701525032226633816e-02,1.562753965017607549e-01,2.247032026133373162e-01,-2.008965357686374631e+00,-1.532928865208255109e+00,4.890397379265108979e-01,-2.184593865282336567e-01,-8.450856269539240573e-02,3.228994490012200291e-01,-1.655398680402151435e-01
-2.845284184946346440e-03,-4.175221447515762435e-02,1.407360915070552110e-01,4.917695468777141810e-01,5.154937576934842669e-01,4.712401180926291677e-01,-5.199631233489391269e-01,-8.723195174104669825e-02,3.431539790203076978e-01,9.198713957767826743e-01,4.922508936489379261e-01,1.456622155914404637e-01,-3.906846077180887306e-02,-6.075241051751172766e-02,-7.341217497620181609e-01,-1.132555822645131105e+00,8.843330875919226397e-01,1.050077119162968337e-01,7.881930277714367661e-02,-3.736496534889421905e-02,-8.829843803003580016e-02,6.762649304457150901e-02,-1.872388916775075796e+00,1.595413137320661701e+00,-3.577012882592881526e-01,-1.105295000695028229e-01,-3.878788132900880953e-02,1.515179024452897871e-01,2.281695815575258968e-01,-2.006197303672738741e+00,-1.531986883260787913e+00,4.886716932129672730e-01,-2.166719621537609441e-01,-8.249104253644029550e-02,3.188609937503734670e-01,-1.687040556638820521e-01
-2.845284184946346440e-03,-4.175221447515762435e-02,1.415481193654443970e-01,4.917635617207912202e-01,5.154871537144701810e-01,4.712463639116393210e-01,-5.199696704800141900e-01,-9.103825181359032070e-02,3.408966649995662790e-01,9.098138091173096909e-01,4.919524086167713084e-01,1.449149191184259389e-01,-4.036003189640301192e-02,-6.401899012240805376e-02,-7.403076569469110302e-01,-1.130445940401351823e+00,8.976367405084155759e-01,9.820159247677570646e-02,7.897319803456465115e-02,-3.783100557176480999e-02,-8.802683609975694989e-02,6.752092677928850373e-02,-1.869085163307370623e+00,1.594714103459022647e+00,-3.570757271764924967e-01,-1.081665479452205564e-01,-4.056051233575128784e-02,1.467604083888187638e-01,2.316359605017145051e-01,-2.003429249659102851e+00,-1.531044901313320716e+00,4.883036484994236481e-01,-2.148845377792882594e-01,-8.047352237748819914e-02,3.148225384995268494e-01,-1.718682432875489607e-01
-2.845284184946346440e-03,-4.175221447515762435e-02,1.423601472238335552e-01,4.917575764845509290e-01,5.154805496522978370e-01,4.712526096546325594e-01,-5.199762175272099052e-01,-9.410205184061555539e-02,3.379967725308645754e-01,9.002685660117893951e-01,4.917528103223662295e-01,1.439336886327274578e-01,-4.140039630981708074e-02,-6.696737858882653716e-02,-7.446477968662562619e-01,-1.128232152634879748e+00,9.072715396134042320e-01,9.336876222608897491e-02,7.912265771424159544e-02,-3.829633755107918897e-02,-8.774580065827802811e-02,6.741578098254559503e-02,-1.866428377817143769e+00,1.593251288686959644e+00,-3.565423958262430859e-01,-1.051385502209903344e-01,-4.131758285072365672e-02,1.414555886609794033e-01,2.340976623056404970e-01,-2.001250962065437733e+00,-1.529513025975736573e+00,4.882410091456416135e-01,-2.125093596407435226e-01,-7.936496007801972785e-02,3.102749449347705357e-01,-1.742442180938635343e-01
-2.845284184946346440e-03,-4.175221447515762435e-02,1.431721750822227412e-01,4.917515911689838704e-01,5.154739455069780041e-01,4.712588553216052745e-01,-5.199827644905281598e-01,-9.716585186764079007e-02,3.350968800621628718e-01,8.907233229062690993e-01,4.915532120279611505e-01,1.429524581470289490e-01,-4.244076072323114956e-02,-6.991576705524503443e-02,-7.489879367856013825e-01,-1.126018364868407895e+00,9.169063387183928882e-01,8.853593197540224335e-02,7.927211739391853973e-02,-3.876166953039356794e-02,-8.746476521679910632e-02,6.731063518580267246e-02,-1.863771592326916915e+00,1.591788473914896640e+00,-3.560090644759936751e-01,-1.021105524967601125e-01,-4.207465336569602560e-02,1.361507689331400428e-01,2.365593641095664890e-01,-1.999072674471773059e+00,-1.527981150638152430e+00,4.881783697918595788e-01,-2.101341815021987858e-01,-7.825639777855124268e-02,3.057273513700142220e-01,-1.766201929001781079e-01
-2.845284184946346440e-03,-4.175221447515762435e-02,1.439842029406119273e-01,4.917456057740969833e-01,5.154673412785102382e-01,4.712651009125569113e-01,-5.199893113699625147e-01,-1.002296518946660248e-01,3.321969875934611682e-01,8.811780798007486926e-01,4.913536137335560716e-01,1.419712276613304680e-01,-4.348112513664522533e-02,-7.286415552166351783e-02,-7.533280767049466142e-01,-1.123804577101935820e+00,9.265411378233815443e-01,8.370310172471551180e-02,7.942157707359548402e-02,-3.922700150970794691e-02,-8.718372977532018453e-02,6.720548938905976377e-02,-1.861114806836690061e+00,1.590325659142833636e+00,-3.554757331257442088e-01,-9.908255477252989052e-02,-4.283172388066839448e-02,1.308459492053006545e-01,2.390210659134924809e-01,-1.996894386878107941e+00,-1.526449275300568287e+00,4.881157304380775441e-01,-2.077590033636540767e-01,-7.714783547908277139e-02,3.011797578052578528e-01,-1.789961677064926815e-01
-2.845284184946346440e-03,-4.175221447515762435e-02,1.447962307990011133e-01,4.917396202998993160e-01,5.154607369668949834e-01,4.712713464274827513e-01,-5.199958581655086398e-01,-1.032934519216912456e-01,3.292970951247595202e-01,8.716328366952285078e-01,4.911540154391509927e-01,1.409899971756319870e-01,-4.452148955005928721e-02,-7.581254398808198736e-02,-7.576682166242917349e-01,-1.121590789335463745e+00,9.361759369283700893e-01,7.887027147402880800e-02,7.957103675327242831e-02,-3.969233348902231895e-02,-8.690269433384127662e-02,6.710034359231684120e-02,-1.858458021346463207e+00,1.588862844370770633e+00,-3.549424017754947980e-01,-9.605455704829968244e-02,-4.358879439564076336e-02,1.255411294774613218e-01,2.414827677174184728e-01,-1.994716099284443045e+00,-1.524917399962984144e+00,4.880530910842955095e-01,-2.053838252251093399e-01,-7.603927317961430010e-02,2.966321642405015946e-01,-1.813721425128072551e-01
-2.845284184946346440e-03,-4.175221447515762435e-02,1.456082586573902715e-01,4.917336347463763802e-01,5.154541325721447853e-01,4.712775918663821839e-01,-5.200024048771686447e-01,-1.063572519487164802e-01,3.263972026560578166e-01,8.620875935897081010e-01,4.909544171447459138e-01,1.400087666899335059e-01,-4.556185396347335603e-02,-7.876093245450048463e-02,-7.620083565436369666e-01,-1.119377001568991892e+00,9.458107360333587454e-01,7.403744122334207645e-02,7.972049643294938648e-02,-4.015766546833669792e-02,-8.662165889236235483e-02,6.699519779557393251e-02,-1.855801235856236353e+00,1.587400029598707407e+00,-3.544090704252453872e-01,-9.302655932406946049e-02,-4.434586491061313224e-02,1.202363097496219613e-01,2.439444695213444647e-01,-1.992537811690778149e+00,-1.523385524625400000e+00,4.879904517305134748e-01,-2.030086470865646309e-01,-7.493071088014582881e-02,2.920845706757452254e-01,-1.837481173191218287e-01
-2.845284184946346440e-03,-4.175221447515762435e-02,1.464202865157794575e-01,4.917276491135483818e-01,5.154475280942555360e-01,4.712838372292441069e-01,-5.200089515049373112e-01,-1.094210519757417149e-01,3.234973101873561130e-01,8.525423504841878053e-01,4.907548188503408348e-01,1.390275362042350249e-01,-4.660221837688742486e-02,-8.170932092091896803e-02,-7.663484964629821983e-01,-1.117163213802519817e+00,9.554455351383474015e-01,6.920461097265534489e-02,7.986995611262633077e-02,-4.062299744765107690e-02,-8.634062345088343304e-02,6.689005199883100994e-02,-1.853144450366009499e+00,1.585937214826644404e+00,-3.538757390749959764e-01,-8.999856159983923853e-02,-4.510293542558550112e-02,1.149314900217825869e-01,2.464061713252704566e-01,-1.990359524097113253e+00,-1.521853649287815857e+00,4.879278123767314401e-01,-2.006334689480198941e-01,-7.382214858067735752e-02,2.875369771109889117e-01,-1.861240921254364022e-01
-2.845284184946346440e-03,-4.175221447515762435e-02,1.472323143741686435e-01,4.917216634014069387e-01,5.154409235332334527e-01,4.712900825160754592e-01,-5.200154980488099765e-01,-1.124848520027669496e-01,3.205974177186544094e-01,8.429971073786675095e-01,4.905552205559357559e-01,1.380463057185365161e-01,-4.764258279030150062e-02,-8.465770938733745143e-02,-7.706886363823273189e-01,-1.114949426036047742e+00,9.650803342433360577e-01,6.437178072196861334e-02,8.001941579230327506e-02,-4.108832942696545587e-02,-8.605958800940451126e-02,6.678490620208810125e-02,-1.850487664875782645e+00,1.584474400054581400e+00,-3.533424077247465100e-01,-8.697056387560901658e-02,-4.586000594055787000e-02,1.096266702939432125e-01,2.488678731291964485e-01,-1.988181236503448357e+00,-1.520321773950231714e+00,4.878651730229493499e-01,-1.982582908094751573e-01,-7.271358628120887235e-02,2.829893835462325979e-01,-1.885000669317509758e-01
-2.845284184946346440e-03,-4.175221447515762435e-02,1.480443422325578295e-01,4.917156776099683158e-01,5.154343188890759819e-01,4.712963277268669704e-01,-5.200220445087819776e-01,-1.155486520297921843e-01,3.176975252499527613e-01,8.334518642731472138e-01,4.903556222615306770e-01,1.370650752328380351e-01,-4.868294720371556944e-02,-8.760609785375594871e-02,-7.750287763016725506e-01,-1.112735638269575889e+00,9.747151333483246027e-01,5.953895047128188178e-02,8.016887547198021935e-02,-4.155366140627983484e-02,-8.577855256792558947e-02,6.667976040534517868e-02,-1.847830879385555791e+00,1.583011585282518396e+00,-3.528090763744970992e-01,-8.394256615137879463e-02,-4.661707645553023888e-02,1.043218505661038520e-01,2.513295749331224682e-01,-1.986002948909783461e+00,-1.518789898612647571e+00,4.878025336691673153e-01,-1.958831126709304205e-01,-7.160502398174040106e-02,2.784417899814762842e-01,-1.908760417380655494e-01
-2.845284184946346440e-03,-4.175221447515762435e-02,1.488563700909469878e-01,4.917096917392141386e-01,5.154277141617973346e-01,4.713025728616206944e-01,-5.200285908848555350e-01,-1.186124520568174190e-01,3.147976327812510577e-01,8.239066211676269180e-01,4.901560239671255981e-01,1.360838447471395540e-01,-4.972331161712963826e-02,-9.055448632017443211e-02,-7.793689162210177823e-01,-1.110521850503103813e+00,9.843499324533132588e-01,5.470612022059515023e-02,8.031833515165716364e-02,-4.201899338559421382e-02,-8.549751712644666768e-02,6.657461460860226998e-02,-1.845174093895328937e+00,1.581548770510455393e+00,-3.522757450242476884e-01,-8.091456842714855879e-02,-4.737414697050260776e-02,9.901703083826449148e-02,2.537912767370484324e-01,-1.983824661316118565e+00,-1.517258023275063428e+00,4.877398943153852806e-01,-1.935079345323856836e-01,-7.049646168227192977e-02,2.738941964167199705e-01,-1.932520165443801230e-01
-2.845284184946346440e-03,-4.175221447515762435e-02,1.496683979493361738e-01,4.917037057891708862e-01,5.154211093513881847e-01,4.713088179203291372e-01,-5.200351371770208786e-01,-1.216762520838426398e-01,3.118977403125493542e-01,8.143613780621066223e-01,4.899564256727205191e-01,1.351026142614410730e-01,-5.076367603054370015e-02,-9.350287478659290163e-02,-7.837090561403629030e-01,-1.108308062736631738e+00,9.939847315583019149e-01,4.987328996990844643e-02,8.046779483133410793e-02,-4.248432536490859279e-02,-8.521648168496774589e-02,6.646946881185936129e-02,-1.842517308405102083e+00,1.580085955738392389e+00,-3.517424136739982776e-01,-7.788657070291836459e-02,-4.813121748547497664e-02,9.371221111042514484e-02,2.562529785409743965e-01,-1.981646373722453447e+00,-1.515726147937479285e+00,4.876772549616032459e-01,-1.911327563938409746e-01,-6.938789938280345848e-02,2.693466028519636568e-01,-1.956279913506946688e-01
-2.845284184946346440e-03,-4.175221447515762435e-02,1.504804258077253598e-01,4.916977197598226823e-01,5.154145044578628543e-01,4.713150629029897454e-01,-5.200416833852817833e-01,-1.247400521108678606e-01,3.089978478438476506e-01,8.048161349565863265e-01,4.897568273783154402e-01,1.341213837757425642e-01,-5.180404044395777591e-02,-9.645126325301139891e-02,-7.880491960597081347e-01,-1.106094274970159885e+00,1.003619530663290460e+00,4.504045971922171487e-02,8.061725451101105222e-02,-4.294965734422297177e-02,-8.493544624348882410e-02,6.636432301511643872e-02,-1.839860522914875229e+00,1.578623140966329386e+00,-3.512090823237488113e-01,-7.485857297868814264e-02,-4.888828800044734552e-02,8.840739138258577046e-02,2.587146803449004162e-01,-1.979468086128788551e+00,-1.514194272599895141e+00,4.876146156078212113e-01,-1.887575782552962378e-01,-6.827933708333498719e-02,2.647990092872073431e-01,-1.980039661570092702e-01
-2.845284184946346440e-03,-4.175221447515762435e-02,1.512924536661145458e-01,4.916917336511845149e-01,5.154078994812173464e-01,4.713213078095986330e-01,-5.200482295096309215e-01,-1.278038521378931092e-01,3.060979553751459470e-01,7.952708918510660308e-01,4.895572290839103613e-01,1.331401532900440832e-01,-5.284440485737184473e-02,-9.939965171942988231e-02,-7.923893359790532553e-01,-1.103880487203687810e+00,1.013254329768279227e+00,4.020762946853498332e-02,8.076671419068799651e-02,-4.341498932353735074e-02,-8.465441080200990231e-02,6.625917721837353003e-02,-1.837203737424648375e+00,1.577160326194266382e+00,-3.506757509734994005e-01,-7.183057525445790681e-02,-4.964535851541971440e-02,8.310257165474640995e-02,2.611763821488264359e-01,-1.977289798535123655e+00,-1.512662397262310998e+00,4.875519762540391766e-01,-1.863824001167515010e-01,-6.717077478386650202e-02,2.602514157224509739e-01,-2.003799409633238438e-01
-2.845284184946346440e-03,-4.175221447515762435e-02,1.521044815245037041e-01,4.916857474632559399e-01,5.154012944214548808e-01,4.713275526401585758e-01,-5.200547755500632974e-01,-1.308676521649183300e-01,3.031980629064442989e-01,7.857256487455456240e-01,4.893576307895052824e-01,1.321589228043456021e-01,-5.388476927078591355e-02,-1.023480401858483657e-01,-7.967294758983984870e-01,-1.101666699437215735e+00,1.022889128873267772e+00,3.537479921784825176e-02,8.091617387036495468e-02,-4.388032130285172971e-02,-8.437337536053099440e-02,6.615403142163060746e-02,-1.834546951934421299e+00,1.575697511422203156e+00,-3.501424196232499897e-01,-6.880257753022769873e-02,-5.040242903039208328e-02,7.779775192690704944e-02,2.636380839527524000e-01,-1.975111510941458759e+00,-1.511130521924726633e+00,4.874893369002571419e-01,-1.840072219782067919e-01,-6.606221248439803073e-02,2.557038221576946602e-01,-2.027559157696384173e-01
-2.845284184946346440e-03,-4.175221447515762435e-02,1.529165093828928901e-01,4.916797611960301295e-01,5.153946892785873368e-01,4.713337973946591930e-01,-5.200613215065831296e-01,-1.339314521919435785e-01,3.002981704377425953e-01,7.761804056400253282e-01,4.891580324951002035e-01,1.311776923186471211e-01,-5.492513368419998238e-02,-1.052964286522668491e-01,-8.010696158177436077e-01,-1.099452911670743660e+00,1.032523927978256539e+00,3.054196896716152021e-02,8.106563355004189897e-02,-4.434565328216610175e-02,-8.409233991905207262e-02,6.604888562488769876e-02,-1.831890166444194445e+00,1.574234696650140153e+00,-3.496090882730005789e-01,-6.577457980599746290e-02,-5.115949954536445216e-02,7.249293219906767505e-02,2.660997857566783642e-01,-1.972933223347793863e+00,-1.509598646587142490e+00,4.874266975464751073e-01,-1.816320438396620551e-01,-6.495365018492955944e-02,2.511562285929383465e-01,-2.051318905759529909e-01
-2.845284184946346440e-03,-4.175221447515762435e-02,1.537285372412820761e-01,4.916737748495234039e-01,5.153880840526074980e-01,4.713400420731039819e-01,-5.200678673791789830e-01,-1.369952522189687993e-01,2.973982779690408917e-01,7.666351625345050325e-01,4.889584342006951245e-01,1.301964618329486123e-01,-5.596549809761405814e-02,-1.082448171186853464e-01,-8.054097557370888394e-01,-1.097239123904271807e+00,1.042158727083245084e+00,2.570913871647478866e-02,8.121509322971884326e-02,-4.481098526148048072e-02,-8.381130447757315083e-02,6.594373982814477619e-02,-1.829233380953967592e+00,1.572771881878077149e+00,-3.490757569227511126e-01,-6.274658208176725482e-02,-5.191657006033682104e-02,6.718811247122831454e-02,2.685614875606043839e-01,-1.970754935754128967e+00,-1.508066771249558347e+00,4.873640581926930726e-01,-1.792568657011173183e-01,-6.384508788546108815e-02,2.466086350281820327e-01,-2.075078653822675645e-01
-2.845284184946346440e-03,-4.175221447515762435e-02,1.545405650996712343e-01,4.916677884237362628e-01,5.153814787435221367e-01,4.713462866754828395e-01,-5.200744131678524118e-01,-1.400590522459940201e-01,2.944983855003391882e-01,7.570899194289847367e-01,4.887588359062900456e-01,1.292152313472501313e-01,-5.700586251102812002e-02,-1.111932055851038159e-01,-8.097498956564339601e-01,-1.095025336137799732e+00,1.051793526188233630e+00,2.087630846578808486e-02,8.136455290939578755e-02,-4.527631724079485970e-02,-8.353026903609422904e-02,6.583859403140186750e-02,-1.826576595463740738e+00,1.571309067106014146e+00,-3.485424255725017018e-01,-5.971858435753703981e-02,-5.267364057530918992e-02,6.188329274338896790e-02,2.710231893645303480e-01,-1.968576648160463849e+00,-1.506534895911974203e+00,4.873014188389110379e-01,-1.768816875625726093e-01,-6.273652558599261686e-02,2.420610414634257190e-01,-2.098838401885821103e-01
-2.845284184946346440e-03,-4.175221447515762435e-02,1.553525929580604203e-01,4.916618019186727029e-01,5.153748733513320301e-01,4.713525312017992075e-01,-5.200809588725963106e-01,-1.431228522730192687e-01,2.915984930316375401e-01,7.475446763234644409e-01,4.885592376118849667e-01,1.282340008615516502e-01,-5.804622692444218884e-02,-1.141415940515222993e-01,-8.140900355757791917e-01,-1.092811548371327657e+00,1.061428325293222397e+00,1.604347821510135330e-02,8.151401258907273184e-02,-4.574164922010923867e-02,-8.324923359461530725e-02,6.573344823465895881e-02,-1.823919809973513884e+00,1.569846252333951142e+00,-3.480090942222522910e-01,-5.669058663330681785e-02,-5.343071109028155879e-02,5.657847301554960739e-02,2.734848911684563677e-01,-1.966398360566798953e+00,-1.505003020574390060e+00,4.872387794851290033e-01,-1.745065094240278725e-01,-6.162796328652413863e-02,2.375134478986694053e-01,-2.122598149948966839e-01
-2.845284184946346440e-03,-4.175221447515762435e-02,1.561646208164496064e-01,4.916558153343217330e-01,5.153682678760492797e-01,4.713587756520474792e-01,-5.200875044934140101e-01,-1.461866523000444895e-01,2.886986005629358365e-01,7.379994332179441452e-01,4.883596393174798878e-01,1.272527703758531692e-01,-5.908659133785626461e-02,-1.170899825179407827e-01,-8.184301754951244234e-01,-1.090597760604855804e+00,1.071063124398210942e+00,1.121064796441462175e-02,8.166347226874967613e-02,-4.620698119942361765e-02,-8.296819815313638546e-02,6.562830243791603624e-02,-1.821263024483287030e+00,1.568383437561888138e+00,-3.474757628720028801e-01,-5.366258890907659590e-02,-5.418778160525392767e-02,5.127365328771023301e-02,2.759465929723823319e-01,-1.964220072973134057e+00,-1.503471145236805917e+00,4.871761401313469686e-01,-1.721313312854831357e-01,-6.051940098705566040e-02,2.329658543339130639e-01,-2.146357898012112575e-01
-2.845284184946346440e-03,-4.175221447515762435e-02,1.569766486748387924e-01,4.916498286707058352e-01,5.153616623176651146e-01,4.713650200262260448e-01,-5.200940500302942970e-01,-1.492504523270697381e-01,2.857987080942341329e-01,7.284541901124238494e-01,4.881600410230748088e-01,1.262715398901546604e-01,-6.012695575127033343e-02,-1.200383709843592800e-01,-8.227703154144695441e-01,-1.088383972838383729e+00,1.080697923503199709e+00,6.377817713727890192e-03,8.181293194842662042e-02,-4.667231317873799662e-02,-8.268716271165746368e-02,6.552315664117312755e-02,-1.818606238993060176e+00,1.566920622789825135e+00,-3.469424315217534138e-01,-5.063459118484636701e-02,-5.494485212022629655e-02,4.596883355987087250e-02,2.784082947763083515e-01,-1.962041785379469161e+00,-1.501939269899221774e+00,4.871135007775648784e-01,-1.697561531469383989e-01,-5.941083868758718911e-02,2.284182607691567224e-01,-2.170117646075258311e-01
-2.845284184946346440e-03,-4.175221447515762435e-02,1.577886765332279784e-01,4.916438419278118532e-01,5.153550566761937457e-01,4.713712643243265221e-01,-5.201005954832427225e-01,-1.523142523540949589e-01,2.828988156255324293e-01,7.189089470069034427e-01,4.879604427286697299e-01,1.252903094044561794e-01,-6.116732016468440225e-02,-1.229867594507777773e-01,-8.271104553338147758e-01,-1.086170185071911654e+00,1.090332722608188254e+00,1.544987463041158637e-03,8.196239162810356471e-02,-4.713764515805237559e-02,-8.240612727017854189e-02,6.541801084443020498e-02,-1.815949453502833322e+00,1.565457808017762131e+00,-3.464091001715040030e-01,-4.760659346061614505e-02,-5.570192263519866543e-02,4.066401383203149811e-02,2.808699965802343712e-01,-1.959863497785804265e+00,-1.500407394561637631e+00,4.870508614237828438e-01,-1.673809750083936621e-01,-5.830227638811871088e-02,2.238706672044004087e-01,-2.193877394138404047e-01
-2.845284184946346440e-03,-4.175221447515762435e-02,1.586007043916171366e-01,4.916378551056527213e-01,5.153484509516299550e-01,4.713775085463539627e-01,-5.201071408522484063e-01,-1.553780523811201797e-01,2.799989231568307257e-01,7.093637039013831469e-01,4.877608444342646510e-01,1.243090789187576983e-01,-6.220768457809847107e-02,-1.259351479171962607e-01,-8.314505952531600075e-01,-1.083956397305439801e+00,1.099967521713177021e+00,-3.287842787645572917e-03,8.211185130778052288e-02,-4.760297713736674763e-02,-8.212509182869962010e-02,6.531286504768729628e-02,-1.813292668012606468e+00,1.563994993245698906e+00,-3.458757688212545922e-01,-4.457859573638592310e-02,-5.645899315017103431e-02,3.535919410419213760e-02,2.833316983841603354e-01,-1.957685210192139369e+00,-1.498875519224053487e+00,4.869882220700008091e-01,-1.650057968698489530e-01,-5.719371408865023265e-02,2.193230736396440950e-01,-2.217637142201549783e-01
-2.845284184946346440e-03,-4.175221447515762435e-02,1.594127322500063226e-01,4.916318682042323807e-01,5.153418451439787384e-01,4.713837526922985965e-01,-5.201136861373114595e-01,-1.584418524081454005e-01,2.770990306881290222e-01,6.998184607958628511e-01,4.875612461398595721e-01,1.233278484330592173e-01,-6.324804899151253990e-02,-1.288835363836147163e-01,-8.357907351725051281e-01,-1.081742609538967725e+00,1.109602320818165566e+00,-8.120673038332276716e-03,8.226131098745746717e-02,-4.806830911668112660e-02,-8.184405638722071219e-02,6.520771925094437371e-02,-1.810635882522379614e+00,1.562532178473635902e+00,-3.453424374710051814e-01,-4.155059801215571502e-02,-5.721606366514339626e-02,3.005437437635279097e-02,2.857934001880862995e-01,-1.955506922598474251e+00,-1.497343643886469344e+00,4.869255827162187744e-01,-1.626306187313042440e-01,-5.608515178918176136e-02,2.147754800748877813e-01,-2.241396890264695518e-01
-2.845284184946346440e-03,-4.175221447515762435e-02,1.602247601083954809e-01,4.916258812235441700e-01,5.153352392532473125e-01,4.713899967621613118e-01,-5.201202313384296616e-01,-1.615056524351706491e-01,2.741991382194273741e-01,6.902732176903425554e-01,4.873616478454544931e-01,1.223466179473607224e-01,-6.428841340492660872e-02,-1.318319248500331997e-01,-8.401308750918503598e-01,-1.079528821772495650e+00,1.119237119923154111e+00,-1.295350328901900827e-02,8.241077066713441146e-02,-4.853364109599550558e-02,-8.156302094574179040e-02,6.510257345420146502e-02,-1.807979097032152760e+00,1.561069363701572899e+00,-3.448091061207557706e-01,-3.852260028792549307e-02,-5.797313418011577207e-02,2.474955464851343045e-02,2.882551019920123192e-01,-1.953328635004809355e+00,-1.495811768548885201e+00,4.868629433624367397e-01,-1.602554405927594794e-01,-5.497658948971329007e-02,2.102278865101314675e-01,-2.265156638327841254e-01
-2.845284184946346440e-03,-4.175221447515762435e-02,1.610367879667846669e-01,4.916198941635939179e-01,5.153286332794371205e-01,4.713962407559395551e-01,-5.201267764555986828e-01,-1.645694524621958976e-01,2.712992457507256705e-01,6.807279745848222596e-01,4.871620495510494142e-01,1.213653874616622275e-01,-6.532877781834067754e-02,-1.347803133164517109e-01,-8.444710150111954805e-01,-1.077315034006023797e+00,1.128871919028142656e+00,-1.778633353970573983e-02,8.256023034681135575e-02,-4.899897307530988455e-02,-8.128198550426286861e-02,6.499742765745854245e-02,-1.805322311541925906e+00,1.559606548929509895e+00,-3.442757747705063043e-01,-3.549460256369527111e-02,-5.873020469508814095e-02,1.944473492067405607e-02,2.907168037959383389e-01,-1.951150347411144459e+00,-1.494279893211301058e+00,4.868003040086547051e-01,-1.578802624542147703e-01,-5.386802719024481878e-02,2.056802929453751538e-01,-2.288916386390986990e-01
-2.845284184946346440e-03,-4.175221447515762435e-02,1.618488158251738529e-01,4.916139070244004983e-01,5.153220272225436105e-01,4.714024846736257213e-01,-5.201333214888124168e-01,-1.676332524892211184e-01,2.683993532820239669e-01,6.711827314793019639e-01,4.869624512566443353e-01,1.203841569759637464e-01,-6.636914223175474636e-02,-1.377287017828701943e-01,-8.488111549305407122e-01,-1.075101246239551722e+00,1.138506718133131423e+00,-2.261916379039247138e-02,8.270969002648830004e-02,-4.946430505462426352e-02,-8.100095006278394683e-02,6.489228186071563376e-02,-1.802665526051699052e+00,1.558143734157446891e+00,-3.437424434202568935e-01,-3.246660483946504916e-02,-5.948727521006050983e-02,1.413991519283468688e-02,2.931785055998643030e-01,-1.948972059817479563e+00,-1.492748017873716915e+00,4.867376646548726704e-01,-1.555050843156700335e-01,-5.275946489077634055e-02,2.011326993806188124e-01,-2.312676134454132726e-01
-2.845284184946346440e-03,-4.175221447515762435e-02,1.626608436835630389e-01,4.916079198058820321e-01,5.153154210825368065e-01,4.714087285152707696e-01,-5.201398664381312598e-01,-1.699338646330817715e-01,2.650701269018895800e-01,6.620925125905670061e-01,4.868998939857455133e-01,1.192064184039367536e-01,-6.715816832305998574e-02,-1.406942335677910660e-01,-8.522286447483066185e-01,-1.072665723449924613e+00,1.146563832159698926e+00,-2.653510212587455522e-02,8.286703787304047775e-02,-4.992773756452058981e-02,-8.073258842704644778e-02,6.481401491843349905e-02,-1.800391744654750825e+00,1.555370522856262649e+00,-3.422050591537841302e-01,-2.896932436527746568e-02,-5.888029875024956838e-02,8.806207311693924067e-03,2.940769142691940230e-01,-1.946921697204556656e+00,-1.490421652885568937e+00,4.861136294963235849e-01,-1.527473374674651330e-01,-5.268481412097125033e-02,1.964382993888988127e-01,-2.325907309456792527e-01
-2.845284184946346440e-03,-4.175221447515762435e-02,1.634728715419521972e-01,4.916019325080335789e-01,5.153088148593427675e-01,4.714149722809223286e-01,-5.201464113035904058e-01,-1.722344767769423968e-01,2.617409005217551932e-01,6.530022937018320484e-01,4.868373367148467468e-01,1.180286798319097608e-01,-6.794719441436523899e-02,-1.436597653527119656e-01,-8.556461345660726359e-01,-1.070230200660297504e+00,1.154620946186266428e+00,-3.045104046135663906e-02,8.302438571959265545e-02,-5.039117007441691609e-02,-8.046422679130893485e-02,6.473574797615137821e-02,-1.798117963257802598e+00,1.552597311555078408e+00,-3.406676748873114224e-01,-2.547204389108988568e-02,-5.827332229043862694e-02,3.472499430553162986e-03,2.949753229385237430e-01,-1.944871334591633749e+00,-1.488095287897420738e+00,4.854895943377744438e-01,-1.499895906192602324e-01,-5.261016335116616705e-02,1.917438993971787853e-01,-2.339138484459452050e-01
-2.845284184946346440e-03,-4.175221447515762435e-02,1.642848994003413832e-01,4.915959451308411499e-01,5.153022085529749274e-01,4.714212159705767902e-01,-5.201529560851927414e-01,-1.745350889208030498e-01,2.584116741416208063e-01,6.439120748130970906e-01,4.867747794439479248e-01,1.168509412598827679e-01,-6.873622050567047836e-02,-1.466252971376328373e-01,-8.590636243838385422e-01,-1.067794677870670395e+00,1.162678060212833930e+00,-3.436697879683872636e-02,8.318173356614483316e-02,-5.085460258431324237e-02,-8.019586515557143580e-02,6.465748103386924350e-02,-1.795844181860854372e+00,1.549824100253894166e+00,-3.391302906208386592e-01,-2.197476341690230567e-02,-5.766634583062767855e-02,-1.861208450587596361e-03,2.958737316078535184e-01,-1.942820971978710842e+00,-1.485768922909272760e+00,4.848655591792253583e-01,-1.472318437710553318e-01,-5.253551258136107682e-02,1.870494994054587856e-01,-2.352369659462111851e-01
-2.845284184946346440e-03,-4.175221447515762435e-02,1.650969272587305692e-01,4.915899576742977506e-01,5.152956021634432782e-01,4.714274595842276039e-01,-5.201595007829409312e-01,-1.768357010646637029e-01,2.550824477614864749e-01,6.348218559243621328e-01,4.867122221730491582e-01,1.156732026878557890e-01,-6.952524659697573162e-02,-1.495908289225537369e-01,-8.624811142016045595e-01,-1.065359155081043285e+00,1.170735174239401433e+00,-3.828291713232080673e-02,8.333908141269701086e-02,-5.131803509420956866e-02,-7.992750351983393675e-02,6.457921409158712267e-02,-1.793570400463906145e+00,1.547050888952709924e+00,-3.375929063543658959e-01,-1.847748294271472219e-02,-5.705936937081673710e-02,-7.194916331728360911e-03,2.967721402771832384e-01,-1.940770609365787935e+00,-1.483442557921124560e+00,4.842415240206762728e-01,-1.444740969228504590e-01,-5.246086181155599354e-02,1.823550994137387582e-01,-2.365600834464771374e-01
-2.845284184946346440e-03,-4.175221447515762435e-02,1.659089551171197552e-01,4.915839701384172034e-01,5.152889956907431568e-01,4.714337031218756580e-01,-5.201660453968255382e-01,-1.791363132085243282e-01,2.517532213813520880e-01,6.257316370356271751e-01,4.866496649021503362e-01,1.144954641158287961e-01,-7.031427268828097099e-02,-1.525563607074746086e-01,-8.658986040193704659e-01,-1.062923632291416176e+00,1.178792288265968935e+00,-4.219885546780289404e-02,8.349642925924918857e-02,-5.178146760410588800e-02,-7.965914188409642382e-02,6.450094714930498796e-02,-1.791296619066957918e+00,1.544277677651525682e+00,-3.360555220878931881e-01,-1.498020246852714218e-02,-5.645239291100579565e-02,-1.252862421286912199e-02,2.976705489465129584e-01,-1.938720246752865028e+00,-1.481116192932976583e+00,4.836174888621271317e-01,-1.417163500746455584e-01,-5.238621104175090332e-02,1.776606994220187585e-01,-2.378832009467431174e-01
-2.845284184946346440e-03,-4.175221447515762435e-02,1.667209829755089134e-01,4.915779825232021172e-01,5.152823891348775609e-01,4.714399465835204528e-01,-5.201725899268421216e-01,-1.814369253523849812e-01,2.484239950012177012e-01,6.166414181468922173e-01,4.865871076312515142e-01,1.133177255438018033e-01,-7.110329877958621037e-02,-1.555218924923955082e-01,-8.693160938371363722e-01,-1.060488109501788845e+00,1.186849402292536437e+00,-4.611479380328498134e-02,8.365377710580136628e-02,-5.224490011400221429e-02,-7.939078024835892478e-02,6.442268020702286713e-02,-1.789022837670009691e+00,1.541504466350341440e+00,-3.345181378214204249e-01,-1.148292199433955871e-02,-5.584541645119485420e-02,-1.786233209400987787e-02,2.985689576158426783e-01,-1.936669884139942122e+00,-1.478789827944828383e+00,4.829934537035780462e-01,-1.389586032264406579e-01,-5.231156027194582003e-02,1.729662994302987311e-01,-2.392063184470090975e-01
-2.845284184946346440e-03,-4.175221447515762435e-02,1.675330108338980994e-01,4.915719948286585428e-01,5.152757824958493771e-01,4.714461899691529956e-01,-5.201791343729896822e-01,-1.837375374962456065e-01,2.450947686210833421e-01,6.075511992581573706e-01,4.865245503603527477e-01,1.121399869717748243e-01,-7.189232487089144974e-02,-1.584874242773163522e-01,-8.727335836549022785e-01,-1.058052586712161958e+00,1.194906516319103718e+00,-5.003073213876702008e-02,8.381112495235354398e-02,-5.270833262389854057e-02,-7.912241861262142573e-02,6.434441326474073242e-02,-1.786749056273061687e+00,1.538731255049157198e+00,-3.329807535549477171e-01,-7.985641520152016865e-03,-5.523843999138391969e-02,-2.319603997515057997e-02,2.994673662851723983e-01,-1.934619521527019215e+00,-1.476463462956680406e+00,4.823694185450289607e-01,-1.362008563782357851e-01,-5.223690950214072981e-02,1.682718994385787870e-01,-2.405294359472750498e-01
-2.845284184946346440e-03,-4.175221447515762435e-02,1.683450386922872855e-01,4.915660070547838711e-01,5.152691757736634903e-01,4.714524332787758953e-01,-5.201856787352640010e-01,-1.860381496401062318e-01,2.417655422409489552e-01,5.984609803694225239e-01,4.864619930894539257e-01,1.109622483997478315e-01,-7.268135096219670299e-02,-1.614529560622372240e-01,-8.761510734726682958e-01,-1.055617063922534626e+00,1.202963630345671220e+00,-5.394667047424910045e-02,8.396847279890572169e-02,-5.317176513379485991e-02,-7.885405697688392668e-02,6.426614632245861158e-02,-1.784475274876113460e+00,1.535958043747972956e+00,-3.314433692884749538e-01,-4.488361045964436857e-03,-5.463146353157297130e-02,-2.852974785629134452e-02,3.003657749545021183e-01,-1.932569158914096308e+00,-1.474137097968532428e+00,4.817453833864798196e-01,-1.334431095300308845e-01,-5.216225873233564653e-02,1.635774994468587873e-01,-2.418525534475410022e-01
-2.845284184946346440e-03,-4.175221447515762435e-02,1.691570665506764437e-01,4.915600192015813219e-01,5.152625689683250076e-01,4.714586765123787715e-01,-5.201922230136655223e-01,-1.883387617839668848e-01,2.384363158608145961e-01,5.893707614806875661e-01,4.863994358185551592e-01,1.097845098277208387e-01,-7.347037705350194237e-02,-1.644184878471581235e-01,-8.795685632904342022e-01,-1.053181541132907517e+00,1.211020744372238722e+00,-5.786260880973118775e-02,8.412582064545789939e-02,-5.363519764369118620e-02,-7.858569534114641375e-02,6.418787938017647687e-02,-1.782201493479165233e+00,1.533184832446788715e+00,-3.299059850220022461e-01,-9.910805717768533807e-04,-5.402448707176202986e-02,-3.386345573743210907e-02,3.012641836238318382e-01,-1.930518796301173401e+00,-1.471810732980384229e+00,4.811213482279307341e-01,-1.306853626818259839e-01,-5.208760796253055630e-02,1.588830994551387599e-01,-2.431756709478069822e-01
-2.845284184946346440e-03,-4.175221447515762435e-02,1.699690944090656297e-01,4.915540312690462876e-01,5.152559620798398132e-01,4.714649196699655653e-01,-5.201987672081905822e-01,-1.906393739278275379e-01,2.351070894806802092e-01,5.802805425919526083e-01,4.863368785476563372e-01,1.086067712556938597e-01,-7.425940314480719562e-02,-1.673840196320789953e-01,-8.829860531082002195e-01,-1.050746018343280408e+00,1.219077858398806224e+00,-6.177854714521327506e-02,8.428316849201007710e-02,-5.409863015358751248e-02,-7.831733370540891470e-02,6.410961243789434216e-02,-1.779927712082217006e+00,1.530411621145604473e+00,-3.283686007555294828e-01,2.506199902410730096e-03,-5.341751061195108841e-02,-3.919716361857286668e-02,3.021625922931616137e-01,-1.928468433688250494e+00,-1.469484367992236251e+00,4.804973130693815930e-01,-1.279276158336210834e-01,-5.201295719272546608e-02,1.541886994634187324e-01,-2.444987884480729345e-01
-2.845284184946346440e-03,-4.175221447515762435e-02,1.707811222674548157e-01,4.915480432571963099e-01,5.152493551082030221e-01,4.714711627515298376e-01,-5.202053113188320754e-01,-1.929399860716881632e-01,2.317778631005458223e-01,5.711903237032176506e-01,4.862743212767575152e-01,1.074290326836668669e-01,-7.504842923611243499e-02,-1.703495514169998670e-01,-8.864035429259661258e-01,-1.048310495553653299e+00,1.227134972425373727e+00,-6.569448548069535543e-02,8.444051633856225481e-02,-5.456206266348383876e-02,-7.804897206967140177e-02,6.403134549561222133e-02,-1.777653930685268779e+00,1.527638409844420231e+00,-3.268312164890567195e-01,6.003480376598306634e-03,-5.281053415214014696e-02,-4.453087149971363123e-02,3.030610009624913337e-01,-1.926418071075327587e+00,-1.467158003004088052e+00,4.798732779108325075e-01,-1.251698689854162105e-01,-5.193830642292038280e-02,1.494942994716987328e-01,-2.458219059483389146e-01
-2.845284184946346440e-03,-4.175221447515762435e-02,1.715931501258440017e-01,4.915420551660295567e-01,5.152427480534204074e-01,4.714774057570697008e-01,-5.202118553455882255e-01,-1.952405982155488162e-01,2.284486367204114354e-01,5.621001048144826928e-01,4.862117640058587487e-01,1.062512941116398740e-01,-7.583745532741767437e-02,-1.733150832019207666e-01,-8.898210327437320322e-01,-1.045874972764026190e+00,1.235192086451941229e+00,-6.961042381617743580e-02,8.459786418511443251e-02,-5.502549517338016505e-02,-7.778061043393390273e-02,6.395307855333008662e-02,-1.775380149288320553e+00,1.524865198543235989e+00,-3.252938322225840118e-01,9.500760850785890110e-03,-5.220355769232920551e-02,-4.986457938085438885e-02,3.039594096318210537e-01,-1.924367708462404680e+00,-1.464831638015940074e+00,4.792492427522834220e-01,-1.224121221372113100e-01,-5.186365565311529258e-02,1.447998994799787331e-01,-2.471450234486048947e-01
-2.845284184946346440e-03,-4.175221447515762435e-02,1.724051779842331600e-01,4.915360669955419759e-01,5.152361409154998517e-01,4.714836486865806586e-01,-5.202183992884585884e-01,-1.975412103594094693e-01,2.251194103402770763e-01,5.530098859257477351e-01,4.861492067349599266e-01,1.050735555396128812e-01,-7.662648141872292762e-02,-1.762806149868416383e-01,-8.932385225614980495e-01,-1.043439449974399080e+00,1.243249200478508731e+00,-7.352636215165953004e-02,8.475521203166661022e-02,-5.548892768327649133e-02,-7.751224879819640368e-02,6.387481161104796579e-02,-1.773106367891372326e+00,1.522091987242051525e+00,-3.237564479561112485e-01,1.299804132497347359e-02,-5.159658123251825712e-02,-5.519828726199515340e-02,3.048578183011507736e-01,-1.922317345849481551e+00,-1.462505273027791874e+00,4.786252075937342809e-01,-1.196543752890064094e-01,-5.178900488331020929e-02,1.401054994882587057e-01,-2.484681409488708470e-01
-2.845284184946346440e-03,-4.175221447515762435e-02,1.732172058426223460e-01,4.915300787457401732e-01,5.152295336944416881e-01,4.714898915400620449e-01,-5.202249431474382790e-01,-1.998418225032700946e-01,2.217901839601426894e-01,5.439196670370127773e-01,4.860866494640611601e-01,1.038958169675858884e-01,-7.741550751002816699e-02,-1.792461467717625379e-01,-8.966560123792639558e-01,-1.041003927184771971e+00,1.251306314505076234e+00,-7.744230048714161041e-02,8.491255987821878792e-02,-5.595236019317281762e-02,-7.724388716245889075e-02,6.379654466876583108e-02,-1.770832586494424099e+00,1.519318775940867283e+00,-3.222190636896385407e-01,1.649532179916105706e-02,-5.098960477270731567e-02,-6.053199514313591795e-02,3.057562269704804936e-01,-1.920266983236558644e+00,-1.460178908039643897e+00,4.780011724351851954e-01,-1.168966284408015088e-01,-5.171435411350511907e-02,1.354110994965387060e-01,-2.497912584491368271e-01
-2.845284184946346440e-03,-4.175221447515762435e-02,1.740292337010115320e-01,4.915240904166437996e-01,5.152229263902391443e-01,4.714961343175093633e-01,-5.202314869225184157e-01,-2.021424346471307476e-01,2.184609575800083026e-01,5.348294481482778195e-01,4.860240921931623381e-01,1.027180783955589094e-01,-7.820453360133342025e-02,-1.822116785566834096e-01,-9.000735021970298622e-01,-1.038568404395144862e+00,1.259363428531643736e+00,-8.135823882262369078e-02,8.506990772477096563e-02,-5.641579270306914390e-02,-7.697552552672139170e-02,6.371827772648371024e-02,-1.768558805097475872e+00,1.516545564639683041e+00,-3.206816794231657775e-01,1.999260227334863360e-02,-5.038262831289637422e-02,-6.586570302427667556e-02,3.066546356398102136e-01,-1.918216620623635738e+00,-1.457852543051495697e+00,4.773771372766361099e-01,-1.141388815925966083e-01,-5.163970334370003579e-02,1.307166995048186786e-01,-2.511143759494027794e-01
-2.845284184946346440e-03,-4.175221447515762435e-02,1.748412615594007180e-01,4.915181020082226571e-01,5.152163190029162010e-01,4.715023770189181729e-01,-5.202380306137084354e-01,-2.044430467909914007e-01,2.151317311998739434e-01,5.257392292595428618e-01,4.859615349222635161e-01,1.015403398235319166e-01,-7.899355969263865962e-02,-1.851772103416042814e-01,-9.034909920147958795e-01,-1.036132881605517753e+00,1.267420542558211238e+00,-8.527417715810578502e-02,8.522725557132314333e-02,-5.687922521296547018e-02,-7.670716389098389265e-02,6.364001078420157553e-02,-1.766285023700527645e+00,1.513772353338498800e+00,-3.191442951566930142e-01,2.348988274753621708e-02,-4.977565185308543277e-02,-7.119941090541744011e-02,3.075530443091399890e-01,-1.916166258010712831e+00,-1.455526178063347720e+00,4.767531021180869688e-01,-1.113811347443917077e-01,-5.156505257389494556e-02,1.260222995130986789e-01,-2.524374934496687595e-01
-2.845284184946346440e-03,-4.175221447515762435e-02,1.756532894177898763e-01,4.915121135205088310e-01,5.152097115324569820e-01,4.715086196442893063e-01,-5.202445742209927948e-01,-2.067436589348520259e-01,2.118025048197395566e-01,5.166490103708079040e-01,4.858989776513647496e-01,1.003626012515049237e-01,-7.978258578394389899e-02,-1.881427421265251809e-01,-9.069084818325617858e-01,-1.033697358815890643e+00,1.275477656584778741e+00,-8.919011549358786539e-02,8.538460341787532104e-02,-5.734265772286178953e-02,-7.643880225524637972e-02,6.356174384191944082e-02,-1.764011242303579419e+00,1.510999142037314558e+00,-3.176069108902203064e-01,2.698716322172380055e-02,-4.916867539327449133e-02,-7.653311878655820466e-02,3.084514529784697090e-01,-1.914115895397789924e+00,-1.453199813075199520e+00,4.761290669595378833e-01,-1.086233878961868071e-01,-5.149040180408985534e-02,1.213278995213786654e-01,-2.537606109499347395e-01
-2.845284184946346440e-03,-4.175221447515762435e-02,1.764653172761790623e-01,4.915061249534862786e-01,5.152031039788770306e-01,4.715148621936169349e-01,-5.202511177443762680e-01,-2.090442710787126790e-01,2.084732784396051697e-01,5.075587914820729463e-01,4.858364203804659276e-01,9.918486267947793089e-02,-8.057161187524915225e-02,-1.911082739114460527e-01,-9.103259716503278032e-01,-1.031261836026263534e+00,1.283534770611346243e+00,-9.310605382906994576e-02,8.554195126442749875e-02,-5.780609023275812275e-02,-7.617044061950888068e-02,6.348347689963731999e-02,-1.761737460906631192e+00,1.508225930736130316e+00,-3.160695266237475431e-01,3.048444369591138403e-02,-4.856169893346354294e-02,-8.186682666769896921e-02,3.093498616477994290e-01,-1.912065532784867017e+00,-1.450873448087051543e+00,4.755050318009887422e-01,-1.058656410479819204e-01,-5.141575103428477206e-02,1.166334995296586519e-01,-2.550837284502007196e-01
-2.845284184946346440e-03,-4.175221447515762435e-02,1.772773451345682205e-01,4.915001363071734852e-01,5.151964963421695742e-01,4.715211046669006700e-01,-5.202576611838490850e-01,-2.113448832225733043e-01,2.051440520594708383e-01,4.984685725933380995e-01,4.857738631095671611e-01,9.800712410745095193e-02,-8.136063796655437774e-02,-1.940738056963668967e-01,-9.137434614680937095e-01,-1.028826313236636425e+00,1.291591884637913523e+00,-9.702199216455198449e-02,8.569929911097967645e-02,-5.826952274265444209e-02,-7.590207898377138163e-02,6.340520995735518528e-02,-1.759463679509683187e+00,1.505452719434946074e+00,-3.145321423572748354e-01,3.398172417009892587e-02,-4.795472247365260843e-02,-8.720053454883966437e-02,3.102482703171291489e-01,-1.910015170171944110e+00,-1.448547083098903565e+00,4.748809966424396567e-01,-1.031078941997770615e-01,-5.134110026447968184e-02,1.119390995379386938e-01,-2.564068459504666442e-01
-2.845284184946346440e-03,-4.175221447515762435e-02,1.780893729929574065e-01,4.914941475815561844e-01,5.151898886223488239e-01,4.715273470641337394e-01,-5.202642045394161308e-01,-2.136454953664339573e-01,2.018148256793364514e-01,4.893783537046031418e-01,4.857113058386683391e-01,9.682938553542395910e-02,-8.214966405785963099e-02,-1.970393374812877962e-01,-9.171609512858596158e-01,-1.026390790447009094e+00,1.299648998664481026e+00,-1.009379305000340787e-01,8.585664695753185416e-02,-5.873295525255076144e-02,-7.563371734803388258e-02,6.332694301507306445e-02,-1.757189898112734960e+00,1.502679508133761832e+00,-3.129947580908020721e-01,3.747900464428650935e-02,-4.734774601384166698e-02,-9.253424242998042892e-02,3.111466789864588689e-01,-1.907964807559021203e+00,-1.446220718110755366e+00,4.742569614838905712e-01,-1.003501473515721609e-01,-5.126644949467459855e-02,1.072446995462186803e-01,-2.577299634507326243e-01
-2.845284184946346440e-03,-4.175221447515762435e-02,1.789014008513465925e-01,4.914881587766516957e-01,5.151832808194091173e-01,4.715335893853151439e-01,-5.202707478110679684e-01,-2.159461075102945826e-01,1.984855992992020646e-01,4.802881348158681840e-01,4.856487485677695171e-01,9.565164696339696626e-02,-8.293869014916487037e-02,-2.000048692662086680e-01,-9.205784411036255221e-01,-1.023955267657381984e+00,1.307706112691048528e+00,-1.048538688355161591e-01,8.601399480408403186e-02,-5.919638776244709466e-02,-7.536535571229636965e-02,6.324867607279092974e-02,-1.754916116715786734e+00,1.499906296832577590e+00,-3.114573738243293644e-01,4.097628511847409283e-02,-4.674076955403072553e-02,-9.786795031112119347e-02,3.120450876557885889e-01,-1.905914444946098296e+00,-1.443894353122607388e+00,4.736329263253414301e-01,-9.759240050336726036e-02,-5.119179872486950833e-02,1.025502995544986667e-01,-2.590530809509986043e-01
-2.845284184946346440e-03,-4.175221447515762435e-02,1.797134287097357785e-01,4.914821698924525806e-01,5.151766729333602246e-01,4.715398316304395543e-01,-5.202772909988062633e-01,-2.182467196541552357e-01,1.951563729190676777e-01,4.711979159271332263e-01,4.855861912968707506e-01,9.447390839136998730e-02,-8.372771624047012362e-02,-2.029704010511295675e-01,-9.239959309213915395e-01,-1.021519744867754875e+00,1.315763226717616030e+00,-1.087698071709982395e-01,8.617134265063620957e-02,-5.965982027234341400e-02,-7.509699407655887060e-02,6.317040913050880890e-02,-1.752642335318838507e+00,1.497133085531393348e+00,-3.099199895578566011e-01,4.447356559266166243e-02,-4.613379309421977714e-02,-1.032016581922619580e-01,3.129434963251183088e-01,-1.903864082333175389e+00,-1.441567988134459188e+00,4.730088911667923446e-01,-9.483465365516235979e-02,-5.111714795506442505e-02,9.785589956277866708e-02,-2.603761984512645844e-01
-2.845284184946346440e-03,-4.175221447515762435e-02,1.805254565681249646e-01,4.914761809289750483e-01,5.151700649641961505e-01,4.715460737995092466e-01,-5.202838341026206903e-01,-2.205473317980158887e-01,1.918271465389332908e-01,4.621076970383982685e-01,4.855236340259719285e-01,9.329616981934299447e-02,-8.451674233177536300e-02,-2.059359328360504393e-01,-9.274134207391574458e-01,-1.019084222078127766e+00,1.323820340744183532e+00,-1.126857455064803198e-01,8.632869049718838728e-02,-6.012325278223974029e-02,-7.482863244082137155e-02,6.309214218822667419e-02,-1.750368553921890280e+00,1.494359874230209106e+00,-3.083826052913838378e-01,4.797084606684924590e-02,-4.552681663440884263e-02,-1.085353660734027087e-01,3.138419049944480843e-01,-1.901813719720252482e+00,-1.439241623146311211e+00,4.723848560082432591e-01,-9.207690680695745922e-02,-5.104249718525933482e-02,9.316149957105865353e-02,-2.616993159515305090e-01
-2.845284184946346440e-03,-4.175221447515762435e-02,1.813374844265141228e-01,4.914701918862081076e-01,5.151634569119297735e-01,4.715523158925160052e-01,-5.202903771225151353e-01,-2.228479439418765140e-01,1.884979201587989039e-01,4.530174781496633662e-01,4.854610767550731620e-01,9.211843124731600163e-02,-8.530576842308060237e-02,-2.089014646209713111e-01,-9.308309105569234632e-01,-1.016648699288500657e+00,1.331877454770751035e+00,-1.166016838419624141e-01,8.648603834374056498e-02,-6.058668529213606657e-02,-7.456027080508385863e-02,6.301387524594455336e-02,-1.748094772524942053e+00,1.491586662929024865e+00,-3.068452210249111300e-01,5.146812654103682938e-02,-4.491984017459789424e-02,-1.138690739545434732e-01,3.147403136637778043e-01,-1.899763357107329576e+00,-1.436915258158163011e+00,4.717608208496941180e-01,-8.931915995875257253e-02,-5.096784641545425154e-02,8.846709957933863999e-02,-2.630224334517964890e-01
-2.845284184946346440e-03,-4.175221447515762435e-02,1.821495122849033088e-01,4.914642027641574207e-01,5.151568487765615378e-01,4.715585579094596080e-01,-5.202969200584843801e-01,-2.251485560857371671e-01,1.851686937786645448e-01,4.439272592609284085e-01,4.853985194841743400e-01,9.094069267528900880e-02,-8.609479451438585562e-02,-2.118669964058922106e-01,-9.342484003746893695e-01,-1.014213176498873548e+00,1.339934568797318537e+00,-1.205176221774444945e-01,8.664338619029274269e-02,-6.105011780203239286e-02,-7.429190916934635958e-02,6.293560830366241865e-02,-1.745820991127993826e+00,1.488813451627840623e+00,-3.053078367584383668e-01,5.496540701522441980e-02,-4.431286371478695280e-02,-1.192027818356842239e-01,3.156387223331075242e-01,-1.897712994494406669e+00,-1.434588893170015034e+00,4.711367856911450325e-01,-8.656141311054767196e-02,-5.089319564564916132e-02,8.377269958761862645e-02,-2.643455509520624691e-01
-2.845284184946346440e-03,-4.175221447515762435e-02,1.829615401432924948e-01,4.914582135628332016e-01,5.151502405580908883e-01,4.715647998503364469e-01,-5.203034629105227626e-01,-2.267586150785110277e-01,1.815852753874971637e-01,4.351894078516464481e-01,4.855701317045301169e-01,8.956247721435277309e-02,-8.664978494408950849e-02,-2.151334794078219315e-01,-9.371628004582877036e-01,-1.011358027997514952e+00,1.346879777962452840e+00,-1.239498504032286313e-01,8.682336321626592246e-02,-6.151502123910461417e-02,-7.398353232345358799e-02,6.281076696879749066e-02,-1.744823887626179015e+00,1.485772107313097612e+00,-3.046072715334742220e-01,5.986028528553707928e-02,-4.355290770532738165e-02,-1.258506803381335415e-01,3.161084529397770182e-01,-1.896531220482846170e+00,-1.431625965735567663e+00,4.709115040198526003e-01,-8.267165774817981927e-02,-5.138624556346976791e-02,7.813631882263707973e-02,-2.650822858909679391e-01
-2.845284184946346440e-03,-4.175221447515762435e-02,1.837735680016816531e-01,4.914522242822335074e-01,5.151436322565243753e-01,4.715710417151416367e-01,-5.203100056786302829e-01,-2.283686740712849161e-01,1.780018569963298103e-01,4.264515564423644323e-01,4.857417439248858937e-01,8.818426175341655127e-02,-8.720477537379316135e-02,-2.183999624097516523e-01,-9.400772005418861488e-01,-1.008502879496156357e+00,1.353824987127587143e+00,-1.273820786290127682e-01,8.700334024223910223e-02,-6.197992467617683549e-02,-7.367515547756081640e-02,6.268592563393256267e-02,-1.743826784124364426e+00,1.482730762998354601e+00,-3.039067063085101328e-01,6.475516355584974570e-02,-4.279295169586781050e-02,-1.324985788405828591e-01,3.165781835464465677e-01,-1.895349446471285892e+00,-1.428663038301120292e+00,4.706862223485601682e-01,-7.878190238581195270e-02,-5.187929548129036755e-02,7.249993805765551913e-02,-2.658190208298734092e-01
-2.845284184946346440e-03,-4.175221447515762435e-02,1.845855958600708391e-01,4.914462349223638338e-01,5.151370238718632200e-01,4.715772835038727351e-01,-5.203165483628021670e-01,-2.299787330640587768e-01,1.744184386051624291e-01,4.177137050330824719e-01,4.859133561452416705e-01,8.680604629248031556e-02,-8.775976580349681422e-02,-2.216664454116813732e-01,-9.429916006254844829e-01,-1.005647730994797762e+00,1.360770196292721446e+00,-1.308143068547969190e-01,8.718331726821228200e-02,-6.244482811324905680e-02,-7.336677863166804481e-02,6.256108429906763468e-02,-1.742829680622549615e+00,1.479689418683611590e+00,-3.032061410835459880e-01,6.965004182616241213e-02,-4.203299568640824629e-02,-1.391464773430322044e-01,3.170479141531160616e-01,-1.894167672459725393e+00,-1.425700110866672921e+00,4.704609406772676805e-01,-7.489214702344410002e-02,-5.237234539911097414e-02,6.686355729267395853e-02,-2.665557557687788792e-01
-2.845284184946346440e-03,-4.175221447515762435e-02,1.853976237184600251e-01,4.914402454832263456e-01,5.151304154041098649e-01,4.715835252165305191e-01,-5.203230909630334189e-01,-2.315887920568326375e-01,1.708350202139950480e-01,4.089758536238005115e-01,4.860849683655973918e-01,8.542783083154407986e-02,-8.831475623320046708e-02,-2.249329284136110663e-01,-9.459060007090828170e-01,-1.002792582493439388e+00,1.367715405457855748e+00,-1.342465350805810698e-01,8.736329429418546177e-02,-6.290973155032127118e-02,-7.305840178577525934e-02,6.243624296420271363e-02,-1.741832577120735026e+00,1.476648074368868579e+00,-3.025055758585818433e-01,7.454492009647506467e-02,-4.127303967694867515e-02,-1.457943758454815220e-01,3.175176447597856111e-01,-1.892985898448164894e+00,-1.422737183432225549e+00,4.702356590059752484e-01,-7.100239166107623345e-02,-5.286539531693158073e-02,6.122717652769241181e-02,-2.672924907076842937e-01
-2.845284184946346440e-03,-4.175221447515762435e-02,1.862096515768492111e-01,4.914342559648101072e-01,5.151238068532772996e-01,4.715897668531091602e-01,-5.203296334793273692e-01,-2.331988510496065259e-01,1.672516018228276946e-01,4.002380022145184957e-01,4.862565805859531687e-01,8.404961537060785803e-02,-8.886974666290411995e-02,-2.281994114155407871e-01,-9.488204007926812622e-01,-9.999374339920806820e-01,1.374660614622989829e+00,-1.376787633063651928e-01,8.754327132015864155e-02,-6.337463498739349943e-02,-7.275002493988248775e-02,6.231140162933778565e-02,-1.740835473618920215e+00,1.473606730054125569e+00,-3.018050106336176985e-01,7.943979836678773110e-02,-4.051308366748910400e-02,-1.524422743479308395e-01,3.179873753664551050e-01,-1.891804124436604617e+00,-1.419774255997778178e+00,4.700103773346828162e-01,-6.711263629870838077e-02,-5.335844523475218038e-02,5.559079576271085815e-02,-2.680292256465897638e-01
-2.845284184946346440e-03,-4.175221447515762435e-02,1.870216794352383971e-01,4.914282663671474816e-01,5.151171982193504251e-01,4.715960084136057717e-01,-5.203361759116704732e-01,-2.348089100423803866e-01,1.636681834316603135e-01,3.915001508052365353e-01,4.864281928063089455e-01,8.267139990967162233e-02,-8.942473709260775894e-02,-2.314658944174705080e-01,-9.517348008762795963e-01,-9.970822854907221977e-01,1.381605823788124132e+00,-1.411109915321493435e-01,8.772324834613182132e-02,-6.383953842446571381e-02,-7.244164809398971616e-02,6.218656029447285766e-02,-1.739838370117105626e+00,1.470565385739382558e+00,-3.011044454086536093e-01,8.433467663710039752e-02,-3.975312765802953285e-02,-1.590901728503801571e-01,3.184571059731246545e-01,-1.890622350425044118e+00,-1.416811328563330807e+00,4.697850956633903841e-01,-6.322288093634051420e-02,-5.385149515257278696e-02,4.995441499772930449e-02,-2.687659605854952338e-01
-2.845284184946346440e-03,-4.175221447515762435e-02,1.878337072936275554e-01,4.914222766902092143e-01,5.151105895023524450e-01,4.716022498980148581e-01,-5.203427182600720569e-01,-2.364189690351542472e-01,1.600847650404929878e-01,3.827622993959546305e-01,4.865998050266647224e-01,8.129318444873541438e-02,-8.997972752231141180e-02,-2.347323774194002011e-01,-9.546492009598779305e-01,-9.942271369893636024e-01,1.388551032953258435e+00,-1.445432197579334388e-01,8.790322537210500109e-02,-6.430444186153792818e-02,-7.213327124809694457e-02,6.206171895960792967e-02,-1.738841266615290815e+00,1.467524041424639769e+00,-3.004038801836894645e-01,8.922955490741299456e-02,-3.899317164856997558e-02,-1.657380713528294192e-01,3.189268365797941485e-01,-1.889440576413483841e+00,-1.413848401128883436e+00,4.695598139920979519e-01,-5.933312557397270315e-02,-5.434454507039338661e-02,4.431803423274781328e-02,-2.695026955244007039e-01
-2.845284184946346440e-03,-4.175221447515762435e-02,1.886457351520167414e-01,4.914162869340209516e-01,5.151039807022719241e-01,4.716084913063374184e-01,-5.203492605245190195e-01,-2.380290280279281079e-01,1.565013466493256344e-01,3.740244479866726701e-01,4.867714172470204992e-01,7.991496898779917868e-02,-9.053471795201506467e-02,-2.379988604213299219e-01,-9.575636010434762646e-01,-9.913719884880050071e-01,1.395496242118392738e+00,-1.479754479837175896e-01,8.808320239807818086e-02,-6.476934529861015644e-02,-7.182489440220417298e-02,6.193687762474300168e-02,-1.737844163113476226e+00,1.464482697109896758e+00,-2.997033149587253198e-01,9.412443317772566098e-02,-3.823321563911040444e-02,-1.723859698552787367e-01,3.193965671864636979e-01,-1.888258802401923342e+00,-1.410885473694436287e+00,4.693345323208054642e-01,-5.544337021160484352e-02,-5.483759498821399320e-02,3.868165346776625962e-02,-2.702394304633061739e-01
-2.845284184946346440e-03,-4.175221447515762435e-02,1.894577630104058996e-01,4.914102970985765872e-01,5.150973718191179662e-01,4.716147326385687899e-01,-5.203558027050119161e-01,-2.396390870207019963e-01,1.529179282581582533e-01,3.652865965773906543e-01,4.869430294673762760e-01,7.853675352686294298e-02,-9.108970838171871753e-02,-2.412653434232596428e-01,-9.604780011270745987e-01,-9.885168399866465228e-01,1.402441451283527041e+00,-1.514076762095017403e-01,8.826317942405136063e-02,-6.523424873568237081e-02,-7.151651755631140139e-02,6.181203628987807369e-02,-1.736847059611661415e+00,1.461441352795153747e+00,-2.990027497337612306e-01,9.901931144803831353e-02,-3.747325962965083329e-02,-1.790338683577280543e-01,3.198662977931331919e-01,-1.887077028390362843e+00,-1.407922546259988916e+00,4.691092506495130321e-01,-5.155361484923698390e-02,-5.533064490603459284e-02,3.304527270278470596e-02,-2.709761654022116439e-01
-2.845284184946346440e-03,-4.175221447515762435e-02,1.902697908687950856e-01,4.914043071838830046e-01,5.150907628528906823e-01,4.716209738947077512e-01,-5.203623448015453068e-01,-2.412491460134758570e-01,1.493345098669908722e-01,3.565487451681086939e-01,4.871146416877320529e-01,7.715853806592670727e-02,-9.164469881142237040e-02,-2.445318264251893359e-01,-9.633924012106730439e-01,-9.856616914852879274e-01,1.409386660448661344e+00,-1.548399044352858633e-01,8.844315645002454040e-02,-6.569915217275459907e-02,-7.120814071041862980e-02,6.168719495501314570e-02,-1.735849956109846604e+00,1.458400008480410737e+00,-2.983021845087970858e-01,1.039141897183509800e-01,-3.671330362019126214e-02,-1.856817668601773719e-01,3.203360283998027414e-01,-1.885895254378802566e+00,-1.404959618825541545e+00,4.688839689782205999e-01,-4.766385948686912427e-02,-5.582369482385519943e-02,2.740889193780315231e-02,-2.717129003411171140e-01
-2.845284184946346440e-03,-4.175221447515762435e-02,1.910818187271842716e-01,4.913983171899342084e-01,5.150841538036000644e-01,4.716272150747474190e-01,-5.203688868141217450e-01,-2.428592050062497176e-01,1.457510914758235188e-01,3.478108937588266780e-01,4.872862539080878297e-01,7.578032260499047157e-02,-9.219968924112600939e-02,-2.477983094271190567e-01,-9.663068012942713780e-01,-9.828065429839293321e-01,1.416331869613795647e+00,-1.582721326610700141e-01,8.862313347599772018e-02,-6.616405560982681344e-02,-7.089976386452585821e-02,6.156235362014821771e-02,-1.734852852608032014e+00,1.455358664165667726e+00,-2.976016192838329411e-01,1.088090679886636325e-01,-3.595334761073169794e-02,-1.923296653626267172e-01,3.208057590064722353e-01,-1.884713480367242067e+00,-1.401996691391094174e+00,4.686586873069281123e-01,-4.377410412450126465e-02,-5.631674474167580602e-02,2.177251117282159865e-02,-2.724496352800225285e-01
-2.845284184946346440e-03,-4.175221447515762435e-02,1.918938465855734576e-01,4.913923271167423001e-01,5.150775446712428929e-01,4.716334561786860724e-01,-5.203754287427334591e-01,-2.444692639990236060e-01,1.421676730846561376e-01,3.390730423495447177e-01,4.874578661284435510e-01,7.440210714405424974e-02,-9.275467967082966225e-02,-2.510647924290487776e-01,-9.692212013778697122e-01,-9.799513944825708478e-01,1.423277078778929727e+00,-1.617043608868541649e-01,8.880311050197089995e-02,-6.662895904689904170e-02,-7.059138701863308663e-02,6.143751228528328973e-02,-1.733855749106217203e+00,1.452317319850924715e+00,-2.969010540588687963e-01,1.137039462589762989e-01,-3.519339160127212679e-02,-1.989775638650760348e-01,3.212754896131417848e-01,-1.883531706355681790e+00,-1.399033763956646803e+00,4.684334056356356801e-01,-3.988434876213340502e-02,-5.680979465949640567e-02,1.613613040784004499e-02,-2.731863702189279985e-01
-2.845284184946346440e-03,-4.175221447515762435e-02,1.927058744439626159e-01,4.913863369643144408e-01,5.150709354558200559e-01,4.716396972065218240e-01,-5.203819705873755641e-01,-2.460793229917974667e-01,1.385842546934887842e-01,3.303351909402627573e-01,4.876294783487993278e-01,7.302389168311801404e-02,-9.330967010053331512e-02,-2.543312754309784984e-01,-9.721356014614680463e-01,-9.770962459812122525e-01,1.430222287944064030e+00,-1.651365891126382879e-01,8.898308752794407972e-02,-6.709386248397125607e-02,-7.028301017274030116e-02,6.131267095041836174e-02,-1.732858645604402614e+00,1.449275975536181704e+00,-2.962004888339046516e-01,1.185988245292889653e-01,-3.443343559181255564e-02,-2.056254623675253523e-01,3.217452202198112787e-01,-1.882349932344121290e+00,-1.396070836522199432e+00,4.682081239643432480e-01,-3.599459339976554539e-02,-5.730284457731701225e-02,1.049974964285848439e-02,-2.739231051578334686e-01
-2.845284184946346440e-03,-4.175221447515762435e-02,1.935179023023518019e-01,4.913803467326346430e-01,5.150643261573458753e-01,4.716459381582513433e-01,-5.203885123480515018e-01,-2.476893819845713551e-01,1.350008363023214031e-01,3.215973395309807414e-01,4.878010905691551047e-01,7.164567622218177834e-02,-9.386466053023696798e-02,-2.575977584329082193e-01,-9.750500015450664915e-01,-9.742410974798536571e-01,1.437167497109198333e+00,-1.685688173384224386e-01,8.916306455391725949e-02,-6.755876592104347045e-02,-6.997463332684752957e-02,6.118782961555344069e-02,-1.731861542102587803e+00,1.446234631221438693e+00,-2.954999236089405623e-01,1.234937027996016179e-01,-3.367347958235298450e-02,-2.122733608699746699e-01,3.222149508264808282e-01,-1.881168158332561013e+00,-1.393107909087752061e+00,4.679828422930508158e-01,-3.210483803739769271e-02,-5.779589449513761884e-02,4.863368877876937668e-03,-2.746598400967389386e-01
-2.845284184946346440e-03,-4.175221447515762435e-02,1.943299301607409879e-01,4.913743564217241122e-01,5.150577167758118025e-01,4.716521790338736864e-01,-5.203950540247503920e-01,-2.492994409773452158e-01,1.314174179111540497e-01,3.128594881216987811e-01,4.879727027895108815e-01,7.026746076124554263e-02,-9.441965095994062085e-02,-2.608642414348379401e-01,-9.779644016286648256e-01,-9.713859489784951728e-01,1.444112706274332636e+00,-1.720010455642065894e-01,8.934304157989043926e-02,-6.802366935811569870e-02,-6.966625648095475798e-02,6.106298828068851270e-02,-1.730864438600773214e+00,1.443193286906695905e+00,-2.947993583839764176e-01,1.283885810699142704e-01,-3.291352357289341335e-02,-2.189212593724240152e-01,3.226846814331503221e-01,-1.879986384321000514e+00,-1.390144981653304690e+00,4.677575606217583282e-01,-2.821508267502982614e-02,-5.828894441295821849e-02,-7.730118871046159912e-04,-2.753965750356444087e-01
-2.845284184946346440e-03,-4.175221447515762435e-02,1.951419580191301462e-01,4.913683660315762425e-01,5.150511073112290505e-01,4.716584198333788613e-01,-5.204015956174767865e-01,-2.509094999701190765e-01,1.278339995199866685e-01,3.041216367124167652e-01,4.881443150098666584e-01,6.888924530030930693e-02,-9.497464138964427371e-02,-2.641307244367676610e-01,-9.808788017122631597e-01,-9.685308004771365775e-01,1.451057915439466939e+00,-1.754332737899907402e-01,8.952301860586361903e-02,-6.848857279518791308e-02,-6.935787963506198639e-02,6.093814694582358471e-02,-1.729867335098958403e+00,1.440151942591952894e+00,-2.940987931590122728e-01,1.332834593402269507e-01,-3.215356756343384914e-02,-2.255691578748733328e-01,3.231544120398198716e-01,-1.878804610309440015e+00,-1.387182054218857319e+00,4.675322789504658960e-01,-2.432532731266196652e-02,-5.878199433077882508e-02,-6.409392652086176589e-03,-2.761333099745498787e-01
-2.845284184946346440e-03,-4.175221447515762435e-02,1.959539858775193322e-01,4.913623755622022471e-01,5.150444977635927346e-01,4.716646605567744177e-01,-5.204081371262182509e-01,-2.525195589628929649e-01,1.242505811288193013e-01,2.953837853031348049e-01,4.883159272302224352e-01,6.751102983937308510e-02,-9.552963181934792658e-02,-2.673972074386973818e-01,-9.837932017958614939e-01,-9.656756519757779822e-01,1.458003124604601242e+00,-1.788655020157748632e-01,8.970299563183679881e-02,-6.895347623226014133e-02,-6.904950278916921480e-02,6.081330561095865672e-02,-1.728870231597143814e+00,1.437110598277209883e+00,-2.933982279340481281e-01,1.381783376105396033e-01,-3.139361155397427799e-02,-2.322170563773226504e-01,3.236241426464893656e-01,-1.877622836297879738e+00,-1.384219126784409948e+00,4.673069972791734639e-01,-2.043557195029410689e-02,-5.927504424859943166e-02,-1.204577341706772331e-02,-2.768700449134553487e-01
-2.845284184946346440e-03,-4.175221447515762435e-02,1.967660137359085182e-01,4.913563850135901911e-01,5.150378881329169545e-01,4.716709012040496973e-01,-5.204146785509811135e-01,-2.541296179556667978e-01,1.206671627376519340e-01,2.866459338938528445e-01,4.884875394505782120e-01,6.613281437843684940e-02,-9.608462224905156557e-02,-2.706636904406271027e-01,-9.867076018794599390e-01,-9.628205034744194979e-01,1.464948333769735545e+00,-1.822977302415589862e-01,8.988297265780999246e-02,-6.941837966933235571e-02,-6.874112594327644321e-02,6.068846427609372873e-02,-1.727873128095329003e+00,1.434069253962466872e+00,-2.926976627090839833e-01,1.430732158808522558e-01,-3.063365554451470685e-02,-2.388649548797719957e-01,3.240938732531589150e-01,-1.876441062286319239e+00,-1.381256199349962577e+00,4.670817156078810317e-01,-1.654581658792624727e-02,-5.976809416642003131e-02,-1.768215418204927697e-02,-2.776067798523608188e-01
-2.845284184946346440e-03,-4.175221447515762435e-02,1.975780415942977042e-01,4.913503943857620571e-01,5.150312784191932725e-01,4.716771417752029238e-01,-5.204212198917551602e-01,-2.557396769484406862e-01,1.170837443464846084e-01,2.779080824845709397e-01,4.886591516709339889e-01,6.475459891750062758e-02,-9.663961267875521843e-02,-2.739301734425567680e-01,-9.896220019630581621e-01,-9.599653549730609026e-01,1.471893542934869625e+00,-1.857299584673431092e-01,9.006294968378317223e-02,-6.988328310640457008e-02,-6.843274909738367162e-02,6.056362294122880074e-02,-1.726876024593514414e+00,1.431027909647723861e+00,-2.919970974841198941e-01,1.479680941511648529e-01,-2.987369953505514958e-02,-2.455128533822212300e-01,3.245636038598284090e-01,-1.875259288274758962e+00,-1.378293271915515206e+00,4.668564339365885996e-01,-1.265606122555842927e-02,-6.026114408424063096e-02,-2.331853494703077512e-02,-2.783435147912662888e-01
-2.845284184946346440e-03,-4.175221447515762435e-02,1.983900694526868624e-01,4.913444036786992486e-01,5.150246686224375647e-01,4.716833822702322654e-01,-5.204277611485439436e-01,-2.573497359412145746e-01,1.135003259553172411e-01,2.691702310752889238e-01,4.888307638912897657e-01,6.337638345656440575e-02,-9.719460310845887130e-02,-2.771966564444864889e-01,-9.925364020466566073e-01,-9.571102064717023072e-01,1.478838752100003928e+00,-1.891621866931272322e-01,9.024292670975635200e-02,-7.034818654347679834e-02,-6.812437225149090003e-02,6.043878160636387276e-02,-1.725878921091699825e+00,1.427986565332980851e+00,-2.912965322591557493e-01,1.528629724214775054e-01,-2.911374352559557843e-02,-2.521607518846705753e-01,3.250333344664979585e-01,-1.874077514263198463e+00,-1.375330344481067835e+00,4.666311522652961119e-01,-8.766305863190576586e-03,-6.075419400206123755e-02,-2.895491571201232184e-02,-2.790802497301717033e-01
-2.845284184946346440e-03,-4.175221447515762435e-02,1.992020973110760484e-01,4.913384128924249139e-01,5.150180587426409495e-01,4.716896226891334476e-01,-5.204343023213378050e-01,-2.589597949339884075e-01,1.099169075641498738e-01,2.604323796660069634e-01,4.890023761116454870e-01,6.199816799562816311e-02,-9.774959353816252416e-02,-2.804631394464162097e-01,-9.954508021302549414e-01,-9.542550579703438229e-01,1.485783961265138231e+00,-1.925944149189113830e-01,9.042290373572953177e-02,-7.081308998054901271e-02,-6.781599540559812844e-02,6.031394027149894477e-02,-1.724881817589885014e+00,1.424945221018238062e+00,-2.905959670341916046e-01,1.577578506917901857e-01,-2.835378751613600729e-02,-2.588086503871198651e-01,3.255030650731674524e-01,-1.872895740251637964e+00,-1.372367417046620464e+00,4.664058705940036798e-01,-4.876550500822710021e-03,-6.124724391988183719e-02,-3.459129647699388244e-02,-2.798169846690771734e-01
-2.845284184946346440e-03,-4.175221447515762435e-02,2.000141251694652345e-01,4.913324220269273401e-01,5.150114487798155283e-01,4.716958630319041945e-01,-5.204408434101382985e-01,-2.605698539267622960e-01,1.063334891729824927e-01,2.516945282567250031e-01,4.891739883320012638e-01,6.061995253469193434e-02,-9.830458396786616315e-02,-2.837296224483459306e-01,-9.983652022138532756e-01,-9.513999094689852276e-01,1.492729170430272534e+00,-1.960266431446955337e-01,9.060288076170271154e-02,-7.127799341762124097e-02,-6.750761855970534298e-02,6.018909893663401678e-02,-1.723884714088070425e+00,1.421903876703495051e+00,-2.898954018092274598e-01,1.626527289621028383e-01,-2.759383150667643614e-02,-2.654565488895692105e-01,3.259727956798370019e-01,-1.871713966240077687e+00,-1.369404489612173093e+00,4.661805889227112476e-01,-9.867951384548503957e-04,-6.174029383770244378e-02,-4.022767724197542916e-02,-2.805537196079826434e-01
-2.845284184946346440e-03,-4.175221447515762435e-02,2.008261530278543927e-01,4.913264310822306191e-01,5.150048387339511979e-01,4.717021032985416751e-01,-5.204473844149348771e-01,-2.621799129195361844e-01,1.027500707818151393e-01,2.429566768474429872e-01,4.893456005523570407e-01,5.924173707375569864e-02,-9.885957439756981602e-02,-2.869961054502756514e-01,-1.001279602297451721e+00,-9.485447609676266323e-01,1.499674379595406837e+00,-1.994588713704796845e-01,9.078285778767589131e-02,-7.174289685469345534e-02,-6.719924171381257139e-02,6.006425760176908879e-02,-1.722887610586255613e+00,1.418862532388752040e+00,-2.891948365842633706e-01,1.675476072324155186e-01,-2.683387549721687193e-02,-2.721044473920185558e-01,3.264425262865064958e-01,-1.870532192228517188e+00,-1.366441562177725721e+00,4.659553072514188155e-01,2.902960223913009230e-03,-6.223334375552305037e-02,-4.586405800695698975e-02,-2.812904545468881135e-01
-2.845284184946346440e-03,-4.175221447515762435e-02,2.016381808862435787e-01,4.913204400583089382e-01,5.149982286050692748e-01,4.717083434890420035e-01,-5.204539253357346462e-01,-2.637899719123100173e-01,9.916665239064775816e-02,2.342188254381609991e-01,4.895172127727128175e-01,5.786352161281946294e-02,-9.941456482727346888e-02,-2.902625884522053723e-01,-1.004194002381050055e+00,-9.456896124662681480e-01,1.506619588760541140e+00,-2.028910995962638353e-01,9.096283481364907109e-02,-7.220780029176568360e-02,-6.689086486791979980e-02,5.993941626690416080e-02,-1.721890507084440802e+00,1.415821188074009029e+00,-2.884942713592992258e-01,1.724424855027281711e-01,-2.607391948775730078e-02,-2.787523458944678456e-01,3.269122568931760453e-01,-1.869350418216956911e+00,-1.363478634743278350e+00,4.657300255801263278e-01,6.792715586280875795e-03,-6.272639367334365001e-02,-5.150043877193855035e-02,-2.820271894857935835e-01
-2.845284184946346440e-03,-4.175221447515762435e-02,2.024502087446327647e-01,4.913144489551856675e-01,5.149916183931593228e-01,4.717145836034051243e-01,-5.204604661725259485e-01,-2.654000309050839057e-01,9.558323399948039090e-02,2.254809740288790110e-01,4.896888249930685943e-01,5.648530615188323417e-02,-9.996955525697712175e-02,-2.935290714541350932e-01,-1.007108402464648389e+00,-9.428344639649095527e-01,1.513564797925675443e+00,-2.063233278220479583e-01,9.114281183962225086e-02,-7.267270372883789797e-02,-6.658248802202702821e-02,5.981457493203923281e-02,-1.720893403582626213e+00,1.412779843759266019e+00,-2.877937061343350811e-01,1.773373637730408237e-01,-2.531396347829772964e-02,-2.854002443969171909e-01,3.273819874998455393e-01,-1.868168644205396411e+00,-1.360515707308830979e+00,4.655047439088338956e-01,1.068247094864873195e-02,-6.321944359116425660e-02,-5.713681953692009707e-02,-2.827639244246990535e-01
-2.845284184946346440e-03,-4.175221447515762435e-02,2.034955667788689859e-01,4.915154557155959614e-01,5.152133991833371951e-01,4.715051356337036093e-01,-5.202409222328479022e-01,-2.707727355961437321e-01,9.692752924408680471e-02,2.246565315531994234e-01,4.970611696384673595e-01,5.026524947015917344e-02,-1.001478602644780974e-01,-3.022045888392309587e-01,-1.000775795070256935e+00,-9.317840367620670028e-01,1.508773832997920783e+00,-2.072642986917035690e-01,9.191654855805590774e-02,-7.182145388711186351e-02,-6.688575849441649734e-02,5.916826062917543427e-02,-1.726145383948556766e+00,1.412852259159134594e+00,-2.999737906062073245e-01,1.825096419205959053e-01,-2.305309085361224516e-02,-2.878169448902159755e-01,3.316034997912692961e-01,-1.870971669249248626e+00,-1.362800680227821415e+00,4.752914705902867021e-01,1.572659116214093072e-02,-6.568918683984677209e-02,-6.087540329131752720e-02,-2.887069966471876303e-01
-2.845284184946346440e-03,-4.175221447515762435e-02,2.045409248131052349e-01,4.917163749398208439e-01,5.154350883135002670e-01,4.712956001834806563e-01,-5.200212818712216523e-01,-2.761454402872036140e-01,9.827182448869320464e-02,2.238320890775198080e-01,5.044335142838661801e-01,4.404519278843510577e-02,-1.003261652719790731e-01,-3.108801062243268798e-01,-9.944431876758655919e-01,-9.207336095592245639e-01,1.503982868070166345e+00,-2.082052695613592075e-01,9.269028527648956461e-02,-7.097020404538582905e-02,-6.718902896680598036e-02,5.852194632631163573e-02,-1.731397364314487541e+00,1.412924674559003169e+00,-3.121538750780795679e-01,1.876819200681510147e-01,-2.079221822892676069e-02,-2.902336453835147601e-01,3.358250120826930529e-01,-1.873774694293100840e+00,-1.365085653146811850e+00,4.850781972717395085e-01,2.077071137563312603e-02,-6.815893008852927371e-02,-6.461398704571495732e-02,-2.946500688696762071e-01
-2.845284184946346440e-03,-4.175221447515762435e-02,2.055862828473414561e-01,4.919172065160921647e-01,5.156566856604593019e-01,4.710859773647149140e-01,-5.198015452049040697e-01,-2.815181449782634404e-01,9.961611973329961844e-02,2.230076466018402204e-01,5.118058589292648897e-01,3.782513610671103810e-02,-1.005044702794800626e-01,-3.195556236094227454e-01,-9.881105802814742489e-01,-9.096831823563820141e-01,1.499191903142411686e+00,-2.091462404310148182e-01,9.346402199492323537e-02,-7.011895420365978071e-02,-6.749229943919544950e-02,5.787563202344783719e-02,-1.736649344680418094e+00,1.412997089958871744e+00,-3.243339595499518113e-01,1.928541982157060963e-01,-1.853134560424127969e-02,-2.926503458768135446e-01,3.400465243741168098e-01,-1.876577719336953054e+00,-1.367370626065802286e+00,4.948649239531923150e-01,2.581483158912532133e-02,-7.062867333721178920e-02,-6.835257080011239439e-02,-3.005931410921648395e-01
-2.845284184946346440e-03,-4.175221447515762435e-02,2.066316408815777050e-01,4.921179503327915428e-01,5.158781911011683929e-01,4.708762672895270285e-01,-5.195817123513110092e-01,-2.868908496693232668e-01,1.009604149779060323e-01,2.221832041261606050e-01,5.191782035746637103e-01,3.160507942498697737e-02,-1.006827752869810383e-01,-3.282311409945186664e-01,-9.817779728870829059e-01,-8.986327551535395752e-01,1.494400938214657026e+00,-2.100872113006704289e-01,9.423775871335689225e-02,-6.926770436193374625e-02,-6.779556991158493251e-02,5.722931772058403865e-02,-1.741901325046348870e+00,1.413069505358740319e+00,-3.365140440218240547e-01,1.980264763632611780e-01,-1.627047297955579522e-02,-2.950670463701123292e-01,3.442680366655405666e-01,-1.879380744380805268e+00,-1.369655598984792499e+00,5.046516506346451214e-01,3.085895180261752010e-02,-7.309841658589430469e-02,-7.209115455450981758e-02,-3.065362133146534163e-01
-2.845284184946346440e-03,-4.175221447515762435e-02,2.076769989158139262e-01,4.923186062784288275e-01,5.160996045127352883e-01,4.706664700701848059e-01,-5.193617834280219725e-01,-2.922635543603831487e-01,1.023047102225124322e-01,2.213587616504810174e-01,5.265505482200624199e-01,2.538502274326291316e-02,-1.008610802944820140e-01,-3.369066583796145320e-01,-9.754453654926914519e-01,-8.875823279506970254e-01,1.489609973286902367e+00,-2.110281821703260674e-01,9.501149543179054913e-02,-6.841645452020771179e-02,-6.809884038397440165e-02,5.658300341772024011e-02,-1.747153305412279423e+00,1.413141920758608894e+00,-3.486941284936962426e-01,2.031987545108162596e-01,-1.400960035487031248e-02,-2.974837468634111137e-01,3.484895489569643234e-01,-1.882183769424657482e+00,-1.371940571903782935e+00,5.144383773160978723e-01,3.590307201610971888e-02,-7.556815983457680630e-02,-7.582973830890725464e-02,-3.124792855371419931e-01
-2.845284184946346440e-03,-4.175221447515762435e-02,2.087223569500501474e-01,4.925191742416708540e-01,5.163209257724070689e-01,4.704565858190986605e-01,-5.191417585527718925e-01,-2.976362590514429751e-01,1.036490054671188460e-01,2.205343191748014020e-01,5.339228928654612405e-01,1.916496606153884896e-02,-1.010393853019829896e-01,-3.455821757647104531e-01,-9.691127580983001089e-01,-8.765319007478544755e-01,1.484819008359147929e+00,-2.119691530399816781e-01,9.578523215022420600e-02,-6.756520467848167733e-02,-6.840211085636387078e-02,5.593668911485644157e-02,-1.752405285778209976e+00,1.413214336158477469e+00,-3.608742129655684860e-01,2.083710326583713690e-01,-1.174872773018482801e-02,-2.999004473567098428e-01,3.527110612483880803e-01,-1.884986794468509697e+00,-1.374225544822773371e+00,5.242251039975507343e-01,4.094719222960191418e-02,-7.803790308325932179e-02,-7.956832206330467783e-02,-3.184223577596305699e-01
-2.845284184946346440e-03,-4.175221447515762435e-02,2.097677149842863964e-01,4.927196541113190165e-01,5.165421547575800298e-01,4.702466146488324950e-01,-5.189216378434522436e-01,-3.030089637425028570e-01,1.049933007117252459e-01,2.197098766991218144e-01,5.412952375108599501e-01,1.294490937981478129e-02,-1.012176903094839653e-01,-3.542576931498063186e-01,-9.627801507039086548e-01,-8.654814735450120367e-01,1.480028043431393270e+00,-2.129101239096372888e-01,9.655896886865786288e-02,-6.671395483675562899e-02,-6.870538132875335380e-02,5.529037481199263609e-02,-1.757657266144140751e+00,1.413286751558346044e+00,-3.730542974374407295e-01,2.135433108059264506e-01,-9.487855105499345271e-03,-3.023171478500086273e-01,3.569325735398118371e-01,-1.887789819512361911e+00,-1.376510517741763806e+00,5.340118306790034852e-01,4.599131244309410949e-02,-8.050764633194182340e-02,-8.330690581770211489e-02,-3.243654299821191467e-01
-2.845284184946346440e-03,-4.175221447515762435e-02,2.108130730185226176e-01,4.929200457763063259e-01,5.167632913458070076e-01,4.700365566720860477e-01,-5.187014214181232541e-01,-3.083816684335626834e-01,1.063375959563316597e-01,2.188854342234422268e-01,5.486675821562587707e-01,6.724852698090720560e-03,-1.013959953169849409e-01,-3.629332105349022397e-01,-9.564475433095173118e-01,-8.544310463421694868e-01,1.475237078503638610e+00,-2.138510947792929273e-01,9.733270558709153364e-02,-6.586270499502959452e-02,-6.900865180114282293e-02,5.464406050912883755e-02,-1.762909246510071304e+00,1.413359166958214619e+00,-3.852343819093129729e-01,2.187155889534815323e-01,-7.226982480813860799e-03,-3.047338483433074119e-01,3.611540858312355939e-01,-1.890592844556214125e+00,-1.378795490660754242e+00,5.437985573604562362e-01,5.103543265658630479e-02,-8.297738958062433889e-02,-8.704548957209953808e-02,-3.303085022046077790e-01
-2.845284184946346440e-03,-4.175221447515762435e-02,2.118584310527588666e-01,4.931203491257209470e-01,5.169843354147823922e-01,4.698264120017044965e-01,-5.184811093949978078e-01,-3.137543731246225098e-01,1.076818912009380735e-01,2.180609917477626114e-01,5.560399268016575913e-01,5.047960163666528888e-04,-1.015743003244859305e-01,-3.716087279199981053e-01,-9.501149359151259688e-01,-8.433806191393269369e-01,1.470446113575883951e+00,-2.147920656489485380e-01,9.810644230552519052e-02,-6.501145515330356006e-02,-6.931192227353229207e-02,5.399774620626503902e-02,-1.768161226876001857e+00,1.413431582358083194e+00,-3.974144663811852163e-01,2.238878671010366417e-01,-4.966109856128376326e-03,-3.071505488366061964e-01,3.653755981226593508e-01,-1.893395869600066339e+00,-1.381080463579744677e+00,5.535852840419090981e-01,5.607955287007850009e-02,-8.544713282930685438e-02,-9.078407332649697514e-02,-3.362515744270963558e-01
-2.845284184946346440e-03,-4.175221447515762435e-02,2.129037890869950878e-01,4.933205640487896004e-01,5.172052868423503424e-01,4.696161807506787911e-01,-5.182607018924473286e-01,-3.191270778156823917e-01,1.090261864455444873e-01,2.172365492720830238e-01,5.634122714470563009e-01,-5.715260665357407843e-03,-1.017526053319869062e-01,-3.802842453050939708e-01,-9.437823285207345148e-01,-8.323301919364844981e-01,1.465655148648129513e+00,-2.157330365186041488e-01,9.888017902395884740e-02,-6.416020531157752560e-02,-6.961519274592177509e-02,5.335143190340124048e-02,-1.773413207241932632e+00,1.413503997757951769e+00,-4.095945508530574597e-01,2.290601452485917233e-01,-2.705237231442895324e-03,-3.095672493299049810e-01,3.695971104140831076e-01,-1.896198894643918553e+00,-1.383365436498734891e+00,5.633720107233618490e-01,6.112367308357069540e-02,-8.791687607798936988e-02,-9.452265708089441221e-02,-3.421946466495849326e-01
-2.845284184946346440e-03,-4.175221447515762435e-02,2.139491471212313090e-01,4.935206904348735657e-01,5.174261455065094495e-01,4.694058630321414904e-01,-5.180401990290066649e-01,-3.244997825067422181e-01,1.103704816901508873e-01,2.164121067964034084e-01,5.707846160924551215e-01,-1.193531734708146858e-02,-1.019309103394878818e-01,-3.889597626901898919e-01,-9.374497211263431717e-01,-8.212797647336419482e-01,1.460864183720374854e+00,-2.166740073882597872e-01,9.965391574239250427e-02,-6.330895546985149114e-02,-6.991846321831124422e-02,5.270511760053744194e-02,-1.778665187607863185e+00,1.413576413157820344e+00,-4.217746353249296476e-01,2.342324233961468050e-01,-4.443646067574108516e-04,-3.119839498232037656e-01,3.738186227055068644e-01,-1.899001919687770767e+00,-1.385650409417725326e+00,5.731587374048147110e-01,6.616779329706290458e-02,-9.038661932667187149e-02,-9.826124083529183539e-02,-3.481377188720735094e-01
-2.845284184946346440e-03,-4.175221447515762435e-02,2.149945051554675579e-01,4.937207281734950493e-01,5.176469112853979704e-01,4.691954589593713143e-01,-5.178196009233585473e-01,-3.298724871978020445e-01,1.117147769347573011e-01,2.155876643207238208e-01,5.781569607378538311e-01,-1.815537402880553625e-02,-1.021092153469888575e-01,-3.976352800752858130e-01,-9.311171137319518287e-01,-8.102293375307995094e-01,1.456073218792620194e+00,-2.176149782579153980e-01,1.004276524608261612e-01,-6.245770562812544974e-02,-7.022173369070072724e-02,5.205880329767364340e-02,-1.783917167973793960e+00,1.413648828557688919e+00,-4.339547197968018910e-01,2.394047015437019144e-01,1.816508017928073621e-03,-3.144006503165025501e-01,3.780401349969306213e-01,-1.901804944731622982e+00,-1.387935382336715762e+00,5.829454640862674619e-01,7.121191351055509988e-02,-9.285636257535438698e-02,-1.019998245896892586e-01,-3.540807910945621417e-01
-2.845284184946346440e-03,-4.175221447515762435e-02,2.160398631897037514e-01,4.939206771543145358e-01,5.178675840573077060e-01,4.689849686457874256e-01,-5.175989076943463552e-01,-3.352451918888618154e-01,1.130590721793636733e-01,2.147632218450442332e-01,5.855293053832524297e-01,-2.437543071052946514e-02,-1.022875203544898332e-01,-4.063107974603814565e-01,-9.247845063375605967e-01,-7.991789103279571815e-01,1.451282253864865757e+00,-2.185559491275710087e-01,1.012013891792598042e-01,-6.160645578639942915e-02,-7.052500416309018250e-02,5.141248899480985873e-02,-1.789169148339724291e+00,1.413721243957557716e+00,-4.461348042686739124e-01,2.445769796912568572e-01,4.077380642613506051e-03,-3.168173508098012792e-01,3.822616472883543226e-01,-1.904607969775475196e+00,-1.390220355255706197e+00,5.927321907677201018e-01,7.625603372404718416e-02,-9.532610582403683308e-02,-1.057384083440866263e-01,-3.600238633170506075e-01
-2.845284184946346440e-03,-4.175221447515762435e-02,2.170852212239400003e-01,4.941205372671148566e-01,5.180881637006905516e-01,4.687743922049531498e-01,-5.173781194609810008e-01,-3.406178965799216418e-01,1.144033674239700871e-01,2.139387793693646456e-01,5.929016500286512503e-01,-3.059548739225353281e-02,-1.024658253619908088e-01,-4.149863148454773776e-01,-9.184518989431691427e-01,-7.881284831251147427e-01,1.446491288937111097e+00,-2.194969199972266194e-01,1.019751258976934749e-01,-6.075520594467339469e-02,-7.082827463547966551e-02,5.076617469194606019e-02,-1.794421128705655066e+00,1.413793659357426291e+00,-4.583148887405461558e-01,2.497492578388119666e-01,6.338253267298990523e-03,-3.192340513031000637e-01,3.864831595797780794e-01,-1.907410994819327410e+00,-1.392505328174696633e+00,6.025189174491728528e-01,8.130015393753937947e-02,-9.779584907271934857e-02,-1.094769920984840494e-01,-3.659669355395391843e-01
-2.845284184946346440e-03,-4.175221447515762435e-02,2.181305792581762215e-01,4.943203084018465976e-01,5.183086500941377350e-01,4.685637297505725885e-01,-5.171572363424188357e-01,-3.459906012709814682e-01,1.157476626685765009e-01,2.131143368936850302e-01,6.002739946740499599e-01,-3.681554407397758660e-02,-1.026441303694917845e-01,-4.236618322305732987e-01,-9.121192915487777997e-01,-7.770780559222721928e-01,1.441700324009356438e+00,-2.204378908668822579e-01,1.027488626161271318e-01,-5.990395610294735329e-02,-7.113154510786913465e-02,5.011986038908226165e-02,-1.799673109071585619e+00,1.413866074757294866e+00,-4.704949732124183992e-01,2.549215359863670205e-01,8.599125891984471526e-03,-3.216507517963988483e-01,3.907046718712018363e-01,-1.910214019863179624e+00,-1.394790301093686846e+00,6.123056441306256037e-01,8.634427415103157477e-02,-1.002655923214018641e-01,-1.132155758528814726e-01,-3.719100077620277611e-01
-2.845284184946346440e-03,-4.175221447515762435e-02,2.191759372924124705e-01,4.945199904485990117e-01,5.185290431163941394e-01,4.683529813964935062e-01,-5.169362584579748621e-01,-3.513633059620413501e-01,1.170919579131829008e-01,2.122898944180054426e-01,6.076463393194487805e-01,-4.303560075570165427e-02,-1.028224353769927601e-01,-4.323373496156691642e-01,-9.057866841543863456e-01,-7.660276287194296430e-01,1.436909359081602000e+00,-2.213788617365378686e-01,1.035225993345607887e-01,-5.905270626122131883e-02,-7.143481558025861766e-02,4.947354608621846311e-02,-1.804925089437516394e+00,1.413938490157163441e+00,-4.826750576842905871e-01,2.600938141339221299e-01,1.085999851666995947e-02,-3.240674522896976328e-01,3.949261841626255931e-01,-1.913017044907031838e+00,-1.397075274012677282e+00,6.220923708120784656e-01,9.138839436452377007e-02,-1.027353355700843796e-01,-1.169541596072789097e-01,-3.778530799845163379e-01
-2.845284184946346440e-03,-4.175221447515762435e-02,2.202212953266486917e-01,4.947195832975963548e-01,5.187493426463608559e-01,4.681421472567034447e-01,-5.167151859271258418e-01,-3.567360106531011765e-01,1.184362531577893146e-01,2.114654519423258272e-01,6.150186839648474901e-01,-4.925565743742572195e-02,-1.030007403844937497e-01,-4.410128670007650298e-01,-8.994540767599950026e-01,-7.549772015165872041e-01,1.432118394153847341e+00,-2.223198326061934793e-01,1.042963360529944455e-01,-5.820145641949528437e-02,-7.173808605264808680e-02,4.882723178335466457e-02,-1.810177069803446948e+00,1.414010905557032016e+00,-4.948551421561628305e-01,2.652660922814772393e-01,1.312087114135544047e-02,-3.264841527829964174e-01,3.991476964540493499e-01,-1.915820069950884053e+00,-1.399360246931667717e+00,6.318790974935313276e-01,9.643251457801596538e-02,-1.052050788187668812e-01,-1.206927433616763468e-01,-3.837961522070049147e-01
-2.845284184946346440e-03,-4.175221447515762435e-02,2.212666533608849129e-01,4.949190868392241427e-01,5.189695485630825278e-01,4.679312274453324427e-01,-5.164940188694960854e-01,-3.621087153441610029e-01,1.197805484023957145e-01,2.106410094666462396e-01,6.223910286102463107e-01,-5.547571411914978962e-02,-1.031790453919947254e-01,-4.496883843858609509e-01,-8.931214693656036596e-01,-7.439267743137446542e-01,1.427327429226092681e+00,-2.232608034758490900e-01,1.050700727714281024e-01,-5.735020657776924297e-02,-7.204135652503755594e-02,4.818091748049085909e-02,-1.815429050169377501e+00,1.414083320956900591e+00,-5.070352266280351294e-01,2.704383704290322932e-01,1.538174376604092147e-02,-3.289008532762952020e-01,4.033692087454731068e-01,-1.918623094994736267e+00,-1.401645219850658153e+00,6.416658241749840785e-01,1.014766347915081607e-01,-1.076748220674493828e-01,-1.244313271160737699e-01,-3.897392244294934915e-01
-2.845284184946346440e-03,-4.175221447515762435e-02,2.223120113951211618e-01,4.951185009639912926e-01,5.191896607457655577e-01,4.677202220766525920e-01,-5.162727574048758816e-01,-3.674814200352208848e-01,1.211248436470021284e-01,2.098165669909666242e-01,6.297633732556451314e-01,-6.169577080087384341e-02,-1.033573503994957010e-01,-4.583639017709568164e-01,-8.867888619712122056e-01,-7.328763471109022154e-01,1.422536464298338021e+00,-2.242017743455047285e-01,1.058438094898617732e-01,-5.649895673604320157e-02,-7.234462699742703895e-02,4.753460317762706056e-02,-1.820681030535308276e+00,1.414155736356769166e+00,-5.192153110999073728e-01,2.756106485765874026e-01,1.764261639072640941e-02,-3.313175537695939310e-01,4.075907210368968636e-01,-1.921426120038588481e+00,-1.403930192769648588e+00,6.514525508564368295e-01,1.065207550050003560e-01,-1.101445653161318983e-01,-1.281699108704711931e-01,-3.956822966519821239e-01
-2.845284184946346440e-03,-4.175221447515762435e-02,2.233573694293573830e-01,4.953178255625799165e-01,5.194096790737573466e-01,4.675091312650749842e-01,-5.160514016531968506e-01,-3.728541247262807112e-01,1.224691388916085422e-01,2.089921245152870366e-01,6.371357179010438410e-01,-6.791582748259791802e-02,-1.035356554069966767e-01,-4.670394191560527375e-01,-8.804562545768208626e-01,-7.218259199080596655e-01,1.417745499370583584e+00,-2.251427452151603392e-01,1.066175462082954301e-01,-5.564770689431716710e-02,-7.264789746981650809e-02,4.688828887476326202e-02,-1.825933010901238829e+00,1.414228151756637741e+00,-5.313953955717795052e-01,2.807829267241425120e-01,1.990348901541189042e-02,-3.337342542628927156e-01,4.118122333283206205e-01,-1.924229145082440695e+00,-1.406215165688639024e+00,6.612392775378896914e-01,1.115648752184925513e-01,-1.126143085648144138e-01,-1.319084946248686441e-01,-4.016253688744707007e-01
-2.845284184946346440e-03,-4.175221447515762435e-02,2.244027274635936042e-01,4.955170605257881444e-01,5.196296034265684982e-01,4.672979551251540409e-01,-5.158299517345608098e-01,-3.782268294173405376e-01,1.238134341362149560e-01,2.081676820396074490e-01,6.445080625464426616e-01,-7.413588416432195793e-02,-1.037139604144976524e-01,-4.757149365411486031e-01,-8.741236471824294085e-01,-7.107754927052172267e-01,1.412954534442828924e+00,-2.260837160848159777e-01,1.073912829267290869e-01,-5.479645705259113264e-02,-7.295116794220599110e-02,4.624197457189946348e-02,-1.831184991267169604e+00,1.414300567156506316e+00,-5.435754800436518597e-01,2.859552048716975658e-01,2.216436164009737836e-02,-3.361509547561915001e-01,4.160337456197443773e-01,-1.927032170126292909e+00,-1.408500138607629459e+00,6.710260042193424423e-01,1.166089954319847605e-01,-1.150840518134969293e-01,-1.356470783792660673e-01,-4.075684410969592775e-01
-2.845284184946346440e-03,-4.175221447515762435e-02,2.254480854978298532e-01,4.957162057445751446e-01,5.198494336838597185e-01,4.670866937715786316e-01,-5.156084077692176804e-01,-3.835995341084004195e-01,1.251577293808213698e-01,2.073432395639278336e-01,6.518804071918413712e-01,-8.035594084604602561e-02,-1.038922654219986419e-01,-4.843904539262444686e-01,-8.677910397880380655e-01,-6.997250655023746768e-01,1.408163569515074265e+00,-2.270246869544715884e-01,1.081650196451627438e-01,-5.394520721086509818e-02,-7.325443841459546024e-02,4.559566026903566494e-02,-1.836436971633100157e+00,1.414372982556374891e+00,-5.557555645155239921e-01,2.911274830192526752e-01,2.442523426478285936e-02,-3.385676552494902847e-01,4.202552579111681341e-01,-1.929835195170145123e+00,-1.410785111526619673e+00,6.808127309007953043e-01,1.216531156454769558e-01,-1.175537950621794309e-01,-1.393856621336634904e-01,-4.135115133194479098e-01
-2.845284184946346440e-03,-4.175221447515762435e-02,2.264934435320660744e-01,4.959152611100626773e-01,5.200691697254357093e-01,4.668753473191837866e-01,-5.153867698775608241e-01,-3.889722387994602459e-01,1.265020246254277558e-01,2.065187970882482460e-01,6.592527518372401918e-01,-8.657599752777009328e-02,-1.040705704294996176e-01,-4.930659713113403897e-01,-8.614584323936467225e-01,-6.886746382995321270e-01,1.403372604587319827e+00,-2.279656578241271991e-01,1.089387563635964007e-01,-5.309395736913905678e-02,-7.355770888698492938e-02,4.494934596617186640e-02,-1.841688951999030710e+00,1.414445397956243466e+00,-5.679356489873962355e-01,2.962997611668077846e-01,2.668610688946834036e-02,-3.409843557427890692e-01,4.244767702025918910e-01,-1.932638220213997338e+00,-1.413070084445610108e+00,6.905994575822480552e-01,1.266972358589691650e-01,-1.200235383108619325e-01,-1.431242458880609414e-01,-4.194545855419364866e-01
-2.845284184946346440e-03,-4.175221447515762435e-02,2.275388015663023233e-01,4.961142265134758089e-01,5.202888114312731460e-01,4.666639158829405942e-01,-5.151650381801626821e-01,-3.943449434905200723e-01,1.278463198700341696e-01,2.056943546125686306e-01,6.666250964826390124e-01,-9.279605420949416095e-02,-1.042488754370005932e-01,-5.017414886964363108e-01,-8.551258249992552685e-01,-6.776242110966896881e-01,1.398581639659565168e+00,-2.289066286937828376e-01,1.097124930820300714e-01,-5.224270752741301538e-02,-7.386097935937441239e-02,4.430303166330806786e-02,-1.846940932364961485e+00,1.414517813356112041e+00,-5.801157334592684789e-01,3.014720393143628385e-01,2.894697951415382831e-02,-3.434010562360878538e-01,4.286982824940156478e-01,-1.935441245257849552e+00,-1.415355057364600544e+00,7.003861842637009172e-01,1.317413560724613464e-01,-1.224932815595444480e-01,-1.468628296424583368e-01,-4.253976577644250634e-01
-2.845284184946346440e-03,-4.175221447515762435e-02,2.285841596005385445e-01,4.963131018462358379e-01,5.205083586814835961e-01,4.664523995779595866e-01,-5.149432127977214835e-01,-3.997176481815799542e-01,1.291906151146405834e-01,2.048699121368890430e-01,6.739974411280377220e-01,-9.901611089121822862e-02,-1.044271804445015689e-01,-5.104170060815321763e-01,-8.487932176048639255e-01,-6.665737838938471382e-01,1.393790674731810508e+00,-2.298475995634384483e-01,1.104862298004637283e-01,-5.139145768568698092e-02,-7.416424983176388153e-02,4.365671736044426932e-02,-1.852192912730892038e+00,1.414590228755980617e+00,-5.922958179311407223e-01,3.066443174619179479e-01,3.120785213883930584e-02,-3.458177567293866383e-01,4.329197947854394046e-01,-1.938244270301701766e+00,-1.417640030283590979e+00,7.101729109451536681e-01,1.367854762859535556e-01,-1.249630248082269635e-01,-1.506014133968557878e-01,-4.313407299869136402e-01
-2.845284184946346440e-03,-4.175221447515762435e-02,2.296295176347747657e-01,4.965118869998679796e-01,5.207278113563484911e-01,4.662407985194922388e-01,-5.147212938511127600e-01,-4.041721486482414694e-01,1.302216798519844898e-01,2.040488807945781136e-01,6.790357266282093240e-01,-1.038796355419694395e-01,-1.046007385225763558e-01,-5.152427383126574334e-01,-8.421110748676454705e-01,-6.583062744775606268e-01,1.388683072588673628e+00,-2.303613127278838768e-01,1.109962469621481179e-01,-5.054259168314351874e-02,-7.446065861730380431e-02,4.297298508596959776e-02,-1.856866196080260378e+00,1.411862393953471573e+00,-6.018058485067855345e-01,3.130314075469031176e-01,3.476395657149623786e-02,-3.476394964690129319e-01,4.357383862137627073e-01,-1.941314908586038612e+00,-1.417616862544738732e+00,7.188776838298737148e-01,1.426617452987310186e-01,-1.287463174589325021e-01,-1.532582084864267669e-01,-4.364051652649024726e-01
-2.845284184946346440e-03,-4.175221447515762435e-02,2.306748756690110147e-01,4.967105818660810801e-01,5.209471693362909273e-01,4.660291128229274160e-01,-5.144992814613451593e-01,-4.086266491149030400e-01,1.312527445893283962e-01,2.032278494522671564e-01,6.840740121283809261e-01,-1.087431601927206504e-01,-1.047742966006511567e-01,-5.200684705437825794e-01,-8.354289321304269045e-01,-6.500387650612742263e-01,1.383575470445536526e+00,-2.308750258923293330e-01,1.115062641238325075e-01,-4.969372568060005657e-02,-7.475706740284374097e-02,4.228925281149491927e-02,-1.861539479429628496e+00,1.409134559150962307e+00,-6.113158790824302358e-01,3.194184976318883429e-01,3.832006100415317335e-02,-3.494612362086391699e-01,4.385569776420860655e-01,-1.944385546870375459e+00,-1.417593694805886484e+00,7.275824567145937616e-01,1.485380143115084817e-01,-1.325296101096380685e-01,-1.559150035759977737e-01,-4.414696005428912495e-01
-2.845284184946346440e-03,-4.175221447515762435e-02,2.317202337032472359e-01,4.969091863367056661e-01,5.211664325018995347e-01,4.658173426037900411e-01,-5.142771757495946394e-01,-4.130811495815645551e-01,1.322838093266723025e-01,2.024068181099562269e-01,6.891122976285525281e-01,-1.136066848434718474e-01,-1.049478546787259436e-01,-5.248942027749078365e-01,-8.287467893932084495e-01,-6.417712556449877148e-01,1.378467868302399646e+00,-2.313887390567747615e-01,1.120162812855168971e-01,-4.884485967805659440e-02,-7.505347618838366375e-02,4.160552053702024772e-02,-1.866212762778996836e+00,1.406406724348453263e+00,-6.208259096580750480e-01,3.258055877168735126e-01,4.187616543681010189e-02,-3.512829759482654635e-01,4.413755690704093682e-01,-1.947456185154712305e+00,-1.417570527067034236e+00,7.362872295993138083e-01,1.544142833242859447e-01,-1.363129027603436072e-01,-1.585717986655687528e-01,-4.465340358208800819e-01
-2.845284184946346440e-03,-4.175221447515762435e-02,2.327655917374834849e-01,4.971077003037391862e-01,5.213856007339100485e-01,4.656054879777464794e-01,-5.140549768371788231e-01,-4.175356500482261257e-01,1.333148740640162089e-01,2.015857867676452697e-01,6.941505831287241302e-01,-1.184702094942230582e-01,-1.051214127568007306e-01,-5.297199350060329825e-01,-8.220646466559898835e-01,-6.335037462287012033e-01,1.373360266159262766e+00,-2.319024522212201900e-01,1.125262984472012867e-01,-4.799599367551313223e-02,-7.534988497392360041e-02,4.092178826254557616e-02,-1.870886046128365177e+00,1.403678889545943997e+00,-6.303359402337197492e-01,3.321926778018586823e-01,4.543226986946703738e-02,-3.531047156878917570e-01,4.441941604987326708e-01,-1.950526823439048929e+00,-1.417547359328181988e+00,7.449920024840338550e-01,1.602905523370634078e-01,-1.400961954110491736e-01,-1.612285937551397597e-01,-4.515984710988689144e-01
-2.845284184946346440e-03,-4.175221447515762435e-02,2.338109497717197061e-01,4.973061236593085965e-01,5.216046739132211840e-01,4.653935490605987102e-01,-5.138326848455776474e-01,-4.219901505148876408e-01,1.343459388013600875e-01,2.007647554253343403e-01,6.991888686288957322e-01,-1.233337341449742691e-01,-1.052949708348755314e-01,-5.345456672371582396e-01,-8.153825039187714285e-01,-6.252362368124148029e-01,1.368252664016125664e+00,-2.324161653856656462e-01,1.130363156088856763e-01,-4.714712767296967005e-02,-7.564629375946352319e-02,4.023805598807089767e-02,-1.875559329477733295e+00,1.400951054743434954e+00,-6.398459708093645615e-01,3.385797678868439076e-01,4.898837430212396593e-02,-3.549264554275179950e-01,4.470127519270560290e-01,-1.953597461723385775e+00,-1.417524191589329741e+00,7.536967753687537908e-01,1.661668213498408708e-01,-1.438794880617547123e-01,-1.638853888447107388e-01,-4.566629063768577468e-01
-2.845284184946346440e-03,-4.175221447515762435e-02,2.348563078059559273e-01,4.975044562957031125e-01,5.218236519208834245e-01,4.651815259682860471e-01,-5.136102998964161559e-01,-4.264446509815491559e-01,1.353770035387039938e-01,1.999437240830233831e-01,7.042271541290673342e-01,-1.281972587957254661e-01,-1.054685289129503184e-01,-5.393713994682834967e-01,-8.087003611815529736e-01,-6.169687273961282914e-01,1.363145061872988784e+00,-2.329298785501110747e-01,1.135463327705700659e-01,-4.629826167042620788e-02,-7.594270254500345985e-02,3.955432371359622612e-02,-1.880232612827101635e+00,1.398223219940925910e+00,-6.493560013850092627e-01,3.449668579718290773e-01,5.254447873478090142e-02,-3.567481951671442886e-01,4.498313433553793317e-01,-1.956668100007722622e+00,-1.417501023850477493e+00,7.624015482534738375e-01,1.720430903626183339e-01,-1.476627807124602509e-01,-1.665421839342817178e-01,-4.617273416548465237e-01
-2.845284184946346440e-03,-4.175221447515762435e-02,2.359016658401921762e-01,4.977026981053557231e-01,5.220425346381035725e-01,4.649694188168865816e-01,-5.133878221114718254e-01,-4.308991514482107266e-01,1.364080682760479002e-01,1.991226927407124536e-01,7.092654396292389363e-01,-1.330607834464766770e-01,-1.056420869910251054e-01,-5.441971316994086427e-01,-8.020182184443344076e-01,-6.087012179798417799e-01,1.358037459729851903e+00,-2.334435917145565031e-01,1.140563499322544555e-01,-4.544939566788274571e-02,-7.623911133054338263e-02,3.887059143912155457e-02,-1.884905896176469975e+00,1.395495385138416644e+00,-6.588660319606540750e-01,3.513539480568142470e-01,5.610058316743783691e-02,-3.585699349067705821e-01,4.526499347837026344e-01,-1.959738738292059468e+00,-1.417477856111625245e+00,7.711063211381938842e-01,1.779193593753957969e-01,-1.514460733631658174e-01,-1.691989790238527247e-01,-4.667917769328353561e-01
-2.845284184946346440e-03,-4.175221447515762435e-02,2.369470238744283974e-01,4.979008489808528504e-01,5.222613219462448608e-01,4.647572277226139636e-01,-5.131652516126722352e-01,-4.353536519148722417e-01,1.374391330133918065e-01,1.983016613984014964e-01,7.143037251294105383e-01,-1.379243080972278879e-01,-1.058156450690998923e-01,-5.490228639305338998e-01,-7.953360757071159526e-01,-6.004337085635553795e-01,1.352929857586714801e+00,-2.339573048790019594e-01,1.145663670939388451e-01,-4.460052966533928354e-02,-7.653552011608331929e-02,3.818685916464687607e-02,-1.889579179525838093e+00,1.392767550335907600e+00,-6.683760625362988872e-01,3.577410381417994722e-01,5.965668760009477239e-02,-3.603916746463968757e-01,4.554685262120259370e-01,-1.962809376576396314e+00,-1.417454688372772997e+00,7.798110940229139310e-01,1.837956283881732600e-01,-1.552293660138713560e-01,-1.718557741134237316e-01,-4.718562122108241885e-01
-2.845284184946346440e-03,-4.175221447515762435e-02,2.379923819086646186e-01,4.980989088149313515e-01,5.224800137268268418e-01,4.645449528018179008e-01,-5.129425885220939563e-01,-4.398081523815338123e-01,1.384701977507357129e-01,1.974806300560905670e-01,7.193420106295821403e-01,-1.427878327479790987e-01,-1.059892031471746932e-01,-5.538485961616590458e-01,-7.886539329698973866e-01,-5.921661991472688680e-01,1.347822255443577921e+00,-2.344710180434473878e-01,1.150763842556232347e-01,-4.375166366279582830e-02,-7.683192890162324207e-02,3.750312689017220452e-02,-1.894252462875206433e+00,1.390039715533398335e+00,-6.778860931119435884e-01,3.641281282267846420e-01,6.321279203275170788e-02,-3.622134143860231137e-01,4.582871176403492952e-01,-1.965880014860733160e+00,-1.417431520633920750e+00,7.885158669076339777e-01,1.896718974009507230e-01,-1.590126586645769224e-01,-1.745125692029947106e-01,-4.769206474888129654e-01
-2.845284184946346440e-03,-4.175221447515762435e-02,2.390377399429008676e-01,4.982968775004622541e-01,5.226986098615329368e-01,4.643325941709829929e-01,-5.127198329619748751e-01,-4.442626528481953274e-01,1.395012624880796193e-01,1.966595987137796098e-01,7.243802961297537424e-01,-1.476513573987303096e-01,-1.061627612252494801e-01,-5.586743283927843029e-01,-7.819717902326789316e-01,-5.838986897309823565e-01,1.342714653300440819e+00,-2.349847312078928163e-01,1.155864014173076243e-01,-4.290279766025235919e-02,-7.712833768716317873e-02,3.681939461569753297e-02,-1.898925746224574773e+00,1.387311880730889291e+00,-6.873961236875884007e-01,3.705152183117698117e-01,6.676889646540863643e-02,-3.640351541256494072e-01,4.611057090686725979e-01,-1.968950653145070007e+00,-1.417408352895068502e+00,7.972206397923540244e-01,1.955481664137281861e-01,-1.627959513152824611e-01,-1.771693642925656897e-01,-4.819850827668017978e-01
-2.845284184946346440e-03,-4.175221447515762435e-02,2.400830979771370888e-01,4.984947549304900583e-01,5.229171102321936715e-01,4.641201519467326730e-01,-5.124969850546872152e-01,-4.487171533148568425e-01,1.405323272254235256e-01,1.958385673714686803e-01,7.294185816299253444e-01,-1.525148820494814927e-01,-1.063363193033242671e-01,-5.635000606239095600e-01,-7.752896474954604766e-01,-5.756311803146959560e-01,1.337607051157303939e+00,-2.354984443723382725e-01,1.160964185789920139e-01,-4.205393165770890396e-02,-7.742474647270310151e-02,3.613566234122285448e-02,-1.903599029573943113e+00,1.384584045928380247e+00,-6.969061542632331019e-01,3.769023083967549814e-01,7.032500089806556498e-02,-3.658568938652757008e-01,4.639243004969959006e-01,-1.972021291429406631e+00,-1.417385185156216254e+00,8.059254126770740712e-01,2.014244354265056491e-01,-1.665792439659879998e-01,-1.798261593821366966e-01,-4.870495180447906303e-01
-2.845284184946346440e-03,-4.175221447515762435e-02,2.411284560113733377e-01,4.986925409981878277e-01,5.231355147208058831e-01,4.639076262458249333e-01,-5.122740449227662918e-01,-4.531716537815184132e-01,1.415633919627674320e-01,1.950175360291577231e-01,7.344568671300969465e-01,-1.573784067002327036e-01,-1.065098773813990679e-01,-5.683257928550347060e-01,-7.686075047582419106e-01,-5.673636708984094446e-01,1.332499449014167059e+00,-2.360121575367837010e-01,1.166064357406764035e-01,-4.120506565516544178e-02,-7.772115525824303817e-02,3.545193006674818292e-02,-1.908272312923311231e+00,1.381856211125870981e+00,-7.064161848388779141e-01,3.832893984817402067e-01,7.388110533072249353e-02,-3.676786336049019388e-01,4.667428919253192587e-01,-1.975091929713743477e+00,-1.417362017417364006e+00,8.146301855617941179e-01,2.073007044392831122e-01,-1.703625366166935662e-01,-1.824829544717076757e-01,-4.921139533227794072e-01
-2.845284184946346440e-03,-4.175221447515762435e-02,2.421738140456095312e-01,4.988902355969030422e-01,5.233538232095187315e-01,4.636950171851484392e-01,-5.120510126888838665e-01,-4.576261542481798172e-01,1.425944567001113106e-01,1.941965046868467937e-01,7.394951526302684375e-01,-1.622419313509838035e-01,-1.066834354594738549e-01,-5.731515250861598521e-01,-7.619253620210235667e-01,-5.590961614821231551e-01,1.327391846871030179e+00,-2.365258707012291295e-01,1.171164529023607792e-01,-4.035619965262199349e-02,-7.801756404378296095e-02,3.476819779227352525e-02,-1.912945596272679349e+00,1.379128376323361937e+00,-7.159262154145225043e-01,3.896764885667252099e-01,7.743720976337935269e-02,-3.695003733445281768e-01,4.695614833536425059e-01,-1.978162567998080323e+00,-1.417338849678511759e+00,8.233349584465139426e-01,2.131769734520604365e-01,-1.741458292673990216e-01,-1.851397495612785993e-01,-4.971783886007681286e-01
-2.845284184946346440e-03,-4.175221447515762435e-02,2.432191720798457801e-01,4.990878386201067496e-01,5.235720355806461335e-01,4.634823248817325214e-01,-5.118278884758753478e-01,-4.620806547148413879e-01,1.436255214374552169e-01,1.933754733445358642e-01,7.445334381304400395e-01,-1.671054560017350421e-01,-1.068569935375486418e-01,-5.779772573172849981e-01,-7.552432192838051117e-01,-5.508286520658366436e-01,1.322284244727893299e+00,-2.370395838656745580e-01,1.176264700640451688e-01,-3.950733365007853826e-02,-7.831397282932288373e-02,3.408446551779885370e-02,-1.917618879622047690e+00,1.376400541520852894e+00,-7.254362459901672056e-01,3.960635786517104351e-01,8.099331419603629512e-02,-3.713221130841544704e-01,4.723800747819658086e-01,-1.981233206282417170e+00,-1.417315681939659511e+00,8.320397313312339893e-01,2.190532424648379273e-01,-1.779291219181045880e-01,-1.877965446508496061e-01,-5.022428238787569610e-01
-2.845284184946346440e-03,-4.175221447515762435e-02,2.442645301140820013e-01,4.992853499614431367e-01,5.237901517166538845e-01,4.632695494527396818e-01,-5.116046724067123685e-01,-4.665351551815029030e-01,1.446565861747990955e-01,1.925544420022249348e-01,7.495717236306116416e-01,-1.719689806524862252e-01,-1.070305516156234288e-01,-5.828029895484102552e-01,-7.485610765465865457e-01,-5.425611426495502432e-01,1.317176642584756197e+00,-2.375532970301200142e-01,1.181364872257295584e-01,-3.865846764753506914e-02,-7.861038161486282039e-02,3.340073324332418214e-02,-1.922292162971416030e+00,1.373672706718343628e+00,-7.349462765658120178e-01,4.024506687366956048e-01,8.454941862869322367e-02,-3.731438528237807639e-01,4.751986662102891112e-01,-1.984303844566754016e+00,-1.417292514200807263e+00,8.407445042159540360e-01,2.249295114776153626e-01,-1.817124145688101267e-01,-1.904533397404205852e-01,-5.073072591567457934e-01
-2.845284184946346440e-03,-4.175221447515762435e-02,2.453098881483182225e-01,4.994827695146993318e-01,5.240081715001713158e-01,4.630566910154648164e-01,-5.113813646045203276e-01,-4.709896556481644181e-01,1.456876509121430019e-01,1.917334106599139776e-01,7.546100091307833546e-01,-1.768325053032374639e-01,-1.072041096936982296e-01,-5.876287217795355122e-01,-7.418789338093680907e-01,-5.342936332332637317e-01,1.312069040441619316e+00,-2.380670101945654427e-01,1.186465043874139480e-01,-3.780960164499161391e-02,-7.890679040040274317e-02,3.271700096884950365e-02,-1.926965446320784370e+00,1.370944871915834584e+00,-7.444563071414567190e-01,4.088377588216808300e-01,8.810552306135016609e-02,-3.749655925634070019e-01,4.780172576386124694e-01,-1.987374482851090640e+00,-1.417269346461955015e+00,8.494492771006740828e-01,2.308057804903928534e-01,-1.854957072195156931e-01,-1.931101348299915921e-01,-5.123716944347346258e-01
-2.845284184946346440e-03,-4.175221447515762435e-02,2.463552461825544715e-01,4.996800971738130093e-01,5.242260948139868537e-01,4.628437496873368251e-01,-5.111579651925728385e-01,-4.754441561148259887e-01,1.467187156494869082e-01,1.909123793176030481e-01,7.596482946309549567e-01,-1.816960299539886470e-01,-1.073776677717730166e-01,-5.924544540106606583e-01,-7.351967910721495247e-01,-5.260261238169772202e-01,1.306961438298482214e+00,-2.385807233590108711e-01,1.191565215490983376e-01,-3.696073564244814480e-02,-7.920319918594267983e-02,3.203326869437483210e-02,-1.931638729670152488e+00,1.368217037113325318e+00,-7.539663377171015313e-01,4.152248489066659998e-01,9.166162749400709464e-02,-3.767873323030332955e-01,4.808358490669357721e-01,-1.990445121135427486e+00,-1.417246178723102767e+00,8.581540499853941295e-01,2.366820495031703164e-01,-1.892789998702212317e-01,-1.957669299195625712e-01,-5.174361297127234582e-01
-2.845284184946346440e-03,-4.175221447515762435e-02,2.474006042167906927e-01,4.998773328328802723e-01,5.244439215410467980e-01,4.626307255859188339e-01,-5.109344742942880657e-01,-4.798986565814875038e-01,1.477497803868308146e-01,1.900913479752920909e-01,7.646865801311265587e-01,-1.865595546047398579e-01,-1.075512258498478035e-01,-5.972801862417859153e-01,-7.285146483349310698e-01,-5.177586144006908198e-01,1.301853836155345334e+00,-2.390944365234563274e-01,1.196665387107827272e-01,-3.611186963990468957e-02,-7.949960797148260261e-02,3.134953641990015361e-02,-1.936312013019520828e+00,1.365489202310816275e+00,-7.634763682927463435e-01,4.216119389916511695e-01,9.521773192666402319e-02,-3.786090720426595890e-01,4.836544404952590748e-01,-1.993515759419764333e+00,-1.417223010984250520e+00,8.668588228701141762e-01,2.425583185159477795e-01,-1.930622925209267704e-01,-1.984237250091335780e-01,-5.225005649907121796e-01
-2.845284184946346440e-03,-4.175221447515762435e-02,2.484459622510269416e-01,5.000744763861353359e-01,5.246616515644613177e-01,4.624176188289078615e-01,-5.107108920332394941e-01,-4.843531570481490744e-01,1.487808451241747210e-01,1.892703166329811615e-01,7.697248656312981607e-01,-1.914230792554910687e-01,-1.077247839279226044e-01,-6.021059184729111724e-01,-7.218325055977126148e-01,-5.094911049844043083e-01,1.296746234012208454e+00,-2.396081496879017558e-01,1.201765558724671168e-01,-3.526300363736122045e-02,-7.979601675702253927e-02,3.066580414542548205e-02,-1.940985296368889168e+00,1.362761367508307231e+00,-7.729863988683910447e-01,4.279990290766363392e-01,9.877383635932096562e-02,-3.804308117822858826e-01,4.864730319235824330e-01,-1.996586397704101179e+00,-1.417199843245398272e+00,8.755635957548341120e-01,2.484345875287252425e-01,-1.968455851716323368e-01,-2.010805200987045571e-01,-5.275650002687010121e-01
-2.845284184946346440e-03,-4.175221447515762435e-02,2.494913202852631628e-01,5.002715277279863315e-01,5.248792847674959017e-01,4.622044295341311004e-01,-5.104872185331350565e-01,-4.888076575148105896e-01,1.498119098615186273e-01,1.884492852906702043e-01,7.747631511314697628e-01,-1.962866039062422796e-01,-1.078983420059973913e-01,-6.069316507040363184e-01,-7.151503628604940488e-01,-5.012235955681177968e-01,1.291638631869071352e+00,-2.401218628523471843e-01,1.206865730341515064e-01,-3.441413763481776522e-02,-8.009242554256246205e-02,2.998207187095080703e-02,-1.945658579718257286e+00,1.360033532705797965e+00,-7.824964294440358570e-01,4.343861191616215645e-01,1.023299407919778942e-01,-3.822525515219121206e-01,4.892916233519057356e-01,-1.999657035988438025e+00,-1.417176675506546024e+00,8.842683686395541587e-01,2.543108565415027056e-01,-2.006288778223378755e-01,-2.037373151882755362e-01,-5.326294355466898445e-01
-2.845284184946346440e-03,-4.175221447515762435e-02,2.505366783194993840e-01,5.004684867529809456e-01,5.250968210335792419e-01,4.619911578195523005e-01,-5.102634539178368955e-01,-4.932621579814721047e-01,1.508429745988625337e-01,1.876282539483592748e-01,7.798014366316413648e-01,-2.011501285569934905e-01,-1.080719000840721783e-01,-6.117573829351615755e-01,-7.084682201232755938e-01,-4.929560861518313408e-01,1.286531029725934472e+00,-2.406355760167926405e-01,1.211965901958358960e-01,-3.356527163227429611e-02,-8.038883432810239871e-02,2.929833959647613548e-02,-1.950331863067625626e+00,1.357305697903288921e+00,-7.920064600196805582e-01,4.407732092466067342e-01,1.058860452246348227e-01,-3.840742912615384141e-01,4.921102147802290383e-01,-2.002727674272774649e+00,-1.417153507767693776e+00,8.929731415242742054e-01,2.601871255542801409e-01,-2.044121704730434419e-01,-2.063941102778465431e-01,-5.376938708246786769e-01
-2.845284184946346440e-03,-4.175221447515762435e-02,2.515820363537356052e-01,5.006653533558104163e-01,5.253142602463046762e-01,4.617778038032637755e-01,-5.100395983113601428e-01,-4.977166584481336753e-01,1.518740393362064123e-01,1.868072226060483176e-01,7.848397221318129668e-01,-2.060136532077446736e-01,-1.082454581621469653e-01,-6.165831151662867216e-01,-7.017860773860571388e-01,-4.846885767355448849e-01,1.281423427582797592e+00,-2.411492891812380690e-01,1.217066073575202856e-01,-3.271640562973083394e-02,-8.068524311364232149e-02,2.861460732200146045e-02,-1.955005146416993966e+00,1.354577863100779656e+00,-8.015164905953253704e-01,4.471602993315919039e-01,1.094421496572917651e-01,-3.858960310011647077e-01,4.949288062085523410e-01,-2.005798312557111718e+00,-1.417130340028841529e+00,9.016779144089942521e-01,2.660633945670576317e-01,-2.081954631237489806e-01,-2.090509053674175222e-01,-5.427583061026675093e-01
-2.845284184946346440e-03,-4.175221447515762435e-02,2.526273943879718820e-01,5.008621274313492799e-01,5.255316022894185313e-01,4.615643676034913989e-01,-5.098156518378466062e-01,-5.021711589147952459e-01,1.529051040735503186e-01,1.859861912637373882e-01,7.898780076319845689e-01,-2.108771778584958845e-01,-1.084190162402217661e-01,-6.214088473974119786e-01,-6.951039346488386839e-01,-4.764210673192584289e-01,1.276315825439660712e+00,-2.416630023456834975e-01,1.222166245192046752e-01,-3.186753962718737176e-02,-8.098165189918225815e-02,2.793087504752678543e-02,-1.959678429766362306e+00,1.351850028298270612e+00,-8.110265211709700717e-01,4.535473894165771291e-01,1.129982540899486937e-01,-3.877177707407909457e-01,4.977473976368756992e-01,-2.008868950841448342e+00,-1.417107172289989281e+00,9.103826872937141879e-01,2.719396635798350670e-01,-2.119787557744545470e-01,-2.117077004569885013e-01,-5.478227413806563417e-01
-2.845284184946346440e-03,-4.175221447515762435e-02,2.536727524222081032e-01,5.010588088745924207e-01,5.257488470468387742e-01,4.613508493385905518e-01,-5.095916146216060705e-01,-5.066256593814567610e-01,1.539361688108942250e-01,1.851651599214264310e-01,7.949162931321561709e-01,-2.157407025092470954e-01,-1.085925743182965530e-01,-6.262345796285371247e-01,-6.884217919116201179e-01,-4.681535579029719174e-01,1.271208223296523609e+00,-2.421767155101289537e-01,1.227266416808890648e-01,-3.101867362464390959e-02,-8.127806068472218093e-02,2.724714277305211388e-02,-1.964351713115730425e+00,1.349122193495761346e+00,-8.205365517466147729e-01,4.599344795015622989e-01,1.165543585226056222e-01,-3.895395104804172393e-01,5.005659890651990018e-01,-2.011939589125785410e+00,-1.417084004551137033e+00,9.190874601784342346e-01,2.778159325926125578e-01,-2.157620484251600856e-01,-2.143644955465595081e-01,-5.528871766586451741e-01
-2.845284184946346440e-03,-4.175221447515762435e-02,2.547181104564443244e-01,5.012553975807184647e-01,5.259659944026348066e-01,4.611372491270520624e-01,-5.093674867870726652e-01,-5.110801598481182761e-01,1.549672335482381313e-01,1.843441285791155015e-01,7.999545786323277730e-01,-2.206042271599983062e-01,-1.087661323963713400e-01,-6.310603118596623817e-01,-6.817396491744016629e-01,-4.598860484866854614e-01,1.266100621153386729e+00,-2.426904286745743822e-01,1.232366588425734544e-01,-3.016980762210044742e-02,-8.157446947026211759e-02,2.656341049857743886e-02,-1.969024996465098765e+00,1.346394358693252302e+00,-8.300465823222595851e-01,4.663215695865474686e-01,1.201104629552625647e-01,-3.913612502200435328e-01,5.033845804935223045e-01,-2.015010227410122035e+00,-1.417060836812284785e+00,9.277922330631542813e-01,2.836922016053899931e-01,-2.195453410758656521e-01,-2.170212906361304872e-01,-5.579516119366340066e-01
-2.845284184946346440e-03,-4.175221447515762435e-02,2.557634684906805456e-01,5.014518952295696774e-01,5.261830462122754071e-01,4.609235651460455441e-01,-5.091432664216453130e-01,-5.151110445215599798e-01,1.557589574130696097e-01,1.835868519837068336e-01,8.037219283411493054e-01,-2.246699665555537406e-01,-1.089366067785002418e-01,-6.332809326095847346e-01,-6.752833674995449842e-01,-4.527070371367328816e-01,1.260323220647948217e+00,-2.426953114435287939e-01,1.236765475100766870e-01,-2.932430682653769036e-02,-8.191672140099405530e-02,2.591225879466531323e-02,-1.973578960079968247e+00,1.342383747521115112e+00,-8.396305408825298633e-01,4.736316710059122470e-01,1.227804836021723217e-01,-3.924212155556315307e-01,5.064903378119539612e-01,-2.018216865945777094e+00,-1.416023029565579572e+00,9.365122056365674519e-01,2.903854939511604227e-01,-2.230144574778002431e-01,-2.188302311715450699e-01,-5.632168531099526199e-01
-2.845284184946346440e-03,-4.175221447515762435e-02,2.568088265249167668e-01,5.016483034978485023e-01,5.264000043279086771e-01,4.607097955698328251e-01,-5.089189516094985155e-01,-5.191419291950016834e-01,1.565506812779010604e-01,1.828295753882981656e-01,8.074892780499707268e-01,-2.287357059511092028e-01,-1.091070811606291435e-01,-6.355015533595069765e-01,-6.688270858246881945e-01,-4.455280257867803018e-01,1.254545820142509704e+00,-2.427001942124832334e-01,1.241164361775799196e-01,-2.847880603097493329e-02,-8.225897333172599302e-02,2.526110709075318414e-02,-1.978132923694837508e+00,1.338373136348977921e+00,-8.492144994428000304e-01,4.809417724252770254e-01,1.254505042490820788e-01,-3.934811808912195286e-01,5.095960951303857289e-01,-2.021423504481431710e+00,-1.414985222318874358e+00,9.452321782099806224e-01,2.970787862969307969e-01,-2.264835738797348064e-01,-2.206391717069596525e-01,-5.684820942832711221e-01
-2.845284184946346440e-03,-4.175221447515762435e-02,2.578541845591530435e-01,5.018446222762059650e-01,5.266168686288688061e-01,4.604959405127481142e-01,-5.086945424704854002e-01,-5.231728138684433871e-01,1.573424051427325387e-01,1.820722987928895253e-01,8.112566277587922592e-01,-2.328014453466646372e-01,-1.092775555427580453e-01,-6.377221741094293295e-01,-6.623708041498315158e-01,-4.383490144368277219e-01,1.248768419637071192e+00,-2.427050769814376452e-01,1.245563248450831523e-01,-2.763330523541217623e-02,-8.260122526245793073e-02,2.460995538684105852e-02,-1.982686887309706991e+00,1.334362525176840730e+00,-8.587984580030703086e-01,4.882518738446418038e-01,1.281205248959918219e-01,-3.945411462268075820e-01,5.127018524488173856e-01,-2.024630143017086770e+00,-1.413947415072168923e+00,9.539521507833937930e-01,3.037720786427011710e-01,-2.299526902816693974e-01,-2.224481122423742352e-01,-5.737473354565897354e-01
-2.845284184946346440e-03,-4.175221447515762435e-02,2.588995425933892647e-01,5.020408514554273172e-01,5.268336389946445264e-01,4.602820000892661190e-01,-5.084700391246224083e-01,-5.272036985418850907e-01,1.581341290075640171e-01,1.813150221974808574e-01,8.150239774676137916e-01,-2.368671847422200716e-01,-1.094480299248869470e-01,-6.399427948593515714e-01,-6.559145224749748371e-01,-4.311700030868751976e-01,1.242991019131632680e+00,-2.427099597503920847e-01,1.249962135125863849e-01,-2.678780443984941917e-02,-8.294347719318986845e-02,2.395880368292892942e-02,-1.987240850924576252e+00,1.330351914004703540e+00,-8.683824165633404757e-01,4.955619752640065823e-01,1.307905455429015928e-01,-3.956011115623955798e-01,5.158076097672490423e-01,-2.027836781552741385e+00,-1.412909607825463709e+00,9.626721233568069636e-01,3.104653709884716006e-01,-2.334218066836039884e-01,-2.242570527777888456e-01,-5.790125766299083487e-01
-2.845284184946346440e-03,-4.175221447515762435e-02,2.599449006276254859e-01,5.022369909264577936e-01,5.270503153048690104e-01,4.600679744140064864e-01,-5.082454416920709761e-01,-5.312345832153267944e-01,1.589258528723954678e-01,1.805577456020721894e-01,8.187913271764352130e-01,-2.409329241377755060e-01,-1.096185043070158488e-01,-6.421634156092738133e-01,-6.494582408001180474e-01,-4.239909917369226178e-01,1.237213618626194167e+00,-2.427148425193465242e-01,1.254361021800896314e-01,-2.594230364428666211e-02,-8.328572912392180616e-02,2.330765197901680033e-02,-1.991794814539445513e+00,1.326341302832566349e+00,-8.779663751236107538e-01,5.028720766833714162e-01,1.334605661898113360e-01,-3.966610768979835777e-01,5.189133670856808100e-01,-2.031043420088396001e+00,-1.411871800578758496e+00,9.713920959302201341e-01,3.171586633342419748e-01,-2.368909230855385517e-01,-2.260659933132034283e-01,-5.842778178032268510e-01
-2.845284184946346440e-03,-4.175221447515762435e-02,2.609902586618617071e-01,5.024330405803641986e-01,5.272668974393344143e-01,4.598538636017288073e-01,-5.080207502931659569e-01,-5.352654678887684980e-01,1.597175767372269461e-01,1.798004690066635214e-01,8.225586768852567454e-01,-2.449986635333309404e-01,-1.097889786891447506e-01,-6.443840363591960552e-01,-6.430019591252613687e-01,-4.168119803869700379e-01,1.231436218120755655e+00,-2.427197252883009360e-01,1.258759908475928502e-01,-2.509680284872390504e-02,-8.362798105465374388e-02,2.265650027510467471e-02,-1.996348778154314996e+00,1.322330691660429158e+00,-8.875503336838810320e-01,5.101821781027361391e-01,1.361305868367211069e-01,-3.977210422335715756e-01,5.220191244041124667e-01,-2.034250058624051061e+00,-1.410833993332053282e+00,9.801120685036333047e-01,3.238519556800123489e-01,-2.403600394874731427e-01,-2.278749338486180109e-01,-5.895430589765454643e-01
-2.845284184946346440e-03,-4.175221447515762435e-02,2.620356166960979283e-01,5.026290003083789815e-01,5.274833852779771126e-01,4.596396677673350029e-01,-5.077959650483832021e-01,-5.392963525622102017e-01,1.605093006020584245e-01,1.790431924112548534e-01,8.263260265940782778e-01,-2.490644029288864025e-01,-1.099594530712736523e-01,-6.466046571091184081e-01,-6.365456774504045789e-01,-4.096329690370174581e-01,1.225658817615317142e+00,-2.427246080572553755e-01,1.263158795150960689e-01,-2.425130205316114798e-02,-8.397023298538568159e-02,2.200534857119254561e-02,-2.000902741769184257e+00,1.318320080488292190e+00,-8.971342922441513101e-01,5.174922795221009730e-01,1.388006074836308501e-01,-3.987810075691596290e-01,5.251248817225441234e-01,-2.037456697159705676e+00,-1.409796186085348069e+00,9.888320410770464752e-01,3.305452480257827785e-01,-2.438291558894077338e-01,-2.296838743840325936e-01,-5.948083001498639666e-01
-2.845284184946346440e-03,-4.175221447515762435e-02,2.630809747303341495e-01,5.028248700018709272e-01,5.276997787008876895e-01,4.594253870258689920e-01,-5.075710860783604339e-01,-5.433272372356519053e-01,1.613010244668898752e-01,1.782859158158462132e-01,8.300933763028998102e-01,-2.531301423244418092e-01,-1.101299274534025541e-01,-6.488252778590406500e-01,-6.300893957755479002e-01,-4.024539576870648783e-01,1.219881417109878630e+00,-2.427294908262098150e-01,1.267557681825993154e-01,-2.340580125759839092e-02,-8.431248491611760543e-02,2.135419686728041652e-02,-2.005456705384053517e+00,1.314309469316154999e+00,-9.067182508044214773e-01,5.248023809414656959e-01,1.414706281305406210e-01,-3.998409729047476269e-01,5.282306390409758912e-01,-2.040663335695360292e+00,-1.408758378838642855e+00,9.975520136504596458e-01,3.372385403715531527e-01,-2.472982722913423248e-01,-2.314928149194471763e-01,-6.000735413231825799e-01
-2.845284184946346440e-03,-4.175221447515762435e-02,2.641263327645704262e-01,5.030206495523474874e-01,5.279160775883112722e-01,4.592110214925151368e-01,-5.073461135038954684e-01,-5.473581219090936090e-01,1.620927483317213535e-01,1.775286392204375452e-01,8.338607260117212316e-01,-2.571958817199972991e-01,-1.103004018355314558e-01,-6.510458986089628919e-01,-6.236331141006911105e-01,-3.952749463371122984e-01,1.214104016604440117e+00,-2.427343735951642267e-01,1.271956568501025342e-01,-2.256030046203563733e-02,-8.465473684684954314e-02,2.070304516336828743e-02,-2.010010668998922778e+00,1.310298858144017808e+00,-9.163022093646917554e-01,5.321124823608305299e-01,1.441406487774503642e-01,-4.009009382403356248e-01,5.313363963594075479e-01,-2.043869974231014908e+00,-1.407720571591937642e+00,1.006271986223872705e+00,3.439318327173235268e-01,-2.507673886932769158e-01,-2.333017554548617589e-01,-6.053387824965011932e-01
-2.845284184946346440e-03,-4.175221447515762435e-02,2.651716907988066474e-01,5.032163388514788727e-01,5.281322818206403147e-01,4.589965712825980759e-01,-5.071210474459291184e-01,-5.513890065825353126e-01,1.628844721965528042e-01,1.767713626250288772e-01,8.376280757205427641e-01,-2.612616211155527335e-01,-1.104708762176603715e-01,-6.532665193588851338e-01,-6.171768324258344318e-01,-3.880959349871597186e-01,1.208326616099001605e+00,-2.427392563641186662e-01,1.276355455176057807e-01,-2.171479966647287679e-02,-8.499698877758148086e-02,2.005189345945616181e-02,-2.014564632613792483e+00,1.306288246971880618e+00,-9.258861679249620336e-01,5.394225837801952528e-01,1.468106694243601351e-01,-4.019609035759236781e-01,5.344421536778392046e-01,-2.047076612766669967e+00,-1.406682764345232428e+00,1.014991958797285987e+00,3.506251250630939564e-01,-2.542365050952114514e-01,-2.351106959902763693e-01,-6.106040236698196955e-01
-2.845284184946346440e-03,-4.175221447515762435e-02,2.662170488330428686e-01,5.034119377910629689e-01,5.283483912784247005e-01,4.587820365115831689e-01,-5.068958880255706179e-01,-5.554198912559770163e-01,1.636761960613842826e-01,1.760140860296202092e-01,8.413954254293642965e-01,-2.653273605111081679e-01,-1.106413505997892732e-01,-6.554871401088074867e-01,-6.107205507509777531e-01,-3.809169236372071388e-01,1.202549215593563092e+00,-2.427441391330731058e-01,1.280754341851089995e-01,-2.086929887091012320e-02,-8.533924070831341857e-02,1.940074175554403271e-02,-2.019118596228661744e+00,1.302277635799743427e+00,-9.354701264852322007e-01,5.467326851995600867e-01,1.494806900712698783e-01,-4.030208689115116760e-01,5.375479109962709723e-01,-2.050283251302324583e+00,-1.405644957098527215e+00,1.023711931370699046e+00,3.573184174088643306e-01,-2.577056214971460424e-01,-2.369196365256909520e-01,-6.158692648431383088e-01
-2.845284184946346440e-03,-4.175221447515762435e-02,2.672624068672790898e-01,5.036074462630504289e-01,5.285644058423649705e-01,4.585674172950781058e-01,-5.066706353640777483e-01,-5.594507759294187199e-01,1.644679199262157610e-01,1.752568094342115412e-01,8.451627751381858289e-01,-2.693930999066636023e-01,-1.108118249819181750e-01,-6.577077608587297286e-01,-6.042642690761209634e-01,-3.737379122872545589e-01,1.196771815088124580e+00,-2.427490219020275175e-01,1.285153228526122460e-01,-2.002379807534736614e-02,-8.568149263904535629e-02,1.874959005163190709e-02,-2.023672559843531005e+00,1.298267024627606236e+00,-9.450540850455024788e-01,5.540427866189248096e-01,1.521507107181796492e-01,-4.040808342470996739e-01,5.406536683147026290e-01,-2.053489889837979199e+00,-1.404607149851822001e+00,1.032431903944112328e+00,3.640117097546347047e-01,-2.611747378990806334e-01,-2.387285770611055347e-01,-6.211345060164568110e-01
-2.845284184946346440e-03,-4.175221447515762435e-02,2.683077649015153110e-01,5.038028641595366786e-01,5.287803253933163194e-01,4.583527137488271341e-01,-5.064452895828647216e-01,-5.634816606028603125e-01,1.652596437910472116e-01,1.744995328388029010e-01,8.489301248470072503e-01,-2.734588393022189257e-01,-1.109822993640470629e-01,-6.599283816086519705e-01,-5.978079874012643957e-01,-3.665589009373021456e-01,1.190994414582686289e+00,-2.427539046709819570e-01,1.289552115201154647e-01,-1.917829727978462989e-02,-8.602374456977728012e-02,1.809843834771979187e-02,-2.028226523458400266e+00,1.294256413455469268e+00,-9.546380436057725349e-01,5.613528880382894215e-01,1.548207313650893369e-01,-4.051407995826876718e-01,5.437594256331342857e-01,-2.056696528373634258e+00,-1.403569342605116788e+00,1.041151876517525166e+00,3.707050021004049678e-01,-2.646438543010151689e-01,-2.405375175965200896e-01,-6.263997471897753133e-01
-2.845284184946346440e-03,-4.175221447515762435e-02,2.693531229357515322e-01,5.039981913727733520e-01,5.289961498122850436e-01,4.581379259887153332e-01,-5.062198508034926325e-01,-5.675125452763020162e-01,1.660513676558786622e-01,1.737422562433942330e-01,8.526974745558286717e-01,-2.775245786977743601e-01,-1.111527737461759646e-01,-6.621490023585742124e-01,-5.913517057264077170e-01,-3.593798895873495658e-01,1.185217014077247777e+00,-2.427587874399363965e-01,1.293951001876186835e-01,-1.833279648422187283e-02,-8.636599650050921784e-02,1.744728664380766278e-02,-2.032780487073269526e+00,1.290245802283332077e+00,-9.642220021660428131e-01,5.686629894576542554e-01,1.574907520119991078e-01,-4.062007649182756697e-01,5.468651829515659424e-01,-2.059903166909288874e+00,-1.402531535358411574e+00,1.049871849090938447e+00,3.773982944461753419e-01,-2.681129707029497045e-01,-2.423464581319346722e-01,-6.316649883630939266e-01
-2.845284184946346440e-03,-4.175221447515762435e-02,2.703984809699877534e-01,5.041934277951426457e-01,5.292118789804344248e-01,4.579230541307683922e-01,-5.059943191476875546e-01,-5.715434299497437198e-01,1.668430915207101406e-01,1.729849796479855928e-01,8.564648242646502041e-01,-2.815903180933297945e-01,-1.113232481283048664e-01,-6.643696231084964543e-01,-5.848954240515509273e-01,-3.522008782373969860e-01,1.179439613571809264e+00,-2.427636702088908083e-01,1.298349888551219300e-01,-1.748729568865911577e-02,-8.670824843124115555e-02,1.679613493989553716e-02,-2.037334450688138787e+00,1.286235191111194887e+00,-9.738059607263129802e-01,5.759730908770189783e-01,1.601607726589088510e-01,-4.072607302538636675e-01,5.499709402699975991e-01,-2.063109805444943490e+00,-1.401493728111706361e+00,1.058591821664351507e+00,3.840915867919457161e-01,-2.715820871048842955e-01,-2.441553986673492549e-01,-6.369302295364124289e-01
-2.845284184946346440e-03,-4.175221447515762435e-02,2.714438390042239746e-01,5.043885733191895149e-01,5.294275127790795121e-01,4.577080982911488349e-01,-5.057686947373178921e-01,-5.755743146231854235e-01,1.676348153855415912e-01,1.722277030525769248e-01,8.602321739734717365e-01,-2.856560574888852844e-01,-1.114937225104337681e-01,-6.665902438584188072e-01,-5.784391423766942486e-01,-3.450218668874444061e-01,1.173662213066370752e+00,-2.427685529778452478e-01,1.302748775226251488e-01,-1.664179489309635870e-02,-8.705050036197309327e-02,1.614498323598340807e-02,-2.041888414303008048e+00,1.282224579939057696e+00,-9.833899192865832584e-01,5.832831922963838123e-01,1.628307933058185941e-01,-4.083206955894517209e-01,5.530766975884293668e-01,-2.066316443980598550e+00,-1.400455920865001147e+00,1.067311794237764788e+00,3.907848791377161457e-01,-2.750512035068188865e-01,-2.459643392027638376e-01,-6.421954707097310422e-01
-2.845284184946346440e-03,-4.175221447515762435e-02,2.724891970384602513e-01,5.045836278375973594e-01,5.296430510896922295e-01,4.574930585861586296e-01,-5.055429776944118103e-01,-5.796051992966271271e-01,1.684265392503730696e-01,1.714704264571682568e-01,8.639995236822931579e-01,-2.897217968844407188e-01,-1.116641968925626838e-01,-6.688108646083410491e-01,-5.719828607018374589e-01,-3.378428555374918263e-01,1.167884812560932239e+00,-2.427734357467996873e-01,1.307147661901283953e-01,-1.579629409753360164e-02,-8.739275229270503098e-02,1.549383153207128071e-02,-2.046442377917877309e+00,1.278213968766920505e+00,-9.929738778468535365e-01,5.905932937157486462e-01,1.655008139527283650e-01,-4.093806609250397188e-01,5.561824549068610235e-01,-2.069523082516253165e+00,-1.399418113618295934e+00,1.076031766811177848e+00,3.974781714834865198e-01,-2.785203199087534220e-01,-2.477732797381784202e-01,-6.474607118830496555e-01
-2.845284184946346440e-03,-4.175221447515762435e-02,2.735345550726964725e-01,5.047785912431963506e-01,5.298584937938985995e-01,4.572779351322381891e-01,-5.053171681411505745e-01,-5.836360839700688308e-01,1.692182631152045480e-01,1.707131498617595888e-01,8.677668733911146903e-01,-2.937875362799961532e-01,-1.118346712746915855e-01,-6.710314853582632910e-01,-5.655265790269807802e-01,-3.306638441875392465e-01,1.162107412055493727e+00,-2.427783185157541268e-01,1.311546548576316140e-01,-1.495079330197084458e-02,-8.773500422343696870e-02,1.484267982815915335e-02,-2.050996341532746570e+00,1.274203357594783315e+00,-1.002557836407123704e+00,5.979033951351133691e-01,1.681708345996381082e-01,-4.104406262606277167e-01,5.592882122252926802e-01,-2.072729721051907781e+00,-1.398380306371590720e+00,1.084751739384591129e+00,4.041714638292568940e-01,-2.819894363106880131e-01,-2.495822202735930306e-01,-6.527259530563681578e-01
-2.845284184946346440e-03,-4.175221447515762435e-02,2.745799131069326937e-01,5.049734634289684276e-01,5.300738407734804092e-01,4.570627280459650388e-01,-5.050912661998653297e-01,-5.876669686435105344e-01,1.700099869800359986e-01,1.699558732663509208e-01,8.715342230999362227e-01,-2.978532756755515876e-01,-1.120051456568204873e-01,-6.732521061081855329e-01,-5.590702973521241015e-01,-3.234848328375866666e-01,1.156330011550055215e+00,-2.427832012847085386e-01,1.315945435251348328e-01,-1.410529250640808752e-02,-8.807725615416890641e-02,1.419152812424702426e-02,-2.055550305147615830e+00,1.270192746422646124e+00,-1.012141794967394093e+00,6.052134965544782030e-01,1.708408552465478791e-01,-4.115005915962157146e-01,5.623939695437244479e-01,-2.075936359587562841e+00,-1.397342499124885506e+00,1.093471711958004411e+00,4.108647561750272681e-01,-2.854585527126226041e-01,-2.513911608090075855e-01,-6.579911942296867711e-01
-2.845284184946346440e-03,-4.175221447515762435e-02,2.756252711411689149e-01,5.051682442880440771e-01,5.302890919103735445e-01,4.568474374440570362e-01,-5.048652719930388777e-01,-5.916978533169522381e-01,1.708017108448674770e-01,1.691985966709422529e-01,8.753015728087576441e-01,-3.019190150711070220e-01,-1.121756200389493890e-01,-6.754727268581078858e-01,-5.526140156772673118e-01,-3.163058214876340868e-01,1.150552611044616924e+00,-2.427880840536629781e-01,1.320344321926380793e-01,-1.325979171084533045e-02,-8.841950808490084412e-02,1.354037642033489690e-02,-2.060104268762485535e+00,1.266182135250509155e+00,-1.021725753527664260e+00,6.125235979738430370e-01,1.735108758934576223e-01,-4.125605569318037125e-01,5.654997268621561046e-01,-2.079142998123217456e+00,-1.396304691878180293e+00,1.102191684531417470e+00,4.175580485207976977e-01,-2.889276691145571951e-01,-2.532001013444221682e-01,-6.632564354030053844e-01
-2.845284184946346440e-03,-4.175221447515762435e-02,2.766706291754051361e-01,5.053629337137048871e-01,5.305042470866708770e-01,4.566320634433649883e-01,-5.046391856433037892e-01,-5.957287379903939417e-01,1.715934347096989554e-01,1.684413200755335849e-01,8.790689225175791766e-01,-3.059847544666624564e-01,-1.123460944210782908e-01,-6.776933476080301277e-01,-5.461577340024106331e-01,-3.091268101376815070e-01,1.144775210539178412e+00,-2.427929668226174176e-01,1.324743208601412980e-01,-1.241429091528257513e-02,-8.876176001563276796e-02,1.288922471642276954e-02,-2.064658232377354796e+00,1.262171524078371965e+00,-1.031309712087934427e+00,6.198336993932077599e-01,1.761808965403673655e-01,-4.136205222673917103e-01,5.686054841805878723e-01,-2.082349636658872072e+00,-1.395266884631475079e+00,1.110911657104830752e+00,4.242513408665680719e-01,-2.923967855164917307e-01,-2.550090418798368064e-01,-6.685216765763238866e-01
-2.845284184946346440e-03,-4.175221447515762435e-02,2.777159872096414128e-01,5.055575315993722230e-01,5.307193061846218196e-01,4.564166061608811997e-01,-5.044130072734509529e-01,-5.997596226638356454e-01,1.723851585745304060e-01,1.676840434801249446e-01,8.828362722264007090e-01,-3.100504938622179463e-01,-1.125165688032071926e-01,-6.799139683579523696e-01,-5.397014523275538433e-01,-3.019477987877289271e-01,1.138997810033739899e+00,-2.427978495915718571e-01,1.329142095276445446e-01,-1.156879011971981806e-02,-8.910401194636470568e-02,1.223807301251064045e-02,-2.069212195992224057e+00,1.258160912906234774e+00,-1.040893670648204816e+00,6.271438008125725938e-01,1.788509171872771364e-01,-4.146804876029797637e-01,5.717112414990195290e-01,-2.085556275194527132e+00,-1.394229077384769866e+00,1.119631629678243812e+00,4.309446332123384460e-01,-2.958659019184263217e-01,-2.568179824152513890e-01,-6.737869177496424999e-01
-2.845284184946346440e-03,-4.175221447515762435e-02,2.787613452438776340e-01,5.057520378386265447e-01,5.309342690866319936e-01,4.562010657137315905e-01,-5.041867370064150311e-01,-6.037905073372773490e-01,1.731768824393618844e-01,1.669267668847162767e-01,8.866036219352222414e-01,-3.141162332577733807e-01,-1.126870431853360943e-01,-6.821345891078746115e-01,-5.332451706526971646e-01,-2.947687874377763473e-01,1.133220409528301387e+00,-2.428027323605262688e-01,1.333540981951477633e-01,-1.072328932415706274e-02,-8.944626387709664339e-02,1.158692130859851135e-02,-2.073766159607093318e+00,1.254150301734097583e+00,-1.050477629208474983e+00,6.344539022319374277e-01,1.815209378341868796e-01,-4.157404529385677616e-01,5.748169988174511857e-01,-2.088762913730181747e+00,-1.393191270138064652e+00,1.128351602251657093e+00,4.376379255581088756e-01,-2.993350183203609127e-01,-2.586269229506659717e-01,-6.790521589229611132e-01
-2.845284184946346440e-03,-4.175221447515762435e-02,2.798067032781138552e-01,5.059464523251931967e-01,5.311491356752640058e-01,4.559854422191794709e-01,-5.039603749652847853e-01,-6.078213920107190527e-01,1.739686063041933350e-01,1.661694902893076087e-01,8.903709716440436628e-01,-3.181819726533288151e-01,-1.128575175674649961e-01,-6.843552098577969645e-01,-5.267888889778403749e-01,-2.875897760878237674e-01,1.127443009022862874e+00,-2.428076151294807083e-01,1.337939868626510098e-01,-9.877788528594305673e-03,-8.978851580782858111e-02,1.093576960468638573e-02,-2.078320123221962579e+00,1.250139690561960393e+00,-1.060061587768745373e+00,6.417640036513021506e-01,1.841909584810966505e-01,-4.168004182741557595e-01,5.779227561358829535e-01,-2.091969552265836807e+00,-1.392153462891359439e+00,1.137071574825070153e+00,4.443312179038792498e-01,-3.028041347222954482e-01,-2.604358634860805544e-01,-6.843174000962796155e-01
-2.845284184946346440e-03,-4.175221447515762435e-02,2.808520613123500764e-01,5.061407749529428513e-01,5.313639058332396692e-01,4.557697357946234318e-01,-5.037339212733027427e-01,-6.118522766841607563e-01,1.747603301690248134e-01,1.654122136938989407e-01,8.941383213528651952e-01,-3.222477120488842495e-01,-1.130279919495938978e-01,-6.865758306077192064e-01,-5.203326073029836962e-01,-2.804107647378711876e-01,1.121665608517424362e+00,-2.428124978984351479e-01,1.342338755301542286e-01,-9.032287733031548610e-03,-9.013076773856051882e-02,1.028461790077425664e-02,-2.082874086836831840e+00,1.246129079389823202e+00,-1.069645546329015540e+00,6.490741050706669846e-01,1.868609791280063936e-01,-4.178603836097437574e-01,5.810285134543146102e-01,-2.095176190801491423e+00,-1.391115655644654225e+00,1.145791547398483434e+00,4.510245102496496239e-01,-3.062732511242300393e-01,-2.622448040214951370e-01,-6.895826412695982288e-01
-2.845284184946346440e-03,-4.175221447515762435e-02,2.818974193465862976e-01,5.063350056159088286e-01,5.315785794434330080e-01,4.555539465576003422e-01,-5.035073760538512078e-01,-6.155915432575089774e-01,1.753866138284324028e-01,1.647264877943580563e-01,8.969890238267730354e-01,-3.257178981315936861e-01,-1.131897543522884658e-01,-6.867643463448341867e-01,-5.145270810112130278e-01,-2.735220467314140036e-01,1.114921637227858531e+00,-2.423665841139882038e-01,1.346258662610472778e-01,-8.199567557957209568e-03,-9.049812361611109246e-02,9.705227960363525114e-03,-2.086601608344176295e+00,1.240672654849850787e+00,-1.078927038250838466e+00,6.577618209505436964e-01,1.881233038685503067e-01,-4.187551551422351581e-01,5.841164966496106281e-01,-2.097997615621184586e+00,-1.389016361372132469e+00,1.154359945111851360e+00,4.587489648070146586e-01,-3.089514876538475008e-01,-2.634523601074776900e-01,-6.950390946889202226e-01
-2.845284184946346440e-03,-4.175221447515762435e-02,2.829427773808225188e-01,5.065291442082622275e-01,5.317931563888819158e-01,4.553380746257795764e-01,-5.032807394304729121e-01,-6.193308098308570875e-01,1.760128974878399644e-01,1.640407618948171442e-01,8.998397263006807645e-01,-3.291880842143031227e-01,-1.133515167549830338e-01,-6.869528620819491671e-01,-5.087215547194423593e-01,-2.666333287249568196e-01,1.108177665938292922e+00,-2.419206703295412597e-01,1.350178569919403271e-01,-7.366847382882872261e-03,-9.086547949366165222e-02,9.125838019952793589e-03,-2.090329129851520307e+00,1.235216230309878371e+00,-1.088208530172661614e+00,6.664495368304204082e-01,1.893856286090942198e-01,-4.196499266747265589e-01,5.872044798449067571e-01,-2.100819040440877306e+00,-1.386917067099610712e+00,1.162928342825219064e+00,4.664734193643797489e-01,-3.116297241834649623e-01,-2.646599161934602429e-01,-7.004955481082422164e-01
-2.845284184946346440e-03,-4.175221447515762435e-02,2.839881354150587400e-01,5.067231906243334638e-01,5.320076365527791618e-01,4.551221201169666219e-01,-5.030540115268529178e-01,-6.230700764042053086e-01,1.766391811472475537e-01,1.633550359952762598e-01,9.026904287745886046e-01,-3.326582702970125593e-01,-1.135132791576776018e-01,-6.871413778190641475e-01,-5.029160284276716908e-01,-2.597446107184996356e-01,1.101433694648727091e+00,-2.414747565450943156e-01,1.354098477228333763e-01,-6.534127207808533219e-03,-9.123283537121222586e-02,8.546448079542062065e-03,-2.094056651358864762e+00,1.229759805769905734e+00,-1.097490022094484541e+00,6.751372527102972310e-01,1.906479533496381329e-01,-4.205446982072179596e-01,5.902924630402027750e-01,-2.103640465260570469e+00,-1.384817772827088955e+00,1.171496740538586989e+00,4.741978739217447836e-01,-3.143079607130824793e-01,-2.658674722794427958e-01,-7.059520015275642102e-01
-2.845284184946346440e-03,-4.175221447515762435e-02,2.850334934492950167e-01,5.069171447585991697e-01,5.322220198184764994e-01,4.549060831491024137e-01,-5.028271924668280546e-01,-6.268093429775534187e-01,1.772654648066551430e-01,1.626693100957353755e-01,9.055411312484963338e-01,-3.361284563797220515e-01,-1.136750415603721698e-01,-6.873298935561791279e-01,-4.971105021359010223e-01,-2.528558927120424515e-01,1.094689723359161260e+00,-2.410288427606473716e-01,1.358018384537263978e-01,-5.701407032734195045e-03,-9.160019124876278562e-02,7.967058139131330541e-03,-2.097784172866209218e+00,1.224303381229933319e+00,-1.106771514016307467e+00,6.838249685901739428e-01,1.919102780901820460e-01,-4.214394697397093603e-01,5.933804462354989040e-01,-2.106461890080263633e+00,-1.382718478554567199e+00,1.180065138251954693e+00,4.819223284791098738e-01,-3.169861972426999408e-01,-2.670750283654253487e-01,-7.114084549468862040e-01
-2.845284184946346440e-03,-4.175221447515762435e-02,2.860788514835312379e-01,5.071110065056857463e-01,5.324363060694852212e-01,4.546899638402622790e-01,-5.026002823743863646e-01,-6.305486095509016398e-01,1.778917484660627046e-01,1.619835841961944634e-01,9.083918337224041739e-01,-3.395986424624314881e-01,-1.138368039630667378e-01,-6.875184092932941082e-01,-4.913049758441303538e-01,-2.459671747055852953e-01,1.087945752069595429e+00,-2.405829289762004275e-01,1.361938291846194471e-01,-4.868686857659856870e-03,-9.196754712631335926e-02,7.387668198720599017e-03,-2.101511694373553674e+00,1.218846956689960903e+00,-1.116053005938130616e+00,6.925126844700506545e-01,1.931726028307259591e-01,-4.223342412722007611e-01,5.964684294307949219e-01,-2.109283314899956352e+00,-1.380619184282045664e+00,1.188633535965322618e+00,4.896467830364749085e-01,-3.196644337723174023e-01,-2.682825844514079017e-01,-7.168649083662081978e-01
-2.845284184946346440e-03,-4.175221447515762435e-02,2.871242095177674591e-01,5.073047757603751373e-01,5.326504951894756035e-01,4.544737623086547162e-01,-5.023732813736601077e-01,-6.342878761242497498e-01,1.785180321254702940e-01,1.612978582966535790e-01,9.112425361963120141e-01,-3.430688285451409247e-01,-1.139985663657613058e-01,-6.877069250304090886e-01,-4.854994495523596854e-01,-2.390784566991281390e-01,1.081201780780029820e+00,-2.401370151917534834e-01,1.365858199155124963e-01,-4.035966682585517828e-03,-9.233490300386393290e-02,6.808278258309867492e-03,-2.105239215880897685e+00,1.213390532149988488e+00,-1.125334497859953542e+00,7.012004003499273663e-01,1.944349275712698721e-01,-4.232290128046921618e-01,5.995564126260910509e-01,-2.112104739719649515e+00,-1.378519890009523907e+00,1.197201933678690322e+00,4.973712375938399988e-01,-3.223426703019348638e-01,-2.694901405373904546e-01,-7.223213617855301916e-01
-2.845284184946346440e-03,-4.175221447515762435e-02,2.881695675520036803e-01,5.074984524176033851e-01,5.328645870622764624e-01,4.542574786726215619e-01,-5.021461895889280935e-01,-6.380271426975979709e-01,1.791443157848778833e-01,1.606121323971126946e-01,9.140932386702197432e-01,-3.465390146278503614e-01,-1.141603287684558737e-01,-6.878954407675240690e-01,-4.796939232605890169e-01,-2.321897386926709550e-01,1.074457809490463989e+00,-2.396911014073065394e-01,1.369778106464055456e-01,-3.203246507511179654e-03,-9.270225888141449266e-02,6.228888317899135968e-03,-2.108966737388242141e+00,1.207934107610015850e+00,-1.134615989781776690e+00,7.098881162298040781e-01,1.956972523118137852e-01,-4.241237843371835625e-01,6.026443958213870689e-01,-2.114926164539342679e+00,-1.376420595737002150e+00,1.205770331392058248e+00,5.050956921512050890e-01,-3.250209068315523808e-01,-2.706976966233730075e-01,-7.277778152048521854e-01
-2.845284184946346440e-03,-4.175221447515762435e-02,2.892149255862399015e-01,5.076920363724474194e-01,5.330785815718785958e-01,4.540411130506407655e-01,-5.019190071446256729e-01,-6.417664092709460810e-01,1.797705994442854727e-01,1.599264064975717825e-01,9.169439411441275833e-01,-3.500092007105597980e-01,-1.143220911711504278e-01,-6.880839565046390494e-01,-4.738883969688183484e-01,-2.253010206862137710e-01,1.067713838200898158e+00,-2.392451876228596230e-01,1.373698013772985949e-01,-2.370526332436841480e-03,-9.306961475896506630e-02,5.649498377488404444e-03,-2.112694258895586596e+00,1.202477683070043435e+00,-1.143897481703599617e+00,7.185758321096809009e-01,1.969595770523576983e-01,-4.250185558696749633e-01,6.057323790166831978e-01,-2.117747589359035398e+00,-1.374321301464480394e+00,1.214338729105425951e+00,5.128201467085701237e-01,-3.276991433611698423e-01,-2.719052527093555605e-01,-7.332342686241741792e-01
-2.845284184946346440e-03,-4.175221447515762435e-02,2.902602836204761783e-01,5.078855275201525910e-01,5.332924786024302310e-01,4.538246655613202285e-01,-5.016917341653228668e-01,-6.455056758442943021e-01,1.803968831036930343e-01,1.592406805980308981e-01,9.197946436180354235e-01,-3.534793867932692346e-01,-1.144838535738449958e-01,-6.882724722417540297e-01,-4.680828706770476799e-01,-2.184123026797565870e-01,1.060969866911332327e+00,-2.387992738384126790e-01,1.377617921081916441e-01,-1.537806157362503305e-03,-9.343697063651562607e-02,5.070108437077672919e-03,-2.116421780402931052e+00,1.197021258530071020e+00,-1.153178973625422543e+00,7.272635479895576127e-01,1.982219017929016114e-01,-4.259133274021663640e-01,6.088203622119792158e-01,-2.120569014178728562e+00,-1.372222007191958637e+00,1.222907126818793877e+00,5.205446012659351585e-01,-3.303773798907873038e-01,-2.731128087953381134e-01,-7.386907220434961729e-01
-2.845284184946346440e-03,-4.175221447515762435e-02,2.913056416547123995e-01,5.080789257561045824e-01,5.335062780382403558e-01,4.536081363234040209e-01,-5.014643707757459046e-01,-6.492449424176424122e-01,1.810231667631006236e-01,1.585549546984900138e-01,9.226453460919431526e-01,-3.569495728759786712e-01,-1.146456159765395638e-01,-6.884609879788690101e-01,-4.622773443852770114e-01,-2.115235846732994029e-01,1.054225895621766718e+00,-2.383533600539657349e-01,1.381537828390846934e-01,-7.050859822881651306e-04,-9.380432651406619970e-02,4.490718496666941395e-03,-2.120149301910275064e+00,1.191564833990098604e+00,-1.162460465547245692e+00,7.359512638694343245e-01,1.994842265334455245e-01,-4.268080989346577647e-01,6.119083454072753447e-01,-2.123390438998421725e+00,-1.370122712919436880e+00,1.231475524532161581e+00,5.282690558233001932e-01,-3.330556164204047653e-01,-2.743203648813206663e-01,-7.441471754628181667e-01
-2.845284184946346440e-03,-4.175221447515762435e-02,2.923509996889486207e-01,5.082722309758429535e-01,5.337199797637819376e-01,4.533915254557654984e-01,-5.012369171007675650e-01,-6.529842089909906333e-01,1.816494504225082129e-01,1.578692287989491017e-01,9.254960485658509928e-01,-3.604197589586881634e-01,-1.148073783792341318e-01,-6.886495037159839905e-01,-4.564718180935063430e-01,-2.046348666668422467e-01,1.047481924332200887e+00,-2.379074462695187908e-01,1.385457735699777149e-01,1.276341927861739112e-04,-9.417168239161675947e-02,3.911328556256210738e-03,-2.123876823417619519e+00,1.186108409450126189e+00,-1.171741957469068618e+00,7.446389797493110363e-01,2.007465512739894375e-01,-4.277028704671491655e-01,6.149963286025713627e-01,-2.126211863818114889e+00,-1.368023418646915124e+00,1.240043922245529506e+00,5.359935103806652279e-01,-3.357338529500222823e-01,-2.755279209673032192e-01,-7.496036288821401605e-01
-2.845284184946346440e-03,-4.175221447515762435e-02,2.933963577231848419e-01,5.084654430750721321e-01,5.339335836636841526e-01,4.531748330774119093e-01,-5.010093732653974063e-01,-6.567234755643387434e-01,1.822757340819157745e-01,1.571835028994082173e-01,9.283467510397587219e-01,-3.638899450413976000e-01,-1.149691407819286998e-01,-6.888380194530989709e-01,-4.506662918017356745e-01,-1.977461486603850627e-01,1.040737953042635056e+00,-2.374615324850718467e-01,1.389377643008707641e-01,9.603543678605129530e-04,-9.453903826916733311e-02,3.331938615845479214e-03,-2.127604344924963975e+00,1.180651984910153551e+00,-1.181023449390891544e+00,7.533266956291877481e-01,2.020088760145333506e-01,-4.285976419996405662e-01,6.180843117978674917e-01,-2.129033288637807608e+00,-1.365924124374393367e+00,1.248612319958897210e+00,5.437179649380303736e-01,-3.384120894796397438e-01,-2.767354770532857722e-01,-7.550600823014621543e-01
-2.845284184946346440e-03,-4.175221447515762435e-02,2.944417157574210631e-01,5.086585619496309940e-01,5.341470896227413778e-01,4.529580593074833961e-01,-5.007817393948057472e-01,-6.604627421376868535e-01,1.829020177413233639e-01,1.564977769998673329e-01,9.311974535136664510e-01,-3.673601311241069256e-01,-1.151309031846232678e-01,-6.890265351902138402e-01,-4.448607655099651170e-01,-1.908574306539280452e-01,1.033993981753069447e+00,-2.370156187006249027e-01,1.393297550317638134e-01,1.793074542934831178e-03,-9.490639414671789287e-02,2.752548675434759833e-03,-2.131331866432307987e+00,1.175195560370181358e+00,-1.190304941312714471e+00,7.620144115090643488e-01,2.032712007550772360e-01,-4.294924135321319114e-01,6.211722949931633986e-01,-2.131854713457500772e+00,-1.363824830101871832e+00,1.257180717672264914e+00,5.514424194953951863e-01,-3.410903260092571498e-01,-2.779430331392682696e-01,-7.605165357207839261e-01
-2.845284184946346440e-03,-4.175221447515762435e-02,2.954870737916572843e-01,5.088515874955298335e-01,5.343604975259081957e-01,4.527412042652479429e-01,-5.005540156142953556e-01,-6.642020087110349635e-01,1.835283014007309255e-01,1.558120511003264486e-01,9.340481559875742912e-01,-3.708303172068163622e-01,-1.152926655873178358e-01,-6.892150509273288206e-01,-4.390552392181944485e-01,-1.839687126474708612e-01,1.027250010463503616e+00,-2.365697049161779586e-01,1.397217457626568626e-01,2.625794718009170220e-03,-9.527375002426846651e-02,2.173158735024029176e-03,-2.135059387939652442e+00,1.169739135830208721e+00,-1.199586433234537397e+00,7.707021273889410606e-01,2.045335254956211490e-01,-4.303871850646233121e-01,6.242602781884595275e-01,-2.134676138277193491e+00,-1.361725535829350076e+00,1.265749115385632617e+00,5.591668740527602210e-01,-3.437685625388746113e-01,-2.791505892252508225e-01,-7.659729891401059199e-01
-2.845284184946346440e-03,-4.175221447515762435e-02,2.965324318258935055e-01,5.090445196089249391e-01,5.345738072583000600e-01,4.525242680701092035e-01,-5.003262020493197682e-01,-6.679412752843831846e-01,1.841545850601385148e-01,1.551263252007855364e-01,9.368988584614821313e-01,-3.743005032895258544e-01,-1.154544279900124037e-01,-6.894035666644438010e-01,-4.332497129264237801e-01,-1.770799946410137049e-01,1.020506039173938007e+00,-2.361237911317310145e-01,1.401137364935498841e-01,3.458514893083509262e-03,-9.564110590181902627e-02,1.593768794613297651e-03,-2.138786909446996898e+00,1.164282711290236305e+00,-1.208867925156360323e+00,7.793898432688177724e-01,2.057958502361650621e-01,-4.312819565971147129e-01,6.273482613837555455e-01,-2.137497563096886655e+00,-1.359626241556828319e+00,1.274317513099000543e+00,5.668913286101253668e-01,-3.464467990684921284e-01,-2.803581453112333755e-01,-7.714294425594279137e-01
-2.845284184946346440e-03,-4.175221447515762435e-02,2.975777898601297267e-01,5.092373581861249221e-01,5.347870187051970703e-01,4.523072508415988402e-01,-5.000982988254795147e-01,-6.716805418577312947e-01,1.847808687195461042e-01,1.544405993012446521e-01,9.397495609353898605e-01,-3.777706893722352910e-01,-1.156161903927069717e-01,-6.895920824015587813e-01,-4.274441866346531116e-01,-1.701912766345565209e-01,1.013762067884372176e+00,-2.356778773472840705e-01,1.405057272244429334e-01,4.291235068157846569e-03,-9.600846177936959991e-02,1.014378854202566127e-03,-2.142514430954340909e+00,1.158826286750263890e+00,-1.218149417078183472e+00,7.880775591486944842e-01,2.070581749767089752e-01,-4.321767281296061136e-01,6.304362445790516745e-01,-2.140318987916579818e+00,-1.357526947284306562e+00,1.282885910812368246e+00,5.746157831674904015e-01,-3.491250355981095899e-01,-2.815657013972159284e-01,-7.768858959787499074e-01
-2.845284184946346440e-03,-4.175221447515762435e-02,2.986231478943660034e-01,5.094301031235983768e-01,5.350001317520404198e-01,4.520901526993797437e-01,-4.998703060685151800e-01,-6.754198084310795158e-01,1.854071523789536657e-01,1.537548734017037677e-01,9.426002634092977006e-01,-3.812408754549447276e-01,-1.157779527954015397e-01,-6.897805981386737617e-01,-4.216386603428824431e-01,-1.633025586280993369e-01,1.007018096594806345e+00,-2.352319635628371264e-01,1.408977179553359826e-01,5.123955243232185611e-03,-9.637581765692015967e-02,4.349889137918346027e-04,-2.146241952461685365e+00,1.153369862210291474e+00,-1.227430909000006398e+00,7.967652750285711960e-01,2.083204997172528883e-01,-4.330714996620975143e-01,6.335242277743476924e-01,-2.143140412736272982e+00,-1.355427653011784805e+00,1.291454308525736172e+00,5.823402377248554362e-01,-3.518032721277270514e-01,-2.827732574831984813e-01,-7.823423493980719012e-01
-2.845284184946346440e-03,-4.175221447515762435e-02,2.996685059286022246e-01,5.096227543179648878e-01,5.352131462844333942e-01,4.518729737632464771e-01,-4.996422239043146196e-01,-6.791590750044276259e-01,1.860334360383612551e-01,1.530691475021628556e-01,9.454509658832055408e-01,-3.847110615376541642e-01,-1.159397151980960938e-01,-6.899691138757887421e-01,-4.158331340511117746e-01,-1.564138406216421529e-01,1.000274125305240513e+00,-2.347860497783902101e-01,1.412897086862290319e-01,5.956675418306524653e-03,-9.674317353447073331e-02,-1.444010266188969216e-04,-2.149969473969029821e+00,1.147913437670319059e+00,-1.236712400921829325e+00,8.054529909084480188e-01,2.095828244577968014e-01,-4.339662711945889151e-01,6.366122109696438214e-01,-2.145961837555965701e+00,-1.353328358739263049e+00,1.300022706239103876e+00,5.900646922822205820e-01,-3.544815086573445129e-01,-2.839808135691810342e-01,-7.877988028173938950e-01
-2.845284184946346440e-03,-4.175221447515762435e-02,3.007138639628384458e-01,5.098153116660039119e-01,5.354260621881444804e-01,4.516557141531203357e-01,-4.994140524589066321e-01,-6.828983415777758470e-01,1.866597196977688444e-01,1.523834216026219712e-01,9.483016683571132699e-01,-3.881812476203636009e-01,-1.161014776007906618e-01,-6.901576296129037225e-01,-4.100276077593411062e-01,-1.495251226151849688e-01,9.935301540156747935e-01,-2.343401359939432660e-01,1.416816994171220812e-01,6.789395593380861960e-03,-9.711052941202130695e-02,-7.237909670296284459e-04,-2.153696995476374276e+00,1.142457013130346422e+00,-1.245993892843652473e+00,8.141407067883247306e-01,2.108451491983407144e-01,-4.348610427270803158e-01,6.397001941649398393e-01,-2.148783262375658865e+00,-1.351229064466741292e+00,1.308591103952471801e+00,5.977891468395856167e-01,-3.571597451869620299e-01,-2.851883696551635872e-01,-7.932552562367158888e-01
-2.845284184946346440e-03,-4.175221447515762435e-02,3.017592219970746670e-01,5.100077750646428987e-01,5.356388793491052569e-01,4.514383739890542868e-01,-4.991857918584684528e-01,-6.866376081511240681e-01,1.872860033571764338e-01,1.516976957030810869e-01,9.511523708310211100e-01,-3.916514337030730375e-01,-1.162632400034852298e-01,-6.903461453500187028e-01,-4.042220814675704377e-01,-1.426364046087278126e-01,9.867861827261090735e-01,-2.338942222094963219e-01,1.420736901480151304e-01,7.622115768455201001e-03,-9.747788528957186671e-02,-1.303180907440359970e-03,-2.157424516983718288e+00,1.137000588590374006e+00,-1.255275384765475399e+00,8.228284226682014424e-01,2.121074739388846275e-01,-4.357558142595717166e-01,6.427881773602359683e-01,-2.151604687195352028e+00,-1.349129770194219535e+00,1.317159501665839505e+00,6.055136013969506514e-01,-3.598379817165794914e-01,-2.863959257411461401e-01,-7.987117096560378826e-01
-2.845284184946346440e-03,-4.175221447515762435e-02,3.028045800313108882e-01,5.102001444109738326e-01,5.358515976534087288e-01,4.512209533912315274e-01,-4.989574422293139300e-01,-6.903768747244721782e-01,1.879122870165839954e-01,1.510119698035401747e-01,9.540030733049289502e-01,-3.951216197857825296e-01,-1.164250024061797978e-01,-6.905346610871336832e-01,-3.984165551757997692e-01,-1.357476866022706286e-01,9.800422114365432424e-01,-2.334483084250493778e-01,1.424656808789081797e-01,8.454835943529540043e-03,-9.784524116712244035e-02,-1.882570847851091494e-03,-2.161152038491062743e+00,1.131544164050401591e+00,-1.264556876687298548e+00,8.315161385480781542e-01,2.133697986794285406e-01,-4.366505857920631173e-01,6.458761605555319862e-01,-2.154426112015044747e+00,-1.347030475921698001e+00,1.325727899379207431e+00,6.132380559543156862e-01,-3.625162182461969529e-01,-2.876034818271286930e-01,-8.041681630753598764e-01
-2.845284184946346440e-03,-4.175221447515762435e-02,3.038499380655471649e-01,5.103924196022369131e-01,5.360642169873153229e-01,4.510034524799619304e-01,-4.987290036979057373e-01,-6.941161412978202883e-01,1.885385706759915847e-01,1.503262439039992904e-01,9.568537757788366793e-01,-3.985918058684919663e-01,-1.165867648088743658e-01,-6.907231768242486636e-01,-3.926110288840291007e-01,-1.288589685958134445e-01,9.732982401469774114e-01,-2.330023946406024338e-01,1.428576716098012012e-01,9.287556118603879085e-03,-9.821259704467300011e-02,-2.461960788261823019e-03,-2.164879559998407199e+00,1.126087739510429175e+00,-1.273838368609121474e+00,8.402038544279548660e-01,2.146321234199724537e-01,-4.375453573245545180e-01,6.489641437508281152e-01,-2.157247536834737911e+00,-1.344931181649176244e+00,1.334296297092575134e+00,6.209625105116807209e-01,-3.651944547758144144e-01,-2.888110379131112460e-01,-8.096246164946818702e-01
-2.845284184946346440e-03,-4.175221447515762435e-02,3.048952960997833861e-01,5.105846005358312123e-01,5.362767372372484465e-01,4.507858713756847102e-01,-4.985004763908472136e-01,-6.978554078711685094e-01,1.891648543353991740e-01,1.496405180044584060e-01,9.597044782527445195e-01,-4.020619919512014029e-01,-1.167485272115689338e-01,-6.909116925613636440e-01,-3.868055025922584322e-01,-1.219702505893562605e-01,9.665542688574116914e-01,-2.325564808561554897e-01,1.432496623406942504e-01,1.012027629367821466e-02,-9.857995292222357375e-02,-3.041350728672554543e-03,-2.168607081505751655e+00,1.120631314970456760e+00,-1.283119860530944401e+00,8.488915703078316888e-01,2.158944481605163668e-01,-4.384401288570459188e-01,6.520521269461241332e-01,-2.160068961654431074e+00,-1.342831887376654487e+00,1.342864694805943060e+00,6.286869650690458666e-01,-3.678726913054318759e-01,-2.900185939990937989e-01,-8.150810699140038640e-01
-2.845284184946346440e-03,-4.175221447515762435e-02,3.059406541340196073e-01,5.107766871093171179e-01,5.364891582897952649e-01,4.505682101989678112e-01,-4.982718604348802538e-01,-7.015946744445167305e-01,1.897911379948067356e-01,1.489547921049174939e-01,9.625551807266522486e-01,-4.055321780339108395e-01,-1.169102896142635017e-01,-6.911002082984786243e-01,-3.809999763004877638e-01,-1.150815325828991043e-01,9.598102975678459714e-01,-2.321105670717085456e-01,1.436416530715872997e-01,1.095299646875255370e-02,-9.894730879977413351e-02,-3.620740669083286067e-03,-2.172334603013095666e+00,1.115174890430484123e+00,-1.292401352452767549e+00,8.575792861877084006e-01,2.171567729010602799e-01,-4.393349003895373195e-01,6.551401101414202621e-01,-2.162890386474123794e+00,-1.340732593104132730e+00,1.351433092519310986e+00,6.364114196264109014e-01,-3.705509278350493929e-01,-2.912261500850763518e-01,-8.205375233333258578e-01
-2.845284184946346440e-03,-4.175221447515762435e-02,3.069860121682558285e-01,5.109686792204064520e-01,5.367014800317098100e-01,4.503504690705060209e-01,-4.980431559568919142e-01,-7.053339410178648405e-01,1.904174216542143250e-01,1.482690662053766095e-01,9.654058832005600888e-01,-4.090023641166202761e-01,-1.170720520169580697e-01,-6.912887240355936047e-01,-3.751944500087170953e-01,-1.081928145764419202e-01,9.530663262782801404e-01,-2.316646532872616016e-01,1.440336438024803489e-01,1.178571664382689274e-02,-9.931466467732470715e-02,-4.200130609494017592e-03,-2.176062124520440122e+00,1.109718465890511707e+00,-1.301682844374590475e+00,8.662670020675851124e-01,2.184190976416041929e-01,-4.402296719220287202e-01,6.582280933367162801e-01,-2.165711811293816957e+00,-1.338633298831610974e+00,1.360001490232678689e+00,6.441358741837759361e-01,-3.732291643646668544e-01,-2.924337061710589047e-01,-8.259939767526478516e-01
-2.845284184946346440e-03,-4.175221447515762435e-02,3.073825788546469817e-01,5.113422865861056987e-01,5.371146626670425528e-01,4.499262184905034045e-01,-4.975975311552477409e-01,-7.135064398717746448e-01,1.925986579573438218e-01,1.481887441734513755e-01,9.767125578850298639e-01,-4.121506510663478506e-01,-1.164040398866334342e-01,-6.912730991688205151e-01,-3.751785437707174098e-01,-1.082163405106664061e-01,9.531233277172171947e-01,-2.317378412357080364e-01,1.440108450072644097e-01,1.197403264883973618e-02,-9.933880364110710126e-02,-4.443121837837763974e-03,-2.169579646471494705e+00,1.108469895538203076e+00,-1.299386801264512670e+00,8.564435282493717549e-01,2.145802859359574877e-01,-4.248937469498711428e-01,6.626358951725864754e-01,-2.165529069234735537e+00,-1.339560788037545525e+00,1.359912353725633016e+00,6.417525130732004701e-01,-3.729749139035483108e-01,-2.909831136382907690e-01,-8.254797331213848954e-01
-2.845284184946346440e-03,-4.175221447515762435e-02,3.077791455410380794e-01,5.117155417022302144e-01,5.375274752989245286e-01,4.495016579687584057e-01,-4.971515635724126358e-01,-7.216789387256847821e-01,1.947798942604734018e-01,1.481084221415261415e-01,9.880192325695001943e-01,-4.152989380160755917e-01,-1.157360277563087847e-01,-6.912574743020473145e-01,-3.751626375327177243e-01,-1.082398664448908920e-01,9.531803291561543601e-01,-2.318110291841544435e-01,1.439880462120484428e-01,1.216234865385258830e-02,-9.936294260488949537e-02,-4.686113066181521632e-03,-2.163097168422548844e+00,1.107221325185894223e+00,-1.297090758154434864e+00,8.466200544311579534e-01,2.107414742303106159e-01,-4.095578219777128437e-01,6.670436970084567818e-01,-2.165346327175653673e+00,-1.340488277243480075e+00,1.359823217218587121e+00,6.393691519626247821e-01,-3.727206634424298226e-01,-2.895325211055226333e-01,-8.249654894901218283e-01
-2.845284184946346440e-03,-4.175221447515762435e-02,3.081757122274292326e-01,5.120884443116567875e-01,5.379399176429783269e-01,4.490767877977410727e-01,-4.967052535155992987e-01,-7.298514375795945863e-01,1.969611305636028986e-01,1.480281001096009075e-01,9.993259072539699694e-01,-4.184472249658031662e-01,-1.150680156259841491e-01,-6.912418494352742249e-01,-3.751467312947180388e-01,-1.082633923791153641e-01,9.532373305950914144e-01,-2.318842171326008783e-01,1.439652474168325036e-01,1.235066465886543174e-02,-9.938708156867187560e-02,-4.929104294525268014e-03,-2.156614690373603427e+00,1.105972754833585592e+00,-1.294794715044357059e+00,8.367965806129444850e-01,2.069026625246639106e-01,-3.942218970055552663e-01,6.714514988443268662e-01,-2.165163585116572253e+00,-1.341415766449414626e+00,1.359734080711541448e+00,6.369857908520493162e-01,-3.724664129813112790e-01,-2.880819285727544976e-01,-8.244512458588588721e-01
-2.845284184946346440e-03,-4.175221447515762435e-02,3.085722789138203859e-01,5.124609941575013483e-01,5.383519894150851082e-01,4.486516082701310637e-01,-4.962586012922601264e-01,-7.380239364335047236e-01,1.991423668667325064e-01,1.479477780776756735e-01,1.010632581938440300e+00,-4.215955119155309072e-01,-1.144000034956594997e-01,-6.912262245685010242e-01,-3.751308250567183533e-01,-1.082869183133398500e-01,9.532943320340285798e-01,-2.319574050810472854e-01,1.439424486216165644e-01,1.253898066387828386e-02,-9.941122053245426970e-02,-5.172095522869024804e-03,-2.150132212324658010e+00,1.104724184481276739e+00,-1.292498671934279253e+00,8.269731067947306835e-01,2.030638508190170111e-01,-3.788859720333970227e-01,6.758593006801972836e-01,-2.164980843057490834e+00,-1.342343255655349177e+00,1.359644944204495554e+00,6.346024297414737392e-01,-3.722121625201927353e-01,-2.866313360399863064e-01,-8.239370022275959160e-01
-2.845284184946346440e-03,-4.175221447515762435e-02,3.089688456002114836e-01,5.128331909831268520e-01,5.387636903313798298e-01,4.482261196788229207e-01,-4.958116072100799410e-01,-7.461964352874144168e-01,2.013236031698620032e-01,1.478674560457504394e-01,1.021939256622910186e+00,-4.247437988652584817e-01,-1.137319913653348641e-01,-6.912105997017279346e-01,-3.751149188187186678e-01,-1.083104442475643359e-01,9.533513334729656341e-01,-2.320305930294937202e-01,1.439196498264006252e-01,1.272729666889112904e-02,-9.943535949623666381e-02,-5.415086751212771186e-03,-2.143649734275712593e+00,1.103475614128968108e+00,-1.290202628824201447e+00,8.171496329765173261e-01,1.992250391133703058e-01,-3.635500470612393897e-01,6.802671025160673679e-01,-2.164798100998408970e+00,-1.343270744861283506e+00,1.359555807697449881e+00,6.322190686308981622e-01,-3.719579120590742471e-01,-2.851807435072182262e-01,-8.234227585963328488e-01
-2.845284184946346440e-03,-4.175221447515762435e-02,3.093654122866026368e-01,5.132050345321326201e-01,5.391750201082535776e-01,4.478003223169248481e-01,-4.953642715769834282e-01,-7.543689341413246652e-01,2.035048394729915833e-01,1.477871340138252332e-01,1.033245931307380516e+00,-4.278920858149862227e-01,-1.130639792350102008e-01,-6.911949748349548450e-01,-3.750990125807190378e-01,-1.083339701817888218e-01,9.534083349119026884e-01,-2.321037809779401273e-01,1.438968510311846583e-01,1.291561267390398116e-02,-9.945949846001905792e-02,-5.658077979556528844e-03,-2.137167256226766732e+00,1.102227043776659476e+00,-1.287906585714123420e+00,8.073261591583035246e-01,1.953862274077234340e-01,-3.482141220890811462e-01,6.846749043519376743e-01,-2.164615358939327550e+00,-1.344198234067218056e+00,1.359466671190403986e+00,6.298357075203225852e-01,-3.717036615979557035e-01,-2.837301509744500350e-01,-8.229085149650698927e-01
-2.845284184946346440e-03,-4.175221447515762435e-02,3.097619789729937900e-01,5.135765245483695507e-01,5.395859784623513455e-01,4.473742164777567698e-01,-4.949165947011255895e-01,-7.625414329952343584e-01,2.056860757761210801e-01,1.477068119818999992e-01,1.044552605991850180e+00,-4.310403727647137972e-01,-1.123959671046855791e-01,-6.911793499681816444e-01,-3.750831063427193524e-01,-1.083574961160133077e-01,9.534653363508398538e-01,-2.321769689263865621e-01,1.438740522359687191e-01,1.310392867891682460e-02,-9.948363742380145203e-02,-5.901069207900275226e-03,-2.130684778177821315e+00,1.100978473424350623e+00,-1.285610542604045836e+00,7.975026853400900562e-01,1.915474157020767287e-01,-3.328781971169235687e-01,6.890827061878078696e-01,-2.164432616880246130e+00,-1.345125723273152607e+00,1.359377534683358313e+00,6.274523464097471193e-01,-3.714494111368371598e-01,-2.822795584416819548e-01,-8.223942713338069366e-01
-2.845284184946346440e-03,-4.175221447515762435e-02,3.101585456593848877e-01,5.139476607759289051e-01,5.399965651105768094e-01,4.469478024548499406e-01,-4.944685768908981260e-01,-7.707139318491444957e-01,2.078673120792506601e-01,1.476264899499747651e-01,1.055859280676320511e+00,-4.341886597144415383e-01,-1.117279549743609157e-01,-6.911637251014085548e-01,-3.750672001047196669e-01,-1.083810220502377797e-01,9.535223377897769081e-01,-2.322501568748329970e-01,1.438512534407527799e-01,1.329224468392967672e-02,-9.950777638758383226e-02,-6.144060436244032017e-03,-2.124202300128875898e+00,1.099729903072041992e+00,-1.283314499493967809e+00,7.876792115218762547e-01,1.877086039964298569e-01,-3.175422721447652696e-01,6.934905080236781760e-01,-2.164249874821164710e+00,-1.346053212479087158e+00,1.359288398176312418e+00,6.250689852991715423e-01,-3.711951606757186717e-01,-2.808289659089137635e-01,-8.218800277025438694e-01
-2.845284184946346440e-03,-4.175221447515762435e-02,3.105551123457760410e-01,5.143184429591438622e-01,5.404067797700864428e-01,4.465210805419508877e-01,-4.940202184549290498e-01,-7.788864307030542999e-01,2.100485483823801569e-01,1.475461679180495311e-01,1.067165955360790397e+00,-4.373369466641691128e-01,-1.110599428440362940e-01,-6.911481002346353542e-01,-3.750512938667199814e-01,-1.084045479844622656e-01,9.535793392287140735e-01,-2.323233448232794041e-01,1.438284546455368129e-01,1.348056068894252016e-02,-9.953191535136622636e-02,-6.387051664587778399e-03,-2.117719822079930481e+00,1.098481332719733139e+00,-1.281018456383890003e+00,7.778557377036628973e-01,1.838697922907831517e-01,-3.022063471726076922e-01,6.978983098595483714e-01,-2.164067132762082846e+00,-1.346980701685021709e+00,1.359199261669266745e+00,6.226856241885959653e-01,-3.709409102146001280e-01,-2.793783733761456278e-01,-8.213657840712809133e-01
-2.845284184946346440e-03,-4.175221447515762435e-02,3.109516790321671942e-01,5.146888708425940706e-01,5.408166221582966227e-01,4.460940510330146935e-01,-4.935715197020793532e-01,-7.870589295569644372e-01,2.122297846855097647e-01,1.474658458861242971e-01,1.078472630045260727e+00,-4.404852336138968538e-01,-1.103919307137116307e-01,-6.911324753678622645e-01,-3.750353876287202959e-01,-1.084280739186867515e-01,9.536363406676511278e-01,-2.323965327717258389e-01,1.438056558503208737e-01,1.366887669395537228e-02,-9.955605431514862047e-02,-6.630042892931536057e-03,-2.111237344030984620e+00,1.097232762367424508e+00,-1.278722413273812197e+00,7.680322638854490958e-01,1.800309805851362799e-01,-2.868704222004494486e-01,7.023061116954186778e-01,-2.163884390703001426e+00,-1.347908190890956259e+00,1.359110125162220850e+00,6.203022630780203883e-01,-3.706866597534815844e-01,-2.779277808433774366e-01,-8.208515404400178461e-01
-2.845284184946346440e-03,-4.175221447515762435e-02,3.113482457185582919e-01,5.150589441710987648e-01,5.412260919928767455e-01,4.456667142222123790e-01,-4.931224809414474497e-01,-7.952314284108742415e-01,2.144110209886392615e-01,1.473855238541990631e-01,1.089779304729730391e+00,-4.436335205636244283e-01,-1.097239185833869951e-01,-6.911168505010891749e-01,-3.750194813907206104e-01,-1.084515998529112374e-01,9.536933421065881822e-01,-2.324697207201722460e-01,1.437828570551049345e-01,1.385719269896821745e-02,-9.958019327893101458e-02,-6.873034121275282439e-03,-2.104754865982039203e+00,1.095984192015115877e+00,-1.276426370163734392e+00,7.582087900672356273e-01,1.761921688794895469e-01,-2.715344972282918157e-01,7.067139135312888731e-01,-2.163701648643920006e+00,-1.348835680096890810e+00,1.359020988655175177e+00,6.179189019674449224e-01,-3.704324092923630962e-01,-2.764771883106093564e-01,-8.203372968087548900e-01
-2.845284184946346440e-03,-4.175221447515762435e-02,3.117448124049494451e-01,5.154286626897266466e-01,5.416351889917552231e-01,4.452390704039230207e-01,-4.926731024823620686e-01,-8.034039272647843788e-01,2.165922572917688416e-01,1.473052018222738291e-01,1.101085979414200722e+00,-4.467818075133521694e-01,-1.090559064530623457e-01,-6.911012256343159743e-01,-3.750035751527209249e-01,-1.084751257871357233e-01,9.537503435455253475e-01,-2.325429086686186808e-01,1.437600582598889953e-01,1.404550870398106784e-02,-9.960433224271340868e-02,-7.116025349619040097e-03,-2.098272387933093341e+00,1.094735621662807024e+00,-1.274130327053656586e+00,7.483853162490218258e-01,1.723533571738426751e-01,-2.561985722561335721e-01,7.111217153671591795e-01,-2.163518906584838142e+00,-1.349763169302825361e+00,1.358931852148129282e+00,6.155355408568692344e-01,-3.701781588312445526e-01,-2.750265957778411652e-01,-8.198230531774919339e-01
-2.845284184946346440e-03,-4.175221447515762435e-02,3.121413790913405428e-01,5.157980261437886682e-01,5.420439128731158185e-01,4.448111198727395799e-01,-4.922233846343883612e-01,-8.115764261186941830e-01,2.187734935948983384e-01,1.472248797903485951e-01,1.112392654098670608e+00,-4.499300944630797439e-01,-1.083878943227377101e-01,-6.910856007675428847e-01,-3.749876689147212394e-01,-1.084986517213601953e-01,9.538073449844624019e-01,-2.326160966170650879e-01,1.437372594646730284e-01,1.423382470899391128e-02,-9.962847120649578891e-02,-7.359016577962786479e-03,-2.091789909884148368e+00,1.093487051310498392e+00,-1.271834283943578781e+00,7.385618424308084684e-01,1.685145454681959698e-01,-2.408626472839759947e-01,7.155295172030293749e-01,-2.163336164525756722e+00,-1.350690658508759912e+00,1.358842715641083609e+00,6.131521797462937684e-01,-3.699239083701260089e-01,-2.735760032450730850e-01,-8.193088095462288667e-01
-2.845284184946346440e-03,-4.175221447515762435e-02,3.125379457777316961e-01,5.161670342788423627e-01,5.424522633554004214e-01,4.443828629234637950e-01,-4.917733277073225162e-01,-8.197489249726043203e-01,2.209547298980279462e-01,1.471445577584233610e-01,1.123699328783140938e+00,-4.530783814128074849e-01,-1.077198821924130467e-01,-6.910699759007696841e-01,-3.749717626767215539e-01,-1.085221776555846812e-01,9.538643464233994562e-01,-2.326892845655115227e-01,1.437144606694570892e-01,1.442214071400676513e-02,-9.965261017027818302e-02,-7.602007806306543269e-03,-2.085307431835202507e+00,1.092238480958189539e+00,-1.269538240833500975e+00,7.287383686125946669e-01,1.646757337625490980e-01,-2.255267223118176956e-01,7.199373190388996813e-01,-2.163153422466675302e+00,-1.351618147714694462e+00,1.358753579134037714e+00,6.107688186357181914e-01,-3.696696579090075208e-01,-2.721254107123048938e-01,-8.187945659149659106e-01
-2.845284184946346440e-03,-4.175221447515762435e-02,3.129345124641228493e-01,5.165356868406848490e-01,5.428602401573074943e-01,4.439542998511116778e-01,-4.913229320111992537e-01,-8.279214238265141246e-01,2.231359662011574152e-01,1.470642357264981270e-01,1.135006003467610824e+00,-4.562266683625350594e-01,-1.070518700620884250e-01,-6.910543510339965945e-01,-3.749558564387218684e-01,-1.085457035898091671e-01,9.539213478623366216e-01,-2.327624725139579298e-01,1.436916618742411500e-01,1.461045671901960857e-02,-9.967674913406057713e-02,-7.844999034650289652e-03,-2.078824953786257090e+00,1.090989910605880908e+00,-1.267242197723423169e+00,7.189148947943813095e-01,1.608369220569023927e-01,-2.101907973396601181e-01,7.243451208747697656e-01,-2.162970680407593438e+00,-1.352545636920628791e+00,1.358664442626992042e+00,6.083854575251426144e-01,-3.694154074478889771e-01,-2.706748181795367580e-01,-8.182803222837029544e-01
-2.845284184946346440e-03,-4.175221447515762435e-02,3.133310791505140025e-01,5.169039835753657108e-01,5.432678429977930712e-01,4.435254309509075177e-01,-4.908721978562803900e-01,-8.360939226804242619e-01,2.253172025042870230e-01,1.469839136945728930e-01,1.146312678152080933e+00,-4.593749553122628004e-01,-1.063838579317637617e-01,-6.910387261672235049e-01,-3.749399502007222384e-01,-1.085692295240336530e-01,9.539783493012736759e-01,-2.328356604624043646e-01,1.436688630790251830e-01,1.479877272403246069e-02,-9.970088809784297124e-02,-8.087990262994046442e-03,-2.072342475737311229e+00,1.089741340253572055e+00,-1.264946154613345142e+00,7.090914209761673970e-01,1.569981103512555209e-01,-1.948548723675018468e-01,7.287529227106401830e-01,-2.162787938348512018e+00,-1.353473126126563342e+00,1.358575306119946147e+00,6.060020964145670375e-01,-3.691611569867704334e-01,-2.692242256467686223e-01,-8.177660786524398873e-01
-2.845284184946346440e-03,-4.175221447515762435e-02,3.137276458369051002e-01,5.172719242291713426e-01,5.436750715960707581e-01,4.430962565182877677e-01,-4.904211255530675495e-01,-8.442664215343340661e-01,2.274984388074164920e-01,1.469035916626476590e-01,1.157619352836550819e+00,-4.625232422619903749e-01,-1.057158458014391400e-01,-6.910231013004503042e-01,-3.749240439627225530e-01,-1.085927554582581389e-01,9.540353507402108413e-01,-2.329088484108507995e-01,1.436460642838092439e-01,1.498708872904530413e-02,-9.972502706162536534e-02,-8.330981491337794559e-03,-2.065859997688365812e+00,1.088492769901263424e+00,-1.262650111503267336e+00,6.992679471579540396e-01,1.531592986456087879e-01,-1.795189473953442971e-01,7.331607245465102674e-01,-2.162605196289430598e+00,-1.354400615332497892e+00,1.358486169612900474e+00,6.036187353039915715e-01,-3.689069065256519453e-01,-2.677736331140004866e-01,-8.172518350211769311e-01
-2.845284184946346440e-03,-4.175221447515762435e-02,3.141242125232962534e-01,5.176395085486401593e-01,5.440819256716122876e-01,4.426667768488983801e-01,-4.899697154122898968e-01,-8.524389203882442034e-01,2.296796751105460999e-01,1.468232696307224527e-01,1.168926027521021149e+00,-4.656715292117181160e-01,-1.050478336711144767e-01,-6.910074764336772146e-01,-3.749081377247228675e-01,-1.086162813924826248e-01,9.540923521791478956e-01,-2.329820363592972066e-01,1.436232654885933047e-01,1.517540473405815625e-02,-9.974916602540774557e-02,-8.573972719681551349e-03,-2.059377519639420395e+00,1.087244199548954793e+00,-1.260354068393189531e+00,6.894444733397402381e-01,1.493204869399619161e-01,-1.641830224231859980e-01,7.375685263823805737e-01,-2.162422454230348734e+00,-1.355328104538432443e+00,1.358397033105854579e+00,6.012353741934159945e-01,-3.686526560645334016e-01,-2.663230405812322954e-01,-8.167375913899139750e-01
-2.845284184946346440e-03,-4.175221447515762435e-02,3.145207792096873511e-01,5.180067362805519382e-01,5.444884049441468532e-01,4.422369922385964713e-01,-4.895179677449124078e-01,-8.606114192421538966e-01,2.318609114136755966e-01,1.467429475987972187e-01,1.180232702205491035e+00,-4.688198161614456905e-01,-1.043798215407898550e-01,-6.909918515669040140e-01,-3.748922314867231820e-01,-1.086398073267070968e-01,9.541493536180849500e-01,-2.330552243077436414e-01,1.436004666933773655e-01,1.536372073907099969e-02,-9.977330498919013968e-02,-8.816963948025297731e-03,-2.052895041590474978e+00,1.085995629196645940e+00,-1.258058025283111725e+00,6.796209995215268806e-01,1.454816752343152109e-01,-1.488470974510283651e-01,7.419763282182507691e-01,-2.162239712171267314e+00,-1.356255593744366994e+00,1.358307896598808906e+00,5.988520130828404175e-01,-3.683984056034148580e-01,-2.648724480484642152e-01,-8.162233477586509078e-01
-2.845284184946346440e-03,-4.175221447515762435e-02,3.149173458960785044e-01,5.183736071719358129e-01,5.448945091336619972e-01,4.418069029834484907e-01,-4.890658828621303744e-01,-8.687839180960640340e-01,2.340421477168051767e-01,1.466626255668719847e-01,1.191539376889961144e+00,-4.719681031111734315e-01,-1.037118094104651916e-01,-6.909762267001309244e-01,-3.748763252487234965e-01,-1.086633332609315827e-01,9.542063550570221153e-01,-2.331284122561900485e-01,1.435776678981613985e-01,1.555203674408385181e-02,-9.979744395297253379e-02,-9.059955176369054522e-03,-2.046412563541529117e+00,1.084747058844337309e+00,-1.255761982173033919e+00,6.697975257033129681e-01,1.416428635286683391e-01,-1.335111724788701215e-01,7.463841300541210755e-01,-2.162056970112185894e+00,-1.357183082950301545e+00,1.358218760091763011e+00,5.964686519722648406e-01,-3.681441551422963698e-01,-2.634218555156960240e-01,-8.157091041273879517e-01
-2.845284184946346440e-03,-4.175221447515762435e-02,3.153139125824696576e-01,5.187401209700617244e-01,5.453002379604044991e-01,4.413765093797308858e-01,-4.886134610753745666e-01,-8.769564169499738382e-01,2.362233840199346735e-01,1.465823035349467507e-01,1.202846051574431030e+00,-4.751163900609010060e-01,-1.030437972801405561e-01,-6.909606018333578348e-01,-3.748604190107238110e-01,-1.086868591951560686e-01,9.542633564959591697e-01,-2.332016002046364833e-01,1.435548691029454593e-01,1.574035274909669699e-02,-9.982158291675492789e-02,-9.302946404712800904e-03,-2.039930085492583700e+00,1.083498488492028677e+00,-1.253465939062956114e+00,6.599740518850996107e-01,1.378040518230216338e-01,-1.181752475067125163e-01,7.507919318899912708e-01,-2.161874228053104030e+00,-1.358110572156236096e+00,1.358129623584717338e+00,5.940852908616892636e-01,-3.678899046811778262e-01,-2.619712629829278883e-01,-8.151948604961249956e-01
-2.845284184946346440e-03,-4.175221447515762435e-02,3.157104792688608108e-01,5.191062774224501908e-01,5.457055911448778218e-01,4.409458117239308805e-01,-4.881607026963041829e-01,-8.851289158038839755e-01,2.384046203230642813e-01,1.465019815030215167e-01,1.214152726258901360e+00,-4.782646770106287470e-01,-1.023757851498159066e-01,-6.909449769665846341e-01,-3.748445127727241255e-01,-1.087103851293805545e-01,9.543203579348963350e-01,-2.332747881530828904e-01,1.435320703077295201e-01,1.592866875410954910e-02,-9.984572188053732200e-02,-9.545937633056557695e-03,-2.033447607443638283e+00,1.082249918139719824e+00,-1.251169895952878086e+00,6.501505780668858092e-01,1.339652401173747620e-01,-1.028393225345542589e-01,7.551997337258615772e-01,-2.161691485994022610e+00,-1.359038061362170646e+00,1.358040487077671443e+00,5.917019297511136866e-01,-3.676356542200593380e-01,-2.605206704501597526e-01,-8.146806168648619284e-01
-2.845284184946346440e-03,-4.175221447515762435e-02,3.161070459552519085e-01,5.194720762768660904e-01,5.461105684078464417e-01,4.405148103127428105e-01,-4.877076080368124567e-01,-8.933014146577937797e-01,2.405858566261937781e-01,1.464216594710963104e-01,1.225459400943371246e+00,-4.814129639603563215e-01,-1.017077730194912710e-01,-6.909293520998115445e-01,-3.748286065347244955e-01,-1.087339110636050266e-01,9.543773593738333894e-01,-2.333479761015293252e-01,1.435092715125135809e-01,1.611698475912239081e-02,-9.986986084431970223e-02,-9.788928861400305811e-03,-2.026965129394692866e+00,1.081001347787411193e+00,-1.248873852842800281e+00,6.403271042486724518e-01,1.301264284117280567e-01,-8.750339756239666755e-02,7.596075355617316616e-01,-2.161508743934941190e+00,-1.359965550568105197e+00,1.357951350570625770e+00,5.893185686405382206e-01,-3.673814037589407944e-01,-2.590700779173916168e-01,-8.141663732335989723e-01
-2.845284184946346440e-03,-4.175221447515762435e-02,3.165036126416430617e-01,5.198375172813197720e-01,5.465151694703322960e-01,4.400835054430725646e-01,-4.872541774090241029e-01,-9.014739135117039170e-01,2.427670929293233582e-01,1.463413374391710764e-01,1.236766075627841355e+00,-4.845612509100840626e-01,-1.010397608891666077e-01,-6.909137272330383439e-01,-3.748127002967248100e-01,-1.087574369978295125e-01,9.544343608127705547e-01,-2.334211640499757601e-01,1.434864727172976140e-01,1.630530076413524293e-02,-9.989399980810209634e-02,-1.003192008974406260e-02,-2.020482651345747005e+00,1.079752777435102340e+00,-1.246577809732722475e+00,6.305036304304585393e-01,1.262876167060811849e-01,-7.216747259023839622e-02,7.640153373976020790e-01,-2.161326001875859326e+00,-1.360893039774039748e+00,1.357862214063579875e+00,5.869352075299625326e-01,-3.671271532978222507e-01,-2.576194853846234811e-01,-8.136521296023359051e-01
-2.845284184946346440e-03,-4.175221447515762435e-02,3.169001793280341595e-01,5.202026001840708291e-01,5.469193940536166698e-01,4.396518974120338097e-01,-4.868004111252940413e-01,-9.096464123656137213e-01,2.449483292324528549e-01,1.462610154072458424e-01,1.248072750312311241e+00,-4.877095378598116371e-01,-1.003717487588419860e-01,-6.908981023662652543e-01,-3.747967940587251245e-01,-1.087809629320539984e-01,9.544913622517076091e-01,-2.334943519984221671e-01,1.434636739220816748e-01,1.649361676914808811e-02,-9.991813877188449045e-02,-1.027491131808780898e-02,-2.014000173296801588e+00,1.078504207082793709e+00,-1.244281766622644669e+00,6.206801566122451819e-01,1.224488050004344658e-01,-5.683154761808081878e-02,7.684231392334721633e-01,-2.161143259816777906e+00,-1.361820528979974299e+00,1.357773077556534203e+00,5.845518464193870667e-01,-3.668729028367037626e-01,-2.561688928518553454e-01,-8.131378859710729490e-01
-2.845284184946346440e-03,-4.175221447515762435e-02,3.172967460144253127e-01,5.205673247336223275e-01,5.473232418792404186e-01,4.392199865169496564e-01,-4.863463094982098944e-01,-9.177617113025348106e-01,2.471169008872630413e-01,1.459914338067437867e-01,1.257534109828861935e+00,-4.891278060546261908e-01,-9.913115668003034953e-02,-6.908937240577042171e-01,-3.747906636616488707e-01,-1.087896174050750064e-01,9.545087769226666685e-01,-2.335164608607012415e-01,1.434546442236686314e-01,1.666190963615003101e-02,-9.997002170429226953e-02,-1.066546448129507274e-02,-2.008418448287705438e+00,1.072826789912984857e+00,-1.240305333626297024e+00,6.186226701525986416e-01,1.200067220611811397e-01,-4.636972239120794315e-02,7.739354702533337571e-01,-2.161337453382116358e+00,-1.361313540301644531e+00,1.357873134187368658e+00,5.860151074799243576e-01,-3.669880880076044072e-01,-2.571335019303849223e-01,-8.134010102680997445e-01
-2.845284184946346440e-03,-4.175221447515762435e-02,3.176933127008164659e-01,5.209316906787258006e-01,5.477267126690041898e-01,4.387877730553513822e-01,-4.858918728405897669e-01,-9.258770102394563439e-01,2.492854725420733109e-01,1.457218522062417310e-01,1.266995469345413072e+00,-4.905460742494408000e-01,-9.789056460121864367e-02,-6.908893457491430690e-01,-3.747845332645726169e-01,-1.087982718780960284e-01,9.545261915936256170e-01,-2.335385697229803437e-01,1.434456145252555881e-01,1.683020250315198085e-02,-1.000219046367000486e-01,-1.105601764450235211e-02,-2.002836723278609288e+00,1.067149372743176006e+00,-1.236328900629949379e+00,6.165651836929519902e-01,1.175646391219276887e-01,-3.590789716433460954e-02,7.794478012731955729e-01,-2.161531646947454366e+00,-1.360806551623314542e+00,1.357973190818203335e+00,5.874783685404617595e-01,-3.671032731785051073e-01,-2.580981110089145547e-01,-8.136641345651266510e-01
-2.845284184946346440e-03,-4.175221447515762435e-02,3.180898793872075636e-01,5.212956977683793625e-01,5.481298061449683123e-01,4.383552573249785977e-01,-4.854371014654831340e-01,-9.339923091763774332e-01,2.514540441968834972e-01,1.454522706057396753e-01,1.276456828861963766e+00,-4.919643424442553536e-01,-9.664997252240700720e-02,-6.908849674405820318e-01,-3.747784028674963630e-01,-1.088069263511170365e-01,9.545436062645846764e-01,-2.335606785852594180e-01,1.434365848268425447e-01,1.699849537015392723e-02,-1.000737875691078277e-01,-1.144657080770961587e-02,-1.997254998269512916e+00,1.061471955573367154e+00,-1.232352467633601956e+00,6.145076972333054499e-01,1.151225561826743626e-01,-2.544607193746173390e-02,7.849601322930571667e-01,-2.161725840512792818e+00,-1.360299562944984775e+00,1.358073247449037790e+00,5.889416296009991614e-01,-3.672184583494057519e-01,-2.590627200874441316e-01,-8.139272588621534466e-01
-2.845284184946346440e-03,-4.175221447515762435e-02,3.184864460735987168e-01,5.216593457518288179e-01,5.485325220294526849e-01,4.379224396237800243e-01,-4.849819956861686765e-01,-9.421076081132989666e-01,2.536226158516937668e-01,1.451826890052375918e-01,1.285918188378514682e+00,-4.933826106390699628e-01,-9.540938044359530135e-02,-6.908805891320209946e-01,-3.747722724704201647e-01,-1.088155808241380584e-01,9.545610209355436249e-01,-2.335827874475385202e-01,1.434275551284294736e-01,1.716678823715587707e-02,-1.001256705015156068e-01,-1.183712397091689697e-02,-1.991673273260416543e+00,1.055794538403558303e+00,-1.228376034637254088e+00,6.124502107736587986e-01,1.126804732434209255e-01,-1.498424671058840030e-02,7.904724633129189826e-01,-2.161920034078130826e+00,-1.359792574266655008e+00,1.358173304079872468e+00,5.904048906615365633e-01,-3.673336435203063965e-01,-2.600273291659737640e-01,-8.141903831591803531e-01
-2.845284184946346440e-03,-4.175221447515762435e-02,3.188830127599898701e-01,5.220226343785681067e-01,5.489348600450367766e-01,4.374893202499115508e-01,-4.845265558161555575e-01,-9.502229070502200559e-01,2.557911875065039808e-01,1.449131074047355361e-01,1.295379547895065375e+00,-4.948008788338845720e-01,-9.416878836478366488e-02,-6.908762108234598465e-01,-3.747661420733439108e-01,-1.088242352971590665e-01,9.545784356065026843e-01,-2.336048963098175946e-01,1.434185254300164303e-01,1.733508110415781997e-02,-1.001775534339233859e-01,-1.222767713412416073e-02,-1.986091548251320393e+00,1.050117121233749451e+00,-1.224399601640906665e+00,6.103927243140122583e-01,1.102383903041675994e-01,-4.522421483715524659e-03,7.959847943327805764e-01,-2.162114227643469277e+00,-1.359285585588325240e+00,1.358273360710706923e+00,5.918681517220738542e-01,-3.674488286912070412e-01,-2.609919382445033964e-01,-8.144535074562071486e-01
-2.845284184946346440e-03,-4.175221447515762435e-02,3.192795794463809678e-01,5.223855633983365276e-01,5.493368199145618469e-01,4.370558995017372883e-01,-4.840707821691848101e-01,-9.583382059871415892e-01,2.579597591613142504e-01,1.446435258042334804e-01,1.304840907411616513e+00,-4.962191470286991812e-01,-9.292819628597197290e-02,-6.908718325148988093e-01,-3.747600116762676570e-01,-1.088328897701800885e-01,9.545958502774616328e-01,-2.336270051720966690e-01,1.434094957316033869e-01,1.750337397115976981e-02,-1.002294363663311649e-01,-1.261823029733144183e-02,-1.980509823242224021e+00,1.044439704063940599e+00,-1.220423168644558798e+00,6.083352378543656069e-01,1.077963073649141623e-01,5.939403743157808946e-03,8.014971253526423922e-01,-2.162308421208807729e+00,-1.358778596909995251e+00,1.358373417341541378e+00,5.933314127826112561e-01,-3.675640138621077413e-01,-2.619565473230330288e-01,-8.147166317532340551e-01
-2.845284184946346440e-03,-4.175221447515762435e-02,3.196761461327721210e-01,5.227481325611219587e-01,5.497384013611280595e-01,4.366221776778291264e-01,-4.836146750592264509e-01,-9.664535049240626785e-01,2.601283308161244090e-01,1.443739442037314247e-01,1.314302266928167207e+00,-4.976374152235137349e-01,-9.168760420716032256e-02,-6.908674542063377721e-01,-3.747538812791914031e-01,-1.088415442432010966e-01,9.546132649484206922e-01,-2.336491140343757711e-01,1.434004660331903436e-01,1.767166683816171271e-02,-1.002813192987389440e-01,-1.300878346053870385e-02,-1.974928098233128093e+00,1.038762286894131748e+00,-1.216446735648211375e+00,6.062777513947189556e-01,1.053542244256608224e-01,1.640122897003068458e-02,8.070094563725039860e-01,-2.162502614774145737e+00,-1.358271608231665484e+00,1.358473473972376055e+00,5.947946738431486580e-01,-3.676791990330083859e-01,-2.629211564015626057e-01,-8.149797560502608507e-01
-2.845284184946346440e-03,-4.175221447515762435e-02,3.200727128191632742e-01,5.231103416171618559e-01,5.501396041080981458e-01,4.361881550769651228e-01,-4.831582348004791472e-01,-9.745688038609841009e-01,2.622969024709347341e-01,1.441043626032293412e-01,1.323763626444718344e+00,-4.990556834183283441e-01,-9.044701212834863058e-02,-6.908630758977766240e-01,-3.747477508821151493e-01,-1.088501987162221185e-01,9.546306796193796407e-01,-2.336712228966548455e-01,1.433914363347773002e-01,1.783995970516366603e-02,-1.003332022311467231e-01,-1.339933662374598496e-02,-1.969346373224031721e+00,1.033084869724322674e+00,-1.212470302651863729e+00,6.042202649350723043e-01,1.029121414864073852e-01,2.686305419690401819e-02,8.125217873923658018e-01,-2.162696808339484189e+00,-1.357764619553335717e+00,1.358573530603210511e+00,5.962579349036860599e-01,-3.677943842039090305e-01,-2.638857654800922381e-01,-8.152428803472877572e-01
-2.845284184946346440e-03,-4.175221447515762435e-02,3.204692795055543719e-01,5.234721903169400337e-01,5.505404278790938521e-01,4.357538319981318908e-01,-4.827014617073721592e-01,-9.826841027979053012e-01,2.644654741257448927e-01,1.438347810027272855e-01,1.333224985961269038e+00,-5.004739516131428978e-01,-8.920642004953698023e-02,-6.908586975892155868e-01,-3.747416204850388954e-01,-1.088588531892431266e-01,9.546480942903387001e-01,-2.336933317589339476e-01,1.433824066363642569e-01,1.800825257216560893e-02,-1.003850851635545022e-01,-1.378988978695324871e-02,-1.963764648214935571e+00,1.027407452554514045e+00,-1.208493869655516084e+00,6.021627784754257640e-01,1.004700585471540453e-01,3.732487942377689383e-02,8.180341184122273956e-01,-2.162891001904822197e+00,-1.357257630875005949e+00,1.358673587234045188e+00,5.977211959642233507e-01,-3.679095693748096751e-01,-2.648503745586218150e-01,-8.155060046443145527e-01
-2.845284184946346440e-03,-4.175221447515762435e-02,3.208658461919455251e-01,5.238336784111875533e-01,5.509408723979989375e-01,4.353192087405228783e-01,-4.822443560945650076e-01,-9.907994017348267235e-01,2.666340457805551623e-01,1.435651994022252298e-01,1.342686345477820176e+00,-5.018922198079575070e-01,-8.796582797072528825e-02,-6.908543192806545497e-01,-3.747354900879626971e-01,-1.088675076622641347e-01,9.546655089612977596e-01,-2.337154406212130220e-01,1.433733769379511858e-01,1.817654543916755877e-02,-1.004369680959622813e-01,-1.418044295016052808e-02,-1.958182923205839199e+00,1.021730035384704971e+00,-1.204517436659168439e+00,6.001052920157791126e-01,9.802797560790060816e-02,4.778670465065022743e-02,8.235464494320892115e-01,-2.163085195470160649e+00,-1.356750642196675960e+00,1.358773643864879643e+00,5.991844570247607527e-01,-3.680247545457103753e-01,-2.658149836371514474e-01,-8.157691289413413482e-01
-2.845284184946346440e-03,-4.175221447515762435e-02,3.212624128783366784e-01,5.241948056508862752e-01,5.513409373889583964e-01,4.348842856035378679e-01,-4.817869182769440872e-01,-9.989147006717479238e-01,2.688026174353653763e-01,1.432956178017231741e-01,1.352147704994370869e+00,-5.033104880027721162e-01,-8.672523589191365179e-02,-6.908499409720934015e-01,-3.747293596908864433e-01,-1.088761621352851566e-01,9.546829236322567080e-01,-2.337375494834920964e-01,1.433643472395381424e-01,1.834483830616950167e-02,-1.004888510283700603e-01,-1.457099611336779357e-02,-1.952601198196743049e+00,1.016052618214896341e+00,-1.200541003662820794e+00,5.980478055561325723e-01,9.558589266864728207e-02,5.824852987752310307e-02,8.290587804519506943e-01,-2.163279389035499101e+00,-1.356243653518346193e+00,1.358873700495714099e+00,6.006477180852980435e-01,-3.681399397166110199e-01,-2.667795927156810243e-01,-8.160322532383682548e-01
-2.845284184946346440e-03,-4.175221447515762435e-02,3.216589795647277761e-01,5.245555717872666390e-01,5.517406225763783478e-01,4.344490628867828663e-01,-4.813291485696253869e-01,-1.007029999608669346e+00,2.709711890901756459e-01,1.430260362012211184e-01,1.361609064510922007e+00,-5.047287561975867254e-01,-8.548464381310194593e-02,-6.908455626635323643e-01,-3.747232292938101894e-01,-1.088848166083061647e-01,9.547003383032157675e-01,-2.337596583457711985e-01,1.433553175411250991e-01,1.851313117317145152e-02,-1.005407339607778394e-01,-1.496154927657507294e-02,-1.947019473187646676e+00,1.010375201045087268e+00,-1.196564570666473148e+00,5.959903190964859210e-01,9.314380972939384495e-02,6.871035510439643668e-02,8.345711114718126211e-01,-2.163473582600837108e+00,-1.355736664840016426e+00,1.358973757126548776e+00,6.021109791458354454e-01,-3.682551248875116645e-01,-2.677442017942106567e-01,-8.162953775353950503e-01
-2.845284184946346440e-03,-4.175221447515762435e-02,3.220555462511189293e-01,5.249159765718047765e-01,5.521399276849270343e-01,4.340135408900714920e-01,-4.808710472879547115e-01,-1.015145298545590435e+00,2.731397607449858045e-01,1.427564546007190627e-01,1.371070424027472479e+00,-5.061470243924012236e-01,-8.424405173429030946e-02,-6.908411843549713272e-01,-3.747170988967339356e-01,-1.088934710813271867e-01,9.547177529741747160e-01,-2.337817672080502729e-01,1.433462878427120557e-01,1.868142404017339789e-02,-1.005926168931856046e-01,-1.535210243978233670e-02,-1.941437748178550526e+00,1.004697783875278638e+00,-1.192588137670125503e+00,5.939328326368393807e-01,9.070172679014051886e-02,7.917218033126932619e-02,8.400834424916741039e-01,-2.163667776166175560e+00,-1.355229676161686436e+00,1.359073813757383231e+00,6.035742402063728473e-01,-3.683703100584123646e-01,-2.687088108727402891e-01,-8.165585018324219568e-01
-2.845284184946346440e-03,-4.175221447515762435e-02,3.224521129375100825e-01,5.252760197562302835e-01,5.525388524395332679e-01,4.335777199134226434e-01,-4.804126147475041853e-01,-1.023260597482511969e+00,2.753083323997960741e-01,1.424868730002169792e-01,1.380531783544023616e+00,-5.075652925872158328e-01,-8.300345965547861748e-02,-6.908368060464102900e-01,-3.747109684996576817e-01,-1.089021255543481947e-01,9.547351676451337754e-01,-2.338038760703293750e-01,1.433372581442990124e-01,1.884971690717534773e-02,-1.006444998255933837e-01,-1.574265560298961780e-02,-1.935856023169454154e+00,9.990203667054695646e-01,-1.188611704673777858e+00,5.918753461771927293e-01,8.825964385088708175e-02,8.963400555814265980e-02,8.455957735115360308e-01,-2.163861969731513568e+00,-1.354722687483356669e+00,1.359173870388217908e+00,6.050375012669102492e-01,-3.684854952293130093e-01,-2.696734199512699215e-01,-8.168216261294487524e-01
-2.845284184946346440e-03,-4.175221447515762435e-02,3.228486796239011802e-01,5.256357010925164497e-01,5.529373965653898715e-01,4.331416002570611656e-01,-4.799538512640770249e-01,-1.031375896419433058e+00,2.774769040546062882e-01,1.422172913997149235e-01,1.389993143060574310e+00,-5.089835607820304419e-01,-8.176286757666696714e-02,-6.908324277378491418e-01,-3.747048381025814279e-01,-1.089107800273692167e-01,9.547525823160927239e-01,-2.338259849326084494e-01,1.433282284458859690e-01,1.901800977417729063e-02,-1.006963827580011628e-01,-1.613320876619687982e-02,-1.930274298160358004e+00,9.933429495356608241e-01,-1.184635271677430213e+00,5.898178597175461890e-01,8.581756091163374178e-02,1.000958307850155216e-01,8.511081045313975135e-01,-2.164056163296852020e+00,-1.354215698805026902e+00,1.359273927019052364e+00,6.065007623274475401e-01,-3.686006804002136539e-01,-2.706380290297994984e-01,-8.170847504264756589e-01
-2.845284184946346440e-03,-4.175221447515762435e-02,3.232452463102923335e-01,5.259950203328921381e-01,5.533355597879495713e-01,4.327051822214185717e-01,-4.794947571537001019e-01,-1.039491195356354591e+00,2.796454757094165577e-01,1.419477097992128678e-01,1.399454502577125448e+00,-5.104018289768450511e-01,-8.052227549785526128e-02,-6.908280494292881047e-01,-3.746987077055052295e-01,-1.089194345003902248e-01,9.547699969870517833e-01,-2.338480937948875238e-01,1.433191987474728979e-01,1.918630264117924047e-02,-1.007482656904089419e-01,-1.652376192940416266e-02,-1.924692573151261632e+00,9.876655323658517505e-01,-1.180658838681082567e+00,5.877603732578995377e-01,8.337547797238030467e-02,1.105576560118888552e-01,8.566204355512593294e-01,-2.164250356862190472e+00,-1.353708710126696912e+00,1.359373983649886819e+00,6.079640233879849420e-01,-3.687158655711143540e-01,-2.716026381083291308e-01,-8.173478747235024544e-01
-2.845284184946346440e-03,-4.175221447515762435e-02,3.236418129966834867e-01,5.263539772298286845e-01,5.537333418329303258e-01,4.322684661071300449e-01,-4.790353327326337118e-01,-1.047606494293275681e+00,2.818140473642267718e-01,1.416781281987108121e-01,1.408915862093676141e+00,-5.118200971716595493e-01,-7.928168341904362482e-02,-6.908236711207270675e-01,-3.746925773084289757e-01,-1.089280889734112329e-01,9.547874116580108428e-01,-2.338702026571666259e-01,1.433101690490598545e-01,1.935459550818118338e-02,-1.008001486228167209e-01,-1.691431509261142468e-02,-1.919110848142165482e+00,9.819881151960430099e-01,-1.176682405684735144e+00,5.857028867982529974e-01,8.093339503312696470e-02,1.210194812387617447e-01,8.621327665711209232e-01,-2.164444550427528480e+00,-1.353201721448367145e+00,1.359474040280721496e+00,6.094272844485222329e-01,-3.688310507420149986e-01,-2.725672471868587077e-01,-8.176109990205292499e-01
-2.845284184946346440e-03,-4.175221447515762435e-02,3.240383796830745844e-01,5.267125715360531091e-01,5.541307424263101078e-01,4.318314522150378254e-01,-4.785755783173606948e-01,-1.055721793230197214e+00,2.839826190190370414e-01,1.414085465982087286e-01,1.418377221610227279e+00,-5.132383653664742695e-01,-7.804109134023193284e-02,-6.908192928121659193e-01,-3.746864469113527218e-01,-1.089367434464322548e-01,9.548048263289697912e-01,-2.338923115194457003e-01,1.433011393506468112e-01,1.952288837518313669e-02,-1.008520315552245000e-01,-1.730486825581870405e-02,-1.913529123133069110e+00,9.763106980262340473e-01,-1.172705972688387277e+00,5.836454003386063460e-01,7.849131209387352759e-02,1.314813064656350783e-01,8.676450975909827390e-01,-2.164638743992866932e+00,-1.352694732770037378e+00,1.359574096911555952e+00,6.108905455090596348e-01,-3.689462359129156432e-01,-2.735318562653883401e-01,-8.178741233175561565e-01
-2.845284184946346440e-03,-4.175221447515762435e-02,3.244349463694657376e-01,5.270708030045384573e-01,5.545277612943306789e-01,4.313941408461887117e-01,-4.781154942245937622e-01,-1.063837092167118303e+00,2.861511906738472000e-01,1.411389649977066729e-01,1.427838581126777973e+00,-5.146566335612887677e-01,-7.680049926142029637e-02,-6.908149145036048822e-01,-3.746803165142764680e-01,-1.089453979194532629e-01,9.548222409999288507e-01,-2.339144203817248024e-01,1.432921096522337678e-01,1.969118124218507959e-02,-1.009039144876322791e-01,-1.769542141902596954e-02,-1.907947398123973182e+00,9.706332808564253067e-01,-1.168729539692039854e+00,5.815879138789596947e-01,7.604922915462020150e-02,1.419431316925079400e-01,8.731574286108443328e-01,-2.164832937558204939e+00,-1.352187744091707611e+00,1.359674153542390629e+00,6.123538065695970367e-01,-3.690614210838162879e-01,-2.744964653439179170e-01,-8.181372476145829520e-01
-2.845284184946346440e-03,-4.175221447515762435e-02,3.248315130558568908e-01,5.274286713885092404e-01,5.549243981634968126e-01,4.309565323018345051e-01,-4.776550807712724445e-01,-1.071952391104039837e+00,2.883197623286574696e-01,1.408693833972046172e-01,1.437299940643328888e+00,-5.160749017561033769e-01,-7.555990718260859051e-02,-6.908105361950438450e-01,-3.746741861172002142e-01,-1.089540523924742849e-01,9.548396556708877991e-01,-2.339365292440038768e-01,1.432830799538207245e-01,1.985947410918702943e-02,-1.009557974200400582e-01,-1.808597458223324891e-02,-1.902365673114876810e+00,9.649558636866163441e-01,-1.164753106695691987e+00,5.795304274193131544e-01,7.360714621536676439e-02,1.524049569193812737e-01,8.786697596307061486e-01,-2.165027131123543391e+00,-1.351680755413377621e+00,1.359774210173225084e+00,6.138170676301344386e-01,-3.691766062547169880e-01,-2.754610744224475494e-01,-8.184003719116098585e-01
-2.845284184946346440e-03,-4.175221447515762435e-02,3.252280797422479885e-01,5.277861764414396584e-01,5.553206527605767384e-01,4.305186268834311214e-01,-4.771943382745625906e-01,-1.080067690040960926e+00,2.904883339834676836e-01,1.405998017967025615e-01,1.446761300159879582e+00,-5.174931699509179861e-01,-7.431931510379694017e-02,-6.908061578864826968e-01,-3.746680557201239603e-01,-1.089627068654952929e-01,9.548570703418468586e-01,-2.339586381062829512e-01,1.432740502554076811e-01,2.002776697618897234e-02,-1.010076803524478373e-01,-1.847652774544051441e-02,-1.896783948105780659e+00,9.592784465168076036e-01,-1.160776673699344563e+00,5.774729409596665031e-01,7.116506327611343830e-02,1.628667821462541632e-01,8.841820906505677424e-01,-2.165221324688881843e+00,-1.351173766735047854e+00,1.359874266804059539e+00,6.152803286906717295e-01,-3.692917914256176326e-01,-2.764256835009771818e-01,-8.186634962086366540e-01
-2.845284184946346440e-03,-4.175221447515762435e-02,3.256246464286391418e-01,5.281433179170560432e-01,5.557165248126004764e-01,4.300804248926403117e-01,-4.767332670518558690e-01,-1.088182988977882459e+00,2.926569056382779532e-01,1.403302201962004780e-01,1.456222659676430720e+00,-5.189114381457325953e-01,-7.307872302498524819e-02,-6.908017795779216597e-01,-3.746619253230477620e-01,-1.089713613385163149e-01,9.548744850128058070e-01,-2.339807469685620533e-01,1.432650205569946100e-01,2.019605984319092218e-02,-1.010595632848556163e-01,-1.886708090864779377e-02,-1.891202223096684287e+00,9.536010293469985299e-01,-1.156800240702996696e+00,5.754154545000198517e-01,6.872298033686000118e-02,1.733286073731274968e-01,8.896944216704295583e-01,-2.165415518254219851e+00,-1.350666778056718087e+00,1.359974323434894217e+00,6.167435897512091314e-01,-3.694069765965182772e-01,-2.773902925795068142e-01,-8.189266205056635606e-01
-2.845284184946346440e-03,-4.175221447515762435e-02,3.260212131150302950e-01,5.285000955693299751e-01,5.561120140468640560e-01,4.296419266313267760e-01,-4.762718674207739866e-01,-1.096298287914803549e+00,2.948254772930881118e-01,1.400606385956984223e-01,1.465684019192981413e+00,-5.203297063405470935e-01,-7.183813094617361172e-02,-6.907974012693606225e-01,-3.746557949259715081e-01,-1.089800158115373230e-01,9.548918996837648665e-01,-2.340028558308411277e-01,1.432559908585815667e-01,2.036435271019286855e-02,-1.011114462172633954e-01,-1.925763407185505580e-02,-1.885620498087588137e+00,9.479236121771897894e-01,-1.152823807706649273e+00,5.733579680403733114e-01,6.628089739760666121e-02,1.837904326000003585e-01,8.952067526902911521e-01,-2.165609711819558303e+00,-1.350159789378388320e+00,1.360074380065728672e+00,6.182068508117465333e-01,-3.695221617674189218e-01,-2.783549016580363911e-01,-8.191897448026903561e-01
-2.845284184946346440e-03,-4.175221447515762435e-02,3.264177798014213927e-01,5.288565091524907169e-01,5.565071201909246312e-01,4.292031324015603833e-01,-4.758101396991599175e-01,-1.104413586851725082e+00,2.969940489478983814e-01,1.397910569951963666e-01,1.475145378709532551e+00,-5.217479745353617027e-01,-7.059753886736191975e-02,-6.907930229607994743e-01,-3.746496645288952543e-01,-1.089886702845583449e-01,9.549093143547238149e-01,-2.340249646931202299e-01,1.432469611601685233e-01,2.053264557719481839e-02,-1.011633291496711745e-01,-1.964818723506233517e-02,-1.880038773078491765e+00,9.422461950073808268e-01,-1.148847374710301628e+00,5.713004815807266601e-01,6.383881445835322410e-02,1.942522578268736921e-01,9.007190837101529679e-01,-2.165803905384896311e+00,-1.349652800700058330e+00,1.360174436696563349e+00,6.196701118722839352e-01,-3.696373469383196220e-01,-2.793195107365660235e-01,-8.194528690997172626e-01
-2.845284184946346440e-03,-4.175221447515762435e-02,3.268143464878125459e-01,5.292125584210136680e-01,5.569018429726053654e-01,4.287640425056134519e-01,-4.753480842050858413e-01,-1.112528885788646171e+00,2.991626206027085955e-01,1.395214753946943109e-01,1.484606738226083245e+00,-5.231662427301763119e-01,-6.935694678855026940e-02,-6.907886446522384372e-01,-3.746435341318190004e-01,-1.089973247575793530e-01,9.549267290256828744e-01,-2.340470735553993042e-01,1.432379314617554800e-01,2.070093844419676130e-02,-1.012152120820789536e-01,-2.003874039826960066e-02,-1.874457048069395615e+00,9.365687778375720862e-01,-1.144870941713953982e+00,5.692429951210801198e-01,6.139673151909989107e-02,2.047140830537465817e-01,9.062314147300145617e-01,-2.165998098950234763e+00,-1.349145812021728563e+00,1.360274493327397805e+00,6.211333729328212261e-01,-3.697525321092202666e-01,-2.802841198150956004e-01,-8.197159933967440582e-01
-2.845284184946346440e-03,-4.175221447515762435e-02,3.272109131742036991e-01,5.295682431296251380e-01,5.572961821199923227e-01,4.283246572459637469e-01,-4.748857012568500902e-01,-1.120228004550101852e+00,3.013822188984431327e-01,1.395111082884454845e-01,1.492307182960971312e+00,-5.233419228461889672e-01,-6.749363454896221970e-02,-6.907913650308464826e-01,-3.746451905970681340e-01,-1.089945800167386597e-01,9.549168801971612552e-01,-2.340344627097936947e-01,1.432401852987898183e-01,2.093881913473648326e-02,-1.013075027787262161e-01,-2.044146573493955260e-02,-1.866313495940192135e+00,9.289947025476726905e-01,-1.133620066142425165e+00,5.715067584338829887e-01,7.303735399635377656e-02,2.092037871030750784e-01,9.072717564410285318e-01,-2.165153253043353487e+00,-1.348761694130147681e+00,1.359798207023252825e+00,6.207351197304268320e-01,-3.684828127451711399e-01,-2.776579242840085393e-01,-8.196394984688427643e-01
-2.845284184946346440e-03,-4.175221447515762435e-02,3.276074798605947969e-01,5.299235630333057889e-01,5.576901373614363555e-01,4.278849769252911495e-01,-4.744229911729737625e-01,-1.136523191739206906e+00,3.065367320254143713e-01,1.377089247568653863e-01,1.514218492569550101e+00,-5.411341459113845342e-01,-7.399369446249956517e-02,-6.907914908602298398e-01,-3.746437330550194122e-01,-1.089963381243145985e-01,9.549172301415567166e-01,-2.340348091933165398e-01,1.432378839237534451e-01,2.104264543844492144e-02,-1.014751381681153336e-01,-2.098405548498866180e-02,-1.857193314206760038e+00,9.238918422685197251e-01,-1.124107170726406091e+00,5.720716057036142610e-01,8.673869092110235435e-02,2.140288456350510904e-01,9.080873561073528055e-01,-2.163315751705950696e+00,-1.349256746071464619e+00,1.358270919533178356e+00,6.153549675040925759e-01,-3.649694042840033736e-01,-2.647110416476611272e-01,-8.159110280056975917e-01
-2.845284184946346440e-03,-4.175221447515762435e-02,3.280040465469859501e-01,5.302785178872828631e-01,5.580837084255524383e-01,4.274450018464792667e-01,-4.739599542722074954e-01,-1.148533673574777980e+00,3.102012505992517988e-01,1.367668651507597255e-01,1.528852027329132390e+00,-5.499344029701577208e-01,-7.628567810403327765e-02,-6.907933945669464393e-01,-3.746443056586855058e-01,-1.089951483180719854e-01,9.549110648189587103e-01,-2.340267770012419701e-01,1.432385248269735789e-01,2.121089022920573386e-02,-1.016031313691547061e-01,-2.145278999768457026e-02,-1.848625164982163449e+00,9.174848899659350243e-01,-1.113760966002157016e+00,5.735521395208736939e-01,9.946221598261401065e-02,2.186129010290868979e-01,9.089844994616437246e-01,-2.161991304093316302e+00,-1.349286566955789635e+00,1.357270215160268911e+00,6.124832720981085998e-01,-3.626059481938683215e-01,-2.569120903481638685e-01,-8.140386309694007672e-01
-2.845284184946346440e-03,-4.175221447515762435e-02,3.284006132333771033e-01,5.306331074470402864e-01,5.584768950412203337e-01,4.270047323126151539e-01,-4.734965908735222495e-01,-1.160554397642095337e+00,3.138507307049597239e-01,1.358017227447780584e-01,1.543371953898547977e+00,-5.586114662378077744e-01,-7.855856213651266073e-02,-6.907956167621424060e-01,-3.746451957881865025e-01,-1.089934920386834288e-01,9.549039565099967097e-01,-2.340174805985253403e-01,1.432396124668628701e-01,2.137732364926557549e-02,-1.017297801960303782e-01,-2.191881320662516022e-02,-1.840100624092456449e+00,9.110333282268570088e-01,-1.103439535340628774e+00,5.750773601784402445e-01,1.122193592901810644e-01,2.231470486052749003e-01,9.098636075543503621e-01,-2.160678201504376172e+00,-1.349299241548200134e+00,1.356270222849637053e+00,6.096234222516896395e-01,-3.602611265241953964e-01,-2.491052180081752832e-01,-8.121862570124351866e-01
-2.845284184946346440e-03,-4.175221447515762435e-02,3.287971799197682010e-01,5.309873314683103418e-01,5.588696969375847035e-01,4.265641686269879274e-01,-4.730329012961168589e-01,-1.172586375003050962e+00,3.174851862569526006e-01,1.348140907153368706e-01,1.557779207682483014e+00,-5.671647712504672700e-01,-8.081120356605814292e-02,-6.907981560076077443e-01,-3.746464050135976387e-01,-1.089913676808481058e-01,9.548959059250019532e-01,-2.340069218458009914e-01,1.432411495552214087e-01,2.154189530549726825e-02,-1.018550657076918997e-01,-2.238205827959930533e-02,-1.831620491292945907e+00,9.045379783861583478e-01,-1.093143556633874081e+00,5.766476009129916092e-01,1.250090163769897733e-01,2.276306522629361062e-01,9.107265993494066958e-01,-2.159376579108134298e+00,-1.349294738929688098e+00,1.355270937605620896e+00,6.067755523582688548e-01,-3.579348580438189154e-01,-2.412906931085143647e-01,-8.103538862450520019e-01
-2.845284184946346440e-03,-4.175221447515762435e-02,3.291937466061593542e-01,5.313411897070765555e-01,5.592621138440552198e-01,4.261233110930897072e-01,-4.725688858594156438e-01,-1.192860962917191348e+00,3.241920518174546961e-01,1.319831828379579852e-01,1.585365901296593050e+00,-5.916155937684397514e-01,-9.073408151453092596e-02,-6.908003483217299845e-01,-3.746463028295840547e-01,-1.089910372198262950e-01,9.548940132730708852e-01,-2.340031360140840122e-01,1.432405213566826374e-01,2.157290665140845776e-02,-1.018559219148286316e-01,-2.266042658135525301e-02,-1.822209649035969603e+00,9.012379619917704199e-01,-1.084222981258391894e+00,5.749050874975497605e-01,1.396645743095407954e-01,2.330965010643487045e-01,9.111992971114519779e-01,-2.156776957426124408e+00,-1.352370064564090146e+00,1.352887536214695263e+00,5.921236889251622060e-01,-3.533569070356036290e-01,-2.191647397228039806e-01,-8.037345904717835277e-01
-2.845284184946346440e-03,-4.175221447515762435e-02,3.295903132925505075e-01,5.316946819195778051e-01,5.596541454903063428e-01,4.256821600146157292e-01,-4.721045448830641367e-01,-1.206265269336212143e+00,3.283831522679337422e-01,1.306848947070345657e-01,1.601413122444863113e+00,-6.011639209336300249e-01,-9.416625770321837563e-02,-6.908037643211802914e-01,-3.746483567451120433e-01,-1.089876659596602376e-01,9.548835307005758555e-01,-2.339892657494963002e-01,1.432432394516316432e-01,2.173935405396924814e-02,-1.018965303462454897e-01,-2.291079809413075485e-02,-1.813651665423540837e+00,8.957698891906564764e-01,-1.074315475591533398e+00,5.751256544089790035e-01,1.530521786921985872e-01,2.379514656471300171e-01,9.118264895074837950e-01,-2.155032460788196325e+00,-1.354338829039034575e+00,1.351417147910030758e+00,5.829474831874703611e-01,-3.503456848713770166e-01,-2.053997533377229512e-01,-8.000648756471777645e-01
-2.845284184946346440e-03,-4.175221447515762435e-02,3.299868799789416052e-01,5.320478078623023244e-01,5.600457916062789865e-01,4.252407156954619016e-01,-4.716398786869347437e-01,-1.219701436556648977e+00,3.325534289711497560e-01,1.293456683647622452e-01,1.617253360762622494e+00,-6.091018757779178561e-01,-9.756474395078894302e-02,-6.908075628947797364e-01,-3.746508304663646594e-01,-1.089836841824899233e-01,9.548717629729995826e-01,-2.339737156953380637e-01,1.432465592148669808e-01,2.190494625233126158e-02,-1.019370274872513499e-01,-2.315662508636901623e-02,-1.805151814396865229e+00,8.902324379543941069e-01,-1.064439984023178631e+00,5.754190755703606497e-01,1.664863243662181580e-01,2.427327518100857173e-01,9.124255386673659762e-01,-2.153320312338590892e+00,-1.356236486785607154e+00,1.349949930185474933e+00,5.738767674894292847e-01,-3.474093620437680441e-01,-1.916541709879663602e-01,-7.964590634247465939e-01
-2.845284184946346440e-03,-4.175221447515762435e-02,3.303834466653327584e-01,5.324005672919909227e-01,5.604370519221780755e-01,4.247989784397278035e-01,-4.711748875911234147e-01,-1.233141059647319571e+00,3.367337927204019365e-01,1.280143640457634402e-01,1.631357508249958288e+00,-6.168049914067149642e-01,-1.009186039206515784e-01,-6.908117421523999324e-01,-3.746537260250260570e-01,-1.089790898037122785e-01,9.548587110703058434e-01,-2.339564883573442000e-01,1.432504841848334931e-01,2.206962471615413549e-02,-1.019774451184294883e-01,-2.339793980146119209e-02,-1.796711660239137309e+00,8.846267700434436998e-01,-1.054597642116172462e+00,5.757854590554507546e-01,1.799655409890533186e-01,2.474396141541853056e-01,9.129989846819613897e-01,-2.151640026853424370e+00,-1.358063437898166192e+00,1.348485581519492271e+00,5.649112135420675251e-01,-3.445462682530029408e-01,-1.779287154573262197e-01,-7.929150446501436189e-01
-2.845284184946346440e-03,-4.175221447515762435e-02,3.307800133517239116e-01,5.327529599656379844e-01,5.608279261684758765e-01,4.243569485517135198e-01,-4.707095719159494762e-01,-1.246623973905345295e+00,3.409203830112466083e-01,1.266680312329278579e-01,1.644844708816084244e+00,-6.243193035944301084e-01,-1.042291991961566550e-01,-6.908163001928242508e-01,-3.746570454473839296e-01,-1.089738807460679526e-01,9.548443759692194499e-01,-2.339375862495308156e-01,1.432550178948500674e-01,2.223333413168658915e-02,-1.020178153431797324e-01,-2.363477362491343131e-02,-1.788332717898184709e+00,8.789540834588941420e-01,-1.044789520907566160e+00,5.762248802224589905e-01,1.934882907991756773e-01,2.520714140104959311e-01,9.135494008847099279e-01,-2.149991135149432075e+00,-1.359820105429716763e+00,1.347023841955993673e+00,5.560504383338839007e-01,-3.417547960332312229e-01,-1.642240569799536254e-01,-7.894307843537712310e-01
-2.845284184946346440e-03,-4.175221447515762435e-02,3.311765800381150093e-01,5.331049856404891374e-01,5.612184140759096662e-01,4.239146263359213629e-01,-4.702439319819564090e-01,-1.260160513804158722e+00,3.451085029944822025e-01,1.252971847268957994e-01,1.658212363595952032e+00,-6.316684974006354647e-01,-1.074968088408448930e-01,-6.908212351037645860e-01,-3.746607907543222371e-01,-1.089680549396689763e-01,9.548287586432082641e-01,-2.339170118941771015e-01,1.432601638731016425e-01,2.239602236469673269e-02,-1.020581707491314272e-01,-2.386715728615084950e-02,-1.780016450671916717e+00,8.732156096619774210e-01,-1.035016623432847060e+00,5.767373817973289185e-01,2.070529744277736783e-01,2.566276204947393613e-01,9.140793888055922523e-01,-2.148373183730166058e+00,-1.361506933439892153e+00,1.345564491297260412e+00,5.472940098565199918e-01,-3.390333991958761062e-01,-1.505408170698125936e-01,-7.860043195279958761e-01
-2.845284184946346440e-03,-4.175221447515762435e-02,3.315731467245061626e-01,5.334566440740441395e-01,5.616085153754833970e-01,4.234720120970549839e-01,-4.697779681099101823e-01,-1.278836319364879515e+00,3.514521418491360349e-01,1.226591430964726892e-01,1.684317094125282299e+00,-6.566661438736790535e-01,-1.155238361202344799e-01,-6.908264311292297011e-01,-3.746644205617676859e-01,-1.089623459302256347e-01,9.548145044227209777e-01,-2.338976405889235943e-01,1.432650236209247752e-01,2.257309200942073796e-02,-1.020109983629579747e-01,-2.382291414936670362e-02,-1.771365449757192678e+00,8.687032796942683044e-01,-1.025200426269047949e+00,5.750221164757645109e-01,2.207958413850130697e-01,2.622586736696572718e-01,9.143159067629603731e-01,-2.146365380331903605e+00,-1.365240364448206289e+00,1.343643697083659161e+00,5.328012115274821658e-01,-3.358250729168209547e-01,-1.323314306301899834e-01,-7.811047648290564416e-01
-2.845284184946346440e-03,-4.175221447515762435e-02,3.319697134108973158e-01,5.338079350240564347e-01,5.619982297984664754e-01,4.230291061400189845e-01,-4.693116806207997538e-01,-1.292738199113932396e+00,3.558378040834288547e-01,1.211400561131901060e-01,1.699113195366042994e+00,-6.637155444160960371e-01,-1.190974084670113203e-01,-6.908321331335293136e-01,-3.746691131455189838e-01,-1.089551590308506096e-01,9.547958855190080696e-01,-2.338732509567185425e-01,1.432715534540749402e-01,2.273827196393694156e-02,-1.020584478315452182e-01,-2.405169783186625332e-02,-1.763211617213803040e+00,8.627251078057724953e-01,-1.015468482029408648e+00,5.757872879265318877e-01,2.343991975359665803e-01,2.666269471144561143e-01,9.148078963720830403e-01,-2.144854670568594024e+00,-1.366664375725953784e+00,1.342231152665559923e+00,5.246945506339550924e-01,-3.333267321644611259e-01,-1.191476102429960687e-01,-7.779599135264825271e-01
-2.845284184946346440e-03,-4.175221447515762435e-02,3.323662800972884135e-01,5.341588582485283787e-01,5.623875570763960940e-01,4.225859087699189720e-01,-4.688450698358399560e-01,-1.306335247107230035e+00,3.602077383179407288e-01,1.196002844289908995e-01,1.713741694182345343e+00,-6.706200150037110452e-01,-1.224229780551662899e-01,-6.908382169937683503e-01,-3.746742667760883383e-01,-1.089473090383889231e-01,9.547758607604085457e-01,-2.338470544216330327e-01,1.432787530452626079e-01,2.290239893548672717e-02,-1.021060776641578571e-01,-2.427739389466520778e-02,-1.755133604526337043e+00,8.566732012192087575e-01,-1.005779112626563609e+00,5.766504612946473651e-01,2.480422535964630359e-01,2.709020067525052533e-01,9.152901831106889929e-01,-2.143374694934800484e+00,-1.368010715491766671e+00,1.340821412739452212e+00,5.167062548626027985e-01,-3.308985702497690973e-01,-1.059924812975677200e-01,-7.748722196199688828e-01
-2.845284184946346440e-03,-4.175221447515762435e-02,3.327628467836795667e-01,5.345094135057214535e-01,5.627764969410752327e-01,4.221424202920613378e-01,-4.683781360764638357e-01,-1.319979209398513875e+00,3.645598733084108312e-01,1.180306569060069616e-01,1.728040804499987093e+00,-6.773580571678399220e-01,-1.255332665695051697e-01,-6.908446806143937469e-01,-3.746798835941357875e-01,-1.089387937623969571e-01,9.547544311839620823e-01,-2.338190537346661046e-01,1.432866261620150405e-01,2.306544532388820137e-02,-1.021539079239927178e-01,-2.450001682794951050e-02,-1.747132967490265809e+00,8.505491641551259363e-01,-9.961330608770649908e-01,5.776115792786825631e-01,2.617228640341671131e-01,2.750838290868555247e-01,9.157660725497100973e-01,-2.141925161000100886e+00,-1.369280085913602507e+00,1.339414489767886796e+00,5.088353072970388524e-01,-3.285391297992588666e-01,-9.286622947265008032e-02,-7.718398566194376587e-01
-2.845284184946346440e-03,-4.175221447515762435e-02,3.331594134700707199e-01,5.348596005541471632e-01,5.631650491245731027e-01,4.216986410119537010e-01,-4.679108796643296486e-01,-1.333670917513681164e+00,3.689204823321529658e-01,1.164482975718194174e-01,1.740651939782637436e+00,-6.838486847499363197e-01,-1.285934823118985437e-01,-6.908515218849475836e-01,-3.746859657338115213e-01,-1.089296110213944790e-01,9.547315978176403872e-01,-2.337892516532682485e-01,1.432951765661378551e-01,2.322738576188182816e-02,-1.022019594194280845e-01,-2.471958005214644483e-02,-1.739211185868259069e+00,8.443546271016779681e-01,-9.865309656586923603e-01,5.786705453687828182e-01,2.754388416264763606e-01,2.791725221108016242e-01,9.162388762531616937e-01,-2.140505800658690116e+00,-1.370473189997346353e+00,1.338010434310526131e+00,5.010806998064940565e-01,-3.262470070548255663e-01,-7.976902589982846903e-02,-7.688610725638853616e-01
-2.845284184946346440e-03,-4.175221447515762435e-02,3.335559801564618176e-01,5.352094191525705869e-01,5.635532133592281445e-01,4.212545712353024663e-01,-4.674433009213180834e-01,-1.347490174821569298e+00,3.732258562831956561e-01,1.147941401271030393e-01,1.752966027917139069e+00,-6.898970635149477282e-01,-1.316440917916657793e-01,-6.908586969258683208e-01,-3.746926475396465395e-01,-1.089195915516475294e-01,9.547065534278568188e-01,-2.337568416544383854e-01,1.433046471884468209e-01,2.337579243360007192e-02,-1.023297705034853511e-01,-2.527349941385781396e-02,-1.731795635692717994e+00,8.365792186679558151e-01,-9.769083083475683660e-01,5.825209690857302558e-01,2.888250638845289986e-01,2.819295665776761495e-01,9.171881606975452739e-01,-2.139618435910618732e+00,-1.369349415923905910e+00,1.337215140716356165e+00,4.995963115630744911e-01,-3.244497588502917029e-01,-7.115369894241753423e-02,-7.673326607769737073e-01
-2.845284184946346440e-03,-4.175221447515762435e-02,3.339525468428529709e-01,5.355588690600119328e-01,5.639409893776438087e-01,4.208102112680155438e-01,-4.669754001695308188e-01,-1.361382253724240154e+00,3.775314007062639532e-01,1.131118393032059938e-01,1.765163496050727865e+00,-6.910405005374566922e-01,-1.346405238424373541e-01,-6.908662452974696500e-01,-3.746997989102956450e-01,-1.089089003004477113e-01,9.546801071807090588e-01,-2.337226357502494023e-01,1.433148026046618673e-01,2.352212345775056557e-02,-1.024584721354759864e-01,-2.582717643275607780e-02,-1.724469254041255617e+00,8.287557693572876749e-01,-9.673561160751930066e-01,5.864693639212731346e-01,3.021997656231614759e-01,2.845933443351701952e-01,9.181779283751746457e-01,-2.138723444028314713e+00,-1.368208953231737857e+00,1.336398946689591583e+00,4.981438211883749134e-01,-3.226671941423422396e-01,-6.255645237331744490e-02,-7.658128860189306053e-01
-2.845284184946346440e-03,-4.175221447515762435e-02,3.343491135292441241e-01,5.359079500357445403e-01,5.643283769126926641e-01,4.203655614161997955e-01,-4.665071777312919665e-01,-1.379503417972226975e+00,3.833898803954716161e-01,1.110775943755766826e-01,1.789719562352131144e+00,-7.193646060447473900e-01,-1.411295433016000189e-01,-6.908741613796255399e-01,-3.747073429842378012e-01,-1.088976400717003579e-01,9.546526442382996525e-01,-2.336870431852295371e-01,1.433255113128058533e-01,2.367733435851615553e-02,-1.024858272444201107e-01,-2.596272261920361604e-02,-1.716719774100056828e+00,8.229273171156056277e-01,-9.582018103403658893e-01,5.873161172694943977e-01,3.164397790637340502e-01,2.884568069421708514e-01,9.185605258207389934e-01,-2.137258414161642861e+00,-1.369852643242172041e+00,1.334996078781474971e+00,4.885349643039846868e-01,-3.202101455250744855e-01,-4.767830053315474242e-02,-7.625361382031521362e-01
-2.845284184946346440e-03,-4.175221447515762435e-02,3.347456802156352218e-01,5.362566618392958784e-01,5.647153756975136218e-01,4.199206219861628120e-01,-4.660386339291470725e-01,-1.393917254225535585e+00,3.878570170308988097e-01,1.093926436763376225e-01,1.803185187441225912e+00,-7.249409707801037772e-01,-1.443060771867739900e-01,-6.908824434684733840e-01,-3.747154318713934451e-01,-1.088856105863465762e-01,9.546234166046239089e-01,-2.336492802441081373e-01,1.433370354029671334e-01,2.380854621804213977e-02,-1.026195165926750141e-01,-2.645462188014498228e-02,-1.709497588005806090e+00,8.154345212954353661e-01,-9.489573536963882283e-01,5.909167097635413812e-01,3.301350489225747253e-01,2.911182103765704854e-01,9.194846230454795100e-01,-2.136313234715887965e+00,-1.369019522028817049e+00,1.334083978600705045e+00,4.861039187683077190e-01,-3.182990674209803528e-01,-3.855134832101101555e-02,-7.608138087332052546e-01
-2.845284184946346440e-03,-4.175221447515762435e-02,3.351422469020263750e-01,5.366050042304483236e-01,5.651019854655140451e-01,4.194753932844106914e-01,-4.655697690858626725e-01,-1.408405224487393692e+00,3.923282025555393515e-01,1.076892838891787552e-01,1.816488640383518316e+00,-7.303460462248342333e-01,-1.474114982139851371e-01,-6.908910916587186479e-01,-3.747240054501970175e-01,-1.088728914070083709e-01,9.545927435025060026e-01,-2.336096815515033565e-01,1.433492708333067855e-01,2.392957359477183507e-02,-1.028072337869324476e-01,-2.697589756398142621e-02,-1.702425128809343269e+00,8.077906140447647099e-01,-9.398260279665638928e-01,5.947359524651716356e-01,3.438652458883803553e-01,2.936736452344717030e-01,9.204457650208764941e-01,-2.135507349672220556e+00,-1.367925362517935062e+00,1.333240771647090206e+00,4.849927860409266045e-01,-3.163689268695333290e-01,-3.198944646345117104e-02,-7.593781565463105787e-01
-2.845284184946346440e-03,-4.175221447515762435e-02,3.355388135884175282e-01,5.369529769692384935e-01,5.654882059503689717e-01,4.190298756176495387e-01,-4.651005835244272912e-01,-1.422571802974227362e+00,3.968096700737407945e-01,1.059789268400658097e-01,1.829627312267147365e+00,-7.356003347173455387e-01,-1.504662530999430203e-01,-6.909001036922641781e-01,-3.747330658554405836e-01,-1.088594803659922033e-01,9.545606259033071472e-01,-2.335682499546420376e-01,1.433622214107949655e-01,2.404805550813591056e-02,-1.030189014236004008e-01,-2.751043707079739442e-02,-1.695477962908767955e+00,8.000556558189149126e-01,-9.307894261460876173e-01,5.987210023064776232e-01,3.574394097310948926e-01,2.961248461024055811e-01,9.214706179013457676e-01,-2.134773698852442170e+00,-1.366838562213041008e+00,1.332455484408478164e+00,4.843879195487852396e-01,-3.143844294656090721e-01,-2.775884258137951976e-02,-7.580923279632637568e-01
-2.845284184946346440e-03,-4.175221447515762435e-02,3.359353802748086260e-01,5.373005798159580237e-01,5.658740368860222247e-01,4.185840692927833562e-01,-4.646310775680491112e-01,-1.438837825893169775e+00,4.020321317271493000e-01,1.043109191381541984e-01,1.848311522654660477e+00,-7.576350741951083378e-01,-1.548894089439144806e-01,-6.909094723280426731e-01,-3.747425981580048138e-01,-1.088453991817690258e-01,9.545271322229742506e-01,-2.335250642126071585e-01,1.433758621705328862e-01,2.421782370572064802e-02,-1.029758592618808671e-01,-2.743715107181146640e-02,-1.687924427696443130e+00,7.945824725551277057e-01,-9.215222407508465441e-01,5.987174092499570888e-01,3.718400647899640088e-01,3.002198774062155850e-01,9.216922281980843845e-01,-2.133414976311799549e+00,-1.369336376586569148e+00,1.331115058197175349e+00,4.717668147821131863e-01,-3.120653370552108896e-01,-8.311716595515997869e-03,-7.544473085894271014e-01
-2.845284184946346440e-03,-4.175221447515762435e-02,3.363319469611997792e-01,5.376478125311521250e-01,5.662594780066853017e-01,4.181379746169164857e-01,-4.641612515401585259e-01,-1.453473404583270678e+00,4.065837466994674521e-01,1.026089700304253782e-01,1.861038958612577954e+00,-7.632627135702322319e-01,-1.578622087464957302e-01,-6.909191973111249441e-01,-3.747526464942431135e-01,-1.088305890386730007e-01,9.544920668473201308e-01,-2.334799180497430515e-01,1.433902700503695560e-01,2.433573087241761718e-02,-1.032258317985460111e-01,-2.794544423547314776e-02,-1.681181610311040631e+00,7.867896333824648814e-01,-9.125535304657744762e-01,6.027678313385024245e-01,3.856516128319427139e-01,3.025510117910857888e-01,9.227268058639166437e-01,-2.132817815956829399e+00,-1.368487590588124858e+00,1.330460002309746592e+00,4.711985363809046978e-01,-3.099853897407979231e-01,-6.849341120025491392e-03,-7.533096499348623798e-01
-2.845284184946346440e-03,-4.175221447515762435e-02,3.367285136475909324e-01,5.379946748756225805e-01,5.666445290468380414e-01,4.176915918973513331e-01,-4.636911057644054757e-01,-1.469048077153482845e+00,4.113920792058884945e-01,1.009536009314882798e-01,1.876696021995173824e+00,-7.763891558287694394e-01,-1.612012619695095683e-01,-6.909292684001671070e-01,-3.747631907982648669e-01,-1.088150792043540566e-01,9.544555154187094326e-01,-2.334329113211095208e-01,1.434054116959261049e-01,2.453003082546595034e-02,-1.031735276512184274e-01,-2.789618094687779451e-02,-1.673949198666995875e+00,7.807567659447709474e-01,-9.033690700611197721e-01,6.034849185552242368e-01,3.998699523062259065e-01,3.063435418145198930e-01,9.231123234831060120e-01,-2.131555121755163817e+00,-1.370569239647981163e+00,1.329256631223868945e+00,4.591527031414311955e-01,-3.079649276324961660e-01,1.494400298086513701e-02,-7.498888938157358686e-01
-2.845284184946346440e-03,-4.175221447515762435e-02,3.371250803339820301e-01,5.383411666104253035e-01,5.670291897412298443e-01,4.172449214415884233e-01,-4.632206405646596137e-01,-1.484056021278413073e+00,4.159835054648529651e-01,9.928525704154113340e-02,1.890034475703853412e+00,-7.843893102460627320e-01,-1.640486154736429669e-01,-6.909396810105636888e-01,-3.747742406538004389e-01,-1.087988577872949225e-01,9.544174407220723522e-01,-2.333840086207142339e-01,1.434213048820454361e-01,2.472531988117125309e-02,-1.031656293079862841e-01,-2.808000084914594185e-02,-1.659554747279261111e+00,7.678467808076847589e-01,-8.734867361079732273e-01,6.073185360526790477e-01,4.333414056830398042e-01,3.046985382552581667e-01,9.156840211746293257e-01,-2.112777720805795845e+00,-1.368760947690858654e+00,1.298197355948788045e+00,4.522680148257148813e-01,-3.204047381400498828e-01,2.661411638929242485e-02,-7.387711883338881069e-01
-2.845284184946346440e-03,-4.175221447515762435e-02,3.375216470203731833e-01,5.386872874968702263e-01,5.674134598248788963e-01,4.167979635573262898e-01,-4.627498562650134151e-01,-1.499166247537084606e+00,4.205753755897072010e-01,9.760129897028343993e-02,1.903149672711213825e+00,-7.916192955954851618e-01,-1.667770782091894388e-01,-6.909504432115040062e-01,-3.747857912796268010e-01,-1.087819298661049650e-01,9.543779026813953292e-01,-2.333332651480982678e-01,1.434379386896814934e-01,2.491767525635506589e-02,-1.031627429990932265e-01,-2.826198188651935991e-02,-1.645556633610235853e+00,7.545897592425968581e-01,-8.435876047615734619e-01,6.113289778731181290e-01,4.670834510435536435e-01,3.024761135564771330e-01,9.084351377402837269e-01,-2.094087379792265224e+00,-1.366576562024345742e+00,1.267264020528964252e+00,4.455960705179949355e-01,-3.330288864647873437e-01,3.785903191254346573e-02,-7.276512847971441378e-01
-2.845284184946346440e-03,-4.175221447515762435e-02,3.379182137067642810e-01,5.390330372965271843e-01,5.677973390330713910e-01,4.163507185524625287e-01,-4.622787531897745161e-01,-1.514000444762810593e+00,4.249675344668594201e-01,9.589453484741342071e-02,1.914161484964451043e+00,-7.939608389009742417e-01,-1.690007061102673513e-01,-6.909615339588064398e-01,-3.747978640579092691e-01,-1.087642711504332727e-01,9.543367665759373564e-01,-2.332805584848929581e-01,1.434553553705091022e-01,2.505606209169538093e-02,-1.033765497920456911e-01,-2.895507111450740939e-02,-1.632740973547909924e+00,7.393549145121084409e-01,-8.139853969321061422e-01,6.191300354705693287e-01,5.007090682349222277e-01,2.980204904671698851e-01,9.023695172351711147e-01,-2.076336403986712043e+00,-1.361391870988548858e+00,1.237008376554561639e+00,4.484373418285041435e-01,-3.460236340034162361e-01,3.582528950308960097e-02,-7.184557295624646178e-01
-2.845284184946346440e-03,-4.175221447515762435e-02,3.383147803931554343e-01,5.393784157712158134e-01,5.681808271013643052e-01,4.159031867350913569e-01,-4.618073316634752068e-01,-1.529248200888787101e+00,4.295894129839645248e-01,9.422021990306683747e-02,1.926907811887359045e+00,-8.012342546898072460e-01,-1.715698794070351085e-01,-6.909729809749364238e-01,-3.748104275224680149e-01,-1.087459186494166702e-01,9.542942629687845013e-01,-2.332261052373046373e-01,1.434734922687673497e-01,2.524539864902555081e-02,-1.033413503096088371e-01,-2.911395241942407730e-02,-1.619598354360018311e+00,7.255808983589778771e-01,-7.840735325431937852e-01,6.234091196987697758e-01,5.349123746893774678e-01,2.946985079947728736e-01,8.956481207071552708e-01,-2.057920210223645796e+00,-1.358480865805005822e+00,1.206338614439116386e+00,4.414124584332503320e-01,-3.591692948687402187e-01,4.964401220182461383e-02,-7.071409466270299760e-01
-2.845284184946346440e-03,-4.175221447515762435e-02,3.387113470795465875e-01,5.397234226830157633e-01,5.685639237655826239e-01,4.154553684135054437e-01,-4.613355920108637709e-01,-1.544587788352863367e+00,4.342135510454044889e-01,9.254233856646811029e-02,1.939470724462446949e+00,-8.082697714858992910e-01,-1.740333394956042612e-01,-6.909847714443191347e-01,-3.748234973039388795e-01,-1.087268541050178117e-01,9.542503050406661025e-01,-2.331698256328433028e-01,1.434923795941012714e-01,2.543138559877112029e-02,-1.033406932696673969e-01,-2.928418259039148805e-02,-1.606928137144583379e+00,7.114555632382867367e-01,-7.542059162427954266e-01,6.278900817783935606e-01,5.693152176114805174e-01,2.908410160788611476e-01,8.892045058157520554e-01,-2.039759342999778902e+00,-1.355146503429472071e+00,1.175893194560298616e+00,4.351870678020198779e-01,-3.724901749014570829e-01,6.039497441407648548e-02,-6.959508798984614941e-01
-2.845284184946346440e-03,-4.175221447515762435e-02,3.391079137659377407e-01,5.400680577942608140e-01,5.689466287618223372e-01,4.150072638961940230e-01,-4.608635345569087605e-01,-1.560021677432055220e+00,4.388397846904246724e-01,9.086212718025477031e-02,1.951850054275249269e+00,-8.150664451252326304e-01,-1.763873684507386297e-01,-6.909969029432894150e-01,-3.748370754862978549e-01,-1.087070754256728583e-01,9.542048936552751659e-01,-2.331117225822973149e-01,1.435120211227369491e-01,2.561781120893203215e-02,-1.033456563384688304e-01,-2.945304048929695342e-02,-1.594719570812919818e+00,6.970373926962085687e-01,-7.243636435255914607e-01,6.325280729963378423e-01,6.038704720796110870e-01,2.864665352746691984e-01,8.830796342853658443e-01,-2.021780183328140801e+00,-1.351462953350471174e+00,1.145646466281647013e+00,4.290919399673269741e-01,-3.860288944006703415e-01,7.096216054086261493e-02,-6.847390850133929785e-01
-2.845284184946346440e-03,-4.175221447515762435e-02,3.395044804523288384e-01,5.404123208675425394e-01,5.693289418264476653e-01,4.145588734918445040e-01,-4.603911596267966644e-01,-1.574778981886640672e+00,4.430514783910956544e-01,8.925413270167451008e-02,1.961522130860399171e+00,-8.159000960135986968e-01,-1.778062208345198569e-01,-6.910093089959724599e-01,-3.748512846922176789e-01,-1.086864329668691120e-01,9.541573177605606748e-01,-2.330511099908276484e-01,1.435326457165216063e-01,2.577400834308014865e-02,-1.034924316425940433e-01,-3.020074552021136463e-02,-1.584154018435707023e+00,6.803904386747361421e-01,-6.946579773622881815e-01,6.418395724944774283e-01,6.378617491338388623e-01,2.796232837956502681e-01,8.789268823510434370e-01,-2.005457428199207026e+00,-1.344321863609465817e+00,1.116393101783969888e+00,4.330982884293245738e-01,-4.004579173929238567e-01,6.940416480896967333e-02,-6.755953552314564181e-01
-2.845284184946346440e-03,-4.175221447515762435e-02,3.399010471387199916e-01,5.407562116657061990e-01,5.697108626960944999e-01,4.141101975093401388e-01,-4.599184675459347393e-01,-1.590594268557015578e+00,4.477330714154793001e-01,8.756234516136511548e-02,1.974073180938699101e+00,-8.222252913771345151e-01,-1.800586085477208775e-01,-6.910221097024982218e-01,-3.748658926010193237e-01,-1.086652120027885443e-01,9.541089582083519538e-01,-2.329893279266498918e-01,1.435538198926104292e-01,2.595732966458371219e-02,-1.034745358475719634e-01,-3.033162107837390417e-02,-1.572839278360019577e+00,6.656901022773134002e-01,-6.648049047493144181e-01,6.464611441553845816e-01,6.726471035452735725e-01,2.744130871015255657e-01,8.735161025424071912e-01,-1.988026603637535361e+00,-1.340016788068161491e+00,1.086626495848584062e+00,4.266873484827181096e-01,-4.145102201075963610e-01,8.116572883323946996e-02,-6.642064252431051363e-01
-2.845284184946346440e-03,-4.175221447515762435e-02,3.402976138251110894e-01,5.410997299518555126e-01,5.700923911076676287e-01,4.136612362577619106e-01,-4.594454586399471796e-01,-1.606505558576360571e+00,4.524175173744772738e-01,8.587543107923491237e-02,1.985851912896167137e+00,-8.282507989739278376e-01,-1.821946117252510322e-01,-6.910352458125491593e-01,-3.748810124025117596e-01,-1.086432739527680158e-01,9.540591647639484751e-01,-2.329257474730673516e-01,1.435757544203692948e-01,2.613691251377939576e-02,-1.034743719713518140e-01,-3.046371571959823402e-02,-1.561989844500994540e+00,6.507828877189192340e-01,-6.350061403287319273e-01,6.511499243369384127e-01,7.074978288907879387e-01,2.687917071811755654e-01,8.684719765919878265e-01,-1.970916330380169779e+00,-1.335344843452807018e+00,1.057148642065535160e+00,4.207155375463282332e-01,-4.287601605993665022e-01,9.128786798559071491e-02,-6.528707608025599018e-01
-2.845284184946346440e-03,-4.175221447515762435e-02,3.406941805115022426e-01,5.414428754893504392e-01,5.704735267983432889e-01,4.132119900463859796e-01,-4.589721332346758942e-01,-1.622403376989972612e+00,4.570882372120835258e-01,8.419784312245384705e-02,1.997448266390791094e+00,-8.340476747977239036e-01,-1.840952788308924670e-01,-6.910487148497161947e-01,-3.748966461393226646e-01,-1.086206167789921379e-01,9.540079382316821732e-01,-2.328603715390475115e-01,1.435984530259661607e-01,2.631427305937913616e-02,-1.034799328155310699e-01,-3.059063264168688373e-02,-1.551598081572310717e+00,6.357044475842448250e-01,-6.052526584788227026e-01,6.558746945328038924e-01,7.424039091447117711e-01,2.627864970606240136e-01,8.638134606843319574e-01,-1.954091232244913101e+00,-1.330349215360265402e+00,1.027966283675106451e+00,4.148536776494192169e-01,-4.432203417181427296e-01,1.012119486597999607e-01,-6.415190515779891633e-01
-2.845284184946346440e-03,-4.175221447515762435e-02,3.410907471978933958e-01,5.417856480418068443e-01,5.708542695055668359e-01,4.127624591846867919e-01,-4.584984916561829493e-01,-1.637000215890116239e+00,4.609883657326226403e-01,8.281451042807592977e-02,2.005350098529920633e+00,-8.338757730549599678e-01,-1.844243339105318125e-01,-6.910624746232887361e-01,-3.749132462800313093e-01,-1.085966534790287347e-01,9.539531587738731000e-01,-2.327910122589823827e-01,1.436227020570800261e-01,2.649391474325614101e-02,-1.035200766547665907e-01,-3.129676883248377200e-02,-1.543385826271004513e+00,6.180569323924227643e-01,-5.750412789504518729e-01,6.657149753926409064e-01,7.759090238886858781e-01,2.543687504635313013e-01,8.619766566590912893e-01,-1.939956869279427565e+00,-1.321504294862746454e+00,1.000479064120114892e+00,4.194838184959423510e-01,-4.592616715224819290e-01,1.002442523829725207e-01,-6.324663192203568984e-01
-2.845284184946346440e-03,-4.175221447515762435e-02,3.414873138842845490e-01,5.421280473730984983e-01,5.712346189670558516e-01,4.123126439823325828e-01,-4.580245342307466272e-01,-1.653201200219136746e+00,4.657606085239459071e-01,8.111337009021872546e-02,2.017273494775471576e+00,-8.392142969656121165e-01,-1.861937115624991979e-01,-6.910766006977308029e-01,-3.749298994178035249e-01,-1.085725714632436584e-01,9.538991342966572917e-01,-2.327221245356373980e-01,1.436469152203904143e-01,2.666295901593767129e-02,-1.035364072870714053e-01,-3.137269903816798655e-02,-1.533837687949061834e+00,6.029687507599403862e-01,-5.454540921459578584e-01,6.700885697066008007e-01,8.110173358766630258e-01,2.478699490540628991e-01,8.580334733170823514e-01,-1.923840237864298697e+00,-1.316076367565050864e+00,9.719637804643505019e-01,4.133001148559428684e-01,-4.740537449942272552e-01,1.100092280669684452e-01,-6.210083750089091525e-01
-2.845284184946346440e-03,-4.175221447515762435e-02,3.418838805706756467e-01,5.424700732473562992e-01,5.716145749207970361e-01,4.118625447491899294e-01,-4.575502612848624806e-01,-1.666017484161632423e+00,4.687301739612313445e-01,8.009816774844220888e-02,2.023045762535378600e+00,-8.326397134757607121e-01,-1.842875796298176216e-01,-6.910914216944483712e-01,-3.749484644431348990e-01,-1.085458812356419472e-01,9.538384623135756080e-01,-2.326456412277889685e-01,1.436741664016542297e-01,2.687659815058544149e-02,-1.035199676461669577e-01,-3.198459641009161747e-02,-1.527458137479206668e+00,5.838697429135003558e-01,-5.138543027682404007e-01,6.799546164595394737e-01,8.428887805489434504e-01,2.389547468822431908e-01,8.579725006071780014e-01,-1.911816904551946861e+00,-1.306116088043500767e+00,9.464075879087237020e-01,4.196889255440675037e-01,-4.915834214137209668e-01,1.044527873537573481e-01,-6.127297379406844158e-01
-2.845284184946346440e-03,-4.175221447515762435e-02,3.422804472570668000e-01,5.428117254289680504e-01,5.719941371050505374e-01,4.114121617953183097e-01,-4.570756731452441657e-01,-1.682928153974318164e+00,4.738261556173257727e-01,7.835292969202069246e-02,2.034914788142319964e+00,-8.403506443685324623e-01,-1.862693977412364366e-01,-6.911061630570645153e-01,-3.749660259672892848e-01,-1.085205275583087936e-01,9.537820965577786803e-01,-2.325737579987370296e-01,1.436997151474720680e-01,2.703475977185897453e-02,-1.035407969872234185e-01,-3.197669004959341477e-02,-1.518526883916109460e+00,5.691751033691212491e-01,-4.846849813906273230e-01,6.835916006544107137e-01,8.784425566283949882e-01,2.321746425409705050e-01,8.545332546555040043e-01,-1.896085059497685243e+00,-1.300604647097472366e+00,9.184407714795360667e-01,4.118767754560578309e-01,-5.064554853931559908e-01,1.177776114848491512e-01,-6.008449482417792531e-01
-2.845284184946346440e-03,-4.175221447515762435e-02,3.426770139434578977e-01,5.431530036825787944e-01,5.723733052583458436e-01,4.109614954309749879e-01,-4.566007701388224982e-01,-1.699928089415660093e+00,4.789058744826317771e-01,7.661850805770352435e-02,2.046272096046187539e+00,-8.478772492172916841e-01,-1.881170708694194504e-01,-6.911212191467094312e-01,-3.749840691981686236e-01,-1.084945010044168073e-01,9.537244718761984652e-01,-2.325002776927626302e-01,1.437259760970623912e-01,2.718690998814450588e-02,-1.035992860002924315e-01,-3.197594347629077044e-02,-1.509987641941377801e+00,5.543690226670134891e-01,-4.556100687275373429e-01,6.871865480734740128e-01,9.139859631185219824e-01,2.251756609918649510e-01,8.514528803582466221e-01,-1.880773143430098937e+00,-1.294827323407510056e+00,8.908524635009135162e-01,4.047818645817371497e-01,-5.213814960780056573e-01,1.277841340415966642e-01,-5.891338315717198348e-01
-2.845284184946346440e-03,-4.175221447515762435e-02,3.430735806298490509e-01,5.434939077730907009e-01,5.727520791194845584e-01,4.105105459666114620e-01,-4.561255525927456755e-01,-1.717095060518501581e+00,4.839478994483016883e-01,7.484273788972442554e-02,2.057418239037192009e+00,-8.522505234425973297e-01,-1.898244946413196466e-01,-6.911365876228667826e-01,-3.750025959673414233e-01,-1.084677997645883407e-01,9.536655889528733443e-01,-2.324252029921097529e-01,1.437529526108413114e-01,2.733740817638420639e-02,-1.036751972034480468e-01,-3.196895218320915111e-02,-1.501821968939560659e+00,5.394900601191275902e-01,-4.266126843312204042e-01,6.906992111230511044e-01,9.494935298961860726e-01,2.179799387310736580e-01,8.487363092354293093e-01,-1.865801202175952689e+00,-1.288826510329513564e+00,8.636509492348215522e-01,3.978486499939752341e-01,-5.364058851677098172e-01,1.372026666729787847e-01,-5.774587747065801357e-01
-2.845284184946346440e-03,-4.175221447515762435e-02,3.434701473162402041e-01,5.438344374656661762e-01,5.731304584275394021e-01,4.100593137128741295e-01,-4.556500208343765013e-01,-1.729350270073964468e+00,4.869133438398787761e-01,7.385279612090107915e-02,2.060322152454990174e+00,-8.446970185671678344e-01,-1.866212410913556663e-01,-6.911535715542972413e-01,-3.750241282324217051e-01,-1.084369317735107002e-01,9.535978242759527435e-01,-2.323393763536986123e-01,1.437845175172860201e-01,2.753394451376380003e-02,-1.037295882750594173e-01,-3.209879358958958595e-02,-1.497197761901137181e+00,5.206006329241676944e-01,-3.946071741829499935e-01,6.969650284108832583e-01,9.809301470867837214e-01,2.094593852096109099e-01,8.496941240824998909e-01,-1.854884101806956842e+00,-1.279651911873916470e+00,8.400767023100567110e-01,3.990919339182051329e-01,-5.544401923618070827e-01,1.347296729394566184e-01,-5.685467507703063639e-01
-2.845284184946346440e-03,-4.175221447515762435e-02,3.438667140026313573e-01,5.441745925257216454e-01,5.735084429218560986e-01,4.096077989806046760e-01,-4.551741751912972145e-01,-1.748248445689493114e+00,4.927239697100484483e-01,7.177401682066715527e-02,2.073706352101392536e+00,-8.515850079484453827e-01,-1.897732271575467422e-01,-6.911691194279577788e-01,-3.750427960258507221e-01,-1.084100289037407683e-01,9.535389396295732567e-01,-2.322641471593509255e-01,1.438116601552860141e-01,2.766735656044736966e-02,-1.038464110168216686e-01,-3.203668264423127632e-02,-1.488749081172773714e+00,5.070598275217309547e-01,-3.669222823920154086e-01,6.994088438966219456e-01,1.017794345806843248e+00,2.022953230803744562e-01,8.466903819505281481e-01,-1.839400989168184175e+00,-1.274250977964219045e+00,8.126645508663594697e-01,3.894729533728774618e-01,-5.686046055267204302e-01,1.479317470718062855e-01,-5.559790845443051133e-01
-2.845284184946346440e-03,-4.175221447515762435e-02,3.442632806890224551e-01,5.445143727189352134e-01,5.738860323420507115e-01,4.091560020808390208e-01,-4.546980159913034392e-01,-1.760776640510498758e+00,4.968611314539658208e-01,6.991472439791862614e-02,2.078453994049096032e+00,-8.423334204453447605e-01,-1.886822993989631658e-01,-6.911867024778368673e-01,-3.750643412666575527e-01,-1.083790896552380423e-01,9.534729704833405650e-01,-2.321797037314625445e-01,1.438429978199236570e-01,2.779933899906973302e-02,-1.040442732561291245e-01,-3.187667836358015760e-02,-1.483109892986092415e+00,4.904177066782827721e-01,-3.366555328882755438e-01,7.024079405408935051e-01,1.051286624323219510e+00,1.945815255377102704e-01,8.461525417479488498e-01,-1.826210218643279148e+00,-1.267384083786661009e+00,7.880301561602166549e-01,3.830308016264148963e-01,-5.849184918869095862e-01,1.533239484045608725e-01,-5.450715199154616553e-01
-2.845284184946346440e-03,-4.175221447515762435e-02,3.446598473754136083e-01,5.448537778112406693e-01,5.742632264280133070e-01,4.087039233248073722e-01,-4.542215435624091802e-01,-1.777591149333685783e+00,5.017954142505808290e-01,7.012419149804702267e-02,2.091721871215061590e+00,-8.556328223445223147e-01,-1.894296728648373063e-01,-6.912012232568569559e-01,-3.750819474964149913e-01,-1.083537127086605378e-01,9.534161204798711209e-01,-2.321075032565128593e-01,1.438686869068191432e-01,2.794272122454158000e-02,-1.041004655818913993e-01,-3.201420290426235105e-02,-1.473584427721795320e+00,4.790431135804418816e-01,-3.111866060151022850e-01,7.053051577051476784e-01,1.090539585746226336e+00,1.871247197555916120e-01,8.427253463665703714e-01,-1.810328521350615727e+00,-1.262029874868605850e+00,7.597447037449811535e-01,3.729634287112099655e-01,-5.977577259383284325e-01,1.708936461746581870e-01,-5.316778891574419630e-01
-2.845284184946346440e-03,-4.175221447515762435e-02,3.450564140618047060e-01,5.451928075688314834e-01,5.746400249199041799e-01,4.082515630239350046e-01,-4.537447582328428264e-01,-1.797982350120449713e+00,5.075246227705404456e-01,6.768168840965602118e-02,2.104420220652621243e+00,-8.624723412663812816e-01,-1.930544516114398035e-01,-6.912180430520253882e-01,-3.751032439285173492e-01,-1.083231969890231933e-01,9.533493156287123904e-01,-2.320228422526868506e-01,1.438998698525188191e-01,2.809426406569922458e-02,-1.041709904381435542e-01,-3.225139969856135463e-02,-1.468342979915003399e+00,4.631071941976295236e-01,-2.820432002203315247e-01,7.110343348387149209e-01,1.125077853312919540e+00,1.783938037653319819e-01,8.435768472071096813e-01,-1.798854400104874074e+00,-1.253306397734781807e+00,7.355825635311185051e-01,3.708478501289551588e-01,-6.141869070740428871e-01,1.756655082739644602e-01,-5.212875350514825090e-01
-2.845284184946346440e-03,-4.175221447515762435e-02,3.454529807481958592e-01,5.455314617581598080e-01,5.750164275581584050e-01,4.077989214898395387e-01,-4.532676603310481500e-01,-1.811266014824035597e+00,5.123595376374643351e-01,6.514810610832587334e-02,2.111615794181896266e+00,-8.562079479954896044e-01,-1.931284304330566359e-01,-6.912352630273167486e-01,-3.751252043026093164e-01,-1.082917596758821571e-01,9.532808161310324380e-01,-2.319360502298964677e-01,1.439320426801045383e-01,2.825205611765654184e-02,-1.042506919328586440e-01,-3.250410349100593677e-02,-1.463730644761562116e+00,4.470799566611870501e-01,-2.527423678322534562e-01,7.170211482810926462e-01,1.159634176219390467e+00,1.694786549730364633e-01,8.451637702786227724e-01,-1.787788710005100867e+00,-1.244182154464151369e+00,7.116132817719175163e-01,3.689787134436554594e-01,-6.310710587708135977e-01,1.799281600378349610e-01,-5.109171417875343346e-01
-2.845284184946346440e-03,-4.175221447515762435e-02,3.458495474345870124e-01,5.458697401459360332e-01,5.753924340834818407e-01,4.073459990343333836e-01,-4.527902501856849171e-01,-1.832403965608116581e+00,5.178360769518317586e-01,6.324209326115032281e-02,2.123317875037284974e+00,-8.639273862008646221e-01,-1.945241439250134652e-01,-6.912528042860542898e-01,-3.751477199692502817e-01,-1.082595535219594979e-01,9.532108856932878238e-01,-2.318474730568072240e-01,1.439650475958417220e-01,2.841068170935013432e-02,-1.043403262562796058e-01,-3.271994140734259260e-02,-1.459436568529521194e+00,4.311102126723878603e-01,-2.233239041759617627e-01,7.226427325242806843e-01,1.194273242572209570e+00,1.605901974376104935e-01,8.470753628507168287e-01,-1.776934970532017433e+00,-1.234895438862255723e+00,6.876987217911251227e-01,3.668650435215453087e-01,-6.482710420696573550e-01,1.840508582994673792e-01,-5.004316294108978047e-01
-2.845284184946346440e-03,-4.175221447515762435e-02,3.462461141209781657e-01,5.462076424991295642e-01,5.757680442368540152e-01,4.068927959694229046e-01,-4.523125281256277774e-01,-1.845232980248661336e+00,5.228140081145976614e-01,6.102214483634104542e-02,2.130335059998339275e+00,-8.560365180287704545e-01,-1.946473324278648331e-01,-6.912706195260781561e-01,-3.751708103923943050e-01,-1.082265614856790237e-01,9.531393343531907592e-01,-2.317569546900355160e-01,1.439989307729949153e-01,2.857047385295806430e-02,-1.044202307504753235e-01,-3.296743532007707228e-02,-1.455699318919256191e+00,4.151217727959626291e-01,-1.937772238935782654e-01,7.285878368630979152e-01,1.228914460290555066e+00,1.515731474779115073e-01,8.497063472088278724e-01,-1.766637880475015576e+00,-1.225121588279737717e+00,6.640477292728190761e-01,3.652840087314346285e-01,-6.659069296439608099e-01,1.875761584262859993e-01,-4.900335444682084041e-01
-2.845284184946346440e-03,-4.175221447515762435e-02,3.466426808073692634e-01,5.465451685849681551e-01,5.761432577595279048e-01,4.064393126073066465e-01,-4.518344944799666529e-01,-1.872790235116989610e+00,5.275382196495923548e-01,6.123938651275927236e-02,2.142401012179318887e+00,-8.715980463686351376e-01,-1.937598975503107279e-01,-6.912887240355936047e-01,-3.751944500087170953e-01,-1.081928145764419202e-01,9.530663262782801404e-01,-2.316646532872616016e-01,1.440336438024803489e-01,2.872594092396295665e-02,-1.045010993247893760e-01,-3.319359680000000257e-02,-1.452302196489460240e+00,3.993609916631844503e-01,-1.644878776627920758e-01,7.342341457254183412e-01,1.263244960298236297e+00,1.427757096299605288e-01,8.527503707550555534e-01,-1.757165179938265709e+00,-1.215508950737531624e+00,6.416920119821661883e-01,3.636219257211814604e-01,-6.830530283223064103e-01,1.912117730517821357e-01,-4.799936521941135514e-01
-7.493388209297248068e-04,-4.175221447515762435e-02,3.482474542045666532e-01,5.452246236955057279e-01,5.739749233844427811e-01,4.082603592982089746e-01,-4.545397409111932574e-01,-1.871135546789845616e+00,5.272052141005075798e-01,6.080062012357608653e-02,2.144906253729796930e+00,-8.709677991473058212e-01,-1.940258748665470712e-01,-7.174818288283024703e-01,-3.799843209396123744e-01,-9.865175506670881278e-02,9.894664001069416459e-01,-2.571471227327657982e-01,1.485355114866395709e-01,2.875507590565389363e-02,-1.045132370738461325e-01,-3.323372530775914324e-02,-1.449907707650102573e+00,3.999431779869850323e-01,-1.644215835748024379e-01,7.283763511491249121e-01,1.263411723720909929e+00,1.438174336351693283e-01,8.494525632629080780e-01,-1.756183249054713569e+00,-1.215601696238447937e+00,6.415271718402525414e-01,3.591371581402406643e-01,-6.835200651600028543e-01,1.947254200933233592e-01,-4.779208793673150879e-01
1.346606543086990501e-03,-4.175221447515762435e-02,3.498522276017641541e-01,5.438947663247232223e-01,5.717967854705590103e-01,4.100744328686679041e-01,-4.572372237663407946e-01,-1.869483838978289736e+00,5.268846872460949404e-01,6.038282282567837556e-02,2.147364367636059423e+00,-8.702814841718792271e-01,-1.942903688319236599e-01,-7.436355402705279172e-01,-3.847197880586159524e-01,-8.887094512976112526e-02,1.025402796059568189e+00,-2.823151163519477813e-01,1.531202223319241829e-01,2.878066765845829073e-02,-1.045231792842903767e-01,-3.326548390117001208e-02,-1.447566772414832004e+00,4.005114929830545512e-01,-1.643568961539024209e-01,7.226338326879162555e-01,1.263580763559548181e+00,1.448469508899752900e-01,8.462186717034163586e-01,-1.755220887789060713e+00,-1.215715198957688425e+00,6.413570378244521919e-01,3.547252521905677747e-01,-6.839726569227325692e-01,1.981624530943739693e-01,-4.758816794663730532e-01
3.442551907103612134e-03,-4.175221447515762435e-02,3.514570009989615995e-01,5.425556191866927058e-01,5.696088812206513419e-01,4.118815023341584336e-01,-4.599268969721807543e-01,-1.869371841903989306e+00,5.265323905223369128e-01,5.995829372930470275e-02,2.149573394674921367e+00,-8.687534303958081017e-01,-1.936519868364441621e-01,-7.565826845175621651e-01,-3.935915166432489287e-01,-8.335284532846655436e-02,1.044823981598033802e+00,-2.981279008195997782e-01,1.561324867847228015e-01,2.880086907864005605e-02,-1.045325230593992794e-01,-3.328338610629345828e-02,-1.444886842235179714e+00,4.009518417205887864e-01,-1.643965195367355081e-01,7.156629402595025002e-01,1.263920424781958429e+00,1.463687517957640849e-01,8.421757234156593830e-01,-1.754788655316550816e+00,-1.215694897452838763e+00,6.412528865133690914e-01,3.509338278028749092e-01,-6.844396543560269386e-01,2.011474377001770120e-01,-4.737677263527513838e-01
5.538497271120327442e-03,-4.175221447515762435e-02,3.530617743961590449e-01,5.412072051541602091e-01,5.674112480043035367e-01,4.136815368297852569e-01,-4.626087145888722052e-01,-1.868238630197374128e+00,5.262291055679947371e-01,5.958472018525236974e-02,2.151831450927073952e+00,-8.676504981964082708e-01,-1.936143210519953584e-01,-7.780873666023219171e-01,-3.994972338432274395e-01,-7.485489757029892277e-02,1.073795848473230174e+00,-3.190999769363827565e-01,1.602977476303207860e-01,2.881903560354369051e-02,-1.045393828444851625e-01,-3.329727825204684133e-02,-1.442590752523959186e+00,4.014355027009229304e-01,-1.643729410369746957e-01,7.098631707991648332e-01,1.264149307519721654e+00,1.475156710029674745e-01,8.388646479948688173e-01,-1.754050266555344573e+00,-1.215802968485555136e+00,6.410972089415015729e-01,3.469317495626651482e-01,-6.848617951347670818e-01,2.042378135123187333e-01,-4.717980344042944085e-01
7.634442635136948208e-03,-4.175221447515762435e-02,3.546665477933564903e-01,5.398495472581443799e-01,5.652039233572723198e-01,4.154745056108113399e-01,-4.652826308107527731e-01,-1.867110429851476017e+00,5.259421205278775879e-01,5.923542182525480537e-02,2.154023476030995976e+00,-8.664693193644354974e-01,-1.935774166644941563e-01,-8.015243420400763874e-01,-4.053366931277418983e-01,-6.602100665109750244e-02,1.106089954395234498e+00,-3.398989448140489200e-01,1.645509724841640042e-01,2.883398714367517435e-02,-1.045445080816609779e-01,-3.330347880841940528e-02,-1.440380724370925902e+00,4.018969362241941456e-01,-1.643526117526740438e-01,7.042574439646601681e-01,1.264379055310706379e+00,1.486359198282221905e-01,8.356606935698515093e-01,-1.753336877771343616e+00,-1.215933261686046096e+00,6.409365971865984557e-01,3.430437383598092804e-01,-6.852628999640654195e-01,2.072181496452267513e-01,-4.698831693334683535e-01
9.730387999153662648e-03,-4.175221447515762435e-02,3.562713211905539912e-01,5.384826686875564539e-01,5.629869449808425630e-01,4.172603780531831119e-01,-4.679485999671114671e-01,-1.866971745323168896e+00,5.256559395720259431e-01,5.890177409691765842e-02,2.155962838469769327e+00,-8.646013979946911565e-01,-1.929693951308789346e-01,-8.135011676722474494e-01,-4.131800809332241697e-01,-6.115190226783180638e-02,1.119635990537357406e+00,-3.521301197153970386e-01,1.676577295019495428e-01,2.881483433995377791e-02,-1.045399402566501434e-01,-3.327371904498516164e-02,-1.437833516533319367e+00,4.023158130521164444e-01,-1.643916170879336502e-01,6.975856858283669970e-01,1.264745162220315189e+00,1.501510630968158899e-01,8.317936524555349376e-01,-1.753197883755602815e+00,-1.215876326111563710e+00,6.408723369774971257e-01,3.400216284087089202e-01,-6.856887072287646268e-01,2.095772142777457270e-01,-4.680543711634488346e-01
1.182633336317028515e-02,-4.175221447515762435e-02,3.578760945877513810e-01,5.371065927887928027e-01,5.607603507411875743e-01,4.190391236540527697e-01,-4.706065765229782705e-01,-1.866017996067969698e+00,5.254032983231705645e-01,5.860330279278749832e-02,2.157968187807846494e+00,-8.631367789107049493e-01,-1.928416444962374188e-01,-8.349584055283396644e-01,-4.190873983260648417e-01,-5.277198530250060138e-02,1.149996902243862751e+00,-3.705461542882461101e-01,1.718099146284249035e-01,2.882112630881261683e-02,-1.045424144210987394e-01,-3.326708025337106467e-02,-1.435797863760519322e+00,4.027081154406838004e-01,-1.643913244722762512e-01,6.923376775095668734e-01,1.264994349384152894e+00,1.512540925827984273e-01,8.287720724095349878e-01,-1.752635432698411044e+00,-1.216009331741608746e+00,6.407249124413262331e-01,3.365655680660472604e-01,-6.860484261275732187e-01,2.121969967711314353e-01,-4.662918532576748043e-01
1.392227872718700132e-02,-4.175221447515762435e-02,3.594808679849488819e-01,5.357213430653424702e-01,5.585241786687196175e-01,4.208107120322991945e-01,-4.732565150798953013e-01,-1.865493489380881664e+00,5.251661128777205256e-01,5.832365999234578186e-02,2.159804623912114696e+00,-8.612886102969958824e-01,-1.924754750435264949e-01,-8.489784306639341915e-01,-4.255195755556515080e-01,-4.698820951049084704e-02,1.163253989365268470e+00,-3.835077689477958685e-01,1.753335972048223612e-01,2.879183908111126317e-02,-1.045328450358634642e-01,-3.323656114252625943e-02,-1.433564093995628230e+00,4.031041372751111851e-01,-1.644093460967094300e-01,6.865338150406482542e-01,1.265312297924195750e+00,1.525563798171848950e-01,8.254198997606730925e-01,-1.752495172091542930e+00,-1.215965446899681224e+00,6.406700557404062524e-01,3.338615726918638948e-01,-6.864348163494909949e-01,2.142944106648778102e-01,-4.646809043938107120e-01
1.601822409120362209e-02,-4.175221447515762435e-02,3.610856413821462718e-01,5.343269431773866041e-01,5.562784669574407648e-01,4.225751129290478136e-01,-4.758983703766928586e-01,-1.864606679065547779e+00,5.249508610642339423e-01,5.807009316367510443e-02,2.161642972030627607e+00,-8.596033571975975063e-01,-1.923268025844058760e-01,-8.703723293399393546e-01,-4.312058637932176808e-01,-3.874339493464233619e-02,1.192387791837530298e+00,-4.005631602308780681e-01,1.794795410326331109e-01,2.879284622660497131e-02,-1.045337478470464015e-01,-3.322518907376277586e-02,-1.431754895462594490e+00,4.034293033946008133e-01,-1.644224357396898428e-01,6.818128476987055375e-01,1.265561014739254198e+00,1.535855664591059266e-01,8.226851295707685585e-01,-1.752038465990821914e+00,-1.216102710434115330e+00,6.405346665449099808e-01,3.308114201963998080e-01,-6.867504468727928524e-01,2.165803068286389910e-01,-4.630902369499538263e-01
1.811416945522033653e-02,-4.175221447515762435e-02,3.626904147793437727e-01,5.329234169413870070e-01,5.540232539642924170e-01,4.243322962081859107e-01,-4.785320972902676884e-01,-1.863898963441113832e+00,5.247549489319600635e-01,5.783420258067546033e-02,2.163361389051737138e+00,-8.576942808339019786e-01,-1.920883698172248244e-01,-8.848078135459959137e-01,-4.369200599630773119e-01,-3.238487750589968961e-02,1.204679992502650787e+00,-4.129533265674029119e-01,1.831843478666654867e-01,2.876706823500108090e-02,-1.045239317024779929e-01,-3.320648890868955344e-02,-1.429882406807957196e+00,4.037572520929610387e-01,-1.644388619038780752e-01,6.769425749582871354e-01,1.265836426219782318e+00,1.546849891366203766e-01,8.198645700035964712e-01,-1.751879288730691542e+00,-1.216089808406475514e+00,6.404800889927075858e-01,3.283802041281609352e-01,-6.870870981446366432e-01,2.184470855158082703e-01,-4.616646453034894404e-01
2.021011481923695730e-02,-4.175221447515762435e-02,3.642951881765411626e-01,5.315107883296894542e-01,5.517585782084962753e-01,4.260822318568795453e-01,-4.811576508363460958e-01,-1.863047039952757222e+00,5.245778556104875312e-01,5.761873877997299165e-02,2.165042478407920967e+00,-8.558124644738880349e-01,-1.919442611593224490e-01,-9.060223521464059182e-01,-4.423106869662611906e-01,-2.415027236111320225e-02,1.233090969523615410e+00,-4.285873049595478324e-01,1.873025825658667654e-01,2.876566292662514207e-02,-1.045240391457585155e-01,-3.319514952788611001e-02,-1.428320524962289229e+00,4.040153786602669883e-01,-1.644630437405416590e-01,6.728195789015470885e-01,1.266074029611109930e+00,1.556151352160764778e-01,8.174611269386004020e-01,-1.751501669548644502e+00,-1.216233335609225863e+00,6.403545869367724963e-01,3.257129748615570364e-01,-6.873563292032573990e-01,2.204203834288459285e-01,-4.602514831968909093e-01
2.230606018325367174e-02,-4.175221447515762435e-02,3.658999615737386635e-01,5.300890814701049170e-01,5.494844783709009750e-01,4.278248899860838117e-01,-4.837749861702594911e-01,-1.862271648968505833e+00,5.244207022727046530e-01,5.741865077471454415e-02,2.166628497496777328e+00,-8.537821534701416359e-01,-1.917723890336441028e-01,-9.214736082215412294e-01,-4.476166489692812167e-01,-1.749188629480106713e-02,1.243922817964022487e+00,-4.404399015519838700e-01,1.910975151773527392e-01,2.874745566611442565e-02,-1.045159988370504278e-01,-3.318798692172183346e-02,-1.426794624035434556e+00,4.042622670131756357e-01,-1.644871746930790801e-01,6.688174406712377174e-01,1.266314515988740785e+00,1.565392305788770588e-01,8.151279774002061496e-01,-1.751328759997541340e+00,-1.216259877256409050e+00,6.402944503910005247e-01,3.235450052773146679e-01,-6.876373561747275431e-01,2.220593722721795615e-01,-4.589959633151400320e-01
2.440200554727029597e-02,-4.175221447515762435e-02,3.675047349709361089e-01,5.286583206455022221e-01,5.472009932933183940e-01,4.295602408310552067e-01,-4.863840585877058365e-01,-1.861446469870490006e+00,5.242820961730155771e-01,5.723466594459666879e-02,2.168156921772650403e+00,-8.517124597243125317e-01,-1.916442401936936935e-01,-9.421365978664379970e-01,-4.527096756463304672e-01,-9.166484189295956431e-03,1.272221182327410993e+00,-4.547217963853404932e-01,1.951401041955602156e-01,2.874531223943785005e-02,-1.045157581335112995e-01,-3.317858271341294490e-02,-1.425483053527958122e+00,4.044554726952540036e-01,-1.645209256424561284e-01,6.653112209809578514e-01,1.266534944125508932e+00,1.573599081699401103e-01,8.130699590497560969e-01,-1.751014132136467394e+00,-1.216411276829412857e+00,6.401764860511957034e-01,3.212435424340163159e-01,-6.878583793843909833e-01,2.237351877322406868e-01,-4.577620374446629836e-01
2.649795091128701041e-02,-4.175221447515762435e-02,3.691095083681336098e-01,5.272185302933967144e-01,5.449081619778608498e-01,4.312882547518580023e-01,-4.889848235255125353e-01,-1.860658209807673824e+00,5.241633211288321270e-01,5.706337407608524231e-02,2.169602011307862455e+00,-8.495274735023163881e-01,-1.915138506713225108e-01,-9.583320025500066119e-01,-4.577172785348938566e-01,-2.442839637238316836e-03,1.281169138911774752e+00,-4.657148662857556465e-01,1.989575636541630610e-01,2.873421092757042980e-02,-1.045099752244936786e-01,-3.317907434440317549e-02,-1.424268491718509555e+00,4.046248416613545396e-01,-1.645550259685115424e-01,6.620807390592405861e-01,1.266745779080429291e+00,1.581334063337552776e-01,8.111697534745510030e-01,-1.750838680660655511e+00,-1.216477129234763144e+00,6.401085206293364305e-01,3.193455402481327754e-01,-6.880816868932918551e-01,2.251399078422936240e-01,-4.566726771517720662e-01
2.859389627530363465e-02,-4.175221447515762435e-02,3.707142817653309996e-01,5.257697350055245966e-01,5.426060235862749659e-01,4.330089022338735605e-01,-4.915772365624012652e-01,-1.859867901780295485e+00,5.240636677523888842e-01,5.690410402857837280e-02,2.170976906068823098e+00,-8.472638781970392996e-01,-1.914040058183962001e-01,-9.755809608287854262e-01,-4.625804937316483900e-01,4.635622510892962317e-03,1.295159473697760744e+00,-4.768143770000717874e-01,2.027996151814427939e-01,2.872785023213239933e-02,-1.045061555982138984e-01,-3.318114265094935372e-02,-1.423204559585900419e+00,4.047566027896590812e-01,-1.645943781937403982e-01,6.592189973441714423e-01,1.266941994801130233e+00,1.588342569864210907e-01,8.094769168074431587e-01,-1.750645665901608972e+00,-1.216575938058670925e+00,6.400288910719714730e-01,3.175475003692168618e-01,-6.882718107065827207e-01,2.264474897862294445e-01,-4.556575782283205367e-01
3.068984163932034909e-02,-4.175221447515762435e-02,3.723190551625285005e-01,5.243119595274271516e-01,5.402946174392738721e-01,4.347221538883018210e-01,-4.941612534197457052e-01,-1.859082594952565337e+00,5.239831864747181989e-01,5.675530698047537986e-02,2.172280188952712798e+00,-8.449167771302651397e-01,-1.913122522844027951e-01,-9.956371420236486136e-01,-4.672435096049674663e-01,1.272821165499327459e-02,1.317947309564983627e+00,-4.889096612691814503e-01,2.066944321624038516e-01,2.872625190930403610e-02,-1.045058552054981826e-01,-3.317641331318901821e-02,-1.422263063967856622e+00,4.048579507750609818e-01,-1.646394599384514157e-01,6.566411018567421820e-01,1.267129080723286894e+00,1.594807638032111896e-01,8.079442600573274458e-01,-1.750410349043474811e+00,-1.216736434372833076e+00,6.399207360677875434e-01,3.157829725927293052e-01,-6.884194843680502274e-01,2.276912261070140331e-01,-4.546973891975806814e-01
3.278578700333696638e-02,-4.175221447515762435e-02,3.739238285597258904e-01,5.228452287580304114e-01,5.379739830158642988e-01,4.364279804526626227e-01,-4.967368299623250438e-01,-1.858314418916670929e+00,5.239222253228613679e-01,5.661491734830950001e-02,2.173507978118776052e+00,-8.424743940278565102e-01,-1.912338598197293460e-01,-1.013000406117618324e+00,-4.718253844555562737e-01,1.969954576665143217e-02,1.329206572567541933e+00,-4.989140652443572743e-01,2.104816335531651816e-01,2.872325322813948714e-02,-1.045035426012689977e-01,-3.318051540448629239e-02,-1.421453082596843220e+00,4.049278202301255791e-01,-1.646861364071297851e-01,6.544137712641133753e-01,1.267299992972548806e+00,1.600582533106282845e-01,8.066115359076815317e-01,-1.750238199106267878e+00,-1.216861168246299973e+00,6.398362974839411077e-01,3.142862989556600151e-01,-6.885542883256114965e-01,2.287455762045751406e-01,-4.538539386570660805e-01
3.488173236735368082e-02,-4.175221447515762435e-02,3.755286019569233913e-01,5.213695677492158342e-01,5.356441599526728936e-01,4.381263527912989120e-01,-4.993039221990807630e-01,-1.857557678112066846e+00,5.238805690059974429e-01,5.648169513905230976e-02,2.174662918115422894e+00,-8.399435019550982595e-01,-1.911732861252169735e-01,-1.033515439351054610e+00,-4.761631815652397348e-01,2.791554392433948789e-02,1.353305809135296522e+00,-5.100135387618568439e-01,2.142660398806606747e-01,2.872198831778562111e-02,-1.045032664445962184e-01,-3.317718440851943201e-02,-1.420741327573167734e+00,4.049758908115494993e-01,-1.647357952237508694e-01,6.524203303555464739e-01,1.267462411749278317e+00,1.605898240764409290e-01,8.054136339500596042e-01,-1.750046867710079335e+00,-1.217028694654127552e+00,6.397317600989036457e-01,3.128641310175230283e-01,-6.886524586066558040e-01,2.297139166225173335e-01,-4.530751042889518687e-01
3.697767773137030506e-02,-4.175221447515762435e-02,3.771333753541207812e-01,5.198850017053959771e-01,5.333051880432672087e-01,4.398172418958729568e-01,-5.018624862838654277e-01,-1.856817223824934082e+00,5.238583561890355345e-01,5.635385495260764738e-02,2.175743536124099986e+00,-8.373194043065192993e-01,-1.911296297820000156e-01,-1.050717715276686670e+00,-4.804762978834613563e-01,3.470353001658576381e-02,1.361345135317487687e+00,-5.188389107493738273e-01,2.179508877049676219e-01,2.872098599770052732e-02,-1.045019981085325012e-01,-3.318178177598848921e-02,-1.420164342735046104e+00,4.049922434512013836e-01,-1.647868552839414080e-01,6.507832689441381824e-01,1.267607365964622090e+00,1.610490189627582502e-01,8.044193929916713115e-01,-1.749901199696878518e+00,-1.217171691122249877e+00,6.396444175712302505e-01,3.116788939468307928e-01,-6.887341536803764930e-01,2.305116787199061323e-01,-4.524070999050334718e-01
3.907362309538701950e-02,-4.175221447515762435e-02,3.787381487513182821e-01,5.183915559830769570e-01,5.309571072374817957e-01,4.415006188858585645e-01,-5.044124785161977487e-01,-1.856086796594393684e+00,5.238552238453259013e-01,5.623035803831716306e-02,2.176752599066588356e+00,-8.346103761337020366e-01,-1.911075160893711822e-01,-1.070760801015823382e+00,-4.845195412143553648e-01,4.256949864547943108e-02,1.382142668115563078e+00,-5.286658044080388974e-01,2.216218480810447922e-01,2.872626912932805393e-02,-1.045061392708059173e-01,-3.317636554758800205e-02,-1.419702463749424881e+00,4.049842275090838051e-01,-1.648503821961459503e-01,6.494055753163332501e-01,1.267736458109496311e+00,1.614596917157081757e-01,8.035736315565330523e-01,-1.749703161418243447e+00,-1.217402206394023745e+00,6.395454063638895681e-01,3.104859302574952129e-01,-6.887485962838640896e-01,2.312778388726770273e-01,-4.517965726803300219e-01
4.116956845940364373e-02,-4.175221447515762435e-02,3.803429221485157274e-01,5.168892560904378985e-01,5.285999576407283129e-01,4.431764550090381283e-01,-5.069538553419984384e-01,-1.855367791686081125e+00,5.238710711971183986e-01,5.610976702909046404e-02,2.177688908599929807e+00,-8.318168866798019145e-01,-1.911079856456567583e-01,-1.087674687805293861e+00,-4.885576070731061926e-01,4.908204675243304366e-02,1.387931609418400214e+00,-5.363458959129517867e-01,2.251916010735866558e-01,2.873853857931457992e-02,-1.045118528404364727e-01,-3.319013568805672526e-02,-1.419446940567334003e+00,4.049222170996413794e-01,-1.649176571157602300e-01,6.485661035857852585e-01,1.267838877361385785e+00,1.617582618795598837e-01,8.030299963387637074e-01,-1.749533027145564468e+00,-1.217605574670010293e+00,6.394662657431928743e-01,3.095414467234313682e-01,-6.887463519626086939e-01,2.318723256554005019e-01,-4.513098544053512073e-01
4.326551382342035817e-02,-4.175221447515762435e-02,3.819476955457131728e-01,5.153781276868820704e-01,5.262337795133150697e-01,4.448447216419955108e-01,-5.094865733543439967e-01,-1.854571886205424569e+00,5.239002374647409033e-01,5.599697055962236936e-02,2.178567208493431551e+00,-8.290774263819334911e-01,-1.911843143596162475e-01,-1.107478635250894072e+00,-4.919411855796221311e-01,5.702576022813635875e-02,1.404628812033981156e+00,-5.453221005395125776e-01,2.288199614568668383e-01,2.878703045483666650e-02,-1.045327589235457294e-01,-3.324637150214224818e-02,-1.419647675877573789e+00,4.047401859033745719e-01,-1.650020126437176105e-01,6.488695649357731909e-01,1.267876219584427533e+00,1.618045938096687730e-01,8.031197198335642273e-01,-1.749186701988308945e+00,-1.217890433205919498e+00,6.393581159210591780e-01,3.085862417651519807e-01,-6.886900150960090228e-01,2.324588986445060568e-01,-4.509240279167928689e-01
4.536145918743697547e-02,-4.175221447515762435e-02,3.835524689429106182e-01,5.138581965826093390e-01,5.238586132697590214e-01,4.465053902905970484e-01,-5.120105892942014014e-01,-1.853122769108587198e+00,5.239034341124143568e-01,5.592590502978363881e-02,2.179349266740117752e+00,-8.275936693306644720e-01,-1.917545357611845358e-01,-1.128063603200962328e+00,-4.900528006350077792e-01,6.617536095742235225e-02,1.425318606785313413e+00,-5.563669416020808889e-01,2.327877668184706317e-01,2.891163747359767888e-02,-1.045795990146216881e-01,-3.348129114866588152e-02,-1.421087162628466238e+00,4.043415602060868030e-01,-1.650644892272726816e-01,6.526182963377026303e-01,1.267635138585390120e+00,1.609626672458292218e-01,8.051876370493521451e-01,-1.748459356491517180e+00,-1.218101635370190117e+00,6.393223281314039941e-01,3.079936611033855520e-01,-6.885982069234500846e-01,2.329194184858312811e-01,-4.509980510449161928e-01
4.745740455145368991e-02,-4.175221447515762435e-02,3.851572423401080636e-01,5.123294887381640850e-01,5.214744994780948772e-01,4.481584325904873767e-01,-5.145258600511732894e-01,-1.852624061079858109e+00,5.239868610576002839e-01,5.582956976082186634e-02,2.179925268866340193e+00,-8.245886585721988737e-01,-1.917522961252269009e-01,-1.141902517915377890e+00,-4.932145884236980860e-01,6.955569562554181351e-02,1.424188872736490863e+00,-5.606401075056031136e-01,2.352452102498523157e-01,2.894988017133745192e-02,-1.045991510879886316e-01,-3.364071183993014996e-02,-1.421842558881333041e+00,4.039872800956325061e-01,-1.651759840222881970e-01,6.544540085267378515e-01,1.267606423107821234e+00,1.607372659059199682e-01,8.061216964309934063e-01,-1.748709491740173538e+00,-1.217926536054437792e+00,6.394795131367688734e-01,3.088869910776986250e-01,-6.885782910486387687e-01,2.323392124426492678e-01,-4.512663960789567996e-01
4.955334991547031415e-02,-4.175221447515762435e-02,3.867620157373055090e-01,5.107920302640017729e-01,5.190814788591828766e-01,4.498038203075677699e-01,-5.170323426642284836e-01,-1.852153401227549123e+00,5.240937166216951271e-01,5.572762638038521871e-02,2.180441384770605229e+00,-8.214965731970046425e-01,-1.917714188260504216e-01,-1.156164975842912668e+00,-4.964857980067041709e-01,7.427551155571757158e-02,1.433485624515905554e+00,-5.658170443671564076e-01,2.380048370553104198e-01,2.898734563220466479e-02,-1.046186602022157464e-01,-3.379724963999516246e-02,-1.422683436857593131e+00,4.036208052911433031e-01,-1.652869797261340978e-01,6.565159972565753899e-01,1.267562401462395405e+00,1.604612760900136215e-01,8.071905099421021745e-01,-1.748972128310209095e+00,-1.217756047880848680e+00,6.396364553032655165e-01,3.099257623909507098e-01,-6.885320643130857787e-01,2.316425706827269781e-01,-4.516211674139403720e-01
5.164929527948693838e-02,-4.175221447515762435e-02,3.883667891345029544e-01,5.092458474200458607e-01,5.166795922860075718e-01,4.514415253384823079e-01,-5.195299943224348516e-01,-1.851945182401052881e+00,5.242331682087585376e-01,5.553639086621484783e-02,2.181161824499651125e+00,-8.170183889912570052e-01,-1.915462372486167186e-01,-1.173129908246258957e+00,-5.045432685919654103e-01,8.188908035275740960e-02,1.442505715749425210e+00,-5.703195295726424252e-01,2.416557330706122497e-01,2.893065218852582457e-02,-1.045895652534708786e-01,-3.368719992053977735e-02,-1.421936282793608397e+00,4.036554684343700017e-01,-1.653553295674412282e-01,6.543244097896858680e-01,1.267788162905331584e+00,1.611502850961999134e-01,8.058997914829582054e-01,-1.749306659579300982e+00,-1.217883579129730887e+00,6.395810762313969278e-01,3.097252361047366231e-01,-6.884978497705434020e-01,2.316114543783878710e-01,-4.512692059034651981e-01
5.374524064350365282e-02,-4.175221447515762435e-02,3.899715625317003997e-01,5.076909666152163991e-01,5.142688807829937092e-01,4.530715197110933290e-01,-5.220187723657020440e-01,-1.851474425137490165e+00,5.243694318883836969e-01,5.535330720357781176e-02,2.181750525828709097e+00,-8.131071136163559032e-01,-1.915746601155391693e-01,-1.195175447337348151e+00,-5.092885605809800431e-01,8.986874603631817005e-02,1.453479376765917319e+00,-5.755363309276305683e-01,2.448159971318069061e-01,2.882313167730846809e-02,-1.045396113610431721e-01,-3.342535162511146851e-02,-1.420609937830080938e+00,4.039822118589649902e-01,-1.653200081144967359e-01,6.507662736163656314e-01,1.268035961065995698e+00,1.619968972879158586e-01,8.039466380249247202e-01,-1.749387003490067150e+00,-1.218275109770227571e+00,6.393482697914485424e-01,3.088197243320337515e-01,-6.883896622964533751e-01,2.319337841422766944e-01,-4.507823182517236571e-01
5.584118600752027012e-02,-4.175221447515762435e-02,3.915763359288978451e-01,5.061274144070159187e-01,5.118493855252865821e-01,4.546937755849631557e-01,-5.244986342854921491e-01,-1.850900923180661239e+00,5.245178975674011923e-01,5.520147553770402005e-02,2.182183536194879814e+00,-8.096166234951658325e-01,-1.917380689646133174e-01,-1.212102426928569621e+00,-5.123162410586927784e-01,9.693098563478746987e-02,1.463561632798664247e+00,-5.808540685239202972e-01,2.480405085729028014e-01,2.879472662755694704e-02,-1.045274737933545861e-01,-3.335987239651436870e-02,-1.420567433691830139e+00,4.039583353545418976e-01,-1.653384765537376788e-01,6.505659953659769235e-01,1.268087123346507195e+00,1.621193610363607374e-01,8.038427932124787567e-01,-1.749423035731555220e+00,-1.218480095979741495e+00,6.392617058607175107e-01,3.088908597662117228e-01,-6.882459473585585963e-01,2.316978076631238948e-01,-4.508396517208436149e-01
5.793713137153698456e-02,-4.175221447515762435e-02,3.931811093260952905e-01,5.045552175010370455e-01,5.094211478380675784e-01,4.563082652518281046e-01,-5.269695377255636526e-01,-1.850338560474163563e+00,5.246840245175983242e-01,5.504318597045537026e-02,2.182540654818687198e+00,-8.060661473519981080e-01,-1.919372943819104560e-01,-1.227198088026885126e+00,-5.150132522041040994e-01,1.039576942639232476e-01,1.472459367905169625e+00,-5.858432763794768627e-01,2.513652974800231199e-01,2.877366560739866297e-02,-1.045192139088011035e-01,-3.331008619019836664e-02,-1.420721277097074520e+00,4.038917226479677991e-01,-1.653594359947689052e-01,6.508819889072409159e-01,1.268106500737648190e+00,1.621260207108768114e-01,8.040323645955521625e-01,-1.749469021985786243e+00,-1.218666882620587311e+00,6.391912442824772000e-01,3.091898446502343023e-01,-6.880798762329111140e-01,2.313049132828790821e-01,-4.510264181600329159e-01
6.003307673555361573e-02,-4.175221447515762435e-02,3.947858827232927359e-01,5.029744027505309578e-01,5.069842091958361996e-01,4.579149611360737726e-01,-5.294314404826817588e-01,-1.849793597326814476e+00,5.248678694388893007e-01,5.487494821572309195e-02,2.182825097275076676e+00,-8.024341961168404147e-01,-1.921692769451885108e-01,-1.250776515452167281e+00,-5.175587038876349188e-01,1.098314538681162134e-01,1.482729120201648154e+00,-5.891908356786270673e-01,2.533397773252554219e-01,2.874529635711958742e-02,-1.045091145971959179e-01,-3.324315410246927310e-02,-1.420877439466661896e+00,4.038443727124089166e-01,-1.653683319349233960e-01,6.512214896906501904e-01,1.268120424714995753e+00,1.621135865840613866e-01,8.042501243029074320e-01,-1.749531907610810677e+00,-1.218862882190820951e+00,6.391140819419754981e-01,3.096048514328220147e-01,-6.878906345117170584e-01,2.308115330661774101e-01,-4.512874028592916420e-01
6.212902209957032323e-02,-4.175221447515762435e-02,3.963906561204902368e-01,5.013849971559491969e-01,5.045386112217004060e-01,4.595138357952014418e-01,-5.318843005073445873e-01,-1.849267536165887016e+00,5.250693445040247598e-01,5.469537962614638704e-02,2.183037565435157479e+00,-7.987189990069298862e-01,-1.924342188707993673e-01,-1.267489361195573982e+00,-5.198592830310176938e-01,1.162502319318861749e-01,1.490098963963808032e+00,-5.930203387815339289e-01,2.561050853169424824e-01,2.873840030835114051e-02,-1.045066868647409053e-01,-3.322752787045606809e-02,-1.421418832701457191e+00,4.036932907715008456e-01,-1.653965443089582543e-01,6.525601995253573762e-01,1.268074195772221024e+00,1.618941436807819212e-01,8.050201265234736558e-01,-1.749627171239777290e+00,-1.218987662412341910e+00,6.390913816710855899e-01,3.103989177076086903e-01,-6.876921054937208400e-01,2.300905055476433481e-01,-4.517340690415865279e-01
6.422496746358694053e-02,-4.175221447515762435e-02,3.979954295176876267e-01,4.997870278644638287e-01,5.020843956866796187e-01,4.611048619203004240e-01,-5.343280759045030415e-01,-1.848761216480724556e+00,5.252880500552327137e-01,5.450219998005317867e-02,2.183179117900489796e+00,-7.949150049006447061e-01,-1.927330414473858167e-01,-1.289959527990438781e+00,-5.223084706427588708e-01,1.217756479337182146e-01,1.500800868615343342e+00,-5.954765532703537589e-01,2.576406623574247767e-01,2.873252692315653167e-02,-1.045046451542596816e-01,-3.321439941254046568e-02,-1.422070722552643440e+00,4.035254652021189603e-01,-1.654156691750422736e-01,6.541999395336201006e-01,1.268011357450100851e+00,1.615986214726496673e-01,8.059666164615668649e-01,-1.749739057468964409e+00,-1.219086471090986556e+00,6.390624663456399013e-01,3.113874517368742656e-01,-6.874920448350263502e-01,2.292278795389823820e-01,-4.522780606296455397e-01
6.632091282760366191e-02,-4.175221447515762435e-02,3.996002029148851276e-01,4.981805221695270736e-01,4.996216045089708624e-01,4.626880123365145203e-01,-5.367627249342713514e-01,-1.848274825816685452e+00,5.255236635682087876e-01,5.429401161199781667e-02,2.183250024833103264e+00,-7.910224523727518164e-01,-1.930669746446487256e-01,-1.307340007408325455e+00,-5.244347121305890091e-01,1.278338202600430296e-01,1.509257212374286672e+00,-5.984060340679888679e-01,2.597381632878987823e-01,2.873247189471663660e-02,-1.045045946671093740e-01,-3.321410499276963163e-02,-1.422894589085172079e+00,4.033245311671415645e-01,-1.654358533910560425e-01,6.562951890000018329e-01,1.267917779681961177e+00,1.611992506564868255e-01,8.071733456992069566e-01,-1.749875589405690546e+00,-1.219154840845160237e+00,6.390550604532134749e-01,3.126047255081598197e-01,-6.872797667953085554e-01,2.282144367885764191e-01,-4.529419082128740004e-01
6.841685819162027227e-02,-4.175221447515762435e-02,4.012049763120825174e-01,4.965655075103831417e-01,4.971502797532547646e-01,4.642632600035040413e-01,-5.391882060126453879e-01,-1.847808476310389469e+00,5.257758288597095264e-01,5.406942506784025854e-02,2.183250544498005041e+00,-7.870416116365236414e-01,-1.934372801422511723e-01,-1.324439856157161532e+00,-5.263890382715235017e-01,1.338283579643774479e-01,1.517516580594673981e+00,-6.010199878495763315e-01,2.614066207667648523e-01,2.873240624008355573e-02,-1.045045358564162252e-01,-3.321375973294066197e-02,-1.423815528751193993e+00,4.031155877698507917e-01,-1.654502211849544491e-01,6.586572229070799533e-01,1.267803761727676948e+00,1.607311544811531601e-01,8.085391530560948059e-01,-1.750037870778546667e+00,-1.219203343587492272e+00,6.390599494446251860e-01,3.140084047562831104e-01,-6.870548605575190759e-01,2.270715054757395379e-01,-4.537063424170053594e-01
7.051280355563699365e-02,-4.175221447515762435e-02,4.028097497092800183e-01,4.949420114716175378e-01,4.946704636299585345e-01,4.658305780159108789e-01,-5.416044777122080989e-01,-1.847362248814934382e+00,5.260441709452160497e-01,5.382708808045259807e-02,2.183180921555899712e+00,-7.829728874236254743e-01,-1.938452141111205729e-01,-1.346866650222259709e+00,-5.283954817464747711e-01,1.385757976281916104e-01,1.525303421041487306e+00,-6.018298768561670675e-01,2.617999999999999772e-01,2.872888094643772858e-02,-1.045032725453291927e-01,-3.320597991969330420e-02,-1.424789521489707944e+00,4.029137647644859821e-01,-1.654546836620999495e-01,6.611758905588233093e-01,1.267675040620278359e+00,1.602144408351767746e-01,8.100051369828895620e-01,-1.750227649995374168e+00,-1.219236624741089070e+00,6.390725587093873949e-01,3.155763105528566204e-01,-6.868178176251188427e-01,2.258106570677755054e-01,-4.545608612394253512e-01
7.260874891965363176e-02,-4.175221447515762435e-02,4.044145231064774082e-01,4.933100617826761680e-01,4.921821984945440320e-01,4.673899396038129761e-01,-5.440114987628420495e-01,-1.846936160147479633e+00,5.263282979491920033e-01,5.356571867634217499e-02,2.183041410691611173e+00,-7.788169508643502104e-01,-1.942920153274562967e-01,-1.364186468889057036e+00,-5.300925575661300515e-01,1.440324387252436555e-01,1.532511034209665723e+00,-6.034186835648381875e-01,2.617999999999999772e-01,2.872887417591048209e-02,-1.045032266210341038e-01,-3.320571098040536046e-02,-1.425906125756585485e+00,4.026911822943778918e-01,-1.654560184983797921e-01,6.640768164195168799e-01,1.267519489237880936e+00,1.596048596495938665e-01,8.116920813589849626e-01,-1.750444342617146321e+00,-1.219239227190850539e+00,6.391051582290911970e-01,3.173591499737739574e-01,-6.865718632560170454e-01,2.244088469293456511e-01,-4.555282478678856495e-01
7.470469428367032538e-02,-4.175221447515762435e-02,4.060192965036749091e-01,4.916696863173929954e-01,4.896855268467847910e-01,4.689413181331871794e-01,-5.464092280524297518e-01,-1.846530226571466704e+00,5.266277874418615612e-01,5.328400313531867633e-02,2.182832261657122519e+00,-7.745742715887212748e-01,-1.947789334899913682e-01,-1.380877045682836091e+00,-5.316314676508100412e-01,1.494038850758945547e-01,1.539515029403562441e+00,-6.047155190671090752e-01,2.617999999999999772e-01,2.872886026681823260e-02,-1.045031735003269652e-01,-3.320540045586863748e-02,-1.427120774571021045e+00,4.024632063260027426e-01,-1.654500156453113102e-01,6.672482179190742935e-01,1.267343136016795047e+00,1.589228059359590051e-01,8.135401050595496564e-01,-1.750689882509184336e+00,-1.219215840928787431e+00,6.391531049138604592e-01,3.193343628465569184e-01,-6.863176182958902194e-01,2.228778622567495760e-01,-4.565977057792828253e-01
7.680063964768696350e-02,-4.175221447515762435e-02,4.076240699008723545e-01,4.900209130935156421e-01,4.871804913300383233e-01,4.704846871063618763e-01,-5.487976246275565462e-01,-1.846144433085162406e+00,5.269421946863718231e-01,5.298065379382901896e-02,2.182553721942632308e+00,-7.702453815700948114e-01,-1.953072133237150620e-01,-1.403135595915780742e+00,-5.332832472298597581e-01,1.531675132467007483e-01,1.544782692819125947e+00,-6.039865703921204476e-01,2.617999999999999772e-01,2.872682074763130075e-02,-1.045024023396030899e-01,-3.320085483639355350e-02,-1.428408216640114414e+00,4.022389714628658020e-01,-1.654341904233345983e-01,6.706272048006504116e-01,1.267149234113497336e+00,1.581793400894516699e-01,8.155155779795264515e-01,-1.750966287149203549e+00,-1.219167790088163228e+00,6.392144655570330958e-01,3.214910903404445963e-01,-6.860562172449532481e-01,2.212238896700050861e-01,-4.577636179769225544e-01
7.889658501170365712e-02,-4.175221447515762435e-02,4.092288432980698554e-01,4.883637702722251617e-01,4.846671347305172017e-01,4.720200201624668579e-01,-5.511766476942148163e-01,-1.845778704932414360e+00,5.272710533798367072e-01,5.265443117693535680e-02,2.182206056441246211e+00,-7.658309647945293896e-01,-1.958780880178832284e-01,-1.420308459780020183e+00,-5.346079937437316909e-01,1.579239218889132434e-01,1.550935584998794470e+00,-6.043103852109360519e-01,2.617999999999999772e-01,2.872686092044839448e-02,-1.045023598786627289e-01,-3.320060948756057423e-02,-1.429821619200982274e+00,4.020024284459789432e-01,-1.654121303376633323e-01,6.743469100249750436e-01,1.266931151962954250e+00,1.573478859618601955e-01,8.176894828072185373e-01,-1.751273151605217793e+00,-1.219085836907386255e+00,6.392964566169936358e-01,3.238580738210590226e-01,-6.857901723383598158e-01,2.194344764608261167e-01,-4.590388357629910376e-01
8.099253037572029523e-02,-4.175221447515762435e-02,4.108336166952672452e-01,4.866982861576584218e-01,4.821454999765562577e-01,4.735472910778882882e-01,-5.535462566184946587e-01,-1.845432963787245750e+00,5.276138712458977587e-01,5.230408851442815144e-02,2.181789516630127768e+00,-7.613316147456647975e-01,-1.964927948601143393e-01,-1.436722532408193143e+00,-5.357876043449133485e-01,1.625923964325600435e-01,1.556974191504788330e+00,-6.043762127671629125e-01,2.617999999999999772e-01,2.872689517510202892e-02,-1.045023105624255100e-01,-3.320032634288047624e-02,-1.431335300923623599e+00,4.017629134483116649e-01,-1.653812619177000565e-01,6.783431153785516310e-01,1.266692416583270697e+00,1.564397393988085083e-01,8.200273775554363098e-01,-1.751612685405008918e+00,-1.218971326414647338e+00,6.393970917462826753e-01,3.264241804733483687e-01,-6.855207371597945576e-01,2.175159746873214506e-01,-4.604175062915820127e-01
8.308847573973701661e-02,-4.175221447515762435e-02,4.124383900924647461e-01,4.850244891964193839e-01,4.796156301378869391e-01,4.750664737667132931e-01,-5.559064109272808807e-01,-1.845107097681839781e+00,5.279701327294044066e-01,5.192840364481490084e-02,2.181304356297730784e+00,-7.567479718663363553e-01,-1.971525662763886633e-01,-1.458546573046873185e+00,-5.371616733559603230e-01,1.652586926659734834e-01,1.559991450756418541e+00,-6.022764711749195587e-01,2.617999999999999772e-01,2.872579127136905969e-02,-1.045018496976957978e-01,-3.319771812595469218e-02,-1.432935763464393331e+00,4.015258447540400177e-01,-1.653400653168461409e-01,6.825822344509303585e-01,1.266434908298702755e+00,1.554603447262414007e-01,8.225112163626659978e-01,-1.751986972605873216e+00,-1.218823700220992734e+00,6.395159629506640409e-01,3.291850889613159303e-01,-6.852494601619053549e-01,2.154715141021020797e-01,-4.618968472854281249e-01
8.518442110375362697e-02,-4.175221447515762435e-02,4.140431634896621360e-01,4.833424079770984316e-01,4.770775684248916293e-01,4.765775422811768802e-01,-5.582570703089447806e-01,-1.844800870031752194e+00,5.283392940411834049e-01,5.152621276457873545e-02,2.180750868751223148e+00,-7.520808733255038847e-01,-1.978586412079913204e-01,-1.488581156540382588e+00,-5.387167522891119775e-01,1.691694258195586831e-01,1.566116392152844705e+00,-6.017455751942462072e-01,2.617999999999999772e-01,2.872376250073471748e-02,-1.045011641221604420e-01,-3.319268003402189166e-02,-1.434623397682049051e+00,4.012822155474450869e-01,-1.652657018526437760e-01,6.870684666835878973e-01,1.266180906079389379e+00,1.543971460215452229e-01,8.251396245814817121e-01,-1.752371710656371206e+00,-1.218621487840298778e+00,6.395963490234468640e-01,3.321440600236560958e-01,-6.850177574603520947e-01,2.132830645889786381e-01,-4.634567646378762173e-01
8.728036646777034835e-02,-4.175221447515762435e-02,4.156479368868596369e-01,4.816520712297810980e-01,4.745313581878720655e-01,4.780804708121053070e-01,-5.605981946140312644e-01,-1.844514343372837706e+00,5.287208086250366756e-01,5.109626438300771817e-02,2.180129224146766909e+00,-7.473306720287646865e-01,-1.986122007578936532e-01,-1.491648533450599778e+00,-5.390702997705453248e-01,1.728930714159449822e-01,1.569492020160231371e+00,-6.002151156236995577e-01,2.617999999999999772e-01,2.872594955723889107e-02,-1.045017606846808528e-01,-3.319721469550644677e-02,-1.436476284457198771e+00,4.010381973001662659e-01,-1.652302193435913336e-01,6.919856440980364232e-01,1.265855839884435730e+00,1.532458995759932441e-01,8.280203702879221916e-01,-1.752842703456426676e+00,-1.218410857521897039e+00,6.398210967212691891e-01,3.353361294945824134e-01,-6.847097114587521460e-01,2.109883201379462170e-01,-4.651758756349759771e-01
8.937631183178695871e-02,-4.175221447515762435e-02,4.172527102840570268e-01,4.799535078255571796e-01,4.719770429163103742e-01,4.795752336893555068e-01,-5.629297438559435207e-01,-1.844247077246091715e+00,5.291140742586810664e-01,5.063747418801054639e-02,2.179439766931868583e+00,-7.424984432592993677e-01,-1.994145080027239503e-01,-1.512643311786836309e+00,-5.402451300054971206e-01,1.743571151772213279e-01,1.570480796714048388e+00,-5.969003857290962056e-01,2.617999999999999772e-01,2.872543765054117945e-02,-1.045014952165115862e-01,-3.319576190202226662e-02,-1.438396576999656951e+00,4.007962886270575731e-01,-1.651590457142205481e-01,6.971002826211848413e-01,1.265537613877887768e+00,1.520183600077618380e-01,8.310187274127026624e-01,-1.753328545440450581e+00,-1.218143435876669622e+00,6.400073904242044032e-01,3.387212955824331351e-01,-6.844447339441935840e-01,2.085542084734872681e-01,-4.669714836401374636e-01
9.147225719580368009e-02,-4.175221447515762435e-02,4.188574836812545277e-01,4.782467467760287971e-01,4.694146662381194490e-01,4.810618053822545703e-01,-5.652516782116315808e-01,-1.843998907888878325e+00,5.295184873514063861e-01,5.014869011667812126e-02,2.178682732315410320e+00,-7.375848536109974596e-01,-2.002667622760937183e-01,-1.529022558219493177e+00,-5.410318821407831269e-01,1.772290875317404646e-01,1.573935672706787914e+00,-5.948496825163349655e-01,2.617999999999999772e-01,2.872555605730048658e-02,-1.045014534653184030e-01,-3.319552772866200818e-02,-1.440432491045771535e+00,4.005523036147976002e-01,-1.650773419269267461e-01,7.025282287179208662e-01,1.265199417971965890e+00,1.507019012848275774e-01,8.341993380557594095e-01,-1.753854663094024158e+00,-1.217830651923571539e+00,6.402191258254134043e-01,3.423223723137301944e-01,-6.841857896650350712e-01,2.059889242751352656e-01,-4.688745651378454227e-01
9.356820255982029044e-02,-4.175221447515762435e-02,4.204622570784519731e-01,4.765318172328152913e-01,4.668442719189040968e-01,4.825401605000364524e-01,-5.675639580222641145e-01,-1.843769267226375463e+00,5.299333781450684677e-01,4.962883862321518236e-02,2.177858037567436789e+00,-7.325906999176291512e-01,-2.011702055389948951e-01,-1.545366424260565585e+00,-5.417286394172253772e-01,1.799022492251364791e-01,1.577210689305952096e+00,-5.925364870757249269e-01,2.617999999999999772e-01,2.872566669250541105e-02,-1.045014041283468809e-01,-3.319525386957904861e-02,-1.442577846314927692e+00,4.003094758867125069e-01,-1.649841226532469396e-01,7.082536313787218818e-01,1.264842705334064066e+00,1.492985560741006412e-01,8.375534071566315131e-01,-1.754423385091178789e+00,-1.217470841380059454e+00,6.404567501807426622e-01,3.461387981593906926e-01,-6.839348166384813243e-01,2.032939227977750007e-01,-4.708838698193990036e-01
9.566414792383701182e-02,-4.175221447515762435e-02,4.220670304756494184e-01,4.748087484870537334e-01,4.642659038612098055e-01,4.840102737922741816e-01,-5.698665437939128831e-01,-1.843558772375620380e+00,5.303582033503781989e-01,4.907671542120437685e-02,2.176966971305482446e+00,-7.275167560779114417e-01,-2.021259535882234948e-01,-1.565081181772222996e+00,-5.427576639863039842e-01,1.801576398963050940e-01,1.576466415909269392e+00,-5.881968812542603953e-01,2.617999999999999772e-01,2.872553542848543459e-02,-1.045012618964426543e-01,-3.319449058656036983e-02,-1.444831841839318676e+00,4.000693528500947060e-01,-1.648787916517004126e-01,7.142738824966630151e-01,1.264468404401503321e+00,1.478078111010329154e-01,8.410791425239210195e-01,-1.755036875081988912e+00,-1.217061702065990181e+00,6.407212706787313028e-01,3.501724814925601392e-01,-6.836938672564569774e-01,2.004695297017436151e-01,-4.729993019408275656e-01
9.776009328785364993e-02,-4.175221447515762435e-02,4.236718038728468638e-01,4.730775699689001024e-01,4.616796061037738430e-01,4.854721201493124583e-01,-5.721593961982239795e-01,-1.843366084631900659e+00,5.307921617162496553e-01,4.849138979689725237e-02,2.176008666572381678e+00,-7.223639189442740971e-01,-2.031353078773296683e-01,-1.580826885365173462e+00,-5.434043174429020739e-01,1.818778916885600561e-01,1.578475371004534722e+00,-5.850850156469189489e-01,2.617999999999999772e-01,2.872568323218285466e-02,-1.045012169610989861e-01,-3.319424066526723005e-02,-1.447203867854656378e+00,3.998303060858391378e-01,-1.647613528490192436e-01,7.206112749252244765e-01,1.264076587883539604e+00,1.462243248475418311e-01,8.447878592818254262e-01,-1.755696760975334669e+00,-1.216599963500585746e+00,6.410146090182516909e-01,3.544293680961348447e-01,-6.834651398764497454e-01,1.975142413898253180e-01,-4.752227405152789075e-01
9.985603865187034356e-02,-4.175221447515762435e-02,4.252765772700443092e-01,4.713383112470250769e-01,4.590854228207754129e-01,4.869256746026950355e-01,-5.744424760730901802e-01,-1.843191455228538222e+00,5.312346242661584172e-01,4.787172822413975765e-02,2.174984036445705815e+00,-7.171330039555665614e-01,-2.041994135138157362e-01,-1.607089999054086116e+00,-5.445191435536841373e-01,1.819551425088045127e-01,1.578256812407504484e+00,-5.809638010034386957e-01,2.617999999999999772e-01,2.872560841265785897e-02,-1.045010867321911480e-01,-3.319354127548002770e-02,-1.449690078548764749e+00,3.995946520798502322e-01,-1.646303507508119490e-01,7.272555934394379085e-01,1.263669364680675145e+00,1.445487589263090566e-01,8.486735629058462793e-01,-1.756405060360607617e+00,-1.216083051945394011e+00,6.413361299478821387e-01,3.589103674567993840e-01,-6.832517200523559042e-01,1.944284633425536479e-01,-4.775529917137814606e-01
1.019519840158869817e-01,-4.175221447515762435e-02,4.268813506672417546e-01,-4.695910020281106045e-01,-4.564833983210770940e-01,-4.883709123255927098e-01,5.767157444233201868e-01,-1.843034205847908336e+00,5.316848345268985199e-01,4.721676171046343407e-02,2.173893033475836400e+00,-7.118249277357850957e-01,-2.053194884176346158e-01,-1.617894350968007267e+00,-5.451337797727012768e-01,1.811768433536125600e-01,1.575687563616315456e+00,-5.754906895677860401e-01,2.617999999999999772e-01,2.872594092396295665e-02,-1.045010993247893760e-01,-3.319359680000000257e-02,-1.452302196489460240e+00,3.993609916631844503e-01,-1.644878776627920758e-01,7.342341457254183412e-01,1.263244960298236297e+00,1.427757096299605288e-01,8.527503707550555534e-01,-1.757165179938265709e+00,-1.215508950737531624e+00,6.416920119821661883e-01,3.636219257211814604e-01,-6.830530283223064103e-01,1.912117730517821357e-01,-4.799936521941135514e-01
1.019519840158869817e-01,-4.175221447515762435e-02,4.268813506672417546e-01,4.701113639659812438e-01,4.559474833778216496e-01,4.877127895864491469e-01,-5.772724077463600167e-01,-1.840367517197359692e+00,5.315032376287589511e-01,4.740704303103736306e-02,2.174830909822007108e+00,-7.150378953733190768e-01,-2.064746127819719335e-01,-1.635467578448646764e+00,-5.386685130027957236e-01,1.885622507559269190e-01,1.602751296602703324e+00,-5.869304515339867079e-01,2.617999999999999772e-01,2.872596096949868102e-02,-1.045011048904894296e-01,-3.319362517717763805e-02,-1.451740537244885498e+00,3.993805543952068660e-01,-1.644989409185744489e-01,7.333054832350103247e-01,1.263292782361529198e+00,1.429907454796657540e-01,8.524214538564115484e-01,-1.756602360942298269e+00,-1.215818703004432733e+00,6.415208087159490757e-01,3.628210791877083952e-01,-6.829129988206150692e-01,1.916374432481591228e-01,-4.799644983721595426e-01
1.019519840158869817e-01,-4.175221447515762435e-02,4.268813506672417546e-01,4.706311142979150430e-01,4.554109752555678403e-01,4.870540323422487550e-01,-5.778283200489841009e-01,-1.837697077202633977e+00,5.313237324043720289e-01,4.759991359562205232e-02,2.175765744756622322e+00,-7.182512076273952495e-01,-2.076284689568548003e-01,-1.655560601128634346e+00,-5.322425603514960857e-01,1.945918466320311624e-01,1.627442813474046623e+00,-5.969631369077887939e-01,2.617999999999999772e-01,2.872597996645526175e-02,-1.045011101273388143e-01,-3.319365192236680556e-02,-1.451201810071919729e+00,3.993994363593791896e-01,-1.645095385935937404e-01,7.324137513084548745e-01,1.263338869907595807e+00,1.431972063137653683e-01,8.521049908373968806e-01,-1.756062585737918180e+00,-1.216116457125240968e+00,6.413562838540649569e-01,3.620523740201313512e-01,-6.827784144883757289e-01,1.920457364471335193e-01,-4.799360844851091601e-01
1.019519840158869817e-01,-4.175221447515762435e-02,4.268813506672417546e-01,4.711502523477255622e-01,4.548738746523022791e-01,4.863946414500215920e-01,-5.783834806079622970e-01,-1.835022892764299307e+00,5.311463096266784145e-01,4.779536474319554668e-02,2.176697535973290520e+00,-7.214648538832687530e-01,-2.087810717398130012e-01,-1.678983684985252411e+00,-5.263891630628115825e-01,1.979388446812279656e-01,1.647738111080889301e+00,-6.047860100491880830e-01,2.617999999999999772e-01,2.872598328485322094e-02,-1.045011098513593251e-01,-3.319364876408838899e-02,-1.450685787625921375e+00,3.994176984044452983e-01,-1.645196623201006514e-01,7.315584582523776414e-01,1.263383217589402419e+00,1.433951880630439379e-01,8.518007517995465072e-01,-1.755545858476364796e+00,-1.216402198365510223e+00,6.411984376821193710e-01,3.613157402700273857e-01,-6.826492870888570819e-01,1.924366937238349839e-01,-4.799083805451753726e-01
1.019519840158869817e-01,-4.175221447515762435e-02,4.268813506672417546e-01,4.716687774400252220e-01,4.543361822667836281e-01,4.857346177676231669e-01,-5.789378887010392383e-01,-1.832344970687988406e+00,5.309709601499281728e-01,4.799338798160083380e-02,2.177626281286677568e+00,-7.246788238947802219e-01,-2.099324358132667323e-01,-1.701867571375930144e+00,-5.204412040856719601e-01,2.014683864192862162e-01,1.668617887887313911e+00,-6.124746191138628060e-01,2.617999999999999772e-01,2.872598335424497024e-02,-1.045011084018624831e-01,-3.319364008132835719e-02,-1.450192614493941434e+00,3.994352858068081491e-01,-1.645293222674736322e-01,7.307400226000695387e-01,1.263425789804756727e+00,1.435846088602747705e-01,8.515089859938288486e-01,-1.755052164386484037e+00,-1.216675875204141777e+00,6.410473043713186270e-01,3.606112564570569945e-01,-6.825256340777485775e-01,1.928102887121705411e-01,-4.798814290067590638e-01
1.019519840158869817e-01,-4.175221447515762435e-02,4.268813506672417546e-01,4.721866889002224732e-01,4.537978987985388235e-01,4.850739621537318857e-01,-5.794915436069413284e-01,-1.829663318270775108e+00,5.307976748788648669e-01,4.819397452770741996e-02,2.178551978248373100e+00,-7.278931062667312046e-01,-2.110825759117547773e-01,-1.724255211555430822e+00,-5.145833828086650019e-01,2.045670325896375430e-01,1.689013056800779733e+00,-6.195339257026412083e-01,2.617999999999999772e-01,2.872596297243626418e-02,-1.045010993247898201e-01,-3.319359450010008622e-02,-1.449722040508747867e+00,3.994522674465242895e-01,-1.645385078366993492e-01,7.299578994284554589e-01,1.263466584666137926e+00,1.437655745159348297e-01,8.512294358135428229e-01,-1.754581516763470406e+00,-1.216937467728426370e+00,6.409028854562848210e-01,3.599388605243964423e-01,-6.824074699132903765e-01,1.931665592668361520e-01,-4.798552012844312653e-01
1.019519840158869817e-01,-4.175221447515762435e-02,4.268813506672417546e-01,4.727039860545242389e-01,4.532590249478640754e-01,4.844126754678478308e-01,-5.800444446053744096e-01,-1.826977942754931084e+00,5.306264447920726601e-01,4.839711571886278624e-02,2.179474624490560064e+00,-7.311076898130934865e-01,-2.122315066833696806e-01,-1.745121913040705408e+00,-5.084306359326740132e-01,2.078974212939377897e-01,1.709943179876374009e+00,-6.266949337635114858e-01,2.617999999999999772e-01,2.872596688382726693e-02,-1.045010993247898756e-01,-3.319359409209986927e-02,-1.449274624782548093e+00,3.994683925861524654e-01,-1.645470926360812214e-01,7.292135409671084423e-01,1.263505689291073431e+00,1.439377300537211246e-01,8.509628715308845681e-01,-1.754133870680120166e+00,-1.217186909213111345e+00,6.407652702842198122e-01,3.592987615503357435e-01,-6.822947937045416023e-01,1.935054301955438649e-01,-4.798298235549731672e-01
1.019519840158869817e-01,-4.175221447515762435e-02,4.268813506672417546e-01,4.732206682299364697e-01,4.527195614158248116e-01,4.837507585702923718e-01,-5.805965909770246514e-01,-1.824288851456575600e+00,5.304572609358593205e-01,4.860280291297647270e-02,2.180394217648392363e+00,-7.343225632548455728e-01,-2.133792427266494873e-01,-1.765881663094504228e+00,-5.022891978338854813e-01,2.107820461591296546e-01,1.730307161443815023e+00,-6.333056496596061180e-01,2.617999999999999772e-01,2.872597062428743769e-02,-1.045010993247884878e-01,-3.319359370192756509e-02,-1.448850045062059611e+00,3.994838868153929856e-01,-1.645553844054683523e-01,7.285061701663163580e-01,1.263542795086470383e+00,1.441013730193441422e-01,8.507089586105824885e-01,-1.753709224883857498e+00,-1.217424168058063527e+00,6.406344000892818524e-01,3.586908697776045041e-01,-6.821876564423997591e-01,1.938269370061715402e-01,-4.798052346513302369e-01
1.019519840158869817e-01,-4.175221447515762435e-02,4.268813506672417546e-01,4.737367347542659757e-01,4.521795089042522364e-01,4.830882123222067781e-01,-5.811479820035599930e-01,-1.821596051710196562e+00,5.302901144272550438e-01,4.881102753380877485e-02,2.181310755392059431e+00,-7.375377153386666329e-01,-2.145257985721041871e-01,-1.786544612078742711e+00,-4.961705288266545222e-01,2.132214008695894891e-01,1.750107612763959430e+00,-6.393649187051643201e-01,2.617999999999999772e-01,2.872597419175072428e-02,-1.045010993247887932e-01,-3.319359332980265781e-02,-1.448448283793451141e+00,3.994987414545591586e-01,-1.645633715121228025e-01,7.278358097813064642e-01,1.263577896285444480e+00,1.442564929861291645e-01,8.504677361608450337e-01,-1.753307574430465143e+00,-1.217649208091633461e+00,6.405102952473931133e-01,3.581152039780664542e-01,-6.820860728834456932e-01,1.941310834550636633e-01,-4.797814513192277808e-01
1.019519840158869817e-01,-4.175221447515762435e-02,4.268813506672417546e-01,4.742521849561194269e-01,4.516388681157447738e-01,4.824250375855510531e-01,-5.816986169676314766e-01,-1.818899550900144879e+00,5.301249964523299107e-01,4.902178104584321156e-02,2.182224235408553259e+00,-7.407531347668239174e-01,-2.156711886922477728e-01,-1.807119938029127848e+00,-4.900864286210852572e-01,2.152155794218162110e-01,1.769346023344383179e+00,-6.448714260470482795e-01,2.617999999999999772e-01,2.872597758415665337e-02,-1.045010993247903058e-01,-3.319359297593789393e-02,-1.448069320599609133e+00,3.995129163420869101e-01,-1.645709637952305904e-01,7.272024890654652518e-01,1.263611064497210501e+00,1.444030425035740806e-01,8.502392356969373788e-01,-1.752928919985735634e+00,-1.217861997238038896e+00,6.403929893249582506e-01,3.575717842599271945e-01,-6.819900488139004624e-01,1.944178772502149488e-01,-4.797584964738038082e-01
1.019519840158869817e-01,-4.175221447515762435e-02,4.268813506672417546e-01,4.747670181649069066e-01,4.510976397536652360e-01,4.817612352231034900e-01,-5.822484951528729136e-01,-1.816199356460990844e+00,5.299618982660468935e-01,4.923505495370238821e-02,2.183134655401800739e+00,-7.439688101970965972e-01,-2.168154275022599053e-01,-1.827615828483109883e+00,-4.840490720504053157e-01,2.167643278048551059e-01,1.788022849046383644e+00,-6.498237980145856740e-01,2.617999999999999772e-01,2.872598079944582369e-02,-1.045010993247885711e-01,-3.319359264054796976e-02,-1.447713138031913038e+00,3.995263743402039935e-01,-1.645780803085261090e-01,7.266062426847090805e-01,1.263642362946222120e+00,1.445409770791889759e-01,8.500234928304769566e-01,-1.752573261996744680e+00,-1.218062502437820660e+00,6.402825149028105178e-01,3.570606330782088444e-01,-6.818995910465869281e-01,1.946873252519253361e-01,-4.797363943661799857e-01
1.019519840158869817e-01,-4.175221447515762435e-02,4.268813506672417546e-01,4.752812337108391905e-01,4.505558245221419900e-01,4.810968060984575079e-01,-5.827976158439039933e-01,-1.813495475877882068e+00,5.298008111921377328e-01,4.945084080157827189e-02,2.184042013092795553e+00,-7.471847302426887216e-01,-2.179585293606440821e-01,-1.848039453650818675e+00,-4.780710388320038029e-01,2.178670962831130709e-01,1.806137594635510046e+00,-6.542207035246092595e-01,2.617999999999999772e-01,2.872598383556406593e-02,-1.045010993247894870e-01,-3.319359232384704039e-02,-1.447379726428739133e+00,3.995391105058149761e-01,-1.645847231378567699e-01,7.260471097878139490e-01,1.263671774342369547e+00,1.446702889961486993e-01,8.498205571435842876e-01,-1.752240595551762592e+00,-1.218250685170122694e+00,6.401788911065979804e-01,3.565817761257805696e-01,-6.818147162068526335e-01,1.949394292465943257e-01,-4.797151663214572204e-01
1.019519840158869817e-01,-4.175221447515762435e-02,4.268813506672417546e-01,4.757948309249320773e-01,4.500134231260658479e-01,4.804317510760232057e-01,-5.833459783263289511e-01,-1.810787916686885657e+00,5.296417266229573872e-01,4.966913017265760233e-02,2.184946306219725631e+00,-7.504008834721566101e-01,-2.191005085698726484e-01,-1.868396931571110198e+00,-4.721653367566880366e-01,2.185230925688111392e-01,1.823688892141428708e+00,-6.580609560082580911e-01,2.617999999999999772e-01,2.872598669045655501e-02,-1.045010993247903197e-01,-3.319359202605051684e-02,-1.447069078447400736e+00,3.995511193803192862e-01,-1.645908942952089560e-01,7.255251350014352285e-01,1.263699282107530575e+00,1.447909694109137668e-01,8.496304810873307467e-01,-1.751930915941608990e+00,-1.218426506335704484e+00,6.400821371623265366e-01,3.561352413489265456e-01,-6.817354411433027561e-01,1.951741905522302867e-01,-4.796948353756879668e-01
1.019519840158869817e-01,-4.175221447515762435e-02,4.268813506672417546e-01,4.763078091390055002e-01,4.494704362710915113e-01,4.797660710210245316e-01,-5.838935818867379002e-01,-1.808076686475329042e+00,5.294846360193705692e-01,4.988991468857192912e-02,2.185847532538109927e+00,-7.536172584093359106e-01,-2.202413793770378603e-01,-1.888693285917464770e+00,-4.663454175940615620e-01,2.187313360708136867e-01,1.840674576203133794e+00,-6.613436161277982395e-01,2.617999999999999772e-01,2.872598936207357290e-02,-1.045010993247903752e-01,-3.319359174737185336e-02,-1.446781189059971551e+00,3.995623949897762484e-01,-1.645965957196247054e-01,7.250403684198049037e-01,1.263724870376007559e+00,1.449030083538254687e-01,8.494533199747095198e-01,-1.751644218650483920e+00,-1.218589926266189005e+00,6.399922723906590338e-01,3.557210589407758250e-01,-6.816617829164168807e-01,1.953916100233972497e-01,-4.796754262809043157e-01
1.019519840158869817e-01,-4.175221447515762435e-02,4.268813506672417546e-01,4.768201676856844706e-01,4.489268646636333515e-01,4.790997667994983944e-01,-5.844404258127100515e-01,-1.805361792882119953e+00,5.293295309106246238e-01,5.011318600884345775e-02,2.186745689820927652e+00,-7.568338435332812031e-01,-2.213811559744907065e-01,-1.908932397174626150e+00,-4.606251849091786976e-01,2.184907133036425586e-01,1.857091757408667831e+00,-6.640680953540779585e-01,2.617999999999999772e-01,2.872599184836972103e-02,-1.045010993247903752e-01,-3.319359148802419196e-02,-1.446516055551178681e+00,3.995729308447877881e-01,-1.646018292778843595e-01,7.245928655987116107e-01,1.263748523995394724e+00,1.450063947289218225e-01,8.492891319756695756e-01,-1.751380499347308106e+00,-1.218740904732941610e+00,6.399093162013590463e-01,3.553392613358247187e-01,-6.815937587873737158e-01,1.955916880557228843e-01,-4.796569655104789276e-01
1.019519840158869817e-01,-4.175221447515762435e-02,4.268813506672417546e-01,4.773319058984002994e-01,4.483827090108684077e-01,4.784328392782940531e-01,-5.849865093928113824e-01,-1.802643243598076817e+00,5.291764028942330667e-01,5.033893583034205338e-02,2.187640775858756381e+00,-7.600506272782023842e-01,-2.225198525004829786e-01,-1.929116947993859243e+00,-4.550189929097992469e-01,2.178000344338851813e-01,1.872936894487406301e+00,-6.662342602752668874e-01,2.617999999999999772e-01,2.872599414730082901e-02,-1.045010993247887515e-01,-3.319359124821890522e-02,-1.446273677518363332e+00,3.995827199400924234e-01,-1.646065967649673056e-01,7.241826875537221708e-01,1.263770228527878681e+00,1.451011163129658776e-01,8.491379781141679128e-01,-1.751139753877549499e+00,-1.218879400955661607e+00,6.398332880878540019e-01,3.549898832054569353e-01,-6.815313862070929707e-01,1.957744245900265578e-01,-4.796394812647595263e-01
1.019519840158869817e-01,-4.175221447515762435e-02,4.268813506672417546e-01,4.778430231113910964e-01,4.478379700207330005e-01,4.777652893250713406e-01,-5.855318319165975227e-01,-1.799921046366232513e+00,5.290252436358644506e-01,5.056715588675804451e-02,2.188532788459903955e+00,-7.632675980334135968e-01,-2.236574830397971836e-01,-1.949248363649823013e+00,-4.495416353883742722e-01,2.166580908297609520e-01,1.888205866072629968e+00,-6.678425373040892676e-01,2.617999999999999772e-01,2.872599625682534588e-02,-1.045010993247891123e-01,-3.319359102817178581e-02,-1.446054056873504745e+00,3.995917547538590520e-01,-1.646108999042977805e-01,7.238099007626782599e-01,1.263789970251977923e+00,1.451871597537138792e-01,8.489999222672762746e-01,-1.750921978255503886e+00,-1.219005373610628773e+00,6.397642076219236529e-01,3.546729614545036657e-01,-6.814746828054727423e-01,1.959398191160466873e-01,-4.796230034770311290e-01
1.019519840158869817e-01,-4.175221447515762435e-02,4.268813506672417546e-01,4.783535186597033806e-01,4.472926484019214555e-01,4.770971178083003861e-01,-5.860763926746144215e-01,-1.797195208982140135e+00,5.288760448692353400e-01,5.079783794806474323e-02,2.189421725450541256e+00,-7.664847441432783848e-01,-2.247940616243814249e-01,-1.969326748661944793e+00,-4.442083237929692618e-01,2.150637133635971143e-01,1.902894042617844894e+00,-6.688940172437397580e-01,2.617999999999999772e-01,2.872599817490534280e-02,-1.045010993247895564e-01,-3.319359082809555245e-02,-1.445857197847322029e+00,3.996000272467140069e-01,-1.646147403477560833e-01,7.234745771724494512e-01,1.263807736164696438e+00,1.452645105673761872e-01,8.488750311663195713e-01,-1.750727168657121968e+00,-1.219118780838616134e+00,6.397020944485296567e-01,3.543885352188544391e-01,-6.814236663808705963e-01,1.960878706757426815e-01,-4.796075638197423996e-01
1.019519840158869817e-01,-4.175221447515762435e-02,4.268813506672417546e-01,4.788633918791918576e-01,4.467467448638879346e-01,4.764283255972591724e-01,-5.866201909583984575e-01,-1.794465739294166751e+00,5.287287983960058391e-01,5.103097382001627741e-02,2.190307584674849650e+00,-7.697020539071782741e-01,-2.259296022339707111e-01,-1.989350820804019593e+00,-4.390346534615547358e-01,2.130158310971912994e-01,1.916996358919043297e+00,-6.693905589634076003e-01,2.617999999999999772e-01,2.872599989950636035e-02,-1.045010993247896813e-01,-3.319359064820152916e-02,-1.445683106995423017e+00,3.996075288604627462e-01,-1.646181196754814557e-01,7.231767942098976665e-01,1.263823513984120517e+00,1.453331531353343753e-01,8.487633744000290248e-01,-1.750555321413288290e+00,-1.219219580252491220e+00,6.396469682807571777e-01,3.541366458640707315e-01,-6.813783548897849318e-01,1.962185778662084712e-01,-4.795931957110232124e-01
1.019519840158869817e-01,-4.175221447515762435e-02,4.268813506672417546e-01,4.793726421065212517e-01,4.462002601168421068e-01,4.757589135620338139e-01,-5.871632260604787712e-01,-1.791732645203776508e+00,5.285834960856832243e-01,5.126655534362137973e-02,2.191190363995145329e+00,-7.729195155794627015e-01,-2.270641187967186170e-01,-2.009317843902247880e+00,-4.340365570898601089e-01,2.105135298584678294e-01,1.930507387564123656e+00,-6.693348912256417149e-01,2.617999999999999772e-01,2.872600142859779021e-02,-1.045010993247891262e-01,-3.319359048869992973e-02,-1.445531793206578763e+00,3.996142505165255487e-01,-1.646210393954520013e-01,7.229166347972442175e-01,1.263837292152436342e+00,1.453930707000390121e-01,8.486650244198024051e-01,-1.750406433003611761e+00,-1.219307728944444502e+00,6.395988488948993744e-01,3.539173369850939221e-01,-6.813387664367681618e-01,1.963319388421474188e-01,-4.795799343215067512e-01
1.019519840158869817e-01,-4.175221447515762435e-02,4.268813506672417546e-01,4.798812686791670834e-01,4.456531948717495362e-01,4.750888825735168353e-01,-5.877054972743769312e-01,-1.788995934665814413e+00,5.284401298755316834e-01,5.150457439465166293e-02,2.192070061292027194e+00,-7.761371173694260328e-01,-2.281976251898085450e-01,-2.029223561008293597e+00,-4.292302445795138088e-01,2.075561100975713558e-01,1.943421413498688466e+00,-6.687307115038465533e-01,2.617999999999999772e-01,2.872600276015005796e-02,-1.045010993247885989e-01,-3.319359034980428474e-02,-1.445403267713044615e+00,3.996201826140857727e-01,-1.646235009428419216e-01,7.226941873716379305e-01,1.263849059839378119e+00,1.454442453601474394e-01,8.485800565469746592e-01,-1.750280500050715560e+00,-1.219383183492896316e+00,6.395577561256678978e-01,3.537306544069572234e-01,-6.813049192645775909e-01,1.964279513179527370e-01,-4.795678165814055705e-01
1.019519840158869817e-01,-4.175221447515762435e-02,4.268813506672417546e-01,4.803892709354152246e-01,4.451055498403322375e-01,4.744182335034053954e-01,-5.882470038946089330e-01,-1.786255615688766119e+00,5.282986917704776131e-01,5.174502288314723059e-02,2.192946674464510526e+00,-7.793548474412755889e-01,-2.293301352400732851e-01,-2.049062129722090120e+00,-4.246321285354122121e-01,2.041431432954717851e-01,1.955732509763292937e+00,-6.675827804344086625e-01,2.617999999999999772e-01,2.872600389213899805e-02,-1.045010993247893066e-01,-3.319359023172549494e-02,-1.445297544103016696e+00,3.996253150279476807e-01,-1.646255056791542104e-01,7.225095459091105399e-01,1.263858806946100310e+00,1.454866580648491725e-01,8.485085489821868610e-01,-1.750177519315053054e+00,-1.219445899969044067e+00,6.395237098615378368e-01,3.535766461865533228e-01,-6.812768317445655475e-01,1.965066125693567811e-01,-4.795568811878524462e-01
1.019519840158869817e-01,-4.175221447515762435e-02,4.268813506672417546e-01,4.808966482143648968e-01,4.445573257350661778e-01,4.737469672242015095e-01,-5.887877452166843106e-01,-1.783511696335029706e+00,5.281591738430271299e-01,5.198789275292538259e-02,2.193820201430167760e+00,-7.825726939141103289e-01,-2.304616627246048599e-01,-2.068826061620574919e+00,-4.202587348532951794e-01,2.002745260934609972e-01,1.967434614321468933e+00,-6.658970103713910405e-01,2.617999999999999772e-01,2.872600482254158982e-02,-1.045010993247895842e-01,-3.319359013467410024e-02,-1.445214638335208468e+00,3.996296371060978347e-01,-1.646270548911325238e-01,7.223628099529161295e-01,1.263866524109486855e+00,1.455202886074047630e-01,8.484505828168547037e-01,-1.750097487690221554e+00,-1.219495833943050167e+00,6.394967300402248922e-01,3.534553626154768868e-01,-6.812545223673084349e-01,1.965679194346512670e-01,-4.795471686125276078e-01
1.019519840158869817e-01,-4.175221447515762435e-02,4.268813506672417546e-01,4.814033998559280048e-01,4.440085232691799999e-01,4.730750846092099393e-01,-5.893277205371088012e-01,-1.780764184721155940e+00,5.280215682331884652e-01,5.223317598110440579e-02,2.194690640125270154e+00,-7.857906448619088602e-01,-2.315922213713660083e-01,-2.088506167912704825e+00,-4.161265980631257966e-01,1.959505312236210217e-01,1.978521607761046353e+00,-6.636805463600260468e-01,2.617999999999999772e-01,2.872600554933898639e-02,-1.045010993247893899e-01,-3.319359005886191732e-02,-1.445154568755576241e+00,3.996331376669630675e-01,-1.646281497894505341e-01,7.222540846463055830e-01,1.263872202706894932e+00,1.455451156178668992e-01,8.484062420467621823e-01,-1.750040402198778322e+00,-1.219532940489877371e+00,6.394768366442947771e-01,3.533668562238957422e-01,-6.812380097334845841e-01,1.966118683154935987e-01,-4.795387211095448743e-01
1.019519840158869817e-01,-4.175221447515762435e-02,4.268813506672417546e-01,4.819095252008296359e-01,4.434591431566558550e-01,4.724025865325365281e-01,-5.898669291533854553e-01,-1.778013089018097403e+00,5.278858671483959153e-01,5.248086457763791873e-02,2.195557988504929003e+00,-7.890086883135163376e-01,-2.327218248597907879e-01,-2.108091513576812570e+00,-4.122521413722651795e-01,1.911718542549241950e-01,1.988987391515528058e+00,-6.609418377273595935e-01,2.617999999999999772e-01,2.872600607051621277e-02,-1.045010993247903891e-01,-3.319359000449709912e-02,-1.445117356116238261e+00,3.996358049963801840e-01,-1.646287915071704688e-01,7.221834807697837810e-01,1.263875834861333480e+00,1.455611165549796637e-01,8.483756135877958959e-01,-1.750006259988628354e+00,-1.219557174194743299e+00,6.394640496969118404e-01,3.533111817855400516e-01,-6.812273125450155620e-01,1.966384551772526190e-01,-4.795315827235884787e-01
1.019519840158869817e-01,-4.175221447515762435e-02,4.268813506672417546e-01,4.824150235906110029e-01,4.429091861122262941e-01,4.717294738690891998e-01,-5.904053703640134154e-01,-1.775258417451445858e+00,5.277520628634364552e-01,5.273095058483875247e-02,2.196422244543233759e+00,-7.922268122526378020e-01,-2.338504868213915899e-01,-2.127569382331399694e+00,-4.086515416831831837e-01,1.859396551344283943e-01,1.998825966120005626e+00,-6.576906984133813472e-01,2.617999999999999772e-01,2.872600638405987256e-02,-1.045010993247895842e-01,-3.319358997179121945e-02,-1.445103023596581826e+00,3.996376268442474178e-01,-1.646289810979713886e-01,7.221511147829362542e-01,1.263877413447084264e+00,1.455682676972551715e-01,8.483587872938778141e-01,-1.749995058329893993e+00,-1.219568489158198155e+00,6.394583892577261341e-01,3.532883963237405389e-01,-6.812224495964628312e-01,1.966476755489312833e-01,-4.795257992983277817e-01
1.019519840158869817e-01,-4.175221447515762435e-02,4.268813506672417546e-01,4.829198943676279998e-01,4.423586528513749894e-01,4.710557474945741285e-01,-5.909430434684918021e-01,-1.772500178301650964e+00,5.276201477203853463e-01,5.298342607693862227e-02,2.197283406233401237e+00,-7.954450046178431766e-01,-2.349782208403486949e-01,-2.146925254832781516e+00,-4.053405802397301305e-01,1.802555935048199831e-01,2.008031508890638861e+00,-6.539383541429005797e-01,2.617999999999999772e-01,2.872600648796197129e-02,-1.045010993247900144e-01,-3.319358996095263248e-02,-1.445111596826628597e+00,3.996385904208750728e-01,-1.646287195341493981e-01,7.221571088708599317e-01,1.263876932095777894e+00,1.455665441332023580e-01,8.483558559770975060e-01,-1.750006794612342764e+00,-1.219566839000837399e+00,6.394598754188889345e-01,3.532985591185440200e-01,-6.812234397666954155e-01,1.966395245226476018e-01,-4.795214184850665196e-01
1.019519840158869817e-01,-4.175221447515762435e-02,4.268813506672417546e-01,4.834241368750536449e-01,4.418075440903351803e-01,4.703814082854969048e-01,-5.914799477673176042e-01,-1.769738379904246983e+00,5.274901141285450734e-01,5.323828315963013286e-02,2.198141471587911067e+00,-7.986632533025700420e-01,-2.361050404541156222e-01,-2.166142802470539586e+00,-4.023344799766983004e-01,1.741218568249416065e-01,2.016598450301902101e+00,-6.496974745757725378e-01,2.617999999999999772e-01,2.872600638021535063e-02,-1.045010993247905279e-01,-3.319358997219130913e-02,-1.445143103912693627e+00,3.996386823930163645e-01,-1.646280077043760781e-01,7.222015909953588553e-01,1.263874385202912398e+00,1.455559197506860469e-01,8.483669154301309856e-01,-1.750041466343366992e+00,-1.219552176867596760e+00,6.394685283012225829e-01,3.533417317149731840e-01,-6.812303020108370077e-01,1.966139967526439880e-01,-4.795184897516611700e-01
1.019519840158869817e-01,-4.175221447515762435e-02,4.268813506672417546e-01,4.839277504568776367e-01,4.412558605460900063e-01,4.697064571191601479e-01,-5.920160825619876777e-01,-1.766973030650059284e+00,5.273619545643836171e-01,5.349551396963091870e-02,2.198996438638655349e+00,-8.018815461551354051e-01,-2.372309591540003038e-01,-2.185203899034477093e+00,-3.996477310990591558e-01,1.675411804141913596e-01,2.024521548236001944e+00,-6.449821886778064339e-01,2.617999999999999772e-01,2.872600605881688376e-02,-1.045010993247901809e-01,-3.319359000571718565e-02,-1.445197575465339668e+00,3.996378888795875106e-01,-1.646268464112176921e-01,7.222846949508620051e-01,1.263869767934844068e+00,1.455363672254295360e-01,8.483920644509304054e-01,-1.750099071146506757e+00,-1.219524455431665100e+00,6.394843680505225558e-01,3.534179779323603499e-01,-6.812430553524956300e-01,1.965710864538496305e-01,-4.795170643916816244e-01
1.019519840158869817e-01,-4.175221447515762435e-02,4.268813506672417546e-01,4.844307344579088515e-01,4.407036029363673446e-01,4.690308948736622296e-01,-5.925514471550021867e-01,-1.764204138985395964e+00,5.272356615714858252e-01,5.375511067424765255e-02,2.199848305437081653e+00,-8.050998709787567931e-01,-2.383559903857585260e-01,-2.204088652346221977e+00,-3.972939068862517131e-01,1.605168586881560444e-01,2.031795959198295698e+00,-6.398080817318045899e-01,2.617999999999999772e-01,2.872600552176869312e-02,-1.045010993247902642e-01,-3.319359006173747129e-02,-1.445275044629752426e+00,3.996361954470428191e-01,-1.646252363684154729e-01,7.224065604253575579e-01,1.263863076236244831e+00,1.455078580086053286e-01,8.484314048698112787e-01,-1.750179606760514650e+00,-1.219483626897983841e+00,6.395074148340018638e-01,3.535273638748350211e-01,-6.812617188762698506e-01,1.965107873999722143e-01,-4.795171955338459191e-01
1.019519840158869817e-01,-4.175221447515762435e-02,4.268813506672417546e-01,4.849330882237740670e-01,4.401507719796455276e-01,4.683547224278966636e-01,-5.930860408498613845e-01,-1.761431713412254796e+00,5.271112277605005669e-01,5.401706547096072480e-02,2.200697070054334237e+00,-8.083182155315673523e-01,-2.394801475501772692e-01,-2.222775457680021827e+00,-3.952854721863769405e-01,1.530527470526654998e-01,2.038417305535596302e+00,-6.341921726598936937e-01,2.617999999999999772e-01,2.872600476707403566e-02,-1.045010993247895287e-01,-3.319359014046082551e-02,-1.445375547118508797e+00,3.996335871044418564e-01,-1.646231781979023978e-01,7.225673330662429894e-01,1.263854306838030350e+00,1.454703623135162049e-01,8.484850415789125799e-01,-1.750283071039033134e+00,-1.219429643006327169e+00,6.395376888368904389e-01,3.536699579429350981e-01,-6.812863117205829599e-01,1.964330929211180188e-01,-4.795189381516699045e-01
1.019519840158869817e-01,-4.175221447515762435e-02,4.268813506672417546e-01,4.854348111009210154e-01,4.395973683951460154e-01,4.676779406615509949e-01,-5.936198629510691660e-01,-1.758655762488498864e+00,5.269886458090952130e-01,5.428137058698881412e-02,2.201542730581405927e+00,-8.115365675266522638e-01,-2.406034440036557698e-01,-2.241241074439470626e+00,-3.936335875156266040e-01,1.451532541743486282e-01,2.044381737664752841e+00,-6.281528706534825757e-01,2.617999999999999772e-01,2.872600379274016513e-02,-1.045010993247895981e-01,-3.319359024209462411e-02,-1.445499121246857088e+00,3.996300482981429147e-01,-1.646206724265872889e-01,7.227671645513957799e-01,1.263843457265793946e+00,1.454238491013476187e-01,8.485530825641512953e-01,-1.750409461950792167e+00,-1.219362455033966786e+00,6.395752102591657495e-01,3.538458308463949820e-01,-6.813168530707829351e-01,1.963379959009207976e-01,-4.795223490734125682e-01
1.019519840158869817e-01,-4.175221447515762435e-02,4.268813506672417546e-01,4.859359024366173840e-01,4.390433929028366156e-01,4.670005504551054121e-01,-5.941529127641337338e-01,-1.755876294828032202e+00,5.268679084619202202e-01,5.454801827889749904e-02,2.202385285129280224e+00,-8.147549146320763880e-01,-2.417258930587822818e-01,-2.259460727113881351e+00,-3.923479120887638505e-01,1.368233246424278848e-01,2.049685990319805473e+00,-6.217099105007197757e-01,2.617999999999999772e-01,2.872600259677861659e-02,-1.045010993247900838e-01,-3.319359036684642328e-02,-1.445645807970518559e+00,3.996255629061828962e-01,-1.646177194828496726e-01,7.230062126654438481e-01,1.263830525848722353e+00,1.453682860659515630e-01,8.486356389396936262e-01,-1.750558777580446534e+00,-1.219282013797877484e+00,6.396199993124520589e-01,3.540550556180934727e-01,-6.813533621525958983e-01,1.962254887731897102e-01,-4.795274869922384609e-01
1.019519840158869817e-01,-4.175221447515762435e-02,4.268813506672417546e-01,4.864363615789534800e-01,4.384888462234287632e-01,4.663225526898318596e-01,-5.946851895955665990e-01,-1.753093319100970104e+00,5.267490085305638337e-01,5.481700083218341707e-02,2.203224731829077854e+00,-8.179732444709256756e-01,-2.428475079849134466e-01,-2.277408231018382523e+00,-3.914364094548158923e-01,1.280684123693578147e-01,2.054327431859480857e+00,-6.148842664542354397e-01,2.617999999999999772e-01,2.872600117720297205e-02,-1.045010993247889597e-01,-3.319359051492228041e-02,-1.445815650926129070e+00,3.996201142322666211e-01,-1.646143196927929708e-01,7.232846413814959519e-01,1.263815511729037500e+00,1.453036396176534684e-01,8.487328249850399908e-01,-1.750731016129959405e+00,-1.219188269656533263e+00,6.396720762170499119e-01,3.542977076291837224e-01,-6.813958582258693442e-01,1.960955635180585965e-01,-4.795344124766523497e-01
1.019519840158869817e-01,-4.175221447515762435e-02,4.268813506672417546e-01,4.869361878768406759e-01,4.379337290783782977e-01,4.656439482477924274e-01,-5.952166927528856899e-01,-1.750306844033796994e+00,5.266319388935258861e-01,5.508831056088877437e-02,2.204061068832205539e+00,-8.211915446213504666e-01,-2.439683020087375642e-01,-2.295056142739874794e+00,-3.909051596771037640e-01,1.188944454343797974e-01,2.058304105743360424e+00,-6.076980449810367446e-01,2.617999999999999772e-01,2.872599953202959605e-02,-1.045010993247899034e-01,-3.319359068653369299e-02,-1.446008696474376798e+00,3.996136849994037510e-01,-1.646104732762049272e-01,7.236026209484708316e-01,1.263798414871953879e+00,1.452298748660289518e-01,8.488447581848085344e-01,-1.750926175920625161e+00,-1.219081172511204958e+00,6.397314611991360422e-01,3.545738646054895638e-01,-6.814443605786588698e-01,1.959482116576025945e-01,-4.795431879811993259e-01
1.019519840158869817e-01,-4.175221447515762435e-02,4.268813506672417546e-01,4.874353806800150180e-01,4.373780421898808557e-01,4.649647380118384077e-01,-5.957474215446159072e-01,-1.747516878409508978e+00,5.265166924961899308e-01,5.536193980720524599e-02,2.204894294310501657e+00,-8.244098026166185589e-01,-2.450882883148544078e-01,-2.312375934585645165e+00,-3.907581821587918225e-01,1.093077834378198415e-01,2.061614763384052473e+00,-6.001743572648283731e-01,2.617999999999999772e-01,2.872599765928091076e-02,-1.045010993247900838e-01,-3.319359088188122281e-02,-1.446224993745863552e+00,3.996062573431706788e-01,-1.646061803422423642e-01,7.239603279840348682e-01,1.263779236076185697e+00,1.451469556016655449e-01,8.489715592712233638e-01,-1.751144255395690186e+00,-1.218960671806834206e+00,6.397981744881060528e-01,3.548836066450435367e-01,-6.814988885216556325e-01,1.957834242509785827e-01,-4.795538778573880667e-01
1.019519840158869817e-01,-4.175221447515762435e-02,4.268813506672417546e-01,4.879339393390361712e-01,4.368217862808747576e-01,4.642849228656097393e-01,-5.962773752802889016e-01,-1.744723431067765285e+00,5.264032623507921560e-01,5.563788094109638899e-02,2.205724406456388564e+00,-8.276280059451679438e-01,-2.462074800463342483e-01,-2.329338191685696113e+00,-3.909972732580346277e-01,9.931516878656879155e-02,2.064258887711569734e+00,-5.923371728688301419e-01,2.617999999999999772e-01,2.872599555698058735e-02,-1.045010993247906250e-01,-3.319359110117585387e-02,-1.446464594689877758e+00,3.995978128045632460e-01,-1.646014408848268662e-01,7.243579455736215422e-01,1.263757976984999587e+00,1.450548442768190005e-01,8.491133522695335500e-01,-1.751385253123602936e+00,-1.218826716532387611e+00,6.398722363140855185e-01,3.552270162369847162e-01,-6.815594613829532022e-01,1.956011918889896950e-01,-4.795665483649257932e-01
1.019519840158869817e-01,-4.175221447515762435e-02,4.268813506672417546e-01,4.884318632052886411e-01,4.362649620750381207e-01,4.636045036935325103e-01,-5.968065532704456277e-01,-1.741926510905012826e+00,5.262916415364113920e-01,5.591612635993126884e-02,2.206551403483017815e+00,-8.308461420506711992e-01,-2.473258903052792945e-01,-2.345912829759727813e+00,-3.916218627490888338e-01,8.892367365246324484e-02,2.066236706941124268e+00,-5.842111564924683531e-01,2.617999999999999772e-01,2.872599322315751505e-02,-1.045010993247905834e-01,-3.319359134461790511e-02,-1.446727554126062243e+00,3.995883323224675987e-01,-1.645962547777313212e-01,7.247956633753940281e-01,1.263734640097847528e+00,1.449535019849849116e-01,8.492702645462910649e-01,-1.751649167801915263e+00,-1.218679255220753044e+00,6.399536669055937432e-01,3.556041782816493080e-01,-6.816260985031766806e-01,1.954015046881413808e-01,-4.795812676831691101e-01
1.019519840158869817e-01,-4.175221447515762435e-02,4.268813506672417546e-01,4.889291516309832719e-01,4.357075702967886932e-01,4.629234813808197346e-01,-5.973349548266347897e-01,-1.739126126874620981e+00,5.261818231989408012e-01,5.619666848810501991e-02,2.207375283624420259e+00,-8.340641983320967734e-01,-2.484435321533878804e-01,-2.362069330952357049e+00,-3.926288929615250889e-01,7.814064461522175764e-02,2.067549198211099171e+00,-5.758214902451738171e-01,2.617999999999999772e-01,2.872599065584220679e-02,-1.045010993247888625e-01,-3.319359161241661887e-02,-1.447013929799145338e+00,3.995777962256992222e-01,-1.645906217693688944e-01,7.252736777316298733e-01,1.263709228782591731e+00,1.448428884393052063e-01,8.494424268607412287e-01,-1.751935998261787475e+00,-1.218518235948122808e+00,6.400424864873696107e-01,3.560151801120055026e-01,-6.816988192309633154e-01,1.951843522841380241e-01,-4.795981059228883736e-01
1.019519840158869817e-01,-4.175221447515762435e-02,4.268813506672417546e-01,4.894258039691568585e-01,4.351496116712835760e-01,4.622418568134680217e-01,-5.978625792614160606e-01,-1.736322287986983959e+00,5.260738005510839921e-01,5.647949977669548122e-02,2.208196045135652597e+00,-8.372821621437871453e-01,-2.495604186125100210e-01,-2.377776994592586401e+00,-3.940127240694334954e-01,6.697364720124465709e-02,2.068198080947857065e+00,-5.671936842927298716e-01,2.617999999999999772e-01,2.872598785306870392e-02,-1.045010993247897368e-01,-3.319359190477815663e-02,-1.447323782436814366e+00,3.995661842246135409e-01,-1.645845414772516280e-01,7.257921917865718386e-01,1.263681747288335711e+00,1.447229619498027753e-01,8.496299734193233366e-01,-1.752245743473210604e+00,-1.218343606332858320e+00,6.401387152783705181e-01,3.564601115164160450e-01,-6.817776429188359133e-01,1.949497238248079078e-01,-4.796171351382794712e-01
1.019519840158869817e-01,-4.175221447515762435e-02,4.268813506672417546e-01,4.899218195736742554e-01,4.345910869244151709e-01,4.615596308782581314e-01,-5.983894258883606376e-01,-1.733515003309636038e+00,5.259675668723450270e-01,5.676461270310122903e-02,2.209013686292955025e+00,-8.405000207955342084e-01,-2.506765626651993872e-01,-2.393005199269880201e+00,-3.957650685137698576e-01,5.543041264290070325e-02,2.068185800010812869e+00,-5.583533790857939660e-01,2.617999999999999772e-01,2.872598481287728239e-02,-1.045010993247901115e-01,-3.319359222190391978e-02,-1.447657175810838526e+00,3.995534754022864732e-01,-1.645780133821146130e-01,7.263514156110568720e-01,1.263652200758891064e+00,1.445936793993773672e-01,8.498330419334551022e-01,-1.752578402550871939e+00,-1.218155313533835660e+00,6.402423734899328478e-01,3.569390647627365132e-01,-6.818625889194473988e-01,1.946976079624683775e-01,-4.796384293392531029e-01
1.019519840158869817e-01,-4.175221447515762435e-02,4.268813506672417546e-01,4.904171977992288767e-01,4.340319967828135672e-01,4.608768044627529203e-01,-5.989154940220507983e-01,-1.730704281967347269e+00,5.258631155090215392e-01,5.705199977070157108e-02,2.209828205393893352e+00,-8.437177615526618712e-01,-2.517919772552689728e-01,-2.407723672260394299e+00,-3.978749569374341877e-01,4.351878919806505958e-02,2.067515498867366297e+00,-5.493261426392316293e-01,2.617999999999999772e-01,2.872598153330890858e-02,-1.045010993247889874e-01,-3.319359256399819630e-02,-1.448014176801565966e+00,3.995396482052109843e-01,-1.645710368217058739e-01,7.269515663341601375e-01,1.263620595246898626e+00,1.444549962185279757e-01,8.500517736807038371e-01,-1.752933974760712221e+00,-1.217953304248236446e+00,6.403534813241105184e-01,3.574521346238360153e-01,-6.819536765822236113e-01,1.944279928456820461e-01,-4.796620645040393649e-01
1.019519840158869817e-01,-4.175221447515762435e-02,4.268813506672417546e-01,4.909119380013428624e-01,4.334723419738448769e-01,4.601933784552963980e-01,-5.994407829780822317e-01,-1.727890133142218509e+00,5.257604398742048435e-01,5.734165350851996856e-02,2.210639600757515311e+00,-8.469353716361166518e-01,-2.529066752883329938e-01,-2.421902762097339679e+00,-4.003287373144381323e-01,3.124670027984996143e-02,2.066190983235479450e+00,-5.401372664823208547e-01,2.617999999999999772e-01,2.872597801241002016e-02,-1.045010993247896258e-01,-3.319359293126560029e-02,-1.448394855465926057e+00,3.995246804335226276e-01,-1.645636109842121553e-01,7.275928682821115601e-01,1.263586937728636173e+00,1.443068663587651346e-01,8.502863135694802565e-01,-1.753312459527171407e+00,-1.217737524708812247e+00,6.404720589721748514e-01,3.579994184044911210e-01,-6.820509252503985653e-01,1.941408661104324918e-01,-4.796881185920632285e-01
1.019519840158869817e-01,-4.175221447515762435e-02,4.268813506672417546e-01,4.914060395363681888e-01,4.329121232256099572e-01,4.595093537450132271e-01,-5.999652920730631500e-01,-1.725072566073757363e+00,5.256595334477837111e-01,5.763356647089620810e-02,2.211447870724498443e+00,-8.501528382225592706e-01,-2.540206696323593083e-01,-2.435513709968030405e+00,-4.031101081864130742e-01,1.862211145097031340e-02,2.064216675804804169e+00,-5.308115639361791205e-01,2.617999999999999772e-01,2.872597424822884160e-02,-1.045010993247906944e-01,-3.319359332391209894e-02,-1.448799285109061419e+00,3.995085492307364206e-01,-1.645557349013096471e-01,7.282755531247820935e-01,1.263551236119522914e+00,1.441492422646289961e-01,8.505368102073941339e-01,-1.753713856441171837e+00,-1.217507920680547029e+00,6.405981266133078389e-01,3.585810159697532251e-01,-6.821543542584783681e-01,1.938362148706754551e-01,-4.797166715571216100e-01
1.019519840158869817e-01,-4.175221447515762435e-02,4.268813506672417546e-01,4.918995017614891663e-01,4.323513412669411915e-01,4.588247312218063367e-01,-6.004890206246180639e-01,-1.722251590058951454e+00,5.255603897764511423e-01,5.792773123715488220e-02,2.212253013657304646e+00,-8.533701484444679020e-01,-2.551339731182093451e-01,-2.448528915637916636e+00,-4.062001861101304789e-01,5.653008041533206726e-03,2.061597562799598826e+00,-5.213731742946120518e-01,2.617999999999999772e-01,2.872597023881790640e-02,-1.045010993247899450e-01,-3.319359374213835118e-02,-1.449227542359744714e+00,3.994912310729540339e-01,-1.645474074408319887e-01,7.289998600300410247e-01,1.263513499290368935e+00,1.439820748442954268e-01,8.508034159734264579e-01,-1.754138165268820160e+00,-1.217264437456753168e+00,6.407317044134702710e-01,3.591970297748078300e-01,-6.822639829301222480e-01,1.935140257082521575e-01,-4.797478053608892901e-01
1.019519840158869817e-01,-4.175221447515762435e-02,4.268813506672417546e-01,4.923923240347202190e-01,4.317899968274061528e-01,4.581395117763564784e-01,-6.010119679513857838e-01,-1.719392145521067006e+00,5.254786398018437277e-01,5.824869644767547566e-02,2.213025343824455149e+00,-8.565886624866774213e-01,-2.562374570249130179e-01,-2.457585260922928505e+00,-4.125635907422571247e-01,-1.124567899805761079e-02,2.052242558419322016e+00,-5.087989544995045188e-01,2.617999999999999772e-01,2.874406685673846704e-02,-1.044873387047833418e-01,-3.328591983852246389e-02,-1.450360082296510145e+00,3.993410554637861765e-01,-1.645348124065011963e-01,7.313695274820311010e-01,1.263391401507392153e+00,1.434624475913441610e-01,8.518856572373665337e-01,-1.755064166931764147e+00,-1.216593270370013080e+00,6.411171605169239118e-01,3.608627541479563772e-01,-6.825432714644275034e-01,1.926612415774512921e-01,-4.799867270268651787e-01
1.019519840158869817e-01,-4.175221447515762435e-02,4.268813506672417546e-01,4.928845057149088826e-01,4.312280906373031630e-01,4.574536963001212264e-01,-6.015341333730217510e-01,-1.716512212212741195e+00,5.254095016783307814e-01,5.858235029694913026e-02,2.213777961431707908e+00,-8.598052347637968884e-01,-2.573371937780856711e-01,-2.463709238919791211e+00,-4.208044252492297854e-01,-3.058619007267250611e-02,2.038877347435302578e+00,-4.949998877272736575e-01,2.617999999999999772e-01,2.873983042283168726e-02,-1.044854891518541967e-01,-3.327184171800147416e-02,-1.451109269748730446e+00,3.993296163883118255e-01,-1.645151988360648021e-01,7.325796096515948541e-01,1.263326540909817997e+00,1.431771423339045779e-01,8.523048048600598836e-01,-1.755871652173454756e+00,-1.216141410397892697e+00,6.413620881629636949e-01,3.619937107625569306e-01,-6.827510216671057730e-01,1.920701640753293138e-01,-4.800289778656167128e-01
1.019519840158869817e-01,-4.175221447515762435e-02,4.268813506672417546e-01,4.933760461617360815e-01,4.306656234276620143e-01,4.567672856853335350e-01,-6.020555162101984825e-01,-1.713701209339318909e+00,5.253058553190013136e-01,5.886945765824552063e-02,2.214591191463685771e+00,-8.630216910970103239e-01,-2.584535111614599256e-01,-2.476601147529861269e+00,-4.228012446483001563e-01,-4.243067206564793414e-02,2.037921315654055210e+00,-4.871866751661679817e-01,2.617999999999999772e-01,2.873665001917977482e-02,-1.044890879207671791e-01,-3.325390641563811395e-02,-1.451391190472852033e+00,3.993366595182425982e-01,-1.645087728442506669e-01,7.329718440372174904e-01,1.263307130123450639e+00,1.430820847919034577e-01,8.524109042739638209e-01,-1.756176881146481294e+00,-1.215992227056660546e+00,6.414401095726470770e-01,3.623784982767492835e-01,-6.828221795925050186e-01,1.918669163572452319e-01,-4.800206631532252799e-01
1.019519840158869817e-01,-4.175221447515762435e-02,4.268813506672417546e-01,4.938669447357176834e-01,4.301025959302408053e-01,4.560802808250003504e-01,-6.025761157846073468e-01,-1.710887947669712972e+00,5.252034241163697770e-01,5.915803746070567859e-02,2.215402294300301111e+00,-8.662379765008593191e-01,-2.595694126009779890e-01,-2.489081694302196723e+00,-4.249843274914357205e-01,-5.444817297534716022e-02,2.036563523149977240e+00,-4.793381167012094601e-01,2.617999999999999772e-01,2.873327556682115508e-02,-1.044928893787727964e-01,-3.323488985765336162e-02,-1.451683985948331035e+00,3.993442391285453863e-01,-1.645020775335036822e-01,7.333783199724868140e-01,1.263287063004816524e+00,1.429834986270893116e-01,8.525205051257995770e-01,-1.756494217695807825e+00,-1.215837104842684147e+00,6.415210985722041848e-01,3.627781150100375940e-01,-6.828962268133794700e-01,1.916560975647599863e-01,-4.800119840720062370e-01
1.019519840158869817e-01,-4.175221447515762435e-02,4.268813506672417546e-01,4.943572007982034444e-01,4.295390088775278836e-01,4.553926826129020000e-01,-6.030959314189582310e-01,-1.708024706788295655e+00,5.251280955405472906e-01,5.947939123704977515e-02,2.216167939397533981e+00,-8.694525646509206895e-01,-2.606744237755262983e-01,-2.495480156705600638e+00,-4.314510728507883752e-01,-7.199024750397237105e-02,2.025947901178168475e+00,-4.677840756390121424e-01,2.617999999999999772e-01,2.872594171605314176e-02,-1.045010993247893621e-01,-3.319359671737625445e-02,-1.452210436663364801e+00,3.993642714201219301e-01,-1.644896751353951969e-01,7.340818043934157489e-01,1.263252887345550857e+00,1.428109663765359527e-01,8.526960223123362104e-01,-1.757073332188080039e+00,-1.215559909245962578e+00,6.416638758694335198e-01,3.634908132987263452e-01,-6.830300055737621445e-01,1.912812804423364432e-01,-4.799885997923305503e-01
1.019519840158869817e-01,-4.175221447515762435e-02,4.268813506672417546e-01,-4.948468137113800069e-01,-4.289748630027392373e-01,-4.547044919435908605e-01,6.036149624369802069e-01,-1.705254673985322489e+00,5.250021926408714457e-01,5.973959522981175246e-02,2.217018114617179680e+00,-8.726699999999999458e-01,-2.617999999999999772e-01,-2.512771267550157894e+00,-4.298725495343038716e-01,-7.894662917162005578e-02,2.032675713090709824e+00,-4.635991770276426394e-01,2.617999999999999772e-01,2.872594092396295665e-02,-1.045010993247893760e-01,-3.319359680000000257e-02,-1.452302196489460240e+00,3.993609916631844503e-01,-1.644878776627920758e-01,7.342341457254183412e-01,1.263244960298236297e+00,1.427757096299605288e-01,8.527503707550555534e-01,-1.757165179938265709e+00,-1.215508950737531624e+00,6.416920119821661883e-01,3.636219257211814604e-01,-6.830530283223064103e-01,1.912117730517821357e-01,-4.799936521941135514e-01
1.019519840158869817e-01,-4.175221447515762435e-02,4.297346470094238202e-01,4.967495133828010445e-01,4.267701056569855877e-01,4.520158031577827806e-01,-6.056310028120260869e-01,-1.717145560721179853e+00,5.262321822406903493e-01,5.535795340659224739e-02,2.217566857779869505e+00,-8.700668678078314899e-01,-2.615052547640895897e-01,-2.501929586985522480e+00,-4.291751840475288016e-01,-8.082497714814959600e-02,2.027200481337205318e+00,-4.679251138259243881e-01,2.614688364318745739e-01,2.882062914366936499e-02,-1.044557043611433478e-01,-3.310683263449169800e-02,-1.444786060905230762e+00,3.982727628414011734e-01,-1.643853556893377921e-01,7.344613006438241998e-01,1.262065605706594651e+00,1.425265065222353078e-01,8.526098201640823770e-01,-1.745902755294084452e+00,-1.210815728012881287e+00,6.456816831276304125e-01,3.612622016632160427e-01,-6.832200453514060134e-01,1.948115924945105770e-01,-4.830238779955955963e-01
1.019519840158869817e-01,-4.175221447515762435e-02,4.325879433516059414e-01,4.986423899879914301e-01,4.245569090658967704e-01,4.493181759008695875e-01,-6.076350670234488272e-01,-1.728931033029685649e+00,5.274424070270189446e-01,5.105566262403734429e-02,2.217829826132437177e+00,-8.672728263805852267e-01,-2.611768171000945493e-01,-2.491050688902985755e+00,-4.284391803267563748e-01,-8.263686125076191713e-02,2.021827044159474784e+00,-4.723895096102343483e-01,2.612199942994719026e-01,2.891383796593065963e-02,-1.044031261911235881e-01,-3.304208840887277315e-02,-1.437176216386515604e+00,3.971957949601691018e-01,-1.642811119849734436e-01,7.344986690187866873e-01,1.260889883108006870e+00,1.423188774956306024e-01,8.523632982543860592e-01,-1.734397074451093257e+00,-1.206309940598373709e+00,6.495754647293163764e-01,3.585039096570369344e-01,-6.832917645884289959e-01,1.985687072720734303e-01,-4.859927045479948693e-01
1.019519840158869817e-01,-4.175221447515762435e-02,4.354412396937882845e-01,5.005254060959085649e-01,4.223353169947429708e-01,4.466116635175861327e-01,-6.096271154415051630e-01,-1.751978082972929673e+00,5.294852364944040435e-01,4.250894392804661220e-02,2.217502222864081052e+00,-8.605624417764854428e-01,-2.605027550863275865e-01,-2.469797683045912073e+00,-4.270700464986055822e-01,-8.650284775187745689e-02,2.010832888796049822e+00,-4.807387129945735471e-01,2.605257844341360429e-01,2.893608387000345603e-02,-1.044323988726136992e-01,-3.308840893388154819e-02,-1.422078836728337459e+00,3.952264761807954274e-01,-1.641971794226906589e-01,7.337528668910096030e-01,1.258778453536433029e+00,1.420451207404032634e-01,8.515171427177409269e-01,-1.712108905557492733e+00,-1.196939720683039665e+00,6.573590428628676152e-01,3.533476109567313395e-01,-6.838808982134253478e-01,2.065128074336650688e-01,-4.921159380793335703e-01
1.019519840158869817e-01,-4.175221447515762435e-02,4.382945360359703502e-01,5.023985244704973763e-01,4.201053733748134067e-01,4.438963195283683327e-01,-6.116071086740609841e-01,-1.767143577227760831e+00,5.308129814536647340e-01,3.705378892760770315e-02,2.216595144185165012e+00,-8.558508782787634939e-01,-2.599356972655151865e-01,-2.455444616911176325e+00,-4.260786299738773542e-01,-8.890970107158480129e-02,2.003576864806723812e+00,-4.865194979536158759e-01,2.602083089335255894e-01,2.901453076910812112e-02,-1.044250214997209519e-01,-3.303770867581873327e-02,-1.412039480947461456e+00,3.938488883404168139e-01,-1.641373961120440317e-01,7.333931090163978705e-01,1.257321023625897372e+00,1.418385103444079476e-01,8.508994446110429433e-01,-1.697295031087107775e+00,-1.190759900862708331e+00,6.626588746676730368e-01,3.499778043889346102e-01,-6.842561506894843104e-01,2.115481727863697259e-01,-4.960300897928377473e-01
1.019519840158869817e-01,-4.175221447515762435e-02,4.411478323781524713e-01,5.042617080714277833e-01,4.178671223025452464e-01,4.411721976282944047e-01,-6.135750075673690462e-01,-1.781332208625093561e+00,5.320651759902265132e-01,3.176414780377095209e-02,2.215185166384602056e+00,-8.508879344435603675e-01,-2.593166789395205396e-01,-2.441077508199545942e+00,-4.250614013633381982e-01,-9.126160509502778684e-02,1.996332739526965439e+00,-4.923332512488624024e-01,2.599426256308769445e-01,2.909204526945176686e-02,-1.043936249072520417e-01,-3.297227536206230603e-02,-1.401986772147372218e+00,3.925033184631667726e-01,-1.640684440720506510e-01,7.328980436663534714e-01,1.255857130506377706e+00,1.416425757713822842e-01,8.501777836923283260e-01,-1.683484877967196036e+00,-1.184565138286878483e+00,6.680377940769621770e-01,3.466420663616349152e-01,-6.846932584910311315e-01,2.165428678478840963e-01,-4.998393241440396428e-01
1.019519840158869817e-01,-4.175221447515762435e-02,4.440011287203345369e-01,5.061149200548272775e-01,4.156206080386534163e-01,4.384393516860224382e-01,-6.155307732068447946e-01,-1.802354490422970024e+00,5.334898044105013115e-01,2.397564936703897032e-02,2.212169159728179402e+00,-8.424227431606396976e-01,-2.584109024177694836e-01,-2.421139888479125535e+00,-4.236811065083911365e-01,-9.507349492496718069e-02,1.985069908372670167e+00,-5.000990760516390576e-01,2.592199914660067717e-01,2.899145808948567701e-02,-1.044129307479420288e-01,-3.301479847653123606e-02,-1.387059539389701168e+00,3.908069848948858005e-01,-1.640282426128444326e-01,7.312783255927158832e-01,1.253865594080511014e+00,1.414512960018447230e-01,8.487278591562178454e-01,-1.664407224564236065e+00,-1.173829887653584647e+00,6.766666326860034664e-01,3.442045446717350021e-01,-6.863404492394168388e-01,2.235127969053398722e-01,-5.058705030217610643e-01
1.019519840158869817e-01,-4.175221447515762435e-02,4.468544250625168801e-01,5.079581237740088406e-01,4.133658750072541910e-01,4.356978357427258031e-01,-6.174743669178345273e-01,-1.816632193736230416e+00,5.345628218099235385e-01,1.868679906804189203e-02,2.209316761879122293e+00,-8.363663226388188265e-01,-2.576353549133453269e-01,-2.406810235524665664e+00,-4.225623280674351556e-01,-9.750270407895023084e-02,1.977235890960227893e+00,-5.062291075965518194e-01,2.589667076412671132e-01,2.903963078413699522e-02,-1.043514225891916392e-01,-3.291244552179858895e-02,-1.376344823821126440e+00,3.894543765760254961e-01,-1.639608548755980277e-01,7.305781199291757622e-01,1.252299771659126426e+00,1.412143665528975967e-01,8.477612856330708491e-01,-1.650896891019842938e+00,-1.166586302901506444e+00,6.829068097995902864e-01,3.417624837765981805e-01,-6.872478587585477694e-01,2.284397068612097625e-01,-5.098788855697394817e-01
1.019519840158869817e-01,-4.175221447515762435e-02,4.497077214046989457e-01,5.097912827801951430e-01,4.111029677949882277e-01,4.329477040110251695e-01,-6.194057502663806725e-01,-1.835663206590751217e+00,5.355427691374032850e-01,1.253018411263751193e-02,2.204817436891132854e+00,-8.280362587210164937e-01,-2.566762910357973104e-01,-2.387567578534603108e+00,-4.213148970199206977e-01,-1.007909343739888663e-01,1.967092129550725321e+00,-5.127950829752074835e-01,2.583816842778801637e-01,2.896757389570495458e-02,-1.044599510917876145e-01,-3.297437595009353184e-02,-1.363887527052725090e+00,3.878778943240802080e-01,-1.640524122854190026e-01,7.295045105589517132e-01,1.250631234791721891e+00,1.410201494752230389e-01,8.464239577952595850e-01,-1.633577200599120482e+00,-1.156377685363245034e+00,6.907964529291062972e-01,3.419741333894135704e-01,-6.890865542706919866e-01,2.333026629928906526e-01,-5.153884787325813122e-01
1.019519840158869817e-01,-4.175221447515762435e-02,4.525610177468810669e-01,5.116143608232401885e-01,4.088319311501384945e-01,4.301890108739152563e-01,-6.213248850599807360e-01,-1.849329709763558816e+00,5.364093069629110033e-01,7.643455008190330746e-03,2.200477782754975742e+00,-8.212442806424792296e-01,-2.557922701867347826e-01,-2.372505077068943535e+00,-4.201563646108931183e-01,-1.032524700296056919e-01,1.958845748004312881e+00,-5.188655606420558009e-01,2.581289161894877449e-01,2.902450967379515898e-02,-1.044310195396766644e-01,-3.286446265490906848e-02,-1.353482307642216442e+00,3.864620347872957939e-01,-1.640521056559340884e-01,7.290626901311552110e-01,1.249060981666381132e+00,1.407172539257966759e-01,8.454127267135069790e-01,-1.620486753649326817e+00,-1.148359894997953212e+00,6.975480488357690412e-01,3.410296646636767903e-01,-6.903566451681297789e-01,2.376295258942715261e-01,-5.195433422342375929e-01
1.019519840158869817e-01,-4.175221447515762435e-02,4.554143140890631325e-01,5.134273218523460747e-01,4.065528099817435348e-01,4.274218108836893015e-01,-6.232317333483459176e-01,-1.865620365241659417e+00,5.371531217787435253e-01,2.614126710419208306e-03,2.194798769238082148e+00,-8.131384328353222779e-01,-2.548082536140393040e-01,-2.354929091716345901e+00,-4.189463469077828184e-01,-1.061439749739002264e-01,1.949376260567640129e+00,-5.248998250883809558e-01,2.576919045034338773e-01,2.893242382170753413e-02,-1.044700320947269806e-01,-3.292712704414990643e-02,-1.341651738763250945e+00,3.850579016627924123e-01,-1.641134125640416608e-01,7.281947054657559315e-01,1.247470241628573007e+00,1.404664205875478800e-01,8.441074818272775726e-01,-1.606070201764272287e+00,-1.138050348116689037e+00,7.052490065375872641e-01,3.434345056709690036e-01,-6.923910448331851430e-01,2.408695943043247800e-01,-5.247445058453658051e-01
1.019519840158869817e-01,-4.175221447515762435e-02,4.582676104312454757e-01,5.152301300167764220e-01,4.042656493587103439e-01,4.246461587608615917e-01,-6.251262574241472914e-01,-1.878979758151016366e+00,5.378395244839191403e-01,-1.752616524012909696e-03,2.189035502043525483e+00,-8.058136878880624021e-01,-2.538608373907761395e-01,-2.339517715157559685e+00,-4.177619520323214153e-01,-1.085694765828850022e-01,1.940906907887754995e+00,-5.308743682628360716e-01,2.574630227958281115e-01,2.897435157490011945e-02,-1.044531484595811882e-01,-3.281074194605922839e-02,-1.331140058019446348e+00,3.836603384200708011e-01,-1.641528681216135321e-01,7.277099619746172365e-01,1.245912588030659407e+00,1.401482918221471086e-01,8.429374767635255949e-01,-1.593334533777413187e+00,-1.129405131987900379e+00,7.123193983383301342e-01,3.439459994635039597e-01,-6.939292313345096774e-01,2.445158047026412540e-01,-5.289840400625056560e-01
1.019519840158869817e-01,-4.175221447515762435e-02,4.611209067734275968e-01,5.170227496665626976e-01,4.019704945089263015e-01,4.218621093930849941e-01,-6.270084198237635409e-01,-1.893337397973720249e+00,5.384248594317299075e-01,-5.954059467219875897e-03,2.182173703633835782e+00,-7.977401937773938023e-01,-2.528622564663126626e-01,-2.322371538830409143e+00,-4.165451795584518835e-01,-1.112523257353589673e-01,1.931628625124855336e+00,-5.366234586244952309e-01,2.571382250058365515e-01,2.889703658172700085e-02,-1.044994066617559725e-01,-3.288880404228266413e-02,-1.320103611031604007e+00,3.822489920138623098e-01,-1.642531869970560443e-01,7.273919668447618170e-01,1.244369680857098093e+00,1.397955423176556466e-01,8.417701583556971290e-01,-1.580263958063836904e+00,-1.118902007881860117e+00,7.199235840267091957e-01,3.479836238759476119e-01,-6.960507576162685561e-01,2.466330469739251852e-01,-5.341416247790200522e-01
1.019519840158869817e-01,-4.175221447515762435e-02,4.639742031156096624e-01,5.188051453532124269e-01,3.996673908183607238e-01,4.190697178340647699e-01,-6.288781833280220335e-01,-1.905562781903787695e+00,5.389639239884197464e-01,-9.715066623949407398e-03,2.175054015526152629e+00,-7.901219051120600412e-01,-2.518985176142122806e-01,-2.306877011604985483e+00,-4.153364717342851731e-01,-1.136218249133949532e-01,1.922977149114454054e+00,-5.424518632616991409e-01,2.569490795601805933e-01,2.892932606521880085e-02,-1.044956413688171853e-01,-3.280291537149589848e-02,-1.309855906411938609e+00,3.808280973200544040e-01,-1.643343002118143048e-01,7.272773654814658206e-01,1.242817659506888495e+00,1.393871222550887023e-01,8.406418355266789266e-01,-1.568224314571215139e+00,-1.109553657590231168e+00,7.272496769610896639e-01,3.503354493207308518e-01,-6.978218852518304205e-01,2.493548302249957715e-01,-5.385535628474046321e-01
1.019519840158869817e-01,-4.175221447515762435e-02,4.668274994577917836e-01,5.205772818304084115e-01,3.973563838301676920e-01,4.162690393024701119e-01,-6.307355109629350087e-01,-1.917125007661752534e+00,5.394414842108092856e-01,-1.317944099828983161e-02,2.167331136641613032e+00,-7.824390796826845573e-01,-2.509446146999114724e-01,-2.291459245165835323e+00,-4.141200910290220305e-01,-1.159370324505817618e-01,1.914321459572432493e+00,-5.482700410637214583e-01,2.567920292149907802e-01,2.895688046661562196e-02,-1.044744051863490952e-01,-3.270402800215126138e-02,-1.299677690261742624e+00,3.794365413151983280e-01,-1.644147072603112658e-01,7.271283481208020705e-01,1.241257902241237776e+00,1.389674001163672401e-01,8.394377921067099901e-01,-1.556723261239712608e+00,-1.100033444296624641e+00,7.346710033618152336e-01,3.532085644855608719e-01,-6.996485713755098423e-01,2.517990520947874789e-01,-5.429361619208443734e-01
1.019519840158869817e-01,-4.175221447515762435e-02,4.696807957999741268e-01,5.223391240547063941e-01,3.950375192437878269e-01,4.134601291808424062e-01,-6.325803660004294393e-01,-1.929191350653484571e+00,5.398467462795901728e-01,-1.634343951294621108e-02,2.158625560025922763e+00,-7.743068478244596875e-01,-2.499768033863599692e-01,-2.274489372739116444e+00,-4.128845947003296213e-01,-1.184608568621073610e-01,1.904945411259261201e+00,-5.538340484018041687e-01,2.565584791542366849e-01,2.887323528727185271e-02,-1.045005698504222619e-01,-3.282808285266872877e-02,-1.289283018567190853e+00,3.780110946325265786e-01,-1.645327828352059485e-01,7.275957604624411212e-01,1.239711060285222155e+00,1.384177334661704228e-01,8.384738243534289870e-01,-1.545224060154737122e+00,-1.088754833803204702e+00,7.424086428096711154e-01,3.597562055520869828e-01,-7.019823450537592269e-01,2.525072212114034542e-01,-5.482176976944462821e-01
1.019519840158869817e-01,-4.175221447515762435e-02,4.725340921421561924e-01,5.240906371862273927e-01,3.927108429140431789e-01,4.106430430145019961e-01,-6.344127119590730057e-01,-1.939655828358485712e+00,5.402161895728661012e-01,-1.916400239689520363e-02,2.149595022316698856e+00,-7.664904855262119066e-01,-2.490581020072046847e-01,-2.258807519676038655e+00,-4.116532372351822677e-01,-1.207399420350348390e-01,1.896066510014615014e+00,-5.595192072105665826e-01,2.564320670662549873e-01,2.889672448528953982e-02,-1.044984531990449383e-01,-3.273347580261683210e-02,-1.279219117477487400e+00,3.766197848364767342e-01,-1.646570315028716425e-01,7.275464211917220814e-01,1.238171188052515692e+00,1.379673610168994924e-01,8.371757887687898414e-01,-1.534101063258384245e+00,-1.078749568564024486e+00,7.499252213329609118e-01,3.640097368230452712e-01,-7.039237779087325064e-01,2.542541585702584039e-01,-5.526934102223075573e-01
1.019519840158869817e-01,-4.175221447515762435e-02,4.753873884843382580e-01,5.258317865893473719e-01,3.903764008502294547e-01,4.078178365104456193e-01,-6.362325126047987389e-01,-1.949430326583523998e+00,5.405407753953318517e-01,-2.166737070508938795e-02,2.139960494381046630e+00,-7.586694661125973349e-01,-2.481723844958558522e-01,-2.243373964143144939e+00,-4.104206236206419667e-01,-1.229568322914803280e-01,1.887207365642926016e+00,-5.651957165211877188e-01,2.563362330926999277e-01,2.892449657691972126e-02,-1.044987343647629657e-01,-3.262156582024050566e-02,-1.269217875621206693e+00,3.752406826219636393e-01,-1.647995487208347432e-01,7.274485462086401899e-01,1.236637676844172917e+00,1.375211531201734338e-01,8.357842713714107585e-01,-1.523221133970518837e+00,-1.068640560912212267e+00,7.574689215584589075e-01,3.686723709587017006e-01,-7.058738974213544237e-01,2.557841273826160222e-01,-5.571457786526846645e-01
1.019519840158869817e-01,-4.175221447515762435e-02,4.782406848265203791e-01,5.275625378333810289e-01,3.880342392152093534e-01,4.049845655362482866e-01,-6.380397319516177834e-01,-1.958334535149162559e+00,5.408257833591078034e-01,-2.384694828696012556e-02,2.129740713759456394e+00,-7.508895054633025756e-01,-2.473299731562112191e-01,-2.227943861292313699e+00,-4.091858083355028874e-01,-1.251293977606309227e-01,1.878332211172362154e+00,-5.708610688419143431e-01,2.562684741954469048e-01,2.895807366771072436e-02,-1.044910461728927736e-01,-3.249229144129022612e-02,-1.259347341998288794e+00,3.738726189480591766e-01,-1.649512587360707772e-01,7.273801884773142268e-01,1.235100210868798509e+00,1.370574519467234464e-01,8.343417929235713570e-01,-1.512728097787535031e+00,-1.058434309885087687e+00,7.650527485586101628e-01,3.737263670786508118e-01,-7.078259322220137317e-01,2.571097773906158568e-01,-5.615598681055233854e-01
1.019519840158869817e-01,-4.175221447515762435e-02,4.810939811687027223e-01,5.292828566932649137e-01,3.856844043244954667e-01,4.021432861189567221e-01,-6.398343342623331598e-01,-1.967270043868014850e+00,5.410675957451660523e-01,-2.567871845107721693e-02,2.118648382581918455e+00,-7.428729575574163357e-01,-2.465149584057854670e-01,-2.210783638816283148e+00,-4.079204250989309499e-01,-1.275311499664796011e-01,1.868619611141745240e+00,-5.761077489571565513e-01,2.561193127827594562e-01,2.887521728669407983e-02,-1.045073304531685954e-01,-3.266411948658897585e-02,-1.249678347409260315e+00,3.724096662679433067e-01,-1.650974826077169222e-01,7.287802161578299520e-01,1.233551574244434956e+00,1.362649482872920204e-01,8.335731519763798225e-01,-1.502740997446263327e+00,-1.046197508970414303e+00,7.728422342838937587e-01,3.832555769942478929e-01,-7.103064138190599008e-01,2.562298155982719594e-01,-5.670427447549919453e-01
1.019519840158869817e-01,-4.175221447515762435e-02,4.839472775108847880e-01,5.309927091502306684e-01,3.833269426453384532e-01,3.992940544439835260e-01,-6.416162840492448671e-01,-1.974858704265476383e+00,5.412859596728143430e-01,-2.720369853108972266e-02,2.107208349819064352e+00,-7.351439599053444240e-01,-2.457717237500473273e-01,-2.195244639197550196e+00,-4.066762365612540675e-01,-1.296631592703400004e-01,1.859532255828622027e+00,-5.816130226782707524e-01,2.560818830763473275e-01,2.890375862689601935e-02,-1.045055299277820177e-01,-3.254468242968841518e-02,-1.239971930310812764e+00,3.710474838556053756e-01,-1.652775562955023647e-01,7.288758107261539276e-01,1.232022455345862966e+00,1.357509471159670245e-01,8.320736774602971453e-01,-1.492724255782176712e+00,-1.035513014261340903e+00,7.804492175451009928e-01,3.897305697350809117e-01,-7.123168952050744629e-01,2.568264719584676947e-01,-5.715679197461709382e-01
1.019519840158869817e-01,-4.175221447515762435e-02,4.868005738530669091e-01,5.326920613924812642e-01,3.809619007958053860e-01,3.964369268539930657e-01,-6.433855460748538757e-01,-1.981705188125778561e+00,5.414772356831216715e-01,-2.840668000104702023e-02,2.095192327229869367e+00,-7.274812053408333812e-01,-2.450887322450680250e-01,-2.179790154260385471e+00,-4.054331815805198858e-01,-1.317474918926078153e-01,1.850443381334111903e+00,-5.871095912184853827e-01,2.560726764045408443e-01,2.893685825380220775e-02,-1.045056328462057177e-01,-3.240501752172091077e-02,-1.230309619735270754e+00,3.697034161369766037e-01,-1.654764209413435161e-01,7.288781185683284036e-01,1.230498627579571735e+00,1.352522755924181197e-01,8.304591927759323866e-01,-1.482906633983360756e+00,-1.024750453667132799e+00,7.880486229338764526e-01,3.965721643432526533e-01,-7.143073255513633368e-01,2.572258184644660717e-01,-5.760708203591754506e-01
1.019519840158869817e-01,-4.175221447515762435e-02,4.896538701952489747e-01,5.343808798158574680e-01,3.785893255438588234e-01,3.935719598477898651e-01,-6.451420853525569044e-01,-1.988152069388155585e+00,5.416424549739045080e-01,-2.926336071605696934e-02,2.082450532576092250e+00,-7.197587947183171631e-01,-2.444597317591040986e-01,-2.162787195859055878e+00,-4.041570539802603057e-01,-1.340267766037832875e-01,1.840598486669110523e+00,-5.922086401010532297e-01,2.559972977195559274e-01,2.885725823618887770e-02,-1.045171993113136327e-01,-3.259866451166480716e-02,-1.221098351359165335e+00,3.682270011593229420e-01,-1.656385248460776893e-01,7.307808881276985913e-01,1.228957524075617869e+00,1.343165978414503081e-01,8.297353866123894361e-01,-1.473831264681950914e+00,-1.011952926454840807e+00,7.957315776832151188e-01,4.080270729635879778e-01,-7.167925764016537249e-01,2.553020286952139006e-01,-5.816994961407844222e-01
1.019519840158869817e-01,-4.175221447515762435e-02,4.925071665374313179e-01,5.360591310245043095e-01,3.762092638064318817e-01,3.906992100791999989e-01,-6.468858671473393107e-01,-1.993516339361818268e+00,5.417893714071304601e-01,-2.981574274880547520e-02,2.069278802605161616e+00,-7.122553013459982374e-01,-2.439119033728124331e-01,-2.147049344854225161e+00,-4.029074767480553265e-01,-1.360883170428912325e-01,1.831265221484569050e+00,-5.975460891788312301e-01,2.560127911461979600e-01,2.888180280645943551e-02,-1.045193566244343869e-01,-3.248082639924317061e-02,-1.211636898463930745e+00,3.668869897980988615e-01,-1.658579949886547222e-01,7.310182842943651060e-01,1.227438104462160284e+00,1.337506071800751706e-01,8.281000701873033609e-01,-1.464534845422787335e+00,-1.000668024233600573e+00,8.032940584995421629e-01,4.164156088399641464e-01,-7.188251532313298942e-01,2.549008941211697854e-01,-5.863644882659855284e-01
1.019519840158869817e-01,-4.175221447515762435e-02,4.953604628796134390e-01,5.377267818315276671e-01,3.738217626485014766e-01,3.878187343559519329e-01,-6.486168569764617642e-01,-1.998116340001448554e+00,5.419181967825839052e-01,-3.004952977645643578e-02,2.055550487283134053e+00,-7.048516116786066599e-01,-2.434390106411260801e-01,-2.131561901470351295e+00,-4.016646692903881877e-01,-1.380952407121480152e-01,1.821951296409110688e+00,-6.028765271921503466e-01,2.560561294222629125e-01,2.890403692688246762e-02,-1.045149624463466570e-01,-3.236386440232089101e-02,-1.202287363993843172e+00,3.655582390717859176e-01,-1.660838382164042670e-01,7.313280754079333201e-01,1.225914257568332832e+00,1.331582278572348288e-01,8.264361597662758241e-01,-1.455553625175157961e+00,-9.891911919921888563e-01,8.108423116148066878e-01,4.254237274549924064e-01,-7.208552404224849441e-01,2.541769932661437914e-01,-5.910712768270025563e-01
1.019519840158869817e-01,-4.175221447515762435e-02,4.982137592217955047e-01,5.393837992596555164e-01,3.714268692821558471e-01,3.849305896385517567e-01,-6.503350206101413677e-01,-2.002075822638994307e+00,5.420310744098759681e-01,-2.995202748607507862e-02,2.041197825358195939e+00,-6.974934045873334432e-01,-2.430403406843707481e-01,-2.114705046379911746e+00,-4.003865789320526503e-01,-1.402662368161055606e-01,1.811955369435844343e+00,-6.078285558996933124e-01,2.560471461362922030e-01,2.882977491780176760e-02,-1.045156035843144149e-01,-3.258030469373682930e-02,-1.193556535330017265e+00,3.640646905855419724e-01,-1.662467999720812217e-01,7.337900378115849165e-01,1.224378425232932610e+00,1.320574226819067887e-01,8.257842611479824235e-01,-1.447337374570393909e+00,-9.758279722970827352e-01,8.183567017416147893e-01,4.387862388093068389e-01,-7.233211123792938624e-01,2.512442827050887506e-01,-5.968742609152553058e-01
1.019519840158869817e-01,-4.175221447515762435e-02,5.010670555639775703e-01,5.410301505418861900e-01,3.690246310656621898e-01,3.820348330391577507e-01,-6.520403240722302263e-01,-2.005144811541440752e+00,5.421298567310989247e-01,-2.955247355345013219e-02,2.026364943017673781e+00,-6.903066076138668627e-01,-2.427287372772097551e-01,-2.098849844005459264e+00,-3.991389790866145537e-01,-1.422579509627666938e-01,1.802386351236918260e+00,-6.129963795600549270e-01,2.561144390966482720e-01,2.884759028073286685e-02,-1.045161770649925131e-01,-3.247283060922268733e-02,-1.184364638389279190e+00,3.627481964479293830e-01,-1.664947125638768510e-01,7.342189537627359375e-01,1.222864329856947707e+00,1.314248171273431076e-01,8.240396035899008043e-01,-1.438763066403290214e+00,-9.639135807674519274e-01,8.257864044767099232e-01,4.491721989029156537e-01,-7.253560238279503913e-01,2.497995886652303321e-01,-6.017286100310271779e-01
1.019519840158869817e-01,-4.175221447515762435e-02,5.039203519061596914e-01,5.426658031221380796e-01,3.666150955025293534e-01,3.791315218204505122e-01,-6.537327336408857992e-01,-2.007444193382408759e+00,5.422156480797774014e-01,-2.884274596746109337e-02,2.010993650420052514e+00,-6.832374681948878425e-01,-2.425020697363272082e-01,-2.083236977581630178e+00,-3.978995433561622330e-01,-1.442021930202244395e-01,1.792818754921789104e+00,-6.181429384116647885e-01,2.562056086255226073e-01,2.886825846173346477e-02,-1.045172869007294503e-01,-3.234919728973835451e-02,-1.175213464585269874e+00,3.614525085392925052e-01,-1.667594090913658567e-01,7.345595954751223955e-01,1.221352540499086592e+00,1.308076042308095599e-01,8.221833669570125513e-01,-1.430367749541527234e+00,-9.518911720571309187e-01,8.331581247218451391e-01,4.600004691333688944e-01,-7.273630879865542465e-01,2.481175027419256773e-01,-6.065922825237991534e-01
1.019519840158869817e-01,-4.175221447515762435e-02,5.067736482483420346e-01,5.442907246558933432e-01,3.641983102405700889e-01,3.762207133945016380e-01,-6.554122158492382555e-01,-2.009022435967844356e+00,5.422893052871039510e-01,-2.781832336305715622e-02,1.995054155023001430e+00,-6.762637027108823196e-01,-2.423618985439126849e-01,-2.066513853274261958e+00,-3.966269571415247386e-01,-1.462784277034944180e-01,1.782655790836817022e+00,-6.229475777324692265e-01,2.562566775415052733e-01,2.881209363066270651e-02,-1.045167096516734367e-01,-3.255875555892354806e-02,-1.166877989698773543e+00,3.599497776199916399e-01,-1.669320284657170583e-01,7.373664939336173063e-01,1.219836040711873792e+00,1.295940930404669289e-01,8.214887506579517940e-01,-1.422781723438117929e+00,-9.380869280630884655e-01,8.404169261406371216e-01,4.749987375451718008e-01,-7.297709014446067677e-01,2.443227756548120022e-01,-6.125299494835594327e-01
1.019519840158869817e-01,-4.175221447515762435e-02,5.096269445905241557e-01,5.459048830108368389e-01,3.617743230709561386e-01,3.733024653216370781e-01,-6.570787374860520558e-01,-2.009798541113176906e+00,5.423509859904420694e-01,-2.649694159466371712e-02,1.978613448742479131e+00,-6.694341071484181116e-01,-2.423125302573583828e-01,-2.050615690587813678e+00,-3.953876443591184398e-01,-1.482036691092291358e-01,1.772855325427092454e+00,-6.279423567807665973e-01,2.563729552980250626e-01,2.883959530774629632e-02,-1.045193164259545782e-01,-3.245100414193332478e-02,-1.157998207879640029e+00,3.586390041607440127e-01,-1.672071740496453296e-01,7.380431422120480311e-01,1.218332277081943138e+00,1.288831603055687336e-01,8.196598890685953265e-01,-1.414789537216713411e+00,-9.256451639389601249e-01,8.476269664405966520e-01,4.871823939436915052e-01,-7.317729349947857953e-01,2.419313582526053386e-01,-6.175531915834721053e-01
1.019519840158869817e-01,-4.175221447515762435e-02,5.124802409327061659e-01,5.475082462674918382e-01,3.593431819272761008e-01,3.703768353092994348e-01,-6.587322655963834261e-01,-2.009818997177601929e+00,5.424008496511352195e-01,-2.487598652109442726e-02,1.961646555877661458e+00,-6.627249669687880207e-01,-2.423538639875339740e-01,-2.034791282440950422e+00,-3.941555050218712997e-01,-1.500987498879882975e-01,1.763013327292974886e+00,-6.329012097608835985e-01,2.565084793469952773e-01,2.887822689416770158e-02,-1.045194875912551224e-01,-3.231085641104704947e-02,-1.149155041096449281e+00,3.573513412824638191e-01,-1.674978955973573380e-01,7.385860336269625126e-01,1.216829504487794145e+00,1.281962488513232468e-01,8.176989157032334976e-01,-1.406938824685003642e+00,-9.131892272848292080e-01,8.547718866462172826e-01,4.995909159507231911e-01,-7.337200311941250996e-01,2.394076083202383298e-01,-6.225312701496636958e-01
1.019519840158869817e-01,-4.175221447515762435e-02,5.153335372748882870e-01,5.491007827198517433e-01,3.569049348845853009e-01,3.674438812109073749e-01,-6.603727674822311711e-01,-2.009100470832338559e+00,5.424385597503977863e-01,-2.295463052952408101e-02,1.944138701297449812e+00,-6.561246570979224479e-01,-2.424874494741903475e-01,-2.018188509613520143e+00,-3.928950649887700264e-01,-1.520936162971974204e-01,1.752666530650691001e+00,-6.375556008470167901e-01,2.566149230655114799e-01,2.883153668836292705e-02,-1.045158465199724912e-01,-3.251166162024853729e-02,-1.141127519320096706e+00,3.558632725645078931e-01,-1.676777936193146745e-01,7.415729554634336029e-01,1.215333770385246037e+00,1.269075252421953126e-01,8.168798143390301192e-01,-1.399963317385428674e+00,-8.988574444420425191e-01,8.617009222875776642e-01,5.164152245235860139e-01,-7.361059596386237969e-01,2.346656591466817765e-01,-6.286677874873789484e-01
1.019519840158869817e-01,-4.175221447515762435e-02,5.181868336170706302e-01,5.506824608760064743e-01,3.544596301584560516e-01,3.645036610247096576e-01,-6.620002107031838223e-01,-2.007624022612537029e+00,5.424633125248199406e-01,-2.074409379557965241e-02,1.926123416303233693e+00,-6.496488991459806739e-01,-2.427134530828018721e-01,-2.002238596863353148e+00,-3.916687479242200731e-01,-1.539624416434140497e-01,1.742622553254829398e+00,-6.423725052646882538e-01,2.567768975949357713e-01,2.888202456774503421e-02,-1.045172419375945266e-01,-3.235183679272181367e-02,-1.132433765267909065e+00,3.545932220413989255e-01,-1.679886607946430299e-01,7.421245076216765879e-01,1.213840428489666445e+00,1.262048099938893886e-01,8.147852053838511299e-01,-1.392420771040201677e+00,-8.861248906716923113e-01,8.686436278908319375e-01,5.298531051050382468e-01,-7.380193494790331377e-01,2.315896659060044105e-01,-6.337290882989891072e-01
1.019519840158869817e-01,-4.175221447515762435e-02,5.210401299592527513e-01,5.522532494587651941e-01,3.520073161040249143e-01,3.615562328926419378e-01,-6.636145630770604598e-01,-2.005410392330900571e+00,5.424739753277291188e-01,-1.824207859873531318e-02,1.907578413540957030e+00,-6.432807665718239809e-01,-2.430327229163281866e-01,-1.985720501973505137e+00,-3.904225151643087033e-01,-1.558990652646400632e-01,1.732190330971808745e+00,-6.469581836855924362e-01,2.569240666359322023e-01,2.884407071120296054e-02,-1.045135987616674367e-01,-3.252359228699730487e-02,-1.124525398790549913e+00,3.531384397899218208e-01,-1.681838071783487709e-01,7.449909229579975145e-01,1.212359818949460211e+00,1.249263256055705568e-01,8.137626454885178440e-01,-1.385789662029657920e+00,-8.715028330974762261e-01,8.753062400490784212e-01,5.477606161215373692e-01,-7.403932186540024274e-01,2.262866257952091398e-01,-6.399731348760512306e-01
1.019519840158869817e-01,-4.175221447515762435e-02,5.238934263014347614e-01,5.538131174062748130e-01,3.495480412150346883e-01,3.586016550991727447e-01,-6.652157926805482013e-01,-2.002461566113165503e+00,5.424691088725479560e-01,-1.545566657238219531e-02,1.888519695371668750e+00,-6.370218835785553813e-01,-2.434445060959360141e-01,-1.969702962685605518e+00,-3.892044560005654130e-01,-1.577420055314985303e-01,1.721949540937218970e+00,-6.516341874209737872e-01,2.571122440308135082e-01,2.890521958502714414e-02,-1.045138433657952642e-01,-3.234914936146573300e-02,-1.115993459530825849e+00,3.518848133216540552e-01,-1.685104656958564817e-01,7.455842001992203372e-01,1.210873991328415222e+00,1.241991579684356556e-01,8.115526727545812058e-01,-1.378574013298120349e+00,-8.584510063292208892e-01,8.820178679835635194e-01,5.623245207824685288e-01,-7.422959915809279607e-01,2.226131533831731402e-01,-6.451523244138539503e-01
1.019519840158869817e-01,-4.175221447515762435e-02,5.267467226436168826e-01,5.553620338726347194e-01,3.470818541228772869e-01,3.556399860701539017e-01,-6.668038678498325877e-01,-1.998786280122541781e+00,5.424468230878947139e-01,-1.238491895045288824e-02,1.868934310315610636e+00,-6.308609714340625008e-01,-2.439490233950740161e-01,-1.953308663397304912e+00,-3.879754261764398748e-01,-1.596237709630315416e-01,1.711427827572011617e+00,-6.561420829935561416e-01,2.572971353141466633e-01,2.887067516423856908e-02,-1.045094916729263773e-01,-3.251600393390709914e-02,-1.108252942325623103e+00,3.504483683853565346e-01,-1.687109417835835623e-01,7.485018868594992547e-01,1.209408557035301923e+00,1.228894589726135245e-01,8.104122678596268337e-01,-1.372330955532437669e+00,-8.433820276006207539e-01,8.883682217845604301e-01,5.816625129950483419e-01,-7.447192848554896605e-01,2.165779959233349317e-01,-6.516142524144046266e-01
1.019519840158869817e-01,-4.175221447515762435e-02,5.296000189857992257e-01,5.568999682285070696e-01,3.446088035956304529e-01,3.526712843716638401e-01,-6.683787571812236372e-01,-1.994391389408236792e+00,5.424049508843495904e-01,-9.034184691812299078e-03,1.848827007881042483e+00,-6.247927552242106275e-01,-2.445452963716601424e-01,-1.937005147345340905e+00,-3.867576497320456830e-01,-1.614744358485296627e-01,1.700881324594319066e+00,-6.606240876877528256e-01,2.575025582793541434e-01,2.884710458101899869e-02,-1.045057281750036149e-01,-3.263855981878246298e-02,-1.100491760053704970e+00,3.490496573864905194e-01,-1.689293843788923777e-01,7.511312654071548023e-01,1.207950137873101237e+00,1.216413095307064263e-01,8.090583096827665965e-01,-1.366194161678651708e+00,-8.282764764278935932e-01,8.945653619628902709e-01,6.012820051584010228e-01,-7.471251971437646855e-01,2.103855544471079642e-01,-6.580724968122499963e-01
1.019519840158869817e-01,-4.175221447515762435e-02,5.324533153279813469e-01,5.584268900617199716e-01,3.421289385370954728e-01,3.496956087088501919e-01,-6.699404295317777924e-01,-1.989284707276889774e+00,5.423409180868110635e-01,-5.406128567658002697e-03,1.828195767579678055e+00,-6.188087534599517880e-01,-2.452325015849783629e-01,-1.920810577448254897e+00,-3.855533880700654503e-01,-1.632903642907250485e-01,1.690326338124684469e+00,-6.650864720676308295e-01,2.577286173616964993e-01,2.889481142317096990e-02,-1.045031105089217899e-01,-3.251272797040660051e-02,-1.092282859629389424e+00,3.478029828996523909e-01,-1.692530885419849251e-01,7.521130356782412818e-01,1.206478688671203336e+00,1.207965681725511053e-01,8.068324606949726086e-01,-1.359673605140896857e+00,-8.142400460243056637e-01,9.007741063602607845e-01,6.186903646718836525e-01,-7.492049558923482566e-01,2.052654151756632683e-01,-6.637798940896765254e-01
1.019519840158869817e-01,-4.175221447515762435e-02,5.353066116701634680e-01,5.599427691778725569e-01,3.396423079858276184e-01,3.467130179247682187e-01,-6.714888540199126510e-01,-1.983471700441084451e+00,5.422517790617804589e-01,-1.502039608850018731e-03,1.807032645772035595e+00,-6.128985960186037474e-01,-2.460097269560698741e-01,-1.904510570515911771e+00,-3.843508646707157750e-01,-1.651092867308397438e-01,1.679625770319296052e+00,-6.694550354656257918e-01,2.579638201210142645e-01,2.887140769091725914e-02,-1.045001201767535581e-01,-3.262129898038117898e-02,-1.084613969020369106e+00,3.464426990447388444e-01,-1.694861750129193489e-01,7.546277511023464779e-01,1.205032145257580511e+00,1.195620303039751642e-01,8.052802999305355147e-01,-1.353923319153035765e+00,-7.986296364013539817e-01,9.065892427906145912e-01,6.398681538319290762e-01,-7.517212319201875825e-01,1.982813107182901102e-01,-6.705135656705307756e-01
1.019519840158869817e-01,-4.175221447515762435e-02,5.381599080123454781e-01,5.614475756009291718e-01,3.371489611141683662e-01,3.437235709992176313e-01,-6.730240000260183653e-01,-1.976960005230306905e+00,5.421342217386578843e-01,2.675366064120446568e-03,1.785336245191861293e+00,-6.070529176493828505e-01,-2.468756716611872071e-01,-1.888254997721487527e+00,-3.831596917969716798e-01,-1.669049684489632146e-01,1.668881686281605603e+00,-6.737860826393587965e-01,2.582163169730520291e-01,2.893246214497741456e-02,-1.044951426525494859e-01,-3.247161858750175628e-02,-1.076534821944399534e+00,3.452212862522743286e-01,-1.698254720907906856e-01,7.555629742210548949e-01,1.203567631245592073e+00,1.187146483703879069e-01,8.028972855374484352e-01,-1.347725728731859585e+00,-7.842145898480495925e-01,9.124574241844596312e-01,6.585446177321788719e-01,-7.538749443971407560e-01,1.925079711361753487e-01,-6.764091301720687177e-01
1.019519840158869817e-01,-4.175221447515762435e-02,5.410132043545278213e-01,5.629412795738134578e-01,3.346489472272718979e-01,3.407273270475760230e-01,-6.745458371930631580e-01,-1.969754540300058032e+00,5.419845484095098254e-01,7.125189646305571216e-03,1.763097349977767125e+00,-6.012599293021761993e-01,-2.478290109314713330e-01,-1.871916168474622832e+00,-3.819719452056153375e-01,-1.687016602340017657e-01,1.658004065937899174e+00,-6.780306056688493177e-01,2.584791087272022003e-01,2.891085372456762490e-02,-1.044924476614500636e-01,-3.256698667894577376e-02,-1.068964654552185811e+00,3.438969512219407498e-01,-1.700719804917680822e-01,7.579812713466572704e-01,1.202131967126107481e+00,1.174901083085411468e-01,8.011574745236088591e-01,-1.342383319533866581e+00,-7.680353075794977835e-01,9.178356429926549653e-01,6.814341694809935568e-01,-7.565605069179294206e-01,1.846672836096076020e-01,-6.834790657520357637e-01
1.019519840158869817e-01,-4.175221447515762435e-02,5.438665006967099425e-01,5.644238515589972138e-01,3.321423157621308797e-01,3.377243453196303591e-01,-6.760543354271927319e-01,-1.961861494918404780e+00,5.417986615488512570e-01,1.184585764062591993e-02,1.740310017431034195e+00,-5.955080325361693516e-01,-2.488682215029479339e-01,-1.855575491260127663e+00,-3.807928678034699366e-01,-1.704861238698963666e-01,1.647045648785710137e+00,-6.822165869123574256e-01,2.587559389347552363e-01,2.889951766557549706e-02,-1.044898460120603778e-01,-3.263217518569790088e-02,-1.061408712858551207e+00,3.425989856383044874e-01,-1.703328132430280417e-01,7.602245138902593569e-01,1.200700733536779641e+00,1.163020853180087438e-01,7.992627294761056600e-01,-1.337198743457058914e+00,-7.516752218565411203e-01,9.229897180089802200e-01,7.049526929467707648e-01,-7.593212087270116983e-01,1.765158140022836109e-01,-6.906596909324145273e-01
1.019519840158869817e-01,-4.175221447515762435e-02,5.467197970388920636e-01,5.658952622390824860e-01,3.296291162865984115e-01,3.347146851984053040e-01,-6.775494648983266810e-01,-1.953285852119837740e+00,5.415720499078858774e-01,1.683656876634676350e-02,1.716965196512617586e+00,-5.897843740946026037e-01,-2.499917029674030011e-01,-1.839211765945443222e+00,-3.796216293033361500e-01,-1.722624335157186271e-01,1.635994276163716732e+00,-6.863382098148194110e-01,2.590458695344138307e-01,2.889235063655953839e-02,-1.044874154303149921e-01,-3.268150131758457838e-02,-1.053882347190278734e+00,3.413239520152100970e-01,-1.706037990528038450e-01,7.623580201908595200e-01,1.199273892956875365e+00,1.151350518117854188e-01,7.972448530536399014e-01,-1.332227267807768678e+00,-7.350153749207009035e-01,9.278827487069714053e-01,7.293743551728872898e-01,-7.622090614439299694e-01,1.679254830671765841e-01,-6.980376221305477635e-01
1.019519840158869817e-01,-4.175221447515762435e-02,5.495730933810740737e-01,5.673554825173841021e-01,3.271093984984080327e-01,3.316984061989877164e-01,-6.790311960407471314e-01,-1.944032533398589058e+00,5.412997744173391190e-01,2.209659270454806049e-02,1.693053701796437993e+00,-5.840755662739619547e-01,-2.511977614883131316e-01,-1.822848880602180976e+00,-3.784601954223486553e-01,-1.740269824301244883e-01,1.624867152209832355e+00,-6.904044262354355199e-01,2.593496968876810027e-01,2.899315600643243701e-02,-1.044753879203926678e-01,-3.240479882247635640e-02,-1.045854450584490891e+00,3.404556540455787039e-01,-1.716233041443395446e-01,7.624987059576051607e-01,1.197206204455501855e+00,1.147208556311464095e-01,7.943109365940170807e-01,-1.328410512626372553e+00,-7.213646642754543148e-01,9.389168284233410100e-01,7.497892556661767127e-01,-7.592720758172489814e-01,1.629021790075745046e-01,-7.057415511408636766e-01
1.019519840158869817e-01,-4.175221447515762435e-02,5.524263897232564169e-01,5.688044835185022130e-01,3.245832122241905093e-01,3.286755679673511454e-01,-6.804994995536846059e-01,-1.934104815219864104e+00,5.409764406467105768e-01,2.762611235327727677e-02,1.668562688388283588e+00,-5.783668066746444625e-01,-2.524846137751405872e-01,-1.806459348346904026e+00,-3.773063348809266859e-01,-1.757869012629636463e-01,1.613638372300165047e+00,-6.944010262753361751e-01,2.596656799694555540e-01,2.901085467158754511e-02,-1.044693662461120276e-01,-3.236473340480353761e-02,-1.038298099052604728e+00,3.394924856402952718e-01,-1.725488052373133352e-01,7.640126097895162394e-01,1.195175815932620456e+00,1.139544253048317968e-01,7.919594453600827810e-01,-1.325732821303299280e+00,-7.058661612174648159e-01,9.502170806164883521e-01,7.748720040136624077e-01,-7.561269086850976873e-01,1.557934570400761332e-01,-7.149615011279305543e-01
1.019519840158869817e-01,-4.175221447515762435e-02,5.552796860654385380e-01,5.702422365888952793e-01,3.220506074184896206e-01,3.256462302791765517e-01,-6.819543464018964496e-01,-1.923506474148919621e+00,5.405962052795040274e-01,3.342495435948109744e-02,1.643481000186205687e+00,-5.726433651039445349e-01,-2.538504126598090105e-01,-1.790041962276225807e+00,-3.761606084527577276e-01,-1.775420233300493700e-01,1.602312408077653627e+00,-6.983314334494838960e-01,2.599941882108625646e-01,2.909548847317823539e-02,-1.044524491478397293e-01,-3.224140892119677082e-02,-1.030906797368358996e+00,3.385008883619742837e-01,-1.734762499741508424e-01,7.655678611855057936e-01,1.193153443286025572e+00,1.131572692722740830e-01,7.895722986782255370e-01,-1.323116847638306393e+00,-6.907744318177542198e-01,9.622607876741423594e-01,7.994204146455861082e-01,-7.520746305610963578e-01,1.490775421347405871e-01,-7.240692243439194042e-01
1.019519840158869817e-01,-4.175221447515762435e-02,5.581329824076206592e-01,5.716687132974468399e-01,3.195116341627725620e-01,3.226104530386688096e-01,-6.833957078162410381e-01,-1.912241162968068897e+00,5.401529072472595061e-01,3.949232780345935528e-02,1.617802435816080964e+00,-5.668918109839563568e-01,-2.552931458650386509e-01,-1.773647875011535424e+00,-3.750250074023198654e-01,-1.792871412331011882e-01,1.590910058103497615e+00,-7.022021063528959273e-01,2.603356477442885231e-01,2.920124684179365576e-02,-1.044292579634302359e-01,-3.212311821502619735e-02,-1.023744233095972955e+00,3.374776967965416596e-01,-1.743982777783869009e-01,7.674772315070591544e-01,1.191129289318344719e+00,1.122615002201569623e-01,7.872945754459934609e-01,-1.320900417069776900e+00,-6.753848324065312436e-01,9.749743394166878740e-01,8.250463132737969607e-01,-7.472456993529243974e-01,1.419787624113928171e-01,-7.335672840065831091e-01
1.019519840158869817e-01,-4.175221447515762435e-02,5.609862787498027803e-01,5.730838854360256196e-01,3.169663426644415694e-01,3.195682962773732094e-01,-6.848235552942475435e-01,-1.900351208697189431e+00,5.396439356414123312e-01,4.579419658049194847e-02,1.591725651998745494e+00,-5.611734583666099230e-01,-2.568087934451429022e-01,-1.757849399328917483e+00,-3.739337243647734565e-01,-1.809276458656684516e-01,1.579818394949836780e+00,-7.061783997147688119e-01,2.607102261372656882e-01,2.955143373787532182e-02,-1.043638922564416871e-01,-3.163119524671159644e-02,-1.016854483158234679e+00,3.363954580621273394e-01,-1.753578473939382265e-01,7.688606716460582025e-01,1.189111866020243768e+00,1.114545333636888375e-01,7.847458506837883263e-01,-1.317370408360453826e+00,-6.630999464080198358e-01,9.883408771023615147e-01,8.436848261920463221e-01,-7.413019687202115904e-01,1.380719923083066625e-01,-7.407501325875026632e-01
1.019519840158869817e-01,-4.175221447515762435e-02,5.638395750919851235e-01,5.744877250200456364e-01,3.144147832558393807e-01,3.165198201529875743e-01,-6.862378606006787063e-01,-1.887857087661999334e+00,5.390720509958407680e-01,5.220483996081810851e-02,1.566954220557351007e+00,-5.562428742356423372e-01,-2.584049954768039004e-01,-1.746129262865069753e+00,-3.730685696482913261e-01,-1.820150476885978030e-01,1.570751382396894602e+00,-7.104721975168570847e-01,2.611952112454739017e-01,2.979903754548428318e-02,-1.043515638180908534e-01,-3.154436867731276462e-02,-1.012005818206808794e+00,3.352020730586236508e-01,-1.763131075200591036e-01,7.728319096429662194e-01,1.187173454663666750e+00,1.101732086185073373e-01,7.834409452151713804e-01,-1.316692541307518560e+00,-6.496007233659586433e-01,1.001719816548939601e+00,8.674361148531013477e-01,-7.345255190056192429e-01,1.311748676598758212e-01,-7.496431010426917174e-01
1.019519840158869817e-01,-4.175221447515762435e-02,5.666928714341671336e-01,5.758802042890175388e-01,3.118570063932557535e-01,3.134650849481744328e-01,-6.876385957680895000e-01,-1.872679865977686653e+00,5.382962991285354937e-01,5.932450032184981292e-02,1.544291403379599581e+00,-5.534300916381871271e-01,-2.601794665507240478e-01,-1.732750568046143247e+00,-3.723986904402859510e-01,-1.829049675346784143e-01,1.562408250299911039e+00,-7.117465248693534141e-01,2.615958149517600417e-01,2.945402566728173160e-02,-1.045168155024052414e-01,-3.236334448392458318e-02,-1.008935463688004130e+00,3.346616267102311415e-01,-1.772633728530070563e-01,7.773377530805175573e-01,1.185720343912827879e+00,1.090841943462381169e-01,7.826234134164881118e-01,-1.323629011383394172e+00,-6.290920911067376942e-01,1.014863239218712687e+00,9.148468967645883021e-01,-7.258370662648940819e-01,1.126190153514759346e-01,-7.658717314753149541e-01
1.019519840158869817e-01,-4.175221447515762435e-02,5.695461677763492547e-01,5.772612957071003859e-01,3.092930626559274865e-01,3.104041510693664185e-01,-6.890257330973801331e-01,-1.860434158189436582e+00,5.375930887344763098e-01,6.653627262438523149e-02,1.508451825321368123e+00,-5.431442471741703137e-01,-2.617999999999999772e-01,-1.707152331903569964e+00,-3.705220449421182671e-01,-1.863624574987871318e-01,1.543824370680525915e+00,-7.167697633827355697e-01,2.617999999999999772e-01,2.872594092396295665e-02,-1.045010993247893760e-01,-3.319359680000000257e-02,-9.959392545150886900e-01,3.336855171596327385e-01,-1.781457866848518701e-01,7.787028800090619596e-01,1.182888727114642879e+00,1.079636425767531438e-01,7.790490301185520883e-01,-1.326456603894386355e+00,-5.919284107592215349e-01,1.036191806886599398e+00,9.837380987973418645e-01,-7.179638548761204664e-01,8.946442052982021831e-02,-7.908877667497125064e-01
1.012688381880850197e-01,-4.090012846546054598e-02,5.734225877249593539e-01,5.801895633939988528e-01,3.034076399385616241e-01,3.044975858636002619e-01,-6.918129044465942679e-01,-1.833986077401622783e+00,5.295029122890902995e-01,6.380809777480060674e-02,1.496779746812935130e+00,-5.397632244553420833e-01,-2.617999999999999772e-01,-1.682713413566030436e+00,-3.620809760804480359e-01,-1.832070635557465632e-01,1.533657417124181022e+00,-7.149483463704009445e-01,2.581798268939925478e-01,2.942307496662904809e-02,-1.021869692131163049e-01,-3.194972209316821604e-02,-9.671169650323847566e-01,3.236506975107711348e-01,-1.634655306708091838e-01,7.803892672133593278e-01,1.168985924551519950e+00,9.197481785359137851e-02,7.795729013014924824e-01,-1.270931857783564878e+00,-5.693654782381950552e-01,9.418559051624573186e-01,9.779784401919699999e-01,-7.735233022118176427e-01,6.921422991127965108e-02,-7.785146418137618429e-01
1.005856923602830716e-01,-4.004804245576347455e-02,5.772990076735693421e-01,5.830680109057747584e-01,2.974961639746207531e-01,2.985648738189227158e-01,-6.945406706595803614e-01,-1.807397878355697873e+00,5.214292872813653945e-01,6.107790210515299384e-02,1.484946370511274649e+00,-5.363731210014220929e-01,-2.617999999999999772e-01,-1.658144523232613077e+00,-3.537016228021437891e-01,-1.800014115190159691e-01,1.523336606706919838e+00,-7.130357281959021076e-01,2.545471406118279822e-01,2.983078906812303838e-02,-9.991367883656644688e-02,-3.124316934974090756e-02,-9.398289989676278378e-01,3.155944014591919311e-01,-1.538882897624279933e-01,7.849454169983692831e-01,1.150158023703163224e+00,7.696188146007826303e-02,7.813282430982694260e-01,-1.238669860448250670e+00,-5.542998249128591182e-01,9.302139607386187281e-01,9.835850652232728253e-01,-7.523593574848127519e-01,5.984026470087031035e-02,-7.866086002019498924e-01
9.990254653248105410e-02,-3.919595644606631984e-02,5.811754276221797744e-01,5.858963910736266767e-01,2.915591423753861045e-01,2.926065243701312935e-01,-6.972087975063574472e-01,-1.780669549378122163e+00,5.133727918770463194e-01,5.834386971562387919e-02,1.472945017586697158e+00,-5.329681072840706246e-01,-2.617999999999999772e-01,-1.633443564106768608e+00,-3.453846601357993262e-01,-1.767461478891158289e-01,1.512855970076905754e+00,-7.110276008540483694e-01,2.509007395647408489e-01,3.017848166683335248e-02,-9.763836755429421144e-02,-3.057416691040092116e-02,-9.132056344041875606e-01,3.076848437677744963e-01,-1.443076127950087273e-01,7.903617335466385230e-01,1.131513542896217972e+00,6.127201128380026229e-02,7.825495498657913940e-01,-1.207440790229746153e+00,-5.386997047414678885e-01,9.181554397834648107e-01,9.917761754942618913e-01,-7.320140469080446133e-01,4.811385836300865332e-02,-7.948604780125537728e-01
9.921940070467910600e-02,-3.834387043636924841e-02,5.850518475707898736e-01,5.886744610279747159e-01,2.855970849457127869e-01,2.866230491534779157e-01,-6.998170558781042772e-01,-1.753800945160732816e+00,5.053340475510806895e-01,5.560412641838136105e-02,1.460768796456921592e+00,-5.295421730125308146e-01,-2.617999999999999772e-01,-1.608608415893181043e+00,-3.371307800175363800e-01,-1.734418563771884803e-01,1.502209364571288175e+00,-7.089195132422410062e-01,2.472394665198439645e-01,3.048338935672974953e-02,-9.535774241589822786e-02,-2.990360006907026927e-02,-8.871692758553849645e-01,2.999396962686451951e-01,-1.347269333955639636e-01,7.964098953059995933e-01,1.113048200752879691e+00,4.499987272434565616e-02,7.831105232386768034e-01,-1.177007102190851473e+00,-5.230106828811980080e-01,9.057942962691094557e-01,1.001523766293053175e+00,-7.123288051968585943e-01,3.453230052373793685e-02,-8.028391835235391127e-01
9.853625487687714402e-02,-3.749178442667217004e-02,5.889282675193998617e-01,5.914019822193169462e-01,2.796105036402506960e-01,2.806149619627320013e-01,-7.023652218068336950e-01,-1.726791777771738534e+00,4.973137246595292216e-01,5.285673991228662799e-02,1.448410588808330512e+00,-5.260891227873739640e-01,-2.617999999999999772e-01,-1.583636928874543548e+00,-3.289406934178942810e-01,-1.700890592367090837e-01,1.491390466139177029e+00,-7.067068689538359427e-01,2.435622099238148319e-01,3.077076046600123876e-02,-9.306298549902343453e-02,-2.917906160862567336e-02,-8.616376170211123009e-01,2.923700796989590622e-01,-1.251562218378922120e-01,8.028341692109528527e-01,1.094744651269435876e+00,2.825244683801357570e-02,7.828851266995847658e-01,-1.147009761761443203e+00,-5.078545663063139814e-01,8.933898431551038355e-01,1.011306524469735013e+00,-6.929757184162605999e-01,1.988168891981158606e-02,-8.100227883127322226e-01
9.785310904907519591e-02,-3.663969841697509167e-02,5.928046874680099609e-01,5.940787204387116827e-01,2.735999125194863990e-01,2.745827787050640345e-01,-7.048530764846233643e-01,-1.699641606816234995e+00,4.893125483918956409e-01,5.009972030307279639e-02,1.435863033832657232e+00,-5.226025709511488149e-01,-2.617999999999999772e-01,-1.558526917662241384e+00,-3.208151326277479676e-01,-1.666882184707225711e-01,1.480392760991886769e+00,-7.043849241367485803e-01,2.398679052296661396e-01,3.099873832332514234e-02,-9.076908265378137719e-02,-2.848820643703861566e-02,-8.366632781549223630e-01,2.849678540326490706e-01,-1.155493893655729076e-01,8.099173265294368207e-01,1.076633533102308915e+00,1.099580660079910177e-02,7.819644866819995821e-01,-1.117941034088790753e+00,-4.923405063031576767e-01,8.804509567120888391e-01,1.023363385545563498e+00,-6.745162221453617768e-01,3.093894867942315920e-03,-8.169609168578441105e-01
9.716996322127317842e-02,-3.578761240727794390e-02,5.966811074166203932e-01,5.967044458378902849e-01,2.675658277055989465e-01,2.685270173567441132e-01,-7.072804062824057381e-01,-1.672349828637964331e+00,4.813313051242501528e-01,4.733102099909308053e-02,1.423118510426094829e+00,-5.190759354796821157e-01,-2.617999999999999772e-01,-1.533276152707133022e+00,-3.127548534483163833e-01,-1.632397375093503356e-01,1.469209533660579714e+00,-7.019487835181881241e-01,2.361555361079864523e-01,3.117314277884721679e-02,-8.847587612993144945e-02,-2.781807940687731559e-02,-8.122000480337371320e-01,2.777377711603980504e-01,-1.058987675652393046e-01,8.175452700295785524e-01,1.058711617806652239e+00,-6.697412748544098911e-03,7.802803420311986704e-01,-1.089720366420616537e+00,-4.766241247477581711e-01,8.669686581408052595e-01,1.037349220687988405e+00,-6.569332850020633829e-01,-1.562982414753349286e-02,-8.234552087176520985e-01
9.648681739347121644e-02,-3.493552639758086553e-02,6.005575273652303814e-01,5.992789329489923711e-01,2.615087673381447098e-01,2.624481979186660263e-01,-7.096470027683100534e-01,-1.644915664653762599e+00,4.733708491960482712e-01,4.454853990204803160e-02,1.410169117494730839e+00,-5.155024309568224661e-01,-2.617999999999999772e-01,-1.507882351526220965e+00,-3.047606375512793564e-01,-1.597439627687696762e-01,1.457833854117125183e+00,-6.993933960074668610e-01,2.324241356310931261e-01,3.134287487382567822e-02,-8.616143729917241645e-02,-2.706726915492624688e-02,-7.884421083648268658e-01,2.737219980114943829e-01,-1.046100795241586695e-01,8.250945222922152489e-01,1.032739270627510697e+00,-2.159863339462649370e-02,7.792260206435519532e-01,-1.060179800754833312e+00,-4.606245973687168593e-01,8.461277120056857060e-01,1.050341924170865360e+00,-6.465694723881476591e-01,-3.592068020740264711e-02,-8.271627029427269795e-01
9.580367156566926834e-02,-3.408344038788378716e-02,6.044339473138404806e-01,6.018019607039279961e-01,2.554292515295605859e-01,2.563468423716919187e-01,-7.119526627255630125e-01,-1.617338148698541866e+00,4.654321101297516639e-01,4.175012092393624169e-02,1.397006652076511424e+00,-5.118750604766553192e-01,-2.617999999999999772e-01,-1.482343169368534053e+00,-2.968332949954071709e-01,-1.562011851588807898e-01,1.446258563546325870e+00,-6.967135496550310725e-01,2.286727874174949160e-01,3.143861859210999449e-02,-8.385830685795510331e-02,-2.637865646735041564e-02,-7.651342214945642262e-01,2.698346681102122280e-01,-1.032546282055691600e-01,8.332119017072768807e-01,1.006977910790403996e+00,-3.699288606008129671e-02,7.774610233433540962e-01,-1.031923032996215017e+00,-4.440927355310585467e-01,8.247860361320923372e-01,1.066314067199241489e+00,-6.370702771410935439e-01,-5.840509130588471959e-02,-8.306921803540192606e-01
9.512052573786730636e-02,-3.323135437818671573e-02,6.083103672624505798e-01,6.042733124533594680e-01,2.493278023205061922e-01,2.502234746318333092e-01,-7.141971881699364921e-01,-1.589616113261913322e+00,4.575161003164064932e-01,3.893355585328882318e-02,1.383622584994620430e+00,-5.081866063153165358e-01,-2.617999999999999772e-01,-1.456656189191059214e+00,-2.889736669065947616e-01,-1.526116415614850175e-01,1.434476258533051052e+00,-6.939038658390955794e-01,2.249006267320452779e-01,3.150390077398998456e-02,-8.154604307874660507e-02,-2.566358205490476552e-02,-7.421616238909085617e-01,2.660744363705255244e-01,-1.018625135767511486e-01,8.415159293425683584e-01,9.813790770725987489e-01,-5.273006452356575335e-02,7.748244587695222174e-01,-1.004256895414241457e+00,-4.281219302048135944e-01,8.035485454317475851e-01,1.082437440597977085e+00,-6.276678040245157186e-01,-8.157438822284010516e-02,-8.332671142670617925e-01
9.443737991006528887e-02,-3.237926836848956103e-02,6.121867872110609010e-01,6.066927759853055768e-01,2.432049436350349203e-01,2.440786205052611624e-01,-7.163803863667486116e-01,-1.561748174483493790e+00,4.496239231943588432e-01,3.609658659404609699e-02,1.370008033726044294e+00,-5.044296191976533894e-01,-2.617999999999999772e-01,-1.430818910859959603e+00,-2.811826283362873213e-01,-1.489755162850087133e-01,1.422479273482647466e+00,-6.909587925799174357e-01,2.211068415393530051e-01,3.152642152466618441e-02,-7.923116145176566094e-02,-2.494738501964844160e-02,-7.195152104127296999e-01,2.624330855881054636e-01,-1.004148461149920318e-01,8.500378979647127409e-01,9.559459578392242030e-01,-6.877038436388260845e-02,7.713080717390281560e-01,-9.773485674149784419e-01,-4.124605197473873441e-01,7.822295248306065929e-01,1.099409127621071347e+00,-6.185405522209737050e-01,-1.057231129102420425e-01,-8.350270041163869728e-01
9.375423408226334077e-02,-3.152718235879248959e-02,6.160632071596710002e-01,6.090601435433624644e-01,2.370612012356074216e-01,2.379128076431581140e-01,-7.185020698474147149e-01,-1.533732715751745745e+00,4.417567819530053286e-01,3.323690780410235718e-02,1.356153732120872091e+00,-5.005964059585595871e-01,-2.617999999999999772e-01,-1.404828739479491606e+00,-2.734610913146242051e-01,-1.452929425024890309e-01,1.410259661063614445e+00,-6.878725968657107837e-01,2.172906735081456819e-01,3.150647734960673740e-02,-7.691400378210305755e-02,-2.422904838656704529e-02,-6.971575546742199148e-01,2.589036618574439008e-01,-9.890394153404588606e-02,8.587033916557701430e-01,9.306666071230847992e-01,-8.504083660827205238e-02,7.668676748872943483e-01,-9.511589470419762327e-01,-3.971641223927264153e-01,7.608228097072473606e-01,1.117101974484339566e+00,-6.096463258207226454e-01,-1.307219922775516852e-01,-8.359011769845638984e-01
9.307108825446137879e-02,-3.067509634909541122e-02,6.199396271082810994e-01,6.113752118445455741e-01,2.308971026779423619e-01,2.317265654964066335e-01,-7.205620564255437177e-01,-1.505567869724783847e+00,4.339159887991032027e-01,3.035216996487856422e-02,1.342049996550990665e+00,-4.966790153689275567e-01,-2.617999999999999772e-01,-1.378682972739256218e+00,-2.658100081167543149e-01,-1.415640036792039369e-01,1.397809170434277437e+00,-6.846393558596174378e-01,2.134514189645453364e-01,3.142787175835064228e-02,-7.460635225018447114e-02,-2.354043497701093640e-02,-6.750773309581215020e-01,2.554798983639534615e-01,-9.731129506496771775e-02,8.675400541849525027e-01,9.055427296742695198e-01,-1.014923273297664158e-01,7.614936526916875614e-01,-9.260508432668770329e-01,-3.818323194231136863e-01,7.390369449681832847e-01,1.136760739527809871e+00,-6.013096928154461063e-01,-1.571450242642106754e-01,-8.361717025885752053e-01
9.238794242665943068e-02,-2.982301033939833632e-02,6.238160470568910876e-01,6.136377820967435781e-01,2.247131772657170179e-01,2.255204252701273060e-01,-7.225601692125832587e-01,-1.477251498560350873e+00,4.261029748300080855e-01,2.743998291859796324e-02,1.327686687999283688e+00,-4.926692218606553708e-01,-2.617999999999999772e-01,-1.352378787156326645e+00,-2.582303747632191393e-01,-1.377887349961574304e-01,1.385119222983514309e+00,-6.812529468402956923e-01,2.095884297924746342e-01,3.131848096406101428e-02,-7.229014704107150635e-02,-2.282671465453187803e-02,-6.531940253723493850e-01,2.521516324776573170e-01,-9.564415709361125117e-02,8.762983884830594095e-01,8.805341981820177244e-01,-1.179987231736056574e-01,7.550922443838246068e-01,-9.013461457450662184e-01,-3.672510058720868109e-01,7.173094966149176077e-01,1.156063449082967320e+00,-5.929081851248021451e-01,-1.837331480002057649e-01,-8.352107219986422137e-01
9.170479659885741319e-02,-2.897092432970118508e-02,6.276924670055015198e-01,6.158476600157896108e-01,2.185099560051166623e-01,2.192949198780645426e-01,-7.244962366330081061e-01,-1.448781172104472548e+00,4.183193005662951824e-01,2.449791991645048489e-02,1.313053169519459162e+00,-4.885585068426621658e-01,-2.617999999999999772e-01,-1.325913223069322466e+00,-2.507232347778754478e-01,-1.339671247762403705e-01,1.372180885273541096e+00,-6.777070357063308403e-01,2.057011142796347503e-01,3.116298924612950771e-02,-6.997640675915935138e-02,-2.211746490004002155e-02,-6.314887053693988284e-01,2.489124406763584818e-01,-9.388516840865683555e-02,8.849824562233655767e-01,8.556364371102180844e-01,-1.344956559180195410e-01,7.476519407741720746e-01,-8.773618117159879271e-01,-3.530512737806983381e-01,6.953619223300263608e-01,1.176125498004908065e+00,-5.847386132440810513e-01,-2.109919505920448413e-01,-8.332703162540407993e-01
9.102165077105545121e-02,-2.811883832000410671e-02,6.315688869541116190e-01,6.180046558421424807e-01,2.122879715592391747e-01,2.130505838968275167e-01,-7.263700924390538161e-01,-1.420154143743330710e+00,4.105666672060202527e-01,2.152352222870415263e-02,1.298138258399865075e+00,-4.843380372490482255e-01,-2.617999999999999772e-01,-1.299283168220382700e+00,-2.432896832300840972e-01,-1.300991159201476677e-01,1.358984838826523323e+00,-6.739950638501552849e-01,2.017889379077945633e-01,3.096968922785996517e-02,-6.765914278804537052e-02,-2.139697805804033001e-02,-6.099117327944443279e-01,2.457525601154900707e-01,-9.202853332752033988e-02,8.934640552676272884e-01,8.308235810210133909e-01,-1.508824359305821483e-01,7.391249351464749262e-01,-8.537877608637790550e-01,-3.395249040602411617e-01,6.733321317427023445e-01,1.195992223014389566e+00,-5.765455480342508432e-01,-2.383623082219279710e-01,-8.300733656135222960e-01
9.033850494325350311e-02,-2.726675231030703181e-02,6.354453069027217182e-01,6.201085843571834122e-01,2.060477582023525767e-01,2.067879535199834973e-01,-7.281815757249918697e-01,-1.391367323568525105e+00,4.028469286745365308e-01,1.851430437744498378e-02,1.282930172248006206e+00,-4.799986408993201503e-01,-2.617999999999999772e-01,-1.272485339734631404e+00,-2.359308710916374063e-01,-1.261846073598301421e-01,1.345521346339904722e+00,-6.701102331770606435e-01,1.978514240864363005e-01,3.073868258049333724e-02,-6.533803047427810817e-02,-2.066529761611677132e-02,-5.884226587248214679e-01,2.426634655041605138e-01,-9.006495479749790367e-02,9.016549152253208188e-01,8.060746182389669778e-01,-1.670641246486311016e-01,7.294788576281906467e-01,-8.304745785881101350e-01,-3.267569820616730292e-01,6.512337990184443592e-01,1.215287732819919420e+00,-5.682270524610387730e-01,-2.655806826580517366e-01,-8.254905981079455612e-01
8.965535911545155501e-02,-2.641466630060995691e-02,6.393217268513317064e-01,6.221592648991189911e-01,1.997898517740201441e-01,2.005075665120183703e-01,-7.299305309409461762e-01,-1.362417248440211281e+00,3.951621045579212232e-01,1.546776006437754376e-02,1.267416468071573377e+00,-4.755307781766110464e-01,-2.617999999999999772e-01,-1.245516264276186780e+00,-2.286480099433900737e-01,-1.222234555379396181e-01,1.331780213849137695e+00,-6.660454890098717051e-01,1.938881548291739310e-01,3.044934133372924345e-02,-6.303231973148991363e-02,-1.996114474112196946e-02,-5.669931841795083916e-01,2.396429509811234537e-01,-8.798075050629765304e-02,9.095372068127045573e-01,7.813816328119540522e-01,-1.829506987553263520e-01,7.187012730180609710e-01,-8.081236824822727316e-01,-3.141140448615463154e-01,6.285297240399486673e-01,1.236181585525033988e+00,-5.604251726172525538e-01,-2.936955006923254730e-01,-8.200424141663280597e-01
8.897221328764953752e-02,-2.556258029091280568e-02,6.431981467999421387e-01,6.241565213784946442e-01,1.935147896330871031e-01,1.942099621621572458e-01,-7.316168079062510543e-01,-1.333300048452525255e+00,3.875143940249762831e-01,1.238136888050390960e-02,1.251583973260453675e+00,-4.709245094398430975e-01,-2.617999999999999772e-01,-1.218372256122682407e+00,-2.214423770719050055e-01,-1.182154759226838325e-01,1.317750748276817152e+00,-6.617935005777847435e-01,1.898987713727675886e-01,3.012262471882439299e-02,-6.072404175936269716e-02,-1.924509957930904680e-02,-5.455593893978178954e-01,2.366784190168361168e-01,-8.577601370592678742e-02,9.169153767970721347e-01,7.567042770097329729e-01,-1.984149910989596033e-01,7.067397393551403395e-01,-7.857844101413297144e-01,-3.023707780873657325e-01,6.057063662626374079e-01,1.255869255860790901e+00,-5.523783785534696067e-01,-3.211897481216532957e-01,-8.129766337560372369e-01
8.828906745984757554e-02,-2.471049428121573077e-02,6.470745667485522379e-01,6.261001822933150995e-01,1.872231106115409272e-01,1.878956812380598029e-01,-7.332402618223454738e-01,-1.304011409207910033e+00,3.799061908633291074e-01,9.252603902217564416e-03,1.235418707164924301e+00,-4.661694574758344367e-01,-2.617999999999999772e-01,-1.191049392856213363e+00,-2.143153210028072020e-01,-1.141604445686953545e-01,1.303421709712271781e+00,-6.573466387377572273e-01,1.858829747390245979e-01,2.974093115575988239e-02,-5.843151293787323536e-02,-1.855005759212970465e-02,-5.240831156468479524e-01,2.337686182323982509e-01,-8.344173320837666719e-02,9.237345774678200616e-01,7.320293108562392348e-01,-2.133453969148418616e-01,6.935808236223592882e-01,-7.641454739289301745e-01,-2.909356166071097594e-01,5.821527903563011863e-01,1.276431633059828874e+00,-5.447985956093531756e-01,-3.490679179003017829e-01,-8.047855842329952880e-01
8.760592163204562743e-02,-2.385840827151865240e-02,6.509509866971622261e-01,6.279900807437723831e-01,1.809153549682383511e-01,1.815652659393808821e-01,-7.348007532852076640e-01,-1.274546529186559418e+00,3.723400997800844769e-01,6.078940300248565284e-03,1.218905791708200237e+00,-4.612547641622671279e-01,-2.617999999999999772e-01,-1.163543488315203600e+00,-2.072682675251327766e-01,-1.100580997359555807e-01,1.288781257651131051e+00,-6.526969505164473828e-01,1.818405262404155232e-01,2.931006039447793185e-02,-5.615097717402044858e-02,-1.786536963673522951e-02,-5.025102289763767605e-01,2.309060729319758198e-01,-8.097631610060002094e-02,9.298497287006195489e-01,7.073266854800783765e-01,-2.276123232871253010e-01,6.791963135910851213e-01,-7.428237335012440878e-01,-2.800674086104611438e-01,5.578706393858159363e-01,1.296803060735305380e+00,-5.375322637932186121e-01,-3.767091286885966839e-01,-7.951538857124781368e-01
8.692277580424366545e-02,-2.300632226182157750e-02,6.548274066457723253e-01,6.298260544465748012e-01,1.745920643425170615e-01,1.752192598512153643e-01,-7.362981482973259828e-01,-1.244900071348484127e+00,3.648189541479188724e-01,2.857865115064532353e-03,1.202029349153985738e+00,-4.561690403454764509e-01,-2.617999999999999772e-01,-1.135850062387421255e+00,-2.003027262701590760e-01,-1.059081435807159993e-01,1.273816890286325387e+00,-6.478361299878890867e-01,1.777712479308612703e-01,2.882531382339087456e-02,-5.388985570593559510e-02,-1.720000471104376344e-02,-4.807904557509870003e-01,2.280876310670035823e-01,-7.837802991263696784e-02,9.351429092800582765e-01,6.825739938909040072e-01,-2.410818784723931796e-01,6.635708970378021432e-01,-7.220101859332829219e-01,-2.695756571062388196e-01,5.322909414076608670e-01,1.317581651174204671e+00,-5.311288904578925774e-01,-4.043579212707028026e-01,-7.841786061287364662e-01
8.623962997644164796e-02,-2.215423625212442627e-02,6.587038265943827575e-01,6.316079457488845694e-01,1.682537817076840414e-01,1.688582078974193434e-01,-7.377323182792042688e-01,-1.215066107920440341e+00,3.573458354148392746e-01,-4.131116137229863539e-04,1.184772384754929409e+00,-4.509003077294052031e-01,-2.617999999999999772e-01,-1.107964307145936411e+00,-1.934202979191968763e-01,-1.017102439346172782e-01,1.258515375774134304e+00,-6.427554849136615234e-01,1.736750230038531517e-01,2.827458509184800281e-02,-5.166619159673738193e-02,-1.657650892371402215e-02,-4.588692693394951783e-01,2.253148474111413557e-01,-7.564766893639049417e-02,9.394949703097047466e-01,6.577539671370735697e-01,-2.536048866905832311e-01,6.466956538339033722e-01,-7.029271081865914317e-01,-2.585770307157913561e-01,5.030303299688861918e-01,1.342200564481757175e+00,-5.281995750881874896e-01,-4.337718602659432210e-01,-7.726122760090013974e-01
8.555648414863969986e-02,-2.130215024242735136e-02,6.625802465429927457e-01,6.333356016418529855e-01,1.619010513243940297e-01,1.624826562938213315e-01,-7.391031400804032314e-01,-1.185038057088082741e+00,3.499240944419482191e-01,-3.736444133736428405e-03,1.167116651513990355e+00,-4.454359313121907249e-01,-2.617999999999999772e-01,-1.079881048734308679e+00,-1.866226821281495585e-01,-9.746403619110899363e-02,1.242862674194184391e+00,-6.374458984643951442e-01,1.695517961409260810e-01,2.770922773953465520e-02,-4.941798109233413311e-02,-1.590225196293595239e-02,-4.367144752589907086e-01,2.225619463224426109e-01,-7.278848346469914132e-02,9.427238833043211086e-01,6.328189615827378711e-01,-2.650875098167705390e-01,6.285691800964918752e-01,-6.795765477992130599e-01,-2.508444525684754289e-01,4.765973950420575589e-01,1.354316254570987477e+00,-5.206817284716241945e-01,-4.562461439479804648e-01,-7.564252912851416877e-01
8.487333832083773788e-02,-2.045006423273027299e-02,6.664566664916028449e-01,6.350088737737615840e-01,1.555344186939102424e-01,1.560931525013153631e-01,-7.404104959901146588e-01,-1.154808610021182069e+00,3.425573750908038062e-01,-7.114536397871885909e-03,1.149042493668505305e+00,-4.397625405793580411e-01,-2.617999999999999772e-01,-1.051594704289777527e+00,-1.799116862728677990e-01,-9.316912532191583274e-02,1.226843848671059334e+00,-6.318977852090910119e-01,1.654015738144746783e-01,2.710336828633955891e-02,-4.717632933261715900e-02,-1.522573266134448662e-02,-4.142861933571023170e-01,2.198371128961451038e-01,-6.980258420129335784e-02,9.447676344165691908e-01,6.077679279528447331e-01,-2.753864205105050478e-01,6.092129899088887246e-01,-6.528403126917304844e-01,-2.456442537762433265e-01,4.545882891617450960e-01,1.356526380534825771e+00,-5.071785138291835526e-01,-4.729081452344139347e-01,-7.364680391247502289e-01
8.419019249303578978e-02,-1.959797822303319809e-02,6.703330864402128331e-01,6.366276184627589485e-01,1.491544305112658397e-01,1.496902451788534316e-01,-7.416542737472701097e-01,-1.124369646288261970e+00,3.352496404536548513e-01,-1.054972526116610201e-02,1.130528664717020737e+00,-4.338659372467751907e-01,-2.617999999999999772e-01,-1.023099233048418544e+00,-1.732892351390757091e-01,-8.882508805085592707e-02,1.210442963815222317e+00,-6.261010403953590764e-01,1.612244245500998874e-01,2.643465558195061058e-02,-4.497444181270420643e-02,-1.458811469312850870e-02,-3.915312373029245507e-01,2.171514201283529788e-01,-6.669842985351547016e-02,9.455165152493303360e-01,5.825997873319983533e-01,-2.843338309438965261e-01,5.886490466432682256e-01,-6.250625752557164017e-01,-2.413434520690621032e-01,4.341833522705593196e-01,1.355330824393464750e+00,-4.910741418838270866e-01,-4.870561469759435713e-01,-7.143853517880719428e-01
8.350704666523384168e-02,-1.874589221333612318e-02,6.742095063888229323e-01,6.381916967091987303e-01,1.427616346183192275e-01,1.432744841363327026e-01,-7.428343665501802029e-01,-1.093712135241155625e+00,3.280052022101451192e-01,-1.404426101546011989e-02,1.111552114798567636e+00,-4.277309868144210658e-01,-2.617999999999999772e-01,-9.943880805960404468e-01,-1.667573817048990104e-01,-8.443147521811036893e-02,1.193642969255956032e+00,-6.200449813408098754e-01,1.570204791550599832e-01,2.570385427462881789e-02,-4.281693790944759298e-02,-1.398823679806363886e-02,-3.684075159810898392e-01,2.145077217778609824e-01,-6.348724717079827495e-02,9.448424362332954463e-01,5.573071667032463150e-01,-2.917839487407732912e-01,5.669125032521064034e-01,-5.961238968339290789e-01,-2.379088078542839768e-01,4.155243340077775516e-01,1.350462225781993153e+00,-4.722043891018192219e-01,-4.984121068967477530e-01,-6.902007201879303278e-01
8.282390083743181031e-02,-1.789380620363896848e-02,6.780859263374333645e-01,6.397009742075765448e-01,1.363565799567105497e-01,1.368464202873828361e-01,-7.439506730657051703e-01,-1.062826020335733812e+00,3.208287537089459240e-01,-1.760028470665856229e-02,1.092087740930745010e+00,-4.213414905054047588e-01,-2.617999999999999772e-01,-9.654541150036139996e-01,-1.603183191939839547e-01,-7.998781437541716000e-02,1.176425565558082864e+00,-6.137182795023268245e-01,1.527899309211169787e-01,2.501258361494323318e-02,-4.054429423147852540e-02,-1.324433645382810422e-02,-3.450192100425721331e-01,2.118508078407922157e-01,-6.016132272684517751e-02,9.428168345221987767e-01,5.318508533066865773e-01,-2.978617358470582177e-01,5.441032860086308931e-01,-5.544591586742684264e-01,-2.411553990303474948e-01,4.102969365860251183e-01,1.311610947707634756e+00,-4.365158307512316260e-01,-4.902129738663370540e-01,-6.577094852213807297e-01
8.214075500962986220e-02,-1.704172019394189705e-02,6.819623462860433527e-01,6.411553213580614141e-01,1.299398165207273359e-01,1.304066056020626307e-01,-7.450030974379561188e-01,-1.031700082554718012e+00,3.137254075200747727e-01,-2.121980153019503365e-02,1.072108091916242678e+00,-4.146800332706361836e-01,-2.617999999999999772e-01,-9.362895533027116857e-01,-1.539743946143656006e-01,-7.549361266207667287e-02,1.158771049208960680e+00,-6.071088814709014736e-01,1.485330358121340344e-01,2.424694188625610772e-02,-3.833194228163143424e-02,-1.256138772530447124e-02,-3.212299722087448295e-01,2.092503004873346173e-01,-5.675067754987282720e-02,9.392625331713038150e-01,5.062863363586332932e-01,-3.022180953692882865e-01,5.202501105342849375e-01,-5.160792849335762433e-01,-2.419583030089537123e-01,3.966168364057832130e-01,1.281334917489327374e+00,-4.094911520352430556e-01,-4.855032828196484962e-01,-6.262103619065761961e-01
8.145760918182790022e-02,-1.618963418424481868e-02,6.858387662346534519e-01,6.425546132776248642e-01,1.235118953100737132e-01,1.239555930594588851e-01,-7.459915492965273343e-01,-1.000321778045473842e+00,3.067007383943466947e-01,-2.490464940353034201e-02,1.051583017497053518e+00,-4.077278023640513172e-01,-2.617999999999999772e-01,-9.068858763972551529e-01,-1.477281240447675670e-01,-7.094836002379421858e-02,1.140658132595168350e+00,-6.002039167353087068e-01,1.442501126493404562e-01,2.343227107483698141e-02,-3.614344793900176045e-02,-1.189367138893736298e-02,-2.970551587109503955e-01,2.067014130151861029e-01,-5.326803460227159254e-02,9.341472296140629350e-01,4.806162388224247128e-01,-3.048022814921409473e-01,4.954434224154803390e-01,-4.777086952652910834e-01,-2.423056073674703936e-01,3.807748548326885807e-01,1.250711054676990841e+00,-3.841996511504274792e-01,-4.792925575052998100e-01,-5.939675536294470870e-01
8.077446335402595212e-02,-1.533754817454774377e-02,6.897151861832635511e-01,6.438987298107646806e-01,1.170733682825590150e-01,1.174939366002057672e-01,-7.469159437642546306e-01,-9.686773615664692194e-01,2.997579443568278990e-01,-2.865230329217095459e-02,1.030479948872131235e+00,-4.004646699173987079e-01,-2.609034464344966997e-01,-8.772337300490591350e-01,-1.415822099886077934e-01,-6.635153285211288499e-02,1.122063733908460481e+00,-5.929895895412651274e-01,1.399415433103729234e-01,2.256544498906106269e-02,-3.398789228263059820e-02,-1.124583299763936596e-02,-2.724787452006551258e-01,2.042190143838520100e-01,-4.973409479601135358e-02,9.274048116287975096e-01,4.548602628142587312e-01,-3.055026489304345505e-01,4.697741557578324900e-01,-4.396029801010746252e-01,-2.421450387594218934e-01,3.634007223916660423e-01,1.220266267413179451e+00,-3.601187376232674042e-01,-4.717860101655619864e-01,-5.611952695658477541e-01
8.009131752622393463e-02,-1.448546216485059254e-02,6.935916061318738723e-01,6.451875555398218776e-01,1.106247883067006527e-01,1.110221910789168237e-01,-7.477762014645046307e-01,-9.367506547792863181e-01,2.929052609823895592e-01,-3.246672257505339027e-02,1.008761316717184942e+00,-3.928680252826400321e-01,-2.596296763694107557e-01,-8.473228089835218579e-01,-1.355395611904019748e-01,-6.170259814270383919e-02,1.102962730658737067e+00,-5.854510515073005905e-01,1.356077729622014449e-01,2.164857215611969490e-02,-3.186552491148449823e-02,-1.061288110482915339e-02,-2.474988848467247760e-01,2.018178004308363582e-01,-4.617042258838863905e-02,9.189956390142647313e-01,4.290414919557039020e-01,-3.042345945080551228e-01,4.433484607146414569e-01,-4.016287267923986382e-01,-2.415751966084386804e-01,3.449904620378836939e-01,1.189539752472402734e+00,-3.367939684756365848e-01,-4.626492344537321277e-01,-5.279126990979240430e-01
7.940817169842198653e-02,-1.363337615515351417e-02,6.974680260804839715e-01,6.464209797948922143e-01,1.041667091142521456e-01,1.045409122165430471e-01,-7.485722485279905358e-01,-9.045236284861255527e-01,2.861509183558264557e-01,-3.635040440674978945e-02,9.863856393429049074e-01,-3.849132037533268824e-01,-2.582758574686571107e-01,-8.171417203984826516e-01,-1.296033154048385483e-01,-5.700101829718438179e-02,1.083327668842091862e+00,-5.775722507992540056e-01,1.312493103531562622e-01,2.070582625670903607e-02,-2.972907286876519395e-02,-9.950896781401449495e-03,-2.221701121566003467e-01,1.994978850125027625e-01,-4.259231217864473118e-02,9.089927131243140668e-01,4.031762090502318263e-01,-3.010219133940774672e-01,4.162925240857605624e-01,-3.624951140954571494e-01,-2.411134300160817923e-01,3.262412345684703174e-01,1.155099234726950641e+00,-3.134633690980464515e-01,-4.498358296796756139e-01,-4.937246351860538063e-01
7.872502587062002455e-02,-1.278129014545643927e-02,7.013444460290940707e-01,6.475988966633285937e-01,9.769968525265167181e-02,9.805065655265007840e-02,-7.493040165991148305e-01,-8.719759852722115401e-01,2.795029230531530517e-01,-4.030407739684125495e-02,9.633066920937856104e-01,-3.765730543908212269e-01,-2.568427392951518895e-01,-7.866778222073190774e-01,-1.237768657345705986e-01,-5.224625672249386815e-02,1.063128417771616707e+00,-5.693357525896231008e-01,1.268667281958174853e-01,1.971297500144145870e-02,-2.762933409582378833e-02,-9.302007082659926804e-03,-1.964599600671443347e-01,1.972988538905598443e-01,-3.903064313090363197e-02,8.973187775575175440e-01,3.773076639795421294e-01,-2.957237757087650687e-01,3.887225674880206427e-01,-3.238003769595538817e-01,-2.401369740916668716e-01,3.067361534261510148e-01,1.120967392417122621e+00,-2.908467823014655451e-01,-4.355624051869312896e-01,-4.594293966239224036e-01
7.804188004281806257e-02,-1.192920413575936089e-02,7.052208659777041699e-01,6.487212049988360096e-01,9.122427203740571255e-02,9.155198139763118248e-02,-7.499714428418400303e-01,-8.390845959925726794e-01,2.729700970658098802e-01,-4.432801764405697176e-02,9.394723056427366492e-01,-3.678173343184591437e-01,-2.553311969561612438e-01,-7.559170299314351693e-01,-1.180638913082739799e-01,-4.743778444280676715e-02,1.042331757551929750e+00,-5.607225239223999624e-01,1.224606636815796096e-01,1.865500784352676009e-02,-2.560710789725460096e-02,-8.695574713454565577e-03,-1.703868130838438466e-01,1.952596156602933730e-01,-3.550850730294179136e-02,8.840093585528575604e-01,3.514869701749929742e-01,-2.882820353081143039e-01,3.607860877341635963e-01,-2.863457916297384442e-01,-2.384179358126488069e-01,2.864380610102180702e-01,1.089103432356395951e+00,-2.690992929186709626e-01,-4.209268178866397148e-01,-4.253574757596201850e-01
7.735873421501604508e-02,-1.107711812606220966e-02,7.090972859263144912e-01,6.497878084301575985e-01,8.474102550440398840e-02,8.504544478485062675e-02,-7.505744699450827007e-01,-8.058229538944106096e-01,2.665621948597822755e-01,-4.842194592138937548e-02,9.148231951116037042e-01,-3.586120947250856505e-01,-2.537422370037466512e-01,-7.248435909503596619e-01,-1.124683935640527210e-01,-4.257508730870339375e-02,1.020900894774287693e+00,-5.517116804491549731e-01,1.180318191998748628e-01,1.760316254082443591e-02,-2.349460791449002953e-02,-7.992744718184263339e-03,-1.440247722382098083e-01,1.933450895029275030e-01,-3.204779937326083378e-02,8.691388705220527422e-01,3.256752037189529214e-01,-2.788356513709944751e-01,3.325793359794773640e-01,-2.465727692650386271e-01,-2.371992033332948335e-01,2.664930111287984738e-01,1.050243888797221858e+00,-2.469406978155089527e-01,-4.004545485850257158e-01,-3.905441883545212045e-01
7.667558838721409697e-02,-1.022503211636514170e-02,7.129737058749245904e-01,6.507986153693476883e-01,7.825050236217535871e-02,7.853160542272828726e-02,-7.511130461276359638e-01,-7.721604828657901987e-01,2.602900471384604897e-01,-5.258489761024778830e-02,8.892914795402055983e-01,-3.489189035599287170e-01,-2.520770051640711107e-01,-6.934398148761276026e-01,-1.069947392798337588e-01,-3.765767467542564806e-02,9.987948789057833343e-01,-5.422801792201846771e-01,1.135809634076144214e-01,1.647149011570186658e-02,-2.150378396214137205e-02,-7.357345500918393948e-03,-1.173218117659985821e-01,1.916633699991101836e-01,-2.868002953771141283e-02,8.526576081372772009e-01,2.999857044743674539e-01,-2.671567723546656725e-01,3.042835961205774820e-01,-2.088912444512431299e-01,-2.350316301948081610e-01,2.457752431512889302e-01,1.015647561379443786e+00,-2.258359720655574721e-01,-3.807013673489634820e-01,-3.564270564229155558e-01
7.599244255941214887e-02,-9.372946106668063326e-03,7.168501258235346896e-01,6.517535390196389500e-01,7.175325994408056351e-02,7.201102264676043085e-02,-7.515871251426151645e-01,-7.380616648682405412e-01,2.541657394500634881e-01,-5.681506026443690349e-02,8.627988224950905449e-01,-3.386938687519697178e-01,-2.503367957828787072e-01,-6.616858238012907067e-01,-1.016477160957733467e-01,-3.268508324389936270e-02,9.759680251140485652e-01,-5.324025029788139740e-01,1.091089337494534628e-01,1.531075726736398288e-02,-1.951087629366461684e-02,-6.692729943998033948e-03,-9.036318183812837301e-02,1.902003144581698446e-01,-2.542325763476993572e-02,8.347024265252284136e-01,2.743944161276783422e-01,-2.533959787842104960e-01,2.760104142129951588e-01,-1.708954708228966335e-01,-2.327495348959426891e-01,2.250439454763812630e-01,9.790272931049746052e-01,-2.049881123400230098e-01,-3.579302856671938704e-01,-3.224482324495847041e-01
7.530929673161018689e-02,-8.520860096970984954e-03,7.207265457721446777e-01,6.526524973828943255e-01,6.524985616045694825e-02,6.548425637149267453e-02,-7.519966662814294711e-01,-7.034849610880805626e-01,2.482028410063248092e-01,-6.110958155800072511e-02,8.352541854394501808e-01,-3.278864564658574010e-01,-2.485230588861074841e-01,-6.295597769043668190e-01,-9.643262885261601192e-02,-2.765684408221169913e-02,9.523699962129023033e-01,-5.220505977856196855e-01,1.046166479056857695e-01,1.412442546124320283e-02,-1.750231481068645345e-02,-5.983978076340354217e-03,-6.310116172528182354e-02,1.889848162411406074e-01,-2.231494716404676046e-02,8.151324761977666311e-01,2.489021245401722426e-01,-2.374589919720362374e-01,2.478594749527985031e-01,-1.324563904638709766e-01,-2.303980904120656037e-01,2.043947080887685841e-01,9.399556366432716414e-01,-1.844087394819874937e-01,-3.318380559620684456e-01,-2.887661093378623423e-01
7.462615090380816940e-02,-7.668774087273837192e-03,7.246029657207551100e-01,6.534954132666475068e-01,5.874084945071052222e-02,5.895186704243983444e-02,-7.523416343772775239e-01,-6.683814944045153306e-01,2.424167678508384605e-01,-6.546440288064132862e-02,8.065515771140283618e-01,-3.164382827326957526e-01,-2.466373652087940904e-01,-5.970405765804137621e-01,-9.135563497055901316e-02,-2.257229935892454339e-02,9.279486980377386063e-01,-5.111942695275878412e-01,1.001051851395990538e-01,1.291574062199651526e-02,-1.545882105250826095e-02,-5.215181242241805765e-03,-3.545774221868330800e-02,1.880444959541307526e-01,-1.939480138142860716e-02,7.937221813565970008e-01,2.235019068488464933e-01,-2.191971826362556497e-01,2.199232688062736918e-01,-9.338711960044734917e-02,-2.280291254494339337e-01,1.839225259571885540e-01,8.978337193886488654e-01,-1.641087090249217506e-01,-3.020003898092645800e-01,-2.555404652162889811e-01
7.394300507600622130e-02,-6.816688077576758820e-03,7.284793856693652092e-01,6.542822142907328553e-01,5.222679873536525963e-02,5.241441558796311462e-02,-7.526219998081664642e-01,-6.326907624686931575e-01,2.368251711993104025e-01,-6.987321954639366672e-02,7.765599302917925995e-01,-3.042777713168322018e-01,-2.446815738191111256e-01,-5.640918529028411399e-01,-8.642310164112017301e-02,-1.743163356184545404e-02,9.026274285312891887e-01,-4.997918572627006450e-01,9.557555200886400093e-02,1.161496605435937898e-02,-1.361005260219854199e-02,-4.610287036810594742e-03,-8.330720036466648937e-03,1.875037437681556785e-01,-1.652233020215102335e-02,7.728602923473802955e-01,1.983994354733974175e-01,-1.998877048042589366e-01,1.926451643712246975e-01,-5.785197035553553413e-02,-2.247037711283497441e-01,1.627944488846722604e-01,8.633854560806626388e-01,-1.448325054409988488e-01,-2.748808085824749892e-01,-2.234452267946381854e-01
7.325985924820425932e-02,-5.964602067879680447e-03,7.323558056179751974e-01,6.550128328934989863e-01,4.570826336806607659e-02,4.587246337110062466e-02,-7.528377384994564547e-01,-5.963345316092634185e-01,2.314524603794547164e-01,-7.432932968493032033e-02,7.451318225413762208e-01,-2.913234092346730364e-01,-2.426560287082275003e-01,-5.307540085729419710e-01,-8.165104411517390415e-02,-1.222952318457032859e-02,8.764131603124124537e-01,-4.878130678133975051e-01,9.103095780106787438e-02,1.033958223696250858e-02,-1.153882369353705258e-02,-3.752236997674715351e-03,2.015230954084769668e-02,1.872445352128672968e-01,-1.406162902339997377e-02,7.473995044107958341e-01,1.732008891983092269e-01,-1.765906434051508767e-01,1.654925877793712585e-01,-1.823059709253461655e-02,-2.222605139855668710e-01,1.426801560622966702e-01,8.163847545586134791e-01,-1.252220526306683790e-01,-2.379849077173240013e-01,-1.915977285950048736e-01
7.257671342040231122e-02,-5.112516058182602074e-03,7.362322255665852966e-01,6.556872063376116833e-01,3.918580308755025693e-02,3.932657214136607571e-02,-7.529888319259271379e-01,-5.592003648472069210e-01,2.263253400951970584e-01,-7.881701839356340666e-02,7.120294921291406842e-01,-2.774467448631381394e-01,-2.405632582999297220e-01,-4.969275605514375527e-01,-7.704688420889023448e-02,-6.968376081203037434e-03,8.491267713969661290e-01,-4.751785492290775959e-01,8.647142934957868787e-02,8.974348519432403387e-03,-9.702218232348638893e-03,-3.130819782959661044e-03,4.732587208700671233e-02,1.874911937157272002e-01,-1.157887125703297403e-02,7.244396221909931155e-01,1.483485329009877340e-01,-1.534008705905909598e-01,1.393536864872758352e-01,1.687626484739106897e-02,-2.189050770008044988e-01,1.218467965075901299e-01,7.796194751640208587e-01,-1.066253337010766439e-01,-2.054185568668740192e-01,-1.610509743273626782e-01
7.189356759260029373e-02,-4.260430048485454313e-03,7.401086455151957288e-01,6.563052767154397005e-01,3.265997796958192145e-02,3.277730398651082511e-02,-7.530752671133693621e-01,-5.211142164513243857e-01,2.214894162852208415e-01,-8.331711311854796131e-02,6.769418957148950478e-01,-2.624763093508759582e-01,-2.384016722093940110e-01,-4.626326767564772902e-01,-7.264088570824700497e-02,-1.637986634849960491e-03,8.207116803238706515e-01,-4.618264755409337563e-01,8.190098587907868044e-02,7.566088186096036478e-03,-7.891263843333586048e-03,-2.507594223260612397e-03,7.438090857638031406e-02,1.882310772165863566e-01,-9.310453960931672560e-03,7.006971839455465867e-01,1.235998228670689564e-01,-1.284351790244953606e-01,1.139330310720890055e-01,5.138020991214769378e-02,-2.157049343694150412e-01,1.011952160471984580e-01,7.420172192227235675e-01,-8.830067959564125157e-02,-1.703613655642109426e-01,-1.313904496252925325e-01
7.121042176479833175e-02,-3.408344038788382879e-03,7.439850654638057170e-01,6.568669909540283403e-01,2.613134837886145825e-02,2.622522128426051785e-02,-7.530970366396980697e-01,-4.808406055631714304e-01,2.173577083638672525e-01,-8.780612269688353733e-02,6.386873621433459824e-01,-2.456551904555023813e-01,-2.360616985190231165e-01,-4.296510928966902898e-01,-6.894651545692909167e-02,3.981577329771710839e-03,7.917773722342484888e-01,-4.467467807323191042e-01,7.738263852871198056e-02,6.074860599177092126e-03,-6.029215538323815307e-03,-1.704867207363144985e-03,1.028177128226219900e-01,1.900237320209369474e-01,-7.855960394246410197e-03,6.669135554865046611e-01,9.913391335936158622e-02,-9.345253670577088889e-02,8.901346969034025502e-02,8.883331264639904301e-02,-2.150784015925440718e-01,8.103529333033254733e-02,6.851093552293255895e-01,-6.953471580007683506e-02,-1.186100987388855887e-01,-1.012145892003853825e-01
7.052727593699638364e-02,-2.556258029091304507e-03,7.478614854124158162e-01,6.573723008196565853e-01,1.960047492090418939e-02,1.967088665402068684e-02,-7.530541386355902311e-01,-4.407048573199460195e-01,2.130507101903150180e-01,-9.221406182055139067e-02,5.985333929695769717e-01,-2.279786110947735756e-01,-2.338339155628742227e-01,-3.930840382639327335e-01,-6.469198320781469058e-02,9.333979649727926903e-03,7.597714705058979945e-01,-4.318664124650899439e-01,7.275148540921964890e-02,4.612776988802906597e-03,-4.502627314941137771e-03,-1.387049037943322537e-03,1.266942878674620909e-01,1.917060418293752289e-01,-5.465606656392707138e-03,6.522927623940072417e-01,7.455440715943448260e-02,-7.333927050529784331e-02,6.564144784829986645e-02,1.168170014243190835e-01,-2.103723854213037647e-01,6.000745240262724683e-02,6.681197811756605098e-01,-5.235264189064776919e-02,-9.495728626833337127e-02,-7.439435474401842607e-02
6.984413010919443554e-02,-1.704172019394226134e-03,7.517379053610258044e-01,6.578211629219778978e-01,1.306791839390422129e-02,1.311486290856791505e-02,-7.529465767846458268e-01,-3.973493899246922645e-01,2.097519279297426487e-01,-9.652639348632595373e-02,5.536459066014778330e-01,-2.075459220064920507e-01,-2.313749589395594219e-01,-3.580164677240050830e-01,-6.138343317753618827e-02,1.509244662126758146e-02,7.263430172320981537e-01,-4.142874371212072471e-01,6.817526068977675102e-02,2.996196808668500234e-03,-3.027853346414249337e-03,-9.684234368368457163e-04,1.505845339985890097e-01,1.948871608864524152e-01,-3.873369263512467693e-03,6.290229579886437161e-01,5.039818264993049107e-02,-4.314190141496316439e-02,4.287018676346106283e-02,1.450931150966693062e-01,-2.094106058287435179e-01,3.927586794434689138e-02,6.342436940771247755e-01,-3.452832540345174978e-02,-5.500567963855490516e-02,-4.676704163545155474e-02
6.916098428139241805e-02,-8.520860096970783726e-04,7.556143253096362367e-01,6.582135387177474595e-01,6.534239740578174152e-03,6.557713005720444688e-03,-7.527743603230703240e-01,-3.522197671432144572e-01,2.070160748861437361e-01,-1.007600097775857573e-01,5.052338515840331112e-01,-1.851433193749725259e-01,-2.288170327055078224e-01,-3.220370982944670279e-01,-5.839436581975928492e-02,2.099661929895492787e-02,6.903417481257344557e-01,-3.950835738605821268e-01,6.356397639898384022e-02,1.312824319215367443e-03,-1.694998993917098441e-03,-6.029803027524872818e-04,1.724084865965289093e-01,1.989372053437602206e-01,-2.371285776948344956e-03,6.100444949263719163e-01,2.632807451038159802e-02,-1.451796167798084097e-02,2.093731272063511367e-02,1.692099355920816395e-01,-2.091934960179772929e-01,1.854012416683102626e-02,6.085121711160396130e-01,-1.689125478074379391e-02,-1.799151173176397056e-02,-2.013744788799755325e-02
6.847783845359045607e-02,0.000000000000000000e+00,7.594907452582463359e-01,6.585493945141308592e-01,0.000000000000000000e+00,0.000000000000000000e+00,-7.525375040388829762e-01,-3.113580438017310992e-01,2.026121203854646668e-01,-1.049443851088678048e-01,4.587341246218110125e-01,-1.644799742063050574e-01,-2.268606824146387757e-01,-2.790539162390510697e-01,-5.326212240262114678e-02,2.567004817309038664e-02,6.545465360570861257e-01,-3.819447671346713480e-01,5.883599298422897278e-02,0.000000000000000000e+00,0.000000000000000000e+00,0.000000000000000000e+00,2.000000000000000111e-01,2.000000000000000111e-01,0.000000000000000000e+00,5.999999999999999778e-01,0.000000000000000000e+00,0.000000000000000000e+00,0.000000000000000000e+00,2.000000000000000111e-01,-2.000000000000000111e-01,0.000000000000000000e+00,5.999999999999999778e-01,0.000000000000000000e+00,0.000000000000000000e+00,0.000000000000000000e+00
