2.255266718566417694e-02,5.713842064142227173e-02,7.816371679306030051e-01,9.996026158332824707e-01,1.796481385827064514e-02,1.453733816742897034e-02,1.614300720393657684e-02,-1.272333562374114990e-01,-7.233243435621261597e-02,9.043094515800476074e-02,3.897751867771148682e-01,-2.525868117809295654e-01,5.114338174462318420e-02,-3.567740917205810547e-01,-2.511872053146362305e-01,-1.473852097988128662e-01,8.344069719314575195e-01,-8.635056763887405396e-02,8.112663775682449341e-02,1.917885802686214447e-02,0.000000000000000000e+00,0.000000000000000000e+00,3.402543812990188599e-02,-1.333711389452219009e-02,-1.839712709188461304e-01,8.558036684989929199e-01,5.944079160690307617e-01,0.000000000000000000e+00,0.000000000000000000e+00,6.058935448527336121e-02,-1.390596777200698853e-01,1.300923377275466919e-01,6.994959712028503418e-01,-8.088802695274353027e-01,0.000000000000000000e+00,0.000000000000000000e+00
2.387567050755023956e-02,5.903074145317077637e-02,7.796475052833556907e-01,9.995441436767578125e-01,2.173703908920288086e-02,1.310461759567260742e-02,1.634853892028331757e-02,-1.233961805701255798e-01,-8.343186229467391968e-02,9.300044178962707520e-02,3.933460712432861328e-01,-2.584091722965240479e-01,5.408232659101486206e-02,-3.946228325366973877e-01,-2.756695747375488281e-01,-1.491523534059524536e-01,9.010044336318969727e-01,-5.915789678692817688e-02,7.355549931526184082e-02,1.602914556860923767e-02,0.000000000000000000e+00,0.000000000000000000e+00,3.434954583644866943e-02,-1.765432022511959076e-02,-2.032517343759536743e-01,8.554497957229614258e-01,5.701346397399902344e-01,0.000000000000000000e+00,0.000000000000000000e+00,7.017018646001815796e-02,-1.401956528425216675e-01,1.271800249814987183e-01,6.855324506759643555e-01,-8.033508062362670898e-01,0.000000000000000000e+00,0.000000000000000000e+00
2.569801546633243561e-02,6.081334874033927917e-02,7.786267161369323508e-01,9.994686841964721680e-01,2.482486702501773834e-02,1.199850998818874359e-02,1.738253235816955566e-02,-1.183263212442398071e-01,-9.334438294172286987e-02,9.338638931512832642e-02,3.937327265739440918e-01,-2.625862658023834229e-01,5.682572722434997559e-02,-4.280924797058105469e-01,-2.985021173954010010e-01,-1.579584479331970215e-01,9.522268772125244141e-01,-4.557430744171142578e-02,5.190035328269004822e-02,1.196069363504648209e-02,0.000000000000000000e+00,0.000000000000000000e+00,3.511565178632736206e-02,-2.077119611203670502e-02,-2.244367599487304688e-01,8.528957962989807129e-01,5.472061634063720703e-01,0.000000000000000000e+00,0.000000000000000000e+00,8.158781379461288452e-02,-1.387447118759155273e-01,1.228517293930053711e-01,6.749101877212524414e-01,-7.970719933509826660e-01,0.000000000000000000e+00,0.000000000000000000e+00
2.798116765916347504e-02,6.241858750581741333e-02,7.780295968055724876e-01,9.993810057640075684e-01,2.729239501059055328e-02,1.119262073189020157e-02,1.916951686143875122e-02,-1.136001870036125183e-01,-1.021095216274261475e-01,9.159376472234725952e-02,3.943936228752136230e-01,-2.666709125041961670e-01,5.919849500060081482e-02,-4.581415653228759766e-01,-3.127991855144500732e-01,-1.658859252929687500e-01,9.857469797134399414e-01,-4.504022747278213501e-02,3.703228384256362915e-02,7.068725302815437317e-03,0.000000000000000000e+00,0.000000000000000000e+00,3.639454394578933716e-02,-2.000653371214866638e-02,-2.458338886499404907e-01,8.508364558219909668e-01,5.279454588890075684e-01,0.000000000000000000e+00,0.000000000000000000e+00,9.576147049665451050e-02,-1.357430070638656616e-01,1.183840036392211914e-01,6.674163937568664551e-01,-7.909543514251708984e-01,0.000000000000000000e+00,0.000000000000000000e+00
3.055831976234912872e-02,6.380125880241394043e-02,7.770615577697753684e-01,9.992827773094177246e-01,2.919155545532703400e-02,1.066637970507144928e-02,2.163320407271385193e-02,-1.099177449941635132e-01,-1.093055903911590576e-01,8.831025660037994385e-02,3.968257904052734375e-01,-2.716104686260223389e-01,6.108266115188598633e-02,-4.848317801952362061e-01,-3.141861259937286377e-01,-1.685123741626739502e-01,1.000622868537902832e+00,-4.969453066587448120e-02,4.661816358566284180e-02,1.952116494067013264e-03,0.000000000000000000e+00,0.000000000000000000e+00,3.732110932469367981e-02,-1.392631046473979950e-02,-2.691492438316345215e-01,8.508625626564025879e-01,5.184000730514526367e-01,0.000000000000000000e+00,0.000000000000000000e+00,1.128597036004066467e-01,-1.323359012603759766e-01,1.150553971529006958e-01,6.629630327224731445e-01,-7.862085103988647461e-01,0.000000000000000000e+00,0.000000000000000000e+00
3.349208459258079529e-02,6.505821645259857178e-02,7.763782501220702903e-01,9.992104768753051758e-01,2.970077097415924072e-02,1.070925779640674591e-02,2.411749586462974548e-02,-1.062617897987365723e-01,-1.139806881546974182e-01,8.425728976726531982e-02,3.985995352268218994e-01,-2.765812277793884277e-01,6.259164959192276001e-02,-5.071963071823120117e-01,-3.036454319953918457e-01,-1.680506765842437744e-01,9.947938919067382812e-01,-5.417278036475181580e-02,6.107742711901664734e-02,-2.651189686730504036e-03,0.000000000000000000e+00,0.000000000000000000e+00,3.628569468855857849e-02,-6.799465976655483246e-03,-2.978324890136718750e-01,8.500062823295593262e-01,5.218779444694519043e-01,0.000000000000000000e+00,0.000000000000000000e+00,1.289786547422409058e-01,-1.274579465389251709e-01,1.130404397845268250e-01,6.648354530334472656e-01,-7.834811210632324219e-01,0.000000000000000000e+00,0.000000000000000000e+00
3.678779676556587219e-02,6.616149842739105225e-02,7.759079098701476829e-01,9.991489648818969727e-01,2.989413775503635406e-02,1.114377100020647049e-02,2.614394947886466980e-02,-1.027032732963562012e-01,-1.172070056200027466e-01,8.064278960227966309e-02,4.001357257366180420e-01,-2.819778919219970703e-01,6.372294574975967407e-02,-5.257543921470642090e-01,-2.885140180587768555e-01,-1.686761677265167236e-01,9.690847396850585938e-01,-5.625097081065177917e-02,7.327134162187576294e-02,-6.318890489637851715e-03,0.000000000000000000e+00,0.000000000000000000e+00,3.669701144099235535e-02,-1.224276609718799591e-03,-3.265627026557922363e-01,8.427667617797851562e-01,5.351021289825439453e-01,0.000000000000000000e+00,0.000000000000000000e+00,1.367043107748031616e-01,-1.163801699876785278e-01,1.138188838958740234e-01,6.781614422798156738e-01,-7.823442816734313965e-01,0.000000000000000000e+00,0.000000000000000000e+00
4.042375087738037109e-02,6.713800877332687378e-02,7.756113767623901145e-01,9.991027712821960449e-01,2.966339327394962311e-02,1.200164761394262314e-02,2.774381078779697418e-02,-9.860610216856002808e-02,-1.191352978348731995e-01,7.758840918540954590e-02,3.996989428997039795e-01,-2.869150936603546143e-01,6.452849507331848145e-02,-5.400828719139099121e-01,-2.731708884239196777e-01,-1.723590493202209473e-01,9.258242845535278320e-01,-5.622723326086997986e-02,8.312240242958068848e-02,-9.063378907740116119e-03,0.000000000000000000e+00,0.000000000000000000e+00,3.885252028703689575e-02,3.280628239735960960e-03,-3.503398001194000244e-01,8.297004699707031250e-01,5.491200685501098633e-01,0.000000000000000000e+00,0.000000000000000000e+00,1.417216956615447998e-01,-1.040189042687416077e-01,1.140542700886726379e-01,6.953782439231872559e-01,-7.792021036148071289e-01,0.000000000000000000e+00,0.000000000000000000e+00
4.437712579965591431e-02,6.803452968597412109e-02,7.755251884460448997e-01,9.990750551223754883e-01,2.886468544602394104e-02,1.332962047308683395e-02,2.895217202603816986e-02,-9.316979348659515381e-02,-1.195568740367889404e-01,7.451213896274566650e-02,3.951860070228576660e-01,-2.901898026466369629e-01,6.508660316467285156e-02,-5.497372746467590332e-01,-2.581651210784912109e-01,-1.786876171827316284e-01,8.674622774124145508e-01,-5.433096364140510559e-02,9.131563454866409302e-02,-1.109972316771745682e-02,0.000000000000000000e+00,0.000000000000000000e+00,3.881522640585899353e-02,8.143757469952106476e-03,-3.692946732044219971e-01,8.163467645645141602e-01,5.560662150382995605e-01,0.000000000000000000e+00,0.000000000000000000e+00,1.543426960706710815e-01,-9.782302379608154297e-02,1.104266345500946045e-01,7.040348052978515625e-01,-7.712954878807067871e-01,0.000000000000000000e+00,0.000000000000000000e+00
4.863530024886131287e-02,6.882902234792709351e-02,7.755254864692687766e-01,9.990459084510803223e-01,2.768442779779434204e-02,1.513757277280092239e-02,3.019507788121700287e-02,-8.657851815223693848e-02,-1.192840784788131714e-01,7.102748006582260132e-02,3.874551057815551758e-01,-2.920819222927093506e-01,6.541545689105987549e-02,-5.557203888893127441e-01,-2.430655956268310547e-01,-1.860191226005554199e-01,7.965920567512512207e-01,-4.878447949886322021e-02,9.857174754142761230e-02,-1.256771478801965714e-02,0.000000000000000000e+00,0.000000000000000000e+00,3.272484242916107178e-02,1.366345118731260300e-02,-3.884200453758239746e-01,8.065537810325622559e-01,5.560238361358642578e-01,0.000000000000000000e+00,0.000000000000000000e+00,1.752507090568542480e-01,-9.688815474510192871e-02,1.052626669406890869e-01,7.008846402168273926e-01,-7.605810165405273438e-01,0.000000000000000000e+00,0.000000000000000000e+00
5.320427566766738892e-02,6.948625296354293823e-02,7.754602789878844993e-01,9.989923238754272461e-01,2.660833671689033508e-02,1.716594211757183075e-02,3.180636465549468994e-02,-7.960972934961318970e-02,-1.192151308059692383e-01,6.687084585428237915e-02,3.787656128406524658e-01,-2.938303947448730469e-01,6.551089882850646973e-02,-5.591788887977600098e-01,-2.286241054534912109e-01,-1.920427531003952026e-01,7.184250354766845703e-01,-3.819888830184936523e-02,1.125547587871551514e-01,-1.349154580384492874e-02,0.000000000000000000e+00,0.000000000000000000e+00,2.486017718911170959e-02,2.021952718496322632e-02,-4.106197953224182129e-01,7.940441370010375977e-01,5.568163394927978516e-01,0.000000000000000000e+00,0.000000000000000000e+00,1.963354796171188354e-01,-9.553375095129013062e-02,1.013185381889343262e-01,6.949896812438964844e-01,-7.500799894332885742e-01,0.000000000000000000e+00,0.000000000000000000e+00
5.806890502572059631e-02,7.004052400588989258e-02,7.753314137458801047e-01,9.989174604415893555e-01,2.541416697204113007e-02,1.945367082953453064e-02,3.375836089253425598e-02,-7.243473827838897705e-02,-1.188973635435104370e-01,6.173554435372352600e-02,3.690393269062042236e-01,-2.955289781093597412e-01,6.543051451444625854e-02,-5.602899789810180664e-01,-2.134786248207092285e-01,-1.946082264184951782e-01,6.352124810218811035e-01,-2.855164557695388794e-02,1.305316239595413208e-01,-1.390128489583730698e-02,0.000000000000000000e+00,0.000000000000000000e+00,1.553347148001194000e-02,2.851286903023719788e-02,-4.352630972862243652e-01,7.775570750236511230e-01,5.614905953407287598e-01,0.000000000000000000e+00,0.000000000000000000e+00,2.152363657951354980e-01,-9.158699959516525269e-02,9.828710556030273438e-02,6.900103688240051270e-01,-7.387971878051757812e-01,0.000000000000000000e+00,0.000000000000000000e+00
6.323539465665817261e-02,7.052846997976303101e-02,7.751896739006042258e-01,9.988229870796203613e-01,2.385142445564270020e-02,2.205285057425498962e-02,3.601983562111854553e-02,-6.495909392833709717e-02,-1.177176833152770996e-01,5.578178539872169495e-02,3.578694164752960205e-01,-2.970130443572998047e-01,6.521216034889221191e-02,-5.599280595779418945e-01,-1.967313885688781738e-01,-1.933758109807968140e-01,5.499967932701110840e-01,-2.252102643251419067e-02,1.448829472064971924e-01,-1.383019983768463135e-02,0.000000000000000000e+00,0.000000000000000000e+00,3.077121218666434288e-03,3.831572085618972778e-02,-4.596989750862121582e-01,7.597831487655639648e-01,5.683687925338745117e-01,0.000000000000000000e+00,0.000000000000000000e+00,2.331360578536987305e-01,-8.536324650049209595e-02,9.399209171533584595e-02,6.854396462440490723e-01,-7.230502367019653320e-01,0.000000000000000000e+00,0.000000000000000000e+00
6.877290457487106323e-02,7.091871649026870728e-02,7.749934554100036399e-01,9.987170696258544922e-01,2.219708822667598724e-02,2.488614246249198914e-02,3.810766339302062988e-02,-5.742336809635162354e-02,-1.161365434527397156e-01,4.995197057723999023e-02,3.469364047050476074e-01,-2.990609705448150635e-01,6.478951126337051392e-02,-5.603812932968139648e-01,-1.803398728370666504e-01,-1.899362057447433472e-01,4.698234796524047852e-01,-1.257190853357315063e-02,1.539648920297622681e-01,-1.330031361430883408e-02,0.000000000000000000e+00,0.000000000000000000e+00,-1.102382224053144455e-02,4.785747453570365906e-02,-4.814557135105133057e-01,7.416429519653320312e-01,5.757102966308593750e-01,0.000000000000000000e+00,0.000000000000000000e+00,2.486046552658081055e-01,-7.673448324203491211e-02,8.706039190292358398e-02,6.828417778015136719e-01,-7.002857327461242676e-01,0.000000000000000000e+00,0.000000000000000000e+00
7.475720345973968506e-02,7.119307667016983032e-02,7.746810674667358176e-01,9.986115097999572754e-01,2.071002125740051270e-02,2.776754461228847504e-02,3.968800604343414307e-02,-4.996446147561073303e-02,-1.142527312040328979e-01,4.503758251667022705e-02,3.372375071048736572e-01,-3.021167516708374023e-01,6.408388912677764893e-02,-5.611725449562072754e-01,-1.645011901855468750e-01,-1.835354417562484741e-01,3.974896371364593506e-01,-1.764556276611983776e-03,1.596040427684783936e-01,-1.241956092417240143e-02,0.000000000000000000e+00,0.000000000000000000e+00,-2.587094344198703766e-02,5.625288560986518860e-02,-4.995250999927520752e-01,7.241240739822387695e-01,5.835602283477783203e-01,0.000000000000000000e+00,0.000000000000000000e+00,2.603952288627624512e-01,-6.740814447402954102e-02,7.846148312091827393e-02,6.828666329383850098e-01,-6.721318960189819336e-01,0.000000000000000000e+00,0.000000000000000000e+00
8.127033710479736328e-02,7.132055610418319702e-02,7.741570830345153587e-01,9.985114336013793945e-01,1.952955313026905060e-02,3.060667961835861206e-02,4.070282354950904846e-02,-4.257418960332870483e-02,-1.124093607068061829e-01,4.149141162633895874e-02,3.298347592353820801e-01,-3.066769242286682129e-01,6.301391869783401489e-02,-5.634010434150695801e-01,-1.503514796495437622e-01,-1.749150156974792480e-01,3.372587263584136963e-01,6.238933652639389038e-03,1.649650782346725464e-01,-1.135953981429338455e-02,0.000000000000000000e+00,0.000000000000000000e+00,-4.069475829601287842e-02,6.288081407546997070e-02,-5.137918591499328613e-01,7.077819705009460449e-01,5.926553010940551758e-01,0.000000000000000000e+00,0.000000000000000000e+00,2.676874697208404541e-01,-6.005632132291793823e-02,7.060001790523529053e-02,6.852775216102600098e-01,-6.435641050338745117e-01,0.000000000000000000e+00,0.000000000000000000e+00
8.838025480508804321e-02,7.126659899950027466e-02,7.733665466308593528e-01,9.984233975410461426e-01,1.880977116525173187e-02,3.330744430422782898e-02,4.107972234487533569e-02,-3.508305922150611877e-02,-1.108683943748474121e-01,3.955113887786865234e-02,3.251585364341735840e-01,-3.127954900264739990e-01,6.154241412878036499e-02,-5.680697560310363770e-01,-1.395568549633026123e-01,-1.679618954658508301e-01,2.923034429550170898e-01,9.584085084497928619e-03,1.721349656581878662e-01,-1.023126021027565002e-02,0.000000000000000000e+00,0.000000000000000000e+00,-5.465636774897575378e-02,6.733803451061248779e-02,-5.242753028869628906e-01,6.927173137664794922e-01,6.029501557350158691e-01,0.000000000000000000e+00,0.000000000000000000e+00,2.702021002769470215e-01,-5.679479613900184631e-02,6.583155691623687744e-02,6.891339421272277832e-01,-6.200399398803710938e-01,0.000000000000000000e+00,0.000000000000000000e+00
9.613024443387985229e-02,7.101234048604965210e-02,7.723195314407348411e-01,9.983670711517333984e-01,1.860979199409484863e-02,3.580156341195106506e-02,4.043627157807350159e-02,-2.707644179463386536e-02,-1.093549877405166626e-01,3.923422843217849731e-02,3.223097324371337891e-01,-3.199232518672943115e-01,5.969195812940597534e-02,-5.737655162811279297e-01,-1.324973702430725098e-01,-1.670919060707092285e-01,2.615281045436859131e-01,7.435549050569534302e-03,1.800052672624588013e-01,-9.101378731429576874e-03,0.000000000000000000e+00,0.000000000000000000e+00,-6.697248667478561401e-02,6.965199857950210571e-02,-5.307895541191101074e-01,6.788988113403320312e-01,6.128318905830383301e-01,0.000000000000000000e+00,0.000000000000000000e+00,2.683553397655487061e-01,-5.811491608619689941e-02,6.524497270584106445e-02,6.930610537528991699e-01,-6.048296093940734863e-01,0.000000000000000000e+00,0.000000000000000000e+00
1.045784950256347656e-01,7.054895162582397461e-02,7.709255576133727805e-01,9.983261227607727051e-01,1.850958913564682007e-02,3.807271271944046021e-02,3.940653800964355469e-02,-1.775093190371990204e-02,-1.075076535344123840e-01,3.987399861216545105e-02,3.203386068344116211e-01,-3.284993767738342285e-01,5.741500109434127808e-02,-5.798984169960021973e-01,-1.272529363632202148e-01,-1.680130511522293091e-01,2.448615282773971558e-01,1.666581956669688225e-03,1.839599758386611938e-01,-8.404194377362728119e-03,0.000000000000000000e+00,0.000000000000000000e+00,-7.715806365013122559e-02,7.020746916532516479e-02,-5.337142944335937500e-01,6.666132807731628418e-01,6.203863024711608887e-01,0.000000000000000000e+00,0.000000000000000000e+00,2.632874548435211182e-01,-6.346676498651504517e-02,6.864035874605178833e-02,6.959286928176879883e-01,-5.988487005233764648e-01,0.000000000000000000e+00,0.000000000000000000e+00
1.137605309486389160e-01,6.986381113529205322e-02,7.693427562713622825e-01,9.982937574386596680e-01,1.850063726305961609e-02,4.011384025216102600e-02,3.818647935986518860e-02,-6.808273959904909134e-03,-1.051110848784446716e-01,4.116012156009674072e-02,3.187414705753326416e-01,-3.377452790737152100e-01,5.440466478466987610e-02,-5.860179066658020020e-01,-1.223761886358261108e-01,-1.676765978336334229e-01,2.409850060939788818e-01,-7.820459082722663879e-03,1.807822734117507935e-01,-8.393214084208011627e-03,0.000000000000000000e+00,0.000000000000000000e+00,-8.530196547508239746e-02,6.972554326057434082e-02,-5.342925786972045898e-01,6.567229628562927246e-01,6.247168183326721191e-01,0.000000000000000000e+00,0.000000000000000000e+00,2.564151883125305176e-01,-7.181008160114288330e-02,7.516861706972122192e-02,6.971018910408020020e-01,-6.016196012496948242e-01,0.000000000000000000e+00,0.000000000000000000e+00
1.237381324172019958e-01,6.895977258682250977e-02,7.670267581939697044e-01,9.982638359069824219e-01,1.858482323586940765e-02,4.191103950142860413e-02,3.697852417826652527e-02,5.531472619622945786e-03,-1.024829149246215820e-01,4.272729530930519104e-02,3.184043765068054199e-01,-3.464887738227844238e-01,5.041380971670150757e-02,-5.904802083969116211e-01,-1.174615025520324707e-01,-1.646153479814529419e-01,2.495123594999313354e-01,-2.025817520916461945e-02,1.710489988327026367e-01,-9.211773984134197235e-03,0.000000000000000000e+00,0.000000000000000000e+00,-9.203102439641952515e-02,6.898317486047744751e-02,-5.344611406326293945e-01,6.505768299102783203e-01,6.263549923896789551e-01,0.000000000000000000e+00,0.000000000000000000e+00,2.492615580558776855e-01,-8.189609646797180176e-02,8.326409012079238892e-02,6.962589621543884277e-01,-6.114082336425781250e-01,0.000000000000000000e+00,0.000000000000000000e+00
1.345630437135696411e-01,6.783876568078994751e-02,7.631029844284057395e-01,9.982104897499084473e-01,1.894159615039825439e-02,4.328993335366249084e-02,3.664765506982803345e-02,1.865134760737419128e-02,-1.000636816024780273e-01,4.354760050773620605e-02,3.212216496467590332e-01,-3.541904091835021973e-01,4.547911882400512695e-02,-5.914475917816162109e-01,-1.123683601617813110e-01,-1.569425463676452637e-01,2.715850770473480225e-01,-3.091844357550144196e-02,1.582114100456237793e-01,-1.103663723915815353e-02,0.000000000000000000e+00,0.000000000000000000e+00,-9.827888756990432739e-02,6.879834085702896118e-02,-5.363488197326660156e-01,6.495934128761291504e-01,6.272216439247131348e-01,0.000000000000000000e+00,0.000000000000000000e+00,2.432175129652023315e-01,-9.209460765123367310e-02,9.054959565401077271e-02,6.932588219642639160e-01,-6.250348687171936035e-01,0.000000000000000000e+00,0.000000000000000000e+00
1.459819972515106201e-01,6.638231873512268066e-02,7.608015894889831321e-01,9.981437325477600098e-01,1.876892335712909698e-02,4.455539584159851074e-02,3.703530877828598022e-02,3.116193227469921112e-02,-9.611571580171585083e-02,4.261948540806770325e-02,3.262061178684234619e-01,-3.590566515922546387e-01,3.946148976683616638e-02,-5.929608345031738281e-01,-1.058646887540817261e-01,-1.463222354650497437e-01,3.013607263565063477e-01,-3.574166074395179749e-02,1.421980112791061401e-01,-1.367020234465599060e-02,0.000000000000000000e+00,0.000000000000000000e+00,-1.048489287495613098e-01,7.080150395631790161e-02,-5.413765907287597656e-01,6.544010043144226074e-01,6.301943063735961914e-01,0.000000000000000000e+00,0.000000000000000000e+00,2.388569116592407227e-01,-9.959065914154052734e-02,9.459734708070755005e-02,6.885334849357604980e-01,-6.381381750106811523e-01,0.000000000000000000e+00,0.000000000000000000e+00
1.579789370298385620e-01,6.457559019327163696e-02,7.603081226348876731e-01,9.980730414390563965e-01,1.795904524624347687e-02,4.570609331130981445e-02,3.792914375662803650e-02,4.267809540033340454e-02,-8.979569375514984131e-02,3.999518230557441711e-02,3.338359892368316650e-01,-3.597061336040496826e-01,3.322005644440650940e-02,-5.937951803207397461e-01,-9.714718163013458252e-02,-1.372628211975097656e-01,3.294136226177215576e-01,-2.783161960542201996e-02,1.174198165535926819e-01,-1.659392192959785461e-02,0.000000000000000000e+00,0.000000000000000000e+00,-1.119491755962371826e-01,7.570558786392211914e-02,-5.500447750091552734e-01,6.651577353477478027e-01,6.376165747642517090e-01,0.000000000000000000e+00,0.000000000000000000e+00,2.362961024045944214e-01,-1.028547435998916626e-01,9.406927227973937988e-02,6.831521987915039062e-01,-6.479550004005432129e-01,0.000000000000000000e+00,0.000000000000000000e+00
1.705616414546966553e-01,6.247362494468688965e-02,7.601120233535766380e-01,9.980071783065795898e-01,1.639227941632270813e-02,4.673063382506370544e-02,3.910460323095321655e-02,5.273056030273437500e-02,-8.091234415769577026e-02,3.649769723415374756e-02,3.456273972988128662e-01,-3.543344140052795410e-01,2.527073211967945099e-02,-5.903621912002563477e-01,-8.624858409166336060e-02,-1.333204656839370728e-01,3.484988808631896973e-01,-1.514931791462004185e-03,8.470581471920013428e-02,-1.929168589413166046e-02,0.000000000000000000e+00,0.000000000000000000e+00,-1.188376620411872864e-01,8.316984772682189941e-02,-5.614629387855529785e-01,6.817591786384582520e-01,6.499837636947631836e-01,0.000000000000000000e+00,0.000000000000000000e+00,2.349697947502136230e-01,-1.020101755857467651e-01,8.955162763595581055e-02,6.790125966072082520e-01,-6.543239951133728027e-01,0.000000000000000000e+00,0.000000000000000000e+00
1.836276352405548096e-01,6.011781468987464905e-02,7.605476140975951926e-01,9.980069994926452637e-01,1.376227103173732758e-02,4.742939397692680359e-02,3.928276896476745605e-02,6.032664701342582703e-02,-6.923163682222366333e-02,3.323838114738464355e-02,3.634380102157592773e-01,-3.404339551925659180e-01,1.180513761937618256e-02,-5.826175212860107422e-01,-7.401794940233230591e-02,-1.342377364635467529e-01,3.597348034381866455e-01,3.754267841577529907e-02,5.681768059730529785e-02,-2.155467681586742401e-02,0.000000000000000000e+00,0.000000000000000000e+00,-1.237156540155410767e-01,9.218201041221618652e-02,-5.731054544448852539e-01,7.039015889167785645e-01,6.652064919471740723e-01,0.000000000000000000e+00,0.000000000000000000e+00,2.335385382175445557e-01,-9.838258475065231323e-02,8.352763205766677856e-02,6.786773800849914551e-01,-6.593343615531921387e-01,0.000000000000000000e+00,0.000000000000000000e+00
1.977526992559432983e-01,5.762326717376708984e-02,7.624729633331298606e-01,9.980791807174682617e-01,1.079879049211740494e-02,4.759340733289718628e-02,3.816007450222969055e-02,6.768721342086791992e-02,-5.630405619740486145e-02,3.176257759332656860e-02,3.927487730979919434e-01,-3.184117972850799561e-01,-1.466722809709608555e-03,-5.710693001747131348e-01,-6.207985430955886841e-02,-1.384834796190261841e-01,3.759122788906097412e-01,6.025469303131103516e-02,3.427333757281303406e-02,-2.346808090806007385e-02,0.000000000000000000e+00,0.000000000000000000e+00,-1.242949813604354858e-01,1.010345742106437683e-01,-5.816397666931152344e-01,7.309735417366027832e-01,6.793638467788696289e-01,0.000000000000000000e+00,0.000000000000000000e+00,2.308522611856460571e-01,-9.422032535076141357e-02,7.839231193065643311e-02,6.840779781341552734e-01,-6.654331088066101074e-01,0.000000000000000000e+00,0.000000000000000000e+00
2.124343067407608032e-01,5.509219691157341003e-02,7.650340557098388450e-01,9.982099533081054688e-01,7.178789004683494568e-03,4.730243608355522156e-02,3.588559851050376892e-02,7.267645001411437988e-02,-4.176109284162521362e-02,3.107631020247936249e-02,4.300381541252136230e-01,-2.861081361770629883e-01,-1.649760082364082336e-02,-5.590063929557800293e-01,-4.890950396656990051e-02,-1.436990201473236084e-01,3.985484838485717773e-01,5.466997623443603516e-02,1.781056076288223267e-02,-2.527312003076076508e-02,0.000000000000000000e+00,0.000000000000000000e+00,-1.190539374947547913e-01,1.092663556337356567e-01,-5.837882757186889648e-01,7.614263892173767090e-01,6.884989142417907715e-01,0.000000000000000000e+00,0.000000000000000000e+00,2.257557362318038940e-01,-8.999440819025039673e-02,7.576744258403778076e-02,6.958035826683044434e-01,-6.738664507865905762e-01,0.000000000000000000e+00,0.000000000000000000e+00
2.270151525735855103e-01,5.256934836506843567e-02,7.672201752662658469e-01,9.983763694763183594e-01,2.518903929740190506e-03,4.663586989045143127e-02,3.260873258113861084e-02,7.165000587701797485e-02,-2.474796399474143982e-02,2.937901206314563751e-02,4.719628095626831055e-01,-2.390190064907073975e-01,-3.861918300390243530e-02,-5.467751622200012207e-01,-3.269108757376670837e-02,-1.483651995658874512e-01,4.197174608707427979e-01,3.091230802237987518e-02,7.546034641563892365e-03,-2.729562856256961823e-02,0.000000000000000000e+00,0.000000000000000000e+00,-1.077882573008537292e-01,1.169381961226463318e-01,-5.775020122528076172e-01,7.929300069808959961e-01,6.901051998138427734e-01,0.000000000000000000e+00,0.000000000000000000e+00,2.174930721521377563e-01,-8.536846190690994263e-02,7.596646249294281006e-02,7.126540541648864746e-01,-6.847685575485229492e-01,0.000000000000000000e+00,0.000000000000000000e+00
2.417733967304229736e-01,5.004043877124786377e-02,7.694051623344421165e-01,9.985126256942749023e-01,-3.113650018349289894e-03,4.557242989540100098e-02,2.976551465690135956e-02,6.296714395284652710e-02,-6.083596497774124146e-03,2.630771696567535400e-02,5.263021588325500488e-01,-1.746248155832290649e-01,-6.637468934059143066e-02,-5.290759205818176270e-01,-1.479393709450960159e-02,-1.531148105859756470e-01,4.335319399833679199e-01,5.966641940176486969e-03,-5.995996762067079544e-04,-2.986450493335723877e-02,0.000000000000000000e+00,0.000000000000000000e+00,-9.194943308830261230e-02,1.237477287650108337e-01,-5.631738901138305664e-01,8.231576085090637207e-01,6.841755509376525879e-01,0.000000000000000000e+00,0.000000000000000000e+00,2.065300494432449341e-01,-8.081972599029541016e-02,7.807962596416473389e-02,7.318033576011657715e-01,-6.977154612541198730e-01,0.000000000000000000e+00,0.000000000000000000e+00
2.563832104206085205e-01,4.748450219631195068e-02,7.708393096923827903e-01,9.985809922218322754e-01,-9.148251265287399292e-03,4.422782361507415771e-02,2.821618132293224335e-02,4.072297737002372742e-02,1.380165666341781616e-02,2.119548991322517395e-02,6.015926003456115723e-01,-9.925597906112670898e-02,-9.352758526802062988e-02,-5.082862973213195801e-01,3.025224898010492325e-03,-1.593746989965438843e-01,4.423258602619171143e-01,-1.854423619806766510e-02,-7.675794884562492371e-03,-3.312917426228523254e-02,0.000000000000000000e+00,0.000000000000000000e+00,-7.475532591342926025e-02,1.306943893432617188e-01,-5.442323088645935059e-01,8.509255051612854004e-01,6.735201478004455566e-01,0.000000000000000000e+00,0.000000000000000000e+00,1.949104666709899902e-01,-7.672450691461563110e-02,8.155091106891632080e-02,7.503703832626342773e-01,-7.118809819221496582e-01,0.000000000000000000e+00,0.000000000000000000e+00
2.706945538520812988e-01,4.492508247494697571e-02,7.709169149398803489e-01,9.985765814781188965e-01,-1.553935091942548752e-02,4.259137436747550964e-02,2.809477783739566803e-02,2.815746702253818512e-03,3.494080156087875366e-02,1.393791660666465759e-02,7.002788782119750977e-01,-2.077338844537734985e-02,-1.210146099328994751e-01,-4.864760041236877441e-01,1.999144442379474640e-02,-1.679974794387817383e-01,4.485825002193450928e-01,-4.292951151728630066e-02,-1.386955846101045609e-02,-3.704885765910148621e-02,0.000000000000000000e+00,0.000000000000000000e+00,-5.678807571530342102e-02,1.395308524370193481e-01,-5.248146057128906250e-01,8.725627064704895020e-01,6.653873324394226074e-01,0.000000000000000000e+00,0.000000000000000000e+00,1.786320805549621582e-01,-7.304248213768005371e-02,8.497893810272216797e-02,7.655400633811950684e-01,-7.270625233650207520e-01,0.000000000000000000e+00,0.000000000000000000e+00
2.848640680313110352e-01,4.243674874305725098e-02,7.698499917984008567e-01,9.984883666038513184e-01,-2.225477993488311768e-02,4.063975811004638672e-02,2.956531569361686707e-02,-4.833714291453361511e-02,5.739242583513259888e-02,5.335805937647819519e-03,8.157648444175720215e-01,5.994534119963645935e-02,-1.514970362186431885e-01,-4.634636640548706055e-01,3.599231317639350891e-02,-1.787408739328384399e-01,4.528871476650238037e-01,-6.680814921855926514e-02,-1.940429769456386566e-02,-4.132787883281707764e-02,0.000000000000000000e+00,0.000000000000000000e+00,-3.836041688919067383e-02,1.515663415193557739e-01,-5.099112987518310547e-01,8.858942985534667969e-01,6.655154228210449219e-01,0.000000000000000000e+00,0.000000000000000000e+00,1.608244478702545166e-01,-7.057657837867736816e-02,8.722016960382461548e-02,7.766837477684020996e-01,-7.426804900169372559e-01,0.000000000000000000e+00,0.000000000000000000e+00
2.991214096546173096e-01,4.012601077556610107e-02,7.685495376586913840e-01,9.983316659927368164e-01,-2.881025709211826324e-02,3.814535215497016907e-02,3.238443285226821899e-02,-1.075217723846435547e-01,8.018492162227630615e-02,-3.991463687270879745e-03,9.336821436882019043e-01,1.456407904624938965e-01,-1.821781247854232788e-01,-4.384766221046447754e-01,5.097020417451858521e-02,-1.904191970825195312e-01,4.552242457866668701e-01,-9.068667143583297729e-02,-2.458437159657478333e-02,-4.536036029458045959e-02,0.000000000000000000e+00,0.000000000000000000e+00,-2.186877839267253876e-02,1.672141104936599731e-01,-5.043231248855590820e-01,8.937250971794128418e-01,6.726722121238708496e-01,0.000000000000000000e+00,0.000000000000000000e+00,1.556697487831115723e-01,-7.090491801500320435e-02,8.805724233388900757e-02,7.868157625198364258e-01,-7.568925619125366211e-01,0.000000000000000000e+00,0.000000000000000000e+00
3.135717213153839111e-01,3.808557614684104919e-02,7.675023436546325462e-01,9.981438517570495605e-01,-3.500415384769439697e-02,3.530006483197212219e-02,3.517777845263481140e-02,-1.664392501115798950e-01,9.937562793493270874e-02,-1.680583134293556213e-02,1.041015148162841797e+00,2.126267701387405396e-01,-2.109767347574234009e-01,-4.121211767196655273e-01,6.519850343465805054e-02,-2.018795609474182129e-01,4.567562341690063477e-01,-1.134398505091667175e-01,-2.988104335963726044e-02,-4.833045601844787598e-02,0.000000000000000000e+00,0.000000000000000000e+00,-6.633169483393430710e-03,1.875352412462234497e-01,-5.061009526252746582e-01,8.971766829490661621e-01,6.832033991813659668e-01,0.000000000000000000e+00,0.000000000000000000e+00,1.494081616401672363e-01,-7.179389894008636475e-02,8.541819453239440918e-02,7.991941571235656738e-01,-7.683501243591308594e-01,0.000000000000000000e+00,0.000000000000000000e+00
3.283009231090545654e-01,3.634971752762794495e-02,7.668981909751891868e-01,9.979557991027832031e-01,-4.059170931577682495e-02,3.207292407751083374e-02,3.752222657203674316e-02,-2.231316566467285156e-01,1.105290576815605164e-01,-3.228688240051269531e-02,1.130864977836608887e+00,2.434236407279968262e-01,-2.150785923004150391e-01,-3.838162720203399658e-01,7.904699444770812988e-02,-2.114334255456924438e-01,4.568852484226226807e-01,-1.348372995853424072e-01,-3.473367914557456970e-02,-4.962608963251113892e-02,0.000000000000000000e+00,0.000000000000000000e+00,8.831702172756195068e-03,2.096869349479675293e-01,-5.094033479690551758e-01,8.938956260681152344e-01,6.935041546821594238e-01,0.000000000000000000e+00,0.000000000000000000e+00,1.387780755758285522e-01,-7.192229479551315308e-02,7.975813746452331543e-02,8.088321089744567871e-01,-7.768223881721496582e-01,0.000000000000000000e+00,0.000000000000000000e+00
3.433592319488525391e-01,3.491313755512237549e-02,7.667494177818298118e-01,9.978091120719909668e-01,-4.528722539544105530e-02,2.841794304549694061e-02,3.896807134151458740e-02,-2.775470018386840820e-01,1.116182729601860046e-01,-4.738242179155349731e-02,1.199585795402526855e+00,2.331060022115707397e-01,-1.914697885513305664e-01,-3.529645502567291260e-01,9.220014512538909912e-02,-2.175697982311248779e-01,4.546663165092468262e-01,-1.552309393882751465e-01,-3.865356370806694031e-02,-4.908128827810287476e-02,0.000000000000000000e+00,0.000000000000000000e+00,2.606437914073467255e-02,2.295953482389450073e-01,-5.079085230827331543e-01,8.818944096565246582e-01,7.002369761466979980e-01,0.000000000000000000e+00,0.000000000000000000e+00,1.290656626224517822e-01,-7.152426242828369141e-02,7.280321419239044189e-02,8.110760450363159180e-01,-7.828370928764343262e-01,0.000000000000000000e+00,0.000000000000000000e+00
3.587077856063842773e-01,3.376654535531997681e-02,7.669344305992126243e-01,9.977691769599914551e-01,-4.816559702157974243e-02,2.461702935397624969e-02,3.912459686398506165e-02,-3.264449536800384521e-01,1.047781780362129211e-01,-6.070031970739364624e-02,1.244140028953552246e+00,1.905590444803237915e-01,-1.808803528547286987e-01,-3.207792341709136963e-01,1.035922169685363770e-01,-2.200362533330917358e-01,4.512391984462738037e-01,-1.747227013111114502e-01,-4.225128889083862305e-02,-4.691893234848976135e-02,0.000000000000000000e+00,0.000000000000000000e+00,4.644814878702163696e-02,2.460442036390304565e-01,-4.973277747631072998e-01,8.628008365631103516e-01,7.005589604377746582e-01,0.000000000000000000e+00,0.000000000000000000e+00,1.201701760292053223e-01,-7.102753967046737671e-02,6.516046077013015747e-02,8.096696138381958008e-01,-7.870499491691589355e-01,0.000000000000000000e+00,0.000000000000000000e+00
3.742658197879791260e-01,3.289831429719924927e-02,7.672129034996032493e-01,9.977538585662841797e-01,-5.046285316348075867e-02,2.094041369855403900e-02,3.875860944390296936e-02,-3.719641864299774170e-01,9.453235566616058350e-02,-7.265285402536392212e-02,1.267068028450012207e+00,1.543924361467361450e-01,-1.815621405839920044e-01,-2.890544235706329346e-01,1.135943010449409485e-01,-2.200930416584014893e-01,4.493118524551391602e-01,-1.944311410188674927e-01,-4.552005231380462646e-02,-4.315694421529769897e-02,0.000000000000000000e+00,0.000000000000000000e+00,7.010264694690704346e-02,2.593909502029418945e-01,-4.759743809700012207e-01,8.381725549697875977e-01,6.943432688713073730e-01,0.000000000000000000e+00,0.000000000000000000e+00,1.129505410790443420e-01,-6.995135545730590820e-02,5.771778523921966553e-02,8.049485683441162109e-01,-7.898895740509033203e-01,0.000000000000000000e+00,0.000000000000000000e+00
3.899950385093688965e-01,3.222924098372459412e-02,7.674951910972594993e-01,9.977589249610900879e-01,-5.222260951995849609e-02,1.750732772052288055e-02,3.799171373248100281e-02,-4.156951010227203369e-01,8.348964899778366089e-02,-8.266946673393249512e-02,1.269305586814880371e+00,1.299295276403427124e-01,-1.707700639963150024e-01,-2.584784030914306641e-01,1.225425526499748230e-01,-2.186506688594818115e-01,4.496629834175109863e-01,-2.148057520389556885e-01,-4.851093143224716187e-02,-3.785418719053268433e-02,0.000000000000000000e+00,0.000000000000000000e+00,9.617798030376434326e-02,2.656903266906738281e-01,-4.467287063598632812e-01,8.118713498115539551e-01,6.832666397094726562e-01,0.000000000000000000e+00,0.000000000000000000e+00,1.059668213129043579e-01,-6.767681986093521118e-02,5.052874982357025146e-02,7.983533740043640137e-01,-7.917585372924804688e-01,0.000000000000000000e+00,0.000000000000000000e+00
4.058757722377777100e-01,3.165365010499954224e-02,7.678371429443359153e-01,9.977828860282897949e-01,-5.344681441783905029e-02,1.445353683084249496e-02,3.693049028515815735e-02,-4.572044610977172852e-01,7.278567552566528320e-02,-8.956202119588851929e-02,1.249742507934570312e+00,9.562190622091293335e-02,-1.431435495615005493e-01,-2.287157624959945679e-01,1.301307082176208496e-01,-2.159337103366851807e-01,4.507905840873718262e-01,-2.352902591228485107e-01,-5.127699673175811768e-02,-3.124654851853847504e-02,0.000000000000000000e+00,0.000000000000000000e+00,1.222843602299690247e-01,2.630130350589752197e-01,-4.131567478179931641e-01,7.870184779167175293e-01,6.697568297386169434e-01,0.000000000000000000e+00,0.000000000000000000e+00,9.990077465772628784e-02,-6.472074985504150391e-02,4.534134641289710999e-02,7.884636521339416504e-01,-7.921093702316284180e-01,0.000000000000000000e+00,0.000000000000000000e+00
4.218518137931823730e-01,3.110644780099391937e-02,7.683040261268615501e-01,9.978666901588439941e-01,-5.333692207932472229e-02,1.237092446535825729e-02,3.555594012141227722e-02,-4.950769543647766113e-01,6.390453875064849854e-02,-9.266611188650131226e-02,1.207867026329040527e+00,3.962778672575950623e-02,-1.247034668922424316e-01,-1.992213726043701172e-01,1.357140541076660156e-01,-2.119553685188293457e-01,4.501875042915344238e-01,-2.544436156749725342e-01,-5.363101139664649963e-02,-2.370278351008892059e-02,0.000000000000000000e+00,0.000000000000000000e+00,1.453554630279541016e-01,2.569651305675506592e-01,-3.761508166790008545e-01,7.632765173912048340e-01,6.563414335250854492e-01,0.000000000000000000e+00,0.000000000000000000e+00,9.907490760087966919e-02,-6.320863217115402222e-02,4.611216485500335693e-02,7.700030207633972168e-01,-7.896401286125183105e-01,0.000000000000000000e+00,0.000000000000000000e+00
4.378453791141510010e-01,3.056995570659637451e-02,7.688231229782104270e-01,9.979732036590576172e-01,-5.263222008943557739e-02,1.112390216439962387e-02,3.399460762739181519e-02,-5.282373428344726562e-01,5.855404213070869446e-02,-9.130698442459106445e-02,1.145410060882568359e+00,-1.424095034599304199e-02,-1.173355877399444580e-01,-1.699204146862030029e-01,1.396245956420898438e-01,-2.071813493967056274e-01,4.461814463138580322e-01,-2.698636651039123535e-01,-5.546120926737785339e-02,-1.542106550186872482e-02,0.000000000000000000e+00,0.000000000000000000e+00,1.666558235883712769e-01,2.504086792469024658e-01,-3.381738066673278809e-01,7.414379715919494629e-01,6.457893252372741699e-01,0.000000000000000000e+00,0.000000000000000000e+00,9.766111522912979126e-02,-6.477099657058715820e-02,5.095411092042922974e-02,7.497028112411499023e-01,-7.862813472747802734e-01,0.000000000000000000e+00,0.000000000000000000e+00
4.538159370422363281e-01,3.005334734916687012e-02,7.691508889198303001e-01,9.980864524841308594e-01,-5.163860321044921875e-02,1.070584356784820557e-02,3.228426724672317505e-02,-5.560668110847473145e-01,5.705167725682258606e-02,-8.475519716739654541e-02,1.062165737152099609e+00,-5.402473360300064087e-02,-1.038780361413955688e-01,-1.408917903900146484e-01,1.429064422845840454e-01,-2.020168155431747437e-01,4.384211599826812744e-01,-2.814961373805999756e-01,-5.659921839833259583e-02,-6.476233247667551041e-03,0.000000000000000000e+00,0.000000000000000000e+00,1.857219040393829346e-01,2.429655641317367554e-01,-3.009455800056457520e-01,7.228214740753173828e-01,6.403692960739135742e-01,0.000000000000000000e+00,0.000000000000000000e+00,9.414880722761154175e-02,-6.913249194622039795e-02,6.009797751903533936e-02,7.305974364280700684e-01,-7.840508818626403809e-01,0.000000000000000000e+00,0.000000000000000000e+00
4.697560071945190430e-01,2.956484444439411163e-02,7.690648198127746360e-01,9.981887340545654297e-01,-5.066914856433868408e-02,1.113716512918472290e-02,3.046058490872383118e-02,-5.780199170112609863e-01,5.847310274839401245e-02,-7.311312854290008545e-02,9.591829180717468262e-01,-7.988951355218887329e-02,-8.129803836345672607e-02,-1.119970381259918213e-01,1.462578028440475464e-01,-1.965875923633575439e-01,4.266568720340728760e-01,-2.902809381484985352e-01,-5.679271742701530457e-02,3.007698105648159981e-03,0.000000000000000000e+00,0.000000000000000000e+00,2.018468528985977173e-01,2.345222532749176025e-01,-2.652354538440704346e-01,7.080214023590087891e-01,6.402539014816284180e-01,0.000000000000000000e+00,0.000000000000000000e+00,9.002047777175903320e-02,-7.512561231851577759e-02,7.286686450242996216e-02,7.130402326583862305e-01,-7.851181626319885254e-01,0.000000000000000000e+00,0.000000000000000000e+00
4.856751859188079834e-01,2.910104580223560333e-02,7.685499548912048118e-01,9.982695579528808594e-01,-4.973702877759933472e-02,1.273109205067157745e-02,2.867131680250167847e-02,-5.933200716972351074e-01,6.157035008072853088e-02,-5.766975507140159607e-02,8.417199850082397461e-01,-9.010376036167144775e-02,-7.243332266807556152e-02,-8.282948285341262817e-02,1.495040804147720337e-01,-1.908292919397354126e-01,4.101922214031219482e-01,-2.961167097091674805e-01,-5.585534870624542236e-02,1.274061203002929688e-02,0.000000000000000000e+00,0.000000000000000000e+00,2.162998914718627930e-01,2.268618792295455933e-01,-2.321242839097976685e-01,6.966545581817626953e-01,6.434934139251708984e-01,0.000000000000000000e+00,0.000000000000000000e+00,8.458428829908370972e-02,-8.192225545644760132e-02,8.482551574707031250e-02,6.995730400085449219e-01,-7.914890646934509277e-01,0.000000000000000000e+00,0.000000000000000000e+00
5.016399025917053223e-01,2.868132665753364563e-02,7.677205562591552512e-01,9.983261823654174805e-01,-4.896165803074836731e-02,1.485149189829826355e-02,2.696315757930278778e-02,-6.014654040336608887e-01,6.555493175983428955e-02,-3.883922845125198364e-02,7.131432890892028809e-01,-8.765494078397750854e-02,-6.313597410917282104e-02,-5.330170691013336182e-02,1.530379354953765869e-01,-1.848580390214920044e-01,3.903387188911437988e-01,-2.994004189968109131e-01,-5.407582968473434448e-02,2.240586467087268829e-02,0.000000000000000000e+00,0.000000000000000000e+00,2.276358902454376221e-01,2.178808897733688354e-01,-2.046819180250167847e-01,6.895951032638549805e-01,6.505820751190185547e-01,0.000000000000000000e+00,0.000000000000000000e+00,7.950227707624435425e-02,-8.842100948095321655e-02,9.802834689617156982e-02,6.889187097549438477e-01,-8.002263903617858887e-01,0.000000000000000000e+00,0.000000000000000000e+00
5.176988840103149414e-01,2.830943278968334198e-02,7.667562127113342063e-01,9.983685016632080078e-01,-4.814934358000755310e-02,1.740074902772903442e-02,2.528261020779609680e-02,-6.038838624954223633e-01,6.939453631639480591e-02,-1.533243153244256973e-02,5.782647132873535156e-01,-7.175974547863006592e-02,-5.052040517330169678e-02,-2.261582203209400177e-02,1.565115004777908325e-01,-1.782127171754837036e-01,3.662973642349243164e-01,-3.001026809215545654e-01,-5.196625739336013794e-02,3.158777579665184021e-02,0.000000000000000000e+00,0.000000000000000000e+00,2.363001853227615356e-01,2.086021751165390015e-01,-1.849046647548675537e-01,6.869602799415588379e-01,6.614946126937866211e-01,0.000000000000000000e+00,0.000000000000000000e+00,7.498647272586822510e-02,-9.469182044267654419e-02,1.121931821107864380e-01,6.811031103134155273e-01,-8.096564412117004395e-01,0.000000000000000000e+00,0.000000000000000000e+00
5.339283347129821777e-01,2.800508961081504822e-02,7.657239198684692161e-01,9.984065294265747070e-01,-4.708657786250114441e-02,2.029493264853954315e-02,2.356699854135513306e-02,-6.019610762596130371e-01,7.064185291528701782e-02,1.007432211190462112e-02,4.442483186721801758e-01,-4.640607163310050964e-02,-4.268150031566619873e-02,9.394369088113307953e-03,1.594407260417938232e-01,-1.703355163335800171e-01,3.383364677429199219e-01,-2.982017099857330322e-01,-4.983331263065338135e-02,4.008023813366889954e-02,0.000000000000000000e+00,0.000000000000000000e+00,2.431453168392181396e-01,2.006351202726364136e-01,-1.729746758937835693e-01,6.882376670837402344e-01,6.761708259582519531e-01,0.000000000000000000e+00,0.000000000000000000e+00,6.987817585468292236e-02,-1.012602970004081726e-01,1.268146336078643799e-01,6.772407293319702148e-01,-8.182826638221740723e-01,0.000000000000000000e+00,0.000000000000000000e+00
5.504909753799438477e-01,2.785150893032550812e-02,7.644316911697387473e-01,9.984275102615356445e-01,-4.633200913667678833e-02,2.320591919124126434e-02,2.138437330722808838e-02,-5.964683890342712402e-01,6.637217104434967041e-02,2.719155512750148773e-02,3.216703236103057861e-01,-2.704314887523651123e-02,-4.388654977083206177e-02,4.096831008791923523e-02,1.622839868068695068e-01,-1.612373590469360352e-01,3.119092583656311035e-01,-2.947426736354827881e-01,-4.755052924156188965e-02,4.811776429414749146e-02,0.000000000000000000e+00,0.000000000000000000e+00,2.476871758699417114e-01,1.933139264583587646e-01,-1.673468202352523804e-01,6.929081082344055176e-01,6.949522495269775391e-01,0.000000000000000000e+00,0.000000000000000000e+00,6.367579847574234009e-02,-1.076074317097663879e-01,1.439842283725738525e-01,6.776972413063049316e-01,-8.232036828994750977e-01,0.000000000000000000e+00,0.000000000000000000e+00
5.675945281982421875e-01,2.798235230147838593e-02,7.625633239746093528e-01,9.984140396118164062e-01,-4.652047902345657349e-02,2.559634298086166382e-02,1.871055364608764648e-02,-5.935764908790588379e-01,5.918749794363975525e-02,2.908308431506156921e-02,2.280705124139785767e-01,-2.164620906114578247e-02,-6.329104304313659668e-02,7.027023285627365112e-02,1.660921126604080200e-01,-1.511331498622894287e-01,2.945149540901184082e-01,-2.923695445060729980e-01,-4.497838020324707031e-02,5.596395209431648254e-02,0.000000000000000000e+00,0.000000000000000000e+00,2.526877522468566895e-01,1.907042264938354492e-01,-1.644284874200820923e-01,6.997270584106445312e-01,7.148741483688354492e-01,0.000000000000000000e+00,0.000000000000000000e+00,5.814414843916893005e-02,-1.116188466548919678e-01,1.599626243114471436e-01,6.829336285591125488e-01,-8.257274627685546875e-01,0.000000000000000000e+00,0.000000000000000000e+00
5.852809548377990723e-01,2.842098288238048553e-02,7.603840589523315208e-01,9.983894824981689453e-01,-4.704377427697181702e-02,2.758637443184852600e-02,1.562906987965106964e-02,-5.941590070724487305e-01,5.065423622727394104e-02,1.889867149293422699e-02,1.761273145675659180e-01,-2.268862351775169373e-02,-8.096044510602951050e-02,9.745729714632034302e-02,1.696584969758987427e-01,-1.402575820684432983e-01,2.860110104084014893e-01,-2.915468513965606689e-01,-4.186319559812545776e-02,6.384075433015823364e-02,0.000000000000000000e+00,0.000000000000000000e+00,2.583055198192596436e-01,1.916614472866058350e-01,-1.627637743949890137e-01,7.082054615020751953e-01,7.341041564941406250e-01,0.000000000000000000e+00,0.000000000000000000e+00,5.426979064941406250e-02,-1.133055612444877625e-01,1.722698211669921875e-01,6.927274465560913086e-01,-8.262230753898620605e-01,0.000000000000000000e+00,0.000000000000000000e+00
6.034465432167053223e-01,2.915641479194164276e-02,7.581369638442992942e-01,9.983800649642944336e-01,-4.721252620220184326e-02,2.930784597992897034e-02,1.221805345267057419e-02,-5.958527326583862305e-01,3.957830742001533508e-02,2.185270423069596291e-03,1.690300107002258301e-01,-1.413429155945777893e-02,-7.221449911594390869e-02,1.235212683677673340e-01,1.704489886760711670e-01,-1.283540129661560059e-01,2.819295525550842285e-01,-2.906543016433715820e-01,-3.795168176293373108e-02,7.191119343042373657e-02,0.000000000000000000e+00,0.000000000000000000e+00,2.633361518383026123e-01,1.923754960298538208e-01,-1.624648422002792358e-01,7.184087634086608887e-01,7.525618672370910645e-01,0.000000000000000000e+00,0.000000000000000000e+00,5.224525183439254761e-02,-1.141856312751770020e-01,1.806115657091140747e-01,7.064737677574157715e-01,-8.243743181228637695e-01,0.000000000000000000e+00,0.000000000000000000e+00
6.220474243164062500e-01,3.022932074964046478e-02,7.562621593475341575e-01,9.984672665596008301e-01,-4.548632353544235229e-02,3.047800064086914062e-02,8.076854050159454346e-03,-5.984289646148681641e-01,2.460218593478202820e-02,-1.835059188306331635e-02,1.983736902475357056e-01,1.633640751242637634e-02,-4.161000996828079224e-02,1.493066847324371338e-01,1.667831987142562866e-01,-1.149342954158782959e-01,2.807025313377380371e-01,-2.871652841567993164e-01,-3.287717700004577637e-02,8.007057011127471924e-02,0.000000000000000000e+00,0.000000000000000000e+00,2.680369317531585693e-01,1.918052136898040771e-01,-1.631786227226257324e-01,7.303226590156555176e-01,7.707352042198181152e-01,0.000000000000000000e+00,0.000000000000000000e+00,5.244647711515426636e-02,-1.153986528515815735e-01,1.851287335157394409e-01,7.236294746398925781e-01,-8.210859894752502441e-01,0.000000000000000000e+00,0.000000000000000000e+00
6.414264440536499023e-01,3.158058226108551025e-02,7.582149863243102805e-01,9.986067414283752441e-01,-4.236236959695816040e-02,3.118663094937801361e-02,4.164350684732198715e-03,-6.017239093780517578e-01,1.046067476272583008e-02,-2.882015146315097809e-02,2.419356405735015869e-01,6.688705831766128540e-02,-1.050971355289220810e-02,1.775310337543487549e-01,1.587277501821517944e-01,-1.017264872789382935e-01,2.856430411338806152e-01,-2.769900560379028320e-01,-2.553597651422023773e-02,8.738419413566589355e-02,0.000000000000000000e+00,0.000000000000000000e+00,2.721860706806182861e-01,1.892334520816802979e-01,-1.638731360435485840e-01,7.441732287406921387e-01,7.887759208679199219e-01,0.000000000000000000e+00,0.000000000000000000e+00,5.528548359870910645e-02,-1.175908967852592468e-01,1.859403252601623535e-01,7.431942224502563477e-01,-8.175464272499084473e-01,0.000000000000000000e+00,0.000000000000000000e+00
6.612487435340881348e-01,3.312355652451515198e-02,7.602059602737426536e-01,9.987748265266418457e-01,-3.817894682288169861e-02,3.146479651331901550e-02,1.103309681639075279e-03,-6.015866994857788086e-01,-9.868834167718887329e-04,-2.848314121365547180e-02,2.867980301380157471e-01,1.173814907670021057e-01,7.224291097372770309e-03,2.021372020244598389e-01,1.470159590244293213e-01,-9.138280898332595825e-02,3.010747432708740234e-01,-2.536847889423370361e-01,-1.798459887504577637e-02,9.342030435800552368e-02,0.000000000000000000e+00,0.000000000000000000e+00,2.744622528553009033e-01,1.850257962942123413e-01,-1.624860018491744995e-01,7.606833577156066895e-01,8.058494329452514648e-01,0.000000000000000000e+00,0.000000000000000000e+00,6.202994659543037415e-02,-1.195349022746086121e-01,1.821153908967971802e-01,7.636965513229370117e-01,-8.141267299652099609e-01,0.000000000000000000e+00,0.000000000000000000e+00
6.808941960334777832e-01,3.471980616450309753e-02,7.587586402893066184e-01,9.989552497863769531e-01,-3.326061367988586426e-02,3.133716061711311340e-02,-4.050382412970066071e-04,-5.950947999954223633e-01,-1.157482899725437164e-02,-2.275359630584716797e-02,3.298777937889099121e-01,1.460317075252532959e-01,1.304108090698719025e-02,2.167180925607681274e-01,1.319395303726196289e-01,-8.569014817476272583e-02,3.287250101566314697e-01,-2.147525399923324585e-01,-9.757770225405693054e-03,9.818455576896667480e-02,0.000000000000000000e+00,0.000000000000000000e+00,2.733971178531646729e-01,1.791280657052993774e-01,-1.572853922843933105e-01,7.798757553100585938e-01,8.201911449432373047e-01,0.000000000000000000e+00,0.000000000000000000e+00,7.372372597455978394e-02,-1.200495362281799316e-01,1.724926084280014038e-01,7.833828926086425781e-01,-8.105891346931457520e-01,0.000000000000000000e+00,0.000000000000000000e+00
7.001169919967651367e-01,3.619961440563201904e-02,7.585237383842468040e-01,9.991562962532043457e-01,-2.645853906869888306e-02,3.140161931514739990e-02,7.215331424959003925e-04,-5.849291086196899414e-01,-2.391275949776172638e-02,-1.124539412558078766e-02,3.689652383327484131e-01,1.471986472606658936e-01,1.716581918299198151e-02,2.222111374139785767e-01,1.130454838275909424e-01,-8.393092453479766846e-02,3.688960373401641846e-01,-1.638746708631515503e-01,7.749224547296762466e-03,1.017184779047966003e-01,0.000000000000000000e+00,0.000000000000000000e+00,2.678565979003906250e-01,1.701376289129257202e-01,-1.475622057914733887e-01,8.013156056404113770e-01,8.301428556442260742e-01,0.000000000000000000e+00,0.000000000000000000e+00,9.043066948652267456e-02,-1.198244914412498474e-01,1.575381606817245483e-01,8.002648353576660156e-01,-8.068119883537292480e-01,0.000000000000000000e+00,0.000000000000000000e+00
7.186388969421386719e-01,3.760509192943572998e-02,7.600595116615295188e-01,9.993246197700500488e-01,-1.897516660392284393e-02,3.139554336667060852e-02,2.140220487490296364e-03,-5.712777972221374512e-01,-3.914361819624900818e-02,-1.750141450429509860e-06,3.971368968486785889e-01,1.283936202526092529e-01,1.637064851820468903e-02,2.116288989782333374e-01,9.075773507356643677e-02,-8.234426379203796387e-02,4.315491318702697754e-01,-9.660445898771286011e-02,4.348312318325042725e-02,1.044655442237854004e-01,0.000000000000000000e+00,0.000000000000000000e+00,2.552913725376129150e-01,1.585272550582885742e-01,-1.312688738107681274e-01,8.284333348274230957e-01,8.366301655769348145e-01,0.000000000000000000e+00,0.000000000000000000e+00,1.129200980067253113e-01,-1.193788647651672363e-01,1.415625214576721191e-01,8.119459748268127441e-01,-8.034079074859619141e-01,0.000000000000000000e+00,0.000000000000000000e+00
7.362463474273681641e-01,3.902809694409370422e-02,7.617644429206847922e-01,9.994462728500366211e-01,-1.098106335848569870e-02,3.127143159508705139e-02,2.951865550130605698e-03,-5.526056885719299316e-01,-5.598359555006027222e-02,1.022697798907756805e-02,4.117694795131683350e-01,1.021393463015556335e-01,2.188812382519245148e-02,1.816415488719940186e-01,6.619643419981002808e-02,-7.831998914480209351e-02,5.210255384445190430e-01,-1.904940605163574219e-02,8.326457440853118896e-02,1.066550165414810181e-01,0.000000000000000000e+00,0.000000000000000000e+00,2.377189844846725464e-01,1.449781358242034912e-01,-1.113437712192535400e-01,8.561393618583679199e-01,8.403616547584533691e-01,0.000000000000000000e+00,0.000000000000000000e+00,1.362412720918655396e-01,-1.209929883480072021e-01,1.316958516836166382e-01,8.192772865295410156e-01,-8.017739653587341309e-01,0.000000000000000000e+00,0.000000000000000000e+00
7.530111074447631836e-01,4.046739265322685242e-02,7.628804802894592063e-01,9.995142221450805664e-01,-2.625453053042292595e-03,3.097875230014324188e-02,2.190018305554986000e-03,-5.285012722015380859e-01,-7.203905284404754639e-02,2.203984372317790985e-02,4.154226183891296387e-01,7.740581035614013672e-02,3.821532428264617920e-02,1.338147521018981934e-01,3.869767487049102783e-02,-7.416123151779174805e-02,6.337194442749023438e-01,6.317869573831558228e-02,1.169852986931800842e-01,1.082794219255447388e-01,0.000000000000000000e+00,0.000000000000000000e+00,2.230342775583267212e-01,1.313193738460540771e-01,-9.344770014286041260e-02,8.762039542198181152e-01,8.417618870735168457e-01,0.000000000000000000e+00,0.000000000000000000e+00,1.547595709562301636e-01,-1.273727118968963623e-01,1.347730159759521484e-01,8.234314918518066406e-01,-8.039922118186950684e-01,0.000000000000000000e+00,0.000000000000000000e+00
7.692917585372924805e-01,4.178952798247337341e-02,7.644769310951232688e-01,9.995209574699401855e-01,5.671061575412750244e-03,3.041205741465091705e-02,-8.751740097068250179e-04,-5.013750195503234863e-01,-8.591330796480178833e-02,3.538795560598373413e-02,4.127446115016937256e-01,5.497650057077407837e-02,4.547361657023429871e-02,7.210648804903030396e-02,4.984012339264154434e-03,-7.599242776632308960e-02,7.604300975799560547e-01,1.543940305709838867e-01,1.608884930610656738e-01,1.091323345899581909e-01,0.000000000000000000e+00,0.000000000000000000e+00,2.180213779211044312e-01,1.204026490449905396e-01,-8.122869580984115601e-02,8.871138691902160645e-01,8.421210050582885742e-01,0.000000000000000000e+00,0.000000000000000000e+00,1.685868352651596069e-01,-1.399921178817749023e-01,1.534916758537292480e-01,8.225786685943603516e-01,-8.120016455650329590e-01,0.000000000000000000e+00,0.000000000000000000e+00
7.851276397705078125e-01,4.290070757269859314e-02,7.657815575599670188e-01,9.994518160820007324e-01,1.380429975688457489e-02,2.981469221413135529e-02,-4.077003337442874908e-03,-4.736913740634918213e-01,-9.872835129499435425e-02,4.881534725427627563e-02,4.074058830738067627e-01,3.367549180984497070e-02,4.783072322607040405e-02,4.041082225739955902e-03,-3.519573435187339783e-02,-8.192862570285797119e-02,8.854336142539978027e-01,2.397749423980712891e-01,2.102707773447036743e-01,1.083609536290168762e-01,0.000000000000000000e+00,0.000000000000000000e+00,2.091776579618453979e-01,1.105349957942962646e-01,-7.579990476369857788e-02,8.932498693466186523e-01,8.440486788749694824e-01,0.000000000000000000e+00,0.000000000000000000e+00,1.797730028629302979e-01,-1.604010909795761108e-01,1.832646131515502930e-01,8.151296973228454590e-01,-8.250961899757385254e-01,0.000000000000000000e+00,0.000000000000000000e+00
8.006155490875244141e-01,4.377190396189689636e-02,7.666222810745239036e-01,9.993124008178710938e-01,2.188580483198165894e-02,2.913279645144939423e-02,-6.858506239950656891e-03,-4.468472599983215332e-01,-1.122715622186660767e-01,6.124009564518928528e-02,4.022004902362823486e-01,1.295728422701358795e-02,5.074203014373779297e-02,-6.568452715873718262e-02,-8.027229458093643188e-02,-9.084732830524444580e-02,9.985740780830383301e-01,3.003954291343688965e-01,2.420206815004348755e-01,1.054036840796470642e-01,0.000000000000000000e+00,0.000000000000000000e+00,1.939218342304229736e-01,1.019343435764312744e-01,-7.788710296154022217e-02,8.962980508804321289e-01,8.485288619995117188e-01,0.000000000000000000e+00,0.000000000000000000e+00,1.895122677087783813e-01,-1.874400824308395386e-01,2.149601280689239502e-01,7.990646958351135254e-01,-8.401039242744445801e-01,0.000000000000000000e+00,0.000000000000000000e+00
8.159494996070861816e-01,4.440991207957267761e-02,7.673510074615478294e-01,9.991110563278198242e-01,3.003366664052009583e-02,2.829435653984546661e-02,-8.630473166704177856e-03,-4.206759631633758545e-01,-1.275860816240310669e-01,7.146038115024566650e-02,3.983584940433502197e-01,-7.404278032481670380e-03,5.476903170347213745e-02,-1.355489045381546021e-01,-1.220966726541519165e-01,-9.694994240999221802e-02,1.093939542770385742e+00,3.143397867679595947e-01,2.458928376436233521e-01,1.000108569860458374e-01,0.000000000000000000e+00,0.000000000000000000e+00,1.758060306310653687e-01,9.527459740638732910e-02,-8.743064105510711670e-02,8.970835208892822266e-01,8.558564186096191406e-01,0.000000000000000000e+00,0.000000000000000000e+00,1.990656554698944092e-01,-2.143919318914413452e-01,2.399438321590423584e-01,7.749335169792175293e-01,-8.529458045959472656e-01,0.000000000000000000e+00,0.000000000000000000e+00
8.313093781471252441e-01,4.482482001185417175e-02,7.679646968841552512e-01,9.989053606986999512e-01,3.742935881018638611e-02,2.682640217244625092e-02,-8.210440166294574738e-03,-3.937564194202423096e-01,-1.440910995006561279e-01,7.769404351711273193e-02,3.952418565750122070e-01,-2.805428951978683472e-02,5.889774486422538757e-02,-2.045933753252029419e-01,-1.488705128431320190e-01,-9.023702889680862427e-02,1.166162967681884766e+00,2.684823870658874512e-01,2.404510229825973511e-01,9.225026518106460571e-02,0.000000000000000000e+00,0.000000000000000000e+00,1.521913856267929077e-01,8.953557908535003662e-02,-1.027461737394332886e-01,8.983775973320007324e-01,8.668074607849121094e-01,0.000000000000000000e+00,0.000000000000000000e+00,2.105686366558074951e-01,-2.316649109125137329e-01,2.528985440731048584e-01,7.468701004981994629e-01,-8.597317934036254883e-01,0.000000000000000000e+00,0.000000000000000000e+00
8.468047380447387695e-01,4.502408578991889954e-02,7.685353517532348411e-01,9.987083077430725098e-01,4.370706155896186829e-02,2.500559017062187195e-02,-6.794803775846958160e-03,-3.655801415443420410e-01,-1.596516817808151245e-01,7.966534793376922607e-02,3.926563262939453125e-01,-4.930389299988746643e-02,6.277558207511901855e-02,-2.697611451148986816e-01,-1.717808991670608521e-01,-8.594004809856414795e-02,1.215551853179931641e+00,2.077931612730026245e-01,2.251198291778564453e-01,8.339466154575347900e-02,0.000000000000000000e+00,0.000000000000000000e+00,1.262808293104171753e-01,8.723659068346023560e-02,-1.216477975249290466e-01,8.986825942993164062e-01,8.800140023231506348e-01,0.000000000000000000e+00,0.000000000000000000e+00,2.239264845848083496e-01,-2.418559640645980835e-01,2.474868148565292358e-01,7.146257758140563965e-01,-8.558804392814636230e-01,0.000000000000000000e+00,0.000000000000000000e+00
8.624138832092285156e-01,4.495041444897651672e-02,7.689240932464599387e-01,9.985162615776062012e-01,4.917755350470542908e-02,2.295258082449436188e-02,-4.476236645132303238e-03,-3.388290107250213623e-01,-1.741531491279602051e-01,7.857187092304229736e-02,3.950232565402984619e-01,-7.283140718936920166e-02,6.618016958236694336e-02,-3.295635581016540527e-01,-1.928167194128036499e-01,-8.555620163679122925e-02,1.240771174430847168e+00,1.456019133329391479e-01,2.063530683517456055e-01,7.382521778345108032e-02,0.000000000000000000e+00,0.000000000000000000e+00,9.914199262857437134e-02,8.680141717195510864e-02,-1.417692303657531738e-01,8.980190753936767578e-01,8.936590552330017090e-01,0.000000000000000000e+00,0.000000000000000000e+00,2.396981716156005859e-01,-2.453849613666534424e-01,2.243860960006713867e-01,6.800518631935119629e-01,-8.415561914443969727e-01,0.000000000000000000e+00,0.000000000000000000e+00
8.781083226203918457e-01,4.460298642516136169e-02,7.690731644630431907e-01,9.983150362968444824e-01,5.415898934006690979e-02,2.079000696539878845e-02,-1.302646473050117493e-03,-3.149250447750091553e-01,-1.877429038286209106e-01,7.520581036806106567e-02,4.043497443199157715e-01,-9.943606704473495483e-02,6.914278864860534668e-02,-3.844807744026184082e-01,-2.058813422918319702e-01,-8.165270090103149414e-02,1.241136789321899414e+00,7.398483902215957642e-02,1.885180175304412842e-01,6.354474276304244995e-02,0.000000000000000000e+00,0.000000000000000000e+00,7.043440639972686768e-02,8.557973057031631470e-02,-1.609538048505783081e-01,8.973326683044433594e-01,9.058073163032531738e-01,0.000000000000000000e+00,0.000000000000000000e+00,2.577090859413146973e-01,-2.403657883405685425e-01,1.893831044435501099e-01,6.467835903167724609e-01,-8.199105858802795410e-01,0.000000000000000000e+00,0.000000000000000000e+00
8.939526081085205078e-01,4.411678761243820190e-02,7.692736744880676047e-01,9.981794953346252441e-01,5.726385489106178284e-02,1.876730471849441528e-02,2.505089621990919113e-03,-2.907352447509765625e-01,-1.987004876136779785e-01,6.893825531005859375e-02,4.145820438861846924e-01,-1.269033104181289673e-01,7.203865051269531250e-02,-4.352312684059143066e-01,-2.102001011371612549e-01,-7.517719268798828125e-02,1.219275951385498047e+00,2.052181866019964218e-03,1.658353060483932495e-01,5.323976650834083557e-02,0.000000000000000000e+00,0.000000000000000000e+00,4.111814498901367188e-02,8.411420136690139771e-02,-1.779841333627700806e-01,8.962708711624145508e-01,9.145584702491760254e-01,0.000000000000000000e+00,0.000000000000000000e+00,2.759778797626495361e-01,-2.275809943675994873e-01,1.484479755163192749e-01,6.167728304862976074e-01,-7.939209938049316406e-01,0.000000000000000000e+00,0.000000000000000000e+00
9.098864793777465820e-01,4.353033006191253662e-02,7.696504950523376243e-01,9.980818629264831543e-01,5.913397669792175293e-02,1.727788336575031281e-02,6.103534717112779617e-03,-2.656703889369964600e-01,-2.064842283725738525e-01,6.062947213649749756e-02,4.221550822257995605e-01,-1.528721004724502563e-01,7.462797313928604126e-02,-4.798696339130401611e-01,-2.116572558879852295e-01,-6.947913020849227905e-02,1.173427700996398926e+00,-5.867030471563339233e-02,1.580190807580947876e-01,4.356413707137107849e-02,0.000000000000000000e+00,0.000000000000000000e+00,1.017360668629407883e-02,8.099712431430816650e-02,-1.936869174242019653e-01,8.948972225189208984e-01,9.195639491081237793e-01,0.000000000000000000e+00,0.000000000000000000e+00,2.951098382472991943e-01,-2.097856998443603516e-01,1.072703748941421509e-01,5.885773897171020508e-01,-7.679250240325927734e-01,0.000000000000000000e+00,0.000000000000000000e+00
9.258480072021484375e-01,4.285634681582450867e-02,7.701304912567138450e-01,9.980254173278808594e-01,5.991209298372268677e-02,1.638129539787769318e-02,9.355118498206138611e-03,-2.397852987051010132e-01,-2.114426791667938232e-01,5.129785090684890747e-02,4.254353642463684082e-01,-1.760376691818237305e-01,7.666119933128356934e-02,-5.170183181762695312e-01,-2.124014496803283691e-01,-6.684163212776184082e-02,1.104545235633850098e+00,-1.037325412034988403e-01,1.501431763172149658e-01,3.460659086704254150e-02,0.000000000000000000e+00,0.000000000000000000e+00,-2.031274884939193726e-02,7.782263308763504028e-02,-2.089914977550506592e-01,8.923245668411254883e-01,9.216743707656860352e-01,0.000000000000000000e+00,0.000000000000000000e+00,3.116125762462615967e-01,-1.907679289579391479e-01,7.145147770643234253e-02,5.650488734245300293e-01,-7.450935244560241699e-01,0.000000000000000000e+00,0.000000000000000000e+00
9.418041110038757324e-01,4.213701561093330383e-02,7.705861091613769309e-01,9.980120658874511719e-01,5.970157682895660400e-02,1.615354791283607483e-02,1.211332622915506363e-02,-2.126818150281906128e-01,-2.133992314338684082e-01,4.140352830290794373e-02,4.230971634387969971e-01,-1.957945525646209717e-01,7.812269777059555054e-02,-5.469189286231994629e-01,-2.118511050939559937e-01,-6.873858720064163208e-02,1.017446756362915039e+00,-1.315100342035293579e-01,1.283837258815765381e-01,2.619335986673831940e-02,0.000000000000000000e+00,0.000000000000000000e+00,-4.791857674717903137e-02,7.674670964479446411e-02,-2.243734747171401978e-01,8.876050710678100586e-01,9.221750497817993164e-01,0.000000000000000000e+00,0.000000000000000000e+00,3.218878209590911865e-01,-1.738084405660629272e-01,4.582305252552032471e-02,5.496646165847778320e-01,-7.278690338134765625e-01,0.000000000000000000e+00,0.000000000000000000e+00
9.577662348747253418e-01,4.141834005713462830e-02,7.708996891975402610e-01,9.980853796005249023e-01,5.787978321313858032e-02,1.668971218168735504e-02,1.403492596000432968e-02,-1.840096712112426758e-01,-2.117996215820312500e-01,3.112716786563396454e-02,4.146981835365295410e-01,-2.123143672943115234e-01,7.901472598314285278e-02,-5.704534053802490234e-01,-2.107559293508529663e-01,-7.639069855213165283e-02,9.176582694053649902e-01,-1.396791785955429077e-01,1.161398142576217651e-01,1.821645162999629974e-02,0.000000000000000000e+00,0.000000000000000000e+00,-7.294115424156188965e-02,7.713993638753890991e-02,-2.397193759679794312e-01,8.806529045104980469e-01,9.216813445091247559e-01,0.000000000000000000e+00,0.000000000000000000e+00,3.266059458255767822e-01,-1.611431241035461426e-01,3.310301154851913452e-02,5.421650409698486328e-01,-7.186638712882995605e-01,0.000000000000000000e+00,0.000000000000000000e+00
9.738402366638183594e-01,4.059690609574317932e-02,7.707513332366943137e-01,9.981225728988647461e-01,5.651320144534111023e-02,1.755294576287269592e-02,1.579318754374980927e-02,-1.558201462030410767e-01,-2.100272476673126221e-01,2.184880711138248444e-02,4.056286513805389404e-01,-2.285089194774627686e-01,7.871105521917343140e-02,-5.861966013908386230e-01,-2.093065232038497925e-01,-8.851345628499984741e-02,8.061337471008300781e-01,-1.365879178047180176e-01,1.005777716636657715e-01,1.022857334464788437e-02,0.000000000000000000e+00,0.000000000000000000e+00,-9.310200065374374390e-02,7.895329594612121582e-02,-2.537008821964263916e-01,8.707062005996704102e-01,9.187540411949157715e-01,0.000000000000000000e+00,0.000000000000000000e+00,3.237627446651458740e-01,-1.562217175960540771e-01,3.234308585524559021e-02,5.451688766479492188e-01,-7.177885770797729492e-01,0.000000000000000000e+00,0.000000000000000000e+00
9.900861382484436035e-01,3.972408920526504517e-02,7.702802777290344016e-01,9.981425404548645020e-01,5.526159703731536865e-02,1.873068884015083313e-02,1.751691848039627075e-02,-1.275579035282135010e-01,-2.081242650747299194e-01,1.325482875108718872e-02,3.950231075286865234e-01,-2.434971481561660767e-01,7.812564074993133545e-02,-5.945078730583190918e-01,-2.050980627536773682e-01,-1.017561480402946472e-01,6.872464418411254883e-01,-1.311883479356765747e-01,9.045244753360748291e-02,2.082187682390213013e-03,0.000000000000000000e+00,0.000000000000000000e+00,-1.096927151083946228e-01,8.008293807506561279e-02,-2.664208114147186279e-01,8.594754338264465332e-01,9.129626750946044922e-01,0.000000000000000000e+00,0.000000000000000000e+00,3.168349266052246094e-01,-1.576579064130783081e-01,4.121261462569236755e-02,5.552276372909545898e-01,-7.247131466865539551e-01,0.000000000000000000e+00,0.000000000000000000e+00
1.006566882133483887e+00,3.886766359210014343e-02,7.697359085083007590e-01,9.981650114059448242e-01,5.369981378316879272e-02,2.022942900657653809e-02,1.933157816529273987e-02,-9.764651209115982056e-02,-2.050966918468475342e-01,4.382187034934759140e-03,3.800400495529174805e-01,-2.554327845573425293e-01,7.836354523897171021e-02,-5.969492793083190918e-01,-1.971165388822555542e-01,-1.132590919733047485e-01,5.655652880668640137e-01,-1.226310804486274719e-01,1.001452654600143433e-01,-5.966921802610158920e-03,0.000000000000000000e+00,0.000000000000000000e+00,-1.249843537807464600e-01,7.883264124393463135e-02,-2.790956199169158936e-01,8.495053648948669434e-01,9.050971865653991699e-01,0.000000000000000000e+00,0.000000000000000000e+00,3.105092644691467285e-01,-1.621188074350357056e-01,5.607144162058830261e-02,5.672168135643005371e-01,-7.381540536880493164e-01,0.000000000000000000e+00,0.000000000000000000e+00
1.023403763771057129e+00,3.793708607554435730e-02,7.690119504928588645e-01,9.981516599655151367e-01,5.255193263292312622e-02,2.194922417402267456e-02,2.120950259268283844e-02,-6.636299192905426025e-02,-2.024645060300827026e-01,-4.598613362759351730e-03,3.626426458358764648e-01,-2.652977705001831055e-01,7.890828698873519897e-02,-5.941160321235656738e-01,-1.882195025682449341e-01,-1.228011399507522583e-01,4.416825175285339355e-01,-1.026266291737556458e-01,1.186976507306098938e-01,-1.343304011970758438e-02,0.000000000000000000e+00,0.000000000000000000e+00,-1.384181082248687744e-01,7.658591121435165405e-02,-2.927649319171905518e-01,8.417493700981140137e-01,8.964973688125610352e-01,0.000000000000000000e+00,0.000000000000000000e+00,3.048074543476104736e-01,-1.683358401060104370e-01,7.198359072208404541e-02,5.805876255035400391e-01,-7.558782100677490234e-01,0.000000000000000000e+00,0.000000000000000000e+00
1.040642738342285156e+00,3.693166747689247131e-02,7.680610775947570579e-01,9.981207847595214844e-01,5.171873420476913452e-02,2.357630245387554169e-02,2.289617247879505157e-02,-3.405397757887840271e-02,-1.996310204267501831e-01,-1.351765822619199753e-02,3.436805903911590576e-01,-2.724131941795349121e-01,7.891667634248733521e-02,-5.862756967544555664e-01,-1.776165813207626343e-01,-1.308257579803466797e-01,3.210870921611785889e-01,-8.618621528148651123e-02,1.373335123062133789e-01,-1.988487504422664642e-02,0.000000000000000000e+00,0.000000000000000000e+00,-1.504293382167816162e-01,7.448553293943405151e-02,-3.080753087997436523e-01,8.369084596633911133e-01,8.894574046134948730e-01,0.000000000000000000e+00,0.000000000000000000e+00,3.005065321922302246e-01,-1.735826283693313599e-01,8.528305590152740479e-02,5.940085053443908691e-01,-7.754152417182922363e-01,0.000000000000000000e+00,0.000000000000000000e+00
1.058408141136169434e+00,3.571567311882972717e-02,7.665402650833129661e-01,9.980569481849670410e-01,5.164204165339469910e-02,2.469541877508163452e-02,2.460874058306217194e-02,-2.455702517181634903e-03,-1.982113718986511230e-01,-2.211982570588588715e-02,3.313829600811004639e-01,-2.794655263423919678e-01,7.807720452547073364e-02,-5.847600102424621582e-01,-1.675245910882949829e-01,-1.283425241708755493e-01,2.354628592729568481e-01,-8.267904818058013916e-02,1.641712039709091187e-01,-2.582846395671367645e-02,0.000000000000000000e+00,0.000000000000000000e+00,-1.608989983797073364e-01,7.163261622190475464e-02,-3.249407708644866943e-01,8.351806998252868652e-01,8.852916359901428223e-01,0.000000000000000000e+00,0.000000000000000000e+00,2.992509901523590088e-01,-1.772308945655822754e-01,9.226666390895843506e-02,6.059080362319946289e-01,-7.935886979103088379e-01,0.000000000000000000e+00,0.000000000000000000e+00
1.076703190803527832e+00,3.420243039727210999e-02,7.644367575645446555e-01,9.979405999183654785e-01,5.282465368509292603e-02,2.484223060309886932e-02,2.658920176327228546e-02,2.708244323730468750e-02,-1.984659135341644287e-01,-3.012002073228359222e-02,3.301497101783752441e-01,-2.884167730808258057e-01,7.650352269411087036e-02,-5.934069156646728516e-01,-1.590584665536880493e-01,-1.094071343541145325e-01,2.023230195045471191e-01,-8.734716475009918213e-02,1.974248737096786499e-01,-3.174466267228126526e-02,0.000000000000000000e+00,0.000000000000000000e+00,-1.690120995044708252e-01,6.791215389966964722e-02,-3.420430123805999756e-01,8.358864188194274902e-01,8.840497136116027832e-01,0.000000000000000000e+00,0.000000000000000000e+00,3.013078272342681885e-01,-1.782123148441314697e-01,9.103395789861679077e-02,6.158745884895324707e-01,-8.067931532859802246e-01,0.000000000000000000e+00,0.000000000000000000e+00
1.095258474349975586e+00,3.251602500677108765e-02,7.623809933662414329e-01,9.978948235511779785e-01,5.294340103864669800e-02,2.514749579131603241e-02,2.775869891047477722e-02,5.510962381958961487e-02,-1.961743533611297607e-01,-3.729625418782234192e-02,3.314838707447052002e-01,-2.962077558040618896e-01,7.419347763061523438e-02,-5.964115858078002930e-01,-1.483386307954788208e-01,-8.400218188762664795e-02,1.959005296230316162e-01,-8.513422310352325439e-02,2.076531499624252319e-01,-3.709682449698448181e-02,0.000000000000000000e+00,0.000000000000000000e+00,-1.738026440143585205e-01,6.590798497200012207e-02,-3.570144474506378174e-01,8.375915288925170898e-01,8.849011659622192383e-01,0.000000000000000000e+00,0.000000000000000000e+00,3.044095933437347412e-01,-1.729758679866790771e-01,8.306958526372909546e-02,6.253665089607238770e-01,-8.121144175529479980e-01,0.000000000000000000e+00,0.000000000000000000e+00
1.113947272300720215e+00,3.060347028076648712e-02,7.602675318717956321e-01,9.979097247123718262e-01,5.207287147641181946e-02,2.549607865512371063e-02,2.853992953896522522e-02,8.123917877674102783e-02,-1.903260648250579834e-01,-4.336119815707206726e-02,3.341135084629058838e-01,-3.008453249931335449e-01,7.051536440849304199e-02,-5.960672497749328613e-01,-1.362930983304977417e-01,-6.462785601615905762e-02,2.152781486511230469e-01,-5.978568643331527710e-02,1.877446025609970093e-01,-4.144700616598129272e-02,0.000000000000000000e+00,0.000000000000000000e+00,-1.743667721748352051e-01,6.562197953462600708e-02,-3.685336410999298096e-01,8.394975066184997559e-01,8.863363862037658691e-01,0.000000000000000000e+00,0.000000000000000000e+00,3.074302971363067627e-01,-1.620818078517913818e-01,7.018245756626129150e-02,6.361970901489257812e-01,-8.096091747283935547e-01,0.000000000000000000e+00,0.000000000000000000e+00
1.133134603500366211e+00,2.839730493724346161e-02,7.605935692787170188e-01,9.979667067527770996e-01,5.050370097160339355e-02,2.577811479568481445e-02,2.910956926643848419e-02,1.058372110128402710e-01,-1.821727007627487183e-01,-4.769241809844970703e-02,3.443807959556579590e-01,-2.976487576961517334e-01,6.570687144994735718e-02,-5.993210077285766602e-01,-1.250283569097518921e-01,-5.561331287026405334e-02,2.587681710720062256e-01,-1.360276620835065842e-02,1.485664695501327515e-01,-4.501593485474586487e-02,0.000000000000000000e+00,0.000000000000000000e+00,-1.701242625713348389e-01,6.582494825124740601e-02,-3.760099709033966064e-01,8.416894674301147461e-01,8.872070908546447754e-01,0.000000000000000000e+00,0.000000000000000000e+00,3.098601102828979492e-01,-1.487615555524826050e-01,5.487892404198646545e-02,6.495636701583862305e-01,-8.026415109634399414e-01,0.000000000000000000e+00,0.000000000000000000e+00
1.152956843376159668e+00,2.593945339322090149e-02,7.629390716552734153e-01,9.980465173721313477e-01,4.853135719895362854e-02,2.587401866912841797e-02,2.963854745030403137e-02,1.276425123214721680e-01,-1.725554615259170532e-01,-4.965242743492126465e-02,3.660963475704193115e-01,-2.821940481662750244e-01,5.948291346430778503e-02,-6.061148047447204590e-01,-1.158857196569442749e-01,-5.607075616717338562e-02,3.151715695858001709e-01,3.635751828551292419e-02,1.092846095561981201e-01,-4.809330403804779053e-02,0.000000000000000000e+00,0.000000000000000000e+00,-1.607854962348937988e-01,6.583777070045471191e-02,-3.790654242038726807e-01,8.447885513305664062e-01,8.870574831962585449e-01,0.000000000000000000e+00,0.000000000000000000e+00,3.110735416412353516e-01,-1.361100375652313232e-01,4.004160314798355103e-02,6.659665107727050781e-01,-7.960048913955688477e-01,0.000000000000000000e+00,0.000000000000000000e+00
1.172808885574340820e+00,2.337381057441234589e-02,7.614432334899902122e-01,9.982025623321533203e-01,4.542814567685127258e-02,2.613486163318157196e-02,2.906719595193862915e-02,1.426179707050323486e-01,-1.605153828859329224e-01,-4.896549507975578308e-02,3.949925005435943604e-01,-2.541348338127136230e-01,5.050038918852806091e-02,-6.081680059432983398e-01,-1.085308641195297241e-01,-6.475152820348739624e-02,3.708070516586303711e-01,7.164413481950759888e-02,8.402884751558303833e-02,-5.050482228398323059e-02,0.000000000000000000e+00,0.000000000000000000e+00,-1.463413238525390625e-01,6.627555936574935913e-02,-3.774197995662689209e-01,8.495227098464965820e-01,8.859511017799377441e-01,0.000000000000000000e+00,0.000000000000000000e+00,3.102178275585174561e-01,-1.250987499952316284e-01,2.788321860134601593e-02,6.852355003356933594e-01,-7.932976484298706055e-01,0.000000000000000000e+00,0.000000000000000000e+00
1.192490339279174805e+00,2.071535401046276093e-02,7.594415903091430442e-01,9.984181523323059082e-01,4.116197675466537476e-02,2.622470632195472717e-02,2.791283465921878815e-02,1.504396647214889526e-01,-1.461107432842254639e-01,-4.567884281277656555e-02,4.341804385185241699e-01,-2.143210619688034058e-01,4.105612263083457947e-02,-6.065052151679992676e-01,-9.981964528560638428e-02,-7.600522786378860474e-02,4.263430535793304443e-01,8.292880654335021973e-02,6.248714402318000793e-02,-5.239386856555938721e-02,0.000000000000000000e+00,0.000000000000000000e+00,-1.274658888578414917e-01,6.737160682678222656e-02,-3.717778921127319336e-01,8.565877079963684082e-01,8.838650584220886230e-01,0.000000000000000000e+00,0.000000000000000000e+00,3.073969483375549316e-01,-1.155128404498100281e-01,1.841582171618938446e-02,7.060269713401794434e-01,-7.948597669601440430e-01,0.000000000000000000e+00,0.000000000000000000e+00
1.211762189865112305e+00,1.799063570797443390e-02,7.592727303504943626e-01,9.986742734909057617e-01,3.545076400041580200e-02,2.610549516975879669e-02,2.667185105383396149e-02,1.485744863748550415e-01,-1.286736875772476196e-01,-4.172069206833839417e-02,4.879770874977111816e-01,-1.614679098129272461e-01,3.296623378992080688e-02,-6.002595424652099609e-01,-8.655168861150741577e-02,-8.727683126926422119e-02,4.741362631320953369e-01,6.656076759099960327e-02,3.868364542722702026e-02,-5.377827584743499756e-02,0.000000000000000000e+00,0.000000000000000000e+00,-1.061047911643981934e-01,6.986498832702636719e-02,-3.642396032810211182e-01,8.663499355316162109e-01,8.810814023017883301e-01,0.000000000000000000e+00,0.000000000000000000e+00,3.029732406139373779e-01,-1.058985516428947449e-01,1.091868896037340164e-02,7.265291810035705566e-01,-7.987411022186279297e-01,0.000000000000000000e+00,0.000000000000000000e+00
1.230375170707702637e+00,1.521253678947687149e-02,7.601070761680602805e-01,9.989427924156188965e-01,2.793046832084655762e-02,2.573539130389690399e-02,2.590218931436538696e-02,1.328997164964675903e-01,-1.072196513414382935e-01,-3.900256380438804626e-02,5.604850053787231445e-01,-9.538353979587554932e-02,1.972184330224990845e-02,-5.867118239402770996e-01,-6.864206492900848389e-02,-9.969017654657363892e-02,5.053902268409729004e-01,3.111869469285011292e-02,1.607399433851242065e-02,-5.469425767660140991e-02,0.000000000000000000e+00,0.000000000000000000e+00,-8.519138395786285400e-02,7.474176585674285889e-02,-3.583725988864898682e-01,8.787270188331604004e-01,8.788133263587951660e-01,0.000000000000000000e+00,0.000000000000000000e+00,2.973764836788177490e-01,-9.527655690908432007e-02,4.701234865933656693e-03,7.449206709861755371e-01,-8.024883866310119629e-01,0.000000000000000000e+00,0.000000000000000000e+00
1.248268961906433105e+00,1.234462205320596695e-02,7.604146957397460715e-01,9.991326332092285156e-01,1.885975524783134460e-02,2.500358782708644867e-02,2.744222432374954224e-02,1.009869575500488281e-01,-8.145518600940704346e-02,-3.719151392579078674e-02,6.549134850502014160e-01,-1.892229355871677399e-02,-1.266825757920742035e-02,-5.656549334526062012e-01,-4.979375377297401428e-02,-1.152212619781494141e-01,5.226758718490600586e-01,-2.966037951409816742e-03,-1.484859876654809341e-05,-5.544273555278778076e-02,0.000000000000000000e+00,0.000000000000000000e+00,-6.763931363821029663e-02,8.274105191230773926e-02,-3.585190773010253906e-01,8.929796218872070312e-01,8.794108629226684570e-01,0.000000000000000000e+00,0.000000000000000000e+00,2.910097241401672363e-01,-8.456080406904220581e-02,-4.716008552350103855e-04,7.597960829734802246e-01,-8.047869205474853516e-01,0.000000000000000000e+00,0.000000000000000000e+00
1.265522241592407227e+00,9.456552565097808838e-03,7.607200503349303977e-01,9.991955161094665527e-01,9.262448176741600037e-03,2.413729019463062286e-02,3.065828233957290649e-02,5.353515967726707458e-02,-5.154093354940414429e-02,-3.505285829305648804e-02,7.675474882125854492e-01,6.916326284408569336e-02,-5.950563773512840271e-02,-5.392178893089294434e-01,-3.151214122772216797e-02,-1.339607089757919312e-01,5.289791822433471680e-01,-3.316188976168632507e-02,-1.097700186073780060e-02,-5.626967921853065491e-02,0.000000000000000000e+00,0.000000000000000000e+00,-5.443510785698890686e-02,9.476163238286972046e-02,-3.672506213188171387e-01,9.071331024169921875e-01,8.850682377815246582e-01,0.000000000000000000e+00,0.000000000000000000e+00,2.836650311946868896e-01,-7.495471090078353882e-02,-3.895286936312913895e-03,7.708554863929748535e-01,-8.059373497962951660e-01,0.000000000000000000e+00,0.000000000000000000e+00
1.282232522964477539e+00,6.738150492310523987e-03,7.610137820243835227e-01,9.991196990013122559e-01,-6.591801065951585770e-04,2.322374843060970306e-02,3.492952138185501099e-02,-5.904225632548332214e-03,-1.997255161404609680e-02,-3.407955169677734375e-02,8.873057961463928223e-01,1.555319130420684814e-01,-1.002243533730506897e-01,-5.109461545944213867e-01,-1.359953638166189194e-02,-1.544958949089050293e-01,5.294248461723327637e-01,-6.129675731062889099e-02,-1.758369617164134979e-02,-5.689055100083351135e-02,0.000000000000000000e+00,0.000000000000000000e+00,-4.439002275466918945e-02,1.112060844898223877e-01,-3.830740153789520264e-01,9.179628491401672363e-01,8.953172564506530762e-01,0.000000000000000000e+00,0.000000000000000000e+00,2.746350467205047607e-01,-6.721542030572891235e-02,-4.944020416587591171e-03,7.785123586654663086e-01,-8.068601489067077637e-01,0.000000000000000000e+00,0.000000000000000000e+00
1.298570990562438965e+00,4.339293111115694046e-03,7.610843539237975852e-01,9.989085197448730469e-01,-1.070319116115570068e-02,2.235021814703941345e-02,3.959389030933380127e-02,-7.177717238664627075e-02,9.226582944393157959e-03,-3.625971078872680664e-02,1.001177191734313965e+00,2.244371771812438965e-01,-1.255195885896682739e-01,-4.828158915042877197e-01,4.356455523520708084e-03,-1.743186116218566895e-01,5.278316736221313477e-01,-8.761684596538543701e-02,-2.147345431149005890e-02,-5.674264207482337952e-02,0.000000000000000000e+00,0.000000000000000000e+00,-3.465011715888977051e-02,1.307785809040069580e-01,-4.005022048950195312e-01,9.220839142799377441e-01,9.061221480369567871e-01,0.000000000000000000e+00,0.000000000000000000e+00,2.632538378238677979e-01,-6.183308362960815430e-02,-3.604897996410727501e-03,7.833314538002014160e-01,-8.082832694053649902e-01,0.000000000000000000e+00,0.000000000000000000e+00
1.314798831939697266e+00,2.249096520245075226e-03,7.614519357681274192e-01,9.986735582351684570e-01,-1.920186914503574371e-02,2.112330868840217590e-02,4.285103827714920044e-02,-1.381852775812149048e-01,3.125653788447380066e-02,-4.145850241184234619e-02,1.099562287330627441e+00,2.675784230232238770e-01,-1.478004753589630127e-01,-4.536407589912414551e-01,2.204285003244876862e-02,-1.905750185251235962e-01,5.237734317779541016e-01,-1.111401915550231934e-01,-2.698031812906265259e-02,-5.544738844037055969e-02,0.000000000000000000e+00,0.000000000000000000e+00,-2.178131975233554840e-02,1.503347456455230713e-01,-4.120615422725677490e-01,9.173846840858459473e-01,9.110150337219238281e-01,0.000000000000000000e+00,0.000000000000000000e+00,2.493506819009780884e-01,-5.916016548871994019e-02,-4.879700136370956898e-04,7.858594059944152832e-01,-8.102920651435852051e-01,0.000000000000000000e+00,0.000000000000000000e+00
1.331042528152465820e+00,4.545311967376619577e-04,7.620900630950927512e-01,9.984648227691650391e-01,-2.633700333535671234e-02,1.948629878461360931e-02,4.466164857149124146e-02,-2.022043615579605103e-01,3.944138437509536743e-02,-5.012733489274978638e-02,1.175859928131103516e+00,2.572896182537078857e-01,-1.494247168302536011e-01,-4.233213067054748535e-01,3.936794400215148926e-02,-2.020206302404403687e-01,5.182467699050903320e-01,-1.332227289676666260e-01,-3.293396532535552979e-02,-5.297047272324562073e-02,0.000000000000000000e+00,0.000000000000000000e+00,-3.750262781977653503e-03,1.680175215005874634e-01,-4.129307866096496582e-01,9.041339755058288574e-01,9.058468341827392578e-01,0.000000000000000000e+00,0.000000000000000000e+00,2.330325394868850708e-01,-5.856087803840637207e-02,3.948976751416921616e-03,7.873455882072448730e-01,-8.125603199005126953e-01,0.000000000000000000e+00,0.000000000000000000e+00
1.347355127334594727e+00,-1.041799900121986866e-03,7.628453135490417258e-01,9.983049035072326660e-01,-3.227575123310089111e-02,1.748414337635040283e-02,4.516549408435821533e-02,-2.633370161056518555e-01,4.064111784100532532e-02,-5.793106555938720703e-02,1.230159759521484375e+00,2.156791836023330688e-01,-1.417798846960067749e-01,-3.922912180423736572e-01,5.615372583270072937e-02,-2.088781297206878662e-01,5.126092433929443359e-01,-1.549333631992340088e-01,-3.833505883812904358e-02,-4.950227588415145874e-02,0.000000000000000000e+00,0.000000000000000000e+00,1.843878254294395447e-02,1.829428374767303467e-01,-4.029006659984588623e-01,8.853464126586914062e-01,8.906244635581970215e-01,0.000000000000000000e+00,0.000000000000000000e+00,2.149004191160202026e-01,-5.904101207852363586e-02,1.049704570323228836e-02,7.870965600013732910e-01,-8.146952986717224121e-01,0.000000000000000000e+00,0.000000000000000000e+00
1.363778948783874512e+00,-2.255042083561420441e-03,7.636469960212707297e-01,9.982041120529174805e-01,-3.715876862406730652e-02,1.515802461653947830e-02,4.447532817721366882e-02,-3.215371966361999512e-01,4.345795139670372009e-02,-6.159225851297378540e-02,1.263799428939819336e+00,1.767119020223617554e-01,-1.387615650892257690e-01,-3.606624603271484375e-01,7.216550409793853760e-02,-2.119758278131484985e-01,5.072525143623352051e-01,-1.765026003122329712e-01,-4.324772953987121582e-02,-4.504362866282463074e-02,0.000000000000000000e+00,0.000000000000000000e+00,4.504599049687385559e-02,1.960619539022445679e-01,-3.847008347511291504e-01,8.620418310165405273e-01,8.690890073776245117e-01,0.000000000000000000e+00,0.000000000000000000e+00,1.950518190860748291e-01,-6.005365028977394104e-02,1.833992078900337219e-02,7.882468104362487793e-01,-8.173813819885253906e-01,0.000000000000000000e+00,0.000000000000000000e+00
1.380356550216674805e+00,-3.240948310121893883e-03,7.645150780677795188e-01,9.981797337532043457e-01,-4.082307219505310059e-02,1.269857306033372879e-02,4.253746941685676575e-02,-3.758855164051055908e-01,4.434837028384208679e-02,-6.465583294630050659e-02,1.274365901947021484e+00,1.339356750249862671e-01,-1.232391670346260071e-01,-3.279941082000732422e-01,8.721780031919479370e-02,-2.120298296213150024e-01,5.012322664260864258e-01,-1.977652162313461304e-01,-4.756208509206771851e-02,-3.926220536231994629e-02,0.000000000000000000e+00,0.000000000000000000e+00,7.834848016500473022e-02,2.094615399837493896e-01,-3.616508841514587402e-01,8.323619961738586426e-01,8.464797735214233398e-01,0.000000000000000000e+00,0.000000000000000000e+00,1.729620099067687988e-01,-6.172836571931838989e-02,2.420883253216743469e-02,7.977011799812316895e-01,-8.222739696502685547e-01,0.000000000000000000e+00,0.000000000000000000e+00
1.397052407264709473e+00,-4.050677642226219177e-03,7.654581427574157493e-01,9.981808662414550781e-01,-4.372522979974746704e-02,1.041050814092159271e-02,4.018287733197212219e-02,-4.261004924774169922e-01,4.098242148756980896e-02,-6.935428082942962646e-02,1.262378692626953125e+00,8.252947777509689331e-02,-1.012989208102226257e-01,-2.944362759590148926e-01,1.009792387485504150e-01,-2.098502069711685181e-01,4.939364790916442871e-01,-2.182615399360656738e-01,-5.105086788535118103e-02,-3.232804685831069946e-02,0.000000000000000000e+00,0.000000000000000000e+00,1.092659160494804382e-01,2.201875001192092896e-01,-3.372950255870819092e-01,8.049528002738952637e-01,8.250762820243835449e-01,0.000000000000000000e+00,0.000000000000000000e+00,1.506946235895156860e-01,-6.358414143323898315e-02,3.066090121865272522e-02,8.037069439888000488e-01,-8.279955983161926270e-01,0.000000000000000000e+00,0.000000000000000000e+00
1.413799643516540527e+00,-4.736389964818954468e-03,7.664457917213439719e-01,9.982066154479980469e-01,-4.588228091597557068e-02,8.395228534936904907e-03,3.752239421010017395e-02,-4.713901281356811523e-01,3.396745398640632629e-02,-7.590221613645553589e-02,1.228106975555419922e+00,2.523743174970149994e-02,-8.029205352067947388e-02,-2.601892948150634766e-01,1.130935996770858765e-01,-2.058047801256179810e-01,4.845509231090545654e-01,-2.372994571924209595e-01,-5.369435995817184448e-02,-2.456637658178806305e-02,0.000000000000000000e+00,0.000000000000000000e+00,1.346338987350463867e-01,2.225097864866256714e-01,-3.152855932712554932e-01,7.842746973037719727e-01,8.073581457138061523e-01,0.000000000000000000e+00,0.000000000000000000e+00,1.292177438735961914e-01,-6.506500393152236938e-02,4.027747362852096558e-02,8.015171289443969727e-01,-8.324571847915649414e-01,0.000000000000000000e+00,0.000000000000000000e+00
1.430532336235046387e+00,-5.319741554558277130e-03,7.673593521118163840e-01,9.982578754425048828e-01,-4.727526009082794189e-02,6.771561224013566971e-03,3.464638069272041321e-02,-5.109499692916870117e-01,2.601052075624465942e-02,-8.346006274223327637e-02,1.172332525253295898e+00,-2.646631561219692230e-02,-6.642153114080429077e-02,-2.257732897996902466e-01,1.235913932323455811e-01,-2.001571208238601685e-01,4.730883836746215820e-01,-2.546289563179016113e-01,-5.563896521925926208e-02,-1.627431623637676239e-02,0.000000000000000000e+00,0.000000000000000000e+00,1.556780636310577393e-01,2.174923568964004517e-01,-2.961739897727966309e-01,7.702462673187255859e-01,7.935499548912048340e-01,0.000000000000000000e+00,0.000000000000000000e+00,1.094399839639663696e-01,-6.715239584445953369e-02,5.262903869152069092e-02,7.946341633796691895e-01,-8.345666527748107910e-01,0.000000000000000000e+00,0.000000000000000000e+00
1.447206974029541016e+00,-5.794000346213579178e-03,7.679981350898742454e-01,9.983293414115905762e-01,-4.805666580796241760e-02,5.881369113922119141e-03,3.153562545776367188e-02,-5.443345308303833008e-01,2.005940116941928864e-02,-9.071846306324005127e-02,1.097136020660400391e+00,-5.941066890954971313e-02,-6.371763348579406738e-02,-1.920292526483535767e-01,1.328412443399429321e-01,-1.933426707983016968e-01,4.605357944965362549e-01,-2.705701887607574463e-01,-5.706448480486869812e-02,-7.654919754713773727e-03,0.000000000000000000e+00,0.000000000000000000e+00,1.718512326478958130e-01,2.153706103563308716e-01,-2.766191363334655762e-01,7.624568343162536621e-01,7.804646492004394531e-01,0.000000000000000000e+00,0.000000000000000000e+00,9.278588742017745972e-02,-7.212848961353302002e-02,6.499767303466796875e-02,7.862223386764526367e-01,-8.349344730377197266e-01,0.000000000000000000e+00,0.000000000000000000e+00
1.463812351226806641e+00,-6.243678741157054901e-03,7.682549118995666282e-01,9.984234571456909180e-01,-4.817039519548416138e-02,5.637532100081443787e-03,2.825625240802764893e-02,-5.697022080421447754e-01,1.668136566877365112e-02,-9.471920132637023926e-02,1.001974701881408691e+00,-8.271863311529159546e-02,-5.153144150972366333e-02,-1.585483402013778687e-01,1.402356475591659546e-01,-1.851579695940017700e-01,4.452464282512664795e-01,-2.842745482921600342e-01,-5.823995545506477356e-02,1.225142274051904678e-03,0.000000000000000000e+00,0.000000000000000000e+00,1.862700730562210083e-01,2.131687104701995850e-01,-2.580080330371856689e-01,7.578197121620178223e-01,7.702770233154296875e-01,0.000000000000000000e+00,0.000000000000000000e+00,7.545696943998336792e-02,-7.798179239034652710e-02,7.798922806978225708e-02,7.774418592453002930e-01,-8.350391387939453125e-01,0.000000000000000000e+00,0.000000000000000000e+00
1.480379462242126465e+00,-6.659212522208690643e-03,7.680089831352233665e-01,9.985188841819763184e-01,-4.801766574382781982e-02,5.943273194134235382e-03,2.488096803426742554e-02,-5.875384807586669922e-01,1.807676069438457489e-02,-9.290912747383117676e-02,8.915294408798217773e-01,-9.472778439521789551e-02,-3.460757434368133545e-02,-1.258232593536376953e-01,1.466833800077438354e-01,-1.761869341135025024e-01,4.287812113761901855e-01,-2.965683341026306152e-01,-5.948517844080924988e-02,1.022962387651205063e-02,0.000000000000000000e+00,0.000000000000000000e+00,1.996457725763320923e-01,2.099166661500930786e-01,-2.416373640298843384e-01,7.554810047149658203e-01,7.643335461616516113e-01,0.000000000000000000e+00,0.000000000000000000e+00,5.733324214816093445e-02,-8.318100869655609131e-02,9.171897917985916138e-02,7.690019011497497559e-01,-8.351536989212036133e-01,0.000000000000000000e+00,0.000000000000000000e+00
1.496960163116455078e+00,-7.017270196229219437e-03,7.673080325126647727e-01,9.985917210578918457e-01,-4.803992807865142822e-02,6.711463909596204758e-03,2.148681133985519409e-02,-5.990602374076843262e-01,2.465148456394672394e-02,-8.367940783500671387e-02,7.708470225334167480e-01,-8.951976895332336426e-02,-2.440010756254196167e-02,-9.378956258296966553e-02,1.530349254608154297e-01,-1.670144349336624146e-01,4.119888842105865479e-01,-3.078500926494598389e-01,-6.072123348712921143e-02,1.917646639049053192e-02,0.000000000000000000e+00,0.000000000000000000e+00,2.110529392957687378e-01,2.069255858659744263e-01,-2.282548993825912476e-01,7.560243010520935059e-01,7.623851895332336426e-01,0.000000000000000000e+00,0.000000000000000000e+00,4.053195938467979431e-02,-8.773927390575408936e-02,1.054127588868141174e-01,7.614268064498901367e-01,-8.348419070243835449e-01,0.000000000000000000e+00,0.000000000000000000e+00
1.513598561286926270e+00,-7.374784443527460098e-03,7.664676070213317649e-01,9.986717700958251953e-01,-4.756621643900871277e-02,7.986692711710929871e-03,1.811969839036464691e-02,-6.035194993019104004e-01,3.184442967176437378e-02,-6.725137680768966675e-02,6.402117609977722168e-01,-7.209354639053344727e-02,-1.348319649696350098e-02,-6.052304431796073914e-02,1.582795977592468262e-01,-1.573023349046707153e-01,3.912047743797302246e-01,-3.160130679607391357e-01,-6.128600984811782837e-02,2.791490592062473297e-02,0.000000000000000000e+00,0.000000000000000000e+00,2.206936478614807129e-01,2.032671421766281128e-01,-2.190357744693756104e-01,7.591338157653808594e-01,7.640937566757202148e-01,0.000000000000000000e+00,0.000000000000000000e+00,2.530148625373840332e-02,-9.215568006038665771e-02,1.184999048709869385e-01,7.548918724060058594e-01,-8.339653015136718750e-01,0.000000000000000000e+00,0.000000000000000000e+00
1.530360698699951172e+00,-7.676374167203903198e-03,7.655902862548827903e-01,9.987509846687316895e-01,-4.681268706917762756e-02,9.374673478305339813e-03,1.473700348287820816e-02,-5.996614694595336914e-01,3.681578859686851501e-02,-4.886578395962715149e-02,5.045503973960876465e-01,-4.610325768589973450e-02,-1.403261069208383560e-02,-2.572778612375259399e-02,1.621693819761276245e-01,-1.472009271383285522e-01,3.667297363281250000e-01,-3.205479979515075684e-01,-6.091668829321861267e-02,3.627722710371017456e-02,0.000000000000000000e+00,0.000000000000000000e+00,2.289404571056365967e-01,1.994715929031372070e-01,-2.139812856912612915e-01,7.644221782684326172e-01,7.688100337982177734e-01,0.000000000000000000e+00,0.000000000000000000e+00,1.209488417953252792e-02,-9.613655507564544678e-02,1.307780295610427856e-01,7.496654987335205078e-01,-8.321024179458618164e-01,0.000000000000000000e+00,0.000000000000000000e+00
1.547352671623229980e+00,-7.836266420781612396e-03,7.645224690437316672e-01,9.988175630569458008e-01,-4.604198038578033447e-02,1.069310866296291351e-02,1.137098111212253571e-02,-5.898036360740661621e-01,3.842239826917648315e-02,-3.388999402523040771e-02,3.728398680686950684e-01,-2.278327196836471558e-02,-2.506038174033164978e-02,9.393613785505294800e-03,1.650557070970535278e-01,-1.370457559823989868e-01,3.426153659820556641e-01,-3.224525749683380127e-01,-5.983711034059524536e-02,4.404343664646148682e-02,0.000000000000000000e+00,0.000000000000000000e+00,2.362847477197647095e-01,1.965267956256866455e-01,-2.123056799173355103e-01,7.713133096694946289e-01,7.757138609886169434e-01,0.000000000000000000e+00,0.000000000000000000e+00,1.202850835397839546e-03,-9.923854470252990723e-02,1.424006968736648560e-01,7.459777593612670898e-01,-8.294466137886047363e-01,0.000000000000000000e+00,0.000000000000000000e+00
1.564694285392761230e+00,-7.776188664138317108e-03,7.631019711494445579e-01,9.988605380058288574e-01,-4.554871842265129089e-02,1.174221839755773544e-02,8.063715882599353790e-03,-5.796265602111816406e-01,3.694627061486244202e-02,-2.480692043900489807e-02,2.624591588973999023e-01,-1.393751706928014755e-02,-3.626362979412078857e-02,4.287254065275192261e-02,1.674527525901794434e-01,-1.271866708993911743e-01,3.246752619743347168e-01,-3.245149254798889160e-01,-5.835042893886566162e-02,5.105387046933174133e-02,0.000000000000000000e+00,0.000000000000000000e+00,2.429745495319366455e-01,1.951537877321243286e-01,-2.130248248577117920e-01,7.793101668357849121e-01,7.839778661727905273e-01,0.000000000000000000e+00,0.000000000000000000e+00,-7.246167864650487900e-03,-1.013383343815803528e-01,1.535915285348892212e-01,7.438125610351562500e-01,-8.269823193550109863e-01,0.000000000000000000e+00,0.000000000000000000e+00
1.582437038421630859e+00,-7.437783759087324142e-03,7.613287329673766868e-01,9.988683462142944336e-01,-4.564055427908897400e-02,1.230844203382730484e-02,5.243051331490278244e-03,-5.746867656707763672e-01,3.367844223976135254e-02,-2.038009092211723328e-02,1.974260210990905762e-01,-1.864899322390556335e-02,-4.491076618432998657e-02,7.274845242500305176e-02,1.693693548440933228e-01,-1.179463565349578857e-01,3.173983395099639893e-01,-3.298950791358947754e-01,-5.664630606770515442e-02,5.731863528490066528e-02,0.000000000000000000e+00,0.000000000000000000e+00,2.486378848552703857e-01,1.953125894069671631e-01,-2.154626250267028809e-01,7.883313894271850586e-01,7.929779887199401855e-01,0.000000000000000000e+00,0.000000000000000000e+00,-1.303793024271726608e-02,-1.028844863176345825e-01,1.643622219562530518e-01,7.427572011947631836e-01,-8.262090086936950684e-01,0.000000000000000000e+00,0.000000000000000000e+00
1.600501418113708496e+00,-6.803901400417089462e-03,7.592432260513305442e-01,9.988808035850524902e-01,-4.546787589788436890e-02,1.271462347358465195e-02,2.864411566406488419e-03,-5.742010474205017090e-01,2.945550531148910522e-02,-1.825852878391742706e-02,1.841771155595779419e-01,-1.767926104366779327e-02,-5.517385154962539673e-02,9.800182282924652100e-02,1.693532913923263550e-01,-1.095293015241622925e-01,3.197599947452545166e-01,-3.358424603939056396e-01,-5.545730143785476685e-02,6.298840790987014771e-02,0.000000000000000000e+00,0.000000000000000000e+00,2.525281906127929688e-01,1.956886649131774902e-01,-2.193548232316970825e-01,7.986241579055786133e-01,8.025920987129211426e-01,0.000000000000000000e+00,0.000000000000000000e+00,-1.573958247900009155e-02,-1.048118099570274353e-01,1.746398061513900757e-01,7.421112656593322754e-01,-8.285558819770812988e-01,0.000000000000000000e+00,0.000000000000000000e+00
1.619208931922912598e+00,-5.869542714208364487e-03,7.591919064521789329e-01,9.989119768142700195e-01,-4.483506083488464355e-02,1.282206829637289047e-02,5.504148430190980434e-04,-5.779740810394287109e-01,2.270302362740039825e-02,-2.124958485364913940e-02,2.159430235624313354e-01,-6.351656746119260788e-03,-5.244623869657516479e-02,1.214427798986434937e-01,1.673998981714248657e-01,-1.017568781971931458e-01,3.320571482181549072e-01,-3.374278843402862549e-01,-5.424141138792037964e-02,6.857548654079437256e-02,0.000000000000000000e+00,0.000000000000000000e+00,2.550883591175079346e-01,1.955274343490600586e-01,-2.232999652624130249e-01,8.101866841316223145e-01,8.127121925354003906e-01,0.000000000000000000e+00,0.000000000000000000e+00,-1.488236803561449051e-02,-1.069206446409225464e-01,1.849109828472137451e-01,7.418584823608398438e-01,-8.345585465431213379e-01,0.000000000000000000e+00,0.000000000000000000e+00
1.638671875000000000e+00,-4.673487041145563126e-03,7.616219282150268333e-01,9.989731907844543457e-01,-4.350811988115310669e-02,1.245457399636507034e-02,-2.119904384016990662e-03,-5.837394595146179199e-01,1.115650590509176254e-02,-2.938338741660118103e-02,2.705799639225006104e-01,1.781173050403594971e-02,-2.168081514537334442e-02,1.454213559627532959e-01,1.625720560550689697e-01,-9.390107542276382446e-02,3.510048389434814453e-01,-3.314919471740722656e-01,-5.320738628506660461e-02,7.425677031278610229e-02,0.000000000000000000e+00,0.000000000000000000e+00,2.571081221103668213e-01,1.933628022670745850e-01,-2.252195626497268677e-01,8.230228424072265625e-01,8.226911425590515137e-01,0.000000000000000000e+00,0.000000000000000000e+00,-1.011146418750286102e-02,-1.092746183276176453e-01,1.953119337558746338e-01,7.425325512886047363e-01,-8.434776067733764648e-01,0.000000000000000000e+00,0.000000000000000000e+00
1.658360600471496582e+00,-3.307824255898594856e-03,7.622864603996276633e-01,9.991406798362731934e-01,-3.942515701055526733e-02,1.193010527640581131e-02,-4.613801371306180954e-03,-5.838414430618286133e-01,-4.218587186187505722e-03,-3.334911540150642395e-02,3.167791068553924561e-01,6.529501080513000488e-02,2.076661586761474609e-02,1.674901843070983887e-01,1.517725139856338501e-01,-8.569005131721496582e-02,3.692049086093902588e-01,-3.165628015995025635e-01,-5.312026292085647583e-02,7.926477491855621338e-02,0.000000000000000000e+00,0.000000000000000000e+00,2.585120499134063721e-01,1.866239458322525024e-01,-2.232692390680313110e-01,8.374353051185607910e-01,8.311146497726440430e-01,0.000000000000000000e+00,0.000000000000000000e+00,-1.148866605944931507e-03,-1.128610894083976746e-01,2.045579999685287476e-01,7.449429631233215332e-01,-8.531087636947631836e-01,0.000000000000000000e+00,0.000000000000000000e+00
1.678361892700195312e+00,-1.812387374229729176e-03,7.607124209403991477e-01,9.993251562118530273e-01,-3.450792282819747925e-02,1.109287329018115997e-02,-5.948106758296489716e-03,-5.731105208396911621e-01,-1.551954448223114014e-02,-2.835434488952159882e-02,3.507486581802368164e-01,1.087893620133399963e-01,2.346274256706237793e-02,1.844595670700073242e-01,1.371721327304840088e-01,-8.062150329351425171e-02,3.979162573814392090e-01,-2.844621241092681885e-01,-4.605641961097717285e-02,8.269689977169036865e-02,0.000000000000000000e+00,0.000000000000000000e+00,2.590134143829345703e-01,1.767721772193908691e-01,-2.156795561313629150e-01,8.534101247787475586e-01,8.364983797073364258e-01,0.000000000000000000e+00,0.000000000000000000e+00,1.253654435276985168e-02,-1.152997985482215881e-01,2.103840261697769165e-01,7.507078051567077637e-01,-8.598752021789550781e-01,0.000000000000000000e+00,0.000000000000000000e+00
1.698331236839294434e+00,-3.396172833163291216e-04,7.591551899909972922e-01,9.995251297950744629e-01,-2.843831479549407959e-02,1.010083500295877457e-02,-6.224237382411956787e-03,-5.557612776756286621e-01,-2.505282498896121979e-02,-1.643221639096736908e-02,3.797647356986999512e-01,1.288623511791229248e-01,5.835082381963729858e-03,1.928496956825256348e-01,1.183026954531669617e-01,-7.976935803890228271e-02,4.420397281646728516e-01,-2.358016669750213623e-01,-2.881105244159698486e-02,8.460633456707000732e-02,0.000000000000000000e+00,0.000000000000000000e+00,2.575222551822662354e-01,1.640935987234115601e-01,-2.031645178794860840e-01,8.707224726676940918e-01,8.381116390228271484e-01,0.000000000000000000e+00,0.000000000000000000e+00,3.032986819744110107e-02,-1.165752261877059937e-01,2.103108167648315430e-01,7.607986927032470703e-01,-8.613864779472351074e-01,0.000000000000000000e+00,0.000000000000000000e+00
1.717721223831176758e+00,1.024065772071480751e-03,7.594454050064086692e-01,9.997273683547973633e-01,-2.075706981122493744e-02,9.132356382906436920e-03,-5.560041405260562897e-03,-5.377652645111083984e-01,-3.916538879275321960e-02,-2.828539814800024033e-03,4.072723686695098877e-01,1.231610551476478577e-01,1.098550576716661453e-02,1.876493841409683228e-01,9.461338073015213013e-02,-8.022580295801162720e-02,5.040886998176574707e-01,-1.715436875820159912e-01,-4.344784654676914215e-03,8.553897589445114136e-02,0.000000000000000000e+00,0.000000000000000000e+00,2.527509629726409912e-01,1.489274948835372925e-01,-1.884673535823822021e-01,8.884168863296508789e-01,8.368793725967407227e-01,0.000000000000000000e+00,0.000000000000000000e+00,5.053684860467910767e-02,-1.175051406025886536e-01,2.033754587173461914e-01,7.751348018646240234e-01,-8.567668795585632324e-01,0.000000000000000000e+00,0.000000000000000000e+00
1.736374258995056152e+00,2.412156201899051666e-03,7.608688235282897727e-01,9.998797774314880371e-01,-1.223082561045885086e-02,8.065698668360710144e-03,-5.081084556877613068e-03,-5.181689262390136719e-01,-5.690050497651100159e-02,9.253601543605327606e-03,4.275467395782470703e-01,9.898150712251663208e-02,3.012476861476898193e-02,1.629866957664489746e-01,6.893998384475708008e-02,-7.784628123044967651e-02,5.926525592803955078e-01,-8.605736494064331055e-02,2.403421886265277863e-02,8.580826222896575928e-02,0.000000000000000000e+00,0.000000000000000000e+00,2.442670017480850220e-01,1.338503509759902954e-01,-1.748195141553878784e-01,9.044265151023864746e-01,8.354807496070861816e-01,0.000000000000000000e+00,0.000000000000000000e+00,7.093547284603118896e-02,-1.173644959926605225e-01,1.918073445558547974e-01,7.926053404808044434e-01,-8.466391563415527344e-01,0.000000000000000000e+00,0.000000000000000000e+00
1.754287600517272949e+00,3.838870441541075706e-03,7.622951030731200950e-01,9.999511241912841797e-01,-3.377680899575352669e-03,7.037225179374217987e-03,-6.067496258765459061e-03,-4.946635961532592773e-01,-7.441449910402297974e-02,2.202151343226432800e-02,4.382669925689697266e-01,7.110697031021118164e-02,4.223779588937759399e-02,1.190316677093505859e-01,4.025755822658538818e-02,-7.436075806617736816e-02,7.049216032028198242e-01,8.208010345697402954e-03,6.084293499588966370e-02,8.582537621259689331e-02,0.000000000000000000e+00,0.000000000000000000e+00,2.330163270235061646e-01,1.200264766812324524e-01,-1.649712473154067993e-01,9.164349436759948730e-01,8.361117243766784668e-01,0.000000000000000000e+00,0.000000000000000000e+00,8.889477699995040894e-02,-1.183666139841079712e-01,1.810603439807891846e-01,8.109340667724609375e-01,-8.346445560455322266e-01,0.000000000000000000e+00,0.000000000000000000e+00
1.771528720855712891e+00,5.191610194742679596e-03,7.632667183876037376e-01,9.999301433563232422e-01,5.628227256238460541e-03,6.145325023680925369e-03,-8.386031724512577057e-03,-4.680721759796142578e-01,-9.006785601377487183e-02,3.641313314437866211e-02,4.408443272113800049e-01,4.541368782520294189e-02,4.550291225314140320e-02,6.112127378582954407e-02,8.018181659281253815e-03,-7.062159478664398193e-02,8.286467194557189941e-01,1.017275676131248474e-01,1.118687540292739868e-01,8.570509403944015503e-02,0.000000000000000000e+00,0.000000000000000000e+00,2.198616266250610352e-01,1.080548316240310669e-01,-1.598792970180511475e-01,9.228282570838928223e-01,8.396240472793579102e-01,0.000000000000000000e+00,0.000000000000000000e+00,1.030286923050880432e-01,-1.233845204114913940e-01,1.775354444980621338e-01,8.272920250892639160e-01,-8.255245685577392578e-01,0.000000000000000000e+00,0.000000000000000000e+00
1.788210511207580566e+00,6.327022332698106766e-03,7.639198064804076926e-01,9.998076558113098145e-01,1.460581086575984955e-02,5.503541324287652969e-03,-1.187712606042623520e-02,-4.411821961402893066e-01,-1.046070829033851624e-01,5.139219760894775391e-02,4.392097890377044678e-01,2.077381685376167297e-02,4.801526293158531189e-02,-4.272194113582372665e-03,-2.760874293744564056e-02,-6.697386503219604492e-02,9.496499300003051758e-01,1.916453093290328979e-01,1.730578690767288208e-01,8.513152599334716797e-02,0.000000000000000000e+00,0.000000000000000000e+00,2.054837644100189209e-01,9.822298586368560791e-02,-1.591403931379318237e-01,9.228607416152954102e-01,8.450956940650939941e-01,0.000000000000000000e+00,0.000000000000000000e+00,1.135142147541046143e-01,-1.341712176799774170e-01,1.859309226274490356e-01,8.385933637619018555e-01,-8.234905600547790527e-01,0.000000000000000000e+00,0.000000000000000000e+00
1.804502367973327637e+00,7.181175518780946732e-03,7.645476222038268821e-01,9.996089935302734375e-01,2.312909625470638275e-02,5.114880856126546860e-03,-1.485749613493680954e-02,-4.152785837650299072e-01,-1.191540509462356567e-01,6.520047783851623535e-02,4.370320439338684082e-01,-3.164798021316528320e-03,5.074609443545341492e-02,-7.282000780105590820e-02,-6.495842337608337402e-02,-6.475558876991271973e-02,1.057691097259521484e+00,2.696936726570129395e-01,2.239988893270492554e-01,8.349914103746414185e-02,0.000000000000000000e+00,0.000000000000000000e+00,1.899438500404357910e-01,9.041839092969894409e-02,-1.614421606063842773e-01,9.174124598503112793e-01,8.506489992141723633e-01,0.000000000000000000e+00,0.000000000000000000e+00,1.220184862613677979e-01,-1.509093642234802246e-01,2.064660191535949707e-01,8.419225215911865234e-01,-8.301253318786621094e-01,0.000000000000000000e+00,0.000000000000000000e+00
1.820658087730407715e+00,7.811252493411302567e-03,7.653627753257751243e-01,9.993939399719238281e-01,3.040045313537120819e-02,4.478876013308763504e-03,-1.635403186082839966e-02,-3.877639770507812500e-01,-1.332425475120544434e-01,7.450848072767257690e-02,4.323569834232330322e-01,-2.533186599612236023e-02,5.480407178401947021e-02,-1.409157961606979370e-01,-9.443051367998123169e-02,-6.170012429356575012e-02,1.144228935241699219e+00,2.990190088748931885e-01,2.414899021387100220e-01,8.044338226318359375e-02,0.000000000000000000e+00,0.000000000000000000e+00,1.704578548669815063e-01,8.439899235963821411e-02,-1.636539548635482788e-01,9.114233255386352539e-01,8.568122982978820801e-01,0.000000000000000000e+00,0.000000000000000000e+00,1.318836808204650879e-01,-1.735206991434097290e-01,2.327836155891418457e-01,8.356170654296875000e-01,-8.412172794342041016e-01,0.000000000000000000e+00,0.000000000000000000e+00
1.836676836013793945e+00,8.172881789505481720e-03,7.661091446876525657e-01,9.991723299026489258e-01,3.698567673563957214e-02,3.608716186136007309e-03,-1.654381863772869110e-02,-3.609734475612640381e-01,-1.476519107818603516e-01,8.005251735448837280e-02,4.295433759689331055e-01,-4.681185632944107056e-02,5.972405895590782166e-02,-2.074444293975830078e-01,-1.146944612264633179e-01,-5.695967376232147217e-02,1.209383487701416016e+00,2.722059488296508789e-01,2.415420711040496826e-01,7.628375291824340820e-02,0.000000000000000000e+00,0.000000000000000000e+00,1.500077098608016968e-01,8.055613934993743896e-02,-1.670030206441879272e-01,9.069676995277404785e-01,8.621329665184020996e-01,0.000000000000000000e+00,0.000000000000000000e+00,1.447603702545166016e-01,-1.958531588315963745e-01,2.569219172000885010e-01,8.184662461280822754e-01,-8.533672690391540527e-01,0.000000000000000000e+00,0.000000000000000000e+00
1.852561354637145996e+00,8.228077553212642670e-03,7.665619611740112083e-01,9.989274740219116211e-01,4.351999610662460327e-02,2.524220617488026619e-03,-1.560536306351423264e-02,-3.368550539016723633e-01,-1.629602164030075073e-01,8.335247635841369629e-02,4.321372210979461670e-01,-6.926409155130386353e-02,6.427435576915740967e-02,-2.711306512355804443e-01,-1.320974230766296387e-01,-5.305444449186325073e-02,1.254647374153137207e+00,2.123106867074966431e-01,2.391553223133087158e-01,7.138108462095260620e-02,0.000000000000000000e+00,0.000000000000000000e+00,1.300847828388214111e-01,7.860249280929565430e-02,-1.737713664770126343e-01,9.040927886962890625e-01,8.659477829933166504e-01,0.000000000000000000e+00,0.000000000000000000e+00,1.611890941858291626e-01,-2.126470059156417847e-01,2.709937989711761475e-01,7.919818758964538574e-01,-8.619843721389770508e-01,0.000000000000000000e+00,0.000000000000000000e+00
1.868565320968627930e+00,8.079454302787780762e-03,7.670044660568237083e-01,9.987266659736633301e-01,4.873216152191162109e-02,9.874914539977908134e-04,-1.300836913287639618e-02,-3.111262619495391846e-01,-1.775886267423629761e-01,8.267697691917419434e-02,4.347193539142608643e-01,-9.242214262485504150e-02,6.809236854314804077e-02,-3.286095261573791504e-01,-1.514264643192291260e-01,-5.350854620337486267e-02,1.275369644165039062e+00,1.471676826477050781e-01,2.156850695610046387e-01,6.557915359735488892e-02,0.000000000000000000e+00,0.000000000000000000e+00,1.039514169096946716e-01,7.647764682769775391e-02,-1.829308867454528809e-01,9.039144515991210938e-01,8.713258504867553711e-01,0.000000000000000000e+00,0.000000000000000000e+00,1.815478056669235229e-01,-2.244886904954910278e-01,2.692333757877349854e-01,7.615342736244201660e-01,-8.600682616233825684e-01,0.000000000000000000e+00,0.000000000000000000e+00
1.884690761566162109e+00,7.768456824123859406e-03,7.675829887390136497e-01,9.985632300376892090e-01,5.269831418991088867e-02,-5.774646997451782227e-04,-9.695374406874179840e-03,-2.833809554576873779e-01,-1.901108175516128540e-01,7.796961069107055664e-02,4.358550012111663818e-01,-1.156805530190467834e-01,7.144623994827270508e-02,-3.796380162239074707e-01,-1.670542359352111816e-01,-5.457279086112976074e-02,1.270121812820434570e+00,8.742865175008773804e-02,1.967472434043884277e-01,5.907762423157691956e-02,0.000000000000000000e+00,0.000000000000000000e+00,7.068204134702682495e-02,7.258542627096176147e-02,-1.945165991783142090e-01,9.075114727020263672e-01,8.793634772300720215e-01,0.000000000000000000e+00,0.000000000000000000e+00,2.034559249877929688e-01,-2.238536775112152100e-01,2.544108629226684570e-01,7.307548522949218750e-01,-8.489975333213806152e-01,0.000000000000000000e+00,0.000000000000000000e+00
1.900830626487731934e+00,7.300148718059062958e-03,7.681843996047973411e-01,9.984247088432312012e-01,5.575673282146453857e-02,-1.987718278542160988e-03,-5.946363322436809540e-03,-2.561004757881164551e-01,-2.008929997682571411e-01,7.095231860876083374e-02,4.382643699645996094e-01,-1.396167278289794922e-01,7.463304698467254639e-02,-4.252561926841735840e-01,-1.777273714542388916e-01,-5.389532074332237244e-02,1.240922093391418457e+00,3.026928566396236420e-02,1.812870204448699951e-01,5.208279192447662354e-02,0.000000000000000000e+00,0.000000000000000000e+00,3.537727147340774536e-02,6.913986057043075562e-02,-2.083119004964828491e-01,9.125923514366149902e-01,8.889038562774658203e-01,0.000000000000000000e+00,0.000000000000000000e+00,2.249526679515838623e-01,-2.153048962354660034e-01,2.296772450208663940e-01,7.019704580307006836e-01,-8.301213383674621582e-01,0.000000000000000000e+00,0.000000000000000000e+00
1.916902065277099609e+00,6.723331753164529800e-03,7.687517762184142844e-01,9.982957243919372559e-01,5.824350193142890930e-02,-3.036458045244216919e-03,-2.038695616647601128e-03,-2.303522676229476929e-01,-2.100026607513427734e-01,6.273962557315826416e-02,4.421876966953277588e-01,-1.637983471155166626e-01,7.768109440803527832e-02,-4.655500948429107666e-01,-1.858369410037994385e-01,-5.289407819509506226e-02,1.189567327499389648e+00,-2.362900599837303162e-02,1.581496745347976685e-01,4.481646418571472168e-02,0.000000000000000000e+00,0.000000000000000000e+00,2.358605153858661652e-03,6.827159970998764038e-02,-2.235713005065917969e-01,9.161052703857421875e-01,8.984618782997131348e-01,0.000000000000000000e+00,0.000000000000000000e+00,2.446223348379135132e-01,-2.063615918159484863e-01,1.992347687482833862e-01,6.769992113113403320e-01,-8.058747053146362305e-01,0.000000000000000000e+00,0.000000000000000000e+00
1.932907223701477051e+00,6.149119697511196136e-03,7.694246530532836692e-01,9.982609748840332031e-01,5.883168801665306091e-02,-3.308342769742012024e-03,1.696565654128789902e-03,-2.038001865148544312e-01,-2.157979160547256470e-01,5.257562547922134399e-02,4.422342777252197266e-01,-1.854868084192276001e-01,8.033527433872222900e-02,-4.990688562393188477e-01,-1.913695484399795532e-01,-5.404059961438179016e-02,1.115906953811645508e+00,-6.310379505157470703e-02,1.386281102895736694e-01,3.755786642432212830e-02,0.000000000000000000e+00,0.000000000000000000e+00,-2.902240864932537079e-02,6.843141466379165649e-02,-2.392049729824066162e-01,9.173176288604736328e-01,9.074198603630065918e-01,0.000000000000000000e+00,0.000000000000000000e+00,2.602140307426452637e-01,-1.949193626642227173e-01,1.704782992601394653e-01,6.581277847290039062e-01,-7.825047373771667480e-01,0.000000000000000000e+00,0.000000000000000000e+00
1.948819041252136230e+00,5.579212680459022522e-03,7.698402166366576926e-01,9.982499480247497559e-01,5.883952975273132324e-02,-3.049490973353385925e-03,5.063199903815984726e-03,-1.771588623523712158e-01,-2.192378193140029907e-01,4.167411103844642639e-02,4.391817450523376465e-01,-2.046768367290496826e-01,8.242000639438629150e-02,-5.259405374526977539e-01,-1.926676928997039795e-01,-5.473069474101066589e-02,1.024267554283142090e+00,-9.537517279386520386e-02,1.170259565114974976e-01,3.030658140778541565e-02,0.000000000000000000e+00,0.000000000000000000e+00,-5.565663799643516541e-02,6.973394006490707397e-02,-2.534630000591278076e-01,9.151684641838073730e-01,9.135765433311462402e-01,0.000000000000000000e+00,0.000000000000000000e+00,2.679846286773681641e-01,-1.844848543405532837e-01,1.484036296606063843e-01,6.492544412612915039e-01,-7.641829252243041992e-01,0.000000000000000000e+00,0.000000000000000000e+00
1.964683055877685547e+00,4.990352317690849304e-03,7.698151826858520286e-01,9.982505440711975098e-01,5.854215100407600403e-02,-2.284319838508963585e-03,7.965641096234321594e-03,-1.504410356283187866e-01,-2.216291427612304688e-01,3.107361495494842529e-02,4.332512915134429932e-01,-2.221538424491882324e-01,8.388961851596832275e-02,-5.456299185752868652e-01,-1.926859915256500244e-01,-5.779129266738891602e-02,9.188167452812194824e-01,-1.144077628850936890e-01,9.975674003362655640e-02,2.336356602609157562e-02,0.000000000000000000e+00,0.000000000000000000e+00,-7.805037498474121094e-02,7.020992040634155273e-02,-2.655310630798339844e-01,9.099445939064025879e-01,9.153833985328674316e-01,0.000000000000000000e+00,0.000000000000000000e+00,2.695861756801605225e-01,-1.775930672883987427e-01,1.351702660322189331e-01,6.486933827400207520e-01,-7.543103098869323730e-01,0.000000000000000000e+00,0.000000000000000000e+00
1.980565786361694336e+00,4.412571433931589127e-03,7.694781780242919700e-01,9.982519149780273438e-01,5.819297581911087036e-02,-1.010977663099765778e-03,1.028185151517391205e-02,-1.224607750773429871e-01,-2.230280786752700806e-01,2.082906104624271393e-02,4.224109649658203125e-01,-2.374704182147979736e-01,8.476371318101882935e-02,-5.576385259628295898e-01,-1.929605752229690552e-01,-6.656648963689804077e-02,8.021364808082580566e-01,-1.138262376189231873e-01,9.222771972417831421e-02,1.703890040516853333e-02,0.000000000000000000e+00,0.000000000000000000e+00,-9.797821938991546631e-02,6.866569072008132935e-02,-2.757520973682403564e-01,9.025875329971313477e-01,9.127079248428344727e-01,0.000000000000000000e+00,0.000000000000000000e+00,2.680604159832000732e-01,-1.740400046110153198e-01,1.307302564382553101e-01,6.528365612030029297e-01,-7.540941238403320312e-01,0.000000000000000000e+00,0.000000000000000000e+00
1.996505498886108398e+00,3.908284008502960205e-03,7.690341830253600852e-01,9.982923865318298340e-01,5.715114995837211609e-02,9.060121374204754829e-04,1.205031387507915497e-02,-9.244776517152786255e-02,-2.226078361272811890e-01,1.051824912428855896e-02,4.051597118377685547e-01,-2.490655928850173950e-01,8.504148572683334351e-02,-5.627965331077575684e-01,-1.889735311269760132e-01,-7.762841880321502686e-02,6.763466596603393555e-01,-1.050338968634605408e-01,8.616769313812255859e-02,1.127758249640464783e-02,0.000000000000000000e+00,0.000000000000000000e+00,-1.143858209252357483e-01,6.733669340610504150e-02,-2.852585613727569580e-01,8.935800790786743164e-01,9.066467881202697754e-01,0.000000000000000000e+00,0.000000000000000000e+00,2.629938125610351562e-01,-1.725523620843887329e-01,1.331895440816879272e-01,6.611505150794982910e-01,-7.611706256866455078e-01,0.000000000000000000e+00,0.000000000000000000e+00
2.012609481811523438e+00,3.356663510203361511e-03,7.683833599090575950e-01,9.983056187629699707e-01,5.648135021328926086e-02,3.085890086367726326e-03,1.364827435463666916e-02,-6.202476844191551208e-02,-2.222520858049392700e-01,8.814648608677089214e-04,3.862152993679046631e-01,-2.587784528732299805e-01,8.466987311840057373e-02,-5.619436502456665039e-01,-1.830658614635467529e-01,-8.739396184682846069e-02,5.457786917686462402e-01,-9.151899069547653198e-02,9.921815991401672363e-02,6.195152644068002701e-03,0.000000000000000000e+00,0.000000000000000000e+00,-1.275198012590408325e-01,6.567646563053131104e-02,-2.956188917160034180e-01,8.838751912117004395e-01,8.988864421844482422e-01,0.000000000000000000e+00,0.000000000000000000e+00,2.564909756183624268e-01,-1.732617467641830444e-01,1.382719129323959351e-01,6.714653372764587402e-01,-7.725188732147216797e-01,0.000000000000000000e+00,0.000000000000000000e+00
2.028912544250488281e+00,2.766892779618501663e-03,7.675823926925658958e-01,9.983083009719848633e-01,5.590423196554183960e-02,5.538411438465118408e-03,1.498601958155632019e-02,-3.155242279171943665e-02,-2.214364558458328247e-01,-7.941017858684062958e-03,3.658232390880584717e-01,-2.661900520324707031e-01,8.374164998531341553e-02,-5.549878478050231934e-01,-1.751454472541809082e-01,-9.725511074066162109e-02,4.125367701053619385e-01,-7.674700021743774414e-02,1.191066950559616089e-01,2.091859700158238411e-03,0.000000000000000000e+00,0.000000000000000000e+00,-1.378142982721328735e-01,6.425983458757400513e-02,-3.072867691516876221e-01,8.741670250892639160e-01,8.909554481506347656e-01,0.000000000000000000e+00,0.000000000000000000e+00,2.498446106910705566e-01,-1.741231232881546021e-01,1.422209888696670532e-01,6.816411614418029785e-01,-7.846524119377136230e-01,0.000000000000000000e+00,0.000000000000000000e+00
2.045467615127563477e+00,2.137101721018552780e-03,7.665560007095336692e-01,9.983203411102294922e-01,5.507969111204147339e-02,8.289252407848834991e-03,1.593904197216033936e-02,-1.366135082207620144e-03,-2.196024656295776367e-01,-1.601142808794975281e-02,3.455721437931060791e-01,-2.717286944389343262e-01,8.235285431146621704e-02,-5.479409098625183105e-01,-1.650992780923843384e-01,-1.055427044630050659e-01,2.931924760341644287e-01,-6.811095029115676880e-02,1.317659169435501099e-01,-1.136113540269434452e-03,0.000000000000000000e+00,0.000000000000000000e+00,-1.452985256910324097e-01,6.339426338672637939e-02,-3.196333646774291992e-01,8.650782108306884766e-01,8.834448456764221191e-01,0.000000000000000000e+00,0.000000000000000000e+00,2.437993288040161133e-01,-1.734942644834518433e-01,1.424597352743148804e-01,6.900687813758850098e-01,-7.947472929954528809e-01,0.000000000000000000e+00,0.000000000000000000e+00
2.062431573867797852e+00,1.277906005270779133e-03,7.648929119110107200e-01,9.982671737670898438e-01,5.544818937778472900e-02,1.039525587111711502e-02,1.673411950469017029e-02,2.656432054936885834e-02,-2.190782129764556885e-01,-2.275637723505496979e-02,3.340692520141601562e-01,-2.798980176448822021e-01,8.046666532754898071e-02,-5.532401204109191895e-01,-1.567098796367645264e-01,-1.027256399393081665e-01,2.221782654523849487e-01,-7.190441340208053589e-02,1.558993905782699585e-01,-4.242724739015102386e-03,0.000000000000000000e+00,0.000000000000000000e+00,-1.495645195245742798e-01,6.125493720173835754e-02,-3.315157592296600342e-01,8.575430512428283691e-01,8.758072853088378906e-01,0.000000000000000000e+00,0.000000000000000000e+00,2.396281659603118896e-01,-1.728497147560119629e-01,1.377167403697967529e-01,6.957198381423950195e-01,-8.017250895500183105e-01,0.000000000000000000e+00,0.000000000000000000e+00
2.079858541488647461e+00,1.219512996613048017e-04,7.627586483955383079e-01,9.981891512870788574e-01,5.636279657483100891e-02,1.229079812765121460e-02,1.704703085124492645e-02,5.202817171812057495e-02,-2.198112756013870239e-01,-2.788170054554939270e-02,3.316915333271026611e-01,-2.915169596672058105e-01,7.819040119647979736e-02,-5.646830797195434570e-01,-1.496948599815368652e-01,-8.962546288967132568e-02,1.969419270753860474e-01,-7.518584281206130981e-02,1.872765123844146729e-01,-7.373813074082136154e-03,0.000000000000000000e+00,0.000000000000000000e+00,-1.500951647758483887e-01,5.795062705874443054e-02,-3.414340913295745850e-01,8.524315953254699707e-01,8.677640557289123535e-01,0.000000000000000000e+00,0.000000000000000000e+00,2.372243553400039673e-01,-1.720343828201293945e-01,1.293970793485641479e-01,6.990010142326354980e-01,-8.056887984275817871e-01,0.000000000000000000e+00,0.000000000000000000e+00
2.097582340240478516e+00,-1.301788142882287502e-03,7.603212952613830344e-01,9.981309175491333008e-01,5.700137838721275330e-02,1.413891930133104324e-02,1.690161786973476410e-02,7.522792369127273560e-02,-2.190059274435043335e-01,-3.175548464059829712e-02,3.333131670951843262e-01,-3.025579452514648438e-01,7.554873824119567871e-02,-5.715474486351013184e-01,-1.409456729888916016e-01,-7.213322818279266357e-02,2.000290751457214355e-01,-6.548090279102325439e-02,2.013051658868789673e-01,-1.045894995331764221e-02,0.000000000000000000e+00,0.000000000000000000e+00,-1.467266827821731567e-01,5.496932566165924072e-02,-3.482183218002319336e-01,8.504854440689086914e-01,8.594828248023986816e-01,0.000000000000000000e+00,0.000000000000000000e+00,2.355542629957199097e-01,-1.693003177642822266e-01,1.199157685041427612e-01,7.014033794403076172e-01,-8.076085448265075684e-01,0.000000000000000000e+00,0.000000000000000000e+00
2.115637540817260742e+00,-2.996559953317046165e-03,7.590465307235717551e-01,9.981438517570495605e-01,5.641836673021316528e-02,1.610069163143634796e-02,1.632788777351379395e-02,9.823176264762878418e-02,-2.144417017698287964e-01,-3.532153740525245667e-02,3.360798358917236328e-01,-3.086097538471221924e-01,7.234571129083633423e-02,-5.745910406112670898e-01,-1.282292455434799194e-01,-5.540433526039123535e-02,2.251881957054138184e-01,-4.067423194646835327e-02,1.816305965185165405e-01,-1.350241526961326599e-02,0.000000000000000000e+00,0.000000000000000000e+00,-1.397128999233245850e-01,5.318465456366539001e-02,-3.516739606857299805e-01,8.526960015296936035e-01,8.516526222229003906e-01,0.000000000000000000e+00,0.000000000000000000e+00,2.341873794794082642e-01,-1.635041832923889160e-01,1.107670366764068604e-01,7.044699192047119141e-01,-8.087513446807861328e-01,0.000000000000000000e+00,0.000000000000000000e+00
2.134421348571777344e+00,-5.040682852268218994e-03,7.608592867851257102e-01,9.982579946517944336e-01,5.404480546712875366e-02,1.720830425620079041e-02,1.624796725809574127e-02,1.242207959294319153e-01,-2.067868262529373169e-01,-3.947208076715469360e-02,3.431056141853332520e-01,-3.077753186225891113e-01,6.841703504323959351e-02,-5.856913328170776367e-01,-1.129770055413246155e-01,-4.217505082488059998e-02,2.793589234352111816e-01,-6.823086645454168320e-03,1.428637206554412842e-01,-1.656481623649597168e-02,0.000000000000000000e+00,0.000000000000000000e+00,-1.294630616903305054e-01,5.180574581027030945e-02,-3.525286614894866943e-01,8.603674173355102539e-01,8.454387187957763672e-01,0.000000000000000000e+00,0.000000000000000000e+00,2.339195907115936279e-01,-1.555216312408447266e-01,1.016898900270462036e-01,7.090467214584350586e-01,-8.100735545158386230e-01,0.000000000000000000e+00,0.000000000000000000e+00
2.153626441955566406e+00,-7.342529948800802231e-03,7.605942249298095481e-01,9.984356164932250977e-01,5.052050203084945679e-02,1.802948676049709320e-02,1.577929966151714325e-02,1.482076346874237061e-01,-1.956741511821746826e-01,-4.359087347984313965e-02,3.533239960670471191e-01,-2.944443821907043457e-01,6.419074535369873047e-02,-5.899133682250976562e-01,-9.830106049776077271e-02,-3.890304639935493469e-02,3.307218253612518311e-01,3.812725841999053955e-02,1.104269623756408691e-01,-1.931892149150371552e-02,0.000000000000000000e+00,0.000000000000000000e+00,-1.159233152866363525e-01,5.088818818330764771e-02,-3.506625294685363770e-01,8.738816976547241211e-01,8.419742584228515625e-01,0.000000000000000000e+00,0.000000000000000000e+00,2.341189980506896973e-01,-1.457089334726333618e-01,9.274965524673461914e-02,7.159484624862670898e-01,-8.119133114814758301e-01,0.000000000000000000e+00,0.000000000000000000e+00
2.173037052154541016e+00,-9.847036562860012054e-03,7.585237383842468040e-01,9.986578226089477539e-01,4.607711359858512878e-02,1.843442022800445557e-02,1.482130680233240128e-02,1.671492606401443481e-01,-1.819058954715728760e-01,-4.647839441895484924e-02,3.718166947364807129e-01,-2.679433822631835938e-01,5.437620356678962708e-02,-5.844827294349670410e-01,-8.477281033992767334e-02,-4.313592612743377686e-02,3.744871616363525391e-01,7.364252209663391113e-02,9.100065380334854126e-02,-2.201875858008861542e-02,0.000000000000000000e+00,0.000000000000000000e+00,-9.887029975652694702e-02,4.999480023980140686e-02,-3.456017076969146729e-01,8.927470445632934570e-01,8.412237763404846191e-01,0.000000000000000000e+00,0.000000000000000000e+00,2.340916097164154053e-01,-1.352822929620742798e-01,8.373848348855972290e-02,7.255347371101379395e-01,-8.141397237777709961e-01,0.000000000000000000e+00,0.000000000000000000e+00
2.192411899566650391e+00,-1.252012513577938080e-02,7.581303477287292258e-01,9.989081025123596191e-01,4.090965166687965393e-02,1.823800615966320038e-02,1.327902264893054962e-02,1.793991327285766602e-01,-1.663876771926879883e-01,-4.780608043074607849e-02,4.043853282928466797e-01,-2.302012592554092407e-01,3.855906054377555847e-02,-5.767357349395751953e-01,-7.012873142957687378e-02,-4.885701462626457214e-02,4.200848937034606934e-01,7.847642898559570312e-02,7.207162678241729736e-02,-2.514500729739665985e-02,0.000000000000000000e+00,0.000000000000000000e+00,-7.861065119504928589e-02,4.886686429381370544e-02,-3.372337222099304199e-01,9.154842495918273926e-01,8.420348167419433594e-01,0.000000000000000000e+00,0.000000000000000000e+00,2.330072671175003052e-01,-1.250424832105636597e-01,7.426181435585021973e-02,7.374461293220520020e-01,-8.162600994110107422e-01,0.000000000000000000e+00,0.000000000000000000e+00
2.211275815963745117e+00,-1.527296938002109528e-02,7.595888733863830344e-01,9.991965889930725098e-01,3.384780511260032654e-02,1.770679838955402374e-02,1.212523970752954483e-02,1.812004894018173218e-01,-1.484031379222869873e-01,-4.917218908667564392e-02,4.509758651256561279e-01,-1.808986961841583252e-01,2.257262170314788818e-02,-5.671911835670471191e-01,-5.198101326823234558e-02,-5.612877756357192993e-02,4.587866365909576416e-01,5.948655679821968079e-02,4.073422774672508240e-02,-2.872958034276962280e-02,0.000000000000000000e+00,0.000000000000000000e+00,-5.691559985280036926e-02,4.854230582714080811e-02,-3.268873095512390137e-01,9.402108788490295410e-01,8.430907726287841797e-01,0.000000000000000000e+00,0.000000000000000000e+00,2.302627414464950562e-01,-1.141431927680969238e-01,6.404761970043182373e-02,7.504917979240417480e-01,-8.175761103630065918e-01,0.000000000000000000e+00,0.000000000000000000e+00
2.229631900787353516e+00,-1.803942956030368805e-02,7.614419817924499290e-01,9.994463324546813965e-01,2.553213573992252350e-02,1.716061308979988098e-02,1.267614960670471191e-02,1.695720553398132324e-01,-1.269254535436630249e-01,-5.321826785802841187e-02,5.163085460662841797e-01,-1.196943148970603943e-01,-1.831234432756900787e-02,-5.505135059356689453e-01,-3.316400945186614990e-02,-6.840951740741729736e-02,4.842878580093383789e-01,3.052826784551143646e-02,1.465140189975500107e-02,-3.258197754621505737e-02,0.000000000000000000e+00,0.000000000000000000e+00,-3.759730979800224304e-02,5.076621472835540771e-02,-3.190087378025054932e-01,9.667216539382934570e-01,8.450002670288085938e-01,0.000000000000000000e+00,0.000000000000000000e+00,2.281101644039154053e-01,-1.024449318647384644e-01,5.279463529586791992e-02,7.627940773963928223e-01,-8.176291584968566895e-01,0.000000000000000000e+00,0.000000000000000000e+00
2.247275352478027344e+00,-2.085539698600769043e-02,7.626126766204833762e-01,9.996107220649719238e-01,1.643743179738521576e-02,1.657814346253871918e-02,1.527687720954418182e-02,1.399115920066833496e-01,-1.031891405582427979e-01,-5.882248654961585999e-02,6.056994795799255371e-01,-3.849931806325912476e-02,-7.028967142105102539e-02,-5.282469391822814941e-01,-1.622122712433338165e-02,-8.616270869970321655e-02,4.991240799427032471e-01,6.268909783102571964e-04,-2.817890839651226997e-03,-3.684483841061592102e-02,0.000000000000000000e+00,0.000000000000000000e+00,-2.065936475992202759e-02,5.728660151362419128e-02,-3.185614049434661865e-01,9.890941977500915527e-01,8.529593944549560547e-01,0.000000000000000000e+00,0.000000000000000000e+00,2.211262881755828857e-01,-8.933357149362564087e-02,4.076564684510231018e-02,7.732718586921691895e-01,-8.170945048332214355e-01,0.000000000000000000e+00,0.000000000000000000e+00
2.264072656631469727e+00,-2.372620068490505219e-02,7.630670428276061790e-01,9.996407628059387207e-01,7.059203926473855972e-03,1.592200621962547302e-02,2.037098631262779236e-02,9.198080748319625854e-02,-7.835668325424194336e-02,-6.389596313238143921e-02,7.176870107650756836e-01,5.578764900565147400e-02,-1.177809983491897583e-01,-5.047378540039062500e-01,-1.719050342217087746e-03,-1.078690364956855774e-01,5.084008574485778809e-01,-2.715942263603210449e-02,-1.829694211483001709e-02,-4.171408340334892273e-02,0.000000000000000000e+00,0.000000000000000000e+00,-7.612899411469697952e-03,6.991443783044815063e-02,-3.291448354721069336e-01,1.005503773689270020e+00,8.704981803894042969e-01,0.000000000000000000e+00,0.000000000000000000e+00,2.124590575695037842e-01,-7.630997896194458008e-02,2.878656797111034393e-02,7.825955748558044434e-01,-8.162035942077636719e-01,0.000000000000000000e+00,0.000000000000000000e+00
2.280357360839843750e+00,-2.650665305554866791e-02,7.634709239006042258e-01,9.994813203811645508e-01,-2.492673229426145554e-03,1.522762235254049301e-02,2.826752886176109314e-02,3.340613469481468201e-02,-5.133647099137306213e-02,-6.854297220706939697e-02,8.404518365859985352e-01,1.346988379955291748e-01,-1.805432587862014771e-01,-4.797102510929107666e-01,1.103884074836969376e-02,-1.326225399971008301e-01,5.128546953201293945e-01,-5.290069058537483215e-02,-3.018521144986152649e-02,-4.695818200707435608e-02,0.000000000000000000e+00,0.000000000000000000e+00,-4.207225982099771500e-03,8.969759941101074219e-02,-3.505431413650512695e-01,1.023448467254638672e+00,8.937890529632568359e-01,0.000000000000000000e+00,0.000000000000000000e+00,2.191630303859710693e-01,-6.744978576898574829e-02,1.824907399713993073e-02,7.923701405525207520e-01,-8.142310380935668945e-01,0.000000000000000000e+00,0.000000000000000000e+00
2.296395063400268555e+00,-2.907645702362060547e-02,7.637939810752868430e-01,9.991548061370849609e-01,-1.139294914901256561e-02,1.428010780364274979e-02,3.682265430688858032e-02,-3.329181671142578125e-02,-2.282222732901573181e-02,-7.041729986667633057e-02,9.612380266189575195e-01,2.136399298906326294e-01,-2.240053862333297729e-01,-4.526728093624114990e-01,2.252593822777271271e-02,-1.581766605377197266e-01,5.131260752677917480e-01,-7.718484848737716675e-02,-3.890661522746086121e-02,-5.194638296961784363e-02,0.000000000000000000e+00,0.000000000000000000e+00,-4.039517138153314590e-03,1.133344843983650208e-01,-3.744380474090576172e-01,1.033784866333007812e+00,9.179822802543640137e-01,0.000000000000000000e+00,0.000000000000000000e+00,2.211071848869323730e-01,-6.029767170548439026e-02,1.161148492246866226e-02,8.008260130882263184e-01,-8.142222762107849121e-01,0.000000000000000000e+00,0.000000000000000000e+00
2.312407970428466797e+00,-3.137737885117530823e-02,7.642730236053466575e-01,9.987050294876098633e-01,-1.929785870015621185e-02,1.296233665198087692e-02,4.525234922766685486e-02,-1.025598049163818359e-01,4.115788266062736511e-03,-6.995198130607604980e-02,1.068834185600280762e+00,2.688212394714355469e-01,-2.327392846345901489e-01,-4.223987758159637451e-01,3.302760794758796692e-02,-1.816315948963165283e-01,5.084471106529235840e-01,-9.982109069824218750e-02,-4.508796706795692444e-02,-5.570442974567413330e-02,0.000000000000000000e+00,0.000000000000000000e+00,-2.926049055531620979e-03,1.366146355867385864e-01,-3.909963071346282959e-01,1.031909346580505371e+00,9.346683621406555176e-01,0.000000000000000000e+00,0.000000000000000000e+00,2.136338949203491211e-01,-5.540058016777038574e-02,1.008567307144403458e-02,8.072409033775329590e-01,-8.179802894592285156e-01,0.000000000000000000e+00,0.000000000000000000e+00
2.328475713729858398e+00,-3.333490341901779175e-02,7.650505661964416282e-01,9.982147812843322754e-01,-2.580482885241508484e-02,1.112815272063016891e-02,5.270258337259292603e-02,-1.700826287269592285e-01,2.625196427106857300e-02,-6.949899345636367798e-02,1.157138228416442871e+00,2.688877880573272705e-01,-2.213307023048400879e-01,-3.895303905010223389e-01,4.346171766519546509e-02,-2.010390311479568481e-01,5.005404353141784668e-01,-1.211182847619056702e-01,-4.905193299055099487e-02,-5.736071988940238953e-02,0.000000000000000000e+00,0.000000000000000000e+00,-1.162976113846525550e-04,1.574820578098297119e-01,-3.936998546123504639e-01,1.019520759582519531e+00,9.366773962974548340e-01,0.000000000000000000e+00,0.000000000000000000e+00,2.043605297803878784e-01,-5.432362109422683716e-02,1.337773352861404419e-02,8.125365376472473145e-01,-8.253460526466369629e-01,0.000000000000000000e+00,0.000000000000000000e+00
2.344503164291381836e+00,-3.483890742063522339e-02,7.657218933105468528e-01,9.978100657463073730e-01,-3.154559805989265442e-02,8.584690280258655548e-03,5.750013515353202820e-02,-2.369555979967117310e-01,4.194717481732368469e-02,-7.004760950803756714e-02,1.225419640541076660e+00,2.308663874864578247e-01,-2.083781212568283081e-01,-3.574219346046447754e-01,5.530277267098426819e-02,-2.159842848777770996e-01,4.948004782199859619e-01,-1.425818055868148804e-01,-5.126186832785606384e-02,-5.657202005386352539e-02,0.000000000000000000e+00,0.000000000000000000e+00,6.033707410097122192e-03,1.764727383852005005e-01,-3.816887736320495605e-01,9.977839589118957520e-01,9.239393472671508789e-01,0.000000000000000000e+00,0.000000000000000000e+00,1.921670138835906982e-01,-5.510421097278594971e-02,2.054299972951412201e-02,8.176106810569763184e-01,-8.353618979454040527e-01,0.000000000000000000e+00,0.000000000000000000e+00
2.360617160797119141e+00,-3.598258644342422485e-02,7.663979887962341087e-01,9.975302219390869141e-01,-3.604183346033096313e-02,5.802922416478395462e-03,6.000668182969093323e-02,-2.979182898998260498e-01,4.917553812265396118e-02,-7.019831240177154541e-02,1.268629312515258789e+00,1.859709322452545166e-01,-1.876642256975173950e-01,-3.245580196380615234e-01,6.769198179244995117e-02,-2.249862551689147949e-01,4.885208308696746826e-01,-1.635864824056625366e-01,-5.231067538261413574e-02,-5.339890345931053162e-02,0.000000000000000000e+00,0.000000000000000000e+00,1.805308461189270020e-02,1.918604820966720581e-01,-3.580693304538726807e-01,9.659903049468994141e-01,9.016745686531066895e-01,0.000000000000000000e+00,0.000000000000000000e+00,1.756787300109863281e-01,-5.648713558912277222e-02,3.087002597749233246e-02,8.216162919998168945e-01,-8.465492725372314453e-01,0.000000000000000000e+00,0.000000000000000000e+00
2.376812219619750977e+00,-3.682134300470352173e-02,7.670808792114257590e-01,9.973789453506469727e-01,-3.954403847455978394e-02,2.987181069329380989e-03,6.051943078637123108e-02,-3.522111475467681885e-01,4.997141286730766296e-02,-7.057185471057891846e-02,1.285064935684204102e+00,1.449517160654067993e-01,-1.701608300209045410e-01,-2.913545370101928711e-01,7.994152605533599854e-02,-2.284037768840789795e-01,4.817198514938354492e-01,-1.841010600328445435e-01,-5.262599512934684753e-02,-4.808650538325309753e-02,0.000000000000000000e+00,0.000000000000000000e+00,3.529649972915649414e-02,2.050964236259460449e-01,-3.265952169895172119e-01,9.271869063377380371e-01,8.744476437568664551e-01,0.000000000000000000e+00,0.000000000000000000e+00,1.554365009069442749e-01,-5.859902128577232361e-02,4.096496105194091797e-02,8.276399970054626465e-01,-8.581937551498413086e-01,0.000000000000000000e+00,0.000000000000000000e+00
2.392989397048950195e+00,-3.738421946763992310e-02,7.676369309425353782e-01,9.973434209823608398e-01,-4.232103005051612854e-02,3.612978616729378700e-04,5.928624421358108521e-02,-4.024623930454254150e-01,4.723095521330833435e-02,-7.288876175880432129e-02,1.277872085571289062e+00,9.942489117383956909e-02,-1.603451818227767944e-01,-2.596261203289031982e-01,9.206251800060272217e-02,-2.279748916625976562e-01,4.766125082969665527e-01,-2.046865224838256836e-01,-5.265852436423301697e-02,-4.089107364416122437e-02,0.000000000000000000e+00,0.000000000000000000e+00,5.470815673470497131e-02,2.167830318212509155e-01,-2.908756434917449951e-01,8.861184120178222656e-01,8.452758789062500000e-01,0.000000000000000000e+00,0.000000000000000000e+00,1.341694146394729614e-01,-6.140545755624771118e-02,4.866302385926246643e-02,8.356466293334960938e-01,-8.694602847099304199e-01,0.000000000000000000e+00,0.000000000000000000e+00
2.409120082855224609e+00,-3.776379674673080444e-02,7.680468916893005149e-01,9.974064826965332031e-01,-4.456232488155364990e-02,-1.620804774574935436e-03,5.649669095873832703e-02,-4.491148293018341064e-01,4.126107692718505859e-02,-7.708089053630828857e-02,1.251201510429382324e+00,4.090584814548492432e-02,-1.353631317615509033e-01,-2.294267863035202026e-01,1.039601862430572510e-01,-2.249766737222671509e-01,4.726770818233489990e-01,-2.251308709383010864e-01,-5.305537208914756775e-02,-3.207793086767196655e-02,0.000000000000000000e+00,0.000000000000000000e+00,7.367829233407974243e-02,2.229155749082565308e-01,-2.544314861297607422e-01,8.453657031059265137e-01,8.165073990821838379e-01,0.000000000000000000e+00,0.000000000000000000e+00,1.152619644999504089e-01,-6.390228867530822754e-02,5.619613826274871826e-02,8.375647664070129395e-01,-8.786072731018066406e-01,0.000000000000000000e+00,0.000000000000000000e+00
2.425203084945678711e+00,-3.805951774120330811e-02,7.684616208076476829e-01,9.975293874740600586e-01,-4.590239375829696655e-02,-2.964831423014402390e-03,5.309756472706794739e-02,-4.900571107864379883e-01,3.511990979313850403e-02,-8.042341470718383789e-02,1.202381849288940430e+00,-1.697922684252262115e-02,-1.119576841592788696e-01,-1.993612051010131836e-01,1.142790764570236206e-01,-2.194983661174774170e-01,4.664892852306365967e-01,-2.436957061290740967e-01,-5.418973788619041443e-02,-2.226928621530532837e-02,0.000000000000000000e+00,0.000000000000000000e+00,9.209869056940078735e-02,2.238902151584625244e-01,-2.200443446636199951e-01,8.065354824066162109e-01,7.893804907798767090e-01,0.000000000000000000e+00,0.000000000000000000e+00,9.819633513689041138e-02,-6.712174415588378906e-02,6.316186487674713135e-02,8.332731127738952637e-01,-8.850275874137878418e-01,0.000000000000000000e+00,0.000000000000000000e+00
2.441216468811035156e+00,-3.827434778213500977e-02,7.687787175178527610e-01,9.976876378059387207e-01,-4.665371775627136230e-02,-3.718364518135786057e-03,4.928474128246307373e-02,-5.242235660552978516e-01,3.188111260533332825e-02,-8.144585788249969482e-02,1.131532311439514160e+00,-6.236410513520240784e-02,-9.970556944608688354e-02,-1.696764230728149414e-01,1.232511922717094421e-01,-2.122836410999298096e-01,4.584613442420959473e-01,-2.603732049465179443e-01,-5.595831573009490967e-02,-1.196791231632232666e-02,0.000000000000000000e+00,0.000000000000000000e+00,1.094864308834075928e-01,2.218692898750305176e-01,-1.904891431331634521e-01,7.711542248725891113e-01,7.658538222312927246e-01,0.000000000000000000e+00,0.000000000000000000e+00,8.269689232110977173e-02,-7.103629410266876221e-02,6.946001201868057251e-02,8.241829872131347656e-01,-8.882557153701782227e-01,0.000000000000000000e+00,0.000000000000000000e+00
2.457140684127807617e+00,-3.840658813714981079e-02,7.688446402549743430e-01,9.978548288345336914e-01,-4.716368764638900757e-02,-3.908833023160696030e-03,4.523378983139991760e-02,-5.515090227127075195e-01,3.220441937446594238e-02,-7.993904501199722290e-02,1.042041301727294922e+00,-8.926650136709213257e-02,-9.280532598495483398e-02,-1.406515091657638550e-01,1.314652562141418457e-01,-2.039942145347595215e-01,4.492596387863159180e-01,-2.753686904907226562e-01,-5.767183750867843628e-02,-1.456711557693779469e-03,0.000000000000000000e+00,0.000000000000000000e+00,1.256300956010818481e-01,2.190641611814498901e-01,-1.678667962551116943e-01,7.401708960533142090e-01,7.480156421661376953e-01,0.000000000000000000e+00,0.000000000000000000e+00,6.896831095218658447e-02,-7.506072521209716797e-02,7.531540095806121826e-02,8.115244507789611816e-01,-8.884477019309997559e-01,0.000000000000000000e+00,0.000000000000000000e+00
2.472999572753906250e+00,-3.853092342615127563e-02,7.687132716178893821e-01,9.980490207672119141e-01,-4.695202782750129700e-02,-3.368873614817857742e-03,4.101620241999626160e-02,-5.713490843772888184e-01,3.438628837466239929e-02,-7.530190795660018921e-02,9.372111558914184570e-01,-9.664102643728256226e-02,-8.205768465995788574e-02,-1.108155101537704468e-01,1.383326202630996704e-01,-1.943415552377700806e-01,4.359038472175598145e-01,-2.873434424400329590e-01,-5.840540677309036255e-02,9.065699763596057892e-03,0.000000000000000000e+00,0.000000000000000000e+00,1.405269503593444824e-01,2.158892899751663208e-01,-1.533138751983642578e-01,7.144343256950378418e-01,7.372198104858398438e-01,0.000000000000000000e+00,0.000000000000000000e+00,5.673649907112121582e-02,-7.959093898534774780e-02,8.065809309482574463e-02,7.971113920211791992e-01,-8.864173293113708496e-01,0.000000000000000000e+00,0.000000000000000000e+00
2.488845586776733398e+00,-3.862730041146278381e-02,7.682942509651183860e-01,9.982220530509948730e-01,-4.674594476819038391e-02,-2.443709177896380424e-03,3.689891099929809570e-02,-5.826070308685302734e-01,3.932106867432594299e-02,-6.589797884225845337e-02,8.194102644920349121e-01,-9.847171604633331299e-02,-6.379532814025878906e-02,-8.034562319517135620e-02,1.447486132383346558e-01,-1.840399205684661865e-01,4.194112122058868408e-01,-2.968014478683471680e-01,-5.839022994041442871e-02,1.926186680793762207e-02,0.000000000000000000e+00,0.000000000000000000e+00,1.491015106439590454e-01,2.077887505292892456e-01,-1.489703357219696045e-01,6.983674168586730957e-01,7.352255582809448242e-01,0.000000000000000000e+00,0.000000000000000000e+00,4.644173011183738708e-02,-8.523435890674591064e-02,8.701419830322265625e-02,7.826417088508605957e-01,-8.808664083480834961e-01,0.000000000000000000e+00,0.000000000000000000e+00
2.504732131958007812e+00,-3.868819028139114380e-02,7.676633358001708762e-01,9.983746409416198730e-01,-4.651731997728347778e-02,-1.206318731419742107e-03,3.290505334734916687e-02,-5.853793025016784668e-01,4.526826739311218262e-02,-5.301922187209129333e-02,6.912124156951904297e-01,-9.093149006366729736e-02,-5.089159682393074036e-02,-4.911923781037330627e-02,1.507650613784790039e-01,-1.733764410018920898e-01,4.000239670276641846e-01,-3.034740984439849854e-01,-5.805250257253646851e-02,2.885426580905914307e-02,0.000000000000000000e+00,0.000000000000000000e+00,1.550013571977615356e-01,1.992957293987274170e-01,-1.514902412891387939e-01,6.897141933441162109e-01,7.399297952651977539e-01,0.000000000000000000e+00,0.000000000000000000e+00,3.718575090169906616e-02,-9.116272628307342529e-02,9.406112879514694214e-02,7.695434689521789551e-01,-8.731496930122375488e-01,0.000000000000000000e+00,0.000000000000000000e+00
2.520714521408081055e+00,-3.869591653347015381e-02,7.670045256614684837e-01,9.985092282295227051e-01,-4.620775952935218811e-02,2.834649058058857918e-04,2.905349247157573700e-02,-5.806767344474792480e-01,4.948709160089492798e-02,-3.837557137012481689e-02,5.569061040878295898e-01,-6.831666827201843262e-02,-5.004057660698890686e-02,-1.720281504094600677e-02,1.561228334903717041e-01,-1.622525751590728760e-01,3.784311711788177490e-01,-3.067332208156585693e-01,-5.751334130764007568e-02,3.771699219942092896e-02,0.000000000000000000e+00,0.000000000000000000e+00,1.635233312845230103e-01,1.957813501358032227e-01,-1.561385840177536011e-01,6.844437718391418457e-01,7.483339309692382812e-01,0.000000000000000000e+00,0.000000000000000000e+00,2.819860354065895081e-02,-9.607852250337600708e-02,1.008804365992546082e-01,7.585683465003967285e-01,-8.655846714973449707e-01,0.000000000000000000e+00,0.000000000000000000e+00
2.536841630935668945e+00,-3.857396543025970459e-02,7.663407683372497337e-01,9.986187219619750977e-01,-4.611976444721221924e-02,1.868750667199492455e-03,2.510165050625801086e-02,-5.700340867042541504e-01,5.117636919021606445e-02,-2.220224961638450623e-02,4.246791899204254150e-01,-4.462593793869018555e-02,-4.736390709877014160e-02,1.407778263092041016e-02,1.611056625843048096e-01,-1.506929993629455566e-01,3.580217957496643066e-01,-3.072308003902435303e-01,-5.650848150253295898e-02,4.583499953150749207e-02,0.000000000000000000e+00,0.000000000000000000e+00,1.719976365566253662e-01,1.930887103080749512e-01,-1.620938330888748169e-01,6.837923526763916016e-01,7.601137161254882812e-01,0.000000000000000000e+00,0.000000000000000000e+00,2.043988555669784546e-02,-9.971120953559875488e-02,1.079398989677429199e-01,7.496258616447448730e-01,-8.585270643234252930e-01,0.000000000000000000e+00,0.000000000000000000e+00
2.553143739700317383e+00,-3.825487568974494934e-02,7.654061079025268333e-01,9.987118244171142578e-01,-4.600438103079795837e-02,3.381020622327923775e-03,2.114010229706764221e-02,-5.573807954788208008e-01,4.898635298013687134e-02,-1.005751639604568481e-02,3.092916011810302734e-01,-2.792754210531711578e-02,-5.301145464181900024e-02,4.327807202935218811e-02,1.646571010351181030e-01,-1.385242044925689697e-01,3.415654897689819336e-01,-3.073497116565704346e-01,-5.470973253250122070e-02,5.310985818505287170e-02,0.000000000000000000e+00,0.000000000000000000e+00,1.800877451896667480e-01,1.897168904542922974e-01,-1.675547063350677490e-01,6.876106858253479004e-01,7.737092375755310059e-01,0.000000000000000000e+00,0.000000000000000000e+00,1.408284809440374374e-02,-1.024207621812820435e-01,1.149717792868614197e-01,7.426540851593017578e-01,-8.525644540786743164e-01,0.000000000000000000e+00,0.000000000000000000e+00
2.569882392883300781e+00,-3.767661005258560181e-02,7.658017635345458762e-01,9.987798929214477539e-01,-4.605752974748611450e-02,4.674078896641731262e-03,1.719198934733867645e-02,-5.472815632820129395e-01,4.491748288273811340e-02,-2.042494714260101318e-03,2.270001322031021118e-01,-2.234186977148056030e-02,-6.445842981338500977e-02,7.077500224113464355e-02,1.677658259868621826e-01,-1.260289102792739868e-01,3.340789377689361572e-01,-3.094530403614044189e-01,-5.244873464107513428e-02,5.944128707051277161e-02,0.000000000000000000e+00,0.000000000000000000e+00,1.882706582546234131e-01,1.855210959911346436e-01,-1.705366522073745728e-01,6.954255700111389160e-01,7.870493531227111816e-01,0.000000000000000000e+00,0.000000000000000000e+00,9.502960368990898132e-03,-1.038439050316810608e-01,1.217199563980102539e-01,7.379505634307861328e-01,-8.479911684989929199e-01,0.000000000000000000e+00,0.000000000000000000e+00
2.587185144424438477e+00,-3.682079166173934937e-02,7.677164435386657493e-01,9.988140463829040527e-01,-4.650944098830223083e-02,5.573228932917118073e-03,1.327915769070386887e-02,-5.422829389572143555e-01,4.095876216888427734e-02,3.873817389830946922e-03,1.898661851882934570e-01,-2.292283810675144196e-02,-7.042138278484344482e-02,9.685673564672470093e-02,1.706387102603912354e-01,-1.134074106812477112e-01,3.366172015666961670e-01,-3.137524724006652832e-01,-4.984745383262634277e-02,6.496449559926986694e-02,0.000000000000000000e+00,0.000000000000000000e+00,1.967702955007553101e-01,1.798373162746429443e-01,-1.699849516153335571e-01,7.068808674812316895e-01,7.982577681541442871e-01,0.000000000000000000e+00,0.000000000000000000e+00,7.378017064183950424e-03,-1.040086522698402405e-01,1.279679536819458008e-01,7.356710433959960938e-01,-8.448376655578613281e-01,0.000000000000000000e+00,0.000000000000000000e+00
2.604798078536987305e+00,-3.573433309793472290e-02,7.679126620292663352e-01,9.988846182823181152e-01,-4.590947180986404419e-02,6.081740837544202805e-03,9.211900644004344940e-03,-5.414021611213684082e-01,3.514988720417022705e-02,5.315736401826143265e-03,1.986574977636337280e-01,-1.256066653877496719e-02,-6.371813267469406128e-02,1.202804446220397949e-01,1.701717376708984375e-01,-1.002428978681564331e-01,3.426998853683471680e-01,-3.168504536151885986e-01,-4.617596045136451721e-02,7.015796750783920288e-02,0.000000000000000000e+00,0.000000000000000000e+00,2.055010944604873657e-01,1.711546778678894043e-01,-1.662485748529434204e-01,7.215780615806579590e-01,8.062531948089599609e-01,0.000000000000000000e+00,0.000000000000000000e+00,8.372384123504161835e-03,-1.042596623301506042e-01,1.333131641149520874e-01,7.353687286376953125e-01,-8.430545926094055176e-01,0.000000000000000000e+00,0.000000000000000000e+00
2.622875452041625977e+00,-3.444735333323478699e-02,7.674031615257262962e-01,9.989886879920959473e-01,-4.428381472826004028e-02,6.199835333973169327e-03,4.705891013145446777e-03,-5.424385666847229004e-01,2.584316022694110870e-02,-1.262411824427545071e-04,2.341712117195129395e-01,2.200008369982242584e-02,-2.633740566670894623e-02,1.423364281654357910e-01,1.659639477729797363e-01,-8.661880344152450562e-02,3.527821302413940430e-01,-3.128687441349029541e-01,-4.159614071249961853e-02,7.538595050573348999e-02,0.000000000000000000e+00,0.000000000000000000e+00,2.147069275379180908e-01,1.598501950502395630e-01,-1.601093560457229614e-01,7.390077710151672363e-01,8.115113377571105957e-01,0.000000000000000000e+00,0.000000000000000000e+00,1.317092496901750565e-02,-1.047042459249496460e-01,1.373369246721267700e-01,7.365754246711730957e-01,-8.420698642730712891e-01,0.000000000000000000e+00,0.000000000000000000e+00
2.641456604003906250e+00,-3.298125788569450378e-02,7.672654747962951438e-01,9.991151690483093262e-01,-4.162851721048355103e-02,5.997015628963708878e-03,2.015040809055790305e-04,-5.412171483039855957e-01,1.533407438546419144e-02,-5.856836214661598206e-03,2.729524374008178711e-01,7.050845772027969360e-02,1.074031461030244827e-02,1.626246273517608643e-01,1.578937768936157227e-01,-7.459215819835662842e-02,3.686871826648712158e-01,-2.974191904067993164e-01,-3.549200296401977539e-02,8.014413714408874512e-02,0.000000000000000000e+00,0.000000000000000000e+00,2.242641597986221313e-01,1.469837129116058350e-01,-1.528968065977096558e-01,7.588725686073303223e-01,8.153057098388671875e-01,0.000000000000000000e+00,0.000000000000000000e+00,2.264607511460781097e-02,-1.045523434877395630e-01,1.381547003984451294e-01,7.388815283775329590e-01,-8.400040268898010254e-01,0.000000000000000000e+00,0.000000000000000000e+00
2.660439252853393555e+00,-3.138054907321929932e-02,7.663362383842468040e-01,9.992598295211791992e-01,-3.788033127784729004e-02,5.541591439396142960e-03,-3.755654674023389816e-03,-5.328855514526367188e-01,6.566982716321945190e-03,-3.472498618066310883e-03,3.049850463867187500e-01,1.110879033803939819e-01,1.957292668521404266e-02,1.798600703477859497e-01,1.457806974649429321e-01,-6.568860262632369995e-02,3.915700912475585938e-01,-2.696995735168457031e-01,-2.770337089896202087e-02,8.364296704530715942e-02,0.000000000000000000e+00,0.000000000000000000e+00,2.334235310554504395e-01,1.333454847335815430e-01,-1.461342722177505493e-01,7.812636494636535645e-01,8.186739087104797363e-01,0.000000000000000000e+00,0.000000000000000000e+00,3.745001181960105896e-02,-1.030039191246032715e-01,1.331102252006530762e-01,7.422180771827697754e-01,-8.342362642288208008e-01,0.000000000000000000e+00,0.000000000000000000e+00
2.679630041122436523e+00,-2.972497418522834778e-02,7.629834771156310813e-01,9.994554519653320312e-01,-3.209881484508514404e-02,4.941920284181833267e-03,-5.838880315423011780e-03,-5.161461234092712402e-01,-1.437243539839982986e-03,6.885644979774951935e-03,3.379326760768890381e-01,1.306777447462081909e-01,2.737124264240264893e-02,1.925397813320159912e-01,1.299601048231124878e-01,-5.864871293306350708e-02,4.237628579139709473e-01,-2.303158491849899292e-01,-1.720401644706726074e-02,8.569748699665069580e-02,0.000000000000000000e+00,0.000000000000000000e+00,2.409490644931793213e-01,1.194456219673156738e-01,-1.410630345344543457e-01,8.064674735069274902e-01,8.219379186630249023e-01,0.000000000000000000e+00,0.000000000000000000e+00,5.728301778435707092e-02,-9.991381317377090454e-02,1.210480034351348877e-01,7.471669912338256836e-01,-8.229342699050903320e-01,0.000000000000000000e+00,0.000000000000000000e+00
2.698326826095581055e+00,-2.807062305510044098e-02,7.628676652908324973e-01,9.996401071548461914e-01,-2.552085183560848236e-02,4.243478178977966309e-03,-7.094374392181634903e-03,-5.003136396408081055e-01,-1.266419328749179840e-02,1.878267154097557068e-02,3.663805127143859863e-01,1.293759793043136597e-01,3.066591545939445496e-02,1.932295411825180054e-01,1.108674183487892151e-01,-5.262832716107368469e-02,4.734718501567840576e-01,-1.720269173383712769e-01,7.727804593741893768e-03,8.672383427619934082e-02,0.000000000000000000e+00,0.000000000000000000e+00,2.456623166799545288e-01,1.071222946047782898e-01,-1.386245936155319214e-01,8.339386582374572754e-01,8.259008526802062988e-01,0.000000000000000000e+00,0.000000000000000000e+00,8.008081465959548950e-02,-9.570778161287307739e-02,1.058403700590133667e-01,7.548828125000000000e-01,-8.075072169303894043e-01,0.000000000000000000e+00,0.000000000000000000e+00
2.716325283050537109e+00,-2.639448828995227814e-02,7.651996970176696555e-01,9.997936487197875977e-01,-1.825431920588016510e-02,3.513198578730225563e-03,-8.191873319447040558e-03,-4.845572710037231445e-01,-2.709468454122543335e-02,3.033617511391639709e-02,3.871977031230926514e-01,1.121740862727165222e-01,3.640022873878479004e-02,1.772510558366775513e-01,8.902411162853240967e-02,-4.625295102596282959e-02,5.453212857246398926e-01,-9.945250302553176880e-02,4.847300797700881958e-02,8.715514093637466431e-02,0.000000000000000000e+00,0.000000000000000000e+00,2.467351108789443970e-01,9.749034047126770020e-02,-1.400511711835861206e-01,8.621349334716796875e-01,8.320646286010742188e-01,0.000000000000000000e+00,0.000000000000000000e+00,1.023784354329109192e-01,-9.374513477087020874e-02,9.581798315048217773e-02,7.656967639923095703e-01,-7.936953902244567871e-01,0.000000000000000000e+00,0.000000000000000000e+00
2.733729124069213867e+00,-2.466890774667263031e-02,7.664761900901794212e-01,9.998936057090759277e-01,-1.034716702997684479e-02,2.827211515977978706e-03,-9.885657578706741333e-03,-4.639841318130493164e-01,-4.219451174139976501e-02,4.326492547988891602e-02,4.013582766056060791e-01,8.642107993364334106e-02,5.054288357496261597e-02,1.432823389768600464e-01,6.472370028495788574e-02,-3.974781557917594910e-02,6.404945254325866699e-01,-1.933081075549125671e-02,9.153132140636444092e-02,8.739739656448364258e-02,0.000000000000000000e+00,0.000000000000000000e+00,2.437979727983474731e-01,9.058082103729248047e-02,-1.460132747888565063e-01,8.889026641845703125e-01,8.417819738388061523e-01,0.000000000000000000e+00,0.000000000000000000e+00,1.209900379180908203e-01,-9.899742156267166138e-02,9.988205879926681519e-02,7.781360149383544922e-01,-7.889663577079772949e-01,0.000000000000000000e+00,0.000000000000000000e+00
2.750470876693725586e+00,-2.295677177608013153e-02,7.677623391151428001e-01,9.999052882194519043e-01,-1.914387336000800133e-03,2.225217176601290703e-03,-1.344699878245592117e-02,-4.414630234241485596e-01,-5.685130134224891663e-02,5.809607729315757751e-02,4.100622236728668213e-01,6.017907336354255676e-02,5.941643565893173218e-02,9.216985851526260376e-02,3.728797659277915955e-02,-3.640875965356826782e-02,7.568185925483703613e-01,7.010995596647262573e-02,1.241095513105392456e-01,8.784233778715133667e-02,0.000000000000000000e+00,0.000000000000000000e+00,2.369715124368667603e-01,8.577336370944976807e-02,-1.556077450513839722e-01,9.119452238082885742e-01,8.548706173896789551e-01,0.000000000000000000e+00,0.000000000000000000e+00,1.347189843654632568e-01,-1.148593798279762268e-01,1.223470494151115417e-01,7.885664105415344238e-01,-7.983428835868835449e-01,0.000000000000000000e+00,0.000000000000000000e+00
2.766582250595092773e+00,-2.139675244688987732e-02,7.685034036636352317e-01,9.998250007629394531e-01,6.443257443606853485e-03,1.835263217799365520e-03,-1.746812462806701660e-02,-4.195928275585174561e-01,-7.101336121559143066e-02,7.388805598020553589e-02,4.164012968540191650e-01,3.542914614081382751e-02,6.685493141412734985e-02,3.123682923614978790e-02,4.051732365041971207e-03,-3.821063786745071411e-02,8.776910305023193359e-01,1.561132967472076416e-01,1.726439595222473145e-01,8.836133778095245361e-02,0.000000000000000000e+00,0.000000000000000000e+00,2.266916185617446899e-01,8.207409828901290894e-02,-1.667598336935043335e-01,9.292274117469787598e-01,8.684381842613220215e-01,0.000000000000000000e+00,0.000000000000000000e+00,1.445455998182296753e-01,-1.400531381368637085e-01,1.585117280483245850e-01,7.922111153602600098e-01,-8.204482197761535645e-01,0.000000000000000000e+00,0.000000000000000000e+00
2.782245397567749023e+00,-2.006863243877887726e-02,7.687703728675842063e-01,9.996708035469055176e-01,1.442774198949337006e-02,1.531889080069959164e-03,-2.116139605641365051e-02,-3.979916870594024658e-01,-8.477777987718582153e-02,8.823608607053756714e-02,4.209596812725067139e-01,1.129055861383676529e-02,7.264936715364456177e-02,-3.249280154705047607e-02,-3.573181480169296265e-02,-4.702206328511238098e-02,9.891788363456726074e-01,2.354709804058074951e-01,2.219670265913009644e-01,8.838039636611938477e-02,0.000000000000000000e+00,0.000000000000000000e+00,2.120635658502578735e-01,7.878475636243820190e-02,-1.758920997381210327e-01,9.429566264152526855e-01,8.813717365264892578e-01,0.000000000000000000e+00,0.000000000000000000e+00,1.541565358638763428e-01,-1.714515537023544312e-01,1.961596459150314331e-01,7.859137058258056641e-01,-8.457397818565368652e-01,0.000000000000000000e+00,0.000000000000000000e+00
2.797614574432373047e+00,-1.901180855929851532e-02,7.690318584442138450e-01,9.994848370552062988e-01,2.169684693217277527e-02,1.160761341452598572e-03,-2.362218871712684631e-02,-3.759957253932952881e-01,-9.883596748113632202e-02,9.896734356880187988e-02,4.242559969425201416e-01,-1.297129876911640167e-02,7.480024546384811401e-02,-9.642870724201202393e-02,-7.615583389997482300e-02,-5.790717899799346924e-02,1.084227323532104492e+00,2.945682704448699951e-01,2.434880286455154419e-01,8.702441304922103882e-02,0.000000000000000000e+00,0.000000000000000000e+00,1.932315379381179810e-01,7.603256404399871826e-02,-1.830081492662429810e-01,9.543579220771789551e-01,8.932404518127441406e-01,0.000000000000000000e+00,0.000000000000000000e+00,1.660499721765518188e-01,-2.016361355781555176e-01,2.223364412784576416e-01,7.705603837966918945e-01,-8.631337881088256836e-01,0.000000000000000000e+00,0.000000000000000000e+00
2.812700033187866211e+00,-1.826325617730617523e-02,7.691538095474242942e-01,9.993234276771545410e-01,2.839907258749008179e-02,2.999379357788711786e-04,-2.336943894624710083e-02,-3.548377752304077148e-01,-1.142938658595085144e-01,1.056003421545028687e-01,4.290657937526702881e-01,-3.668165206909179688e-02,7.765551656484603882e-02,-1.616180837154388428e-01,-1.060651764273643494e-01,-5.917101353406906128e-02,1.159945368766784668e+00,2.963578402996063232e-01,2.446019202470779419e-01,8.363419026136398315e-02,0.000000000000000000e+00,0.000000000000000000e+00,1.726545691490173340e-01,7.457031309604644775e-02,-1.937039643526077271e-01,9.600626826286315918e-01,9.028626680374145508e-01,0.000000000000000000e+00,0.000000000000000000e+00,1.790656745433807373e-01,-2.198099344968795776e-01,2.299732118844985962e-01,7.512760162353515625e-01,-8.667840361595153809e-01,0.000000000000000000e+00,0.000000000000000000e+00
2.827636003494262695e+00,-1.776943914592266083e-02,7.692606210708617942e-01,9.991778731346130371e-01,3.421137109398841858e-02,-9.827916510403156281e-04,-2.172921970486640930e-02,-3.330683112144470215e-01,-1.295673996210098267e-01,1.081066951155662537e-01,4.341157674789428711e-01,-5.984524264931678772e-02,8.103932440280914307e-02,-2.236801683902740479e-01,-1.265886574983596802e-01,-5.836419016122817993e-02,1.214347481727600098e+00,2.426612675189971924e-01,2.313670068979263306e-01,7.904332876205444336e-02,0.000000000000000000e+00,0.000000000000000000e+00,1.491119116544723511e-01,7.402947545051574707e-02,-2.067137360572814941e-01,9.634818434715270996e-01,9.125596284866333008e-01,0.000000000000000000e+00,0.000000000000000000e+00,1.948630511760711670e-01,-2.274622619152069092e-01,2.179420590400695801e-01,7.318621277809143066e-01,-8.535571694374084473e-01,0.000000000000000000e+00,0.000000000000000000e+00
2.842519044876098633e+00,-1.753046363592147827e-02,7.693962812423705833e-01,9.990469217300415039e-01,3.926920518279075623e-02,-2.612985903397202492e-03,-1.887815631926059723e-02,-3.103836476802825928e-01,-1.442557275295257568e-01,1.071956083178520203e-01,4.394208192825317383e-01,-8.287360519170761108e-02,8.426863700151443481e-02,-2.802917361259460449e-01,-1.433278322219848633e-01,-5.993207171559333801e-02,1.245243072509765625e+00,1.665284037590026855e-01,2.101753056049346924e-01,7.359894365072250366e-02,0.000000000000000000e+00,0.000000000000000000e+00,1.243647187948226929e-01,7.529303431510925293e-02,-2.179185450077056885e-01,9.670627117156982422e-01,9.215540885925292969e-01,0.000000000000000000e+00,0.000000000000000000e+00,2.147137671709060669e-01,-2.279398590326309204e-01,1.907740682363510132e-01,7.122802138328552246e-01,-8.272874951362609863e-01,0.000000000000000000e+00,0.000000000000000000e+00
2.857410669326782227e+00,-1.752938702702522278e-02,7.696280241012573020e-01,9.989233016967773438e-01,4.369773343205451965e-02,-4.518340807408094406e-03,-1.490947697311639786e-02,-2.865069508552551270e-01,-1.582475453615188599e-01,1.030745580792427063e-01,4.442470371723175049e-01,-1.055683791637420654e-01,8.726076036691665649e-02,-3.305090069770812988e-01,-1.599648594856262207e-01,-6.347046792507171631e-02,1.250136494636535645e+00,9.782218933105468750e-02,1.920662522315979004e-01,6.717326492071151733e-02,0.000000000000000000e+00,0.000000000000000000e+00,9.960292279720306396e-02,7.667845487594604492e-02,-2.242489606142044067e-01,9.699658751487731934e-01,9.270688891410827637e-01,0.000000000000000000e+00,0.000000000000000000e+00,2.357318252325057983e-01,-2.212036103010177612e-01,1.567863523960113525e-01,6.932822465896606445e-01,-7.962352037429809570e-01,0.000000000000000000e+00,0.000000000000000000e+00
2.872360229492187500e+00,-1.765802875161170959e-02,7.701509952545165794e-01,9.988524913787841797e-01,4.648211970925331116e-02,-6.402284838259220123e-03,-9.597162716090679169e-03,-2.601122856140136719e-01,-1.703291684389114380e-01,9.496293216943740845e-02,4.455759525299072266e-01,-1.269462555646896362e-01,8.996830135583877563e-02,-3.726840317249298096e-01,-1.753482371568679810e-01,-6.927635520696640015e-02,1.227730035781860352e+00,3.747485205531120300e-02,1.849183887243270874e-01,5.985029414296150208e-02,0.000000000000000000e+00,0.000000000000000000e+00,7.227010279893875122e-02,7.292170822620391846e-02,-2.256477326154708862e-01,9.694021940231323242e-01,9.277642369270324707e-01,0.000000000000000000e+00,0.000000000000000000e+00,2.516678571701049805e-01,-2.061556726694107056e-01,1.242327019572257996e-01,6.791461110115051270e-01,-7.677023410797119141e-01,0.000000000000000000e+00,0.000000000000000000e+00
2.887254476547241211e+00,-1.790307275950908661e-02,7.707689166069030540e-01,9.987697601318359375e-01,4.881194606423377991e-02,-7.930633611977100372e-03,-3.672560909762978554e-03,-2.341031432151794434e-01,-1.815341562032699585e-01,8.435565233230590820e-02,4.470230638980865479e-01,-1.476625055074691772e-01,9.249335527420043945e-02,-4.094997644424438477e-01,-1.862346529960632324e-01,-7.437219470739364624e-02,1.182054400444030762e+00,-1.887781359255313873e-02,1.620448380708694458e-01,5.173742026090621948e-02,0.000000000000000000e+00,0.000000000000000000e+00,4.649654403328895569e-02,6.829515099525451660e-02,-2.237079292535781860e-01,9.634149074554443359e-01,9.231988787651062012e-01,0.000000000000000000e+00,0.000000000000000000e+00,2.647360265254974365e-01,-1.924224793910980225e-01,9.493692219257354736e-02,6.677198410034179688e-01,-7.444782853126525879e-01,0.000000000000000000e+00,0.000000000000000000e+00
2.902012825012207031e+00,-1.820075511932373047e-02,7.713806390762328880e-01,9.986824393272399902e-01,5.046248063445091248e-02,-8.961764164268970490e-03,2.573310863226652145e-03,-2.093284279108047485e-01,-1.911176145076751709e-01,7.194446027278900146e-02,4.483929276466369629e-01,-1.671449691057205200e-01,9.472150355577468872e-02,-4.410772025585174561e-01,-1.942147463560104370e-01,-8.113075792789459229e-02,1.115683197975158691e+00,-7.066500186920166016e-02,1.329157054424285889e-01,4.343442246317863464e-02,0.000000000000000000e+00,0.000000000000000000e+00,2.184204943478107452e-02,6.381862610578536987e-02,-2.221585363149642944e-01,9.530065655708312988e-01,9.161469340324401855e-01,0.000000000000000000e+00,0.000000000000000000e+00,2.777970135211944580e-01,-1.821666508913040161e-01,7.153082638978958130e-02,6.559280753135681152e-01,-7.288456559181213379e-01,0.000000000000000000e+00,0.000000000000000000e+00
2.916606664657592773e+00,-1.847827434539794922e-02,7.719114184379577415e-01,9.986114501953125000e-01,5.109117552638053894e-02,-9.315754286944866180e-03,8.833971805870532990e-03,-1.850251555442810059e-01,-1.980031132698059082e-01,5.807555839419364929e-02,4.473001658916473389e-01,-1.844852566719055176e-01,9.646791964769363403e-02,-4.666440486907958984e-01,-2.018157392740249634e-01,-9.244498610496520996e-02,1.031691551208496094e+00,-1.106828898191452026e-01,1.166436448693275452e-01,3.553956001996994019e-02,0.000000000000000000e+00,0.000000000000000000e+00,-2.609877148643136024e-03,6.003003194928169250e-02,-2.240360528230667114e-01,9.394969940185546875e-01,9.098430275917053223e-01,0.000000000000000000e+00,0.000000000000000000e+00,2.889234721660614014e-01,-1.732779443264007568e-01,5.703818798065185547e-02,6.457524299621582031e-01,-7.214790582656860352e-01,0.000000000000000000e+00,0.000000000000000000e+00
2.931035995483398438e+00,-1.873720809817314148e-02,7.721370816230773704e-01,9.985426664352416992e-01,5.121182277798652649e-02,-8.821079507470130920e-03,1.456418167799711227e-02,-1.612632721662521362e-01,-2.032854110002517700e-01,4.411554336547851562e-02,4.439577162265777588e-01,-2.000394016504287720e-01,9.771319478750228882e-02,-4.874932765960693359e-01,-2.077810317277908325e-01,-1.059603616595268250e-01,9.362345933914184570e-01,-1.305891275405883789e-01,1.006172150373458862e-01,2.815715596079826355e-02,0.000000000000000000e+00,0.000000000000000000e+00,-2.280746959149837494e-02,6.117903068661689758e-02,-2.292071431875228882e-01,9.224061965942382812e-01,9.047477245330810547e-01,0.000000000000000000e+00,0.000000000000000000e+00,2.927030920982360840e-01,-1.677999496459960938e-01,5.180497840046882629e-02,6.440142393112182617e-01,-7.201407551765441895e-01,0.000000000000000000e+00,0.000000000000000000e+00
2.945362806320190430e+00,-1.898046396672725677e-02,7.720019578933715598e-01,9.984501600265502930e-01,5.150225386023521423e-02,-7.826597429811954498e-03,1.958489045500755310e-02,-1.375165283679962158e-01,-2.079749852418899536e-01,3.123614192008972168e-02,4.377833902835845947e-01,-2.137067019939422607e-01,9.841696918010711670e-02,-5.021569728851318359e-01,-2.129409462213516235e-01,-1.227628663182258606e-01,8.317056298255920410e-01,-1.356958597898483276e-01,8.642825484275817871e-02,2.164063043892383575e-02,0.000000000000000000e+00,0.000000000000000000e+00,-4.071787372231483459e-02,6.287517398595809937e-02,-2.371409684419631958e-01,9.040411710739135742e-01,9.005672931671142578e-01,0.000000000000000000e+00,0.000000000000000000e+00,2.933891117572784424e-01,-1.656361520290374756e-01,5.426621437072753906e-02,6.477242112159729004e-01,-7.246462702751159668e-01,0.000000000000000000e+00,0.000000000000000000e+00
2.959639787673950195e+00,-1.915939338505268097e-02,7.716852784156799094e-01,9.983521699905395508e-01,5.174367129802703857e-02,-6.451365072280168533e-03,2.395654283463954926e-02,-1.124941557645797729e-01,-2.116640210151672363e-01,1.929548569023609161e-02,4.268865883350372314e-01,-2.244164794683456421e-01,9.870061278343200684e-02,-5.112406015396118164e-01,-2.137291133403778076e-01,-1.404681950807571411e-01,7.206878662109375000e-01,-1.293695122003555298e-01,7.885280251502990723e-02,1.615835353732109070e-02,0.000000000000000000e+00,0.000000000000000000e+00,-5.669078603386878967e-02,6.370669603347778320e-02,-2.462912946939468384e-01,8.856757879257202148e-01,8.961814641952514648e-01,0.000000000000000000e+00,0.000000000000000000e+00,2.925995886325836182e-01,-1.655500531196594238e-01,6.219606846570968628e-02,6.548385620117187500e-01,-7.344653606414794922e-01,0.000000000000000000e+00,0.000000000000000000e+00
2.973917722702026367e+00,-1.926377229392528534e-02,7.713537573814391868e-01,9.982686638832092285e-01,5.164922401309013367e-02,-4.805171862244606018e-03,2.772888354957103729e-02,-8.564639091491699219e-02,-2.139100581407546997e-01,7.726174779236316681e-03,4.110507369041442871e-01,-2.320342659950256348e-01,9.878779947757720947e-02,-5.160589218139648438e-01,-2.067362666130065918e-01,-1.539166867733001709e-01,6.061768531799316406e-01,-1.137473285198211670e-01,8.095252513885498047e-02,1.168901287019252777e-02,0.000000000000000000e+00,0.000000000000000000e+00,-6.974371522665023804e-02,6.460417062044143677e-02,-2.552077472209930420e-01,8.677421808242797852e-01,8.904988169670104980e-01,0.000000000000000000e+00,0.000000000000000000e+00,2.897724211215972900e-01,-1.664427369832992554e-01,7.274129241704940796e-02,6.645303368568420410e-01,-7.483866810798645020e-01,0.000000000000000000e+00,0.000000000000000000e+00
2.988277912139892578e+00,-1.939538680016994476e-02,7.709455251693725364e-01,9.981808662414550781e-01,5.156863480806350708e-02,-3.037349553778767586e-03,3.108750842511653900e-02,-5.825295671820640564e-02,-2.155091613531112671e-01,-3.340816125273704529e-03,3.937371075153350830e-01,-2.383540123701095581e-01,9.883330017328262329e-02,-5.158711671829223633e-01,-1.946780830621719360e-01,-1.597960442304611206e-01,4.905157685279846191e-01,-9.470359236001968384e-02,9.552311152219772339e-02,8.224934339523315430e-03,0.000000000000000000e+00,0.000000000000000000e+00,-8.051251620054244995e-02,6.451693922281265259e-02,-2.637985050678253174e-01,8.513348698616027832e-01,8.834784626960754395e-01,0.000000000000000000e+00,0.000000000000000000e+00,2.866320013999938965e-01,-1.677049398422241211e-01,8.230943977832794189e-02,6.738774776458740234e-01,-7.647620439529418945e-01,0.000000000000000000e+00,0.000000000000000000e+00
3.002792358398437500e+00,-1.962881349027156830e-02,7.703948974609374778e-01,9.980796575546264648e-01,5.158609151840209961e-02,-1.311616972088813782e-03,3.426523134112358093e-02,-3.145377710461616516e-02,-2.164307087659835815e-01,-1.374017260968685150e-02,3.776165544986724854e-01,-2.432137578725814819e-01,9.877773374319076538e-02,-5.103718638420104980e-01,-1.810872554779052734e-01,-1.601601243019104004e-01,3.775358796119689941e-01,-7.580897212028503418e-02,1.273888796567916870e-01,5.840548314154148102e-03,0.000000000000000000e+00,0.000000000000000000e+00,-8.962631225585937500e-02,6.350158900022506714e-02,-2.723839581012725830e-01,8.374779224395751953e-01,8.760685324668884277e-01,0.000000000000000000e+00,0.000000000000000000e+00,2.842804491519927979e-01,-1.677808612585067749e-01,8.764185011386871338e-02,6.804792284965515137e-01,-7.802074551582336426e-01,0.000000000000000000e+00,0.000000000000000000e+00
3.017554283142089844e+00,-2.004864066839218140e-02,7.696676611900329368e-01,9.979549646377563477e-01,5.186212062835693359e-02,2.039852988673374057e-04,3.736545518040657043e-02,-5.759341642260551453e-03,-2.170567214488983154e-01,-2.368786372244358063e-02,3.657967448234558105e-01,-2.488122135400772095e-01,9.817788004875183105e-02,-5.050566792488098145e-01,-1.685962975025177002e-01,-1.565084755420684814e-01,2.828524112701416016e-01,-6.468340754508972168e-02,1.596126556396484375e-01,4.126855172216892242e-03,0.000000000000000000e+00,0.000000000000000000e+00,-9.727898985147476196e-02,6.172801181674003601e-02,-2.811851799488067627e-01,8.270581364631652832e-01,8.693825602531433105e-01,0.000000000000000000e+00,0.000000000000000000e+00,2.834668457508087158e-01,-1.657508164644241333e-01,8.691381663084030151e-02,6.834056377410888672e-01,-7.914228439331054688e-01,0.000000000000000000e+00,0.000000000000000000e+00
3.032606840133666992e+00,-2.074787952005863190e-02,7.686106324195861594e-01,9.977937936782836914e-01,5.259548872709274292e-02,1.307346508838236332e-03,4.049146547913551331e-02,1.835196092724800110e-02,-2.179239541292190552e-01,-3.317565843462944031e-02,3.604954779148101807e-01,-2.574852705001831055e-01,9.668461978435516357e-02,-5.049474835395812988e-01,-1.598701477050781250e-01,-1.522022038698196411e-01,2.238908261060714722e-01,-6.699935346841812134e-02,1.800747364759445190e-01,2.634983975440263748e-03,0.000000000000000000e+00,0.000000000000000000e+00,-1.030592471361160278e-01,5.924170464277267456e-02,-2.899937927722930908e-01,8.205742835998535156e-01,8.641177415847778320e-01,0.000000000000000000e+00,0.000000000000000000e+00,2.843438386917114258e-01,-1.617431491613388062e-01,8.044035732746124268e-02,6.832610964775085449e-01,-7.968406081199645996e-01,0.000000000000000000e+00,0.000000000000000000e+00
3.047909498214721680e+00,-2.176890149712562561e-02,7.675503849983215110e-01,9.976227283477783203e-01,5.368455126881599426e-02,2.066541928797960281e-03,4.315815493464469910e-02,4.066240787506103516e-02,-2.184669971466064453e-01,-4.158828034996986389e-02,3.607244193553924561e-01,-2.672956883907318115e-01,9.446764737367630005e-02,-5.067880749702453613e-01,-1.565807908773422241e-01,-1.532192081212997437e-01,2.034215033054351807e-01,-7.410633563995361328e-02,1.984412074089050293e-01,1.295254915021359921e-03,0.000000000000000000e+00,0.000000000000000000e+00,-1.060804426670074463e-01,5.650361627340316772e-02,-2.980397343635559082e-01,8.178665041923522949e-01,8.602754473686218262e-01,0.000000000000000000e+00,0.000000000000000000e+00,2.859635353088378906e-01,-1.562352329492568970e-01,7.084999978542327881e-02,6.818609237670898438e-01,-7.975306510925292969e-01,0.000000000000000000e+00,0.000000000000000000e+00
3.063548803329467773e+00,-2.298868633806705475e-02,7.693796515464782493e-01,9.975246787071228027e-01,5.346743017435073853e-02,2.894720993936061859e-03,4.557792097330093384e-02,6.412330269813537598e-02,-2.157963663339614868e-01,-4.908856749534606934e-02,3.619393408298492432e-01,-2.717059850692749023e-01,9.170095622539520264e-02,-5.032255053520202637e-01,-1.519840210676193237e-01,-1.548697203397750854e-01,2.046504765748977661e-01,-5.583812296390533447e-02,1.817888170480728149e-01,-4.409400862641632557e-04,0.000000000000000000e+00,0.000000000000000000e+00,-1.058010980486869812e-01,5.526848882436752319e-02,-3.043864667415618896e-01,8.182276487350463867e-01,8.573908209800720215e-01,0.000000000000000000e+00,0.000000000000000000e+00,2.864001095294952393e-01,-1.484249681234359741e-01,6.187665089964866638e-02,6.815063953399658203e-01,-7.963468432426452637e-01,0.000000000000000000e+00,0.000000000000000000e+00
3.079484701156616211e+00,-2.439427003264427185e-02,7.720578074455261008e-01,9.974753856658935547e-01,5.225972831249237061e-02,3.555987263098359108e-03,4.794897511601448059e-02,8.768163621425628662e-02,-2.097419947385787964e-01,-5.613800138235092163e-02,3.639149665832519531e-01,-2.697866857051849365e-01,8.867613971233367920e-02,-4.992669224739074707e-01,-1.461262106895446777e-01,-1.564259380102157593e-01,2.247347533702850342e-01,-1.859910041093826294e-02,1.437066048383712769e-01,-2.697807038202881813e-03,0.000000000000000000e+00,0.000000000000000000e+00,-1.020465046167373657e-01,5.505422130227088928e-02,-3.090229332447052002e-01,8.216888308525085449e-01,8.547798991203308105e-01,0.000000000000000000e+00,0.000000000000000000e+00,2.856149971485137939e-01,-1.397413462400436401e-01,5.492643266916275024e-02,6.832876801490783691e-01,-7.960050702095031738e-01,0.000000000000000000e+00,0.000000000000000000e+00
3.095672607421875000e+00,-2.598945051431655884e-02,7.720678210258483665e-01,9.974423646926879883e-01,5.045396462082862854e-02,3.748016431927680969e-03,5.048874765634536743e-02,1.091003417968750000e-01,-2.014439851045608521e-01,-6.278230994939804077e-02,3.688213527202606201e-01,-2.631541192531585693e-01,8.552630990743637085e-02,-4.986132979393005371e-01,-1.418101489543914795e-01,-1.606398224830627441e-01,2.594909667968750000e-01,2.019925415515899658e-02,1.137017980217933655e-01,-5.269178189337253571e-03,0.000000000000000000e+00,0.000000000000000000e+00,-9.498897939920425415e-02,5.484624579548835754e-02,-3.122492432594299316e-01,8.288353681564331055e-01,8.522223830223083496e-01,0.000000000000000000e+00,0.000000000000000000e+00,2.843245267868041992e-01,-1.317905336618423462e-01,4.961089789867401123e-02,6.873701810836791992e-01,-7.977759242057800293e-01,0.000000000000000000e+00,0.000000000000000000e+00
3.112168788909912109e+00,-2.766952104866504669e-02,7.702085137367248313e-01,9.974754452705383301e-01,4.748272523283958435e-02,3.885002108290791512e-03,5.265907943248748779e-02,1.288627237081527710e-01,-1.907029151916503906e-01,-6.816037744283676147e-02,3.776893913745880127e-01,-2.497857958078384399e-01,8.254332095384597778e-02,-4.909114837646484375e-01,-1.366065591573715210e-01,-1.677784919738769531e-01,2.873328328132629395e-01,6.611107289791107178e-02,8.499865233898162842e-02,-8.003391325473785400e-03,0.000000000000000000e+00,0.000000000000000000e+00,-8.500839024782180786e-02,5.539206042885780334e-02,-3.138153254985809326e-01,8.401432633399963379e-01,8.503397703170776367e-01,0.000000000000000000e+00,0.000000000000000000e+00,2.821791172027587891e-01,-1.238163858652114868e-01,4.537014290690422058e-02,6.937899589538574219e-01,-8.010851144790649414e-01,0.000000000000000000e+00,0.000000000000000000e+00
3.128703832626342773e+00,-2.947859279811382294e-02,7.689868569374084251e-01,9.975664019584655762e-01,4.378670826554298401e-02,3.965876065194606781e-03,5.411386862397193909e-02,1.441294699907302856e-01,-1.782614588737487793e-01,-7.092208415269851685e-02,3.946684598922729492e-01,-2.267319411039352417e-01,8.206167817115783691e-02,-4.782763123512268066e-01,-1.297494769096374512e-01,-1.764485388994216919e-01,3.115402460098266602e-01,9.911526739597320557e-02,6.445755064487457275e-02,-1.059834100306034088e-02,0.000000000000000000e+00,0.000000000000000000e+00,-7.225341349840164185e-02,5.640253797173500061e-02,-3.135542571544647217e-01,8.558729290962219238e-01,8.495552539825439453e-01,0.000000000000000000e+00,0.000000000000000000e+00,2.791757583618164062e-01,-1.160439699888229370e-01,4.117057472467422485e-02,7.021696567535400391e-01,-8.048895001411437988e-01,0.000000000000000000e+00,0.000000000000000000e+00
3.144943237304687500e+00,-3.140707314014434814e-02,7.698656678199767844e-01,9.977133274078369141e-01,3.906287997961044312e-02,4.019914660602807999e-03,5.500932037830352783e-02,1.520863026380538940e-01,-1.635066866874694824e-01,-7.144225388765335083e-02,4.215958714485168457e-01,-1.910515725612640381e-01,8.231046795845031738e-02,-4.645849764347076416e-01,-1.191001981496810913e-01,-1.850055307149887085e-01,3.334330320358276367e-01,1.056199744343757629e-01,4.685533046722412109e-02,-1.291695330291986465e-02,0.000000000000000000e+00,0.000000000000000000e+00,-5.742450058460235596e-02,5.821648985147476196e-02,-3.115898370742797852e-01,8.756016492843627930e-01,8.497375249862670898e-01,0.000000000000000000e+00,0.000000000000000000e+00,2.751770913600921631e-01,-1.079179346561431885e-01,3.666927665472030640e-02,7.117935419082641602e-01,-8.082470893859863281e-01,0.000000000000000000e+00,0.000000000000000000e+00
3.160757064819335938e+00,-3.340911865234375000e-02,7.723668575286865012e-01,9.979066848754882812e-01,3.288163989782333374e-02,4.079078789800405502e-03,5.553766340017318726e-02,1.510122120380401611e-01,-1.457026451826095581e-01,-7.113630324602127075e-02,4.596562087535858154e-01,-1.424539387226104736e-01,7.771054655313491821e-02,-4.493508040904998779e-01,-1.037551090121269226e-01,-1.934920549392700195e-01,3.489540219306945801e-01,8.969394117593765259e-02,2.831795252859592438e-02,-1.500958204269409180e-02,0.000000000000000000e+00,0.000000000000000000e+00,-4.175694286823272705e-02,6.134930253028869629e-02,-3.089472353458404541e-01,8.980767130851745605e-01,8.505514264106750488e-01,0.000000000000000000e+00,0.000000000000000000e+00,2.701353728771209717e-01,-9.891000390052795410e-02,3.197903931140899658e-02,7.215620279312133789e-01,-8.106453418731689453e-01,0.000000000000000000e+00,0.000000000000000000e+00
3.176246881484985352e+00,-3.550368174910545349e-02,7.747174263000488059e-01,9.980299472808837891e-01,2.553135529160499573e-02,4.016793332993984222e-03,5.716890096664428711e-02,1.398632228374481201e-01,-1.254370510578155518e-01,-7.012071460485458374e-02,5.121599435806274414e-01,-8.504888415336608887e-02,6.368745863437652588e-02,-4.286392927169799805e-01,-8.676340430974960327e-02,-2.042172402143478394e-01,3.563723564147949219e-01,6.684313714504241943e-02,2.021330595016479492e-02,-1.709091477096080780e-02,0.000000000000000000e+00,0.000000000000000000e+00,-2.682309225201606750e-02,6.577726453542709351e-02,-3.080559968948364258e-01,9.215883612632751465e-01,8.521678447723388672e-01,0.000000000000000000e+00,0.000000000000000000e+00,2.646421194076538086e-01,-8.987928181886672974e-02,2.712518908083438873e-02,7.300259470939636230e-01,-8.120880126953125000e-01,0.000000000000000000e+00,0.000000000000000000e+00
3.191183567047119141e+00,-3.775700554251670837e-02,7.764032244682311790e-01,9.980115294456481934e-01,1.789143495261669159e-02,3.744286252185702324e-03,6.032327190041542053e-02,1.175290122628211975e-01,-1.020680367946624756e-01,-6.501863896846771240e-02,5.808128118515014648e-01,-2.367174252867698669e-02,4.406554624438285828e-02,-4.047108292579650879e-01,-6.995134800672531128e-02,-2.180295884609222412e-01,3.575124442577362061e-01,4.483295232057571411e-02,1.069912966340780258e-02,-1.970838941633701324e-02,0.000000000000000000e+00,0.000000000000000000e+00,-1.462541054934263229e-02,7.258612662553787231e-02,-3.121578991413116455e-01,9.448561072349548340e-01,8.561609983444213867e-01,0.000000000000000000e+00,0.000000000000000000e+00,2.597631812095642090e-01,-8.189754188060760498e-02,2.255491912364959717e-02,7.359872460365295410e-01,-8.126868605613708496e-01,0.000000000000000000e+00,0.000000000000000000e+00
3.205292940139770508e+00,-4.006951674818992615e-02,7.768737435340881126e-01,9.978408217430114746e-01,9.818278253078460693e-03,3.297943854704499245e-03,6.485675275325775146e-02,8.157655596733093262e-02,-7.623094320297241211e-02,-5.821068957448005676e-02,6.681142449378967285e-01,4.239660128951072693e-02,2.301906794309616089e-02,-3.815197050571441650e-01,-5.325986817479133606e-02,-2.350748628377914429e-01,3.571799099445343018e-01,2.423559501767158508e-02,-3.009745152667164803e-03,-2.282282151281833649e-02,0.000000000000000000e+00,0.000000000000000000e+00,-3.781178034842014313e-03,8.403269201517105103e-02,-3.231508433818817139e-01,9.619863033294677734e-01,8.659164309501647949e-01,0.000000000000000000e+00,0.000000000000000000e+00,2.514646351337432861e-01,-7.309181243181228638e-02,1.950181089341640472e-02,7.405672669410705566e-01,-8.128477334976196289e-01,0.000000000000000000e+00,0.000000000000000000e+00
3.218622207641601562e+00,-4.235822334885597229e-02,7.762557625770568626e-01,9.974974989891052246e-01,1.085147028788924217e-03,2.717324998229742050e-03,7.064114511013031006e-02,3.289426118135452271e-02,-4.740332812070846558e-02,-5.102543532848358154e-02,7.713047266006469727e-01,1.126907691359519958e-01,-4.131248220801353455e-03,-3.607557415962219238e-01,-3.639399632811546326e-02,-2.546490132808685303e-01,3.586479127407073975e-01,3.487766021862626076e-03,-1.550544612109661102e-02,-2.608503401279449463e-02,0.000000000000000000e+00,0.000000000000000000e+00,6.702146027237176895e-03,1.013309806585311890e-01,-3.404996097087860107e-01,9.691419005393981934e-01,8.825750350952148438e-01,0.000000000000000000e+00,0.000000000000000000e+00,2.384725362062454224e-01,-6.294480711221694946e-02,1.881975494325160980e-02,7.442054748535156250e-01,-8.128533363342285156e-01,0.000000000000000000e+00,0.000000000000000000e+00
3.231581926345825195e+00,-4.469927027821540833e-02,7.757834553718566672e-01,9.969890117645263672e-01,-7.741355802863836288e-03,2.071083523333072662e-03,7.712768763303756714e-02,-2.152260951697826385e-02,-1.130904350429773331e-02,-3.738945350050926208e-02,8.782221078872680664e-01,1.802448332309722900e-01,-4.991772025823593140e-02,-3.411714434623718262e-01,-1.987217925488948822e-02,-2.750701010227203369e-01,3.610457181930541992e-01,-1.720256917178630829e-02,-2.575322240591049194e-02,-2.923742309212684631e-02,0.000000000000000000e+00,0.000000000000000000e+00,1.360673643648624420e-02,1.229427680373191833e-01,-3.609865903854370117e-01,9.712098240852355957e-01,9.015375375747680664e-01,0.000000000000000000e+00,0.000000000000000000e+00,2.285417467355728149e-01,-5.567044019699096680e-02,1.999993436038494110e-02,7.444521784782409668e-01,-8.125265240669250488e-01,0.000000000000000000e+00,0.000000000000000000e+00
3.244159221649169922e+00,-4.689762368798255920e-02,7.748085618019103782e-01,9.964002370834350586e-01,-1.693435758352279663e-02,1.320471521466970444e-03,8.305473625659942627e-02,-7.805017381906509399e-02,3.534317016601562500e-02,-1.937191374599933624e-02,9.797275662422180176e-01,2.446168363094329834e-01,-1.071294769644737244e-01,-3.240816891193389893e-01,-2.440032782033085823e-03,-2.951475977897644043e-01,3.660871982574462891e-01,-3.813032060861587524e-02,-3.298647329211235046e-02,-3.135977312922477722e-02,0.000000000000000000e+00,0.000000000000000000e+00,1.575222238898277283e-02,1.469010114669799805e-01,-3.795560896396636963e-01,9.725769758224487305e-01,9.165051579475402832e-01,0.000000000000000000e+00,0.000000000000000000e+00,2.234729081392288208e-01,-5.194272100925445557e-02,2.250915020704269409e-02,7.423606514930725098e-01,-8.119710087776184082e-01,0.000000000000000000e+00,0.000000000000000000e+00
3.256497144699096680e+00,-4.886514693498611450e-02,7.734037995338439719e-01,9.957858920097351074e-01,-2.610662020742893219e-02,2.883722481783479452e-04,8.791344612836837769e-02,-1.347381174564361572e-01,8.198641240596771240e-02,-5.940244067460298538e-03,1.070785522460937500e+00,2.928575873374938965e-01,-1.544005870819091797e-01,-3.077009022235870361e-01,1.653518527746200562e-02,-3.127391338348388672e-01,3.717850446701049805e-01,-5.888652428984642029e-02,-3.794473782181739807e-02,-3.153664246201515198e-02,0.000000000000000000e+00,0.000000000000000000e+00,1.932428404688835144e-02,1.703640520572662354e-01,-3.902928233146667480e-01,9.690356850624084473e-01,9.236854910850524902e-01,0.000000000000000000e+00,0.000000000000000000e+00,2.204572558403015137e-01,-5.096459388732910156e-02,2.499600313603878021e-02,7.441212534904479980e-01,-8.121151328086853027e-01,0.000000000000000000e+00,0.000000000000000000e+00
3.268796920776367188e+00,-5.060228332877159119e-02,7.721509695053100364e-01,9.952338933944702148e-01,-3.477187827229499817e-02,-1.251722103916108608e-03,9.109829366207122803e-02,-1.900931894779205322e-01,1.127931848168373108e-01,-4.063664469867944717e-03,1.146799564361572266e+00,2.972074449062347412e-01,-1.727840453386306763e-01,-2.897846102714538574e-01,3.644056245684623718e-02,-3.261899352073669434e-01,3.759624063968658447e-01,-7.907896488904953003e-02,-4.195550829172134399e-02,-2.973158657550811768e-02,0.000000000000000000e+00,0.000000000000000000e+00,2.956310287117958069e-02,1.904020011425018311e-01,-3.883877098560333252e-01,9.565700888633728027e-01,9.213278889656066895e-01,0.000000000000000000e+00,0.000000000000000000e+00,2.143211811780929565e-01,-5.095872282981872559e-02,2.646522969007492065e-02,7.527035474777221680e-01,-8.138644695281982422e-01,0.000000000000000000e+00,0.000000000000000000e+00
3.281044006347656250e+00,-5.205079913139343262e-02,7.710748076438903587e-01,9.948123097419738770e-01,-4.216387122869491577e-02,-3.395099192857742310e-03,9.251561015844345093e-02,-2.426929324865341187e-01,1.224595680832862854e-01,-1.115681603550910950e-02,1.201648712158203125e+00,2.391195893287658691e-01,-1.627648323774337769e-01,-2.713837325572967529e-01,5.590742826461791992e-02,-3.358351886272430420e-01,3.805300891399383545e-01,-9.891518205404281616e-02,-4.549735784530639648e-02,-2.702736109495162964e-02,0.000000000000000000e+00,0.000000000000000000e+00,4.326941445469856262e-02,2.051764279603958130e-01,-3.719810545444488525e-01,9.399186372756958008e-01,9.083392620086669922e-01,0.000000000000000000e+00,0.000000000000000000e+00,2.012285888195037842e-01,-4.966190084815025330e-02,2.738366648554801941e-02,7.621719241142272949e-01,-8.170602917671203613e-01,0.000000000000000000e+00,0.000000000000000000e+00
3.293252468109130859e+00,-5.317525565624237061e-02,7.703268885612487571e-01,9.944948554039001465e-01,-4.820350185036659241e-02,-5.678767338395118713e-03,9.286638349294662476e-02,-2.911403477191925049e-01,1.221873760223388672e-01,-1.967617496848106384e-02,1.234186291694641113e+00,1.694260239601135254e-01,-1.482904106378555298e-01,-2.522588670253753662e-01,7.369608432054519653e-02,-3.417570590972900391e-01,3.845837712287902832e-01,-1.169507950544357300e-01,-4.875917732715606689e-02,-2.399512007832527161e-02,0.000000000000000000e+00,0.000000000000000000e+00,6.000817939639091492e-02,2.140710949897766113e-01,-3.423356115818023682e-01,9.203870296478271484e-01,8.858690857887268066e-01,0.000000000000000000e+00,0.000000000000000000e+00,1.858094632625579834e-01,-4.762458801269531250e-02,2.776053920388221741e-02,7.710182666778564453e-01,-8.208322525024414062e-01,0.000000000000000000e+00,0.000000000000000000e+00
3.305389881134033203e+00,-5.395944043993949890e-02,7.699889302253722922e-01,9.943151473999023438e-01,-5.286635085940361023e-02,-7.911308668553829193e-03,9.208653122186660767e-02,-3.336736559867858887e-01,1.220655068755149841e-01,-2.545547857880592346e-02,1.242320179939270020e+00,1.036881059408187866e-01,-1.389214843511581421e-01,-2.325955927371978760e-01,8.926255255937576294e-02,-3.435637950897216797e-01,3.874383866786956787e-01,-1.331653147935867310e-01,-5.194763094186782837e-02,-2.031355723738670349e-02,0.000000000000000000e+00,0.000000000000000000e+00,7.992483675479888916e-02,2.153289169073104858e-01,-3.050014376640319824e-01,8.998228907585144043e-01,8.568012714385986328e-01,0.000000000000000000e+00,0.000000000000000000e+00,1.681184023618698120e-01,-4.473871737718582153e-02,2.551217190921306610e-02,7.816897034645080566e-01,-8.259868025779724121e-01,0.000000000000000000e+00,0.000000000000000000e+00
3.317371129989624023e+00,-5.440834537148475647e-02,7.700387001037597434e-01,9.943138360977172852e-01,-5.605480447411537170e-02,-9.875939227640628815e-03,9.000156074762344360e-02,-3.698399364948272705e-01,1.252101212739944458e-01,-2.776498533785343170e-02,1.225085854530334473e+00,3.177848458290100098e-02,-1.299384385347366333e-01,-2.131684869527816772e-01,1.026325747370719910e-01,-3.410120308399200439e-01,3.893531560897827148e-01,-1.483692377805709839e-01,-5.488093942403793335e-02,-1.534454245120286942e-02,0.000000000000000000e+00,0.000000000000000000e+00,1.007933989167213440e-01,2.101783156394958496e-01,-2.663680613040924072e-01,8.799436092376708984e-01,8.249553442001342773e-01,0.000000000000000000e+00,0.000000000000000000e+00,1.482396721839904785e-01,-4.111561924219131470e-02,2.054876834154129028e-02,7.931303381919860840e-01,-8.328168392181396484e-01,0.000000000000000000e+00,0.000000000000000000e+00
3.329107522964477539e+00,-5.454982072114944458e-02,7.704136729240417258e-01,9.945375323295593262e-01,-5.775930359959602356e-02,-1.114704180508852005e-02,8.622498810291290283e-02,-4.012936949729919434e-01,1.296276748180389404e-01,-2.671909146010875702e-02,1.185594201087951660e+00,-3.801966086030006409e-02,-1.179138645529747009e-01,-1.946551352739334106e-01,1.140395402908325195e-01,-3.346015512943267822e-01,3.907355368137359619e-01,-1.625541299581527710e-01,-5.683887749910354614e-02,-8.852907456457614899e-03,0.000000000000000000e+00,0.000000000000000000e+00,1.178602948784828186e-01,2.046747803688049316e-01,-2.306648492813110352e-01,8.609082698822021484e-01,7.948483228683471680e-01,0.000000000000000000e+00,0.000000000000000000e+00,1.325742006301879883e-01,-3.847891464829444885e-02,1.803553476929664612e-02,7.972716689109802246e-01,-8.388144969940185547e-01,0.000000000000000000e+00,0.000000000000000000e+00
3.340541601181030273e+00,-5.441814661026000977e-02,7.710392832756042258e-01,9.948669075965881348e-01,-5.871932953596115112e-02,-1.171940658241510391e-02,8.157560974359512329e-02,-4.277811050415039062e-01,1.343015581369400024e-01,-2.365628443658351898e-02,1.125285625457763672e+00,-9.877884387969970703e-02,-1.061996817588806152e-01,-1.772741824388504028e-01,1.237073242664337158e-01,-3.252336382865905762e-01,3.911393284797668457e-01,-1.754230558872222900e-01,-5.786883085966110229e-02,-1.051488332450389862e-03,0.000000000000000000e+00,0.000000000000000000e+00,1.303726732730865479e-01,1.980181783437728882e-01,-2.036319971084594727e-01,8.451470136642456055e-01,7.725991010665893555e-01,0.000000000000000000e+00,0.000000000000000000e+00,1.212614923715591431e-01,-3.709226101636886597e-02,2.199568785727024078e-02,7.929074764251708984e-01,-8.421369194984436035e-01,0.000000000000000000e+00,0.000000000000000000e+00
3.351655960083007812e+00,-5.407244712114334106e-02,7.719056367874145286e-01,9.952819943428039551e-01,-5.898376926779747009e-02,-1.156629156321287155e-02,7.616356015205383301e-02,-4.490593075752258301e-01,1.367976963520050049e-01,-2.034963667392730713e-02,1.045839548110961914e+00,-1.400877535343170166e-01,-8.959509432315826416e-02,-1.600772142410278320e-01,1.319021880626678467e-01,-3.134444952011108398e-01,3.880757391452789307e-01,-1.856778711080551147e-01,-5.807798355817794800e-02,7.802139036357402802e-03,0.000000000000000000e+00,0.000000000000000000e+00,1.398254334926605225e-01,1.922924816608428955e-01,-1.875146180391311646e-01,8.333176374435424805e-01,7.604124546051025391e-01,0.000000000000000000e+00,0.000000000000000000e+00,1.122574508190155029e-01,-3.833668678998947144e-02,3.142592683434486389e-02,7.831168770790100098e-01,-8.433564305305480957e-01,0.000000000000000000e+00,0.000000000000000000e+00
3.362451314926147461e+00,-5.357990041375160217e-02,7.729444265365600364e-01,9.957684874534606934e-01,-5.853788927197456360e-02,-1.061519701033830643e-02,7.004099339246749878e-02,-4.640707075595855713e-01,1.331994831562042236e-01,-2.059373445808887482e-02,9.482521414756774902e-01,-1.597173064947128296e-01,-6.411216408014297485e-02,-1.421621143817901611e-01,1.389066576957702637e-01,-2.994147241115570068e-01,3.792903721332550049e-01,-1.919888257980346680e-01,-5.749740451574325562e-02,1.741159334778785706e-02,0.000000000000000000e+00,0.000000000000000000e+00,1.474877446889877319e-01,1.897714138031005859e-01,-1.809367388486862183e-01,8.249829411506652832e-01,7.571257352828979492e-01,0.000000000000000000e+00,0.000000000000000000e+00,1.042865589261054993e-01,-4.313866049051284790e-02,4.368848726153373718e-02,7.711147069931030273e-01,-8.437788486480712891e-01,0.000000000000000000e+00,0.000000000000000000e+00
3.372944116592407227e+00,-5.299504101276397705e-02,7.739502549171447532e-01,9.963294863700866699e-01,-5.724330991506576538e-02,-8.704205974936485291e-03,6.304761022329330444e-02,-4.707337915897369385e-01,1.201449632644653320e-01,-3.087992779910564423e-02,8.330128788948059082e-01,-1.691399216651916504e-01,-4.122207686305046082e-02,-1.236901655793190002e-01,1.448831409215927124e-01,-2.832221090793609619e-01,3.650535345077514648e-01,-1.941509991884231567e-01,-5.624431371688842773e-02,2.733034454286098480e-02,0.000000000000000000e+00,0.000000000000000000e+00,1.532945185899734497e-01,1.877568513154983521e-01,-1.808165758848190308e-01,8.204257488250732422e-01,7.605797052383422852e-01,0.000000000000000000e+00,0.000000000000000000e+00,9.753031283617019653e-02,-5.004273727536201477e-02,5.839181318879127502e-02,7.579686641693115234e-01,-8.434341549873352051e-01,0.000000000000000000e+00,0.000000000000000000e+00
3.383211135864257812e+00,-5.237120389938354492e-02,7.748741269111633079e-01,9.969162344932556152e-01,-5.532305687665939331e-02,-6.609965581446886063e-03,5.526071414351463318e-02,-4.708853960037231445e-01,9.794887155294418335e-02,-5.631615594029426575e-02,7.075619101524353027e-01,-1.599170267581939697e-01,-3.795894235372543335e-02,-1.041514575481414795e-01,1.496280878782272339e-01,-2.648067772388458252e-01,3.462918996810913086e-01,-1.925182342529296875e-01,-5.454145371913909912e-02,3.710524365305900574e-02,0.000000000000000000e+00,0.000000000000000000e+00,1.582581847906112671e-01,1.846051514148712158e-01,-1.831744611263275146e-01,8.189786076545715332e-01,7.671541571617126465e-01,0.000000000000000000e+00,0.000000000000000000e+00,9.156984835863113403e-02,-5.806441232562065125e-02,7.411244511604309082e-02,7.453697323799133301e-01,-8.421899676322937012e-01,0.000000000000000000e+00,0.000000000000000000e+00
3.393296003341674805e+00,-5.170054733753204346e-02,7.758704781532287376e-01,9.974910020828247070e-01,-5.313467979431152344e-02,-4.672155715525150299e-03,4.654626548290252686e-02,-4.650657474994659424e-01,6.347324699163436890e-02,-1.100846305489540100e-01,5.851140022277832031e-01,-1.163191646337509155e-01,-4.573198035359382629e-02,-8.410739898681640625e-02,1.534271836280822754e-01,-2.439431846141815186e-01,3.267652094364166260e-01,-1.889352798461914062e-01,-5.258585885167121887e-02,4.701132327318191528e-02,0.000000000000000000e+00,0.000000000000000000e+00,1.633851081132888794e-01,1.800747662782669067e-01,-1.851322352886199951e-01,8.197352290153503418e-01,7.740552425384521484e-01,0.000000000000000000e+00,0.000000000000000000e+00,8.605426549911499023e-02,-6.584084779024124146e-02,8.958028256893157959e-02,7.349522113800048828e-01,-8.399626016616821289e-01,0.000000000000000000e+00,0.000000000000000000e+00
3.403347969055175781e+00,-5.096688121557235718e-02,7.764093041419982688e-01,9.980129599571228027e-01,-5.110672488808631897e-02,-3.283924190327525139e-03,3.670769929885864258e-02,-4.530948102474212646e-01,2.174551226198673248e-02,-1.896547675132751465e-01,4.823436737060546875e-01,-3.656733408570289612e-02,-5.220007151365280151e-02,-6.513564288616180420e-02,1.573062539100646973e-01,-2.217111885547637939e-01,3.124577999114990234e-01,-1.865904033184051514e-01,-5.050909146666526794e-02,5.670402944087982178e-02,0.000000000000000000e+00,0.000000000000000000e+00,1.691968441009521484e-01,1.751495748758316040e-01,-1.855652332305908203e-01,8.219907283782958984e-01,7.801211476325988770e-01,0.000000000000000000e+00,0.000000000000000000e+00,8.093079179525375366e-02,-7.166196405887603760e-02,1.039094477891921997e-01,7.279210090637207031e-01,-8.369843363761901855e-01,0.000000000000000000e+00,0.000000000000000000e+00
3.413485288619995117e+00,-5.013408511877059937e-02,7.755313277244567649e-01,9.983334541320800781e-01,-5.084373056888580322e-02,-3.335017710924148560e-03,2.709345333278179169e-02,-4.375466108322143555e-01,-7.114288397133350372e-03,-2.588900327682495117e-01,4.173993468284606934e-01,4.885728657245635986e-02,-6.305066496133804321e-02,-4.859885200858116150e-02,1.622350364923477173e-01,-2.009807527065277100e-01,3.082185089588165283e-01,-1.882440000772476196e-01,-4.824610054492950439e-02,6.423890590667724609e-02,0.000000000000000000e+00,0.000000000000000000e+00,1.755850166082382202e-01,1.711801439523696899e-01,-1.849766075611114502e-01,8.254508972167968750e-01,7.856152057647705078e-01,0.000000000000000000e+00,0.000000000000000000e+00,7.631523907184600830e-02,-7.435840368270874023e-02,1.162537708878517151e-01,7.248462438583374023e-01,-8.339157700538635254e-01,0.000000000000000000e+00,0.000000000000000000e+00
3.422817707061767578e+00,-4.888989031314849854e-02,7.757269501686095969e-01,9.985167980194091797e-01,-5.119140446186065674e-02,-4.199881106615066528e-03,1.805642247200012207e-02,-4.255219399929046631e-01,-1.765473932027816772e-02,-2.913323640823364258e-01,4.059935212135314941e-01,8.169968426227569580e-02,-6.025939062237739563e-02,-3.402073681354522705e-02,1.666954457759857178e-01,-1.823841631412506104e-01,3.115274906158447266e-01,-1.919758021831512451e-01,-4.501231387257575989e-02,6.878383457660675049e-02,0.000000000000000000e+00,0.000000000000000000e+00,1.815728843212127686e-01,1.673158109188079834e-01,-1.847617477178573608e-01,8.303548097610473633e-01,7.912453413009643555e-01,0.000000000000000000e+00,0.000000000000000000e+00,7.223705202341079712e-02,-7.471430301666259766e-02,1.256777346134185791e-01,7.252621650695800781e-01,-8.312956094741821289e-01,0.000000000000000000e+00,0.000000000000000000e+00
3.431771039962768555e+00,-4.746116697788238525e-02,7.767874956130981223e-01,9.986053109169006348e-01,-5.172260105609893799e-02,-5.425940733402967453e-03,9.096412919461727142e-03,-4.158722162246704102e-01,-1.445784233510494232e-02,-2.903061509132385254e-01,4.230747520923614502e-01,6.493887305259704590e-02,-4.786821082234382629e-02,-2.068300731480121613e-02,1.699883043766021729e-01,-1.646143943071365356e-01,3.176825344562530518e-01,-1.943927109241485596e-01,-3.878549486398696899e-02,7.112392038106918335e-02,0.000000000000000000e+00,0.000000000000000000e+00,1.865689307451248169e-01,1.628277003765106201e-01,-1.852810680866241455e-01,8.368129134178161621e-01,7.974040508270263672e-01,0.000000000000000000e+00,0.000000000000000000e+00,6.848792731761932373e-02,-7.324867695569992065e-02,1.318209916353225708e-01,7.288556098937988281e-01,-8.291958570480346680e-01,0.000000000000000000e+00,0.000000000000000000e+00
3.441096782684326172e+00,-4.620685055851936340e-02,7.783029437065124290e-01,9.986275434494018555e-01,-5.196679383516311646e-02,-6.502375472337007523e-03,-4.104574327357113361e-04,-4.024510979652404785e-01,-5.023797973990440369e-03,-2.733588814735412598e-01,4.325516521930694580e-01,4.080954939126968384e-02,-3.933165967464447021e-02,-7.504151202738285065e-03,1.719247251749038696e-01,-1.459118872880935669e-01,3.225385546684265137e-01,-1.919430494308471680e-01,-2.863919921219348907e-02,7.243964821100234985e-02,0.000000000000000000e+00,0.000000000000000000e+00,1.904688775539398193e-01,1.570166796445846558e-01,-1.859605163335800171e-01,8.447302579879760742e-01,8.037644624710083008e-01,0.000000000000000000e+00,0.000000000000000000e+00,6.486407667398452759e-02,-7.036750018596649170e-02,1.346653699874877930e-01,7.355553507804870605e-01,-8.272734880447387695e-01,0.000000000000000000e+00,0.000000000000000000e+00
